0
10166
12253
10177
5446
10191
20071
12421
945
10183
10165
10202
10178
12353
10182
12078
14569
10517
12364
12339
12294
20044
12159
1228
12303
12327
1551
1239
20024
12543
20054
20043
12130
5455
12985
5493
20037
12453
5449
14926
3791
10176
12528
20048
10162
12408
19102
12075
12953
12684
5245
12686
18136
12983
19934
12282
5504
12391
12363
12076
9206
12926
6383
12521
3740
1421
12133
8497
12754
5302
5291
12449
20039
10199
10175
12753
1604
5495
13024
9530
19978
12942
10249
10540
12991
12921
12566
3792
20075
12813
13041
12134
10189
19987
12293
8513
3457
1241
12982
19918
12138
3726
12979
12277
12918
3384
3511
12535
12175
10179
12434
12342
14721
5479
19954
13038
6643
12148
19917
11017
12169
3841
14457
14471
9032
12274
4780
19238
12812
12122
12332
12207
3544
12368
12415
5448
12721
12258
12492
2300
9787
12302
19977
10167
5140
10228
12788
10192
12514
20042
10525
12461
12944
1587
5468
12273
20072
1548
2295
18123
5747
14460
13026
10232
12180
4450
12082
5297
12954
20017
5450
1586
5496
3429
5491
12358
3328
12455
14751
5255
12199
12919
1595
2222
12256
1596
9533
12319
9057
20051
12335
3648
14607
12751
10497
12369
12939
12272
3522
5834
4994
14642
12549
8892
12210
10204
12424
13957
10038
12507
12211
3547
12681
19972
12179
9909
3984
12064
20077
12527
12227
1556
12230
20090
12326
2406
10786
8895
1578
12385
12803
6428
14456
12375
1571
1242
1552
5042
12144
10513
1579
5246
13105
12226
1223
5478
12531
10174
12152
12129
4082
9124
12071
12743
12166
12325
3670
20076
5482
12251
3513
14391
1541
10219
5416
3937
12236
12403
12158
19984
12433
1569
5462
20091
12214
13276
10190
4760
7229
14790
20016
11141
3756
12344
2058
9383
12309
4958
8571
12380
14008
2801
7486
10194
19961
19776
4511
12752
12437
12147
5499
10158
4174
12352
20029
14229
13198
11008
12370
12505
10197
5486
12811
1231
6438
14166
14956
8274
12382
12993
1536
19973
7007
14985
2433
12951
12281
1527
12704
12308
19946
1588
12374
3919
10787
14619
12804
14173
12077
12260
3757
12394
10851
13008
12874
3686
12233
14408
1234
19971
3253
13698
8428
14410
19915
8572
2072
14695
12170
19998
2827
2517
14876
12167
3761
12155
7629
1565
10242
8258
18133
12182
20082
19639
2337
1550
12313
9159
13743
8594
5497
2212
7117
12136
8804
2293
12976
3785
15005
12234
10196
12412
12301
7267
12306
5424
12512
12971
12390
13000
1557
12137
9000
12726
8603
12897
7113
8612
20040
1443
12417
4705
10198
9447
9675
10710
8381
9172
12300
18825
1564
19955
12550
2133
1845
12141
1625
12750
12770
19237
10207
1253
14964
12213
12980
4469
9014
4134
5169
12197
10727
12388
12896
7413
4786
8883
2864
12176
2082
19991
17144
12862
12402
4001
13102
8505
9147
13613
10239
18201
12243
10181
12351
12165
10216
4906
19937
4741
12409
10164
14659
1582
19962
10475
14899
13006
5465
12168
3693
8970
12426
12562
10200
1216
14630
2289
12987
3943
1245
13071
14647
9834
6930
19046
12685
6790
8611
10495
5474
3917
14367
6676
10205
12508
12151
12135
5596
20045
18835
5466
14714
2327
2408
10666
1236
9366
12162
4081
10498
19931
12802
10490
7318
12321
4900
12139
19560
12311
20028
12290
8265
10494
12545
12178
12171
3551
19483
19157
12428
20079
20001
2868
20095
19274
10524
12183
1545
19433
10852
12209
12206
12143
12717
176
19943
9928
4162
2288
20080
4148
14911
10849
2282
1562
12378
8039
11033
4204
19976
19565
20000
20060
19272
3378
13713
13971
12797
18642
7259
4632
5485
5336
4685
14595
1235
12810
7880
9489
3927
10180
5454
10188
13085
3111
9284
9141
19268
6800
12989
12691
12855
12705
9526
8249
3956
9871
3347
19970
8586
12124
12767
19963
19113
10780
12504
12509
9343
483
12722
8380
10098
12280
5295
12715
2165
19926
5067
10726
10563
10206
19935
14897
12255
6882
10250
19920
19669
5484
12288
20035
813
3456
10724
12494
3381
12432
4493
10307
2350
12286
13988
12164
2372
12458
20018
6717
4732
14610
12257
886
8606
3759
8916
6334
5210
16024
8900
4028
12845
8398
12567
1554
18357
12345
4805
12792
20038
5451
8866
14386
12711
7485
12203
12392
14393
7960
9548
5821
14904
9023
10171
12977
4592
19233
5337
20063
9038
4803
7715
14989
12354
12807
20074
1549
5463
13007
90
18216
3250
3950
14009
7552
14658
12495
12936
6737
3647
9560
3366
10087
12407
19982
12249
14252
9414
12796
4477
12389
8330
5117
306
13031
8608
9727
10362
12973
14604
9295
5592
9368
3233
4921
5035
14928
8640
19277
5498
3658
20036
8559
7496
19990
19008
3845
12801
8049
4975
5456
14231
8248
19802
13133
12785
12340
14704
7833
14565
8150
4678
12742
20089
12972
20065
12355
14326
2279
2164
5250
19919
9321
14418
14743
9460
14212
14566
14347
2375
14458
4963
5452
3620
5616
4164
4681
9487
9332
5488
12699
10522
13671
7432
14224
20066
4136
8903
18250
12320
20062
19956
9208
6804
3426
13158
3330
1207
10607
6539
12837
19949
9246
12497
8616
12190
19289
19974
8270
18404
2102
12232
617
5472
4761
12231
4139
14644
12857
5421
9608
5189
4844
18113
5809
3380
12365
1583
10163
12387
20020
10220
1553
1247
1544
9033
1078
3742
12457
714
5391
12204
16056
15763
19994
7747
13813
3231
5288
1539
3467
12808
13035
10215
18610
648
14411
12998
2031
3377
6284
6841
12700
10785
10523
19049
14818
8205
12923
9327
16966
4617
19951
4392
4594
1246
707
8886
10515
12191
13664
5353
5407
12142
12220
12498
2519
1857
20023
13994
9532
8042
8958
11704
10419
3758
12444
4712
5492
20069
7310
764
4852
763
10660
1580
12295
5251
12815
3672
3635
8266
1589
5352
12789
9517
14750
2855
14054
12157
12959
8864
19086
12901
5581
4933
12161
9801
3974
3811
12250
9136
4476
1479
12084
8546
4596
10720
1560
10203
12181
12219
4177
3868
12125
10844
1224
10508
12268
5219
2387
3668
3182
8392
15250
12289
4380
13039
4745
13967
9340
14638
3789
5505
18608
4278
6549
12860
3256
10414
7581
12519
2213
14338
5303
8386
8260
20021
2396
12718
12404
3850
5193
1434
3718
12359
13070
3351
9439
4604
5803
2057
8621
12727
9302
4076
12565
19048
14122
12357
12298
19674
10512
14384
1485
5248
10172
5461
14055
14637
16039
4478
8560
1678
14136
8453
12246
12140
4084
14609
9061
2112
6381
12297
8577
5797
3093
14389
14053
12990
3832
19958
19386
2241
7913
9199
18423
1727
8298
14132
14261
4171
12564
10470
4819
3656
3944
3821
12447
14850
12341
5475
4792
908
9617
14336
12539
18751
4647
12809
6084
3218
314
7355
9450
4734
13870
9812
4085
13197
19796
14696
14615
14670
5816
19220
5128
2391
19742
8904
20070
1561
12270
7122
2243
12438
12123
19883
6353
8548
9452
12242
8609
1495
5374
12536
11045
12707
19236
193
4237
8326
19168
5032
14277
4233
4208
3847
219
3021
5164
1209
11043
19936
8029
9316
14649
5542
1547
10613
4075
12889
13010
14825
6745
5606
12223
19347
12247
10168
13003
15798
2362
14634
9596
3679
2926
19493
14551
18129
12992
12186
8393
12547
20004
3936
11046
7871
3621
3793
9527
9621
4272
7672
12371
10824
14652
1208
12081
12849
5003
12790
4853
19682
15401
12761
13030
12229
19997
13185
12935
8641
14965
19275
9160
4067
3706
6342
14674
14990
3032
19696
12678
12522
13872
2296
12436
19503
5109
1701
9317
4160
4161
14203
7393
377
18521
11687
10549
13066
6512
14204
5064
12192
1627
14329
7940
3981
8397
5056
5464
4088
12121
4109
4466
549
10125
9624
11873
5615
12502
14991
7010
20064
1768
19922
11549
14889
13080
5713
8605
14177
5582
12446
10586
18936
2969
18574
12200
4131
2453
4693
4701
6890
8394
14180
1846
12440
12110
14555
16407
10520
13146
13055
18210
4588
10521
4485
11015
8452
3881
12396
2722
14169
3696
14980
12239
9016
3659
10518
3413
18704
3788
3401
4199
8388
14633
3699
1215
4481
806
2703
4283
8538
4135
4740
18909
9040
6278
2750
12997
5520
12762
12506
15090
10788
9666
10611
12208
5155
3772
9289
7611
19670
4474
10601
15304
2281
4656
3951
12760
13152
9766
10663
6992
12225
5419
13758
2635
8121
8483
3748
828
19981
10170
9458
10493
14144
8427
4499
9281
1145
5116
13443
12731
8622
8947
19632
14253
10224
3265
943
12238
3741
11279
13471
1546
2583
20033
15096
14080
975
18444
3814
20002
12563
7826
14650
5119
3641
14902
13992
4506
3623
7969
14983
10496
12537
1605
15773
12413
4646
14949
19558
10918
13013
15313
6379
19549
3391
7524
9152
2435
20094
8591
9140
13388
4125
10916
10111
801
1811
12452
3447
4244
10694
13205
1210
1096
12459
12189
2
9171
1910
9010
2512
7688
8910
13044
12245
8067
4043
10184
12688
20093
18897
12766
3704
19986
5620
8272
1581
6451
1081
13737
3713
6272
4017
9547
1920
7942
8547
9728
12362
14220
4089
8575
12674
11686
14205
12240
5481
5235
9984
18478
19933
2598
11435
15541
6848
4054
9756
10187
18875
8482
2448
13991
8853
3763
9878
12350
1566
20010
18731
8683
12395
9303
3452
15748
2297
9009
14160
553
19921
9126
9793
6565
5902
10106
19989
15855
15073
1568
345
12418
10802
11021
4066
13012
942
3877
2808
18624
4602
13062
86
13014
6442
1213
12398
2105
10592
5418
1083
8935
4878
5822
3745
13570
9394
9333
72
19928
18939
12499
12471
13069
12194
14388
3986
5048
2110
4137
19980
14639
4531
4857
19836
4113
3990
12821
12254
19944
4123
7811
5575
13429
5480
7385
8395
9828
13977
12491
8863
7730
13060
18327
12601
2417
9132
7305
3476
7281
13027
5792
14321
12569
14280
6954
1585
9440
1744
12188
8396
13180
10580
1016
7903
12336
7116
20047
12823
15559
19985
8247
946
12264
8630
7438
7885
5138
13113
12525
10244
12279
10398
11737
14664
2095
5527
19110
3939
13104
554
9185
709
18689
19831
19188
5301
19964
6952
14698
4754
3810
8830
336
7679
8561
12781
4433
9691
1542
2291
5487
17752
14660
12445
10588
4715
5084
4601
1916
6678
3274
12292
10709
5061
9752
5859
20057
13979
12708
12080
10782
7161
4500
12224
4818
18551
3122
5460
5477
4746
5779
8648
14824
6032
2305
5529
6283
6878
1809
7933
9782
10882
11022
3091
17944
9363
9157
5118
12830
1951
10799
1573
14959
2290
490
13642
4152
9531
5458
4267
12072
3753
9565
10501
12962
3298
10229
4684
2557
1135
9097
19540
3029
19370
9362
3425
12913
10073
3684
4538
3750
3876
6458
10136
3075
19273
18336
12237
12212
3685
15027
13101
7614
5795
3869
12526
12496
14936
459
5503
489
3441
15076
430
2381
3492
3646
4234
5501
369
12738
12723
9266
8286
18158
7936
20046
9445
4497
10421
12442
4340
9603
12361
2754
2845
4445
12330
13184
8896
18814
8882
5293
3022
5174
2269
10186
13029
8026
8872
3006
11555
5113
794
13284
4659
2217
19821
4047
6265
12786
13166
3475
8869
8969
18627
14945
8846
12725
3867
6529
8602
12956
2378
10557
5171
18960
10750
5343
12475
12859
4215
3922
2777
4626
9618
12324
13655
1218
1575
1799
1012
4527
9177
12423
4073
8911
8351
19701
14739
6541
14981
4998
14233
9004
12886
3030
3666
19967
12248
19642
13202
9927
2292
4038
8450
12265
14568
2129
13186
4920
7776
5476
1185
7019
12500
7610
10562
4782
8240
10472
5471
3853
1268
19968
2405
4539
5184
8384
12978
12843
2286
13454
9213
10745
19254
14613
14722
2700
10141
8344
3497
8944
20059
13837
14413
608
3653
9700
8405
12712
14172
18168
10584
4398
19269
14255
12337
7699
12174
4192
12937
14003
5065
8986
5729
10506
13865
3320
10091
14974
20034
13343
4438
9599
4144
7343
5507
19910
6653
4804
9003
2402
13396
19076
18578
3629
3873
5743
16979
5166
9070
4057
12922
19436
20011
2128
4927
3979
9184
1908
1134
13989
8899
12693
14354
8829
8924
5483
8090
4980
3289
13958
11019
12676
12291
3573
4426
3822
19668
12817
2764
12296
14334
12729
4631
7992
14549
3275
14176
3358
9886
3439
10542
13669
3863
4344
792
19548
10775
12758
9382
6916
12373
11048
13757
9785
4558
1192
12787
3553
604
8587
12546
2917
9544
7236
12275
3762
10561
2003
8690
6812
10554
13043
3953
1704
19651
14905
17731
8843
12915
19840
4946
8359
18799
19939
5438
688
10730
10718
19911
5264
9910
18145
5126
18658
2582
1733
7109
8544
12400
3158
8094
6290
2250
19966
12818
4960
12515
1577
12222
8321
13381
4812
1529
13751
8045
5296
6047
7918
3421
14888
14978
1264
6721
12517
5802
1191
4281
5523
14993
7191
7597
13764
19672
149
8709
18373
4470
10107
10770
12405
8387
5078
5514
3277
4783
4937
14249
3955
675
19995
14672
5214
19400
3607
10209
13496
10418
6931
4059
3470
4072
12411
10477
7423
476
5299
14157
4868
3509
10312
4727
14044
4053
3379
5801
13099
4796
4896
4501
12692
5508
1691
10308
5366
7818
6511
1047
16021
6551
3928
3880
5143
3697
10195
3677
4153
1603
7215
3654
5304
3886
12902
4810
4697
12386
14138
1278
13370
1153
4105
16044
3998
18331
10100
12429
6550
7266
19655
9632
18802
14247
4209
15126
18985
4145
9397
2730
10765
3239
20050
1854
18209
1031
5384
3860
1921
14896
14969
12763
3540
4141
19945
3688
17402
8224
9647
1769
9412
10335
13452
9887
9045
1146
10342
2390
9661
12334
5240
10723
3716
5096
12533
4363
12156
11304
10276
19676
4932
17722
2970
10903
19384
10626
6671
10606
1214
15152
1441
9535
10151
5751
2248
6822
11726
1194
2352
5242
3708
19761
10846
12914
4762
9287
2238
15485
14145
6859
2718
1184
2416
20092
14886
9031
11125
19399
3883
18355
3675
8504
12456
859
14557
19408
10149
482
10712
3527
1884
783
12252
14424
19028
12745
10546
23
15043
5074
12530
363
9078
19136
5180
14219
11810
18758
19371
5085
6900
12994
20009
1538
9102
7830
6999
2742
5397
10553
524
14982
1375
19825
12568
4487
1085
13985
13009
4578
9355
7447
14265
15271
18807
15287
4965
19261
14882
4142
12776
12376
3901
13016
14175
11735
12269
12149
9039
4877
13812
9297
9015
8600
7148
4498
5068
2709
2347
12305
3285
940
5530
9337
2046
5675
2875
6136
1021
2316
19067
3691
4620
10716
19378
6569
9307
6482
8366
5122
5798
19772
14773
10679
19790
5609
1543
9342
5517
5005
5077
3245
14755
18669
4351
15664
11655
188
19833
9125
12430
13525
4990
19770
4207
10478
2542
4083
4976
2422
9320
13487
13201
12312
4417
17369
1735
5259
14349
14744
15923
13136
5135
18558
12454
5393
9502
10705
7841
3304
8343
7905
14353
11951
7886
6065
2214
40
4940
1267
6670
14377
5165
12399
19242
1446
4872
3645
4449
7931
14415
6974
10169
4118
5577
2979
2999
5236
5088
19930
9041
3909
3975
2356
1675
15637
4396
19913
8035
5094
12724
12372
14805
3502
4391
3432
6391
9410
6240
1641
1232
7655
3235
8627
5185
8905
12328
600
4809
8016
12085
14315
3596
5040
10604
836
13195
10555
4345
19993
9062
5006
4117
12892
10317
1432
9338
1886
5112
18923
887
4846
5563
12333
3325
1009
14715
19350
14316
5089
3794
13109
5190
14134
3196
17656
4019
9092
10664
3428
16079
4897
5265
9529
18103
10118
3993
3086
6526
5807
8176
14267
3882
3819
9241
14208
3491
4795
3068
616
12150
8651
4649
1404
5130
3431
5092
9421
14011
8250
18962
14799
3637
15676
11401
17090
19879
3640
8973
19889
5516
19556
11122
2299
8385
10479
4428
9075
12806
12202
15053
2822
3004
10921
5439
3309
478
6055
11016
8269
9089
18855
10201
6928
7975
1730
9729
19104
9178
3419
19927
3996
10159
20073
3252
12160
408
3118
372
10529
359
8901
13367
6038
9802
6464
18942
7286
4388
10762
17779
19387
9344
4571
2544
3248
6636
609
9936
4224
9826
15386
4214
19126
1447
4094
4471
5415
8246
6434
8299
13402
10011
3764
9784
19691
14700
2278
19513
18629
1534
9598
6652
14891
7987
2793
10510
2908
5750
9448
341
10836
12947
9511
20005
14694
19941
5489
18672
9299
4227
2744
4429
18976
7080
4515
8750
6977
13873
12173
4645
7146
2318
170
11012
13247
13252
748
28
10988
9561
9937
3236
10384
14661
4519
7809
6373
5647
9028
8288
2499
12346
10585
4883
10246
10701
12534
7928
12104
9981
11007
15032
14562
4552
17346
13280
19372
9837
3895
8276
3676
5820
12805
3837
3286
3897
10468
7819
3484
6090
3392
1723
14836
3721
12425
14838
7532
14363
13433
9563
2701
4046
15248
4223
2541
19119
13270
13786
13093
5556
5137
14165
6616
18854
8890
5073
12318
15838
3230
2247
11014
5500
18495
2737
3361
11684
14828
1229
12783
14687
12221
15483
2039
8891
11445
12218
6624
807
4713
6100
12883
8604
12814
4837
14941
148
5554
19340
14340
2377
10850
14533
19409
12172
14343
10923
1875
9370
18454
4993
4330
3211
12694
9444
4528
5364
3370
12618
6205
8937
12917
13269
13374
3665
8860
2653
2224
16047
19940
18705
18317
7330
7225
12366
8917
4973
2006
3626
4618
12518
14987
19423
643
14246
3870
2407
15878
1889
3116
1905
11023
12299
8925
1907
13114
8945
4354
9786
2960
12520
19952
4036
800
2819
14214
4115
9415
5001
1677
8514
18540
4168
5079
12841
9716
14383
12734
3894
1243
7201
6249
1614
8498
5469
12747
8468
5121
9083
14597
5379
20068
9364
14198
2725
12890
12422
5502
9776
14360
4403
13110
11226
4194
8191
5050
12317
6910
13096
10222
4757
14162
12730
9373
12847
3698
5583
3338
7247
15363
3787
11191
7553
20015
5055
1646
14671
6402
3714
19154
10238
1240
8865
3680
15359
14822
7152
12120
10217
6779
14259
13028
12999
5648
9528
5402
14398
2294
4842
6403
255
10416
10153
3817
4720
5786
13659
20026
12435
3782
4434
10763
6499
4249
5725
9750
13455
5445
12185
13050
8985
10516
13748
12689
18668
519
13048
9175
5509
18934
8576
12126
3045
19596
14156
5127
2351
1277
12271
11557
19792
12584
3241
12706
1317
13488
14977
6570
14150
15249
19979
7087
13194
18400
5443
4526
4092
4219
7876
12022
18484
9021
3942
6439
18743
443
3760
19451
8341
12379
12193
15290
10773
3254
5800
5013
3079
433
12285
8382
2047
12244
4854
8961
3534
7326
9168
10714
14129
6233
5473
12284
11812
1486
3784
20078
1476
6050
9314
199
5704
19245
13015
1442
4377
4442
12488
907
12988
18485
8593
1785
20012
5467
12720
12493
11975
7261
3159
12679
5300
4189
12916
12986
3807
8570
692
19295
742
10088
8762
8234
5697
562
12083
13946
13072
12068
2272
1512
5917
3276
1217
10731
14628
3372
14021
2579
4155
8340
7721
5531
5753
18525
3687
7071
12649
13089
10684
14333
6772
3830
218
14900
16569
5761
179
10758
5030
12774
4862
3947
5444
18517
8870
18231
3514
3521
12586
4039
207
1116
2849
19320
13289
19907
3324
11197
6078
11801
18713
9069
4694
19705
9642
10089
2194
18227
13733
7124
6864
7392
19584
300
2761
10570
5601
521
12578
1026
4735
4709
12719
13051
9205
4246
5168
10120
12884
14925
18956
7948
13599
12316
4435
14186
6366
711
5548
18596
980
14167
3952
3458
14239
6768
14331
169
2211
7163
2958
19279
10102
3387
6293
2650
3835
14147
12419
5738
15309
12772
13032
171
4664
14141
20003
4061
13273
12893
15967
12556
8588
9753
10527
7645
480
14462
1280
7907
10060
13156
7518
13243
18890
9516
5034
4609
13972
2304
7607
10810
5744
15959
19059
19216
8083
1574
2348
10213
20056
4619
19052
10243
3282
7335
19090
1601
14745
1127
13451
11883
13111
8636
4597
5095
13285
13950
19645
12561
1084
2537
15151
19815
5195
712
2810
20007
2768
2404
18744
3326
15663
2907
5081
17916
6998
10808
9158
11892
14463
13714
19377
8267
15720
15093
3376
2708
1590
8487
15856
13465
3385
2359
13272
1717
9334
12995
4252
18378
6642
12920
9053
13325
624
5681
2265
12541
7237
3454
12698
4200
4095
4213
4733
8557
12479
19420
3436
2388
4079
1037
12709
3617
2660
4021
2178
12460
1828
10635
3625
10255
3206
10672
13951
1631
3828
18109
13644
15833
11546
10621
4971
2912
10531
2154
4789
12108
5062
6651
9682
13783
8938
19694
19293
14594
13597
14812
13726
14892
1316
10545
16064
14788
12153
12768
8623
14732
3642
10779
4488
4722
13334
808
12501
19302
8237
20088
7583
13512
9305
3255
18376
19197
5724
18739
14269
10115
2077
5564
14530
20058
3875
14206
10803
13245
18252
5494
1225
8894
366
16623
8877
3660
9392
9288
18410
14623
14754
12103
5506
19992
18262
7366
12617
13100
5151
6247
506
5734
11991
20022
1955
10353
8172
18806
4851
454
7900
5919
14669
12278
14432
2267
15677
5254
1422
672
1633
12304
6382
10837
12450
15802
13966
4270
2466
16168
13864
3300
5260
5200
5036
10670
2315
19177
7684
2277
17235
479
10920
12981
14130
3371
4376
3390
7852
6824
6923
19445
11026
5049
12551
18148
3130
10548
12749
5090
12523
10044
939
19914
3983
4532
9446
2707
4086
2956
2645
14052
19740
9788
14312
12128
682
18367
8613
12553
8845
8654
8294
1707
8174
4132
13695
2369
6253
6780
9536
14995
11480
4258
3234
20031
495
7462
2242
129
19417
106
7395
10721
7750
9543
18184
14274
2857
10526
18405
14878
587
20096
3474
13317
6243
7115
17408
15002
2221
3455
13442
3345
5699
9042
6543
5207
12964
5257
18695
13727
5243
18458
3520
7222
3728
4595
10452
2380
19868
1765
19492
3649
5457
9622
3921
799
18498
12215
5898
12228
4217
10789
12835
5351
9064
11722
5247
15017
9390
19948
3292
509
3920
5231
6149
242
18151
9695
14730
19147
12217
12974
4630
4120
4675
18562
3262
3445
12799
10070
126
13922
6847
3667
18311
13583
6189
15685
6494
1435
10892
2268
6048
10514
11311
8629
15504
5829
5266
10306
2284
7631
11189
2343
1952
10085
2022
9144
294
14929
13135
18656
1824
10225
12822
6109
10722
2841
3661
19479
12575
7564
340
4925
9082
9455
8592
1249
8488
17608
12755
4542
9989
13083
10761
1962
13300
13002
10890
4156
4482
9212
4179
4808
13803
10240
4813
4130
14809
8096
7729
6945
19446
11909
2800
14620
12115
15849
8489
5205
5815
15672
4566
18859
9831
13718
15830
18106
3267
1220
14254
8556
3017
15007
13853
11029
1852
11041
19427
17367
1956
6960
5459
3482
12383
14860
14918
13759
7202
12585
9648
14376
1911
5521
9227
4991
14685
4508
5386
18135
18547
3600
9503
4739
13021
3945
15675
14452
2240
8059
4106
5133
3615
5447
9272
13935
19343
3181
18952
9331
2971
18117
9118
2976
14951
6771
12996
3323
5389
7855
14699
3473
4702
11800
17649
19294
19867
2867
7258
5754
4310
14194
8712
5033
12184
5781
557
4154
5470
5585
14538
2601
2925
3818
10809
1786
8271
12443
2957
7291
12963
9983
10309
9615
13344
12652
17978
14665
8038
2665
1114
14191
9612
13408
12746
6865
14599
12490
9324
18329
19054
10676
4355
4950
6949
2547
12912
5360
4166
14218
7861
1496
7398
19308
1423
3012
7646
8922
8881
5043
7240
14042
6518
13854
3125
2832
14713
9148
13680
19404
7615
17094
5553
5810
2254
19586
9006
12669
10420
8820
6818
1629
2398
8333
5029
18638
1784
4557
12875
1102
3490
5714
7045
10541
14821
16590
4802
2232
3306
4874
1198
9737
737
8658
13609
15501
5611
12524
14187
2804
12603
14950
4409
12314
5252
13340
18461
8915
7463
382
5217
3652
4866
6794
4102
7854
9537
1285
12930
12833
5175
11271
14656
18917
4651
4598
289
11588
2880
3226
392
6672
18299
7702
14128
14355
4608
5408
4917
19681
7848
739
9294
290
4347
17734
19975
12769
9091
8078
5566
18591
7950
13504
1970
18792
5383
8337
5129
11742
957
3681
6578
18359
10147
8920
10033
5387
9155
15594
14702
12348
14627
19297
9151
11310
8490
1258
2366
5206
8850
15921
3580
2617
4349
17022
4483
8399
4259
2206
6866
3089
15701
10807
1420
18379
13165
19893
1033
12448
15120
4688
12701
9167
1925
20087
15062
301
9534
8478
2676
11297
6610
8822
7365
20099
9269
10662
5659
19509
15772
8335
13346
6560
2274
19282
3365
1005
1155
14903
17152
18931
11115
7474
7817
5202
7843
19566
10123
329
10314
15168
7996
5373
3013
1193
5830
11931
6698
13711
8950
6696
16845
18770
9813
18804
2776
17959
10226
2858
14368
2820
5745
9774
6635
14542
19710
18727
19359
4781
19725
8098
5608
1494
3804
7322
6477
14600
2465
14962
4100
5692
2218
8362
18650
12482
15040
15035
14811
9065
14396
4024
10695
4835
7944
4121
2634
4357
6734
4374
3048
814
3565
1711
10488
4737
2400
3355
5294
2050
1173
10359
12098
14807
2197
10154
7253
2118
15471
18323
527
13469
5052
10461
10003
19443
8580
3690
11042
3496
9109
6176
3769
6393
766
9420
2918
5004
10148
14262
5280
14796
19615
7157
7256
4149
2698
10511
10842
8653
13049
6860
8291
6241
7342
4952
7777
9759
1814
15553
13296
4744
9220
7837
13807
7131
2002
8502
3712
10602
1516
8862
5602
4320
18898
12322
20053
19485
5526
18312
13106
2919
7857
10783
17134
5380
15517
6828
8670
16178
15622
4328
18933
14614
18490
14440
2675
12800
13287
13282
5263
658
14242
6806
12462
5614
8496
12401
5543
8647
10652
10820
2460
5404
2202
2695
7494
7320
4461
3120
15327
4742
10686
13544
5238
14797
6239
8539
4069
14954
11200
5831
15894
7436
4127
11047
13424
12831
19731
8104
18139
2455
8086
5335
5015
10729
9035
513
19853
9839
12441
970
3692
17796
4338
10839
1082
2365
14612
14178
11119
3486
15159
4875
13404
8741
10693
9312
22
3077
13866
18420
897
5589
3074
5587
17804
19811
18957
8391
5144
9492
2418
11500
14617
2357
2713
9763
1010
9975
9114
1493
13103
4378
6213
10126
9192
9822
10157
12597
8871
12088
16075
9001
4300
7275
9084
18777
19601
6085
8194
9396
14143
4201
7580
18149
19328
9174
15593
3800
5711
10532
2161
8927
12861
7659
4006
18800
5572
10794
291
15296
6744
1803
4452
15084
1283
9601
19135
11540
20081
10853
19506
6154
5826
883
13107
18891
12367
4981
14399
8542
19938
5218
6269
19191
3977
5390
3049
13042
11706
1630
8160
17422
840
5256
7943
6258
13925
2430
1501
3682
598
10793
19942
722
14868
5705
7186
20098
13954
755
12154
13955
5528
7067
7279
18631
8625
797
3871
13987
12043
10922
12420
3478
4218
12187
4295
12195
7454
8626
6041
5732
7029
13332
7510
9883
9746
9694
10008
19001
6609
10247
18911
11108
19747
5268
9562
14245
19488
19375
10251
4381
9143
13301
343
18271
8815
15922
12680
20008
18620
2379
5518
4770
13363
8116
1688
2566
9352
18813
13227
5594
4579
11584
14419
17467
19425
4475
4934
17292
4491
13063
14646
16149
19553
14188
2887
13200
12118
10025
1088
2899
5811
9898
3940
9726
10571
1007
5740
13848
14127
19366
19280
10690
10502
1162
4642
2627
4216
11301
12109
13460
3848
2203
7915
16626
9345
17977
11803
11582
12431
3995
1350
2648
18164
3542
2146
13846
6490
2054
14725
11485
158
2625
1864
5176
9353
5780
2870
14148
1371
4824
4229
12015
1419
16955
3318
381
18778
10241
7579
4903
5559
1108
993
6959
19929
10648
12778
13292
8031
16579
9523
19874
10769
8433
11150
12716
12782
353
3273
18175
18648
18700
13976
8619
13347
19385
14263
14947
13869
12825
20032
12489
10379
12201
13798
18836
4424
18368
17845
3240
7373
12513
13453
11025
3319
6234
18997
11177
8755
14946
13098
9313
5784
262
11040
8909
5201
19782
15409
8800
18301
174
19555
1067
7801
18843
4815
3249
19313
7667
7372
4628
8050
2185
34
7452
4480
11147
14450
14657
5814
697
19476
15357
8350
5654
14140
9840
17880
7348
4240
14439
19351
3854
16460
19851
15536
2873
6650
13509
6898
12732
3146
13534
13214
16062
12744
12651
11124
12451
2322
1226
6739
2651
8932
462
9553
14572
13088
12307
11318
2593
432
9131
14870
3884
1599
13620
3790
5586
12929
8976
19603
2817
12241
3148
10231
18093
4037
13986
6939
11642
2667
16057
4523
14430
2545
10034
11027
13067
7572
1622
4098
3261
10543
15782
20019
6563
4365
5258
9293
19240
11545
9451
6807
1816
3003
7632
17622
6605
5044
3815
12131
768
11715
14139
7971
7999
4951
3403
8377
2409
11457
10485
19547
10193
15074
2360
12555
6159
4677
6094
13587
5752
15555
5152
7483
4443
9457
5198
15244
18055
11277
10116
5912
5728
13341
10140
631
8702
7651
6755
1503
9751
8680
12775
13291
9110
775
7832
7526
1011
7838
13298
15385
14940
9095
2892
7460
18930
13708
1935
10736
20027
6051
11882
5827
19730
9306
4104
1572
4961
3138
18249
18296
2262
8190
7
17259
3299
667
10704
83
4107
18353
14195
13168
4996
5567
1384
12907
13519
2692
5576
9670
18089
13639
14864
574
10973
10734
6168
4977
4181
10713
7226
4407
13945
12714
18570
2501
19170
4936
20013
8689
1592
20052
12675
871
2301
7066
2201
13723
17911
367
8585
3634
11260
10673
7523
9794
9228
7934
6107
586
18533
1150
10661
11922
689
18993
14726
6329
2320
2259
10719
6143
4243
14234
7327
9013
18899
4939
8650
1706
5385
12476
10539
14352
4599
1563
15118
19953
18645
6738
4725
3806
18628
564
4845
9486
3567
3857
2323
10310
12101
16780
7046
19507
3367
9365
10137
9037
11724
18798
14733
5188
10128
12828
18756
19276
536
6009
9056
2611
5806
10551
14691
3931
4371
8516
10547
9997
18647
18560
12839
4625
14717
19203
2005
8314
19720
19662
3244
6202
10117
4534
4989
9268
1515
13157
7767
13310
13017
2283
2479
1513
12938
15692
1138
14640
13005
14314
18764
10486
7478
1175
13091
4022
10110
15342
5071
16224
19091
13871
11759
6337
18364
14535
19916
19965
4430
17340
8939
14342
628
14539
1187
9080
4660
7561
14863
15061
1982
14202
2953
3923
5327
4397
137
2134
13147
7430
18127
18542
1779
17103
5086
5281
7417
12940
5812
15226
13237
18432
4230
2843
7882
10759
18125
1535
9925
11230
9979
4373
3770
1519
9202
3342
19805
12360
4665
14883
3549
11081
15635
6757
18482
13782
26
9005
4210
12347
2036
13808
18974
14693
5825
14819
19716
8153
7896
2644
14047
18563
17786
5047
9133
4541
11888
9129
18856
2494
12961
9050
8013
332
1789
15926
17798
18071
15484
14378
3954
7471
3257
13768
2098
2028
14922
5114
13552
1638
266
13876
14635
928
7665
2132
1410
3108
11312
1676
10574
3628
9633
3844
7590
17126
834
14688
8773
2236
9055
9298
4560
18969
3280
8537
19712
14648
8108
12779
3568
19789
8223
5370
5398
6574
13694
19457
3034
11930
6459
18903
6749
5605
8579
10752
13739
12932
17852
19827
677
19356
13020
8493
8748
9777
19088
5312
731
14193
15426
418
16956
6211
1450
4639
3978
2060
6083
7042
19484
7764
19654
13874
3606
9436
13721
9146
7550
7424
13188
3481
1168
9605
8461
4838
1075
931
8549
4015
10131
9823
502
14421
15128
7956
4869
14270
18871
654
8607
2618
18497
13497
1613
7354
3160
13863
10361
6181
1584
19650
4716
5440
19192
3383
15844
20014
18646
19641
14653
16059
1850
7260
8693
10567
14020
13259
11725
9808
6990
10675
14339
7792
1212
10032
7272
18963
151
14230
17593
4959
14655
2257
4369
11579
7363
8770
19835
14939
15800
19834
8666
4798
1879
2136
1729
7011
16645
8100
18910
18032
8837
16291
10828
14708
6740
10641
18619
206
11030
5621
10619
8417
2690
2757
2051
425
7003
4031
18473
12116
6304
10792
12393
8855
14181
1868
567
463
1230
10124
12384
4003
2143
12503
2533
4256
3590
19675
2859
14546
5063
18808
405
18118
13046
9290
11334
17847
8197
18510
8140
5134
10871
14559
1709
4068
14215
3293
8325
13129
8765
6200
3866
14171
18237
18476
10530
7467
10993
13364
8734
2769
6723
15742
10544
19251
4002
379
5989
10873
9098
15891
5550
14963
13973
15488
3798
843
15041
3016
15899
7069
1980
14528
6235
999
4029
1514
12856
12557
18783
3743
9322
8308
19025
36
3251
4490
7517
18425
3001
4904
3903
7700
6753
18632
8254
488
5765
19219
5845
5216
14325
12765
116
14425
2802
18383
6267
14916
1559
19235
11351
6842
8115
293
8138
13974
3805
6617
9054
18238
12900
15436
12771
7800
12826
13467
13604
441
14400
4942
20049
5580
18321
7073
2014
7718
14787
10915
3217
2048
10321
3094
18980
11499
4035
12969
59
3671
3437
19923
10351
8662
10265
12906
19738
3662
2231
8867
6142
18100
1445
3055
1426
5538
8310
11261
15793
5591
18699
16048
3382
9286
8740
19885
470
5597
18516
1147
8791
14403
19724
6340
4157
1070
6830
19278
6074
12
3356
4495
15932
7184
3779
15694
5344
8967
5718
4985
6361
2624
4190
18211
10500
7338
6967
8005
159
2753
15107
7408
7674
14795
3515
4612
14322
2564
951
7015
3755
15475
18419
12844
5535
403
2321
3778
18831
7692
5490
4663
2216
1618
6259
9698
19587
190
19190
522
18827
10669
4401
12063
3095
18343
9454
10646
5289
18651
10637
2368
2462
13421
16014
2678
7916
3124
9760
15317
5150
3532
1971
4119
2806
8991
10981
19726
2561
5453
8159
14752
19728
8235
4419
10122
6230
1238
16912
7527
1507
12548
8189
8486
14567
12975
895
11501
3878
16
6474
18779
7181
8484
7324
14390
9789
5253
5813
7740
5161
2684
14547
19848
17003
12127
14356
6726
19333
14970
12735
437
6145
18615
5836
5103
8665
7822
19103
13582
9081
9173
1329
15592
19283
13142
19722
17921
6392
19597
12670
14441
2649
9277
938
13181
9217
8295
11558
4129
11377
1324
5796
14190
7005
14451
121
9985
14243
7711
7897
10006
7138
4395
4568
12984
896
8215
1480
13506
8296
10374
13336
4652
8818
2629
19764
13208
9962
19116
5673
10404
8565
11028
9291
13693
1983
13981
18153
7075
451
13360
2702
4231
1024
2661
8204
5766
15946
2176
10336
19557
2013
14248
3583
1517
6983
5359
11478
3153
1593
8430
18261
3416
20097
8089
1279
9884
19239
10417
14320
10035
4020
12283
9772
8764
14988
15424
4055
18893
13440
15461
4170
16613
6317
6815
8739
4390
1296
8660
3200
8685
4052
15293
9401
14783
18706
4331
7108
5950
2386
15615
7017
14972
2059
14645
4969
14934
4771
5031
6127
4662
6613
19335
14319
10847
6664
11495
8729
19689
7137
780
6961
8928
16025
13840
7433
3191
10377
8163
8752
12933
12836
10293
10112
18693
13190
6640
3733
3331
4926
435
8583
12793
3695
12571
14632
10777
19358
9135
15333
4997
4790
14158
18504
19746
639
5649
4195
8432
6281
10185
8581
10617
18613
7618
12259
3291
14544
17872
17157
2486
10519
7571
15820
1619
3834
7894
429
15754
447
10840
17687
18073
9389
7847
8155
765
19004
15880
18438
15148
18098
14785
19809
6147
2655
7678
15115
14328
3136
590
6970
19819
6567
6730
2688
65
13189
11005
18869
932
1428
7598
13054
5104
13747
6630
7406
2364
14050
15792
6947
10509
18688
2947
19212
14454
9315
16728
12066
5298
3061
4126
18313
665
2679
2706
13859
3402
13490
2856
10886
17315
17264
18690
10833
18302
15167
2809
9330
18147
18884
19227
8293
9741
1331
6531
2339
8277
82
400
3477
8218
10587
210
18987
3723
18141
19403
2720
7282
10467
3374
18926
7783
13271
3808
5220
6421
1741
4674
9945
6798
15080
8566
14976
5607
18708
10077
8252
1687
13145
12864
15379
1275
18979
13410
11788
4257
2577
18753
1356
4091
17937
2239
168
4982
6468
4606
3395
19169
119
1287
19595
8995
8737
3444
13993
2774
18382
4346
7244
7551
6553
1817
17106
1274
15745
4945
1972
6034
10751
18554
4644
13249
6177
14469
5910
3375
1576
14346
16040
19713
1860
15943
11333
9638
18181
8494
456
370
6411
1481
17689
4970
3911
13462
3227
18868
2341
15153
19896
837
2592
9232
3644
18787
19618
7925
3278
18972
2922
6166
10428
8919
18217
7093
177
8047
10556
373
2571
16300
14217
10104
243
2516
18394
619
11910
1100
13183
19729
15497
8684
15214
4196
16607
4667
19015
3622
15316
6196
18349
1111
110
19530
14641
9195
5823
11182
6413
14108
6703
3962
18223
13959
19075
8988
1121
13225
3169
10813
16937
1754
12596
11110
18935
2229
2833
3223
18251
14490
17158
19577
15774
14553
3889
2911
5069
15528
261
6390
14930
920
12056
11641
328
10434
6752
442
16043
4447
12427
11798
19734
11509
14893
4146
13611
4186
15019
1913
18674
3098
2622
1433
6580
11822
233
1389
17100
6254
11924
14236
11817
12315
19514
911
9783
6251
3776
2335
17883
4342
8861
8952
18602
15191
8902
10838
14179
11364
3505
19244
13406
184
8759
19500
4422
6319
1655
2980
14503
6095
1658
4797
3117
19999
9949
5011
7813
2411
13011
19525
11327
1254
6554
18950
9165
19932
4169
8615
17876
13770
10552
5125
3337
9490
2913
3246
2723
10373
4203
9652
15609
19714
7635
3523
9564
13033
17587
941
7588
19686
16867
16919
16732
504
1130
12105
12687
12235
7278
19204
6194
3487
2100
5212
8990
2255
5372
1617
2394
10012
2084
1094
1406
9371
7459
7929
3015
13818
12205
313
19837
8220
15938
5211
9067
13097
13319
15251
1806
1918
9876
2246
7132
18678
14395
4886
947
6160
13263
10642
10717
681
7265
13706
8285
3
18421
2367
13658
14942
2192
6844
8019
15595
18771
18009
9806
15611
7431
2303
5791
12060
13349
19808
8993
869
4432
12909
12102
13839
16299
5782
17246
11161
11002
14137
1151
9908
14663
7280
172
15301
11808
19627
2376
5365
14914
8997
20030
11039
11385
12696
19969
280
19450
17372
8631
18553
3041
9911
3926
17304
13629
7331
14416
3842
7027
3506
7024
3501
3224
6104
3090
12834
17698
9762
1439
4752
661
14381
9493
15247
14917
11321
8719
11717
14676
6343
10210
3604
180
14932
2454
14608
3132
18452
9164
9403
11143
14927
5120
5082
9634
14323
7048
11391
14831
14046
8309
3480
6046
5604
19508
18054
3987
9791
1299
7879
12287
4885
10092
13717
4794
6192
3775
457
16238
16971
9265
8723
902
9380
7465
8485
4992
3774
5846
1418
4856
7656
1761
13061
1197
8996
20055
18310
19590
9309
3219
1526
7954
5510
12672
5524
15078
18031
14611
11657
3719
13439
8763
4005
13608
8543
87
13377
2078
19367
2497
14184
14681
4516
10341
19902
3026
18072
8261
4386
6321
8798
4406
6101
5731
14598
3412
3891
19380
4416
15314
19266
18747
5332
14153
9071
1103
5769
6777
8771
10654
7469
9374
2452
469
6303
7156
12960
18241
8936
1821
12117
2156
4581
14548
2830
12329
3058
10564
414
3420
6360
5023
15862
16745
18791
14422
868
11118
20061
6161
14098
19422
10281
14881
2828
4301
5805
18900
2392
4051
11713
15202
89
6453
9768
15162
18575
12146
18599
19826
17186
8264
99
14045
2838
13182
9187
15912
11004
13766
43
10565
18829
15034
4811
2140
9986
14683
12888
3781
7139
178
5057
19912
7321
1712
6611
19947
7512
11490
10774
14244
18426
2993
2342
152
18861
6592
12970
3207
19159
4206
10302
15796
15135
8656
10010
5
15848
2525
19072
856
2787
18457
6092
14984
7743
18966
8760
5194
14749
7362
14461
3177
9188
4814
6179
11559
10150
8839
9020
4931
1671
5221
11624
13386
4502
14879
6054
2119
6298
1797
3973
3736
3643
6307
3283
14238
6982
17874
4352
10286
10121
6597
2862
471
962
2017
19523
3737
6707
13607
5817
594
9339
13970
5774
10397
9513
5261
13092
8691
11465
6348
12946
3747
1374
2395
9833
8779
14802
18925
9604
6735
5292
3856
11403
14718
4202
5191
7758
6681
10313
10707
2682
8688
1431
15652
8336
8978
7220
287
12824
3363
14251
14786
9204
7353
3310
8279
394
5320
9255
16975
2181
1558
12728
18774
16828
5041
18768
8345
18449
5435
5007
7387
13841
12145
18345
12267
11673
4078
9087
1965
6924
8322
3816
7006
14560
10778
2175
18660
1250
11891
4116
13116
18785
6134
15123
3729
2854
14077
19003
7171
3364
3820
6904
1237
2930
11955
1830
4723
9022
8058
6626
5746
1484
4518
10133
1039
4111
18873
4262
13179
19744
5723
8774
13204
14877
4176
11120
7808
15978
6656
2638
3727
19697
15323
2531
19839
14770
141
17377
7144
750
6274
3321
12349
5633
108
8006
8003
6478
9271
9408
5058
12764
4348
16363
18137
10339
13628
9372
10598
118
2959
19960
18901
13789
12784
4848
13531
8974
5679
6694
8132
18746
10569
19459
666
5685
12263
8545
11247
9296
11619
8499
6396
7922
1221
10227
12439
4726
9423
4680
4915
3462
3752
5785
14409
5868
6933
17991
2697
12623
334
5060
10812
3725
11011
2996
700
17761
559
7405
3610
3423
11745
8370
19325
15550
8888
2916
11266
7274
19873
7217
6268
7304
12485
7605
18456
8149
14168
6795
5162
6743
3900
1171
4071
12416
18503
14971
2888
11636
832
13897
1106
8181
1461
10699
15777
20025
7604
1201
19241
4972
19610
15909
46
14529
6117
10237
13018
14829
19246
10371
2324
3852
5400
11360
6469
6448
10735
10045
15716
13761
14250
10491
18782
4080
9407
15511
8681
13672
14712
1762
19304
10248
1397
8963
2952
8857
8054
11552
19824
19106
15607
5959
927
14256
7142
4888
6695
4167
3389
5595
4799
841
1931
15255
9758
232
11727
7991
13619
7023
12891
2436
5282
14662
4822
19039
9542
4668
4944
7979
9491
10550
12023
5368
15437
411
4622
15706
13163
15240
2469
17176
11399
13279
9103
5182
3362
10821
8318
492
8795
2528
7799
11539
13809
8051
18228
8700
11251
3327
13416
15807
16618
399
13944
10537
5262
2107
5009
8757
14804
12048
17189
12882
3424
4736
10039
4263
13749
9079
15178
17927
2312
1029
1692
18773
3461
5787
2431
3930
9965
9792
19263
6232
15913
1141
13624
823
15147
4193
9539
3264
1760
3503
12756
956
18545
3100
16067
7868
1455
4033
2767
8475
13161
777
5170
4731
2608
19024
13468
9405
14855
7164
2122
8092
1778
11764
4198
13064
12931
19877
4954
5038
9462
10624
9988
8186
14357
6766
6006
1607
3359
73
18459
15183
12323
8878
1032
1833
3608
6377
4767
13962
6462
19019
3060
3543
11405
17766
4890
2169
17628
10483
9515
13696
7396
955
3468
18741
12331
3322
13115
9233
16889
1233
19617
19009
1492
4548
10589
7120
4995
1065
2219
11359
6559
11526
12924
11650
1061
9112
5115
2276
11111
11267
2109
4895
3314
14953
7726
14211
11018
15411
13625
8361
9466
5915
10114
398
4751
6152
16811
13473
15661
3592
13526
13588
12397
9555
4025
12733
18160
8859
19743
222
14345
1820
15729
9724
5054
19230
9197
2906
11556
15527
5788
14709
14931
6029
4584
10471
15186
10283
885
1591
9948
17352
1959
16573
6000
15947
3128
17831
9111
13523
19176
3092
12177
15648
17148
18369
14948
4840
2068
9326
15177
523
13907
7337
3102
11887
14182
3070
12899
4724
10805
7537
15628
12010
19146
9319
7091
3859
6934
10409
8642
5644
6584
15000
5426
5412
7827
4841
466
3311
15794
15378
11440
4305
6209
12465
2609
3183
11332
4650
7739
4600
9631
15122
95
8316
6326
3526
24
13299
8710
8305
8954
11131
8884
13246
19161
19287
1463
4891
1119
4623
10925
6520
19988
19838
9754
6817
8540
10382
19281
11306
6685
4453
3010
17233
7150
2162
7914
5160
1288
2280
8168
6144
9219
8328
5707
10976
13199
8371
10620
15200
3020
1901
10043
10835
12851
9367
4860
8534
9134
11565
8842
19041
4467
15905
6595
7426
3579
7303
929
1079
6854
4404
15288
1683
3861
11293
3802
7009
6693
16006
9425
8980
1293
6286
18328
3302
13275
14189
18502
18195
17266
10369
115
18081
1555
4165
3578
2488
14341
4800
3284
3707
2632
9406
3976
6470
13056
16433
14228
13686
18927
11223
6724
6880
5441
2287
6332
4687
3450
11512
9636
9481
5804
14545
10939
19807
12589
16189
14466
8075
4894
14682
6479
6316
16017
13734
12261
835
2550
15657
3862
14531
15732
5177
16659
6620
9832
18995
4274
14508
15697
2260
11739
17531
8527
8941
821
972
4420
14258
12827
964
1169
11066
13057
14199
14921
4027
1883
6709
6523
13844
1991
2138
3221
9189
8868
1953
6476
13541
986
7873
19574
10425
15455
17081
8984
7828
1906
14222
12163
4282
14845
5132
4016
19031
9
12600
16162
10688
10538
14716
7169
7319
6204
19087
4383
8117
8152
2621
9881
2306
15009
7371
4616
6705
760
8339
2275
9256
8011
6071
7753
2117
19413
18528
19688
4912
9193
9323
10869
4941
18795
8495
2578
6519
6299
18272
3730
7410
13975
4018
2307
3472
15999
5879
9739
2374
3479
14163
18465
12036
14012
11290
15311
9930
16991
16862
8897
2623
7741
7623
14018
501
8635
9477
12949
6157
5141
12467
12668
114
1933
8243
17915
13568
4765
3346
3453
16332
19040
7230
7937
12829
6173
9059
15347
19093
18121
14364
263
3287
11126
3373
13356
9796
10622
7270
6799
8032
14675
15273
15606
10146
6427
17993
1853
7435
9086
15004
14781
3178
7926
4455
4703
13126
8562
4730
5790
9182
13313
17366
17652
6058
11502
11164
12511
18092
6525
17812
474
14618
11531
18060
14481
15356
13778
13223
3488
319
3836
19033
15645
13417
15396
1289
558
18298
10230
18530
15503
3591
13117
2685
11441
1425
4205
2053
875
6975
10337
11608
7725
9740
5931
16058
6388
18451
14431
4614
15091
3619
5080
4615
1436
3134
18794
17307
17657
18796
6796
5546
12736
2451
10725
8889
15608
13700
14624
18453
6938
13206
11428
8300
19458
4332
5099
344
6767
974
19634
19638
2940
11816
2640
10848
15369
13335
6835
3208
5108
18304
9862
8136
9699
2977
7273
10134
9170
2030
1490
15698
6273
14142
19016
15462
1766
8129
10127
3317
18617
13193
12867
6808
6571
4358
19478
1949
3007
715
15877
2773
209
12577
8695
1756
14433
6729
990
11918
14123
16049
3205
2823
4472
9810
3166
10001
9662
13149
4459
13001
3980
8134
9347
1954
19134
10504
6658
13953
12673
13087
15023
18215
4859
3394
6460
5186
17743
1504
15389
6692
5557
9589
10732
12343
18203
19611
9076
9194
14622
7898
5163
11322
13699
3694
1748
1829
13154
2001
1772
13614
8706
6774
822
4858
14919
2166
9643
14196
18983
2535
18881
1737
1721
13654
6369
19614
19897
585
3344
1475
5012
9198
14210
11507
7779
50
5650
12773
9836
7890
4448
2106
14200
4957
892
18102
15440
1136
8411
11779
11020
434
9191
7513
11240
11426
17555
15580
3242
18852
2732
18339
19773
7491
15399
905
1437
7340
1807
3674
10346
15601
9399
6037
14453
19415
17274
11167
7308
2613
7451
12952
3052
13997
15402
4112
2397
13266
9843
4339
128
8704
9827
17269
19727
1567
19163
8199
12648
5645
15425
1976
5551
10221
18280
16340
565
14094
19882
971
7162
4661
4881
11762
3717
16494
4187
9229
10344
4405
18967
5519
3715
18288
18
12074
7054
9176
17863
9311
789
865
2974
15142
8173
18535
1163
4000
6226
10325
1205
15206
18657
14776
9162
5392
2790
8933
8070
10595
991
8346
6754
11708
16010
16853
19121
8713
11437
13277
6538
15362
15161
16143
18326
6423
3780
7566
5401
4317
18171
9745
16906
13576
13677
3849
6669
6821
6024
6546
3459
9325
7621
1030
7595
2285
11635
10412
3801
1923
1788
6466
9577
10733
736
78
4714
13283
16013
7098
13148
13670
18172
4414
10208
6840
13470
17
20086
9765
16463
10594
7601
15841
13228
3538
4816
2075
2063
18006
15349
6043
14385
7390
4402
7306
13755
5612
14955
5755
7608
19466
14083
16714
13978
7892
530
13073
14853
3043
134
7192
4747
1640
10746
7735
4871
14626
1524
17313
14603
14591
582
17299
1624
16249
695
4060
9387
9732
14543
9712
3333
14268
5107
11653
17008
19718
1034
12005
12094
4023
19014
9416
14275
4150
10358
7084
14197
4540
14854
11222
6486
15928
11254
2333
57
19589
15887
13192
7902
8097
10668
5334
17133
3397
3329
3353
18943
3879
3301
13213
15355
4479
7167
10223
14823
18614
6633
1865
6507
11265
18803
845
18155
13500
19462
18247
785
15963
1714
1869
5569
500
2085
3193
248
8977
18716
11348
17039
9999
8632
757
18212
8968
4056
14183
13736
12858
18625
8793
14621
11562
18592
15001
16822
7016
15042
13120
14837
13785
10324
1902
10139
6986
7456
4695
13643
1149
12006
6186
8292
17252
11076
19753
15031
7252
16085
3232
2097
8541
11483
3786
6789
18080
9614
11577
17790
11374
1636
14958
1352
13566
8263
18116
19137
7901
2172
1469
19022
17675
9663
7249
18539
3422
15557
15158
5396
13665
18273
9280
756
7128
8253
10764
5561
18178
4385
2179
3369
5891
1895
1305
19546
4427
19379
12091
7254
2939
19401
1783
17350
17206
5022
15789
8674
5683
10965
498
1465
8501
8171
3754
9708
19207
18675
19477
4220
4143
2244
3657
3724
445
7103
10435
9161
4910
7733
11009
8331
8717
16406
2093
659
17385
11826
6618
6712
10579
14104
94
18680
8500
1773
8908
953
9267
204
1794
4643
13058
6661
4572
15980
19259
5532
74
3129
13816
14707
14798
3896
2168
8722
7255
17013
15360
965
11911
6687
8833
15534
9264
5933
5321
13211
6335
10000
18908
6415
7878
12014
6139
13493
10899
14429
346
5655
9830
9318
18811
6582
2403
8307
5354
10877
14051
17281
10480
5307
18508
16717
85
2905
13137
10791
16597
2948
626
995
12092
4114
17150
12276
5918
7714
11013
19869
16556
13178
3898
4226
9860
15961
1052
18722
8758
18067
7670
12599
3147
16410
18544
6728
10400
15957
11287
2671
17026
3152
16078
4673
3288
18180
4679
7531
18019
6372
7356
15393
9757
3838
7668
15058
7450
15294
4955
2920
19859
3710
7704
63
7650
3037
2699
7409
2950
13820
11510
2258
17128
6291
18360
2120
10766
15179
10415
4343
9216
9504
9595
3535
3260
4505
19353
10101
14816
12840
2636
1023
17511
6098
3039
13791
2496
10967
18707
18576
10985
18170
18230
8987
19544
2530
374
17301
1500
11228
19
9329
16453
9994
13170
12510
12757
2125
1780
11280
2073
7662
19475
4768
13702
5992
12486
13268
8823
11424
8628
9430
533
241
8184
6987
9524
7941
4456
1470
16996
8373
6596
17956
4353
7021
7339
14335
477
18582
5403
16515
6483
5222
7981
11205
9017
769
10492
6637
13075
15917
637
16003
13956
10474
16090
14266
5680
7539
6839
1684
14532
8512
13426
2370
1689
15847
18263
13065
6242
663
10894
10173
1092
4833
3636
13528
7153
12640
450
9063
6773
5897
718
2442
3339
16904
4764
5565
6238
12703
5427
8182
19454
238
14013
620
12641
265
7736
4562
6927
2514
15094
13829
786
9348
7277
10634
18809
14856
9790
14957
7195
16146
19504
1395
2567
15320
12026
11289
3650
335
6370
6568
3281
1600
10426
6646
15116
15026
14606
8015
4413
10956
18305
18455
13486
1939
7731
10966
2515
5016
15845
19959
9635
9895
3700
7771
18159
18386
15813
17604
8956
19066
16074
14703
4524
16152
17663
1126
612
13602
18134
2331
1089
9180
5884
6496
8257
19880
9731
9955
12516
5593
15734
1211
10897
18058
4721
4093
10950
11316
14933
14944
9074
6710
13052
18914
3577
11961
4817
18430
18197
17380
18065
2729
13983
13155
4880
15278
17931
15070
3655
10800
167
4556
16232
2131
12381
1597
5414
4289
13792
10083
3348
15703
10747
16236
888
987
11730
625
6522
8766
7775
11543
880
8838
4044
8676
2981
3352
862
8643
15722
15174
18949
2450
256
7653
17614
14720
538
15551
3258
8072
1961
4635
4938
14777
11248
12069
13123
9258
5545
2052
7187
15131
8966
5818
9653
10755
14741
19397
5375
13771
772
4686
11031
5324
7374
4873
2548
11970
13095
15708
12216
7041
7974
3069
14002
9816
5720
4831
10798
1694
275
6516
8283
15077
8251
872
18981
8940
5672
9734
14404
2604
8201
8064
1792
16676
15563
17755
60
7836
13094
15927
1695
7030
10469
3711
15852
2967
2711
2745
13600
9926
11418
4172
18050
4173
7514
18479
18549
2080
1002
7079
14577
10826
11194
19317
15082
216
15481
13485
3689
1204
19534
1017
16063
8746
4507
15187
5858
4045
8027
18887
2116
18167
8425
2385
6309
18388
7744
9156
14164
16105
1154
7737
14753
3460
6649
7378
9538
9865
7609
5285
13756
5549
12965
5948
9644
10581
7787
6606
12927
3057
2795
1801
4867
3602
15518
8099
552
6713
4382
9428
15547
11492
1713
4758
13936
15705
14351
472
6036
1459
14859
5552
19428
2552
2765
14135
2520
14636
12610
10576
15015
8929
3053
13328
1180
14973
2897
189
19594
267
12848
271
9717
6853
7208
6197
16972
831
12062
10450
19543
2995
15896
3971
7264
6063
17811
8816
7606
3123
7068
2748
15365
3550
3388
7404
1521
2637
10272
12107
11520
19786
19572
9250
18712
12657
6655
16708
15195
4090
3813
6528
890
8959
17009
17488
7420
5153
13124
2811
13557
1269
2184
9375
13306
4533
12846
7874
11174
18446
7603
615
5588
17187
18541
10476
19305
882
25
14710
13207
4394
18163
10143
2840
10291
2459
7652
18826
15229
3839
6052
3410
9026
6761
19798
4367
18726
19166
19165
10413
4984
19042
7262
18531
3187
10879
8179
9257
14121
11814
16581
2444
6198
4909
16353
2978
9154
15591
1888
14317
18114
949
6221
16763
1822
14616
9744
12873
19312
11288
3404
18745
11666
4387
11548
11077
18174
7248
8332
9085
9012
10161
18390
6355
973
7545
14470
19467
13023
19360
3530
8873
6638
13518
1263
13286
2884
9292
4271
1518
12620
10152
18051
14556
2190
4070
15874
8639
14746
4175
15415
9630
4261
2943
6110
19323
6628
6067
17331
11468
6260
19077
5758
12665
1702
2871
5167
147
8355
2607
10600
18515
7484
244
10295
7427
958
9113
4327
12853
3949
17660
9552
9755
2901
3563
19561
18289
5966
12627
1855
18226
12529
16695
9890
10138
8595
9261
7752
6056
7869
1871
4769
9388
4004
16159
18665
187
7986
3263
6871
19721
8107
6577
7227
1487
1093
18754
10316
6025
12958
10097
1313
1632
6879
409
9179
17322
5739
2681
3164
10029
11796
13850
4412
15771
8460
12037
11935
5726
9029
7719
3935
4580
14279
607
12878
10090
491
1069
1946
3151
12870
592
16076
7966
17045
10969
12198
4446
1974
155
19957
13352
13108
3062
9409
17902
4012
6264
14309
5008
2846
10072
7786
1791
15953
15726
1381
15883
9613
7359
6433
18561
4316
9346
13773
12863
14405
14348
7908
253
2358
19253
853
11847
19606
10084
15738
5377
19452
535
213
14601
12087
17974
770
5954
14443
7958
9600
14113
12677
13503
2652
14096
2434
15616
4749
9044
5712
6688
18834
4211
6979
782
1369
5328
14105
8228
14362
7174
15089
3874
15140
18663
5863
4242
1628
3220
2526
3796
9658
6579
1637
14915
12690
19532
3296
2074
18821
5102
19018
1137
16389
8329
8214
8655
5894
18919
3664
9186
11707
8819
6275
2334
17744
19316
1887
19336
6345
9377
6778
7241
15050
194
17382
17072
3595
15861
236
1964
17394
9707
13563
4245
15696
15056
1685
4707
2521
7149
4253
6088
2758
3938
12000
14684
1903
1122
3214
7293
8769
18293
15463
18061
15277
11825
11680
14125
13427
8416
13365
18637
7489
9456
8363
14473
18529
14207
9260
7586
18507
127
17610
2090
1781
6718
10806
8953
6276
9800
19487
1793
14573
9058
15021
11749
5021
13447
7285
15212
6467
7504
4911
17896
7476
4512
19581
11629
713
5356
6920
4555
278
9874
18381
2797
6657
19741
18356
15338
11096
31
12645
18548
8610
446
6868
1662
5767
7661
4517
268
5027
15086
2044
7284
4974
11431
3524
985
4361
10829
7176
13045
14813
4728
8317
3566
9951
10577
19396
12039
14170
13231
8803
12538
15030
13398
18411
15165
10311
5315
12737
6128
17888
14596
5547
10065
5148
13744
14241
6849
4902
14540
15366
6112
5571
13746
706
19081
14723
6093
10129
9236
17923
5019
2141
14758
18519
6699
8614
18801
7389
1609
15205
3933
15138
14564
15303
1354
18820
8268
15713
4956
10360
11662
13389
738
8437
2264
15046
8412
11675
18377
11295
2831
13037
7368
1087
6027
3076
12894
15067
9201
1672
1863
817
5987
2223
38
19760
12697
12879
18043
18021
8790
5123
5290
8441
8738
19905
7101
7053
11994
13434
9924
17994
2498
4439
103
455
15430
15085
15614
6897
2256
1602
19471
18415
3430
10963
680
13968
14579
4454
17107
13834
13823
1186
12613
6588
11508
1344
19017
3720
4250
8784
5249
9411
874
15829
7573
6521
18366
100
11835
4923
4062
16789
5875
5420
288
7074
2018
12966
11700
8994
13779
819
9558
18017
13691
9549
19200
684
12588
9809
3173
426
8826
13458
950
1076
18916
3546
3734
11811
13274
7682
14701
2443
1900
12968
14221
17086
6784
17289
6972
8374
7867
6886
3237
2049
15224
15276
10280
10893
9127
12943
10631
7803
3335
11220
18590
4753
18550
14414
7133
16065
10822
18409
15422
19089
17122
5828
97
6607
3773
2113
9852
19535
19398
11162
19334
14124
10270
14887
10020
1472
1728
8313
2237
15318
4360
17162
10144
4362
19591
12099
9510
3368
8230
9482
12780
3315
252
7782
15439
11181
18408
3594
11765
11432
15994
7057
7641
7683
3529
18973
18986
9101
4212
1815
1719
4486
7988
15565
7519
6217
421
11850
6540
11530
18580
15420
6905
4341
2619
18285
8673
2361
5097
14507
9820
15818
12748
4489
12865
8638
17267
3588
18333
7193
13689
12945
6622
11667
17830
8669
6700
2988
11308
5819
8481
13881
9943
18385
12132
7816
13132
13856
17182
15766
10462
9996
17653
11949
4801
6408
15853
17507
18396
14735
13437
17393
11978
19228
315
13633
8696
16824
8074
9993
15305
13321
228
18138
14022
10399
19429
10919
11075
14861
9222
16516
1482
6480
10575
6255
14830
17695
10332
4279
18000
16264
8718
19528
18906
7535
7798
6222
1936
7055
683
4
976
18196
2755
4919
5617
13663
9775
11827
9607
2121
13555
3999
1177
7197
13731
6031
8634
5693
3103
12113
18001
17805
15958
7082
9610
14264
7951
47
9821
11513
1276
9046
7807
2427
112
4887
15460
17862
357
81
16533
13476
839
17574
6008
11375
15175
4691
16687
17601
1749
8169
2328
6756
11703
9301
8213
13244
2476
7301
8672
913
9181
10608
8364
8921
15989
18193
15283
2336
12040
14907
15854
3631
14582
19673
4013
13801
259
9514
14332
19609
10944
16411
18945
13355
12816
5331
16482
13530
144
2812
3705
91
2483
19464
14133
11067
15222
12093
9958
10659
16561
4696
10883
1131
14216
7014
4163
14763
10422
15442
3611
13522
13329
18506
19814
10245
4124
9308
13862
18442
18397
10015
5311
1478
12196
1261
13730
14038
2504
15188
4908
10636
14979
7482
18256
324
6351
13315
15221
16020
9249
5793
603
10130
5733
5187
1666
13784
517
18480
8154
4708
7346
7480
3121
18586
2847
4547
10644
14994
17738
7345
6996
14872
4827
17840
18840
17866
3946
15827
6581
8697
5632
2338
17793
6266
13412
8931
18314
1066
8675
10285
3902
12820
5618
9150
15743
19552
19078
18929
7917
3703
17800
9941
19495
18254
14686
7658
9066
1898
15659
10487
16081
17943
923
17700
1843
11481
14779
8913
17378
1139
9959
14847
1050
1056
878
5237
8851
6557
11250
413
6409
17846
9231
15556
14114
1227
13674
3279
11438
15929
16301
10024
16266
18162
9196
2807
15786
11314
14369
8439
6714
4273
18888
2355
18667
14276
1444
18691
14278
13980
13362
10405
14154
16466
12542
2762
15354
11757
17309
428
2712
15010
3812
733
18833
2363
16943
984
3872
19567
6572
893
1634
14833
9844
11474
7707
7697
3018
17706
3545
11365
19447
19074
2935
5932
15236
9780
19554
8281
9413
4350
16259
15736
15307
5656
15983
13815
7633
11743
4009
11681
7626
18286
15516
8420
6976
18101
13949
1745
2344
11682
7899
1107
17813
337
8229
444
18644
10019
11965
15280
15044
10754
10870
5181
4551
13728
6102
17291
18845
19394
15065
1700
2927
14558
1880
11894
14324
7031
17584
4564
8012
17018
11647
7891
16110
8118
9341
539
2666
1649
20006
11315
17714
19232
11059
13787
12615
16323
6955
2500
9379
18435
5340
4718
12554
18885
13125
18099
6121
1708
12659
18048
2866
746
1679
8761
3312
18865
17196
4717
13539
7061
18462
13634
339
18915
11818
5721
11554
13738
8893
6534
8776
3972
5913
17633
17664
15145
7323
14800
12041
6601
11996
9437
11498
14350
19592
7317
4400
4537
13267
4410
18697
8679
12483
7166
124
2410
10756
9848
13952
7685
15762
15173
18579
14464
9905
17401
3957
9030
13281
2902
9214
7094
2788
7955
4503
9123
380
17987
13964
9169
9418
1750
17929
8898
5325
3295
7333
160
5204
8503
809
19857
277
15778
5070
19512
10908
1004
407
6341
15510
1156
944
17802
15710
6493
16023
10236
4849
8259
10507
4988
13919
1
2798
5748
8946
18111
9060
10287
19270
13173
11116
6358
18222
19771
6907
19357
1438
8811
19823
13068
11209
3809
14894
2869
1520
12852
646
10781
5371
935
56
852
14857
11880
2461
8971
18346
2481
19762
16508
4943
11913
3225
2540
6339
14401
14952
11527
13177
4525
9433
572
5663
3099
1508
9104
17602
2210
7850
9002
16806
9554
5223
10841
15373
15621
11330
6770
173
8742
1219
9550
10568
3213
15665
3268
14810
7864
10004
2990
19983
7587
651
9520
19855
8462
16796
342
1257
10099
13577
10076
5613
1990
8472
18955
15220
2772
8273
2633
8275
17823
13112
5623
5394
10026
2529
3584
3601
14793
7722
10431
6224
17409
13857
10917
7983
1262
2893
13354
15381
9106
5053
17857
9885
9235
1570
5929
15619
42
11149
3749
19318
9034
9677
1188
18874
17571
2016
8000
13810
8733
578
19519
13353
11950
14019
5871
15465
11604
1800
11980
1825
4460
6491
9245
17898
13464
11525
1190
18992
18402
4110
8167
7097
12478
3709
12114
13314
2778
14866
16762
11376
11137
1372
9540
17763
5423
4184
1483
2207
18990
16837
1753
14149
17195
17922
5695
2587
1297
15977
7216
17211
5661
11244
15101
18199
5224
7795
15456
1763
2559
4574
12020
6599
11648
9479
8041
230
13036
16103
19996
9239
11709
6020
1994
2973
18224
15626
13019
7207
7593
4785
14938
17297
1652
9815
7188
11535
5244
14651
11010
19881
10639
13678
17095
11920
14049
7687
3865
19799
1008
16694
18407
5665
15752
8754
3082
10160
4530
16941
13995
7791
12791
6455
15545
6308
18337
17966
14455
19208
15512
9829
12540
641
18818
14817
19065
3914
11206
5428
14975
14017
13342
5832
14906
15418
830
12058
11415
15446
14843
1606
5139
16031
10284
10559
18837
4096
19256
15282
11652
19863
7862
51
8989
8008
7507
15865
4265
4535
4359
3555
17419
15450
12095
11255
6877
7437
14851
13794
6786
17585
16826
18679
1018
4738
15106
19120
19094
13248
16589
6288
8018
4431
9300
15143
13569
16489
3582
6929
9714
5017
2389
12598
15321
17627
9923
14849
14318
18059
18568
4929
395
16917
11225
8297
9100
14534
2591
8644
5749
12683
19505
13596
744
1454
11967
311
17424
19314
656
14366
17737
6062
13826
14834
8162
7648
5935
8353
7062
11838
7235
1282
5694
8645
10591
15650
13359
15266
11645
4183
6966
2123
19307
11398
11790
17263
2183
18527
4692
12854
9957
6660
4178
17399
12876
13040
2783
18020
18091
1370
7466
15008
11196
18418
15603
10801
18623
593
8418
9119
3992
9336
5584
14576
11987
8785
10876
9976
7516
8678
17964
8301
11870
6188
7705
3096
19455
15956
2489
9253
7425
8510
14365
4441
16176
2524
6793
18988
6270
13494
4621
13418
11881
14895
12868
35
13369
15429
17167
15529
14037
15491
10109
16124
11451
8023
14330
8983
18403
3651
27
5093
18824
6207
18857
12112
4793
16086
3294
10319
10233
15016
18518
11153
9007
11971
7790
15843
13999
5378
693
9825
5965
8262
10059
6856
13772
17829
7927
17004
19695
8403
19442
215
17747
2383
751
1945
14059
17286
13637
4948
13466
8677
19846
17670
19381
15315
18416
2495
1594
12887
18605
15092
8982
15310
1999
17303
15867
9467
4064
13461
1626
16444
19160
17521
10683
12573
10212
10823
18014
17251
3893
5568
3195
13804
15931
9190
12671
14159
3451
14240
3433
17864
2937
1537
2782
5789
14794
1893
18236
13505
9678
6564
14448
18157
5051
13162
7727
13401
1862
15312
19260
723
11964
19763
10348
18185
6989
9096
7763
1932
13380
9226
10334
16233
5730
3393
19498
11130
9138
8725
16913
11188
17760
11106
6010
12590
912
3518
5106
633
14526
2477
5631
11300
18609
5698
5968
8649
7130
10046
6073
17461
3612
2076
6318
19071
2799
19332
10075
630
8002
12850
573
15618
11307
8109
8780
8145
5039
16032
15952
68
13626
4699
14729
7548
107
19329
2096
7994
6760
2159
18583
19130
14499
6674
12410
386
18718
18940
5411
4543
4930
14527
914
15712
2234
19667
6875
18294
8875
17017
11186
18858
14088
19490
19419
2597
385
8948
13763
7769
4058
15048
17392
5657
2349
19341
6791
11621
13605
2889
1373
7945
1290
2511
14477
18142
10573
4924
4180
14692
17272
9166
17175
70
13435
14680
5651
8080
6312
9557
17360
6028
16998
8597
6850
7090
3536
13902
10804
6862
15724
10037
465
10874
7064
6325
11380
528
7980
19784
10071
13769
15610
18572
9730
16362
13229
3464
10372
9991
13710
17104
11610
13278
2270
8923
5274
18982
15523
1861
7119
10503
3303
18816
7168
18391
10259
8063
13501
3929
10864
18090
16903
14010
17285
8289
1796
6964
16070
16528
6350
14537
12111
2590
17709
15811
10715
18652
404
8287
96
10301
18607
1306
4759
2715
5824
13348
17995
7126
891
9357
3574
15036
3400
5799
17686
7334
3630
16068
17089
4520
6206
8415
9773
16345
10904
2691
15185
2890
18762
18487
143
16603
5914
1776
1802
9417
1988
10814
3115
11071
8473
19888
5410
8711
635
4315
18156
6632
3829
10536
8511
18308
164
10566
7781
870
2536
17005
15083
10612
3858
17839
7242
5926
21
18348
3269
2572
11992
18996
3571
13339
8440
11347
17052
5964
11671
19058
9573
1696
14748
11319
8664
8825
1924
2585
317
1681
10135
13262
12777
10096
9646
6424
3673
7738
15259
13578
5833
9711
7710
4893
15581
12574
1698
11710
14873
17801
11144
11072
18166
6250
19391
15099
2664
14840
516
3916
2934
510
11777
9847
4188
17561
15522
464
6171
18016
19767
14740
9824
1947
12057
14736
15232
3989
19608
9478
2983
9799
15339
15322
8236
11341
247
2595
8445
2009
15625
2513
18534
19527
4987
10078
10061
13630
8637
10385
4026
2815
5525
19062
11719
9310
3056
1743
1682
1311
9369
9422
1710
11593
15079
2668
7602
19285
12356
7492
19845
749
13232
16606
771
992
793
14967
583
6736
3027
7774
419
6285
8334
18730
7734
13595
13562
7689
6647
10599
4063
2326
9088
6296
19511
13802
14079
5942
9356
4122
16990
19383
717
18604
302
1000
6208
16434
16083
17241
802
18253
2991
9522
14459
5025
18213
4247
15037
2740
13448
15370
8794
19781
11163
15941
17732
8930
3066
18489
3247
17043
2208
9121
19057
5764
15655
752
8715
12581
5994
2805
5355
2508
4729
13376
13550
15400
8745
12832
15233
3783
3190
16829
12637
15081
14550
198
4239
6322
358
9011
6957
18736
13444
14563
11828
12559
16246
7419
18682
4864
7051
13722
13324
11766
4138
7314
18710
14001
16117
9692
922
9735
18274
4554
15404
14115
2938
18354
7844
7596
18584
15047
19431
13484
7576
12034
6608
758
17968
12587
1091
11082
3887
14631
15189
18977
11219
19389
15478
16920
11168
18277
15208
17059
13423
8907
16037
12592
3663
7472
1509
8178
18269
14747
2373
7361
18107
5671
13350
5329
12608
7495
19891
1891
14103
9683
5363
16738
5037
6508
18509
17407
10818
12710
14996
269
16412
18946
15993
2345
13960
5308
14427
4787
6169
2680
5771
10132
4666
2966
7547
5722
4197
11065
13478
1271
7976
132
7501
7755
8812
4513
7497
13077
11927
11829
6400
4586
11561
16432
18221
2662
7276
13750
15832
12967
9463
3046
19803
5395
10214
18781
6813
13472
3038
12741
627
13508
2027
1835
17623
787
6450
17115
1405
15438
15252
5874
12606
8624
3199
2615
3967
19692
8668
9715
3307
15859
14444
4682
5619
9904
12871
15900
4935
11221
12580
1001
19750
3575
7525
7147
17388
16928
15795
4375
6956
19680
2066
6440
298
906
1808
14406
13606
7446
1412
11353
3864
2425
17780
1523
12638
4418
6689
1849
19822
16221
6229
7269
14185
11756
17050
5230
1510
17595
5735
7770
19362
18450
13047
15444
8101
10235
4408
9117
7085
10505
12042
19202
2193
6404
7000
8876
2087
15975
18937
16509
19344
15653
19526
15620
7001
9590
15888
10605
19774
19854
13535
14004
2885
9546
3982
7170
11744
15427
165
11482
7544
6926
14679
16786
687
2103
1511
2493
15457
16642
5847
16938
153
8183
19363
17860
416
13330
9867
19818
17771
16061
14213
9498
13415
15998
11195
15194
6575
11959
518
6792
15060
6389
8975
10901
8720
16870
5409
9797
3924
8368
7637
13990
19598
18083
6236
16315
6509
9398
4979
17884
15515
4743
6357
17381
7533
10022
7143
11211
10364
4788
877
19182
8028
19890
12819
12572
18035
12262
16478
17141
13308
15566
17074
6185
19626
9673
9970
994
2602
1697
1196
7179
11273
4870
2023
18395
6704
18889
15494
12950
18037
2883
282
15624
6256
6422
3560
17168
195
286
16969
4905
7640
1746
6195
18242
18815
4750
9769
9247
15300
14174
8348
3042
8523
3448
1327
17680
1068
9386
11751
18522
5066
18514
387
11236
16638
9453
6527
14041
1995
11896
15397
15533
5287
264
19539
2115
16921
8290
29
11854
1474
3188
2340
13762
13288
4986
548
9718
2382
937
16885
1022
649
9977
6414
13618
1015
5515
7364
8756
15335
11781
13212
7145
11302
10866
18362
19050
1775
11885
3618
18822
1752
11815
16329
1143
2249
12067
6068
9442
17795
6902
11000
6922
534
4683
1144
2616
1673
20067
16184
3174
4590
10254
10445
710
7638
13651
16950
15860
8324
15699
13632
13701
18664
211
11134
11183
11988
12872
3803
4337
18524
3890
4286
4884
2253
767
6182
7594
11644
6980
10685
3051
17260
9584
14161
19623
11590
13176
5046
104
11439
15821
5555
17525
3203
18776
13143
18417
18413
7178
16502
10593
15217
6514
13438
15525
12477
18752
5124
1934
5742
4158
13379
17439
7013
6627
11232
15966
16492
4825
13320
16002
10687
14765
15562
15098
16307
19536
6395
9841
7407
12090
6380
4928
2079
14417
11024
18365
7461
3406
18594
11685
16439
17217
13053
4898
13405
12656
6679
11906
7004
1703
2008
54
10942
2803
17253
1963
4521
5310
14901
6180
18630
16000
11916
3915
3067
6903
7872
4832
7866
9139
16051
10583
11101
15596
15150
570
2734
8357
10649
4436
735
2931
13586
15281
7127
16909
3587
8221
14209
7104
18229
9668
11006
9854
14273
6248
15658
13529
3777
6805
17887
3360
2399
7204
11944
18322
3489
7784
8232
2539
7185
16457
17588
4603
9889
11914
13565
10706
13598
5110
15984
9738
5002
3434
5399
19780
876
6888
9581
19766
11947
13167
15453
16578
2308
9912
6510
18414
14960
6141
11092
5719
4949
9545
10338
2674
4425
1452
18392
19021
423
7056
1027
18912
1462
6076
9073
14789
7889
5203
9120
2904
5678
17430
3569
15432
774
15374
9971
17062
7440
15717
13004
15918
8142
14523
6190
15472
15408
6530
10103
14192
3047
6846
1403
7421
7458
7617
18097
138
3137
468
9350
12759
10113
3340
6855
6867
8367
13843
16442
18232
18666
5702
17174
16703
9657
17674
4978
14706
7982
11371
19875
5156
5024
17173
3008
13790
18177
8402
10002
7488
6673
19002
9259
6064
13636
4546
3599
1896
2104
1294
5578
486
13025
235
18573
18469
5105
1080
3483
13502
19252
1328
17529
17179
15799
1823
17109
10878
12898
2872
4473
225
4876
17508
4843
798
15306
18832
4324
15332
15613
15962
10768
10954
9244
17794
2780
11394
2863
17414
2130
17984
17814
1006
16169
3732
11366
1181
18307
19636
16776
18720
18717
17597
10863
581
19898
10728
5857
15760
8009
19541
10989
7591
15539
6140
5338
9105
9354
8196
19648
15578
18094
7912
371
14500
5432
14585
3994
15531
3576
9655
16551
14643
19354
3204
6915
13375
13890
6833
3508
6908
19521
2641
10218
4641
12925
16679
4999
14719
15348
16925
19223
10489
9443
11571
4830
7574
14000
13309
6057
19010
279
9597
3846
13076
17203
729
1398
6376
11090
12740
19795
6513
4462
6641
1203
15552
5881
2643
6803
676
14999
1725
17220
14839
15413
815
18740
18287
13524
10142
13652
1286
11844
761
16608
17875
7070
15970
13556
3593
11345
9990
15582
9508
6072
14668
10647
16241
14654
6901
5642
1358
8880
14677
3910
11833
9973
2844
10796
8212
19602
7806
6156
3357
2839
12666
13150
15631
8217
16218
17667
7642
17207
2061
58
15790
11693
15464
1113
6621
1292
15954
19757
725
4292
8222
309
18844
19141
12100
3398
2319
8824
9068
19068
17497
18536
16467
8157
9183
4010
2861
11466
19604
16911
7820
898
14602
9025
10633
8590
2147
16791
4444
4559
6323
15828
14058
1020
11716
17007
2152
4710
14593
1739
6132
8216
16883
6887
7997
19576
14043
7657
5158
15930
18944
5934
4182
19214
10760
9665
16739
11834
7160
15045
954
11368
1416
8278
13119
17897
4008
16537
16008
2198
9525
4879
19501
12682
16055
7213
17396
5358
9559
18616
19143
13805
5922
10865
19791
13130
19432
19406
4834
5629
14117
15330
5349
5018
1248
19647
19005
8856
5178
11291
8105
11884
3107
13933
15223
7370
6059
6662
15235
15933
18315
15006
1028
15895
11954
6042
8835
13777
9952
1174
2910
17518
9853
8085
9419
7765
14865
8383
19892
2170
11720
7677
5928
14016
16647
5984
18275
7693
6532
6277
7619
10880
5183
11433
2756
17789
17121
4228
14286
1598
17437
17676
19330
7309
19679
17769
9049
7002
32
2724
2195
13724
183
18991
13638
6675
14697
1408
18883
1014
15353
3149
11032
7521
10845
2786
16610
16053
16114
14372
18144
11404
15758
9441
17749
6219
15075
1332
17194
12097
15627
4128
9018
12466
9906
8998
5286
7698
19164
17359
1368
4077
6115
2158
4855
3297
5087
8552
12406
9283
11372
11674
5196
8879
618
3941
1885
10757
9609
17234
11452
10590
858
15890
18565
14090
9541
12643
778
18044
13712
13622
1659
17745
13584
17785
13175
3216
4463
14063
12055
13383
2271
11346
19656
15969
1621
15405
6682
7681
17254
13532
16983
3516
3126
17934
5091
14775
19613
62
14583
6022
20
9349
15689
11585
17748
17132
11216
8827
13603
17736
14423
7569
13984
6950
12073
9588
6941
6535
17261
19524
9944
3597
7754
2482
511
1319
2894
13255
12695
13554
17560
10119
1848
13392
3498
19035
3215
4839
2108
7468
4671
7028
18219
8106
14815
17886
5794
3581
427
1440
17612
17549
14629
19020
2401
9817
15508
19247
6639
2310
13767
17970
3009
11824
7567
5856
5600
6919
8365
13118
15055
6600
2663
3510
17262
17117
10047
17671
10881
9901
10656
14007
17728
5537
2766
8652
19300
13219
10651
17630
13947
17762
17925
16120
17364
7375
8079
19027
11505
8073
250
4504
9024
8960
579
2089
10982
18340
19012
14880
3222
16536
636
3112
4147
4336
1890
4640
811
6133
6615
10999
2426
3988
13316
1897
4384
10811
6129
16768
1914
589
18161
1158
1771
17600
2412
18176
8113
13122
18398
11249
7851
19703
5978
16886
7789
15451
11998
13591
19290
12910
19243
3350
18496
3905
4658
12576
9900
5010
7742
3154
19793
18122
19222
5768
15059
19861
2733
13516
6561
14361
4411
2848
569
8434
3826
15141
15560
13463
17708
13139
2091
8225
4103
10300
3083
14587
1019
15018
668
5425
1043
10268
14561
11052
1870
7411
9861
12660
18838
14232
13432
16567
6338
69
2196
17891
10868
6082
15377
18056
10911
8854
16737
16879
6397
16108
1338
13151
7616
17319
19373
17853
1123
4570
4074
18606
17832
7107
8492
1616
14784
4492
18316
12480
13610
11597
4773
15203
13703
13134
18686
19842
18363
8799
10473
7083
11037
13811
7481
7546
19205
18878
2101
5982
15169
11547
6837
16281
135
11382
11874
14290
10049
2736
8768
15274
7696
15872
15299
18075
17212
4561
2474
17395
17586
6706
12481
6003
2610
16346
18248
17735
18676
2038
10875
8144
3912
8568
8687
15371
18182
11123
19129
12911
959
17451
15826
13373
13616
17645
7883
15505
3562
8567
11409
14111
15130
10533
17449
10303
12377
5590
8052
6748
11056
13338
7639
7457
16286
9519
4423
3259
15647
5146
623
17458
11395
720
6164
11962
14131
9591
19352
10095
3766
2467
16394
13327
1345
7221
4916
66
4689
6443
17848
11064
11627
13745
4591
5314
6365
3556
16298
16669
17538
15834
19494
19250
13924
8778
18789
2026
436
6449
15704
7112
17108
1380
15723
16785
8620
5100
10872
6911
6026
1966
6252
4191
10256
2879
18556
16799
16875
13159
9798
13852
16481
18150
9381
8017
6644
18842
6049
7175
1915
1917
8431
11285
2127
18488
13391
16716
17256
98
2964
14201
4366
8955
11084
11841
10582
15746
5658
7762
673
16602
4583
3948
18027
15781
5892
9243
2470
2543
10889
16584
664
7563
1842
8957
6702
13407
6994
11234
2654
2581
8193
284
2020
7906
16818
9282
11129
11152
9142
18344
8376
18466
14826
9395
9640
7649
2261
13138
866
16800
19162
3985
18505
7059
10895
1767
6398
3170
16367
5513
16546
11511
16188
19841
14771
13567
19051
15231
1506
15668
4882
18595
11402
11386
19748
16209
2510
11553
4140
8563
6295
5045
79
1077
8470
17214
11235
17998
18714
14420
4264
1318
16097
11358
2946
18468
378
17279
6573
7577
15590
18049
15403
14445
18938
5382
15526
889
2309
6271
1944
18332
8598
7344
652
12602
11388
13646
7746
3701
6099
7666
8048
11606
14584
7328
2472
7834
11567
2851
18721
3913
19777
11320
13753
10896
13382
19265
1105
14297
14814
7347
13920
11237
6320
8077
19690
3548
7676
7538
2171
8137
19569
11587
142
1467
13260
4964
17820
4288
4648
18463
6175
2620
18585
16073
13414
13657
724
16270
15435
13627
15171
7250
16540
2111
19402
9048
19562
18240
1832
6328
9940
7825
5736
3493
16248
3229
2473
7382
4255
8962
18733
18309
5558
7522
18428
9846
3313
7565
3168
13257
7311
11665
19580
19860
17899
19037
2794
461
2628
5716
8509
5330
14961
8020
969
16316
12096
11107
3746
13400
551
6344
7357
15700
1839
1720
7416
18725
18839
11770
10376
4567
7568
19123
3238
17721
13517
6418
3114
3751
2446
546
3228
14759
17114
17799
13825
16740
14155
2992
2032
9090
5905
11877
4605
15449
10711
1090
6184
19355
14036
745
6892
17151
19435
11139
15331
15570
12053
13171
17044
1984
6005
16123
8573
13
3139
14678
11459
2099
18924
16967
561
14937
1747
15873
5904
1973
111
10843
17609
19496
208
7498
8033
13236
17136
3409
16344
8775
13776
3415
1734
15816
16177
7829
18303
18300
13653
17368
3616
4248
19382
16180
1095
5317
6070
13265
19142
11245
2942
5920
19026
15597
13397
347
790
16092
7183
7745
7660
2949
17930
18984
15756
18571
5962
1046
7887
15822
6294
7760
6362
16993
5172
14060
18443
18015
1804
9849
2458
781
1164
18445
10643
2464
6199
8458
5706
15875
6108
5598
16035
18902
14344
19303
8797
2471
18921
14061
6077
6227
2743
8369
15871
5939
13765
3702
10086
6668
77
6665
2656
17581
9566
283
13847
220
4593
13656
5111
9897
16029
11276
16172
5883
3899
2923
1919
4922
15011
15180
1172
8093
1967
8406
6489
18772
3435
12739
8906
2532
17056
16193
15196
10914
16113
15181
18427
11421
2438
6782
7200
6081
16918
5422
18850
8558
7584
6962
3144
6441
16633
1656
4465
2696
5865
17778
7369
6279
3133
11148
16821
14151
18853
11696
2437
2245
16512
19585
2669
5841
6007
15690
10297
8912
10900
9254
18131
5895
16748
4791
8302
10427
2829
6314
10042
7720
15642
8584
8887
8554
16458
6725
5209
15638
17349
19671
11258
12625
5267
8342
12470
10952
8102
11326
15228
9811
18204
10682
8040
6324
11338
5676
15160
6742
18659
11893
17332
4041
1502
7845
15644
6374
18387
632
2353
19319
2824
401
1062
10282
182
6765
14373
14310
11711
18198
15121
17996
2199
17910
1979
19800
842
9215
10263
2710
6741
11536
16942
8914
6228
8787
9234
3336
13446
6895
4676
14801
16945
16156
10354
6080
17015
2714
13937
18464
7212
4108
10264
18024
16361
16553
16771
15308
4389
17426
18775
15586
10655
19754
11274
19480
12059
3605
4587
7761
15102
2575
9685
7965
8601
17963
17625
2040
1699
11344
1674
15112
9710
17344
7717
9427
7401
7995
4048
2081
9358
9438
4356
458
67
15951
16882
7904
13164
15064
15996
3825
11493
5772
14289
10156
175
18732
361
5727
3570
18325
16673
10902
19437
796
18120
6594
2487
18587
16330
17973
14835
14554
11442
17250
7968
915
15219
6843
2658
8161
16462
8347
18243
2094
11595
1473
17512
11902
9795
11479
18763
17710
11821
19887
13948
10708
14235
3669
7307
19575
14731
6869
18786
8834
14428
916
2657
3266
18069
6906
6921
449
15882
17924
3512
8981
2932
14033
16134
13312
13475
16690
3165
10678
6191
8788
864
6004
12877
2835
7858
14407
4032
8578
2770
11475
5927
13817
4222
1670
5622
894
13358
13916
1104
7012
16591
16333
9713
7708
14025
7228
16587
9602
17405
7118
11323
17099
1873
17691
17827
13760
16834
3539
13806
9938
5574
3632
15992
17516
15215
12838
653
5339
17329
9946
10830
11460
14524
15919
14898
16484
6021
19779
2580
14625
16198
13666
9518
162
2951
16352
6137
5660
13174
2485
2225
18593
2546
1738
7812
7020
18112
5957
17849
15674
15839
610
8796
7448
17565
10680
7039
5083
8553
16417
4821
3519
678
16784
17406
11127
1326
10681
15328
18755
4510
9842
9616
11448
9676
10446
10443
17594
3101
8025
481
16905
16519
8707
4672
10211
15765
5741
15292
11586
9587
9210
18276
16725
16743
3840
9873
10790
18374
6162
5406
13371
15144
19582
18439
520
9248
11789
9107
2659
2180
17491
16491
5059
15605
14375
14082
17750
11689
6394
17646
2924
9494
1623
6811
5777
15791
9863
11514
18474
139
12957
507
14513
14705
17844
8
7748
16288
9207
11688
14858
12061
11946
15209
19578
1460
10145
420
3471
5539
7528
16380
18913
1304
13086
7203
7703
11670
8698
7332
364
3163
5225
15407
19871
19390
16275
6461
2070
967
5239
6659
6017
15013
1383
19080
5072
19034
18074
3407
16302
17819
17905
3210
17326
18862
3140
16255
3851
19069
18723
8065
2429
10996
11303
9335
11213
10068
5867
8524
6873
803
15982
8429
6346
9094
12616
2313
7625
15052
7560
2491
12532
8574
13715
13867
10832
13514
19440
9915
18581
8708
13882
7664
15204
9623
5442
6089
17949
11899
7694
1170
9512
15741
8808
6758
13220
15885
254
15641
5562
196
17965
17551
13261
17016
8617
5855
249
5690
9918
14766
2705
699
2330
1525
2056
9781
17559
6969
2639
7470
17318
1301
10363
909
16331
5873
19571
19630
19461
5131
9845
16526
312
7953
8203
1491
17130
12881
15230
5436
13413
11450
6542
11903
15295
15683
19628
13477
4509
13821
15466
16731
15423
9108
8507
10905
17526
6300
5842
16405
9240
6367
2850
12079
19830
13540
5215
18759
9804
18267
1413
1049
7086
8001
6406
1086
5700
19901
7613
17540
16932
1958
181
7033
2612
13697
3495
11142
13079
17619
355
18543
2092
13589
18968
6547
5843
18047
234
4700
8828
16112
15419
3308
15682
2025
14908
5511
11538
8082
732
8694
19804
19717
1314
229
15688
388
759
16847
1252
13615
4899
17810
17238
18352
13450
19852
11140
611
9747
4415
18375
11867
10974
6829
1152
16018
12607
15199
15063
10797
14260
16514
6111
7299
2432
6237
8238
19812
17942
2834
14087
11112
19321
12880
2188
19481
18953
16257
5341
6827
11357
13875
13592
1451
16138
5869
17621
15146
4784
10610
17835
10975
494
18007
8010
1362
5861
10021
16016
4421
10951
12614
10947
8378
17703
4772
1950
17881
4563
1819
1300
397
9742
13498
8972
11544
10650
9637
2900
17222
11705
12086
14761
9304
2012
8743
6297
2704
15238
3209
11087
850
4225
16239
12560
8091
3167
18284
9855
3171
19234
9770
4698
17598
3624
19616
3824
16456
10960
16628
7935
4298
2752
9680
1388
15166
17684
1998
1355
17379
15473
308
2226
12934
1244
805
9681
18728
4610
17418
827
9019
2968
6935
7383
7558
4494
19903
14909
1165
13799
17358
7499
918
2205
17624
5870
9130
3739
15336
7509
6802
7728
17300
2739
11058
19908
17202
2771
7434
9779
734
18877
10013
4322
15302
7158
18350
3349
19510
396
11259
15272
7099
19660
10299
1321
9434
19849
13520
9818
3572
8256
15770
15945
17837
4826
17895
11214
2148
13144
14152
2626
15113
19482
320
19884
5076
11772
19249
9582
17948
2007
18436
17783
16503
276
16549
88
19271
1057
2302
10023
5376
17668
16165
2954
15038
14690
17582
18677
17606
11172
17697
925
3557
6040
8582
17076
15136
15869
349
16475
19629
15940
16001
6122
9237
8728
18643
7998
4034
8663
17983
19886
11309
9814
17166
1790
16639
8465
17236
16844
10677
6220
8789
7863
8531
2570
7251
19906
200
10753
11794
11229
71
15500
17428
14924
13527
17878
1975
3113
8202
5887
2490
19529
19198
13515
13884
3035
9203
13831
8885
17871
13668
18817
7159
15020
2163
2989
9137
7831
19653
19044
6130
9153
14492
6488
12558
5241
295
6913
4953
7477
18823
15633
5075
19850
7793
15924
11204
1045
11136
10528
6368
8244
17969
13719
11517
11203
15920
8311
5770
15406
6769
747
11943
17245
12017
12798
2182
12653
15197
3212
11862
1038
4238
15673
7756
16196
2419
19045
6087
17537
10328
6492
16490
899
5279
9052
9935
11278
7367
497
829
11313
15679
16173
11620
10459
8964
4748
13078
6715
11830
7932
19331
9723
18437
9579
16042
11609
15474
6891
17719
16260
9838
19895
2384
16428
12595
16122
7329
17527
7038
16927
13084
3609
1522
2273
14093
1844
11503
11583
7292
6816
8389
2041
18096
16416
15395
1937
16604
5159
15850
9879
12713
11434
16347
6691
16396
4308
17390
16468
16543
7441
17024
18011
4496
7815
8874
17131
14282
6347
11484
13681
17031
10891
12487
16995
541
1378
9736
7751
15392
13449
292
2475
5646
2747
6598
19711
16880
19032
18634
19369
10825
7797
4087
7555
7534
15937
10460
17306
7911
17859
8338
10448
5305
6387
9743
6215
7709
4823
13645
10329
360
18655
13543
4565
15441
3396
16876
9278
4296
18002
9384
2891
19298
7063
7952
3142
18511
326
13022
17682
11062
8177
6174
7541
17101
6216
18998
16358
3683
17982
4690
11936
1731
15279
18335
197
11986
19678
13495
3633
10464
17861
11169
15801
17885
8123
18532
18214
1957
16088
15837
14757
12027
15936
17339
19619
6586
10884
16649
7106
545
1195
847
13601
14727
5908
2507
6801
15744
11972
16552
7296
7189
17010
5603
5652
10596
15176
11003
9008
13593
7669
13492
15358
2686
588
7859
13481
568
15640
3589
19144
7785
19095
12611
7336
7399
13877
18867
8188
9551
3354
11516
2468
9888
1732
8004
13800
15467
16611
9115
15846
4221
7141
14293
13425
2069
2994
11857
8949
4967
18205
7224
13399
3833
5837
1693
11117
2914
17480
8965
7052
11210
17756
15639
5907
19388
6416
9211
11672
12028
18295
13218
15269
13861
7050
17954
1948
7302
9980
16685
17146
8061
17788
7562
10657
6086
555
296
9916
17063
18513
16520
10051
16907
11179
17784
5880
19469
15739
11768
15253
2187
16888
855
15721
15119
16167
19284
19620
13998
13428
8942
17112
18784
12070
18290
316
15902
12544
647
16692
19299
11387
16060
18493
14442
16219
1859
11933
10558
2741
7418
1499
9594
1273
14742
16835
15797
406
5357
15499
728
2555
15718
4589
18941
10007
19684
613
4836
15458
19545
11208
983
2062
12570
1396
17116
12464
19593
6943
2751
8210
19187
14912
11805
17519
7964
17287
14890
18546
6973
14517
10345
6517
17204
15459
8671
7515
18994
10466
15904
15753
6614
6019
6015
5757
17556
9964
9400
11563
16517
16839
11506
19559
9953
11940
1645
1449
2000
1858
8536
8358
487
19707
19683
6364
16213
4850
5014
19677
15709
13264
13585
15227
452
15715
16944
1968
18951
10027
18673
19813
16191
8349
2961
4280
7654
10696
17075
351
16342
16343
2586
8390
18635
17767
13222
16420
16910
19211
10290
5573
12089
12662
17787
19736
227
1782
9328
686
19395
17603
7381
3585
9424
19257
14923
19315
7556
8146
19847
3186
9230
1726
13720
6119
3485
7575
8372
16036
11133
14885
16625
15039
17705
8569
18538
14711
14358
8125
13797
11135
7947
657
14287
16504
10630
16095
13305
16245
11173
6852
17216
10907
9748
18063
12012
5624
19693
9669
15949
8840
5866
16372
9270
508
19007
5970
17577
10053
3332
17659
19421
18306
13153
1042
6310
1812
7058
15569
8036
12310
10014
6544
15903
11898
1036
11678
9619
4065
1310
18384
14574
11802
18297
838
14065
5662
16801
11632
14986
438
14689
6851
11239
903
12663
11487
2441
17961
11945
11146
15057
17153
11851
6287
5579
19622
16958
18005
13234
11158
17548
6634
16369
15985
7536
14913
4284
10618
10067
11504
3731
16600
7034
10603
12636
7300
3934
8661
2045
18132
6419
18769
11630
6425
9485
14738
12002
3795
11156
76
11601
10155
17012
634
18235
18220
18087
13420
1787
16664
2010
18319
11780
15051
14237
15851
7049
4719
473
15564
17165
7636
9620
14808
6214
10972
2972
19698
13832
10627
14397
11192
708
11184
12414
4968
15886
15540
12463
281
15361
18882
1379
15988
1834
1488
11900
17533
15029
10958
7839
18433
1882
16542
4861
9725
18165
365
16978
18115
11995
5342
15728
16976
8034
13648
18062
4484
4569
3678
10424
7100
9465
3586
8071
17375
9393
810
2558
7749
16418
1667
10269
1148
8413
17958
6604
5838
1705
9484
6384
6405
17333
5983
19226
9866
14586
1736
13323
15391
7402
6861
3201
6150
1635
14029
109
16175
10082
5362
16559
15599
716
2311
3063
13917
8730
5599
15334
15974
485
17111
13901
3440
1724
1272
18053
3799
20041
17355
2522
17877
16325
7511
2230
14764
1851
11694
8114
13707
1202
16141
4613
10997
8479
7849
7713
9274
17578
16511
660
11596
14575
3078
14283
2004
18187
8753
6997
9495
3564
19723
12019
8782
8044
6727
5888
6363
13160
1142
7155
16804
16688
17353
11491
11623
13551
10387
7198
15589
2962
540
14402
330
3639
17711
10357
11640
17209
14501
19128
10572
5961
16564
3073
1837
17139
11207
5668
18324
5154
13209
16953
14943
8147
4151
8844
1805
7140
305
19844
2556
9627
16451
6870
16713
9701
18896
8151
1680
7846
14772
6552
6113
1059
11676
6558
13253
18169
19758
6313
15892
8209
9654
18841
6944
16923
6951
10667
6079
11463
5911
16544
9149
11654
3119
13210
16359
1876
19788
17268
2135
18978
10560
17474
12904
10938
644
17023
5026
17723
17161
3958
10749
1360
12582
16235
8682
640
17985
15454
10370
391
5333
410
11159
11973
15632
4577
6716
7206
6349
15863
5940
16069
622
16652
19663
1312
6683
8022
14485
6619
1615
17643
11729
18486
5938
4669
13361
1620
13384
11966
11573
4913
6193
6872
15942
10968
12552
5886
3797
3494
19179
6936
6984
19296
6942
7243
3465
2606
11063
17295
10535
13878
19013
19832
1041
2174
19715
16984
16884
10674
18701
18922
584
10817
9273
1025
18194
6663
3892
17868
12842
8076
350
17239
3561
820
10333
10356
7352
14820
16121
15544
17361
5275
19872
11738
13641
13623
3031
1650
2915
15780
16985
1157
15225
8550
11350
17137
16548
15577
15600
16721
16183
18696
4440
4670
16404
9611
16823
17321
16424
9556
10831
19011
15033
15567
9645
15477
16653
156
15686
13621
16817
17988
11201
201
19056
12468
16577
19768
3189
11057
8126
18124
16571
13961
17725
8518
601
17290
10081
2677
496
19105
2393
15944
16398
6612
19322
11097
15201
11875
18207
8407
15971
4828
5319
16601
55
17420
12635
1977
1716
5899
3449
15487
17919
10578
4437
16231
15671
11886
18320
15149
7233
304
16304
2596
1377
10948
18342
16414
6585
19759
11581
4030
1997
16554
6306
16891
3613
11952
11521
8951
5760
18128
16385
5947
3050
11819
17120
6893
327
2574
14371
17032
9385
11638
11786
17035
8166
16350
12628
13533
6788
19023
3554
10036
10834
13780
14107
1611
8404
13513
117
9835
18003
80
9238
16365
9689
10992
9093
19339
8831
136
16269
9672
11373
526
10031
11791
19365
16751
4654
2215
8467
18684
1892
18932
18372
15182
7977
2126
2881
17765
3504
8522
16319
17825
2789
18143
15897
4766
17288
7505
16071
3537
13631
15207
2252
8119
13705
13441
12045
14875
11455
17580
19474
3552
16532
5979
15100
2603
6473
8245
15654
61
846
14778
7691
10009
18361
17701
17591
3044
3080
10069
18555
6894
19145
15584
5853
12583
6033
1690
14767
17038
6810
16782
4050
1757
17444
17834
4269
1642
12338
19801
16157
13345
9687
9279
6832
8282
3442
10080
2576
7341
4778
1351
15868
2945
10987
5953
15237
6225
16289
15678
5136
18734
17917
17869
16454
19709
861
9764
11294
1489
11383
1118
13436
2903
8772
17502
17231
1291
15109
15817
18191
5689
9225
15535
17693
17532
16946
7110
8564
11809
17400
14337
18401
15530
14032
19635
17110
4892
17542
9351
5541
4254
11299
788
18557
19183
19950
16895
6311
6762
12903
17429
11956
7397
17666
9693
9703
18023
17070
16391
163
4276
17841
11369
19564
10953
19518
8646
17471
17976
18076
14867
18268
1399
8030
15571
15907
9913
14101
15990
17564
2760
192
900
6444
11036
15256
6039
499
12908
4918
2955
11600
8352
14223
1532
18393
18598
4529
17901
17341
8241
11792
11472
18588
1035
7578
15513
18989
17712
17907
16212
3528
11718
5776
1751
133
9882
11616
1391
10296
11252
14126
7032
17248
4711
16413
11185
17276
13457
16698
10671
13965
17067
9896
19817
18737
3843
5020
13368
15948
16351
9449
5808
205
13121
7325
979
13191
18259
16338
16893
17305
2064
14302
1346
18264
4907
15656
7612
8088
15108
17733
19751
8836
11566
14291
16609
15139
8131
1904
3507
17617
13372
13521
702
17669
14382
18870
4097
1401
7875
16574
996
16102
17563
2298
6123
5916
9761
7804
532
3341
17129
19538
16287
17699
5885
14589
15554
11325
18041
8477
11324
11890
9880
2191
10991
7088
4314
18126
15968
16203
16278
6124
2440
1251
12647
9499
7313
11712
3243
1189
15806
7554
16153
16033
19687
18448
14511
2314
7957
13833
15155
6485
16634
2605
19311
515
11349
3192
7794
7400
726
17960
18330
7973
645
6953
12007
5971
16386
19643
5388
12469
15537
8375
12579
424
1742
2421
13558
16459
15906
6218
8721
5512
2694
19392
18189
19756
18265
7173
560
691
19292
14920
2853
17854
17040
7209
13187
15245
11767
11069
8139
191
19909
16206
17193
8934
3525
7194
12630
18146
11948
8414
16897
3918
16705
16756
1827
6432
1128
11651
18971
4657
18567
6016
9585
17002
2928
18860
17677
8455
15879
16722
19201
10955
6069
10740
6263
11408
5903
19737
2354
9961
10079
8111
7445
6212
10994
17470
16019
16527
13479
851
11793
17541
15267
15028
16263
11574
4653
8735
4393
15634
11471
16598
7211
2784
3925
7134
2987
8736
18640
14465
75
2563
4611
15915
15163
11974
9702
4159
9972
18904
16680
7924
19706
11915
4806
19600
6845
7919
9671
1112
5284
17764
212
17692
6831
16531
15809
2015
2877
17097
7257
6603
15319
5326
16313
17720
16858
1392
571
1981
4266
348
15489
8421
6292
14067
7135
14313
1357
16807
10697
18424
11976
2033
10320
11406
4277
17918
3533
16107
17460
16408
362
16185
15213
15823
16272
671
19098
1414
17690
8471
16779
2139
3135
15137
11193
3414
6631
16360
10924
15071
6330
41
16292
11446
10484
3885
3499
14667
9593
15368
15049
1927
15157
10909
2019
5995
16155
4582
7349
11868
8419
19570
10278
17815
5101
9749
15866
13510
15243
4576
17903
1382
15979
14966
16568
19306
6167
18597
19225
3198
15588
440
11679
6909
16471
17273
18828
6504
13456
10253
15583
15507
1874
10629
3965
15693
1929
11842
7231
2759
2534
10432
17570
15764
19856
13573
10776
3541
6091
9476
6223
849
19255
11061
18206
13795
17001
15955
15864
3106
17950
8219
10978
2114
1117
4637
17718
14112
9894
6917
15568
11977
13254
6785
17539
19612
16539
1759
3627
7377
5208
15352
8526
6556
14257
19262
18183
3194
8128
2492
18687
18022
2042
16773
16617
1926
7724
13217
19414
17142
3906
11121
10767
18566
16327
1930
15680
9919
17535
8057
19138
3175
6587
9521
18685
19206
15574
754
11515
15447
2463
7840
16622
614
14519
17242
17218
13351
8379
784
6874
16312
393
105
10970
10447
3072
17505
1167
19209
17384
10597
1795
14495
18064
18152
2599
11476
17528
5878
10028
11795
18633
18467
7853
13238
14301
6708
13482
17228
12604
4457
7810
1477
17224
4549
17323
7502
18477
19465
8198
19393
8814
19719
16303
17522
5540
15184
11456
4820
18030
7600
18239
1928
6116
2837
18095
17685
16182
5367
18709
12049
7557
13796
5413
7428
17824
6401
19426
18460
17554
2589
989
13141
9223
18600
621
910
16370
11721
15234
705
16930
7680
15412
7449
9506
19064
8156
12032
17688
19448
9992
6001
19646
9667
1376
7559
1456
7414
11227
15910
10041
13480
18661
15012
3180
16200
9429
6826
1872
18279
4901
6836
9567
9639
16712
12885
19702
17717
4309
5684
19810
8014
1458
4544
7780
1359
1840
297
844
13883
3961
10665
5570
4947
9987
13617
14474
3157
3005
258
18812
2251
16674
11832
8792
3023
18154
6686
762
3968
5610
102
18246
13230
18694
17951
6548
982
10408
16896
17935
18880
19424
5670
9859
5534
6371
11871
16562
13679
9027
1199
6481
10959
16750
270
8555
1200
7835
18270
16472
12619
2420
12591
2177
7805
16072
17999
14294
15651
17509
16970
19775
812
13393
13635
11464
8323
503
14832
15291
16054
7037
15684
7111
11618
4236
16757
18876
19199
5924
15939
7245
15767
17435
18483
17255
1653
11532
18082
18819
13594
16534
14780
16109
11363
9128
16216
13297
16284
1774
9939
14095
1657
17389
10392
4232
19439
16450
19794
12013
15297
9932
721
17615
11080
19030
11264
17967
6454
15549
17347
19472
19470
6566
6060
1110
17149
18104
1176
8227
5381
15324
595
17334
15702
6457
13729
16803
11968
6399
15262
18724
16612
14869
15575
5973
4522
1831
13059
13560
13667
7214
15981
15576
512
19196
10698
11929
2067
157
4514
8849
17955
11367
1942
8724
11702
9402
17325
12866
1877
186
11963
18039
16506
10986
16935
10330
930
8053
17302
8701
13982
3343
15275
5437
6958
7288
9907
16949
1497
18729
19029
978
1960
239
2878
415
2228
15972
8103
15448
4318
11035
15211
19085
7095
17000
8618
15443
15737
6537
3966
15428
18851
13546
16210
6103
11990
8726
5533
4755
16015
8021
8699
2779
19665
1540
15493
6336
10772
8206
7647
16871
8148
16646
13241
2233
19605
11416
123
17855
11941
2332
5778
16592
18012
18767
3855
15825
1770
6978
16505
6011
7759
11747
18347
5283
6722
15617
18603
7865
6066
17049
19405
18119
19829
19301
5854
5691
16101
14792
19082
11078
8943
6178
3305
9868
18412
18601
7316
9934
3827
11055
17938
19659
16452
1505
6305
12795
13394
18654
2594
13074
12644
7921
4550
84
16594
15901
15514
14311
19100
17154
6201
10260
5956
1468
7177
13581
14048
15340
7196
7821
17119
591
4629
19900
8436
17517
16926
13411
15087
17198
1867
9947
8239
7422
1222
8807
17413
17247
17066
11284
10703
3176
12895
753
5536
9574
6155
580
12639
4458
7634
4706
10064
17068
13034
18847
19904
18735
310
15805
9690
18470
19326
17821
10261
2818
17611
8056
6356
9851
1894
17567
5930
16498
6120
5862
12667
237
16693
8659
1471
18866
19412
17147
6261
14387
6417
11354
18621
285
17870
11420
5350
3065
7766
10692
389
19430
8463
8727
8069
17363
17729
2693
6257
18618
17694
3002
1044
6719
2929
6158
8207
12047
8409
18766
8170
12905
18018
14023
5717
12119
15775
2646
11283
16901
10946
11473
16115
16948
2909
18010
17421
2484
246
7295
936
15934
8852
16841
1987
9145
18208
2573
19073
2791
17021
14069
14014
1654
5972
9641
18780
6165
16660
3150
18765
9875
16734
6315
8813
15876
1255
3334
15433
17391
7077
18040
15242
8133
2731
6625
701
9902
93
16707
15254
10744
13215
11317
19131
2738
6991
15133
11328
881
14034
16973
6820
9819
321
5844
8315
8551
15997
8744
15538
13224
7622
8354
7542
11497
4241
8255
7503
2565
16011
19118
2457
18970
1101
16815
12029
12011
17952
2898
15784
12941
15103
11853
13221
6014
5213
5318
6354
19463
16525
146
1335
16760
17057
11102
17240
11570
11741
2518
597
19374
16951
16699
4634
9391
13675
10005
8037
17945
15759
16924
6751
19551
15573
16747
6053
11073
12050
16661
15662
19114
7081
5687
10315
17205
8060
17093
13226
6331
18351
19434
3443
11607
13740
17596
8979
17971
13430
15372
417
14666
19522
14884
17311
901
7239
2204
16256
13131
3059
16523
7136
13378
7479
6183
11339
1058
6385
10691
92
9917
48
6359
13499
15337
10017
3088
14476
16399
18052
2509
15343
11053
10962
9200
16397
8999
11407
16827
16400
11238
18140
7072
3970
1315
18108
10748
15585
19666
13169
18110
15264
15382
18500
5890
11305
11486
16974
17592
16686
17191
16240
17661
7644
8810
13542
8356
16382
1715
15387
2785
16429
1464
16657
14968
13836
16605
14092
2503
17842
5943
13921
16310
17865
11257
4268
6524
17443
17275
10055
10743
19109
15380
1259
475
17487
11074
6776
15840
17213
6759
17411
3011
17662
16641
11592
2882
7842
15695
5348
11637
6475
17947
1498
6583
5835
150
8926
17632
16929
8226
9036
5906
13293
6914
2124
11390
18999
7412
15964
16963
1417
6589
6472
19063
7675
11669
4914
17058
2266
4304
18245
7962
17055
7643
15410
18429
575
8158
14992
1899
8122
19806
14091
17589
2975
966
1943
18760
16477
1166
6465
17941
13385
14119
17515
2672
16443
7930
7035
12035
17102
1841
14227
19657
1125
12594
15776
17986
7026
5783
1941
14605
17215
19588
15757
6667
16989
6629
8517
15105
231
9606
16465
12633
13855
18719
7592
1466
16082
544
18589
13203
19644
5430
1415
18698
13942
17404
15733
383
6783
13216
15788
17843
3085
6515
16470
11859
14782
9877
11840
3991
1334
17759
6731
1430
5969
1323
16794
15095
8280
10857
13081
854
11804
16202
7043
727
17320
17415
18260
203
12001
13390
1985
6061
2716
3964
12650
8187
563
2142
10609
260
4536
18793
18225
19765
1303
12009
16038
221
16986
16205
16677
16194
5925
16727
1847
7796
18380
2157
2647
18928
7920
19579
6431
7723
17298
16118
7096
13827
18537
16493
1996
17225
15976
9571
15579
2886
12928
6720
17483
17170
18029
6135
7453
952
7008
7959
3638
11114
11176
1097
18559
10971
2145
13561
5147
4553
13824
5963
3110
7315
17280
19739
16667
14412
6506
3197
4326
17909
10816
16982
11878
1133
11612
7778
14370
2982
16570
11866
11732
17550
17370
2167
19438
10898
19111
1073
9719
19515
18626
5522
17851
7376
4297
19621
16007
1813
16765
13553
13660
7391
17087
5852
11132
17629
1718
17065
998
10628
12621
16280
7627
13575
11551
2456
12016
17345
18179
6495
13781
17463
15660
16868
6170
5756
17777
16131
15270
6153
10625
3738
2781
19327
8024
7671
17678
17185
33
14862
19858
11329
16324
924
4585
3202
15612
16111
17817
10738
1270
7506
5990
12044
16931
16230
3145
16665
6733
6282
9072
13307
16715
11425
10365
3960
18959
14841
17138
14327
4011
6452
11187
17557
13571
11939
3722
10534
2876
17271
17011
13559
17742
11233
8848
18026
13814
16425
779
8476
15502
13459
7877
15731
18790
10234
6819
13431
17716
11625
5269
17159
2792
7379
1284
16106
1179
5179
14394
7429
15132
12054
5999
10645
10367
5709
10048
15810
685
16741
2153
11731
16959
16736
16496
2055
18636
19473
11467
9733
1402
10406
12629
16635
5270
6814
1969
17904
16174
16100
9043
926
17416
16479
1798
19517
11578
8716
16637
17640
17192
15804
4049
3469
16580
17642
17836
16445
18738
2209
6555
6576
16952
15298
16615
16337
7415
3735
9376
10815
7961
14359
1660
16066
2506
13251
3097
13538
7814
19151
19338
12632
10105
8832
1295
15390
9077
19213
5635
15558
11155
17889
8786
17410
9435
17383
2944
11412
17312
6701
39
11089
13896
14006
18190
19148
448
13830
14803
16339
15068
19264
18703
4323
16419
18711
17543
14379
6412
15192
11748
9721
17098
19006
13908
17590
10616
7114
18905
9688
4627
14768
4334
13752
15911
15066
7788
17751
4775
826
11761
16045
14842
15768
16357
16691
547
8200
9404
9122
18013
7870
7018
19186
3399
17077
19112
6750
17940
484
605
9920
13939
5923
16151
16499
795
7182
15486
19649
16137
818
12106
6857
16980
13927
7910
17544
10040
19155
11876
15341
12031
5197
16832
14482
6747
9359
16154
9224
17957
5850
7105
18961
11928
2160
9262
52
7223
11086
2997
12622
988
16846
5696
2088
1612
1349
185
11783
19563
19000
15431
4368
2149
17282
17486
4251
16388
17171
17607
2600
18662
7475
18886
13545
18523
1367
2673
11661
5949
1400
11938
19132
2826
13242
11953
5322
13716
16648
6035
6333
6946
11775
16130
11397
776
3040
7205
4962
8466
17230
15479
9950
10108
514
7963
9251
6593
11180
11897
18358
18649
15857
13547
13549
6536
15987
18281
17928
16199
13507
6097
773
11085
4636
14374
9922
14848
16939
2415
16777
17583
19778
11462
14298
6809
9872
15346
5703
18750
17197
7589
14475
1669
17953
17616
16869
4311
14756
13858
17466
19342
13295
7047
9767
3446
13357
17412
6245
17223
16295
17030
14110
17753
525
17073
11879
18078
9470
730
17069
19661
6925
15469
19061
17436
8180
15384
17912
16644
19550
15623
17781
1265
6746
6591
16170
11758
10410
11999
642
9656
11691
18742
15524
5234
15681
4607
338
45
5985
15824
10349
2263
15376
17373
848
10343
17249
16253
15129
9361
18266
12046
8714
4545
17041
18042
2860
1427
14118
17702
17791
10964
303
9803
15561
6289
11454
14734
14449
14281
8519
390
1298
17858
17972
8480
11699
5996
15636
8801
15364
12004
16518
15414
453
16711
17808
11362
1129
11537
6430
17169
16306
16908
9942
11379
13931
16859
10050
15268
15470
11611
7089
17900
11663
10957
17757
6118
16271
17338
3558
4865
352
8456
9967
11410
19070
17294
17376
5944
16758
18491
1337
2439
13326
8284
17127
4575
19346
3143
9998
13574
16962
12702
19749
15476
14509
14846
6985
934
11733
11477
17348
17576
9275
18255
7121
7990
17434
13822
17386
8464
11356
15218
997
17020
3084
11860
10998
7686
15787
2986
16892
19453
9864
16805
15870
12003
15003
8657
8454
15097
3081
6918
17277
5840
7972
8062
14086
17006
16992
2921
120
11160
17773
7151
13673
7923
15986
6781
11361
9469
9497
5429
19769
8055
15110
2642
7102
17042
14285
113
6981
299
15973
1115
2670
16558
18612
5864
11856
17797
960
13302
11001
9974
1320
7076
19218
44
15022
19053
14488
376
11417
13537
19537
884
1048
1394
16004
16401
18105
10784
4275
11336
11701
13845
11378
13969
16166
6151
5872
226
16830
1132
11865
5975
8474
4333
16423
17962
19699
16733
8084
7716
17638
17730
10658
18025
11714
9488
13536
18472
9505
1333
18218
17494
154
5636
3290
1978
15345
17562
10279
17036
202
16781
11615
19460
14380
8692
11070
12605
6677
1098
17446
3105
6244
16225
537
17387
11217
16132
15803
9722
16077
1661
16981
19096
19456
14844
15072
10439
662
4303
15239
3127
13294
17088
16560
16898
9778
2763
7294
8231
19411
6623
15263
18036
11423
11215
17906
4633
11202
3997
15452
402
14434
3932
16215
9163
17459
8175
17672
6684
10640
17679
11392
17980
13403
17775
3904
2588
19258
16852
10430
14570
9696
3014
13704
10052
161
16171
15350
17210
16729
16364
18894
16899
2965
16840
5952
15193
16305
15519
5000
17356
18494
8110
166
13880
9805
15111
18282
5773
2021
17501
13732
1912
7036
6912
13685
9914
15210
16988
9704
1639
7978
5369
18399
5946
10018
7154
18492
17200
10063
1686
18761
8918
17163
14467
17850
224
16501
17707
2173
1161
18475
11591
14493
14728
11157
16521
2852
16392
17316
13395
10030
10983
13842
12473
5988
7895
5882
3438
3744
10327
19043
16842
11381
17536
17936
17683
19658
467
19491
16670
14106
11934
13640
8141
16285
16697
11846
13903
11617
9431
743
8135
11
19862
8528
3517
11488
16190
13725
16089
18088
10984
7455
16314
16900
11054
11668
16936
10887
6965
16373
16795
9575
2825
11400
10378
19652
5981
18975
7199
14085
15666
17975
7040
4863
19133
13688
7939
4756
9501
15598
12008
17064
19288
16242
14040
13904
14827
5628
7938
17027
1922
18954
2941
130
7732
13366
7380
18552
17317
17037
11864
5936
14
13580
17552
1099
15836
10931
15
18086
18057
17605
16437
5737
2346
8143
5960
15587
879
9870
1256
8992
1651
2083
9982
7712
7773
16129
11807
18520
2746
12025
15730
10945
17362
961
6125
17644
322
15520
15468
7358
16718
8130
17807
2842
6023
4007
11633
16366
15755
11677
16614
17398
17054
719
18004
17499
17172
833
15714
10941
8120
16724
9360
16706
4321
8589
15069
11060
18830
669
977
11443
15509
7493
18440
18702
9209
2186
16098
15889
1940
11614
11695
19700
17232
15543
8633
17082
9218
17105
6654
17867
14521
8444
13735
9650
17520
439
8491
5955
18639
3033
13742
1040
5199
5309
14076
18084
10054
16435
8781
11389
19229
2865
18034
6437
15740
17822
7263
16461
17145
650
5937
13835
15088
13387
4983
1424
8442
5625
1072
17199
13709
5278
412
15542
599
542
6884
1339
8751
18641
8312
6602
2936
16643
15024
11243
13899
16916
19286
1664
2371
15285
11599
17330
2984
9771
16538
493
15669
5877
16629
16619
7060
17440
704
3064
11771
16234
13082
14578
7768
17914
19489
16158
18797
15812
18130
14491
17270
19878
16012
16825
18406
8532
6963
19444
11263
2423
17882
16582
7473
11098
9242
2998
3888
1266
11643
13128
3161
14099
11253
1528
16902
16588
16222
17558
17514
15602
10615
5710
11806
4889
13879
15858
690
14510
9500
10979
1343
1366
6932
11444
12021
6447
19149
13692
16091
11869
13564
638
17655
2933
7856
10074
4464
6429
19843
16746
2428
18045
2538
17201
14304
6471
9496
11580
16279
12634
7630
16449
2560
8817
19449
6375
3908
8535
19348
18810
9432
8112
981
12794
5900
10438
8806
14935
6562
19195
7540
11458
6858
11760
16422
12038
11256
14774
9686
7025
2553
6545
19189
8599
16179
7695
6590
6420
12609
10481
5431
16251
17048
15711
13511
15117
7271
16547
4312
17335
7123
8508
8767
14516
6680
10066
16696
17651
16005
13409
5028
16730
9709
3466
16524
6410
15289
17278
17431
3603
7312
13682
6732
16207
2796
16812
16761
16094
18070
18964
11628
15881
18077
17265
11917
6937
3162
11470
11529
11429
7884
10499
16987
8319
17343
17908
19894
15649
13445
15216
15667
13140
16464
4133
9568
917
16099
10980
19337
10258
12624
13889
2413
1818
9684
18389
16632
13172
10702
7439
6187
4306
16663
2821
18258
7824
12955
16894
14762
14109
11436
16427
6203
13661
8731
15246
16599
9956
11469
14483
5893
6096
14005
19184
13828
17989
10995
14303
3271
17665
15344
9720
7487
7529
16654
17143
16119
2896
17337
15950
19267
16877
1260
4655
3131
19291
3270
10094
12658
9464
19178
16557
15687
7218
16311
19310
17051
11272
16563
422
16226
17328
9099
16160
5669
13860
14552
7442
16843
11355
16181
16028
14078
2584
15375
13943
11231
1340
6940
14436
5277
11855
1838
8185
19125
17454
3963
11296
7673
16535
10855
16041
14426
17770
5145
17913
13683
2189
17060
8401
4573
18233
7190
19361
6797
2630
10482
19150
16247
16566
15482
5192
11083
5149
14438
1160
6533
6045
18244
2325
12484
16778
2549
14468
11660
5560
7350
6
904
11921
17636
8435
14580
11419
17654
16104
2235
6763
11422
3405
11414
15388
17579
8777
1387
7989
140
19816
18008
17758
11639
16702
11396
16759
368
16383
13910
1013
6988
6002
791
14068
1644
10393
18371
5967
9626
11453
13647
17806
11575
14489
12266
16211
8749
17648
12869
18748
16831
16227
7290
11602
5316
17046
2317
3386
8443
8448
16864
17816
7238
16436
10271
16964
5851
17990
4624
11411
16814
14581
8360
15670
19568
14284
318
18692
679
18622
17080
1055
10854
8858
10653
11171
933
14910
1643
16087
14487
16431
16349
5763
2836
2631
9472
1178
5977
19876
6711
9858
11843
6148
13892
1281
11427
11698
14305
7570
19084
1302
11697
16273
10632
13996
19924
8783
2447
4451
17523
3598
16348
8821
505
2034
5775
16204
16769
10257
13918
30
696
7384
5142
19783
1109
1881
17704
3000
19092
4370
8242
17506
8327
11831
16860
7949
16250
5433
5921
9276
4847
1325
7287
14480
13649
7165
19416
5276
10347
17510
11925
10289
10292
7125
9891
15329
13419
14295
11166
6075
3019
12612
11820
13548
15190
17243
11145
10961
3109
11755
11926
18481
16848
16125
10350
17620
18749
9660
16326
11769
863
16753
2895
12474
11275
17634
11088
6352
13491
5272
16684
19640
16116
10407
804
19865
16390
13474
15965
10742
2505
17493
15630
2749
550
19158
356
15995
257
6948
921
15835
8165
1336
11837
17681
19345
13754
1856
16833
7888
1365
16650
17754
6889
9583
7403
1353
6971
16681
8127
9116
11923
19607
10949
14120
8703
670
6993
15572
11384
18278
9651
16030
11246
375
16441
11528
19107
13885
16187
16034
16480
12948
18681
5229
3771
2985
4774
19060
4040
16934
10394
384
16229
10375
15054
11598
3463
17635
8124
698
16586
17741
17792
14498
17568
17573
3316
17462
1053
19631
16767
15960
17946
245
460
16809
16050
14536
17135
1003
2424
10401
2523
13687
19752
217
17939
13331
17071
7283
14760
3185
17441
11858
17833
17920
5674
14806
17626
11773
16046
17432
13963
7967
15325
7993
7444
11932
9921
17658
11872
14497
125
7772
6280
16440
17308
11845
16318
17569
11746
3104
1393
19156
16195
9507
18257
5993
14522
529
18948
16136
13127
6426
17495
17809
11723
2726
15808
16720
12018
17025
7802
11138
19542
19531
1453
11104
6446
9966
19745
2200
6246
19866
8515
16575
16513
18947
6302
16164
9426
17726
11861
7219
19828
17177
17892
13662
325
1124
16379
18038
17226
14081
101
11534
7246
1364
11895
15156
19502
6484
6838
10937
19101
6018
14308
6456
15198
18879
13909
8506
11099
6899
3036
18670
9963
10323
10623
7508
7388
16254
16258
13849
16448
9586
7582
14435
5686
15646
16308
18965
10262
19583
11175
5909
12661
11430
17873
15286
4829
3028
3427
19173
15284
16678
19047
17926
17828
15815
13579
17618
16915
5630
4014
3155
16393
16960
17365
17879
2329
16890
15750
11778
19153
19324
5980
5098
13868
16849
5998
11343
19410
11863
18186
11797
10977
15125
11982
19309
8520
6883
1992
11568
11518
10403
16545
17890
13940
11594
7289
5640
16593
14070
15785
16294
4260
16947
8211
16293
1071
9475
17772
16469
16438
14478
14100
5860
15496
15495
7232
10252
1308
13483
15884
16550
963
11190
11852
8068
5667
5701
11151
18895
15935
1330
11550
18848
15014
251
2719
7065
16742
16510
10463
10383
16755
53
13851
11912
6131
5848
1348
9474
16651
19708
18920
15164
2687
16127
8449
19599
11683
5417
2024
11646
18283
1647
5762
7180
11352
2569
1411
14494
5688
11519
11659
17028
16237
16631
16381
11997
13290
14515
17123
18501
694
15490
19210
14066
18683
19224
272
13914
12646
16874
15643
19899
14541
873
8303
556
19785
6787
17981
17448
10062
8457
10366
7663
16865
17894
16447
1758
17181
17468
2137
274
17237
3767
11178
8705
14571
11605
18202
2874
16977
3765
12051
16377
7585
17637
15521
655
12655
16861
602
4302
1363
11342
17227
14588
8747
16878
9705
9576
7543
18188
9706
2414
17613
15398
17465
8408
15241
17423
17160
6378
9679
18334
17546
6262
17047
18318
17164
17566
17033
19797
14288
15417
223
13240
4468
919
17724
16819
18863
13929
15265
2220
17324
10912
16334
19139
354
16624
17156
19376
1429
17979
6126
16710
11839
7823
2445
16668
12654
11044
9995
8521
15416
17417
2478
18892
857
10827
10910
273
5759
16052
14447
15492
8164
19573
11331
7464
14300
15925
17014
4293
10819
11813
17490
15751
19468
11105
16957
11165
19038
5233
10990
10771
860
15842
19215
15025
7690
3500
16802
16854
15769
14504
11128
2037
19115
16488
9969
333
8686
15783
2029
14871
16555
16220
5951
17357
15445
13258
10638
1665
11564
9857
7530
11656
9578
11523
3179
19108
16368
18066
14296
1060
14027
6327
10739
18431
11981
10093
3172
15114
16268
9659
11799
9629
11337
16354
19349
5664
3823
11038
1938
15819
15506
3054
16276
8667
19732
9509
17575
8043
18434
19097
7624
17257
8469
15779
19520
15351
16576
323
13690
7946
10355
5643
16954
5232
1342
7078
17599
11613
6487
12033
12642
18028
17293
16636
18192
16486
1409
16666
16147
11269
17650
10741
968
14446
16616
13422
3156
1347
16933
16787
10437
17221
9221
7268
1764
10429
5434
10391
13793
17403
15480
4291
16282
1386
5653
16296
16223
17740
9903
15421
6407
13891
5901
18958
4185
16228
2071
8400
14590
11969
16384
11905
18422
16140
19364
11224
8809
15124
7881
9968
2151
19221
16922
11068
19486
307
9628
1182
10386
5157
8066
17180
16719
14437
16887
9483
11985
629
19704
4099
6968
6146
2449
5945
5986
11100
16940
8195
9674
17190
11051
16851
17856
18569
5641
8095
16421
6106
5634
13233
1909
18918
13900
16855
214
6896
19368
4399
11736
2568
15170
2689
8007
18872
12024
7500
16252
6138
6498
18173
15727
17727
10396
16290
16186
13250
19122
17229
8424
16994
16267
10457
18564
11542
16856
16792
11370
1668
10274
1878
16689
9570
11103
11242
14116
16682
17061
16735
7706
17553
15104
16336
11198
12065
16744
13684
5974
16790
2683
17826
10402
17545
11901
17183
16009
948
12664
18338
19079
6012
18370
19181
1140
16965
8438
17438
16863
741
13590
8447
9480
16126
1448
9471
16723
11836
13788
5849
10352
1530
15831
6645
13676
6690
14089
7860
13887
17641
14307
11979
16583
16283
11049
11728
18788
12472
1309
16322
13612
16774
15257
4290
17034
6863
14791
16701
4704
16128
14737
14506
11461
4638
8192
16274
5271
7210
4364
16788
18805
16378
11692
13572
17219
17397
19407
17503
543
10433
10057
2735
15260
2727
11919
17715
14496
17351
16630
16754
10928
16161
17019
15747
19870
11533
5677
16655
19172
5876
11522
17524
5976
8320
8233
19755
19055
11094
11298
1361
5638
5273
19685
8423
17457
5896
4307
17647
15719
6386
17284
2963
10614
1183
3025
8732
8208
8525
17327
2480
1722
10340
3071
18033
6013
17091
11576
10294
14514
17342
16662
3969
9697
16798
14724
6648
17124
13895
4235
1533
15367
16163
19171
11734
5544
13886
9978
3768
16328
13318
6764
3411
9263
1648
1836
16997
16770
15761
15725
17155
10737
16402
15258
13928
16148
17492
1120
6825
5361
7599
17475
7360
11286
2816
531
16217
10932
11154
11983
606
15394
11957
17631
15893
19099
4776
11281
17283
15991
12593
19036
18499
331
9592
18046
17442
1064
15172
9572
11541
16135
18526
2065
16197
16144
6114
16507
577
3417
17084
11170
18846
11489
17374
17768
17838
2614
15134
7297
16374
1074
20085
11993
16244
11785
0
3831
145
16214
15383
11690
1531
13090
11494
17485
6445
16797
15127
14486
5682
17029
18671
13303
17572
14039
13489
9378
18447
7172
7394
596
19193
11034
19152
19533
16356
5626
1610
2551
18577
17258
16700
15546
16150
18292
7386
6435
11782
10440
19117
10305
10326
16530
11904
4372
11572
16866
15814
17188
18068
1054
11849
11335
18849
11989
8529
9893
16675
16881
16820
6210
16320
14292
16683
19418
3959
13912
11393
7298
17354
825
16026
16808
17455
18907
13256
6823
9933
5997
13898
18653
9649
6030
17447
16621
5627
10016
5306
2144
17713
19140
10943
8046
16810
17244
4763
10885
10444
9954
8841
10423
4287
14997
6505
16914
11079
1663
9892
11942
11268
5941
16749
17782
10700
10455
6163
64
15434
19787
17184
9869
17433
16403
16596
9047
8087
17818
16341
14035
18085
3907
17140
11907
1322
19624
15498
16201
3559
17893
11569
5405
16265
17997
14505
17513
13838
17500
10933
9807
15908
12626
6697
15154
1866
17673
9850
16541
11340
4042
16096
11262
10368
17504
19083
7549
7701
17371
4777
703
11634
19217
4966
16772
13322
16455
14299
17696
17496
16277
10277
6502
1341
17310
10388
5666
9459
4313
7490
4285
11787
18611
19124
11413
816
14852
7351
8304
17774
16261
10267
19637
16658
2227
17118
4299
15691
11109
18441
17477
1826
17547
18291
17482
6172
11937
2562
16262
16961
4379
6881
16321
13941
2814
1989
19167
18757
11958
9580
18715
16395
1755
7757
1159
122
14084
17932
4807
16775
11270
14102
13915
16243
16476
16142
2554
11848
6044
11447
1993
10390
12052
14518
19625
3184
16335
11113
17083
13337
7628
3408
867
11560
10275
4319
14484
14520
4294
14026
8081
16671
7129
11784
16500
11984
16816
1051
10930
11622
15604
16376
16813
18079
2717
15749
11908
3418
10
13938
19497
2011
10395
16139
2721
10288
13905
9960
1457
4101
11449
14525
5991
14502
14015
9569
14062
14030
11763
14064
10795
10888
16208
19820
17456
17746
16375
16317
10927
8306
1777
14392
7234
37
17296
6503
11664
9899
17425
674
5708
9625
16620
13923
17776
7092
13932
6436
16968
20083
14028
11750
4329
824
16999
11603
4779
7620
7520
10058
15898
16483
576
15916
11218
17992
2150
8805
16446
19733
12030
2728
14592
17092
6775
14769
15735
6500
16415
16726
18234
17469
11589
17739
19735
10913
16355
5173
10449
9461
9285
2155
10465
17498
13926
10926
13741
8426
16133
16022
15914
740
16709
2527
18864
19180
8446
14998
13311
10451
19516
2035
16850
16145
14097
11774
10322
16752
5637
16764
17427
16656
19441
16371
17479
18341
13196
14057
7970
16872
11212
16497
16522
6876
8459
14073
17464
6666
16793
19174
16084
17445
19127
10689
16572
13650
19194
9051
431
11524
16426
11241
10441
13888
2043
1307
15629
5715
11649
17178
2775
16873
16192
1390
6501
16080
3087
13239
17208
8451
10318
1986
5639
16783
8530
11740
5345
17803
2086
16766
5313
15548
17096
11776
11199
10304
6995
10331
17639
17481
11626
3024
3141
6231
8847
8802
15326
16473
9931
12631
13774
5347
14146
13911
13913
15532
1063
16640
10273
5958
16585
9929
13934
16838
10436
5226
16487
1407
49
14472
240
19664
9252
2502
18471
10940
8422
17336
14479
17053
13819
17450
14056
17933
10856
11095
16595
16836
10867
14024
6301
10456
16495
19633
7985
10936
16387
11823
19248
17478
16704
16409
16627
17476
3531
1740
8596
16485
18200
11093
11292
11091
131
5228
16027
17113
17085
17452
18512
13930
7909
10906
2813
10934
16857
5839
6885
17534
7893
10861
17078
10056
17314
17079
16093
11960
16565
11754
14072
15261
15707
17530
6105
1206
10380
10859
1810
10929
17489
6463
566
10860
16672
6834
16474
11631
14225
10266
17125
14075
3614
13235
11752
9664
10862
10935
14306
17484
10411
11050
11658
14272
7443
7044
14071
11282
17473
19185
14031
13894
4325
14512
10298
13775
8410
14271
11496
11889
13893
14074
10442
5346
4335
5323
19231
10389
5227
16309
19499
5889
17453
10454
17472
3272
19864
20084
14874
16297
10381
1385
8533
10858
7022
19925
13906
14673
13304
6497
16430
7984
9856
10453
16529
1608
14226
13333
9473
10458
9468
19175
11753
