0,1
10166.0,1.608308704655824e-11
12253.0,6.474331196828447e-11
10177.0,7.527325069581901e-11
5446.0,8.049979762590244e-11
10191.0,8.779780819294686e-11
20071.0,1.3777293227583014e-10
12421.0,1.8015054345623499e-10
945.0,2.1712033087848868e-10
10183.0,2.221089027396455e-10
10165.0,2.2882538388643996e-10
10202.0,2.3255434208043336e-10
10178.0,2.4702001377042136e-10
12353.0,2.59200862798386e-10
10182.0,2.679223142963501e-10
12078.0,2.799306455268116e-10
14569.0,2.958509926965947e-10
10517.0,3.0375157833113025e-10
12364.0,3.21773630482893e-10
12339.0,3.301458167073572e-10
12294.0,3.538617867006385e-10
20044.0,3.5770232621068045e-10
12159.0,3.7718842934416225e-10
1228.0,3.887888020904493e-10
12303.0,3.9208153830086084e-10
12327.0,3.9708251664812524e-10
1551.0,4.0448613218387303e-10
1239.0,4.277408446066997e-10
20024.0,4.302737113698529e-10
12543.0,4.402587065398965e-10
20054.0,4.719557716148285e-10
20043.0,4.721545836282298e-10
12130.0,4.744456309385624e-10
5455.0,4.827161935718527e-10
12985.0,5.179245082677911e-10
5493.0,5.189383296667069e-10
20037.0,5.230898875396602e-10
12453.0,5.252242655036872e-10
5449.0,5.340462360816397e-10
14926.0,5.77548779061387e-10
3791.0,5.796404749458788e-10
10176.0,5.824649155378161e-10
12528.0,6.383656308239154e-10
20048.0,6.487580707520007e-10
10162.0,6.562333938937878e-10
12408.0,6.656272957754089e-10
19102.0,6.813468359619749e-10
12075.0,6.939230229354511e-10
12953.0,7.095305451387557e-10
12684.0,7.121102294768133e-10
5245.0,7.214345214674371e-10
12686.0,7.221116810073114e-10
18136.0,7.239521305644455e-10
12983.0,7.600339766145288e-10
19934.0,7.803085723029693e-10
12282.0,8.322785891427167e-10
5504.0,8.362023180378666e-10
12391.0,8.880646407559705e-10
12363.0,9.427858065927063e-10
12076.0,9.469095804439764e-10
9206.0,9.491787601452553e-10
12926.0,9.522365437088215e-10
6383.0,9.67441929657457e-10
12521.0,9.693347364696277e-10
3740.0,1.0181898262756346e-09
1421.0,1.0399541678145374e-09
12133.0,1.0407117426184027e-09
8497.0,1.0697580407826992e-09
12754.0,1.1236446756408736e-09
5302.0,1.2095869392904835e-09
5291.0,1.214041287346121e-09
12449.0,1.2472474058120072e-09
20039.0,1.2504952937310235e-09
10199.0,1.2681914465862275e-09
10175.0,1.2967518625741028e-09
12753.0,1.3755409778640216e-09
1604.0,1.3864221169001564e-09
5495.0,1.390745558975049e-09
13024.0,1.416457252249109e-09
9530.0,1.4278784715686774e-09
19978.0,1.432511836057398e-09
12942.0,1.4794074630855012e-09
10249.0,1.502445143341416e-09
10540.0,1.517211481812739e-09
12991.0,1.530753088621317e-09
12921.0,1.5803293300483723e-09
12566.0,1.618768417021002e-09
3792.0,1.6555389728868459e-09
20075.0,1.6685220395196177e-09
12813.0,1.674218072200383e-09
13041.0,1.7152242229724075e-09
12134.0,1.726156452072451e-09
10189.0,1.7366383060339538e-09
19987.0,1.7719746327200887e-09
12293.0,1.8023103577914566e-09
8513.0,1.8714004863736773e-09
3457.0,1.8779241318544153e-09
1241.0,1.8836273224526316e-09
12982.0,1.9296175414200483e-09
19918.0,1.9857201425142434e-09
12138.0,2.013918227460641e-09
3726.0,2.0238511136766122e-09
12979.0,2.0463310329080222e-09
12277.0,2.054638678006e-09
12918.0,2.064316910177932e-09
3384.0,2.084834566824014e-09
3511.0,2.0871448103675097e-09
12535.0,2.1593597295252208e-09
12175.0,2.2050175505604988e-09
10179.0,2.2103399673490686e-09
12434.0,2.2241133074540594e-09
12342.0,2.2295195643475055e-09
14721.0,2.274724193312614e-09
5479.0,2.3341333156017847e-09
19954.0,2.340819529717254e-09
13038.0,2.35009718393712e-09
6643.0,2.3604924664831403e-09
12148.0,2.3629490534776717e-09
19917.0,2.3821812132215988e-09
11017.0,2.38806911405087e-09
12169.0,2.3966701567054034e-09
3841.0,2.4331493613571206e-09
14457.0,2.438273197309049e-09
14471.0,2.4854817263625502e-09
9032.0,2.4959295288435492e-09
12274.0,2.497379503729229e-09
4780.0,2.515533934543317e-09
19238.0,2.5293807289231994e-09
12812.0,2.5336460856966743e-09
12122.0,2.5369284018286918e-09
12332.0,2.5442464134665073e-09
12207.0,2.5954765191192566e-09
3544.0,2.5955767727740765e-09
12368.0,2.615425489498409e-09
12415.0,2.6166108526151757e-09
5448.0,2.6316094894816578e-09
12721.0,2.6882902379657286e-09
12258.0,2.72091063158128e-09
12492.0,2.7371707657774124e-09
2300.0,2.7484940517718605e-09
9787.0,2.7542376298062187e-09
12302.0,2.7570876625216725e-09
19977.0,2.7742156171497733e-09
10167.0,2.8805202465976163e-09
5140.0,2.8954588888138868e-09
10228.0,2.928182789683099e-09
12788.0,2.9690724102439957e-09
10192.0,2.9963571329367505e-09
12514.0,3.0111912233228903e-09
20042.0,3.061872729400503e-09
10525.0,3.0625744450495266e-09
12461.0,3.0645507323582802e-09
12944.0,3.1001441276012784e-09
1587.0,3.120034593136005e-09
5468.0,3.122539881367928e-09
12273.0,3.1413591936673163e-09
20072.0,3.144107157562281e-09
1548.0,3.1613859764313864e-09
2295.0,3.202055842076867e-09
18123.0,3.2244224247612747e-09
5747.0,3.2363137719891907e-09
14460.0,3.237161111872664e-09
13026.0,3.2841660426976266e-09
10232.0,3.328120844478402e-09
12180.0,3.3364987245008385e-09
4450.0,3.379128386846209e-09
12082.0,3.3872864263322074e-09
5297.0,3.4593359770477635e-09
12954.0,3.470968740226725e-09
20017.0,3.4806404823251792e-09
5450.0,3.4947790132137875e-09
1586.0,3.535701135514687e-09
5496.0,3.5554204275019577e-09
3429.0,3.555602971521153e-09
5491.0,3.5589449826298044e-09
12358.0,3.593551963763073e-09
3328.0,3.6499427823419844e-09
12455.0,3.6708131547887585e-09
14751.0,3.732664128694551e-09
5255.0,3.785022668046448e-09
12199.0,3.787266238500006e-09
12919.0,3.8226300666584515e-09
1595.0,3.863878679040962e-09
2222.0,3.874742488382217e-09
12256.0,3.879287012498368e-09
1596.0,3.881978124034634e-09
9533.0,3.938891350718011e-09
12319.0,3.940087544894078e-09
9057.0,3.981828264101319e-09
20051.0,3.985108199968921e-09
12335.0,4.025595161986913e-09
3648.0,4.040687108643319e-09
14607.0,4.063166616893823e-09
12751.0,4.108123621300811e-09
10497.0,4.115701552675526e-09
12369.0,4.1428131068510095e-09
12939.0,4.1736525746440166e-09
12272.0,4.175537992361977e-09
3522.0,4.187887728856105e-09
5834.0,4.227558945147793e-09
4994.0,4.240918264800242e-09
14642.0,4.2550355188648494e-09
12549.0,4.255783932219346e-09
8892.0,4.262292765263254e-09
12210.0,4.270907207607752e-09
10204.0,4.287037086542908e-09
12424.0,4.305651208062746e-09
13957.0,4.343981059735334e-09
10038.0,4.361454752050823e-09
12507.0,4.364050284840077e-09
12211.0,4.394654594495786e-09
3547.0,4.453891027745409e-09
12681.0,4.46419913096669e-09
19972.0,4.521997738953675e-09
12179.0,4.539865390716218e-09
9909.0,4.541798396598282e-09
3984.0,4.549604259696028e-09
12064.0,4.5725826302699085e-09
20077.0,4.575553183136122e-09
12527.0,4.610465505958534e-09
12227.0,4.617642953564308e-09
1556.0,4.618979668961905e-09
12230.0,4.661310642371553e-09
20090.0,4.669041313087658e-09
12326.0,4.68541837135162e-09
2406.0,4.740172783831251e-09
10786.0,4.803090869660138e-09
8895.0,4.8131308506505976e-09
1578.0,4.815319495218455e-09
12385.0,4.81689287568334e-09
12803.0,4.856810851760825e-09
6428.0,4.862321540614972e-09
14456.0,4.938928116115911e-09
12375.0,4.962117619568279e-09
1571.0,4.980750723268724e-09
1242.0,4.9927905972837406e-09
1552.0,4.9939562161928025e-09
5042.0,5.030439171045289e-09
12144.0,5.037171252342317e-09
10513.0,5.079788747940442e-09
1579.0,5.085068825133565e-09
5246.0,5.131625940888549e-09
13105.0,5.132911591908544e-09
12226.0,5.151236494177707e-09
1223.0,5.182930768007317e-09
5478.0,5.230357014195907e-09
12531.0,5.254542290135724e-09
10174.0,5.2814790918050265e-09
12152.0,5.463342081390301e-09
12129.0,5.466356780455529e-09
4082.0,5.46962897618273e-09
9124.0,5.4708400855408524e-09
12071.0,5.489341675351296e-09
12743.0,5.4995460829526675e-09
12166.0,5.5029560514665885e-09
12325.0,5.522711655329348e-09
3670.0,5.5441861012115e-09
20076.0,5.561630048783898e-09
5482.0,5.5631146488109304e-09
12251.0,5.564463119974867e-09
3513.0,5.572954131053852e-09
14391.0,5.573090542466321e-09
1541.0,5.580600268134802e-09
10219.0,5.6768625534519746e-09
5416.0,5.677554927847483e-09
3937.0,5.6907066165212505e-09
12236.0,5.789710281476785e-09
12403.0,5.794814219103169e-09
12158.0,5.875031441669714e-09
19984.0,5.911948940333748e-09
12433.0,5.919932869471232e-09
1569.0,5.930223437507179e-09
5462.0,5.939860905510472e-09
20091.0,5.941281212711981e-09
12214.0,5.97314895473244e-09
13276.0,6.0008855252453175e-09
10190.0,6.043732468058564e-09
4760.0,6.099470589023626e-09
7229.0,6.110371446581159e-09
14790.0,6.140824909120066e-09
20016.0,6.24819308009438e-09
11141.0,6.2962471081793786e-09
3756.0,6.3026969654632395e-09
12344.0,6.3262240041090744e-09
2058.0,6.351616827572493e-09
9383.0,6.3771107352146465e-09
12309.0,6.39843244175541e-09
4958.0,6.415474689740351e-09
8571.0,6.420314811873327e-09
12380.0,6.482765638098107e-09
14008.0,6.5089483668633505e-09
2801.0,6.533188611499379e-09
7486.0,6.572729367039637e-09
10194.0,6.599031485758147e-09
19961.0,6.617120810347002e-09
19776.0,6.631914864343191e-09
4511.0,6.6406031462571795e-09
12752.0,6.693612662240381e-09
12437.0,6.709815301920149e-09
12147.0,6.719796512641014e-09
5499.0,6.726777956602913e-09
10158.0,6.72806114173747e-09
4174.0,6.811343100294579e-09
12352.0,6.820106369099754e-09
20029.0,6.840930300704122e-09
14229.0,6.847212340784595e-09
13198.0,6.858215506901478e-09
11008.0,6.8656611794833e-09
12370.0,6.873120431559232e-09
12505.0,6.881041403559139e-09
10197.0,6.884695117998878e-09
5486.0,6.894340839868705e-09
12811.0,6.964663328946743e-09
1231.0,7.009873155107895e-09
6438.0,7.05954740691899e-09
14166.0,7.068545594122602e-09
14956.0,7.0730869845093435e-09
8274.0,7.077628186529836e-09
12382.0,7.086911260560404e-09
12993.0,7.122312051314106e-09
1536.0,7.153129625811752e-09
19973.0,7.26979501540949e-09
7007.0,7.301185514414661e-09
14985.0,7.305701629475668e-09
2433.0,7.324046344449352e-09
12951.0,7.350901078368937e-09
12281.0,7.374601593767723e-09
1527.0,7.43174817198483e-09
12704.0,7.432886674716181e-09
12308.0,7.432985489937829e-09
19946.0,7.44496917943812e-09
1588.0,7.451315837703999e-09
12374.0,7.467008253150753e-09
3919.0,7.480023230738474e-09
10787.0,7.504915102725576e-09
14619.0,7.52372983430028e-09
12804.0,7.538556741082663e-09
14173.0,7.576031041815755e-09
12077.0,7.589678176534116e-09
12260.0,7.630199934935504e-09
3757.0,7.636050504999125e-09
12394.0,7.659626946974732e-09
10851.0,7.671209990026138e-09
13008.0,7.671265241271723e-09
12874.0,7.732330496743675e-09
3686.0,7.754256867504868e-09
12233.0,7.766941818862764e-09
14408.0,7.767420654429064e-09
1234.0,7.86483920883968e-09
19971.0,7.897402827155453e-09
3253.0,8.031535085073216e-09
13698.0,8.044982851241532e-09
8428.0,8.04909873083456e-09
14410.0,8.088425699244645e-09
19915.0,8.098606047338796e-09
8572.0,8.130569547910412e-09
2072.0,8.138462701640226e-09
14695.0,8.143403728147792e-09
12170.0,8.149999338097634e-09
19998.0,8.15276706332451e-09
2827.0,8.161025176661181e-09
2517.0,8.19269554510141e-09
14876.0,8.213335708305965e-09
12167.0,8.226700858750022e-09
3761.0,8.2531432589512e-09
12155.0,8.272679390447918e-09
7629.0,8.287813950687042e-09
1565.0,8.319595369592982e-09
10242.0,8.36023393219277e-09
8258.0,8.378339524775831e-09
18133.0,8.405236838029724e-09
12182.0,8.509488438046672e-09
20082.0,8.525689296809179e-09
19639.0,8.549066849712465e-09
2337.0,8.587831767484837e-09
1550.0,8.709208488074053e-09
12313.0,8.72292929111986e-09
9159.0,8.723001521014135e-09
13743.0,8.759546431238239e-09
8594.0,8.771233409648418e-09
5497.0,8.777275265637594e-09
2212.0,8.868123399803078e-09
7117.0,8.873418297995133e-09
12136.0,8.98618718618276e-09
8804.0,9.019579838607473e-09
2293.0,9.020226791050738e-09
12976.0,9.024340855478098e-09
3785.0,9.038458143791114e-09
15005.0,9.044256407972311e-09
12234.0,9.048001086185968e-09
10196.0,9.093756626493811e-09
12412.0,9.093889630189597e-09
12301.0,9.099878118595675e-09
7267.0,9.236553509237144e-09
12306.0,9.308932272782816e-09
5424.0,9.349375439647985e-09
12512.0,9.367344235523979e-09
12971.0,9.405556272670107e-09
12390.0,9.407453043735603e-09
13000.0,9.431668201412144e-09
1557.0,9.437619538856718e-09
12137.0,9.458201162968438e-09
9000.0,9.477032145413143e-09
12726.0,9.492304546935806e-09
8603.0,9.505701163105496e-09
12897.0,9.518696593413866e-09
7113.0,9.533158454968368e-09
8612.0,9.541037583974757e-09
20040.0,9.545558219825732e-09
1443.0,9.57381212111646e-09
12417.0,9.57499842606447e-09
4705.0,9.579149033544078e-09
10198.0,9.587838753891238e-09
9447.0,9.613077759188389e-09
9675.0,9.614138774894707e-09
10710.0,9.618325865491846e-09
8381.0,9.638454374592316e-09
9172.0,9.64423305724575e-09
12300.0,9.654394654336054e-09
18825.0,9.675312555012215e-09
1564.0,9.680771665762626e-09
19955.0,9.69906752538108e-09
12550.0,9.706116310276889e-09
2133.0,9.71874809954214e-09
1845.0,9.720282548128261e-09
12141.0,9.734504696507088e-09
1625.0,9.750106036872594e-09
12750.0,9.762031837999817e-09
12770.0,9.80218640208567e-09
19237.0,9.856319274441408e-09
10207.0,9.8652926315486e-09
1253.0,9.878489588056772e-09
14964.0,9.934617447352497e-09
12213.0,9.943475044837761e-09
12980.0,9.978340806948335e-09
4469.0,9.99865525922258e-09
9014.0,1.0003141432612146e-08
4134.0,1.0010248927842833e-08
5169.0,1.0018035320720145e-08
12197.0,1.0028049529782942e-08
10727.0,1.0030934795549005e-08
12388.0,1.0046641150098163e-08
12896.0,1.0071887475992705e-08
7413.0,1.0087406534555938e-08
4786.0,1.0116927763967926e-08
8883.0,1.013556094472729e-08
2864.0,1.0145801801197786e-08
12176.0,1.0156886410030925e-08
2082.0,1.0207746435939694e-08
19991.0,1.0209043354686202e-08
17144.0,1.0220102165905371e-08
12862.0,1.0226700866774115e-08
12402.0,1.0236113639529016e-08
4001.0,1.026674950053138e-08
13102.0,1.0294577454361183e-08
8505.0,1.0352975452313636e-08
9147.0,1.0386232361169853e-08
13613.0,1.0432599192765241e-08
10239.0,1.045310859554479e-08
18201.0,1.0472268311341886e-08
12243.0,1.0498082801215124e-08
10181.0,1.0498855137083205e-08
12351.0,1.0555466789402411e-08
12165.0,1.0564760762989096e-08
10216.0,1.0568696632945185e-08
4906.0,1.0592253656072972e-08
19937.0,1.0613242921871086e-08
4741.0,1.0633904986933103e-08
12409.0,1.0662915332830205e-08
10164.0,1.070178025595643e-08
14659.0,1.072705623241094e-08
1582.0,1.074411796774052e-08
19962.0,1.0844912516243474e-08
10475.0,1.0867409448371982e-08
14899.0,1.0875163587810255e-08
13006.0,1.0918696132396159e-08
5465.0,1.092058139599628e-08
12168.0,1.0968010955718427e-08
3693.0,1.0970666251981134e-08
8970.0,1.0971306192062685e-08
12426.0,1.1018815439270135e-08
12562.0,1.1109934538284376e-08
10200.0,1.1170739942516244e-08
1216.0,1.1233358483199186e-08
14630.0,1.1316147487283446e-08
2289.0,1.1329165401672227e-08
12987.0,1.1378964831417685e-08
3943.0,1.142547328874579e-08
1245.0,1.1437694268346828e-08
13071.0,1.1492789024389453e-08
14647.0,1.1553637966911079e-08
9834.0,1.1572244305480005e-08
6930.0,1.16191870925671e-08
19046.0,1.1641236029821483e-08
12685.0,1.1728998776205865e-08
6790.0,1.1736628080193862e-08
8611.0,1.1744546911668216e-08
10495.0,1.1774858996775371e-08
5474.0,1.1840045877010937e-08
3917.0,1.1851442523097153e-08
14367.0,1.1857674902984785e-08
6676.0,1.1884016792668079e-08
10205.0,1.2000143788716518e-08
12508.0,1.2024502378729344e-08
12151.0,1.2035450490528995e-08
12135.0,1.2120063093953231e-08
5596.0,1.2175028391010385e-08
20045.0,1.2190755585716331e-08
18835.0,1.2215510224329151e-08
5466.0,1.2219287215916564e-08
14714.0,1.2225430781117935e-08
2327.0,1.2280712113929897e-08
2408.0,1.2331601019809432e-08
10666.0,1.234245115547345e-08
1236.0,1.240542657313876e-08
9366.0,1.2407609412601316e-08
12162.0,1.242217710173918e-08
4081.0,1.243611424342162e-08
10498.0,1.2467233126858268e-08
19931.0,1.250422723921291e-08
12802.0,1.2634143997478388e-08
10490.0,1.2651849286096654e-08
7318.0,1.2654468407477507e-08
12321.0,1.2707318505679592e-08
4900.0,1.275103145375914e-08
12139.0,1.2804590673828662e-08
19560.0,1.2818032814695825e-08
12311.0,1.28278725024292e-08
20028.0,1.2860602713567743e-08
12290.0,1.2901263717437433e-08
8265.0,1.2960765567293579e-08
10494.0,1.2967656638266611e-08
12545.0,1.2985414095773664e-08
12178.0,1.2985632788988406e-08
12171.0,1.3028995470028494e-08
3551.0,1.3037696440977963e-08
19483.0,1.3080975179167948e-08
19157.0,1.3096826824029568e-08
12428.0,1.311329806541788e-08
20079.0,1.3118797700598068e-08
20001.0,1.3149234013246243e-08
2868.0,1.3207034599078838e-08
20095.0,1.3207558282936533e-08
19274.0,1.3263280735254543e-08
10524.0,1.3274120082669774e-08
12183.0,1.3393793544265625e-08
1545.0,1.3473968367302007e-08
19433.0,1.3482897809386946e-08
10852.0,1.352741526115259e-08
12209.0,1.3550165982552814e-08
12206.0,1.355626454534495e-08
12143.0,1.356728842318709e-08
12717.0,1.3571903987065307e-08
176.0,1.359426010686081e-08
19943.0,1.365252623987707e-08
9928.0,1.365634433811721e-08
4162.0,1.3666829111755568e-08
2288.0,1.3719779206749407e-08
20080.0,1.372143898738773e-08
4148.0,1.372498648894951e-08
14911.0,1.3739234691805372e-08
10849.0,1.3786889383443126e-08
2282.0,1.3790507479537657e-08
1562.0,1.3811013834208817e-08
12378.0,1.3946463457173172e-08
8039.0,1.401731742162192e-08
11033.0,1.4092047775102676e-08
4204.0,1.4148485068772404e-08
19976.0,1.4161165122607834e-08
19565.0,1.4232900315740616e-08
20000.0,1.4235301086390817e-08
20060.0,1.4245783043097545e-08
19272.0,1.4279393155794282e-08
3378.0,1.4299792321507828e-08
13713.0,1.4315287363374352e-08
13971.0,1.4322514402676147e-08
12797.0,1.4380904883102857e-08
18642.0,1.4395844073293669e-08
7259.0,1.4418999002977297e-08
4632.0,1.4493896839739456e-08
5485.0,1.4499626196122037e-08
5336.0,1.4507117119414058e-08
4685.0,1.450816380216127e-08
14595.0,1.4581129566310505e-08
1235.0,1.4607149555198973e-08
12810.0,1.467824970577267e-08
7880.0,1.4818187163174421e-08
9489.0,1.491593414270175e-08
3927.0,1.4943568062171185e-08
10180.0,1.510583189462535e-08
5454.0,1.515515466357847e-08
10188.0,1.524645790772502e-08
13085.0,1.5343608245721693e-08
3111.0,1.5344821401422246e-08
9284.0,1.5347280925217835e-08
9141.0,1.534939143204089e-08
19268.0,1.5370195996170052e-08
6800.0,1.5386172818966036e-08
12989.0,1.5393251108866072e-08
12691.0,1.5438821613582977e-08
12855.0,1.545857835620533e-08
12705.0,1.5497614632683157e-08
9526.0,1.5549820552563097e-08
8249.0,1.5567109782948494e-08
3956.0,1.5842286047233898e-08
9871.0,1.5890403734548853e-08
3347.0,1.5897406455334754e-08
19970.0,1.594612872124912e-08
8586.0,1.5982264499981048e-08
12124.0,1.598533515238424e-08
12767.0,1.5992271670995826e-08
19963.0,1.6005989006390236e-08
19113.0,1.6106600848194052e-08
10780.0,1.613537469170381e-08
12504.0,1.617242503994579e-08
12509.0,1.620328218847987e-08
9343.0,1.6255668888585945e-08
483.0,1.6264889108224164e-08
12722.0,1.6276587525602898e-08
8380.0,1.6289469422435913e-08
10098.0,1.6294291273042765e-08
12280.0,1.6296484926440418e-08
5295.0,1.6296485020623543e-08
12715.0,1.6332665604836354e-08
2165.0,1.6340201470602894e-08
19926.0,1.6402908629043746e-08
5067.0,1.640695409390817e-08
10726.0,1.648809823253616e-08
10563.0,1.6521463006756065e-08
10206.0,1.6620366340997862e-08
19935.0,1.6680904727510095e-08
14897.0,1.6735861924818554e-08
12255.0,1.676016558894568e-08
6882.0,1.6827119233286728e-08
10250.0,1.692596378869683e-08
19920.0,1.694442372388e-08
19669.0,1.6968029696546145e-08
5484.0,1.6971268756937778e-08
12288.0,1.7026124596080232e-08
20035.0,1.7031581891664975e-08
813.0,1.704355727592612e-08
3456.0,1.7053809117573752e-08
10724.0,1.7076624970885516e-08
12494.0,1.7122279983551268e-08
3381.0,1.7197538952660594e-08
12432.0,1.7240117216706377e-08
4493.0,1.726381521484711e-08
10307.0,1.731978830558322e-08
2350.0,1.7347508000192637e-08
12286.0,1.7358672279386874e-08
13988.0,1.736640105787839e-08
12164.0,1.7371965328368188e-08
2372.0,1.7412666933726575e-08
12458.0,1.7426916900375493e-08
20018.0,1.7448364469818797e-08
6717.0,1.7458628983377708e-08
4732.0,1.7580939281343893e-08
14610.0,1.7642885234649545e-08
12257.0,1.7647510593572694e-08
886.0,1.7710746222086378e-08
8606.0,1.7763119197142607e-08
3759.0,1.77651637072818e-08
8916.0,1.779079831594963e-08
6334.0,1.7883779663633243e-08
5210.0,1.8018117334945213e-08
16024.0,1.803308787099223e-08
8900.0,1.8043407438868372e-08
4028.0,1.808315496061499e-08
12845.0,1.8112112101608934e-08
8398.0,1.8148779792378783e-08
12567.0,1.8166495244212378e-08
1554.0,1.822761384158112e-08
18357.0,1.8273101542207515e-08
12345.0,1.8337513475133823e-08
4805.0,1.8342395851241225e-08
12792.0,1.8344164490447093e-08
20038.0,1.837268522965331e-08
5451.0,1.8378521004404305e-08
8866.0,1.8391402259079653e-08
14386.0,1.8392316160745735e-08
12711.0,1.849569024803101e-08
7485.0,1.8586242844114386e-08
12203.0,1.8592006354722695e-08
12392.0,1.8592170370352702e-08
14393.0,1.8660801005157524e-08
7960.0,1.8686324580483848e-08
9548.0,1.869165288799874e-08
5821.0,1.874330254522206e-08
14904.0,1.8743599187815355e-08
9023.0,1.876257254089567e-08
10171.0,1.8765480701723053e-08
12977.0,1.877342808780829e-08
4592.0,1.8777498545449073e-08
19233.0,1.877867594581078e-08
5337.0,1.8828841439674284e-08
20063.0,1.8866677728964762e-08
9038.0,1.887368410576831e-08
4803.0,1.8906317428158203e-08
7715.0,1.8928595615699356e-08
14989.0,1.905420274256081e-08
12354.0,1.9083429307225114e-08
12807.0,1.913366427398598e-08
20074.0,1.9146344165141466e-08
1549.0,1.9149251469758628e-08
5463.0,1.91566791619258e-08
13007.0,1.923655473092771e-08
90.0,1.926541994063019e-08
18216.0,1.9324532026469365e-08
3250.0,1.9327875347579655e-08
3950.0,1.9342770442944067e-08
14009.0,1.935753669579437e-08
7552.0,1.9401578137487442e-08
14658.0,1.9418749990013594e-08
12495.0,1.9569508001016216e-08
12936.0,1.9649166340922866e-08
6737.0,1.971890531417294e-08
3647.0,1.974360576324085e-08
9560.0,1.9782886667541027e-08
3366.0,1.979149255634541e-08
10087.0,1.9808256561694715e-08
12407.0,1.983547977424517e-08
19982.0,1.9870124343007155e-08
12249.0,1.991158098022505e-08
14252.0,1.9914772478138886e-08
9414.0,1.996195095421362e-08
12796.0,2.002114000478959e-08
4477.0,2.0064914146213656e-08
12389.0,2.0080568605861297e-08
8330.0,2.0126977160580772e-08
5117.0,2.0185276146383225e-08
306.0,2.0216874695910088e-08
13031.0,2.032707358349726e-08
8608.0,2.0349910713633025e-08
9727.0,2.036696017090803e-08
10362.0,2.049072811540348e-08
12973.0,2.0493667425158713e-08
14604.0,2.0527296083368845e-08
9295.0,2.053883688100793e-08
5592.0,2.0617164618857962e-08
9368.0,2.0622822798484842e-08
3233.0,2.0667046227660467e-08
4921.0,2.071803819556435e-08
5035.0,2.071950113347278e-08
14928.0,2.0756012000778484e-08
8640.0,2.079218742204366e-08
19277.0,2.0822212873655008e-08
5498.0,2.086425427676779e-08
3658.0,2.0891398067258108e-08
20036.0,2.0906021615550813e-08
8559.0,2.0957131475040074e-08
7496.0,2.0987751145107152e-08
19990.0,2.099041538020457e-08
19008.0,2.1028905882600994e-08
3845.0,2.107183009838672e-08
12801.0,2.1089591905441697e-08
8049.0,2.1094955480255608e-08
4975.0,2.1099974327710194e-08
5456.0,2.1104080035525793e-08
14231.0,2.1130056032333087e-08
8248.0,2.115663814891819e-08
19802.0,2.1184942832037144e-08
13133.0,2.118665336025529e-08
12785.0,2.120379169215127e-08
12340.0,2.122617734263731e-08
14704.0,2.1265843738465452e-08
7833.0,2.129193981875629e-08
14565.0,2.1340424160974344e-08
8150.0,2.1483827728594233e-08
4678.0,2.1496650855157652e-08
12742.0,2.1509131788744e-08
20089.0,2.154267357586507e-08
12972.0,2.160278481622207e-08
20065.0,2.1613757800928652e-08
12355.0,2.1648917337328278e-08
14326.0,2.1660450052342872e-08
2279.0,2.1755566719821754e-08
2164.0,2.180378627902885e-08
5250.0,2.181050134742878e-08
19919.0,2.1812447059470528e-08
9321.0,2.191607288968509e-08
14418.0,2.194011183073597e-08
14743.0,2.1940565399538637e-08
9460.0,2.198087645316665e-08
14212.0,2.2001240959490435e-08
14566.0,2.2065980923676754e-08
14347.0,2.2087534372076033e-08
2375.0,2.2099852163366803e-08
14458.0,2.2188360095193148e-08
4963.0,2.2292618151035163e-08
5452.0,2.23256627882533e-08
3620.0,2.237274278302837e-08
5616.0,2.2409400618818572e-08
4164.0,2.241996290516827e-08
4681.0,2.2472614345474793e-08
9487.0,2.254194159291572e-08
9332.0,2.2614870394469698e-08
5488.0,2.2662730627933194e-08
12699.0,2.2747540142584138e-08
10522.0,2.2777630357936634e-08
13671.0,2.2796766382396906e-08
7432.0,2.2847595601861908e-08
14224.0,2.2872826276233604e-08
20066.0,2.2880375824239483e-08
4136.0,2.2927047132751688e-08
8903.0,2.2972748723253484e-08
18250.0,2.304366952347211e-08
12320.0,2.304926660393759e-08
20062.0,2.3059033719292605e-08
19956.0,2.313555963979069e-08
9208.0,2.3239023697646026e-08
6804.0,2.3249427097064946e-08
3426.0,2.3319637953454322e-08
13158.0,2.3350247468868176e-08
3330.0,2.3373863870174815e-08
1207.0,2.3380318256810745e-08
10607.0,2.3434489461698092e-08
6539.0,2.3478547060078048e-08
12837.0,2.3480103496142652e-08
19949.0,2.3497422394212218e-08
9246.0,2.35445403447864e-08
12497.0,2.3545379216750786e-08
8616.0,2.363600498455968e-08
12190.0,2.364022994533491e-08
19289.0,2.3741798653433717e-08
19974.0,2.384511676169472e-08
8270.0,2.38520884705464e-08
18404.0,2.385740411471212e-08
2102.0,2.3889257583708187e-08
12232.0,2.3898192394231214e-08
617.0,2.3945497264058822e-08
5472.0,2.394569422665815e-08
4761.0,2.394627584169942e-08
12231.0,2.4105402502778292e-08
4139.0,2.4127648847861312e-08
14644.0,2.4139551402881026e-08
12857.0,2.4194944822173068e-08
5421.0,2.4223274455257878e-08
9608.0,2.4239297693209962e-08
5189.0,2.4296336226259235e-08
4844.0,2.4314994117245587e-08
18113.0,2.440074263764631e-08
5809.0,2.444293253329778e-08
3380.0,2.445841885894425e-08
12365.0,2.4460384709050405e-08
1583.0,2.44668246342957e-08
10163.0,2.4470955857175896e-08
12387.0,2.450162800436744e-08
20020.0,2.450169904412951e-08
10220.0,2.450333437996601e-08
1553.0,2.4539288188339594e-08
1247.0,2.459106871729525e-08
1544.0,2.462792992013723e-08
9033.0,2.470551309757876e-08
1078.0,2.473971147807019e-08
3742.0,2.4741121562121655e-08
12457.0,2.4770125135395907e-08
714.0,2.480789901552335e-08
5391.0,2.4819279188124908e-08
12204.0,2.505545800506602e-08
16056.0,2.5063555322123122e-08
15763.0,2.5075631011411698e-08
19994.0,2.5143233294930146e-08
7747.0,2.515472544270445e-08
13813.0,2.517298291841868e-08
3231.0,2.5180596998988943e-08
5288.0,2.522214744259869e-08
1539.0,2.5258845640138726e-08
3467.0,2.533665276792576e-08
12808.0,2.5569878233264007e-08
13035.0,2.567771688319286e-08
10215.0,2.569953953264784e-08
18610.0,2.570479983994695e-08
648.0,2.573794497912087e-08
14411.0,2.5793768969409033e-08
12998.0,2.580594174437461e-08
2031.0,2.5870100213389088e-08
3377.0,2.5875164354364384e-08
6284.0,2.618195720852601e-08
6841.0,2.62240930173778e-08
12700.0,2.6277114023702173e-08
10785.0,2.6335465837675284e-08
10523.0,2.638400591917875e-08
19049.0,2.6400655021116345e-08
14818.0,2.6429691079006396e-08
8205.0,2.6497947661251808e-08
12923.0,2.650735510837913e-08
9327.0,2.6563574976025244e-08
16966.0,2.668364004249004e-08
4617.0,2.6702259429702742e-08
19951.0,2.6714122718921705e-08
4392.0,2.6726671575664915e-08
4594.0,2.6740819927284762e-08
1246.0,2.675709381221705e-08
707.0,2.6788715599289317e-08
8886.0,2.6795331484297204e-08
10515.0,2.6831451671441e-08
12191.0,2.696114982211276e-08
13664.0,2.701957373754861e-08
5353.0,2.7132051514260974e-08
5407.0,2.717083719513121e-08
12142.0,2.7190908732003552e-08
12220.0,2.7194220125034688e-08
12498.0,2.7248109088784665e-08
2519.0,2.7257033855961794e-08
1857.0,2.7320992699563162e-08
20023.0,2.7357406669558113e-08
13994.0,2.7384241359596416e-08
9532.0,2.7406312823741723e-08
8042.0,2.742428360602543e-08
8958.0,2.7446727042139307e-08
11704.0,2.7472118255927508e-08
10419.0,2.74747034799457e-08
3758.0,2.7487617835708207e-08
12444.0,2.7505082666247903e-08
4712.0,2.7563948557400028e-08
5492.0,2.76504124500028e-08
20069.0,2.7652671209625683e-08
7310.0,2.782017070764879e-08
764.0,2.7831728766485937e-08
4852.0,2.7872349126056418e-08
763.0,2.792318960468583e-08
10660.0,2.7937648418131947e-08
1580.0,2.8013329327638362e-08
12295.0,2.803815218051952e-08
5251.0,2.8058157754956405e-08
12815.0,2.8180780021678847e-08
3672.0,2.8259004543386697e-08
3635.0,2.826277825568896e-08
8266.0,2.8413254333789892e-08
1589.0,2.8431160746189155e-08
5352.0,2.8446454835516725e-08
12789.0,2.8465829528576203e-08
9517.0,2.848151008551139e-08
14750.0,2.8512869641079162e-08
2855.0,2.8525778071866936e-08
14054.0,2.8615159346681178e-08
12157.0,2.8624893438007952e-08
12959.0,2.869337067418951e-08
8864.0,2.869939969558747e-08
19086.0,2.8700158708824507e-08
12901.0,2.8702649270240624e-08
5581.0,2.8707209916795243e-08
4933.0,2.872918905579238e-08
12161.0,2.882679471782267e-08
9801.0,2.8839584212448597e-08
3974.0,2.8844380599363467e-08
3811.0,2.8859315362947432e-08
12250.0,2.8900096390365955e-08
9136.0,2.891278497205519e-08
4476.0,2.8917109861125357e-08
1479.0,2.8918581712182193e-08
12084.0,2.8919745096382577e-08
8546.0,2.9005588716052583e-08
4596.0,2.906572653317485e-08
10720.0,2.9069528157930332e-08
1560.0,2.907860407189784e-08
10203.0,2.909605843098653e-08
12181.0,2.9133566526337057e-08
12219.0,2.9166069131112458e-08
4177.0,2.9247845332687965e-08
3868.0,2.9262398389193146e-08
12125.0,2.935992039948481e-08
10844.0,2.9391179983947134e-08
1224.0,2.9461201112713555e-08
10508.0,2.95252689347519e-08
12268.0,2.9577486952882264e-08
5219.0,2.960337635258777e-08
2387.0,2.9617370415125727e-08
3668.0,2.9652854926114872e-08
3182.0,2.970739055975874e-08
8392.0,2.9777494929282885e-08
15250.0,2.981635338802194e-08
12289.0,2.98289886963112e-08
4380.0,2.983342784663541e-08
13039.0,2.983838198172147e-08
4745.0,2.9847632913620324e-08
13967.0,2.990350560514587e-08
9340.0,3.0094621572972434e-08
14638.0,3.010982558898472e-08
3789.0,3.017273411094543e-08
5505.0,3.0217863872888786e-08
18608.0,3.0268398316298776e-08
4278.0,3.026959282374071e-08
6549.0,3.029497169097752e-08
12860.0,3.032439674229534e-08
3256.0,3.043340208995813e-08
10414.0,3.045574392816714e-08
7581.0,3.046941834174315e-08
12519.0,3.04725031130529e-08
2213.0,3.0547259555259097e-08
14338.0,3.055446508656013e-08
5303.0,3.055764995740686e-08
8386.0,3.055796599316167e-08
8260.0,3.0571660716044134e-08
20021.0,3.0576029871182745e-08
2396.0,3.067341130031816e-08
12718.0,3.0681148195682573e-08
12404.0,3.070218541781519e-08
3850.0,3.074376475851991e-08
5193.0,3.0784129761953965e-08
1434.0,3.080380922304174e-08
3718.0,3.0871290344251764e-08
12359.0,3.093295960466228e-08
13070.0,3.093566335386141e-08
3351.0,3.094177120653445e-08
9439.0,3.0971239564965265e-08
4604.0,3.100664272742128e-08
5803.0,3.108163061181242e-08
2057.0,3.110655324743277e-08
8621.0,3.1110159938807154e-08
12727.0,3.112388922689626e-08
9302.0,3.124293563437439e-08
4076.0,3.132629584198363e-08
12565.0,3.138025390189847e-08
19048.0,3.140594907031526e-08
14122.0,3.1442391286685415e-08
12357.0,3.1497022404893165e-08
12298.0,3.150487602739706e-08
19674.0,3.151504565573924e-08
10512.0,3.1558637236019906e-08
14384.0,3.166426228285295e-08
1485.0,3.1743902308422965e-08
5248.0,3.1773518971026225e-08
10172.0,3.179858665722018e-08
5461.0,3.190979592424118e-08
14055.0,3.191787310323387e-08
14637.0,3.1926007999357585e-08
16039.0,3.19605636934986e-08
4478.0,3.196728913916641e-08
8560.0,3.200070162998195e-08
1678.0,3.207143756585168e-08
14136.0,3.208769324775466e-08
8453.0,3.2129399598683616e-08
12246.0,3.214432496107935e-08
12140.0,3.2169770629837635e-08
4084.0,3.221472497143083e-08
14609.0,3.2225255851989616e-08
9061.0,3.226908147733429e-08
2112.0,3.23565971813835e-08
6381.0,3.236713950947294e-08
12297.0,3.2382277511677156e-08
8577.0,3.239763676716467e-08
5797.0,3.2408142543639755e-08
3093.0,3.24308384076511e-08
14389.0,3.243575903923119e-08
14053.0,3.262826443075658e-08
12990.0,3.265807342386186e-08
3832.0,3.271179140243063e-08
19958.0,3.27808496114958e-08
19386.0,3.280742934781648e-08
2241.0,3.281952039751643e-08
7913.0,3.2819968298207434e-08
9199.0,3.282037270341919e-08
18423.0,3.2958506245753956e-08
1727.0,3.311555710221004e-08
8298.0,3.312962270111199e-08
14132.0,3.320696852851806e-08
14261.0,3.32873562824744e-08
4171.0,3.3296047047398026e-08
12564.0,3.330764462889899e-08
10470.0,3.3333120384884456e-08
4819.0,3.3361178522270166e-08
3656.0,3.336210521571696e-08
3944.0,3.343540784721569e-08
3821.0,3.3569474921849296e-08
12447.0,3.367654900173678e-08
14850.0,3.368443095623689e-08
12341.0,3.368963203947499e-08
5475.0,3.372029252508333e-08
4792.0,3.3804690502291376e-08
908.0,3.391405468765794e-08
9617.0,3.39199297881444e-08
14336.0,3.394671182981619e-08
12539.0,3.4064707419051747e-08
18751.0,3.406588957138018e-08
4647.0,3.408102322403647e-08
12809.0,3.408832164558442e-08
6084.0,3.410329032365526e-08
3218.0,3.411868508618065e-08
314.0,3.416936541068816e-08
7355.0,3.417038081607599e-08
9450.0,3.420070338119625e-08
4734.0,3.422217113151447e-08
13870.0,3.423344895274617e-08
9812.0,3.423993836694226e-08
4085.0,3.426937351297858e-08
13197.0,3.4295018053684984e-08
19796.0,3.430512119730347e-08
14696.0,3.4355585166050145e-08
14615.0,3.4416541271843074e-08
14670.0,3.446503776368417e-08
5816.0,3.449845902209238e-08
19220.0,3.463846731376574e-08
5128.0,3.468643146546381e-08
2391.0,3.46932218375527e-08
19742.0,3.469379383735319e-08
8904.0,3.4726058415687045e-08
20070.0,3.47459787543964e-08
1561.0,3.479544123117134e-08
12270.0,3.5028080671985674e-08
7122.0,3.50314631903999e-08
2243.0,3.5073603254616485e-08
12438.0,3.514432728060204e-08
12123.0,3.515981636324542e-08
19883.0,3.5201619114883205e-08
6353.0,3.523088602417314e-08
8548.0,3.5231277688976796e-08
9452.0,3.5351344579169366e-08
12242.0,3.542031786930478e-08
8609.0,3.5441113802834906e-08
1495.0,3.545693700439298e-08
5374.0,3.550673462753487e-08
12536.0,3.559273850407201e-08
11045.0,3.5631032874393025e-08
12707.0,3.5898326259471265e-08
19236.0,3.5971375041763564e-08
193.0,3.597594990140786e-08
4237.0,3.6001602148006255e-08
8326.0,3.607467154784068e-08
19168.0,3.615397736031289e-08
5032.0,3.615423317880283e-08
14277.0,3.618805503228731e-08
4233.0,3.6275347941874816e-08
4208.0,3.627730399693604e-08
3847.0,3.6300575473955005e-08
219.0,3.63138707747692e-08
3021.0,3.638272301390351e-08
5164.0,3.6411386252176874e-08
1209.0,3.641565236241534e-08
11043.0,3.6441195502145226e-08
19936.0,3.6535430675514904e-08
8029.0,3.6542397435471505e-08
9316.0,3.663428364747148e-08
14649.0,3.6654519508209507e-08
5542.0,3.6719735294102147e-08
1547.0,3.673203944596409e-08
10613.0,3.685017053902927e-08
4075.0,3.687172042559403e-08
12889.0,3.688552073632099e-08
13010.0,3.691534693925173e-08
14825.0,3.7000396723614994e-08
6745.0,3.7039044563201695e-08
5606.0,3.704086135567041e-08
12223.0,3.7112300651112795e-08
19347.0,3.721001113896049e-08
12247.0,3.7227751840433506e-08
10168.0,3.726454547116482e-08
13003.0,3.7357806114622636e-08
15798.0,3.7365625505841884e-08
2362.0,3.739729882820738e-08
14634.0,3.74186749383456e-08
9596.0,3.7471717675285396e-08
3679.0,3.748431763921672e-08
2926.0,3.752354294122512e-08
19493.0,3.7533593813209595e-08
14551.0,3.7590268653843136e-08
18129.0,3.783034285055897e-08
12992.0,3.800741197048743e-08
12186.0,3.805698588302268e-08
8393.0,3.816953136027725e-08
12547.0,3.817425589403034e-08
20004.0,3.8253022602298764e-08
3936.0,3.8338608177332254e-08
11046.0,3.8375227201113125e-08
7871.0,3.846516040616026e-08
3621.0,3.854025353591181e-08
3793.0,3.856906810077969e-08
9527.0,3.863173191785914e-08
9621.0,3.870252115281515e-08
4272.0,3.8712638655079056e-08
7672.0,3.8795010205307784e-08
12371.0,3.8814369238282314e-08
10824.0,3.883779550954719e-08
14652.0,3.8922117652215935e-08
1208.0,3.898089923234756e-08
12081.0,3.9045903363073476e-08
12849.0,3.9114886174266553e-08
5003.0,3.9260215709720484e-08
12790.0,3.936122578346036e-08
4853.0,3.946883960114718e-08
19682.0,3.947248682551344e-08
15401.0,3.957615114237745e-08
12761.0,3.965459640364247e-08
13030.0,3.968818492271742e-08
12229.0,3.969701836651234e-08
19997.0,3.971665982042839e-08
13185.0,3.9809348190098454e-08
12935.0,3.98365675154545e-08
8641.0,3.988091429883672e-08
14965.0,3.988444434227209e-08
19275.0,3.9952198697287954e-08
9160.0,3.999433136384823e-08
4067.0,4.006537290683227e-08
3706.0,4.0091142205930025e-08
6342.0,4.011679330520672e-08
14674.0,4.013956864265081e-08
14990.0,4.029242155176415e-08
3032.0,4.04048485980209e-08
19696.0,4.0461366615190294e-08
12678.0,4.0474943309493744e-08
12522.0,4.052206474484353e-08
13872.0,4.0541056181083716e-08
2296.0,4.077090237304448e-08
12436.0,4.080438264146114e-08
19503.0,4.083253107477681e-08
5109.0,4.085387665245854e-08
1701.0,4.090545154540533e-08
9317.0,4.0978959521801455e-08
4160.0,4.102874200714663e-08
4161.0,4.1040515274422916e-08
14203.0,4.1078992137390515e-08
7393.0,4.112238590742374e-08
377.0,4.113681026697054e-08
18521.0,4.117910614432322e-08
11687.0,4.1243530329617794e-08
10549.0,4.129667746426988e-08
13066.0,4.132003605211676e-08
6512.0,4.1467179177813184e-08
14204.0,4.1529786844626315e-08
5064.0,4.1534897743241796e-08
12192.0,4.160510550871227e-08
1627.0,4.1742575744988544e-08
14329.0,4.1751248169889234e-08
7940.0,4.178208137878552e-08
3981.0,4.193984419116488e-08
8397.0,4.207003712003726e-08
5056.0,4.207281837338563e-08
5464.0,4.2094852926308296e-08
4088.0,4.213307350843243e-08
12121.0,4.213419722441326e-08
4109.0,4.213679916165497e-08
4466.0,4.218250177104693e-08
549.0,4.220064889838783e-08
10125.0,4.2224242798489846e-08
9624.0,4.2315899880072484e-08
11873.0,4.232282986580008e-08
5615.0,4.235585383410347e-08
12502.0,4.237761610361364e-08
14991.0,4.2427019690249554e-08
7010.0,4.248103543304701e-08
20064.0,4.2604397122916623e-08
1768.0,4.2612394785666057e-08
19922.0,4.2612942280730006e-08
11549.0,4.2628464669951e-08
14889.0,4.27305156812675e-08
13080.0,4.288255703152252e-08
5713.0,4.2917729359702855e-08
8605.0,4.2936188815408306e-08
14177.0,4.296540846189402e-08
5582.0,4.2994725896149116e-08
12446.0,4.3058925711555184e-08
10586.0,4.32261599214033e-08
18936.0,4.3373842810585375e-08
2969.0,4.341489765403269e-08
18574.0,4.342786521469835e-08
12200.0,4.361112403243491e-08
4131.0,4.3723909916395426e-08
2453.0,4.374228865716331e-08
4693.0,4.377918095756053e-08
4701.0,4.384247504810813e-08
6890.0,4.3898997860054766e-08
8394.0,4.3915191655082944e-08
14180.0,4.39445104678365e-08
1846.0,4.395112635284439e-08
12440.0,4.3967083234504317e-08
12110.0,4.397854582590178e-08
14555.0,4.3998991047163135e-08
16407.0,4.4034224928296283e-08
10520.0,4.4164273440190624e-08
13146.0,4.421035958038914e-08
13055.0,4.4264554639293256e-08
18210.0,4.432213371497948e-08
4588.0,4.4370894724406366e-08
10521.0,4.4395875899119557e-08
4485.0,4.4417102549201544e-08
11015.0,4.44817757546769e-08
8452.0,4.453964029085093e-08
3881.0,4.4560731676842146e-08
12396.0,4.466658609383139e-08
2722.0,4.468334400296392e-08
14169.0,4.475155811718235e-08
3696.0,4.479194176887503e-08
14980.0,4.4912281464768334e-08
12239.0,4.491429353310224e-08
9016.0,4.492313672913158e-08
3659.0,4.50104706939992e-08
10518.0,4.501742090341223e-08
3413.0,4.5105021646260625e-08
18704.0,4.512379793399639e-08
3788.0,4.5206436775932024e-08
3401.0,4.529127088094053e-08
4199.0,4.533445114639295e-08
8388.0,4.533645353955136e-08
14633.0,4.5354813066961873e-08
3699.0,4.5363233260893446e-08
1215.0,4.5384288249388156e-08
4481.0,4.548000099329895e-08
806.0,4.549192663174623e-08
2703.0,4.550215550983573e-08
4283.0,4.552581166498294e-08
8538.0,4.566182210564229e-08
4135.0,4.582052606429698e-08
4740.0,4.582296614355844e-08
18909.0,4.586998122903663e-08
9040.0,4.5890687063565164e-08
6278.0,4.5904302124648636e-08
2750.0,4.594952666050139e-08
12997.0,4.606448631665822e-08
5520.0,4.6082091676981555e-08
12762.0,4.614797544384049e-08
12506.0,4.62191638354396e-08
15090.0,4.6227260810012616e-08
10788.0,4.6244103398336034e-08
9666.0,4.633675858986002e-08
10611.0,4.634320721420116e-08
12208.0,4.6374365620301626e-08
5155.0,4.6388553109290695e-08
3772.0,4.639959054950274e-08
9289.0,4.650816195270114e-08
7611.0,4.6599817039313954e-08
19670.0,4.67077326197312e-08
4474.0,4.6730397146448436e-08
10601.0,4.6744660632656753e-08
15304.0,4.674716295840131e-08
2281.0,4.67768954063128e-08
4656.0,4.694373180376787e-08
3951.0,4.697559410029132e-08
12760.0,4.7073116384570254e-08
13152.0,4.711438218965401e-08
9766.0,4.7176818297625085e-08
10663.0,4.726130740984909e-08
6992.0,4.73260070893445e-08
12225.0,4.74482996637591e-08
5419.0,4.749698238132334e-08
13758.0,4.7507611589063944e-08
2635.0,4.7530226780948226e-08
8121.0,4.761152460931095e-08
8483.0,4.761361624526073e-08
3748.0,4.7692273367182925e-08
828.0,4.771902611790304e-08
19981.0,4.772883085513518e-08
10170.0,4.780534810222372e-08
9458.0,4.781942844506569e-08
10493.0,4.784488177690545e-08
14144.0,4.784749163409171e-08
8427.0,4.79864530204032e-08
4499.0,4.7990272274527146e-08
9281.0,4.800951059042256e-08
1145.0,4.8110104460373834e-08
5116.0,4.81304874694005e-08
13443.0,4.813341150436539e-08
12731.0,4.815966826106637e-08
8622.0,4.819279734629864e-08
8947.0,4.822918442273054e-08
19632.0,4.8230049366296164e-08
14253.0,4.8245853782601973e-08
10224.0,4.825195042748321e-08
3265.0,4.8255641635368546e-08
943.0,4.8364882124044434e-08
12238.0,4.855906623557824e-08
3741.0,4.8586791769541364e-08
11279.0,4.860131480731618e-08
13471.0,4.866954441037752e-08
1546.0,4.874626787569788e-08
2583.0,4.8770461645243094e-08
20033.0,4.8859514306574376e-08
15096.0,4.8904847812302003e-08
14080.0,4.893385749035513e-08
975.0,4.8957052781788596e-08
18444.0,4.8958550498956216e-08
3814.0,4.905663453419929e-08
20002.0,4.910968055042423e-08
12563.0,4.9111666786895755e-08
7826.0,4.911601096638221e-08
14650.0,4.9174632306770906e-08
5119.0,4.917597678799521e-08
3641.0,4.9547890808257916e-08
14902.0,4.960906016176858e-08
13992.0,4.961030854195764e-08
4506.0,4.968374000740838e-08
3623.0,4.977959877797242e-08
7969.0,4.9807853792336444e-08
14983.0,4.986510316715273e-08
10496.0,4.9946639895291417e-08
12537.0,5.001395651283161e-08
1605.0,5.0049966154673726e-08
15773.0,5.00632284742702e-08
12413.0,5.017434851562403e-08
4646.0,5.0271079601723705e-08
14949.0,5.031666235880888e-08
19558.0,5.033970468828629e-08
10918.0,5.045573661075175e-08
13013.0,5.049708586208368e-08
15313.0,5.060991106321757e-08
6379.0,5.0676011297144674e-08
19549.0,5.070686203266419e-08
3391.0,5.0757296171046754e-08
7524.0,5.077400336684787e-08
9152.0,5.078203029486267e-08
2435.0,5.092143808349728e-08
20094.0,5.093805177258012e-08
8591.0,5.1032988105062176e-08
9140.0,5.106769961233927e-08
13388.0,5.1092484055629895e-08
4125.0,5.1125728737804154e-08
10916.0,5.114675465796184e-08
10111.0,5.117426644760531e-08
801.0,5.1184382982351655e-08
1811.0,5.12065675261809e-08
12452.0,5.1241010029330645e-08
3447.0,5.132085325927249e-08
4244.0,5.1431530973863865e-08
10694.0,5.1464498526475774e-08
13205.0,5.1527620621514106e-08
1210.0,5.158713896197911e-08
1096.0,5.161477929446311e-08
12459.0,5.165070117475753e-08
12189.0,5.165257249925525e-08
2.0,5.167404649990809e-08
9171.0,5.1711374851046844e-08
1910.0,5.1797942439269526e-08
9010.0,5.181254754479406e-08
2512.0,5.190877971719775e-08
7688.0,5.191666987419179e-08
8910.0,5.1920808520414605e-08
13044.0,5.1934010999478705e-08
12245.0,5.1963452010555055e-08
8067.0,5.198815368400358e-08
4043.0,5.201049684933843e-08
10184.0,5.21379103143418e-08
12688.0,5.2177190396680166e-08
20093.0,5.224113203901818e-08
18897.0,5.225863001345555e-08
12766.0,5.236623712701634e-08
3704.0,5.2381963696688825e-08
19986.0,5.244743896565115e-08
5620.0,5.2454261736734826e-08
8272.0,5.246097965631479e-08
1581.0,5.2503570378219296e-08
6451.0,5.263026143297259e-08
1081.0,5.275590479465061e-08
13737.0,5.287604076388384e-08
3713.0,5.294121713841999e-08
6272.0,5.299480090603656e-08
4017.0,5.307041220565198e-08
9547.0,5.307139764368206e-08
1920.0,5.309202684739578e-08
7942.0,5.316443728215754e-08
8547.0,5.3178618263948926e-08
9728.0,5.318548409384463e-08
12362.0,5.3260615059525865e-08
14220.0,5.332419133983822e-08
4089.0,5.343512852037508e-08
8575.0,5.350407815342207e-08
12674.0,5.359402033155233e-08
11686.0,5.361139121014443e-08
14205.0,5.361746295643244e-08
12240.0,5.3648931798672866e-08
5481.0,5.368803866112134e-08
5235.0,5.3769687210314946e-08
9984.0,5.387389388498158e-08
18478.0,5.387953564249641e-08
19933.0,5.3886280695378296e-08
2598.0,5.392692231464857e-08
11435.0,5.393398782989211e-08
15541.0,5.441414749961239e-08
6848.0,5.4428599386317816e-08
4054.0,5.44508332392937e-08
9756.0,5.4480350718504923e-08
10187.0,5.4562297365849195e-08
18875.0,5.461789901546707e-08
8482.0,5.4650353329985984e-08
2448.0,5.4667716348568264e-08
13991.0,5.4710193947978314e-08
8853.0,5.4730027544030144e-08
3763.0,5.483596722243323e-08
9878.0,5.486693519881836e-08
12350.0,5.495243512714341e-08
1566.0,5.495803293538758e-08
20010.0,5.501902334952408e-08
18731.0,5.518294279287279e-08
8683.0,5.520130528277067e-08
12395.0,5.520752910055609e-08
9303.0,5.530009395333962e-08
3452.0,5.530346737023919e-08
15748.0,5.534305335080334e-08
2297.0,5.537700296797705e-08
9009.0,5.5448002967641157e-08
14160.0,5.549337591897368e-08
553.0,5.553752587675021e-08
19921.0,5.5548770896568324e-08
9126.0,5.5555747939609685e-08
9793.0,5.557465988529292e-08
6565.0,5.558606810734133e-08
5902.0,5.5632472595062254e-08
10106.0,5.56668969294311e-08
19989.0,5.573763439791713e-08
15855.0,5.5747184703719885e-08
15073.0,5.577325116769917e-08
1568.0,5.579705698839308e-08
345.0,5.580566417863701e-08
12418.0,5.582688073400048e-08
10802.0,5.587925787880049e-08
11021.0,5.5903356198030224e-08
4066.0,5.594323851295199e-08
13012.0,5.5973629763256214e-08
942.0,5.601531740599183e-08
3877.0,5.605940930415325e-08
2808.0,5.610750573176841e-08
18624.0,5.623225485036704e-08
4602.0,5.6274265618278094e-08
13062.0,5.628076564948093e-08
86.0,5.632470798484088e-08
13014.0,5.6450857221203995e-08
6442.0,5.645870180212795e-08
1213.0,5.649978555979444e-08
12398.0,5.651466029447979e-08
2105.0,5.670157195332166e-08
10592.0,5.6807763734262325e-08
5418.0,5.68611115902766e-08
1083.0,5.687583086287206e-08
8935.0,5.6938240710875644e-08
4878.0,5.6965541136463855e-08
5822.0,5.7019152525422165e-08
3745.0,5.715989825383499e-08
13570.0,5.716557388302618e-08
9394.0,5.7214476920604586e-08
9333.0,5.7319787626979056e-08
72.0,5.737097565846153e-08
19928.0,5.770028537732562e-08
18939.0,5.778380640690074e-08
12499.0,5.7799311714727814e-08
12471.0,5.783528596083938e-08
13069.0,5.788996394799465e-08
12194.0,5.796307488258692e-08
14388.0,5.797199667015248e-08
3986.0,5.798333452884489e-08
5048.0,5.807992404914657e-08
2110.0,5.81806871576102e-08
4137.0,5.823934461294603e-08
19980.0,5.8241740468949563e-08
14639.0,5.8302764386592025e-08
4531.0,5.833121334969538e-08
4857.0,5.8385721987030974e-08
19836.0,5.842124403427622e-08
4113.0,5.8523139848928e-08
3990.0,5.859205951461725e-08
12821.0,5.86360969749328e-08
12254.0,5.8689697361589767e-08
19944.0,5.869599824685721e-08
4123.0,5.8847854236161407e-08
7811.0,5.889881926769172e-08
5575.0,5.891891624256974e-08
13429.0,5.893483277104193e-08
5480.0,5.894629572204769e-08
7385.0,5.9059763157906524e-08
8395.0,5.907623740459271e-08
9828.0,5.90780823235672e-08
13977.0,5.914179990425239e-08
12491.0,5.91438997855066e-08
8863.0,5.920011399360315e-08
7730.0,5.9271472822408925e-08
13060.0,5.935912229218102e-08
18327.0,5.937435055606677e-08
12601.0,5.942691488554538e-08
2417.0,5.949292303406317e-08
9132.0,5.9544364341091225e-08
7305.0,5.955990316954847e-08
3476.0,5.96074583353101e-08
7281.0,5.96254051265834e-08
13027.0,5.970745516987401e-08
5792.0,5.97130376005826e-08
14321.0,5.975370431537446e-08
12569.0,5.983367808312666e-08
14280.0,5.986972127128525e-08
6954.0,5.988525086979631e-08
1585.0,6.013493525565779e-08
9440.0,6.02582648718925e-08
1744.0,6.036253237173327e-08
12188.0,6.048501994802579e-08
8396.0,6.05670750600809e-08
13180.0,6.063822197685689e-08
10580.0,6.064057266777124e-08
1016.0,6.068139743896998e-08
7903.0,6.074077028363207e-08
12336.0,6.087879299811578e-08
7116.0,6.092737428045509e-08
20047.0,6.097501473331687e-08
12823.0,6.097526160440999e-08
15559.0,6.109243496640786e-08
19985.0,6.111432136927593e-08
8247.0,6.132179304148352e-08
946.0,6.134540331232498e-08
12264.0,6.135525264954754e-08
8630.0,6.135900414319456e-08
7438.0,6.143282305233258e-08
7885.0,6.150567005156201e-08
5138.0,6.156569275122001e-08
13113.0,6.158493498855825e-08
12525.0,6.182626702658609e-08
10244.0,6.196040658797704e-08
12279.0,6.196593680698633e-08
10398.0,6.206159362324546e-08
11737.0,6.21179025624409e-08
14664.0,6.2237139536628e-08
2095.0,6.223752290475462e-08
5527.0,6.236803625317814e-08
19110.0,6.238519475738694e-08
3939.0,6.261689840323984e-08
13104.0,6.262992102678484e-08
554.0,6.26510857386194e-08
9185.0,6.268281969779278e-08
709.0,6.284667287903246e-08
18689.0,6.293844191866363e-08
19831.0,6.295276319049978e-08
19188.0,6.295335759732176e-08
5301.0,6.300883550743845e-08
19964.0,6.306238587429429e-08
6952.0,6.30656971988286e-08
14698.0,6.307103390576577e-08
4754.0,6.333321808752477e-08
3810.0,6.33779389234664e-08
8830.0,6.338791242829527e-08
336.0,6.34613156045603e-08
7679.0,6.347882373365089e-08
8561.0,6.377556211118301e-08
12781.0,6.37912218365235e-08
4433.0,6.381423927596979e-08
9691.0,6.382421227563464e-08
1542.0,6.399816570650226e-08
2291.0,6.405933565936007e-08
5487.0,6.414151582091802e-08
17752.0,6.415915482174096e-08
14660.0,6.419122921009834e-08
12445.0,6.420957358258793e-08
10588.0,6.421141670352095e-08
4715.0,6.421792541669543e-08
5084.0,6.424186950677799e-08
4601.0,6.427362626682956e-08
1916.0,6.432375097083811e-08
6678.0,6.438446240599819e-08
3274.0,6.439896391008594e-08
12292.0,6.442045854540511e-08
10709.0,6.454352437183274e-08
5061.0,6.466313906315899e-08
9752.0,6.46745712419694e-08
5859.0,6.48417652099371e-08
20057.0,6.484942980691043e-08
13979.0,6.489321080657837e-08
12708.0,6.489684769648726e-08
12080.0,6.507661416972449e-08
10782.0,6.515638708768296e-08
7161.0,6.524894779640903e-08
4500.0,6.526870253549946e-08
12224.0,6.528514846731364e-08
4818.0,6.531927198078331e-08
18551.0,6.532549267340142e-08
3122.0,6.545914315038971e-08
5460.0,6.577668999636961e-08
5477.0,6.58496443643608e-08
4746.0,6.588304533058675e-08
5779.0,6.591676197295923e-08
8648.0,6.592647423948746e-08
14824.0,6.593808555460039e-08
6032.0,6.598500005250177e-08
2305.0,6.613834775693994e-08
5529.0,6.61937130582883e-08
6283.0,6.63650262022584e-08
6878.0,6.64287156221894e-08
1809.0,6.645538383071227e-08
7933.0,6.648622582432542e-08
9782.0,6.650811021509947e-08
10882.0,6.655863882771785e-08
11022.0,6.656609634168704e-08
3091.0,6.667213757518448e-08
17944.0,6.672217058764042e-08
9363.0,6.687643927460321e-08
9157.0,6.6886666585828e-08
5118.0,6.689138995513519e-08
12830.0,6.690484313255211e-08
1951.0,6.695122322684382e-08
10799.0,6.695615140163597e-08
1573.0,6.703888350198891e-08
14959.0,6.70611061386109e-08
2290.0,6.716417374544744e-08
490.0,6.719679497814901e-08
13642.0,6.724346072129477e-08
4152.0,6.734454760565361e-08
9531.0,6.740655162713647e-08
5458.0,6.742814176414374e-08
4267.0,6.751886321344487e-08
12072.0,6.755134111655539e-08
3753.0,6.772201722299658e-08
9565.0,6.820575679327342e-08
10501.0,6.833940070312931e-08
12962.0,6.836944849326534e-08
3298.0,6.853224527377179e-08
10229.0,6.876186635950325e-08
4684.0,6.876577075517161e-08
2557.0,6.90562837394915e-08
1135.0,6.910394002368026e-08
9097.0,6.912335973627318e-08
19540.0,6.91686142566079e-08
3029.0,6.923424209366956e-08
19370.0,6.927375773656403e-08
9362.0,6.928435872361574e-08
3425.0,6.937900609371018e-08
12913.0,6.959806524413813e-08
10073.0,6.973606737532812e-08
3684.0,6.974213810272596e-08
4538.0,6.977892437004937e-08
3750.0,6.983366298545042e-08
3876.0,6.985138514141005e-08
6458.0,6.995051757182077e-08
10136.0,7.006390360777386e-08
3075.0,7.01182414996671e-08
19273.0,7.018248614624036e-08
18336.0,7.021626832294317e-08
12237.0,7.027127028292201e-08
12212.0,7.031533919183899e-08
3685.0,7.035643953429747e-08
15027.0,7.036197399154736e-08
13101.0,7.041322355885844e-08
7614.0,7.049629822892096e-08
5795.0,7.062030787299978e-08
3869.0,7.06731162908883e-08
12526.0,7.073021932225355e-08
12496.0,7.081060705052357e-08
14936.0,7.083972428570471e-08
459.0,7.093596262282199e-08
5503.0,7.095277797509828e-08
489.0,7.095493453746914e-08
3441.0,7.106940645347337e-08
15076.0,7.114320169696086e-08
430.0,7.116558286090533e-08
2381.0,7.132459938766343e-08
3492.0,7.135326805430959e-08
3646.0,7.13882897922362e-08
4234.0,7.143498845666498e-08
5501.0,7.14614650624645e-08
369.0,7.155294840186901e-08
12738.0,7.162977593097967e-08
12723.0,7.165537783241706e-08
9266.0,7.166405986399642e-08
8286.0,7.167268950407236e-08
18158.0,7.16735247713917e-08
7936.0,7.170074199903271e-08
20046.0,7.171367884743774e-08
9445.0,7.181867863819451e-08
4497.0,7.196440959924864e-08
10421.0,7.197024826799017e-08
12442.0,7.198754675400807e-08
4340.0,7.203295087139265e-08
9603.0,7.205749776771947e-08
12361.0,7.231643671581114e-08
2754.0,7.237333497593984e-08
2845.0,7.241380876944463e-08
4445.0,7.24507391540725e-08
12330.0,7.246455531325066e-08
13184.0,7.246816132821897e-08
8896.0,7.255821853819246e-08
18814.0,7.259062699409192e-08
8882.0,7.26012657828249e-08
5293.0,7.283342158473358e-08
3022.0,7.28437576860291e-08
5174.0,7.287575314892829e-08
2269.0,7.306956069920674e-08
10186.0,7.31064848506242e-08
13029.0,7.312874911618715e-08
8026.0,7.327364814057967e-08
8872.0,7.329412356037553e-08
3006.0,7.336811975640198e-08
11555.0,7.344499668028032e-08
5113.0,7.354941137122024e-08
794.0,7.384477781742835e-08
13284.0,7.394239193025353e-08
4659.0,7.415518312525915e-08
2217.0,7.439842565084023e-08
19821.0,7.445563737809308e-08
4047.0,7.447296477833015e-08
6265.0,7.449539345337981e-08
12786.0,7.462449898670895e-08
13166.0,7.464785682109084e-08
3475.0,7.471386541483795e-08
8869.0,7.471421828475649e-08
8969.0,7.472536761452026e-08
18627.0,7.474510297757339e-08
14945.0,7.477063265767859e-08
8846.0,7.47934305305757e-08
12725.0,7.488542329793772e-08
3867.0,7.49589585788778e-08
6529.0,7.497282336223443e-08
8602.0,7.503608570450703e-08
12956.0,7.512200522721315e-08
2378.0,7.522188836562177e-08
10557.0,7.534690350017407e-08
5171.0,7.536496103367741e-08
18960.0,7.542196294661551e-08
10750.0,7.542530565981655e-08
5343.0,7.556956751824864e-08
12475.0,7.560977368612453e-08
12859.0,7.562524923208432e-08
4215.0,7.57197570827232e-08
3922.0,7.57760472966011e-08
2777.0,7.585644472573293e-08
4626.0,7.585779085088086e-08
9618.0,7.589678416272978e-08
12324.0,7.591157018547409e-08
13655.0,7.595959453731282e-08
1218.0,7.604186418996311e-08
1575.0,7.60444927981532e-08
1799.0,7.608779540748416e-08
1012.0,7.612666968042601e-08
4527.0,7.612894033280887e-08
9177.0,7.61895947700545e-08
12423.0,7.620476685798764e-08
4073.0,7.625489928501238e-08
8911.0,7.627541753244352e-08
8351.0,7.636919533543715e-08
19701.0,7.638516560822493e-08
14739.0,7.652963897626801e-08
6541.0,7.667741276072719e-08
14981.0,7.68202145666793e-08
4998.0,7.684173079562025e-08
14233.0,7.69367382534854e-08
9004.0,7.702255213697442e-08
12886.0,7.706184902671943e-08
3030.0,7.709064591940833e-08
3666.0,7.711518624004065e-08
19967.0,7.729240959767839e-08
12248.0,7.742806666325517e-08
19642.0,7.744782672797319e-08
13202.0,7.74800988666433e-08
9927.0,7.751382592053206e-08
2292.0,7.751818949318004e-08
4038.0,7.766507786208719e-08
8450.0,7.766512325835313e-08
12265.0,7.770707265311552e-08
14568.0,7.772321599167536e-08
2129.0,7.772565790322669e-08
13186.0,7.783005494767395e-08
4920.0,7.78499482387024e-08
7776.0,7.79423605918834e-08
5476.0,7.79433789597586e-08
1185.0,7.803290928364817e-08
7019.0,7.811595638374156e-08
12500.0,7.812194331384504e-08
7610.0,7.817715112388528e-08
10562.0,7.826180179441597e-08
4782.0,7.830751584277648e-08
8240.0,7.832249816027614e-08
10472.0,7.833120396025126e-08
5471.0,7.846838405256982e-08
3853.0,7.851172782848822e-08
1268.0,7.8606805033238e-08
19968.0,7.863484060948437e-08
2405.0,7.868572525999911e-08
4539.0,7.87071066015818e-08
5184.0,7.873377237846762e-08
8384.0,7.878120753780462e-08
12978.0,7.879949397054854e-08
12843.0,7.882063203712102e-08
2286.0,7.883564467302462e-08
13454.0,7.905993144920753e-08
9213.0,7.91559554169717e-08
10745.0,7.916776072363446e-08
19254.0,7.923983452222349e-08
14613.0,7.92481527072693e-08
14722.0,7.931299196615499e-08
2700.0,7.935828219045592e-08
10141.0,7.937606741486046e-08
8344.0,7.955548015340683e-08
3497.0,7.967664462804428e-08
8944.0,7.967855390834111e-08
20059.0,7.973505965601804e-08
13837.0,7.974627502527619e-08
14413.0,7.978331537298278e-08
608.0,7.979723112653389e-08
3653.0,8.001896637913293e-08
9700.0,8.006784114464982e-08
8405.0,8.018867244220383e-08
12712.0,8.02142244265853e-08
14172.0,8.021882009213797e-08
18168.0,8.027295882953372e-08
10584.0,8.029804085724889e-08
4398.0,8.05243906976465e-08
19269.0,8.053472538619515e-08
14255.0,8.066877477152559e-08
12337.0,8.070358414363099e-08
7699.0,8.081334896688433e-08
12174.0,8.084594203883172e-08
4192.0,8.085081985133863e-08
12937.0,8.087113867884711e-08
14003.0,8.094178103093965e-08
5065.0,8.094852295009213e-08
8986.0,8.101002732153821e-08
5729.0,8.125209161623367e-08
10506.0,8.13369076466444e-08
13865.0,8.149409302228836e-08
3320.0,8.153054847566854e-08
10091.0,8.155169434231614e-08
14974.0,8.177042082082469e-08
20034.0,8.185230854378152e-08
13343.0,8.189200991579721e-08
4438.0,8.192738681828573e-08
9599.0,8.196580798477843e-08
4144.0,8.197790891514433e-08
7343.0,8.198619393916826e-08
5507.0,8.198705807789628e-08
19910.0,8.203916381261822e-08
6653.0,8.218874209436733e-08
4804.0,8.244432214688477e-08
9003.0,8.247429419666462e-08
2402.0,8.271116039629566e-08
13396.0,8.272176530479017e-08
19076.0,8.27796472562801e-08
18578.0,8.284006930094746e-08
3629.0,8.290494154105087e-08
3873.0,8.291305649603854e-08
5743.0,8.29717593733266e-08
16979.0,8.30002471570014e-08
5166.0,8.302097116031083e-08
9070.0,8.322065296342763e-08
4057.0,8.325929448418289e-08
12922.0,8.32993289305368e-08
19436.0,8.332900694916451e-08
20011.0,8.347669920528641e-08
2128.0,8.349569709735168e-08
4927.0,8.352023907046972e-08
3979.0,8.362089343167312e-08
9184.0,8.36769534448709e-08
1908.0,8.372988275108057e-08
1134.0,8.374072513804209e-08
13989.0,8.374878352322042e-08
8899.0,8.376337070826502e-08
12693.0,8.39914415825802e-08
14354.0,8.405308734858222e-08
8829.0,8.418023723783105e-08
8924.0,8.418897462340124e-08
5483.0,8.444896927013375e-08
8090.0,8.452551993510724e-08
4980.0,8.455844875276872e-08
3289.0,8.458449549822661e-08
13958.0,8.460461351018976e-08
11019.0,8.470172562696216e-08
12676.0,8.474393917970205e-08
12291.0,8.47729814451162e-08
3573.0,8.483234678081465e-08
4426.0,8.497653515072344e-08
3822.0,8.498670792991924e-08
19668.0,8.504176712755136e-08
12817.0,8.517086831133258e-08
2764.0,8.520313577509489e-08
12296.0,8.524286878407824e-08
14334.0,8.534461174808131e-08
12729.0,8.540434206907293e-08
4631.0,8.546988156236396e-08
7992.0,8.58433243031664e-08
14549.0,8.617279438164285e-08
3275.0,8.630122094026645e-08
14176.0,8.63337384859102e-08
3358.0,8.633924114351248e-08
9886.0,8.636208493496376e-08
3439.0,8.644891121854272e-08
10542.0,8.647446693600077e-08
13669.0,8.650443800113885e-08
3863.0,8.658618368738207e-08
4344.0,8.658880988105935e-08
792.0,8.661389217419969e-08
19548.0,8.670620648274823e-08
10775.0,8.671486729743832e-08
12758.0,8.671920214423337e-08
9382.0,8.672096421630683e-08
6916.0,8.675698035678453e-08
12373.0,8.680915537603758e-08
11048.0,8.681491249075554e-08
13757.0,8.694341543189298e-08
9785.0,8.696079840873551e-08
4558.0,8.697616312684425e-08
1192.0,8.713036841144014e-08
12787.0,8.714925251316698e-08
3553.0,8.723931712935889e-08
604.0,8.725010834919758e-08
8587.0,8.725351538091043e-08
12546.0,8.725428437755866e-08
2917.0,8.730967484292543e-08
9544.0,8.732860033385438e-08
7236.0,8.734423727544088e-08
12275.0,8.738316414537663e-08
3762.0,8.745811306364059e-08
10561.0,8.755398064460782e-08
2003.0,8.780482150505319e-08
8690.0,8.798905842309822e-08
6812.0,8.79910553450733e-08
10554.0,8.800117138321774e-08
13043.0,8.802015322134135e-08
3953.0,8.810803828591795e-08
1704.0,8.81224191157371e-08
19651.0,8.821304035419393e-08
14905.0,8.831908123664518e-08
17731.0,8.847622598511414e-08
8843.0,8.85510081564375e-08
12915.0,8.862284076060716e-08
19840.0,8.863341312455117e-08
4946.0,8.870261906412793e-08
8359.0,8.874193544121757e-08
18799.0,8.874825766324374e-08
19939.0,8.891633765467272e-08
5438.0,8.894347810594318e-08
688.0,8.895493258902984e-08
10730.0,8.896745339632621e-08
10718.0,8.900467018327312e-08
19911.0,8.903020506057437e-08
5264.0,8.903953811159555e-08
9910.0,8.904764756115149e-08
18145.0,8.909062049529881e-08
5126.0,8.921100543334021e-08
18658.0,8.924117057564917e-08
2582.0,8.926120407110138e-08
1733.0,8.926950078239483e-08
7109.0,8.932960083208423e-08
8544.0,8.934702238119724e-08
12400.0,8.934876402409482e-08
3158.0,8.94183923578601e-08
8094.0,8.94310432834238e-08
6290.0,8.944513669203373e-08
2250.0,8.946513993757883e-08
19966.0,8.952052553967154e-08
12818.0,8.95744480925485e-08
4960.0,8.958257844219594e-08
12515.0,8.958286306359773e-08
1577.0,8.964894002573103e-08
12222.0,8.968003606547896e-08
8321.0,8.970964366081597e-08
13381.0,8.970997005671447e-08
4812.0,8.979038792358429e-08
1529.0,8.980718606603512e-08
13751.0,8.985962318836113e-08
8045.0,8.99321790589911e-08
5296.0,8.99574708838968e-08
6047.0,9.003629858858139e-08
7918.0,9.009584673372421e-08
3421.0,9.009994578022429e-08
14888.0,9.01816381074465e-08
14978.0,9.018772403257578e-08
1264.0,9.021228422584732e-08
6721.0,9.025831514048656e-08
12517.0,9.027526523456538e-08
5802.0,9.032259001984274e-08
1191.0,9.05947708669171e-08
4281.0,9.063162252301511e-08
5523.0,9.074696888651842e-08
14993.0,9.086125470523105e-08
7191.0,9.086944639377874e-08
7597.0,9.094649520185901e-08
13764.0,9.100469318910376e-08
19672.0,9.11779574478021e-08
149.0,9.121830980501119e-08
8709.0,9.130244060181965e-08
18373.0,9.13054607977545e-08
4470.0,9.159354274439287e-08
10107.0,9.15936879148359e-08
10770.0,9.168377577713533e-08
12405.0,9.176245306280823e-08
8387.0,9.218445375422146e-08
5078.0,9.229175151902927e-08
5514.0,9.232914376913685e-08
3277.0,9.247648410573356e-08
4783.0,9.253171703698171e-08
4937.0,9.255311418420507e-08
14249.0,9.260704707153941e-08
3955.0,9.260932615759295e-08
675.0,9.293992926761743e-08
19995.0,9.316772754172232e-08
14672.0,9.326181233032873e-08
5214.0,9.326232261449644e-08
19400.0,9.354848277160665e-08
3607.0,9.35498928042855e-08
10209.0,9.365229229316211e-08
13496.0,9.370127269789611e-08
10418.0,9.406124920407577e-08
6931.0,9.411161190027745e-08
4059.0,9.412940310959143e-08
3470.0,9.435498458693639e-08
4072.0,9.438295380689061e-08
12411.0,9.438332729435127e-08
10477.0,9.441782453502046e-08
7423.0,9.459450256380611e-08
476.0,9.46225075904718e-08
5299.0,9.46405348226954e-08
14157.0,9.478444334885543e-08
4868.0,9.485937770298354e-08
3509.0,9.488675578683883e-08
10312.0,9.516581495591604e-08
4727.0,9.544124614823274e-08
14044.0,9.549332769501592e-08
4053.0,9.550275030562627e-08
3379.0,9.55659300236125e-08
5801.0,9.560158466357262e-08
13099.0,9.56807181979862e-08
4796.0,9.569590172488788e-08
4896.0,9.57347550378035e-08
4501.0,9.575365618667585e-08
12692.0,9.57622696700649e-08
5508.0,9.580593936240406e-08
1691.0,9.585871311234071e-08
10308.0,9.588066205280333e-08
5366.0,9.59354452168222e-08
7818.0,9.593904056341115e-08
6511.0,9.623568133297803e-08
1047.0,9.635700557644279e-08
16021.0,9.641267953301386e-08
6551.0,9.644468978266356e-08
3928.0,9.662184574799477e-08
3880.0,9.689205053893714e-08
5143.0,9.689892133485213e-08
3697.0,9.706381862164626e-08
10195.0,9.707732360834367e-08
3677.0,9.71389206645462e-08
4153.0,9.715565614097094e-08
1603.0,9.719373637311559e-08
7215.0,9.720691787502926e-08
3654.0,9.728862171827896e-08
5304.0,9.731273313752508e-08
3886.0,9.735732561899242e-08
12902.0,9.738666111072109e-08
4810.0,9.744996913180899e-08
4697.0,9.751460608534358e-08
12386.0,9.77552321694818e-08
14138.0,9.778581500538516e-08
1278.0,9.783084663707503e-08
13370.0,9.805938559295612e-08
1153.0,9.81277441498389e-08
4105.0,9.817148623475229e-08
16044.0,9.821619997271117e-08
3998.0,9.822652823112106e-08
18331.0,9.825931258043191e-08
10100.0,9.832133011291206e-08
12429.0,9.833436881608502e-08
6550.0,9.843719426954674e-08
7266.0,9.847106505544538e-08
19655.0,9.849549150011825e-08
9632.0,9.857899124430726e-08
18802.0,9.865191285369538e-08
14247.0,9.871620358150275e-08
4209.0,9.879420488920589e-08
15126.0,9.889112202122457e-08
18985.0,9.891571094891115e-08
4145.0,9.892783199165515e-08
9397.0,9.896007355505825e-08
2730.0,9.913087730531925e-08
10765.0,9.914774337092694e-08
3239.0,9.917617774420813e-08
20050.0,9.942303730418306e-08
1854.0,9.948175674057682e-08
18209.0,9.953110318374257e-08
1031.0,9.958985380331259e-08
5384.0,9.965000942960746e-08
3860.0,9.978120682150104e-08
1921.0,9.984699390510178e-08
14896.0,9.998712070483188e-08
14969.0,1.0002409707651074e-07
12763.0,1.0009270334357266e-07
3540.0,1.0027809439874768e-07
4141.0,1.0032079106810498e-07
19945.0,1.0044292685330385e-07
3688.0,1.0048648397112311e-07
17402.0,1.0052224437016979e-07
8224.0,1.0054189132095545e-07
9647.0,1.0075305623026662e-07
1769.0,1.0079479722346112e-07
9412.0,1.0086033360870905e-07
10335.0,1.0086618946158974e-07
13452.0,1.0088253607301823e-07
9887.0,1.0091362067379761e-07
9045.0,1.0111199023200493e-07
1146.0,1.011239440397685e-07
10342.0,1.0133386533798154e-07
2390.0,1.0139986251844639e-07
9661.0,1.0141097187175494e-07
12334.0,1.0141885261043654e-07
5240.0,1.0142167976521488e-07
10723.0,1.0146399503572906e-07
3716.0,1.01519666552101e-07
5096.0,1.0163861524030658e-07
12533.0,1.0165139224282536e-07
4363.0,1.0165498565437921e-07
12156.0,1.017405472555265e-07
11304.0,1.0177991981713088e-07
10276.0,1.0187745008985117e-07
19676.0,1.0199249727637894e-07
4932.0,1.0200949403391483e-07
17722.0,1.0209112394341191e-07
2970.0,1.0222724703565008e-07
10903.0,1.0234790614076647e-07
19384.0,1.0241377920499764e-07
10626.0,1.0251212715847934e-07
6671.0,1.0259529117407846e-07
10606.0,1.0269101158107073e-07
1214.0,1.0285647791374008e-07
15152.0,1.0292736741091302e-07
1441.0,1.0295388660460895e-07
9535.0,1.029793735255757e-07
10151.0,1.0314330344893752e-07
5751.0,1.0316946296584366e-07
2248.0,1.0322306656328895e-07
6822.0,1.0336631701483495e-07
11726.0,1.034578608283674e-07
1194.0,1.0364216737342764e-07
2352.0,1.0373074051422444e-07
5242.0,1.0381959456047067e-07
3708.0,1.0413757499130666e-07
19761.0,1.0423368996565524e-07
10846.0,1.0450849026803245e-07
12914.0,1.0452613617847186e-07
4762.0,1.045574708525706e-07
9287.0,1.0456903826978547e-07
2238.0,1.0457288087276214e-07
15485.0,1.0463845221707341e-07
14145.0,1.0484489100864257e-07
6859.0,1.0488502301158908e-07
2718.0,1.0492762840893679e-07
1184.0,1.0498906966912745e-07
2416.0,1.0507607192103111e-07
20092.0,1.0509396208256038e-07
14886.0,1.0512082051530811e-07
9031.0,1.0515606620358022e-07
11125.0,1.0522224818845926e-07
19399.0,1.0523314998784803e-07
3883.0,1.0534871959960447e-07
18355.0,1.0537823624829178e-07
3675.0,1.0546800531783947e-07
8504.0,1.055328582589645e-07
12456.0,1.0558310309782921e-07
859.0,1.057077193839741e-07
14557.0,1.0577688659716255e-07
19408.0,1.0594166916034911e-07
10149.0,1.0614941452871607e-07
482.0,1.0616508509367798e-07
10712.0,1.0616673007900368e-07
3527.0,1.0644321981257916e-07
1884.0,1.0650763324387337e-07
783.0,1.065378589887418e-07
12252.0,1.0655656630018213e-07
14424.0,1.0657954224768107e-07
19028.0,1.0680403587569138e-07
12745.0,1.0686227645939463e-07
10546.0,1.070748806067153e-07
23.0,1.0707675160585312e-07
15043.0,1.0711078472920973e-07
5074.0,1.0715577125574515e-07
12530.0,1.0721904534522198e-07
363.0,1.0722753558571176e-07
9078.0,1.07257830169882e-07
19136.0,1.0729114066893597e-07
5180.0,1.0729867957424879e-07
14219.0,1.0740030454392125e-07
11810.0,1.0742267171739071e-07
18758.0,1.0747249536076123e-07
19371.0,1.0752246919196667e-07
5085.0,1.0766463350659846e-07
6900.0,1.0811669298188695e-07
12994.0,1.0820892401542938e-07
20009.0,1.0826776419458855e-07
1538.0,1.08312105635219e-07
9102.0,1.083686662317227e-07
7830.0,1.0845446009701675e-07
6999.0,1.0846676134632604e-07
2742.0,1.0849367388299767e-07
5397.0,1.0850601759177184e-07
10553.0,1.086136319488711e-07
524.0,1.0881470584706261e-07
14982.0,1.0886525851062611e-07
1375.0,1.0915219823858077e-07
19825.0,1.092222948337161e-07
12568.0,1.0924707861772485e-07
4487.0,1.0939909760376889e-07
1085.0,1.0941262795141305e-07
13985.0,1.0951875484874316e-07
13009.0,1.0952863618254169e-07
4578.0,1.0956635359560505e-07
9355.0,1.0972124158798304e-07
7447.0,1.0974277403354558e-07
14265.0,1.0982388939494804e-07
15271.0,1.0983747393213711e-07
18807.0,1.0985174879737928e-07
15287.0,1.1002793817842947e-07
4965.0,1.101769301359811e-07
19261.0,1.1018703649038792e-07
14882.0,1.1028568648914942e-07
4142.0,1.1037683791009951e-07
12776.0,1.1051280020605812e-07
12376.0,1.1060718280170372e-07
3901.0,1.106609650131633e-07
13016.0,1.1075053284762266e-07
14175.0,1.1087080868735766e-07
11735.0,1.109519429966923e-07
12269.0,1.1095867886243851e-07
12149.0,1.1096400309439275e-07
9039.0,1.1100919583915999e-07
4877.0,1.1107500652847654e-07
13812.0,1.1114506151179511e-07
9297.0,1.1172421154952619e-07
9015.0,1.1175474689144856e-07
8600.0,1.1201706780141782e-07
7148.0,1.1214159729353256e-07
4498.0,1.1214301007464622e-07
5068.0,1.1217648070213579e-07
2709.0,1.1220891767839773e-07
2347.0,1.1233358954114808e-07
12305.0,1.1238099171926734e-07
3285.0,1.1250272032513333e-07
940.0,1.1260753435252049e-07
5530.0,1.127891340489006e-07
9337.0,1.1297191308923961e-07
2046.0,1.1298144915626638e-07
5675.0,1.1299277561023866e-07
2875.0,1.1300188827274886e-07
6136.0,1.1300222040525583e-07
1021.0,1.1322925832187364e-07
2316.0,1.1326880939474707e-07
19067.0,1.1334274413200382e-07
3691.0,1.1336041331423705e-07
4620.0,1.1336913402083212e-07
10716.0,1.1338326922106297e-07
19378.0,1.1364947402902787e-07
6569.0,1.1375477166963437e-07
9307.0,1.1385933635148086e-07
6482.0,1.1393596158380252e-07
8366.0,1.1395355272247407e-07
5122.0,1.1404579170164735e-07
5798.0,1.1427572538116854e-07
19772.0,1.1449593598022639e-07
14773.0,1.1456647215368936e-07
10679.0,1.1462402073116751e-07
19790.0,1.1469525294360575e-07
5609.0,1.1472555894962034e-07
1543.0,1.1480696140687211e-07
9342.0,1.1485218851991763e-07
5517.0,1.1485530140917104e-07
5005.0,1.1486768387858194e-07
5077.0,1.1487197451924325e-07
3245.0,1.1489522795591285e-07
14755.0,1.1490649983504561e-07
18669.0,1.1492362838045876e-07
4351.0,1.151877501231382e-07
15664.0,1.1542306486984812e-07
11655.0,1.1546778559448241e-07
188.0,1.1552555827642389e-07
19833.0,1.1563579656680546e-07
9125.0,1.1573008890076952e-07
12430.0,1.157919715715777e-07
13525.0,1.1591268579094603e-07
4990.0,1.160784302720679e-07
19770.0,1.1608303947430416e-07
4207.0,1.1625223062111003e-07
10478.0,1.1631218591989942e-07
2542.0,1.1633392423264758e-07
4083.0,1.1636656668223844e-07
4976.0,1.1643045649817176e-07
2422.0,1.1653243555358126e-07
9320.0,1.1653968589036317e-07
13487.0,1.1700195999640309e-07
13201.0,1.1701695341894932e-07
12312.0,1.1703864101836608e-07
4417.0,1.1707319513708029e-07
17369.0,1.1713865550798476e-07
1735.0,1.1714933755245812e-07
5259.0,1.1718963143907119e-07
14349.0,1.1721183185703794e-07
14744.0,1.1721202010341721e-07
15923.0,1.1722680555250067e-07
13136.0,1.1736843476143042e-07
5135.0,1.1743868989245033e-07
18558.0,1.1743885216997359e-07
12454.0,1.17449692955822e-07
5393.0,1.1752074605764402e-07
9502.0,1.1752608551301601e-07
10705.0,1.1761661720044577e-07
7841.0,1.176541244995208e-07
3304.0,1.177545719147137e-07
8343.0,1.1780024828126237e-07
7905.0,1.1780760084098261e-07
14353.0,1.1784769645499473e-07
11951.0,1.1786121410504132e-07
7886.0,1.1789266589157413e-07
6065.0,1.1791037374882307e-07
2214.0,1.179552841068972e-07
40.0,1.1805003239849043e-07
4940.0,1.1805791568867849e-07
1267.0,1.1810805401499167e-07
6670.0,1.1821237287032151e-07
14377.0,1.1832140697808564e-07
5165.0,1.1845823521937582e-07
12399.0,1.1846708316737189e-07
19242.0,1.1846712364899116e-07
1446.0,1.1881062171305454e-07
4872.0,1.1897426145821024e-07
3645.0,1.190831382801567e-07
4449.0,1.1914552710819935e-07
7931.0,1.1922359702402752e-07
14415.0,1.192639593732099e-07
6974.0,1.1946357094996433e-07
10169.0,1.194830225649501e-07
4118.0,1.194874828893531e-07
5577.0,1.196527684589205e-07
2979.0,1.1972199289263804e-07
2999.0,1.1976575788117484e-07
5236.0,1.1991705435422358e-07
5088.0,1.1996177920579115e-07
19930.0,1.2000846842622118e-07
9041.0,1.2010185677343352e-07
3909.0,1.2018908210234826e-07
3975.0,1.2026576095055398e-07
2356.0,1.2030619319217672e-07
1675.0,1.2031117081310915e-07
15637.0,1.2056108897860948e-07
4396.0,1.2068052588644536e-07
19913.0,1.2070715278282504e-07
8035.0,1.207625382136757e-07
5094.0,1.2090725467692484e-07
12724.0,1.210398586937806e-07
12372.0,1.2106738127167283e-07
14805.0,1.2115350188391156e-07
3502.0,1.2123000195542305e-07
4391.0,1.2140483338706218e-07
3432.0,1.2151114421547203e-07
6391.0,1.2162852508001704e-07
9410.0,1.2165816319068636e-07
6240.0,1.2176681326247988e-07
1641.0,1.2186279734797192e-07
1232.0,1.2187523165234964e-07
7655.0,1.2195608385754054e-07
3235.0,1.220221552371832e-07
8627.0,1.2202430893124982e-07
5185.0,1.2202924765455187e-07
8905.0,1.2236269739813723e-07
12328.0,1.2242858086532261e-07
600.0,1.2254818088976776e-07
4809.0,1.22610476450831e-07
8016.0,1.2268816479657404e-07
12085.0,1.2281632080989188e-07
14315.0,1.2282866449297973e-07
3596.0,1.2294267172657262e-07
5040.0,1.230920375825658e-07
10604.0,1.2333704868741806e-07
836.0,1.2339762681920876e-07
13195.0,1.2349675409523397e-07
10555.0,1.2358590617113404e-07
4345.0,1.235964764202388e-07
19993.0,1.2371804087348116e-07
9062.0,1.2377882701298305e-07
5006.0,1.238255433838392e-07
4117.0,1.2386114091457756e-07
12892.0,1.238793543125896e-07
10317.0,1.240420325336667e-07
1432.0,1.243488906567335e-07
9338.0,1.2442312209651826e-07
1886.0,1.2444196510015447e-07
5112.0,1.2465265303187553e-07
18923.0,1.2473392311046498e-07
887.0,1.249166117178804e-07
4846.0,1.2498326217818206e-07
5563.0,1.251862863520158e-07
12333.0,1.2522518725309554e-07
3325.0,1.2535131135968866e-07
1009.0,1.2549526041884058e-07
14715.0,1.2549948518268745e-07
19350.0,1.2566402133713442e-07
14316.0,1.2577239872309666e-07
5089.0,1.2581631812914686e-07
3794.0,1.2610285407692322e-07
13109.0,1.2618765731555325e-07
5190.0,1.2641034771346474e-07
14134.0,1.2641994158324356e-07
3196.0,1.2644362264554612e-07
17656.0,1.264902084357814e-07
4019.0,1.2655604004231366e-07
9092.0,1.266213543437544e-07
10664.0,1.2663731713326484e-07
3428.0,1.2667520059973853e-07
16079.0,1.2669651244273752e-07
4897.0,1.2688974894360884e-07
5265.0,1.2708690692154242e-07
9529.0,1.271324723574948e-07
18103.0,1.272850438559947e-07
10118.0,1.273253193169638e-07
3993.0,1.2733256607478698e-07
3086.0,1.2736811568343928e-07
6526.0,1.2742925192730068e-07
5807.0,1.2743680370145313e-07
8176.0,1.2769997076117365e-07
14267.0,1.277782788746854e-07
3882.0,1.2789546559356272e-07
3819.0,1.280619368516068e-07
9241.0,1.2808329879146586e-07
14208.0,1.2817320508582574e-07
3491.0,1.282278587052381e-07
4795.0,1.2826436911019028e-07
3068.0,1.2827244067244393e-07
616.0,1.284781538857852e-07
12150.0,1.285970168330992e-07
8651.0,1.2876463342643217e-07
4649.0,1.2894021320292897e-07
1404.0,1.2899475619998073e-07
5130.0,1.2905822634447405e-07
3431.0,1.290641589822874e-07
5092.0,1.2908711338753717e-07
9421.0,1.2912316109648575e-07
14011.0,1.291235523845569e-07
8250.0,1.2915004573782837e-07
18962.0,1.293494864407089e-07
14799.0,1.2943066559833496e-07
3637.0,1.2949014220711379e-07
15676.0,1.2949211962462003e-07
11401.0,1.296974430311338e-07
17090.0,1.2985997550810702e-07
19879.0,1.299449880901362e-07
3640.0,1.3001444301564531e-07
8973.0,1.301120877122996e-07
19889.0,1.30116059628706e-07
5516.0,1.301250910454283e-07
19556.0,1.3018454398855662e-07
11122.0,1.303078881432409e-07
2299.0,1.3042543983028717e-07
8385.0,1.3047467993214344e-07
10479.0,1.308020630153295e-07
4428.0,1.3080263716421763e-07
9075.0,1.3097095134626638e-07
12806.0,1.3108239113932736e-07
12202.0,1.311230866741553e-07
15053.0,1.312400711476162e-07
2822.0,1.312819087812584e-07
3004.0,1.3139071648991583e-07
10921.0,1.315354405991222e-07
5439.0,1.315371976024312e-07
3309.0,1.3155800577120538e-07
478.0,1.3166647493434125e-07
6055.0,1.317221040169346e-07
11016.0,1.3178008188109353e-07
8269.0,1.318056504930775e-07
9089.0,1.3184046639806688e-07
18855.0,1.3197639631215493e-07
10201.0,1.3200707883661435e-07
6928.0,1.3203274383218295e-07
7975.0,1.3206620094867523e-07
1730.0,1.3221145361357547e-07
9729.0,1.323512548136826e-07
19104.0,1.3266441497790064e-07
9178.0,1.3267014526755238e-07
3419.0,1.3270361802700538e-07
19927.0,1.327389692774357e-07
3996.0,1.3282934971532986e-07
10159.0,1.3285995722721179e-07
20073.0,1.3293233800285148e-07
3252.0,1.3309817069075034e-07
12160.0,1.3312133916567967e-07
408.0,1.331970147153101e-07
3118.0,1.33218426649284e-07
372.0,1.3324908681809454e-07
10529.0,1.3343318330910117e-07
359.0,1.3353902666385435e-07
8901.0,1.3366344297353995e-07
13367.0,1.3388785895184526e-07
6038.0,1.3394677289351501e-07
9802.0,1.3422213272070976e-07
6464.0,1.3440671708030052e-07
18942.0,1.3464982161048025e-07
7286.0,1.346876892199406e-07
4388.0,1.34700613533428e-07
10762.0,1.347409817733367e-07
17779.0,1.347729460530596e-07
19387.0,1.3487131250068209e-07
9344.0,1.3506825264161114e-07
4571.0,1.351001208031746e-07
2544.0,1.3510092796967452e-07
3248.0,1.3516009862029283e-07
6636.0,1.352213999842954e-07
609.0,1.3532918664513962e-07
9936.0,1.3533101943161527e-07
4224.0,1.3535462433401865e-07
9826.0,1.3544969192352765e-07
15386.0,1.3547450756711873e-07
4214.0,1.3553566171433586e-07
19126.0,1.3560954823839505e-07
1447.0,1.357628958572122e-07
4094.0,1.3581638373784608e-07
4471.0,1.3584640835037143e-07
5415.0,1.3586869419243195e-07
8246.0,1.358834196554273e-07
6434.0,1.359923928952068e-07
8299.0,1.362759728285665e-07
13402.0,1.3631503590442425e-07
10011.0,1.363554333582257e-07
3764.0,1.3641156971968894e-07
9784.0,1.3645643665934274e-07
19691.0,1.36564070700715e-07
14700.0,1.3669558703091602e-07
2278.0,1.3670562298771843e-07
19513.0,1.3676991047048907e-07
18629.0,1.3677658638439558e-07
1534.0,1.3687944373168806e-07
9598.0,1.3688480059381384e-07
6652.0,1.3695386602073117e-07
14891.0,1.371545512508548e-07
7987.0,1.3715763564543203e-07
2793.0,1.373169143009494e-07
10510.0,1.3734208906479364e-07
2908.0,1.3736252377179347e-07
5750.0,1.3737014408557416e-07
9448.0,1.374466357919118e-07
341.0,1.3750163290574077e-07
10836.0,1.3771797403394522e-07
12947.0,1.378856270247747e-07
9511.0,1.3812327337747312e-07
20005.0,1.381594132232036e-07
14694.0,1.3842987005674883e-07
19941.0,1.3843840594180553e-07
5489.0,1.385667338307632e-07
18672.0,1.3864087240598738e-07
9299.0,1.3886268996607499e-07
4227.0,1.3907178098011216e-07
2744.0,1.391513951995061e-07
4429.0,1.3916633534009025e-07
18976.0,1.3922417569688765e-07
7080.0,1.3926063592792085e-07
4515.0,1.395448035725386e-07
8750.0,1.3965057777975432e-07
6977.0,1.3966554967717558e-07
13873.0,1.3972342240728143e-07
12173.0,1.3973454245465563e-07
4645.0,1.398832506042052e-07
7146.0,1.4016014305625828e-07
2318.0,1.4047809875974309e-07
170.0,1.4061345217036486e-07
11012.0,1.4063668113654634e-07
13247.0,1.4070246033445095e-07
13252.0,1.4080706733876869e-07
748.0,1.408517951528236e-07
28.0,1.4089608975019283e-07
10988.0,1.4090034008903903e-07
9561.0,1.4106031436398863e-07
9937.0,1.4119184569499276e-07
3236.0,1.4134307302906612e-07
10384.0,1.4145697353605491e-07
14661.0,1.4158609302561068e-07
4519.0,1.4164590058532635e-07
7809.0,1.416601987052381e-07
6373.0,1.4173818462684358e-07
5647.0,1.4180195852047503e-07
9028.0,1.4182990267059398e-07
8288.0,1.418684662334086e-07
2499.0,1.4212026519309166e-07
12346.0,1.4229459054455524e-07
10585.0,1.425155235966737e-07
4883.0,1.4254063941044418e-07
10246.0,1.4270177246318318e-07
10701.0,1.4291985040525955e-07
12534.0,1.4294028092539143e-07
7928.0,1.4302488163605567e-07
12104.0,1.4323838995849431e-07
9981.0,1.4330781901789265e-07
11007.0,1.4330956516445601e-07
15032.0,1.4335023940533572e-07
14562.0,1.4340171359083629e-07
4552.0,1.4342414067333492e-07
17346.0,1.435287034372705e-07
13280.0,1.4356685756035728e-07
19372.0,1.4377454998068414e-07
9837.0,1.438443058127135e-07
3895.0,1.4389558897771366e-07
8276.0,1.4400293363715527e-07
3676.0,1.4402912918338755e-07
5820.0,1.4411312326910998e-07
12805.0,1.4428868110950088e-07
3837.0,1.4437027459581515e-07
3286.0,1.4439139238732962e-07
3897.0,1.4444748908913536e-07
10468.0,1.4445362459739856e-07
7819.0,1.4447573729662813e-07
3484.0,1.4456370996863459e-07
6090.0,1.4490057001465585e-07
3392.0,1.4493370475087557e-07
1723.0,1.449373583454459e-07
14836.0,1.4507724512376465e-07
3721.0,1.4508300176756697e-07
12425.0,1.4579942066093026e-07
14838.0,1.4591063994561086e-07
7532.0,1.4607468031152913e-07
14363.0,1.4617591672444103e-07
13433.0,1.462230756446743e-07
9563.0,1.4638624910630555e-07
2701.0,1.4654141983642283e-07
4046.0,1.4691360183336061e-07
15248.0,1.4694513227992647e-07
4223.0,1.469541606399783e-07
2541.0,1.470194490410598e-07
19119.0,1.4707642595265943e-07
13270.0,1.4710981851946312e-07
13786.0,1.471438742981422e-07
13093.0,1.4722540347450672e-07
5556.0,1.4726887229992797e-07
5137.0,1.4727067235348686e-07
14165.0,1.4729207734359585e-07
6616.0,1.4729373167017506e-07
18854.0,1.474444193349459e-07
8890.0,1.4773956880035973e-07
5073.0,1.4792259397545106e-07
12318.0,1.479465581436633e-07
15838.0,1.4798808275541068e-07
3230.0,1.482178223663231e-07
2247.0,1.4825596840678537e-07
11014.0,1.4887827350313996e-07
5500.0,1.4898344904816888e-07
18495.0,1.4903245421450248e-07
2737.0,1.4914409961788604e-07
3361.0,1.4929038242355204e-07
11684.0,1.493183072575684e-07
14828.0,1.4956962203893338e-07
1229.0,1.4965305109440653e-07
12783.0,1.4968792368907467e-07
14687.0,1.4977584066460622e-07
12221.0,1.4990759187039517e-07
15483.0,1.5007171306255835e-07
2039.0,1.5015022464586712e-07
8891.0,1.5020693464249235e-07
11445.0,1.5026110849306928e-07
12218.0,1.5043202085359684e-07
6624.0,1.5044529994635155e-07
807.0,1.505329759415163e-07
4713.0,1.5054168532901226e-07
6100.0,1.5072037381645659e-07
12883.0,1.5076011032733976e-07
8604.0,1.508127638482371e-07
12814.0,1.5082686027070704e-07
4837.0,1.5093213866370777e-07
14941.0,1.5095245148062048e-07
148.0,1.5099907359129336e-07
5554.0,1.5101767662489083e-07
19340.0,1.5106091843473397e-07
14340.0,1.5134389846440207e-07
2377.0,1.5136932855869643e-07
10850.0,1.5151924929028568e-07
14533.0,1.5155093637194944e-07
19409.0,1.5175465289449237e-07
12172.0,1.5192211966816083e-07
14343.0,1.522634734735942e-07
10923.0,1.5232087500552893e-07
1875.0,1.5257140701382325e-07
9370.0,1.5262585932965048e-07
18454.0,1.527020264466932e-07
4993.0,1.5273918169781152e-07
4330.0,1.527601879080099e-07
3211.0,1.5279533734969103e-07
12694.0,1.5310408393858416e-07
9444.0,1.5337366322514933e-07
4528.0,1.5341143785874177e-07
5364.0,1.5343572087107835e-07
3370.0,1.5359066608398543e-07
12618.0,1.5390414343128e-07
6205.0,1.539434070486958e-07
8937.0,1.54069543142232e-07
12917.0,1.5416218254523953e-07
13269.0,1.5454483412664635e-07
13374.0,1.5485997281288183e-07
3665.0,1.5501009353805457e-07
8860.0,1.5515360676051752e-07
2653.0,1.5516349155340536e-07
2224.0,1.55352752096558e-07
16047.0,1.5545061170197784e-07
19940.0,1.5551200090458706e-07
18705.0,1.5553818994362162e-07
18317.0,1.5569525756467385e-07
7330.0,1.5580321985992077e-07
7225.0,1.5602109060768568e-07
12366.0,1.560908387595093e-07
8917.0,1.5613994565217932e-07
4973.0,1.561488628076476e-07
2006.0,1.562080906188603e-07
3626.0,1.5634407013320644e-07
4618.0,1.5639296942914618e-07
12518.0,1.5641813199199476e-07
14987.0,1.564459956497908e-07
19423.0,1.5659552874076442e-07
643.0,1.5668034717712588e-07
14246.0,1.5682134752533435e-07
3870.0,1.5700568272775068e-07
2407.0,1.5713180033570822e-07
15878.0,1.5766534402776252e-07
1889.0,1.5798830356077463e-07
3116.0,1.5802555085449173e-07
1905.0,1.580596194078273e-07
11023.0,1.581460014467329e-07
12299.0,1.5837668608255293e-07
8925.0,1.5841820166984456e-07
1907.0,1.5852860137297707e-07
13114.0,1.5859829371701848e-07
8945.0,1.5868201951783013e-07
4354.0,1.587437396456899e-07
9786.0,1.5901568725253787e-07
2960.0,1.5912123287731078e-07
12520.0,1.5919551980808e-07
19952.0,1.593418236165827e-07
4036.0,1.5934192589945575e-07
800.0,1.593885320246838e-07
2819.0,1.5942257831655362e-07
14214.0,1.596397319540097e-07
4115.0,1.5967171561833204e-07
9415.0,1.5972572012765139e-07
5001.0,1.5972841031448061e-07
1677.0,1.5973032148700203e-07
8514.0,1.5979994692677676e-07
18540.0,1.5989202101698561e-07
4168.0,1.5992705406544924e-07
5079.0,1.6001391803940213e-07
12841.0,1.602137559810149e-07
9716.0,1.6021657285270849e-07
14383.0,1.6031828265568967e-07
12734.0,1.6038697613632475e-07
3894.0,1.6047940033089312e-07
1243.0,1.605361855541484e-07
7201.0,1.6060196661002916e-07
6249.0,1.6069068589734865e-07
1614.0,1.608226285517431e-07
8498.0,1.6098209320180687e-07
5469.0,1.610354830463704e-07
12747.0,1.6111392267377218e-07
8468.0,1.61282068576264e-07
5121.0,1.6141093230726452e-07
9083.0,1.614188938293805e-07
14597.0,1.6163066110826872e-07
5379.0,1.6181635285591137e-07
20068.0,1.618589939486632e-07
9364.0,1.6206695606664772e-07
14198.0,1.621591251362564e-07
2725.0,1.622356200790687e-07
12890.0,1.6225100591132148e-07
12422.0,1.623865037817318e-07
5502.0,1.6242181643420533e-07
9776.0,1.6244775516018167e-07
14360.0,1.6246310308800796e-07
4403.0,1.6254489317731326e-07
13110.0,1.6254819659902724e-07
11226.0,1.627417617048194e-07
4194.0,1.6298681294880682e-07
8191.0,1.6310710455137198e-07
5050.0,1.631285521893121e-07
12317.0,1.6323904829315343e-07
6910.0,1.63308380455241e-07
13096.0,1.6332507447396683e-07
10222.0,1.6335529897733043e-07
4757.0,1.6342295369516283e-07
14162.0,1.6365371787291245e-07
12730.0,1.6369934729345467e-07
9373.0,1.6391244103034202e-07
12847.0,1.6404411280550874e-07
3698.0,1.6405635494206436e-07
5583.0,1.6411325419539693e-07
3338.0,1.641338243548538e-07
7247.0,1.6422318246918153e-07
15363.0,1.6436296129651557e-07
3787.0,1.6437007766208415e-07
11191.0,1.648391674583492e-07
7553.0,1.6486910933528086e-07
20015.0,1.649174540724223e-07
5055.0,1.649518433877931e-07
1646.0,1.651605679181692e-07
14671.0,1.652077926295959e-07
6402.0,1.652540400455517e-07
3714.0,1.6545806666175052e-07
19154.0,1.6556105478659222e-07
10238.0,1.6556811128594212e-07
1240.0,1.6557177320287577e-07
8865.0,1.6567744827807204e-07
3680.0,1.6584566370483386e-07
15359.0,1.659163069216987e-07
14822.0,1.6595952830236598e-07
7152.0,1.6629549839492104e-07
12120.0,1.6635302452256717e-07
10217.0,1.6642806286342666e-07
6779.0,1.6644040879834742e-07
14259.0,1.6652120706229437e-07
13028.0,1.667021802439692e-07
12999.0,1.6672100120875432e-07
5648.0,1.6688190804219075e-07
9528.0,1.6707304925965673e-07
5402.0,1.6723915825515613e-07
14398.0,1.6742777104959002e-07
2294.0,1.677325389323297e-07
4842.0,1.677949906147647e-07
6403.0,1.680012623939681e-07
255.0,1.6800582142228538e-07
10416.0,1.680928533504353e-07
10153.0,1.6815001211252388e-07
3817.0,1.681811092482209e-07
4720.0,1.6823046528950322e-07
5786.0,1.6860640458519334e-07
13659.0,1.6878068406091326e-07
20026.0,1.6889728324833667e-07
12435.0,1.689067962833085e-07
3782.0,1.6903060125033393e-07
4434.0,1.6912218229188678e-07
10763.0,1.6917401391090635e-07
6499.0,1.6922509906016864e-07
4249.0,1.6924827987308724e-07
5725.0,1.6947653923352055e-07
9750.0,1.695772626823267e-07
13455.0,1.699004685727058e-07
5445.0,1.6990611304440705e-07
12185.0,1.7003075952052432e-07
13050.0,1.7017581273125353e-07
8985.0,1.702276455318432e-07
10516.0,1.7032084224208378e-07
13748.0,1.706889840740984e-07
12689.0,1.707173530928534e-07
18668.0,1.7074143594892653e-07
519.0,1.7082363599168584e-07
13048.0,1.7095655677207508e-07
9175.0,1.7099266147893807e-07
5509.0,1.7105083481589053e-07
18934.0,1.7111074189292026e-07
8576.0,1.712629875434962e-07
12126.0,1.7130564536659575e-07
3045.0,1.717172358431567e-07
19596.0,1.7173604273184577e-07
14156.0,1.7192290966226566e-07
5127.0,1.7197965183527103e-07
2351.0,1.719858646850035e-07
1277.0,1.7211628498050017e-07
12271.0,1.7238432760089471e-07
11557.0,1.7241520238735935e-07
19792.0,1.7243120738803373e-07
12584.0,1.7247457218391306e-07
3241.0,1.7264525573082108e-07
12706.0,1.7269707915590882e-07
1317.0,1.728485841932054e-07
13488.0,1.730326028803892e-07
14977.0,1.7315450342182975e-07
6570.0,1.732243784554461e-07
14150.0,1.7322953411673197e-07
15249.0,1.7338884750013592e-07
19979.0,1.735425086288877e-07
7087.0,1.7373131236676305e-07
13194.0,1.73758761790054e-07
18400.0,1.73992913777597e-07
5443.0,1.740990555044881e-07
4526.0,1.7430277013480647e-07
4092.0,1.743163394314536e-07
4219.0,1.7439853850669534e-07
7876.0,1.7453736021087132e-07
12022.0,1.7456433848736374e-07
18484.0,1.749582425547418e-07
9021.0,1.7496714833973834e-07
3942.0,1.750120785790138e-07
6439.0,1.7505426419361416e-07
18743.0,1.7505551452596253e-07
443.0,1.751558032425909e-07
3760.0,1.752414426047505e-07
19451.0,1.7532528491008697e-07
8341.0,1.753313632834421e-07
12379.0,1.7537271269745398e-07
12193.0,1.7552123257493793e-07
15290.0,1.755387096578459e-07
10773.0,1.755495191406486e-07
3254.0,1.7559935513057053e-07
5800.0,1.7572273496353474e-07
5013.0,1.7575463512167417e-07
3079.0,1.7576294773279142e-07
433.0,1.7577015118350162e-07
12285.0,1.7585576365209816e-07
8382.0,1.76051064878232e-07
2047.0,1.761491857305146e-07
12244.0,1.7618876410793196e-07
4854.0,1.7642731795784403e-07
8961.0,1.765933362721189e-07
3534.0,1.7680350825156054e-07
7326.0,1.7697712362494645e-07
9168.0,1.772725381644827e-07
10714.0,1.7800188429957232e-07
14129.0,1.7801256011083528e-07
6233.0,1.7801904129685113e-07
5473.0,1.781142643398879e-07
12284.0,1.781441058432953e-07
11812.0,1.78217191682366e-07
1486.0,1.7832054829440065e-07
3784.0,1.7857768914965482e-07
20078.0,1.7889146108463814e-07
1476.0,1.7940177938946972e-07
6050.0,1.7942416165792538e-07
9314.0,1.7965023140627328e-07
199.0,1.797808882812162e-07
5704.0,1.798941947495534e-07
19245.0,1.7991105102011616e-07
13015.0,1.8019402047558803e-07
1442.0,1.8025644119746144e-07
4377.0,1.8029622229977293e-07
4442.0,1.808179801040123e-07
12488.0,1.8085825654106105e-07
907.0,1.8089077467748988e-07
12988.0,1.809126257702484e-07
18485.0,1.809370082057159e-07
8593.0,1.8110857134594643e-07
1785.0,1.8122707997634662e-07
20012.0,1.813434558470201e-07
5467.0,1.8159814054338486e-07
12720.0,1.816163074748682e-07
12493.0,1.816340028742584e-07
11975.0,1.8163908097146032e-07
7261.0,1.8174488636185226e-07
3159.0,1.8185174768206183e-07
12679.0,1.8192645758924252e-07
5300.0,1.8223509782826407e-07
4189.0,1.8274798168140293e-07
12916.0,1.8284715294950931e-07
12986.0,1.8293335065491636e-07
3807.0,1.82977447681777e-07
8570.0,1.8300190426504967e-07
692.0,1.8342678804745499e-07
19295.0,1.8343759145972724e-07
742.0,1.8344638354000635e-07
10088.0,1.83487008771413e-07
8762.0,1.8361544797626156e-07
8234.0,1.836600702795309e-07
5697.0,1.8370077099443068e-07
562.0,1.8370813642299056e-07
12083.0,1.8391954834038847e-07
13946.0,1.8436365827194197e-07
13072.0,1.8440238917248224e-07
12068.0,1.8442960877182555e-07
2272.0,1.8457958376145655e-07
1512.0,1.8458704225150537e-07
5917.0,1.847198743456399e-07
3276.0,1.8476587820403614e-07
1217.0,1.8478294116374634e-07
10731.0,1.849763855353352e-07
14628.0,1.8505651608374102e-07
3372.0,1.8508051972324447e-07
14021.0,1.854580510305339e-07
2579.0,1.855859075672026e-07
4155.0,1.8566200356742435e-07
8340.0,1.8583505463833965e-07
7721.0,1.8586910322485287e-07
5531.0,1.8593177996214456e-07
5753.0,1.8608175926707506e-07
18525.0,1.861157840166957e-07
3687.0,1.8613918785525275e-07
7071.0,1.8618983261278768e-07
12649.0,1.8621411172936774e-07
13089.0,1.862912026201804e-07
10684.0,1.8632105057085077e-07
14333.0,1.8649192279224316e-07
6772.0,1.86525880209492e-07
3830.0,1.8661159909645694e-07
218.0,1.8669449775538427e-07
14900.0,1.8673453130271743e-07
16569.0,1.8691192871933106e-07
5761.0,1.870560453559475e-07
179.0,1.8714304175137327e-07
10758.0,1.8716538173160607e-07
5030.0,1.8742289665654388e-07
12774.0,1.8749310597175485e-07
4862.0,1.8762274458156783e-07
3947.0,1.8764570799414913e-07
5444.0,1.8772779087310174e-07
18517.0,1.8783984725739155e-07
8870.0,1.8797412514810587e-07
18231.0,1.8810848180159845e-07
3514.0,1.8812911347975972e-07
3521.0,1.881850358742886e-07
12586.0,1.885260140431737e-07
4039.0,1.8870738295665072e-07
207.0,1.887428435108779e-07
1116.0,1.8874521215652056e-07
2849.0,1.8882971066993282e-07
19320.0,1.8905101263734934e-07
13289.0,1.8932077822669653e-07
19907.0,1.8934026875643686e-07
3324.0,1.894230634115086e-07
11197.0,1.8944285346070856e-07
6078.0,1.8951093126625975e-07
11801.0,1.8952945448394037e-07
18713.0,1.896365491984942e-07
9069.0,1.8978690945703848e-07
4694.0,1.8980259758287203e-07
19705.0,1.8982032410550378e-07
9642.0,1.899952529738661e-07
10089.0,1.9010138901552135e-07
2194.0,1.902732319224417e-07
18227.0,1.902851238947031e-07
13733.0,1.9041871364070038e-07
7124.0,1.9083134835124732e-07
6864.0,1.9099275030536844e-07
7392.0,1.9100602471465323e-07
19584.0,1.910963996984883e-07
300.0,1.9110498117673927e-07
2761.0,1.9118500694213823e-07
10570.0,1.9153958939242007e-07
5601.0,1.9154490444580073e-07
521.0,1.916738019457324e-07
12578.0,1.9172757255554346e-07
1026.0,1.9178232189069648e-07
4735.0,1.9185981185253122e-07
4709.0,1.9202389717804823e-07
12719.0,1.921097251804438e-07
13051.0,1.9226604419121317e-07
9205.0,1.9243538810304674e-07
4246.0,1.926339667135417e-07
5168.0,1.9273852708865078e-07
10120.0,1.927947805454239e-07
12884.0,1.9290165071028503e-07
14925.0,1.9295339403690657e-07
18956.0,1.9298870914670342e-07
7948.0,1.9303580105136268e-07
13599.0,1.931094385723653e-07
12316.0,1.932369318704097e-07
4435.0,1.932474268757602e-07
14186.0,1.9330064129997358e-07
6366.0,1.9336337380223699e-07
711.0,1.9336877081206004e-07
5548.0,1.9354722719803756e-07
18596.0,1.936030294577103e-07
980.0,1.9387522075054937e-07
14167.0,1.9396955442234292e-07
3952.0,1.939843383473722e-07
3458.0,1.943181271416431e-07
14239.0,1.9453070389879877e-07
6768.0,1.9478488219819023e-07
14331.0,1.9494386256719068e-07
169.0,1.9516510898368804e-07
2211.0,1.9525104016797737e-07
7163.0,1.9531536293517124e-07
2958.0,1.9534516862330506e-07
19279.0,1.9544896132889176e-07
10102.0,1.9564716146878258e-07
3387.0,1.9587613123539866e-07
6293.0,1.9591237530759938e-07
2650.0,1.9605687728162596e-07
3835.0,1.9633305827435772e-07
14147.0,1.963666081783517e-07
12419.0,1.9639285365020195e-07
5738.0,1.964234032223382e-07
15309.0,1.965368237121906e-07
12772.0,1.965777516053484e-07
13032.0,1.965904783226409e-07
171.0,1.968928389018464e-07
4664.0,1.9714614831054308e-07
14141.0,1.9715103566123186e-07
20003.0,1.973519313649521e-07
4061.0,1.975127851647274e-07
13273.0,1.9756898351581067e-07
12893.0,1.9758057738992138e-07
15967.0,1.9763075162569125e-07
12556.0,1.9786690557828753e-07
8588.0,1.9789144759421607e-07
9753.0,1.9789202465421896e-07
10527.0,1.981802480810343e-07
7645.0,1.9824230536735504e-07
480.0,1.9851834571043376e-07
14462.0,1.9852894348669713e-07
1280.0,1.9880964392514767e-07
7907.0,1.9898067217372868e-07
10060.0,1.9906698088679095e-07
13156.0,1.9919939711962095e-07
7518.0,1.993216376878267e-07
13243.0,1.993970334622052e-07
18890.0,1.9957784541949533e-07
9516.0,1.999287762188041e-07
5034.0,2.0037235476917e-07
4609.0,2.0068553345321514e-07
13972.0,2.0090676890165958e-07
2304.0,2.010911013984516e-07
7607.0,2.0140579357105666e-07
10810.0,2.0153314411317086e-07
5744.0,2.0158781927483238e-07
15959.0,2.017356929790244e-07
19059.0,2.0186160899228533e-07
19216.0,2.0205962345442752e-07
8083.0,2.0213648072828128e-07
1574.0,2.0215604424994299e-07
2348.0,2.0218015660245826e-07
10213.0,2.0219070118238055e-07
20056.0,2.0251494743667543e-07
4619.0,2.0261195178226727e-07
19052.0,2.0270020694371206e-07
10243.0,2.0284809221530416e-07
3282.0,2.029966766424767e-07
7335.0,2.030255109173039e-07
19090.0,2.0322905997368963e-07
1601.0,2.0335824195802943e-07
14745.0,2.0342348581905523e-07
1127.0,2.0362397799089815e-07
13451.0,2.039358939018604e-07
11883.0,2.0402225238642282e-07
13111.0,2.0407787504743952e-07
8636.0,2.0415349553419063e-07
4597.0,2.0426055520406006e-07
5095.0,2.0452515789714506e-07
13285.0,2.0456382880303513e-07
13950.0,2.0477808979419306e-07
19645.0,2.04913730454782e-07
12561.0,2.0493144731936245e-07
1084.0,2.0493326269908432e-07
2537.0,2.0500416697444568e-07
15151.0,2.0516251752376938e-07
19815.0,2.052025412931818e-07
5195.0,2.0520383863147133e-07
712.0,2.052234155699472e-07
2810.0,2.0537334959848118e-07
20007.0,2.0542052233794744e-07
2768.0,2.0545554112194878e-07
2404.0,2.0562178038983334e-07
18744.0,2.0564822046970483e-07
3326.0,2.0593469060916358e-07
15663.0,2.0599225560019167e-07
2907.0,2.0604864236889623e-07
5081.0,2.0618722008740752e-07
17916.0,2.0619499563210134e-07
6998.0,2.0638757097600182e-07
10808.0,2.065791817391532e-07
9158.0,2.0674698441265358e-07
11892.0,2.067809514537053e-07
14463.0,2.067838182681411e-07
13714.0,2.0682947286982594e-07
19377.0,2.0695358069553086e-07
8267.0,2.0708554629635925e-07
15720.0,2.0720564813705306e-07
15093.0,2.0726890932344185e-07
3376.0,2.0751620662089246e-07
2708.0,2.0760348637909097e-07
1590.0,2.0762190593540011e-07
8487.0,2.0832908012151284e-07
15856.0,2.0836731957451026e-07
13465.0,2.0847606931773567e-07
3385.0,2.0849095918165563e-07
2359.0,2.0861011467031596e-07
13272.0,2.0863734747242088e-07
1717.0,2.088260148759427e-07
9334.0,2.0927625043509344e-07
12995.0,2.094312403849846e-07
4252.0,2.0949632606973408e-07
18378.0,2.0960910645682498e-07
6642.0,2.0963987527015053e-07
12920.0,2.0988548498581693e-07
9053.0,2.099659823261195e-07
13325.0,2.1003436331571007e-07
624.0,2.100556245909334e-07
5681.0,2.1011416760521107e-07
2265.0,2.1016341027569798e-07
12541.0,2.1018031968266706e-07
7237.0,2.1021396434344624e-07
3454.0,2.1037355603798263e-07
12698.0,2.1059865830302879e-07
4200.0,2.1080868723542875e-07
4095.0,2.1080963677256424e-07
4213.0,2.1095629352804442e-07
4733.0,2.1138844735719098e-07
8557.0,2.1147148939708195e-07
12479.0,2.1156053853938922e-07
19420.0,2.115903045764277e-07
3436.0,2.1231270115282407e-07
2388.0,2.125696355586697e-07
4079.0,2.1268738499602868e-07
1037.0,2.127168045761632e-07
12709.0,2.1271791611683467e-07
3617.0,2.12752329936942e-07
2660.0,2.129622786167579e-07
4021.0,2.1300549742879452e-07
2178.0,2.1328731150563157e-07
12460.0,2.1337679158710535e-07
1828.0,2.1348708030826894e-07
10635.0,2.1353573120906135e-07
3625.0,2.1357560366044138e-07
10255.0,2.1357765929275136e-07
3206.0,2.1362970302072906e-07
10672.0,2.1366727785766634e-07
13951.0,2.1374200068505924e-07
1631.0,2.1394057696666242e-07
3828.0,2.140279158290525e-07
18109.0,2.1406239270048054e-07
13644.0,2.141039412261794e-07
15833.0,2.1429203138989414e-07
11546.0,2.1430759867021706e-07
10621.0,2.143776763431065e-07
4971.0,2.1443263903728458e-07
2912.0,2.1470012343430112e-07
10531.0,2.148313630459207e-07
2154.0,2.149701693383127e-07
4789.0,2.1517424053737773e-07
12108.0,2.157971122650947e-07
5062.0,2.1586529981110997e-07
6651.0,2.1609901739183505e-07
9682.0,2.1654736689967228e-07
13783.0,2.1684516325336443e-07
8938.0,2.169031363313082e-07
19694.0,2.1712158109952973e-07
19293.0,2.1722035450387044e-07
14594.0,2.173058393628956e-07
13597.0,2.1739187860091487e-07
14812.0,2.1745053206631106e-07
13726.0,2.1775787979606874e-07
14892.0,2.1775885096107444e-07
1316.0,2.1780979221564691e-07
10545.0,2.1791848442154544e-07
16064.0,2.1803935657745122e-07
14788.0,2.180618484836257e-07
12153.0,2.1810028034418407e-07
12768.0,2.1835093095471826e-07
8623.0,2.1837963685794694e-07
14732.0,2.1857445021549664e-07
3642.0,2.185757678031579e-07
10779.0,2.1859732817829788e-07
4488.0,2.1866318839081361e-07
4722.0,2.1909297085156895e-07
13334.0,2.1934094559967092e-07
808.0,2.1946678761924452e-07
12501.0,2.198535683857512e-07
19302.0,2.2002141766277394e-07
8237.0,2.2007169104768743e-07
20088.0,2.202362318427938e-07
7583.0,2.2029995027968918e-07
13512.0,2.2032897429926352e-07
9305.0,2.2035257938147105e-07
3255.0,2.204103875704504e-07
18376.0,2.2041987438826524e-07
19197.0,2.2046724991256033e-07
5724.0,2.2054165017987654e-07
18739.0,2.2061901643645848e-07
14269.0,2.2069187872760248e-07
10115.0,2.2072091154045578e-07
2077.0,2.2104687865742617e-07
5564.0,2.2139968322999388e-07
14530.0,2.2143690660975949e-07
20058.0,2.214558459113593e-07
3875.0,2.2153854277866163e-07
14206.0,2.2167349805153048e-07
10803.0,2.2173391092618636e-07
13245.0,2.2177606957872687e-07
18252.0,2.2218410608077675e-07
5494.0,2.2219960631983931e-07
1225.0,2.2232990599244e-07
8894.0,2.2246991498620574e-07
366.0,2.2247917549053487e-07
16623.0,2.2251797835554426e-07
8877.0,2.2266010670078466e-07
3660.0,2.2276330009346482e-07
9392.0,2.2280203836597508e-07
9288.0,2.228350751859939e-07
18410.0,2.228454440801409e-07
14623.0,2.2297999588962924e-07
14754.0,2.230870671782714e-07
12103.0,2.2309467230288273e-07
5506.0,2.2312430681746912e-07
19992.0,2.2318816415734874e-07
18262.0,2.2323041153895447e-07
7366.0,2.2329308160636854e-07
12617.0,2.2392064466400622e-07
13100.0,2.2396115658455217e-07
5151.0,2.2411454273282927e-07
6247.0,2.2425577441191535e-07
506.0,2.2459481215157574e-07
5734.0,2.2477074966982723e-07
11991.0,2.2489512331455746e-07
20022.0,2.248986005640706e-07
1955.0,2.2490956649360494e-07
10353.0,2.249347270272353e-07
8172.0,2.2498945005104824e-07
18806.0,2.2501819164111894e-07
4851.0,2.2505782575782175e-07
454.0,2.2519205665971912e-07
7900.0,2.2521898434274955e-07
5919.0,2.2569638985817497e-07
14669.0,2.2572317519625612e-07
12278.0,2.2574077648958088e-07
14432.0,2.2608181335167663e-07
2267.0,2.2661680664188414e-07
15677.0,2.269103360205655e-07
5254.0,2.2699476644814094e-07
1422.0,2.2710896205654463e-07
672.0,2.273456207536285e-07
1633.0,2.273974149733856e-07
12304.0,2.2749175553767142e-07
6382.0,2.2813322084642504e-07
10837.0,2.2843834350843205e-07
12450.0,2.2854144663943066e-07
15802.0,2.2860536073748587e-07
13966.0,2.2860778194587405e-07
4270.0,2.2862515130897408e-07
2466.0,2.2877923129576617e-07
16168.0,2.2884616138576401e-07
13864.0,2.2905185778313656e-07
3300.0,2.2920655353919565e-07
5260.0,2.2929632752339e-07
5200.0,2.2942367617327961e-07
5036.0,2.295297190935112e-07
10670.0,2.2973993900360104e-07
2315.0,2.2980311510838015e-07
19177.0,2.298336593120783e-07
7684.0,2.2994119122469535e-07
2277.0,2.2998557980826058e-07
17235.0,2.3037650561688044e-07
479.0,2.305401793193335e-07
10920.0,2.3081617981438852e-07
12981.0,2.3083900587372612e-07
14130.0,2.3086298905836738e-07
3371.0,2.310197089467624e-07
4376.0,2.3108446142874215e-07
3390.0,2.3117308437528754e-07
7852.0,2.3157020891473331e-07
6824.0,2.315721167223486e-07
6923.0,2.3166149203793967e-07
19445.0,2.3167871969824804e-07
11026.0,2.3179096100682148e-07
5049.0,2.3183881993028334e-07
12551.0,2.318565379935581e-07
18148.0,2.3191566776870046e-07
3130.0,2.3192781124415226e-07
10548.0,2.323342338926801e-07
12749.0,2.3260565547821646e-07
5090.0,2.326412659891018e-07
12523.0,2.326996035557368e-07
10044.0,2.327301938663554e-07
939.0,2.3274723717604103e-07
19914.0,2.3300787467396983e-07
3983.0,2.3318021924302098e-07
4532.0,2.3329071395123964e-07
9446.0,2.3331671035153652e-07
2707.0,2.3338201684434001e-07
4086.0,2.3390286173155504e-07
2956.0,2.3393161064222315e-07
2645.0,2.3419650159560337e-07
14052.0,2.3421543823438938e-07
19740.0,2.343108022010665e-07
9788.0,2.3455021390512355e-07
14312.0,2.3459263528577048e-07
12128.0,2.349125694599001e-07
682.0,2.350536110517549e-07
18367.0,2.351412520536079e-07
8613.0,2.3546940036611723e-07
12553.0,2.3547271322326785e-07
8845.0,2.3556558931702895e-07
8654.0,2.3572236521869665e-07
8294.0,2.3575592861656371e-07
1707.0,2.3580716216418155e-07
8174.0,2.3610735268714308e-07
4132.0,2.3625991761851057e-07
13695.0,2.3626516918390333e-07
2369.0,2.3639368101250287e-07
6253.0,2.364479588498112e-07
6780.0,2.365078021306173e-07
9536.0,2.3658607601284442e-07
14995.0,2.371182322504834e-07
11480.0,2.371488062845457e-07
4258.0,2.3729762549312305e-07
3234.0,2.37677462608787e-07
20031.0,2.378946381909111e-07
495.0,2.3792684328832088e-07
7462.0,2.380494763604163e-07
2242.0,2.381177282335055e-07
129.0,2.381251768343263e-07
19417.0,2.384326779541451e-07
106.0,2.384820159550781e-07
7395.0,2.384927500913813e-07
10721.0,2.3850385476978204e-07
7750.0,2.38712896508921e-07
9543.0,2.3882010563028455e-07
18184.0,2.388966387343864e-07
14274.0,2.3889818364586143e-07
2857.0,2.390234833675671e-07
10526.0,2.392914384147802e-07
18405.0,2.393618326885232e-07
14878.0,2.393844327426108e-07
587.0,2.393846634313307e-07
20096.0,2.3946225338139513e-07
3474.0,2.3948437052435574e-07
13317.0,2.3971662967083816e-07
6243.0,2.397389662947269e-07
7115.0,2.398196169651559e-07
17408.0,2.3985286232373623e-07
15002.0,2.39893295404445e-07
2221.0,2.4008727081473735e-07
3455.0,2.40304809070387e-07
13442.0,2.403157402634727e-07
3345.0,2.4031627553185465e-07
5699.0,2.405594037533712e-07
9042.0,2.4112018116367535e-07
6543.0,2.4115779297177e-07
5207.0,2.415763736941339e-07
12964.0,2.4170431460175786e-07
5257.0,2.417884973191542e-07
18695.0,2.4195321580356775e-07
13727.0,2.419732613116494e-07
5243.0,2.4200045326396466e-07
18458.0,2.420107453646169e-07
3520.0,2.420624003988404e-07
7222.0,2.420789899941676e-07
3728.0,2.421209509734543e-07
4595.0,2.42325947847076e-07
10452.0,2.424764128458166e-07
2380.0,2.4248884926503354e-07
19868.0,2.4250805101219044e-07
1765.0,2.4254699903908075e-07
19492.0,2.4256631497043273e-07
3649.0,2.427020043836317e-07
5457.0,2.4270750663881514e-07
9622.0,2.428779270380737e-07
3921.0,2.431048731090211e-07
799.0,2.4311324328315154e-07
18498.0,2.4322941378324134e-07
12215.0,2.436561079879113e-07
5898.0,2.4382981640566197e-07
12228.0,2.438594100618966e-07
4217.0,2.4412985472869456e-07
10789.0,2.4420957856868314e-07
12835.0,2.4427367090402013e-07
5351.0,2.443216697236701e-07
9064.0,2.4454099700489094e-07
11722.0,2.446762465572129e-07
5247.0,2.447004795326241e-07
15017.0,2.449390837020109e-07
9390.0,2.4502898252165554e-07
19948.0,2.4529478864389295e-07
3292.0,2.4535804700478804e-07
509.0,2.4551308712003606e-07
3920.0,2.4554062031493504e-07
5231.0,2.4559692917707156e-07
6149.0,2.456682135155881e-07
242.0,2.456744091126846e-07
18151.0,2.4576243983574407e-07
9695.0,2.458225921313812e-07
14730.0,2.4583990757036146e-07
19147.0,2.4592278554324983e-07
12217.0,2.4592617509115e-07
12974.0,2.459392051808481e-07
4630.0,2.460661454441484e-07
4120.0,2.46097826061425e-07
4675.0,2.4617073767883985e-07
18562.0,2.4623332825569696e-07
3262.0,2.4630931079950225e-07
3445.0,2.4673637102547977e-07
12799.0,2.46835001819446e-07
10070.0,2.4699714413854557e-07
126.0,2.470169568773164e-07
13922.0,2.472064133727403e-07
6847.0,2.473281086463424e-07
3667.0,2.474448629448095e-07
18311.0,2.4748604007220065e-07
13583.0,2.477870309633529e-07
6189.0,2.4782223730020327e-07
15685.0,2.4820074476420394e-07
6494.0,2.4821934172727093e-07
1435.0,2.485716313236389e-07
10892.0,2.4860666406386684e-07
2268.0,2.4861204581602377e-07
6048.0,2.488315755652757e-07
10514.0,2.489088449844816e-07
11311.0,2.4907154669996716e-07
8629.0,2.4909777324100946e-07
15504.0,2.49106773183444e-07
5829.0,2.492183766325267e-07
5266.0,2.492400092546852e-07
10306.0,2.493829047300355e-07
2284.0,2.4948048789942326e-07
7631.0,2.4949990675580594e-07
11189.0,2.495150482513479e-07
2343.0,2.498915364377246e-07
1952.0,2.5041130501731875e-07
10085.0,2.505228285391773e-07
2022.0,2.5061572117491987e-07
9144.0,2.5064906543434286e-07
294.0,2.5064925720830826e-07
14929.0,2.5081070803490886e-07
13135.0,2.508128958746391e-07
18656.0,2.508640570896174e-07
1824.0,2.511563573528397e-07
10225.0,2.512000089791432e-07
12822.0,2.5124178720892024e-07
6109.0,2.513421057302264e-07
10722.0,2.513569453260443e-07
2841.0,2.513731404481983e-07
3661.0,2.513866187468231e-07
19479.0,2.513987254052354e-07
12575.0,2.5169465398770224e-07
7564.0,2.5203502822870767e-07
340.0,2.5228011747130473e-07
4925.0,2.523248136141436e-07
9082.0,2.5246480883148687e-07
9455.0,2.5246789234416755e-07
8592.0,2.524759275945457e-07
1249.0,2.531083140953413e-07
8488.0,2.5318357898086326e-07
17608.0,2.53186366553043e-07
12755.0,2.531982428480953e-07
4542.0,2.535426516201606e-07
9989.0,2.5361675928619577e-07
13083.0,2.542600451204947e-07
10761.0,2.54271324671271e-07
1962.0,2.5435173639911356e-07
13300.0,2.5455406521894016e-07
13002.0,2.5512419590395096e-07
10890.0,2.5513293824697834e-07
4156.0,2.554617906810874e-07
4482.0,2.555170252733834e-07
9212.0,2.5555791331851747e-07
4179.0,2.5568990941755397e-07
4808.0,2.557210769080449e-07
13803.0,2.558501229518878e-07
10240.0,2.560411329722616e-07
4813.0,2.561739314087723e-07
4130.0,2.5618262564134736e-07
14809.0,2.563416114558448e-07
8096.0,2.563452975007825e-07
7729.0,2.5648752014901665e-07
6945.0,2.566798233807467e-07
19446.0,2.56714206711208e-07
11909.0,2.567585186468342e-07
2800.0,2.568024471800854e-07
14620.0,2.568526980466701e-07
12115.0,2.571421819176765e-07
15849.0,2.5728418886086964e-07
8489.0,2.573459752850868e-07
5205.0,2.5763539035960194e-07
5815.0,2.5767352241815134e-07
15672.0,2.5783884441090153e-07
4566.0,2.5823175850233535e-07
18859.0,2.583153914728348e-07
9831.0,2.5834946154166247e-07
13718.0,2.583756947012097e-07
15830.0,2.584101586524255e-07
18106.0,2.5860209054578257e-07
3267.0,2.586966060081303e-07
1220.0,2.5879520937768315e-07
14254.0,2.589604290789982e-07
8556.0,2.589942775863069e-07
3017.0,2.5909230909305285e-07
15007.0,2.5959752191051757e-07
13853.0,2.5959838844663417e-07
11029.0,2.596330763824439e-07
1852.0,2.596884642877421e-07
11041.0,2.5971222074791675e-07
19427.0,2.5973502125794134e-07
17367.0,2.5980179916513447e-07
1956.0,2.5982298368111145e-07
6960.0,2.59893891321379e-07
5459.0,2.59897316710239e-07
3482.0,2.6017020788643723e-07
12383.0,2.602380540357509e-07
14860.0,2.602597966209881e-07
14918.0,2.60351080797333e-07
13759.0,2.6043132364627147e-07
7202.0,2.604636569012272e-07
12585.0,2.6046824772063e-07
9648.0,2.6053468996773004e-07
14376.0,2.6070386084804e-07
1911.0,2.608104667521784e-07
5521.0,2.6102090793267576e-07
9227.0,2.612637179779119e-07
4991.0,2.614341324179474e-07
14685.0,2.61606242650823e-07
4508.0,2.616454515735299e-07
5386.0,2.6196504392285285e-07
18135.0,2.620908612321994e-07
18547.0,2.6217428058681075e-07
3600.0,2.6220289608280216e-07
9503.0,2.6229027592341345e-07
4739.0,2.623138385632803e-07
13021.0,2.624109128269988e-07
3945.0,2.6246539663423796e-07
15675.0,2.62719936768069e-07
14452.0,2.6279226998979295e-07
2240.0,2.62845939489739e-07
8059.0,2.6301148010720715e-07
4106.0,2.630980955747054e-07
5133.0,2.6344176325401366e-07
3615.0,2.6355702331152666e-07
5447.0,2.636476539682959e-07
9272.0,2.638051051287168e-07
13935.0,2.6407209779564107e-07
19343.0,2.6418401000269173e-07
3181.0,2.642079433216497e-07
18952.0,2.6429206862158854e-07
9331.0,2.644579399588168e-07
2971.0,2.644618287714591e-07
18117.0,2.64497169096647e-07
9118.0,2.6485850996525227e-07
2976.0,2.6505044087396755e-07
14951.0,2.651372774748797e-07
6771.0,2.651543396640007e-07
12996.0,2.6516992771598354e-07
3323.0,2.6531034995961266e-07
5389.0,2.6533819573117714e-07
7855.0,2.654469598159238e-07
14699.0,2.657844722770095e-07
3473.0,2.6581173572287826e-07
4702.0,2.6597279902873266e-07
11800.0,2.6611266055741195e-07
17649.0,2.6626606575636647e-07
19294.0,2.6637021528756293e-07
19867.0,2.663926443564693e-07
2867.0,2.664917101480385e-07
7258.0,2.6670091870261486e-07
5754.0,2.6674947127622545e-07
4310.0,2.6683303694860153e-07
14194.0,2.668680562206427e-07
8712.0,2.669635380189705e-07
5033.0,2.6709197621349096e-07
12184.0,2.67294805402571e-07
5781.0,2.674236253127324e-07
557.0,2.6768751849865537e-07
4154.0,2.6774996719291666e-07
5470.0,2.678434694246506e-07
5585.0,2.6819550046265587e-07
14538.0,2.6823817463080854e-07
2601.0,2.6861316894440153e-07
2925.0,2.686483212715111e-07
3818.0,2.6866513727450715e-07
10809.0,2.6875437307064266e-07
1786.0,2.688170245154844e-07
8271.0,2.6906242477644435e-07
12443.0,2.6924075077016726e-07
2957.0,2.69336388869671e-07
7291.0,2.6937037997879203e-07
12963.0,2.6954715664299513e-07
9983.0,2.6966762798121e-07
10309.0,2.7006090246865016e-07
9615.0,2.7038858537953156e-07
13344.0,2.705598182537934e-07
12652.0,2.7083159936200174e-07
17978.0,2.711746220324639e-07
14665.0,2.7121131052058004e-07
8038.0,2.7136136728684924e-07
2665.0,2.715294085947004e-07
1114.0,2.71652834868507e-07
14191.0,2.716722675269985e-07
9612.0,2.719175482438873e-07
13408.0,2.720429773389575e-07
12746.0,2.723197987683727e-07
6865.0,2.7239165085132494e-07
14599.0,2.72944535835678e-07
12490.0,2.7311099017500805e-07
9324.0,2.7324476281607076e-07
18329.0,2.7338046137359485e-07
19054.0,2.7354494934053054e-07
10676.0,2.7371113517233523e-07
4355.0,2.737730484440967e-07
4950.0,2.742360322028544e-07
6949.0,2.744562346764773e-07
2547.0,2.7467109978388106e-07
12912.0,2.746754681598684e-07
5360.0,2.7499943818362164e-07
4166.0,2.752465055286931e-07
14218.0,2.753400523004827e-07
7861.0,2.753723531393194e-07
1496.0,2.7541584242816496e-07
7398.0,2.7571393050124163e-07
19308.0,2.759595211662306e-07
1423.0,2.760638153969545e-07
3012.0,2.7613032059262996e-07
7646.0,2.762490852384485e-07
8922.0,2.7642034523745014e-07
8881.0,2.7654084293837767e-07
5043.0,2.765788756594171e-07
7240.0,2.767734834152064e-07
14042.0,2.7678330488278625e-07
6518.0,2.7699414883313383e-07
13854.0,2.773418363937451e-07
3125.0,2.7755354578426017e-07
2832.0,2.775676643397643e-07
14713.0,2.77579251090206e-07
9148.0,2.7763494083529355e-07
13680.0,2.778518834768648e-07
19404.0,2.7802061086596634e-07
7615.0,2.7830425880810393e-07
17094.0,2.785596066735336e-07
5553.0,2.7866718210731615e-07
5810.0,2.7874657899486964e-07
2254.0,2.7882225139364646e-07
19586.0,2.7885962800079327e-07
9006.0,2.788654628593993e-07
12669.0,2.795471029131137e-07
10420.0,2.7956565824723974e-07
8820.0,2.797052272945075e-07
6818.0,2.797553689343542e-07
1629.0,2.798820422141833e-07
2398.0,2.80029360186569e-07
8333.0,2.801380662288247e-07
5029.0,2.8017983233466503e-07
18638.0,2.802551541667288e-07
1784.0,2.803345151876361e-07
4557.0,2.8046007468352294e-07
12875.0,2.805445639498648e-07
1102.0,2.80648209438666e-07
3490.0,2.80753452504433e-07
5714.0,2.808682797990517e-07
7045.0,2.810461628238545e-07
10541.0,2.811465702283438e-07
14821.0,2.813361230987902e-07
16590.0,2.813801817417466e-07
4802.0,2.814863582050864e-07
2232.0,2.8154118185928667e-07
3306.0,2.8196052907816497e-07
4874.0,2.8200940383511977e-07
1198.0,2.820543874248541e-07
9737.0,2.822248241092311e-07
737.0,2.82383496336735e-07
8658.0,2.824245515826011e-07
13609.0,2.8272695140192105e-07
15501.0,2.8273526775467696e-07
5611.0,2.8276702772551686e-07
12524.0,2.8296062030709504e-07
14187.0,2.8296824037257477e-07
2804.0,2.83431282310817e-07
12603.0,2.835144946423589e-07
14950.0,2.835693179797613e-07
4409.0,2.8357025136877205e-07
12314.0,2.8365432698283176e-07
5252.0,2.83685828395309e-07
13340.0,2.837795678914573e-07
18461.0,2.83808986230087e-07
8915.0,2.838729629599199e-07
7463.0,2.840113011964323e-07
382.0,2.841916848688076e-07
5217.0,2.8474076260310403e-07
3652.0,2.847699109444025e-07
4866.0,2.8480949380836143e-07
6794.0,2.8488382822454956e-07
4102.0,2.8490421458135816e-07
7854.0,2.8491898218702064e-07
9537.0,2.851582245669443e-07
1285.0,2.8521370198902116e-07
12930.0,2.8534257801520045e-07
12833.0,2.853645134275416e-07
5175.0,2.854235437624288e-07
11271.0,2.854257553448685e-07
14656.0,2.8549217164879885e-07
18917.0,2.856657376787897e-07
4651.0,2.862069420292503e-07
4598.0,2.863161628336532e-07
289.0,2.864400795960472e-07
11588.0,2.866067682201802e-07
2880.0,2.867341782175322e-07
3226.0,2.8675375321241083e-07
392.0,2.867786732537142e-07
6672.0,2.872441115188756e-07
18299.0,2.876106355588012e-07
7702.0,2.87840653309604e-07
14128.0,2.880370096350315e-07
14355.0,2.8833774332919535e-07
4608.0,2.8835322353293873e-07
5408.0,2.884087503412212e-07
4917.0,2.884091217909015e-07
19681.0,2.886028764530746e-07
7848.0,2.887197690637409e-07
739.0,2.8884828651764155e-07
9294.0,2.889767360055749e-07
290.0,2.891074403744988e-07
4347.0,2.892884723007569e-07
17734.0,2.895560728255658e-07
19975.0,2.896096490756566e-07
12769.0,2.8970446424583024e-07
9091.0,2.8986201304846476e-07
8078.0,2.8993589798853505e-07
5566.0,2.900519770453732e-07
18591.0,2.900829612126936e-07
7950.0,2.903592973849659e-07
13504.0,2.9045676133564244e-07
1970.0,2.9072434734768806e-07
18792.0,2.9080566820810573e-07
5383.0,2.908094260719568e-07
8337.0,2.9098234498682447e-07
5129.0,2.91336268163798e-07
11742.0,2.915105581452173e-07
957.0,2.9157803114955444e-07
3681.0,2.918361675803677e-07
6578.0,2.9190827932619374e-07
18359.0,2.92144932945951e-07
10147.0,2.9235946936281294e-07
8920.0,2.9249646471065206e-07
10033.0,2.9270463142006893e-07
5387.0,2.928054797813843e-07
9155.0,2.9287742758863924e-07
15594.0,2.928959034407704e-07
14702.0,2.930016789408636e-07
12348.0,2.930944965640287e-07
14627.0,2.931262109844848e-07
19297.0,2.934935577396879e-07
9151.0,2.935196622878978e-07
11310.0,2.9371072566729254e-07
8490.0,2.9384385245186104e-07
1258.0,2.94091899823714e-07
2366.0,2.9414116355697233e-07
5206.0,2.9428419467314596e-07
8850.0,2.943520360276824e-07
15921.0,2.9484125399056385e-07
3580.0,2.949964013632663e-07
2617.0,2.9500202901899877e-07
4349.0,2.9512091332875783e-07
17022.0,2.953732019550665e-07
4483.0,2.9548007805346447e-07
8399.0,2.9554119123958464e-07
4259.0,2.957348499634024e-07
2206.0,2.95795684495906e-07
6866.0,2.96027818875435e-07
3089.0,2.961792096857259e-07
15701.0,2.965221701182671e-07
10807.0,2.966077686477612e-07
1420.0,2.966452654240126e-07
18379.0,2.9673336994383105e-07
13165.0,2.968319781509716e-07
19893.0,2.9692799421591545e-07
1033.0,2.973078480019924e-07
12448.0,2.975609937118569e-07
15120.0,2.97655761259618e-07
4688.0,2.976797944811846e-07
12701.0,2.981431914555572e-07
9167.0,2.9830494137351235e-07
1925.0,2.9831794628206785e-07
20087.0,2.983322663637718e-07
15062.0,2.984168897383206e-07
301.0,2.9848020522556166e-07
9534.0,2.9865418215939987e-07
8478.0,2.986784840426097e-07
2676.0,2.987842098482616e-07
11297.0,2.987852433282472e-07
6610.0,2.989837224043039e-07
8822.0,2.990458480247624e-07
7365.0,2.991730027858474e-07
20099.0,2.9950224770672194e-07
9269.0,2.995134310023452e-07
10662.0,2.9951640939809704e-07
5659.0,2.996915866359204e-07
19509.0,2.996919441379362e-07
15772.0,2.997427511901186e-07
8335.0,2.999705153613704e-07
13346.0,3.0005449262256194e-07
6560.0,3.0008885122567207e-07
2274.0,3.001075140056188e-07
19282.0,3.0020077589058146e-07
3365.0,3.0032815277828416e-07
1005.0,3.0034808999289696e-07
1155.0,3.005418688515709e-07
14903.0,3.012983304280304e-07
17152.0,3.014576834967781e-07
18931.0,3.0158545219484024e-07
11115.0,3.01629182669543e-07
7474.0,3.018362074856361e-07
7817.0,3.0194425159176965e-07
5202.0,3.020184161272877e-07
7843.0,3.0209012975248503e-07
19566.0,3.0214639335534925e-07
10123.0,3.0234322302803556e-07
329.0,3.0240723914353864e-07
10314.0,3.0259427057762834e-07
15168.0,3.028606855852026e-07
7996.0,3.0287882832874715e-07
5373.0,3.030158498423706e-07
3013.0,3.030387137462e-07
1193.0,3.0310593485349e-07
5830.0,3.032520918561882e-07
11931.0,3.0332509031900577e-07
6698.0,3.033423553186419e-07
13711.0,3.035000527936193e-07
8950.0,3.0377917063022083e-07
6696.0,3.041868020249666e-07
16845.0,3.043129322962733e-07
18770.0,3.045864982688712e-07
9813.0,3.046170439195646e-07
18804.0,3.0464337895100405e-07
2776.0,3.047441632421085e-07
17959.0,3.0489229981996273e-07
10226.0,3.049917240810653e-07
2858.0,3.0522907923666745e-07
14368.0,3.055805109788904e-07
2820.0,3.057717961681051e-07
5745.0,3.05837858437671e-07
9774.0,3.058522444818104e-07
6635.0,3.0594167260844794e-07
14542.0,3.0601890944885493e-07
19710.0,3.061829510819643e-07
18727.0,3.0634944413912064e-07
19359.0,3.0643028350115826e-07
4781.0,3.0661198236380616e-07
19725.0,3.066785202324637e-07
8098.0,3.068009104148436e-07
5608.0,3.068116735937975e-07
1494.0,3.068310392024665e-07
3804.0,3.069383130875713e-07
7322.0,3.071212845868438e-07
6477.0,3.0713638412808493e-07
14600.0,3.0725280700469957e-07
2465.0,3.072928796209051e-07
14962.0,3.0743092707130214e-07
4100.0,3.0744807853746287e-07
5692.0,3.0747560227980106e-07
2218.0,3.07693762614987e-07
8362.0,3.0780229338244834e-07
18650.0,3.079041214623095e-07
12482.0,3.080354544008432e-07
15040.0,3.0851379406730646e-07
15035.0,3.0855577210230074e-07
14811.0,3.085804543312151e-07
9065.0,3.0881512230528594e-07
14396.0,3.0893457941112093e-07
4024.0,3.0900209014008044e-07
10695.0,3.093686084177112e-07
4835.0,3.09378331789286e-07
7944.0,3.0965135298100635e-07
4121.0,3.096817076111994e-07
2634.0,3.0985131070642905e-07
4357.0,3.0990386484700603e-07
6734.0,3.0995504765560613e-07
4374.0,3.100107707500818e-07
3048.0,3.101794107971787e-07
814.0,3.1024915592658027e-07
3565.0,3.104426868267741e-07
1711.0,3.1051640349584957e-07
10488.0,3.105430434066246e-07
4737.0,3.106494430668449e-07
2400.0,3.1095434366216895e-07
3355.0,3.111631794570633e-07
5294.0,3.1148001478378715e-07
2050.0,3.1164569913326515e-07
1173.0,3.1211269566678104e-07
10359.0,3.1217287023244596e-07
12098.0,3.1219629291619006e-07
14807.0,3.1232611150995366e-07
2197.0,3.12393660091967e-07
10154.0,3.1243664747038077e-07
7253.0,3.1254709667102615e-07
2118.0,3.1256776662178433e-07
15471.0,3.126622463202311e-07
18323.0,3.1335019118921783e-07
527.0,3.1353752876127226e-07
13469.0,3.136219642747364e-07
5052.0,3.137457228779783e-07
10461.0,3.1392559378317625e-07
10003.0,3.141578916389228e-07
19443.0,3.141790549123242e-07
8580.0,3.144278904770585e-07
3690.0,3.1447431249996475e-07
11042.0,3.145630431063834e-07
3496.0,3.1463085578643953e-07
9109.0,3.14736444512835e-07
6176.0,3.153583660441346e-07
3769.0,3.154005766001387e-07
6393.0,3.1540121853519004e-07
766.0,3.15535982744748e-07
9420.0,3.155838858743436e-07
2918.0,3.156202049676839e-07
5004.0,3.1581350058130893e-07
10148.0,3.158781151791946e-07
14262.0,3.1596421616709506e-07
5280.0,3.1616963044319965e-07
14796.0,3.162934104345729e-07
19615.0,3.1639614476158076e-07
7157.0,3.164853541950036e-07
7256.0,3.1654156958467024e-07
4149.0,3.1663217297970604e-07
2698.0,3.1689728548604316e-07
10511.0,3.169949022274337e-07
10842.0,3.170469517348304e-07
8653.0,3.171867776280403e-07
13049.0,3.1718753277120713e-07
6860.0,3.172054140538364e-07
8291.0,3.172382507261539e-07
6241.0,3.175783513908694e-07
7342.0,3.1805901618180975e-07
4952.0,3.1811395643471794e-07
7777.0,3.1867759339023316e-07
9759.0,3.1871193639319307e-07
1814.0,3.1893996709412464e-07
15553.0,3.189726557020085e-07
13296.0,3.191555723096438e-07
4744.0,3.192187527554087e-07
9220.0,3.1950860018183726e-07
7837.0,3.195182777376031e-07
13807.0,3.200301742005526e-07
7131.0,3.203017214263768e-07
2002.0,3.205066882127713e-07
8502.0,3.2055387168055165e-07
3712.0,3.2056356495633717e-07
10602.0,3.209133008800336e-07
1516.0,3.21440303656847e-07
8862.0,3.21544038422688e-07
5602.0,3.2154417922645894e-07
4320.0,3.2157381587300876e-07
18898.0,3.223355304961047e-07
12322.0,3.223601381062983e-07
20053.0,3.22388944528607e-07
19485.0,3.2260861832666653e-07
5526.0,3.2274008008202806e-07
18312.0,3.2348057392008207e-07
13106.0,3.235549544945632e-07
2919.0,3.235813536989587e-07
7857.0,3.2366228607967473e-07
10783.0,3.238927861850679e-07
17134.0,3.240243230043795e-07
5380.0,3.2408613817157383e-07
15517.0,3.244307607478935e-07
6828.0,3.24455383923989e-07
8670.0,3.2556803575084615e-07
16178.0,3.256310097129541e-07
15622.0,3.257525778907109e-07
4328.0,3.26003215178614e-07
18933.0,3.26142493328459e-07
14614.0,3.261946295528269e-07
18490.0,3.265776086688918e-07
14440.0,3.266161292670775e-07
2675.0,3.2669439075138065e-07
12800.0,3.269575179117048e-07
13287.0,3.2705298594217225e-07
13282.0,3.2712412774737324e-07
5263.0,3.2746194438570223e-07
658.0,3.276100177666799e-07
14242.0,3.278041448717372e-07
6806.0,3.279158655445613e-07
12462.0,3.2801180981627806e-07
5614.0,3.281049419340196e-07
8496.0,3.2812132146673107e-07
12401.0,3.2831299296943557e-07
5543.0,3.2860045162928117e-07
8647.0,3.2861734087249955e-07
10652.0,3.286696344854304e-07
10820.0,3.2881365498676317e-07
2460.0,3.292085336354257e-07
5404.0,3.2930841306644406e-07
2202.0,3.2937659687938277e-07
2695.0,3.294204269313343e-07
7494.0,3.2943023797883574e-07
7320.0,3.2961626282650294e-07
4461.0,3.2969077188388987e-07
3120.0,3.298351332767602e-07
15327.0,3.2992381411167864e-07
4742.0,3.3064584374206044e-07
10686.0,3.307987479809766e-07
13544.0,3.308725599120013e-07
5238.0,3.3090699053951523e-07
14797.0,3.3095585755632965e-07
6239.0,3.310146117976689e-07
8539.0,3.31364608711365e-07
4069.0,3.315456262961019e-07
14954.0,3.319242297755168e-07
11200.0,3.3206187050037236e-07
5831.0,3.321025777310319e-07
15894.0,3.322783648645201e-07
7436.0,3.3255501556561724e-07
4127.0,3.3311309286561573e-07
11047.0,3.333920119330144e-07
13424.0,3.3381853742146024e-07
12831.0,3.3465321990642046e-07
19731.0,3.347589877948048e-07
8104.0,3.349232349440536e-07
18139.0,3.3495360657001953e-07
2455.0,3.350892809139186e-07
8086.0,3.3511315543692066e-07
5335.0,3.35152028494044e-07
5015.0,3.352763017053153e-07
10729.0,3.3543409671119895e-07
9035.0,3.3569220613714185e-07
513.0,3.360623450366873e-07
19853.0,3.3618018786945727e-07
9839.0,3.361914529417188e-07
12441.0,3.3664358803749404e-07
970.0,3.369563020476899e-07
3692.0,3.370806533025229e-07
17796.0,3.371138393942317e-07
4338.0,3.374636666070619e-07
10839.0,3.3764537838136e-07
1082.0,3.377221530223653e-07
2365.0,3.3775513890643803e-07
14612.0,3.383046198130035e-07
14178.0,3.3854767928083925e-07
11119.0,3.386133441233067e-07
3486.0,3.386460483827134e-07
15159.0,3.392063739451975e-07
4875.0,3.392990119097718e-07
13404.0,3.393829695466251e-07
8741.0,3.394131566849747e-07
10693.0,3.395274461597049e-07
9312.0,3.3979507956298627e-07
22.0,3.3983256246007e-07
3077.0,3.3983287358117814e-07
13866.0,3.4039975490558835e-07
18420.0,3.4054403220149073e-07
897.0,3.405626024507988e-07
5589.0,3.4056362601587006e-07
3074.0,3.40569405828721e-07
5587.0,3.4080998441031614e-07
17804.0,3.410563994687546e-07
19811.0,3.414244234691186e-07
18957.0,3.4162192905983993e-07
8391.0,3.4168372540753364e-07
5144.0,3.4170486022050724e-07
9492.0,3.417323128888349e-07
2418.0,3.418111610483817e-07
11500.0,3.4183734569505787e-07
14617.0,3.419591149537852e-07
2357.0,3.4204426505173796e-07
2713.0,3.4242869582942266e-07
9763.0,3.424386401888556e-07
1010.0,3.4249843392077625e-07
9975.0,3.4279200260806883e-07
9114.0,3.427938856712087e-07
1493.0,3.4295988890762154e-07
13103.0,3.4368462633707683e-07
4378.0,3.437036780676408e-07
6213.0,3.440451851347038e-07
10126.0,3.4425771552807603e-07
9192.0,3.442774216258638e-07
9822.0,3.4455044155039297e-07
10157.0,3.445803194256106e-07
12597.0,3.4478985283490703e-07
8871.0,3.4493471853559775e-07
12088.0,3.449688304046084e-07
16075.0,3.4503884077081237e-07
9001.0,3.451410961252603e-07
4300.0,3.4529721640963727e-07
7275.0,3.45456003634736e-07
9084.0,3.4569304067399246e-07
18777.0,3.4628133221995615e-07
19601.0,3.463607473533494e-07
6085.0,3.4649960030063636e-07
8194.0,3.4692244586604763e-07
9396.0,3.469363867236824e-07
14143.0,3.4714969899110457e-07
4201.0,3.471712426358968e-07
7580.0,3.4723596280450284e-07
18149.0,3.4741669958653555e-07
19328.0,3.477760853419108e-07
9174.0,3.4794982792244937e-07
15593.0,3.47966479378965e-07
3800.0,3.4831914325906916e-07
5711.0,3.487144258163415e-07
10532.0,3.492576118311111e-07
2161.0,3.4936434286181126e-07
8927.0,3.494809361071358e-07
12861.0,3.4978646395350583e-07
7659.0,3.499298229896321e-07
4006.0,3.4995987935043244e-07
18800.0,3.5012275560437167e-07
5572.0,3.504007891962836e-07
10794.0,3.5042958746747095e-07
291.0,3.508654642955884e-07
15296.0,3.5109427629690903e-07
6744.0,3.5115979359723114e-07
1803.0,3.5123151039040625e-07
4452.0,3.514384082390856e-07
15084.0,3.51543076950474e-07
1283.0,3.517728567861426e-07
9601.0,3.518539966950921e-07
19135.0,3.5185447411791153e-07
11540.0,3.5201172159448286e-07
20081.0,3.5298554697375943e-07
10853.0,3.530442836456649e-07
19506.0,3.536648936855201e-07
6154.0,3.537540074203264e-07
5826.0,3.5382862729700234e-07
883.0,3.538406262441688e-07
13107.0,3.539567238379582e-07
18891.0,3.5421843391043134e-07
12367.0,3.542438487128111e-07
4981.0,3.5427945931787957e-07
14399.0,3.54335625937812e-07
8542.0,3.543920232464644e-07
19938.0,3.547156104243793e-07
5218.0,3.5473012597031465e-07
6269.0,3.551332771337698e-07
19191.0,3.552045908060485e-07
3977.0,3.5532910848246217e-07
5390.0,3.5536700736071987e-07
3049.0,3.5537122945319084e-07
13042.0,3.5541709243931933e-07
11706.0,3.5544972766249595e-07
1630.0,3.554873747464517e-07
8160.0,3.5553233353177597e-07
17422.0,3.5559920037352474e-07
840.0,3.559224135331286e-07
5256.0,3.560973181878659e-07
7943.0,3.561267893204178e-07
6258.0,3.561890211880027e-07
13925.0,3.562129503971516e-07
2430.0,3.5631258308550834e-07
1501.0,3.5642923848313283e-07
3682.0,3.5647110846439715e-07
598.0,3.5662398204242525e-07
10793.0,3.5680402823954184e-07
19942.0,3.5701804047594415e-07
722.0,3.570772213582746e-07
14868.0,3.5723866141375056e-07
5705.0,3.5732944828607473e-07
7186.0,3.5755842994545076e-07
20098.0,3.575732083992967e-07
13954.0,3.576591397548281e-07
755.0,3.5776901694711093e-07
12154.0,3.578014507211466e-07
13955.0,3.5813444443860596e-07
5528.0,3.58155692785055e-07
7067.0,3.5820380126811006e-07
7279.0,3.5824563854214394e-07
18631.0,3.5874789873578444e-07
8625.0,3.591814527768786e-07
797.0,3.5922812266408186e-07
3871.0,3.593798496567541e-07
13987.0,3.5961711664838975e-07
12043.0,3.5991153602334784e-07
10922.0,3.600085829482739e-07
12420.0,3.6035167929562564e-07
3478.0,3.6040821012169995e-07
4218.0,3.6053482144615743e-07
12187.0,3.6094309867171107e-07
4295.0,3.6099293741006783e-07
12195.0,3.611092090028984e-07
7454.0,3.613453972467141e-07
8626.0,3.613476156788355e-07
6041.0,3.6171819747880434e-07
5732.0,3.6177459567791534e-07
7029.0,3.622928098506631e-07
13332.0,3.623775283501675e-07
7510.0,3.624957926866674e-07
9883.0,3.626066022490707e-07
9746.0,3.6272872618432014e-07
9694.0,3.628872768813452e-07
10008.0,3.630155897951861e-07
19001.0,3.6308925307099215e-07
6609.0,3.6325203919168134e-07
10247.0,3.632706815082038e-07
18911.0,3.637362556025547e-07
11108.0,3.6381349129564e-07
19747.0,3.641557124677139e-07
5268.0,3.6416912232945574e-07
9562.0,3.643753049343646e-07
14245.0,3.6456232796046993e-07
19488.0,3.64566672773552e-07
19375.0,3.646082155540802e-07
10251.0,3.646566605363144e-07
4381.0,3.647476857090674e-07
9143.0,3.6478084143099963e-07
13301.0,3.6502843710058816e-07
343.0,3.650704875452809e-07
18271.0,3.6547866098103147e-07
8815.0,3.6554945006186967e-07
15922.0,3.656452461235971e-07
12680.0,3.6585928298460535e-07
20008.0,3.661624828638804e-07
18620.0,3.662789011512082e-07
2379.0,3.6641669615658357e-07
5518.0,3.6651885034979384e-07
4770.0,3.666367068391168e-07
13363.0,3.668071292590315e-07
8116.0,3.6689774007740996e-07
1688.0,3.6695116883672804e-07
2566.0,3.6712844896110347e-07
9352.0,3.672809483838269e-07
18813.0,3.6731890477372514e-07
13227.0,3.674071550890201e-07
5594.0,3.675287747592596e-07
4579.0,3.676519103582582e-07
11584.0,3.6799475938072533e-07
14419.0,3.683890786330018e-07
17467.0,3.6847847788823073e-07
19425.0,3.6854020082446e-07
4475.0,3.6860334074579514e-07
4934.0,3.6873236880066134e-07
17292.0,3.6887823064200994e-07
4491.0,3.689206115667239e-07
13063.0,3.6917128148479857e-07
14646.0,3.693772086907605e-07
16149.0,3.694776987880329e-07
19553.0,3.6952532523329546e-07
14188.0,3.6958594965181074e-07
2887.0,3.6961657484443373e-07
13200.0,3.6976228085552197e-07
12118.0,3.6985232547920525e-07
10025.0,3.7002064842884664e-07
1088.0,3.701215965985875e-07
2899.0,3.702056151890465e-07
5811.0,3.7041992708190206e-07
9898.0,3.7074204543974425e-07
3940.0,3.708410928227937e-07
9726.0,3.71018654058109e-07
10571.0,3.7127734682007573e-07
1007.0,3.720838513924024e-07
5740.0,3.722683092298087e-07
13848.0,3.723900997824842e-07
14127.0,3.7254204517725973e-07
19366.0,3.726333194301282e-07
19280.0,3.727672967824927e-07
10690.0,3.728870115733559e-07
10502.0,3.732502508997609e-07
1162.0,3.7350385566673554e-07
4642.0,3.735961612162535e-07
2627.0,3.737923865329551e-07
4216.0,3.738308929437374e-07
11301.0,3.739580577995409e-07
12109.0,3.740072694837799e-07
13460.0,3.7402036462833064e-07
3848.0,3.7408960869494854e-07
2203.0,3.748641492529775e-07
7915.0,3.7491305265872627e-07
16626.0,3.7502730847583274e-07
9345.0,3.750522834687081e-07
17977.0,3.750629513514644e-07
11803.0,3.751429109061269e-07
11582.0,3.7534043260216255e-07
12431.0,3.753674655476776e-07
3995.0,3.753878925744718e-07
1350.0,3.7545531202285956e-07
2648.0,3.7557111710098893e-07
18164.0,3.756213133413615e-07
3542.0,3.75646360213085e-07
2146.0,3.7568270771548043e-07
13846.0,3.757893843682695e-07
6490.0,3.765931988308258e-07
2054.0,3.7670529974660923e-07
14725.0,3.7702083779497826e-07
11485.0,3.7705348164019177e-07
158.0,3.772954555533363e-07
2625.0,3.7804610958429576e-07
1864.0,3.780483929085899e-07
5176.0,3.7806298702037524e-07
9353.0,3.780970236113832e-07
5780.0,3.7814523257070777e-07
2870.0,3.787112234792983e-07
14148.0,3.7904092001681613e-07
1371.0,3.79182083241895e-07
4824.0,3.793177196728055e-07
4229.0,3.7934735351098575e-07
12015.0,3.7952558034700295e-07
1419.0,3.7958309863176347e-07
16955.0,3.7968883325638066e-07
3318.0,3.798302335917561e-07
381.0,3.7984792773251727e-07
18778.0,3.801951688051844e-07
10241.0,3.803737099046012e-07
7579.0,3.817574344198916e-07
4903.0,3.8176836467970816e-07
5559.0,3.817979530103152e-07
1108.0,3.8180907250115273e-07
993.0,3.818285471481935e-07
6959.0,3.819124673515359e-07
19929.0,3.8203941893393536e-07
10648.0,3.82073269616018e-07
12778.0,3.821197491505648e-07
13292.0,3.82425197934483e-07
8031.0,3.825270685080575e-07
16579.0,3.826578273148273e-07
9523.0,3.828856424220251e-07
19874.0,3.8290924262383435e-07
10769.0,3.8292771112111974e-07
8433.0,3.8306122555486597e-07
11150.0,3.8342076285088836e-07
12716.0,3.8345316695723993e-07
12782.0,3.836175559120256e-07
353.0,3.836980965080686e-07
3273.0,3.8385017916190463e-07
18175.0,3.8387588594909414e-07
18648.0,3.839678876296046e-07
18700.0,3.840995039651595e-07
13976.0,3.8414310108512027e-07
8619.0,3.8426024750218246e-07
13347.0,3.8433021937317487e-07
19385.0,3.8433438583766775e-07
14263.0,3.844744198927067e-07
14947.0,3.844797365643247e-07
13869.0,3.845339115194128e-07
12825.0,3.8482236876867746e-07
20032.0,3.859214784664378e-07
12489.0,3.859217206968716e-07
10379.0,3.8599372215425897e-07
12201.0,3.8602765355984127e-07
13798.0,3.860689253498345e-07
18836.0,3.861030182109782e-07
4424.0,3.861316444095974e-07
18368.0,3.8651556694089474e-07
17845.0,3.869403735958833e-07
3240.0,3.87118398845766e-07
7373.0,3.872850230315177e-07
12513.0,3.8758997416036896e-07
13453.0,3.8792585699654036e-07
11025.0,3.8803633319349405e-07
3319.0,3.882084178599325e-07
6234.0,3.887371260277027e-07
18997.0,3.8896247881129753e-07
11177.0,3.889659443307306e-07
8755.0,3.8911104288635316e-07
14946.0,3.8935418847181294e-07
13098.0,3.8946370013082807e-07
9313.0,3.899518974568772e-07
5784.0,3.8996291591490863e-07
262.0,3.9079150255126314e-07
11040.0,3.911729208303429e-07
8909.0,3.913004237179418e-07
5201.0,3.9130449567395046e-07
19782.0,3.9148614425137207e-07
15409.0,3.9170519834159764e-07
8800.0,3.918312266810775e-07
18301.0,3.918897715618934e-07
174.0,3.9194058769846624e-07
19555.0,3.920374610610184e-07
1067.0,3.9232948293604933e-07
7801.0,3.9249206618628866e-07
18843.0,3.925754132596331e-07
4815.0,3.9293456187902553e-07
3249.0,3.931228215723641e-07
19313.0,3.9343949149639737e-07
7667.0,3.936795190467803e-07
7372.0,3.941561224387841e-07
4628.0,3.945848630030074e-07
8050.0,3.9492760732808863e-07
2185.0,3.950418663474213e-07
34.0,3.950627914573876e-07
7452.0,3.9519598417870525e-07
4480.0,3.952360881322049e-07
11147.0,3.954393809848061e-07
14450.0,3.954571614829302e-07
14657.0,3.956239771172874e-07
5814.0,3.9575843574541735e-07
697.0,3.958185153916172e-07
19476.0,3.9601570947593576e-07
15357.0,3.9607676265028153e-07
8350.0,3.962491706302617e-07
5654.0,3.963186089367304e-07
14140.0,3.9642257063252853e-07
9840.0,3.9651381659621127e-07
17880.0,3.965609209758534e-07
7348.0,3.9700159131401933e-07
4240.0,3.9780790150950154e-07
14439.0,3.980535946885403e-07
19351.0,3.9809793697681886e-07
3854.0,3.9830841323624896e-07
16460.0,3.9842467154069696e-07
19851.0,3.985857419616583e-07
15536.0,3.9874521875278297e-07
2873.0,3.9876636016713744e-07
6650.0,3.988433781516497e-07
13509.0,3.989732728196915e-07
6898.0,3.9967628185131295e-07
12732.0,3.998332540991086e-07
3146.0,4.0003718720858916e-07
13534.0,4.0006887327992485e-07
13214.0,4.001095263895363e-07
16062.0,4.004450265939219e-07
12744.0,4.006047692040719e-07
12651.0,4.009187745933342e-07
11124.0,4.009543348789279e-07
12451.0,4.0103113866532917e-07
2322.0,4.0126728295987413e-07
1226.0,4.014316754850565e-07
6739.0,4.01455813241329e-07
2651.0,4.015841385102834e-07
8932.0,4.0178176200115226e-07
462.0,4.0196406090448544e-07
9553.0,4.024461927688296e-07
14572.0,4.025899480076737e-07
13088.0,4.0297899663531795e-07
12307.0,4.0308666891503866e-07
11318.0,4.0312182323711805e-07
2593.0,4.032169931266243e-07
432.0,4.032474906839896e-07
9131.0,4.032536300451988e-07
14870.0,4.0331965959041e-07
3884.0,4.035111548165541e-07
1599.0,4.0427022998327644e-07
13620.0,4.049284887681352e-07
3790.0,4.0517986654944827e-07
5586.0,4.052261229042388e-07
12929.0,4.0539464254249227e-07
8976.0,4.054406613331948e-07
19603.0,4.062413365266608e-07
2817.0,4.0636653105437864e-07
12241.0,4.0649965705123376e-07
3148.0,4.065217909502284e-07
10231.0,4.06620189993774e-07
18093.0,4.066523582142096e-07
4037.0,4.066889531699211e-07
13986.0,4.067029731585046e-07
6939.0,4.073292836576473e-07
11642.0,4.075496820664172e-07
2667.0,4.076457877680091e-07
16057.0,4.076628409497986e-07
4523.0,4.0766555375770185e-07
14430.0,4.077392202871068e-07
2545.0,4.077961127506923e-07
10034.0,4.0823255113284546e-07
11027.0,4.0828708726309127e-07
13067.0,4.084406828403885e-07
7572.0,4.085133467048137e-07
1622.0,4.086846223724624e-07
4098.0,4.088983602619856e-07
3261.0,4.0892914821160956e-07
10543.0,4.090104469989278e-07
15782.0,4.0918941068089935e-07
20019.0,4.0926366327763866e-07
6563.0,4.092788844949143e-07
4365.0,4.0930099056707674e-07
5258.0,4.095076417587155e-07
9293.0,4.095292687983833e-07
19240.0,4.09546817058047e-07
11545.0,4.0957084609274564e-07
9451.0,4.098634383493397e-07
6807.0,4.0989012390468163e-07
1816.0,4.098906017556062e-07
3003.0,4.101116134677577e-07
7632.0,4.1027422511849007e-07
17622.0,4.1098943758596514e-07
6605.0,4.111033717591398e-07
5044.0,4.1115928762934685e-07
3815.0,4.1139308232036447e-07
12131.0,4.1188701242763706e-07
768.0,4.120176719568317e-07
11715.0,4.121550917023912e-07
14139.0,4.122228949641349e-07
7971.0,4.126278321735497e-07
7999.0,4.126280892249824e-07
4951.0,4.1263658262488787e-07
3403.0,4.1330836103763883e-07
8377.0,4.133679759414926e-07
2409.0,4.134644956720991e-07
11457.0,4.1346931992865667e-07
10485.0,4.1358365803612755e-07
19547.0,4.1364407379621187e-07
10193.0,4.1371340597542364e-07
15074.0,4.1388880054508746e-07
2360.0,4.139071072614515e-07
12555.0,4.1413473148514265e-07
6159.0,4.1448100260006045e-07
4677.0,4.147057486302819e-07
6094.0,4.1475948384436243e-07
13587.0,4.1537481619585095e-07
5752.0,4.154968094391722e-07
15555.0,4.1554956817974363e-07
5152.0,4.1562769428008655e-07
7483.0,4.1579700399488386e-07
4443.0,4.167704896727551e-07
9457.0,4.168583432287956e-07
5198.0,4.169585232837847e-07
15244.0,4.1713579889593226e-07
18055.0,4.1716863079915883e-07
11277.0,4.1731169378347686e-07
10116.0,4.1732072447242046e-07
5912.0,4.1782989144849156e-07
5728.0,4.178925500769371e-07
13341.0,4.181488297388264e-07
10140.0,4.182167161043342e-07
631.0,4.1830764661448506e-07
8702.0,4.183980192694283e-07
7651.0,4.185129590529459e-07
6755.0,4.185960008188496e-07
1503.0,4.1881509011643947e-07
9751.0,4.189037004510083e-07
8680.0,4.1943876789758306e-07
12775.0,4.195731637483796e-07
13291.0,4.196100508858292e-07
9110.0,4.196389034493067e-07
775.0,4.2017495066579986e-07
7832.0,4.201985699439728e-07
7526.0,4.2043327935005627e-07
1011.0,4.2051590524609333e-07
7838.0,4.208120941507159e-07
13298.0,4.209469428682227e-07
15385.0,4.2103940342603917e-07
14940.0,4.212419112794231e-07
9095.0,4.2132091330850877e-07
2892.0,4.215499707767378e-07
7460.0,4.216451417365068e-07
18930.0,4.2191977031736204e-07
13708.0,4.2214070907184054e-07
1935.0,4.223576798399176e-07
10736.0,4.227349281183562e-07
20027.0,4.229242305815613e-07
6051.0,4.2326422549575236e-07
11882.0,4.2340625340753377e-07
5827.0,4.2364409856368353e-07
19730.0,4.2381598119019603e-07
9306.0,4.238756439133907e-07
4104.0,4.2391004438518065e-07
1572.0,4.2392129539847033e-07
4961.0,4.240268662814448e-07
3138.0,4.2423308304057933e-07
18249.0,4.243891026603206e-07
18296.0,4.2449277414366416e-07
2262.0,4.246527203520427e-07
8190.0,4.246530519536993e-07
7.0,4.2488615739548876e-07
17259.0,4.251686543342258e-07
3299.0,4.2526330068543006e-07
667.0,4.2526589029324457e-07
10704.0,4.2526970081402425e-07
83.0,4.2533162880403945e-07
4107.0,4.2538906456725883e-07
18353.0,4.25390481578051e-07
14195.0,4.254138767688848e-07
13168.0,4.255020115814209e-07
4996.0,4.2565457507435523e-07
5567.0,4.2589848415103156e-07
1384.0,4.2651710708964284e-07
12907.0,4.266876453034279e-07
13519.0,4.2679527398492413e-07
2692.0,4.2679803598210464e-07
5576.0,4.27010900785503e-07
9670.0,4.27241855230288e-07
18089.0,4.2802743638794466e-07
13639.0,4.285853689884157e-07
14864.0,4.2884723648370013e-07
574.0,4.288613655363416e-07
10973.0,4.2901573265323143e-07
10734.0,4.292212611306553e-07
6168.0,4.2928243924319655e-07
4977.0,4.294957937046584e-07
4181.0,4.296299792873488e-07
10713.0,4.298412211613967e-07
7226.0,4.300324102838246e-07
4407.0,4.3007258341054807e-07
13945.0,4.301160205133806e-07
12714.0,4.3047593247843374e-07
18570.0,4.3053580616326483e-07
2501.0,4.3056396966588035e-07
19170.0,4.3057755454555354e-07
4936.0,4.306117995295673e-07
20013.0,4.306751151966125e-07
8689.0,4.308954323852808e-07
1592.0,4.3123176939816413e-07
20052.0,4.3132521136126054e-07
12675.0,4.3157276221680614e-07
871.0,4.315974180573215e-07
2301.0,4.3182526653103164e-07
7066.0,4.3184725351291443e-07
2201.0,4.32242054597493e-07
13723.0,4.323566343274883e-07
17911.0,4.3240797184471334e-07
367.0,4.324246876368651e-07
8585.0,4.3245963157096885e-07
3634.0,4.325673583998428e-07
11260.0,4.326574207556397e-07
10673.0,4.328507410452433e-07
7523.0,4.3292383569471713e-07
9794.0,4.3322614062882037e-07
9228.0,4.338558856097757e-07
7934.0,4.340107821899422e-07
6107.0,4.342363205485404e-07
586.0,4.345115991727578e-07
18533.0,4.346777028426296e-07
1150.0,4.3481759303722713e-07
10661.0,4.348427157263657e-07
11922.0,4.3504249015430425e-07
689.0,4.35047382445326e-07
18993.0,4.3530426120606934e-07
14726.0,4.354443061863507e-07
6329.0,4.355471688250223e-07
2320.0,4.3558224554876933e-07
2259.0,4.3571465448668827e-07
10719.0,4.3576643237851644e-07
6143.0,4.3595637752167577e-07
4243.0,4.359806050344658e-07
14234.0,4.3621855854401907e-07
7327.0,4.364464884946939e-07
9013.0,4.3680442941244487e-07
18899.0,4.3691551136100596e-07
4939.0,4.370932294454717e-07
8650.0,4.372044364949082e-07
1706.0,4.374200409655245e-07
5385.0,4.374410065142995e-07
12476.0,4.378317922897376e-07
10539.0,4.3830516538038026e-07
14352.0,4.384852837645806e-07
4599.0,4.3851936770401383e-07
1563.0,4.3869083666112e-07
15118.0,4.3895717316277906e-07
19953.0,4.3933779623661576e-07
18645.0,4.394526492689137e-07
6738.0,4.395549405670667e-07
4725.0,4.396274083850375e-07
3806.0,4.398621800204798e-07
18628.0,4.3986382783986137e-07
564.0,4.399608983533791e-07
4845.0,4.401008886475136e-07
9486.0,4.4010550286714175e-07
3567.0,4.401156051802363e-07
3857.0,4.4012101369752477e-07
2323.0,4.402946761453487e-07
10310.0,4.4034005092897106e-07
12101.0,4.404384257760158e-07
16780.0,4.4046903177240564e-07
7046.0,4.404778339131549e-07
19507.0,4.408417882607157e-07
3367.0,4.408495007455267e-07
9365.0,4.408783561516221e-07
10137.0,4.410620792236649e-07
9037.0,4.412488606015595e-07
11724.0,4.415518985029848e-07
18798.0,4.416632331191822e-07
14733.0,4.4167445496995174e-07
5188.0,4.41845797867227e-07
10128.0,4.418638546815138e-07
12828.0,4.4187563051742073e-07
18756.0,4.418909927439577e-07
19276.0,4.420947052851231e-07
536.0,4.421196532560039e-07
6009.0,4.4244992624561546e-07
9056.0,4.425648153842985e-07
2611.0,4.432469231257221e-07
5806.0,4.432543758363519e-07
10551.0,4.433845823275942e-07
14691.0,4.437092653775335e-07
3931.0,4.4413164871785676e-07
4371.0,4.4427118492090036e-07
8516.0,4.4439857724607335e-07
10547.0,4.444677722518456e-07
9997.0,4.4455341806983025e-07
18647.0,4.449413962634557e-07
18560.0,4.4499627042549694e-07
12839.0,4.4500489045889416e-07
4625.0,4.450084689124555e-07
14717.0,4.4505869621613483e-07
19203.0,4.4512265236267403e-07
2005.0,4.4530498627644316e-07
8314.0,4.4544409354385214e-07
19720.0,4.454452161553218e-07
19662.0,4.4551425765116347e-07
3244.0,4.4563882063822203e-07
6202.0,4.4613925679585537e-07
10117.0,4.4618588585039313e-07
4534.0,4.4649436968549354e-07
4989.0,4.473336484096673e-07
9268.0,4.475376965938016e-07
1515.0,4.47564861498436e-07
13157.0,4.47598610103136e-07
7767.0,4.4769487464884815e-07
13310.0,4.4789100411281543e-07
13017.0,4.4798684579342346e-07
2283.0,4.484408559382109e-07
2479.0,4.490050878570847e-07
1513.0,4.49076630009061e-07
12938.0,4.494925736125052e-07
15692.0,4.495388520489573e-07
1138.0,4.495988213296596e-07
14640.0,4.4978090649723523e-07
13005.0,4.498343880761619e-07
14314.0,4.4986778482983357e-07
18764.0,4.5006562054096786e-07
10486.0,4.500916923134505e-07
7478.0,4.5010747552142914e-07
1175.0,4.501609247784199e-07
13091.0,4.503428399797045e-07
4022.0,4.508273713817562e-07
10110.0,4.5160606044098754e-07
15342.0,4.521213138131035e-07
5071.0,4.521271603846654e-07
16224.0,4.521917300486387e-07
19091.0,4.522588162856946e-07
13871.0,4.526290045371972e-07
11759.0,4.526298465942636e-07
6337.0,4.5296486856243007e-07
18364.0,4.5320113915654483e-07
14535.0,4.532934509906458e-07
19916.0,4.53487494906318e-07
19965.0,4.5357524984406514e-07
4430.0,4.542757891201789e-07
17340.0,4.542944387316124e-07
8939.0,4.543533496508601e-07
14342.0,4.5520512190347255e-07
628.0,4.5534059703293936e-07
14539.0,4.555342548406122e-07
1187.0,4.5554534182970976e-07
9080.0,4.560100139151546e-07
4660.0,4.5612807602336223e-07
7561.0,4.561294571418219e-07
14863.0,4.564685317498944e-07
15061.0,4.565615443321269e-07
1982.0,4.567615735339789e-07
14202.0,4.5686930883077194e-07
2953.0,4.5690749617481527e-07
3923.0,4.5699884666464184e-07
5327.0,4.5742754134455936e-07
4397.0,4.575111494764003e-07
137.0,4.5752603981979795e-07
2134.0,4.5760964338803845e-07
13147.0,4.577213989942396e-07
7430.0,4.577867744376522e-07
18127.0,4.5822452416569413e-07
18542.0,4.583176263931368e-07
1779.0,4.583309631687741e-07
17103.0,4.586934772337489e-07
5086.0,4.587684866775134e-07
5281.0,4.5882452279388393e-07
7417.0,4.589261024443494e-07
12940.0,4.589606383600343e-07
5812.0,4.590654761130067e-07
15226.0,4.5930086231045954e-07
13237.0,4.5939730374920346e-07
18432.0,4.594231067144871e-07
4230.0,4.59485867651492e-07
2843.0,4.599488263318523e-07
7882.0,4.601013608506327e-07
10759.0,4.6013639056843854e-07
18125.0,4.604685302333263e-07
1535.0,4.6063361089466355e-07
9925.0,4.6070203417247693e-07
11230.0,4.6095316986034996e-07
9979.0,4.614557079969525e-07
4373.0,4.6147156828097527e-07
3770.0,4.6159583223661407e-07
1519.0,4.6159660914464473e-07
9202.0,4.6165182743469807e-07
3342.0,4.616590897841094e-07
19805.0,4.6172880017706227e-07
12360.0,4.617429740094983e-07
4665.0,4.6176991404764226e-07
14883.0,4.620273316214779e-07
3549.0,4.62285801597545e-07
11081.0,4.6232070290094186e-07
15635.0,4.6251729421326465e-07
6757.0,4.6256514818783143e-07
18482.0,4.6259813436301564e-07
13782.0,4.6292797264613566e-07
26.0,4.6308472133744253e-07
9005.0,4.6311177453232934e-07
4210.0,4.633388848500835e-07
12347.0,4.635858395007656e-07
2036.0,4.637297186332287e-07
13808.0,4.637948598774595e-07
18974.0,4.6406373554758894e-07
14693.0,4.6469986563921115e-07
5825.0,4.6493998863134754e-07
14819.0,4.6507145414547193e-07
19716.0,4.6522372285378913e-07
8153.0,4.65430372041896e-07
7896.0,4.655683375358506e-07
2644.0,4.6574668615064756e-07
14047.0,4.658845507830381e-07
18563.0,4.6630138069249297e-07
17786.0,4.6634341370474557e-07
5047.0,4.663445707187419e-07
9133.0,4.663864599048015e-07
4541.0,4.664963013503076e-07
11888.0,4.667912261804077e-07
9129.0,4.66820122616097e-07
18856.0,4.670609177931918e-07
2494.0,4.671716341485505e-07
12961.0,4.67320743372654e-07
9050.0,4.6733005664521907e-07
8013.0,4.680644738565868e-07
332.0,4.6817673180132483e-07
1789.0,4.6827782116869333e-07
15926.0,4.684234575698906e-07
17798.0,4.6848929159093566e-07
18071.0,4.68620507810892e-07
15484.0,4.688142327796946e-07
14378.0,4.688540618982753e-07
3954.0,4.690194332429827e-07
7471.0,4.6933376614121673e-07
3257.0,4.694571203306848e-07
13768.0,4.696078337331349e-07
2098.0,4.6967764805288445e-07
2028.0,4.696892737780154e-07
14922.0,4.6974863523508156e-07
5114.0,4.699000991571633e-07
13552.0,4.699098781995267e-07
1638.0,4.6995045409610034e-07
266.0,4.70174005541821e-07
13876.0,4.711274785900831e-07
14635.0,4.7132955453678293e-07
928.0,4.715571663454258e-07
7665.0,4.717669423276401e-07
2132.0,4.719390581858169e-07
1410.0,4.722406606251198e-07
3108.0,4.7239308547193296e-07
11312.0,4.7245471806085973e-07
1676.0,4.7268320544719914e-07
10574.0,4.7322804303155103e-07
3628.0,4.735801160666677e-07
9633.0,4.737297645062823e-07
3844.0,4.7373527359402337e-07
7590.0,4.737449998595887e-07
17126.0,4.740033312323452e-07
834.0,4.7402946639863264e-07
14688.0,4.7404322232342176e-07
8773.0,4.741230797664533e-07
2236.0,4.7432913417100565e-07
9055.0,4.744219087439208e-07
9298.0,4.744523725237929e-07
4560.0,4.746474061671083e-07
18969.0,4.7513286067508594e-07
3280.0,4.7522178766188093e-07
8537.0,4.7598675537009193e-07
19712.0,4.7638197385715345e-07
14648.0,4.76415669650807e-07
8108.0,4.767301180432378e-07
12779.0,4.770519102877309e-07
3568.0,4.771944495539429e-07
19789.0,4.775632963209569e-07
8223.0,4.77616006951076e-07
5370.0,4.781270163288636e-07
5398.0,4.784687568673298e-07
6574.0,4.784880894434085e-07
13694.0,4.786826226404117e-07
19457.0,4.788325941281428e-07
3034.0,4.788648618059577e-07
11930.0,4.791337548400305e-07
6459.0,4.793242212011621e-07
18903.0,4.793251717657498e-07
6749.0,4.795144539967073e-07
5605.0,4.79574606669077e-07
8579.0,4.796017151408957e-07
10752.0,4.79890369121583e-07
13739.0,4.799472983080248e-07
12932.0,4.800508709675846e-07
17852.0,4.800879051420155e-07
19827.0,4.803079827545018e-07
677.0,4.804780162666097e-07
19356.0,4.804810414114396e-07
13020.0,4.805011474878323e-07
8493.0,4.806729989140444e-07
8748.0,4.809714889863821e-07
9777.0,4.81100231041348e-07
19088.0,4.812253052972162e-07
5312.0,4.816528022674656e-07
731.0,4.819938117051478e-07
14193.0,4.822780488055388e-07
15426.0,4.822877866898769e-07
418.0,4.823033644245265e-07
16956.0,4.825423105471515e-07
6211.0,4.825684423656571e-07
1450.0,4.83301783200907e-07
4639.0,4.8340867027592e-07
3978.0,4.835183936414745e-07
2060.0,4.837971819570103e-07
6083.0,4.83890979281597e-07
7042.0,4.84099866312111e-07
19484.0,4.842113046410525e-07
7764.0,4.846558771487402e-07
19654.0,4.853480073017206e-07
13874.0,4.85451010744163e-07
3606.0,4.856320895222445e-07
9436.0,4.858958378288358e-07
13721.0,4.863890363986575e-07
9146.0,4.86575148819506e-07
7550.0,4.869254927209565e-07
7424.0,4.870234968118512e-07
13188.0,4.87174280971514e-07
3481.0,4.880851481429507e-07
1168.0,4.881341381543634e-07
9605.0,4.884989033415659e-07
8461.0,4.887828062459832e-07
4838.0,4.889497886015947e-07
1075.0,4.890815313908372e-07
931.0,4.893008875777152e-07
8549.0,4.893823843550849e-07
4015.0,4.896024287894251e-07
10131.0,4.896483465644457e-07
9823.0,4.897714417331976e-07
502.0,4.898461709907293e-07
14421.0,4.899004785642186e-07
15128.0,4.899202307689267e-07
7956.0,4.900500427955579e-07
4869.0,4.905292838887044e-07
14270.0,4.907595686401026e-07
18871.0,4.907876378568485e-07
654.0,4.909123118772486e-07
8607.0,4.911653032894691e-07
2618.0,4.914184081067335e-07
18497.0,4.914336254539389e-07
13497.0,4.915701014760303e-07
1613.0,4.916296467443068e-07
7354.0,4.917062566247791e-07
3160.0,4.917920397960076e-07
13863.0,4.917971523471087e-07
10361.0,4.918125044104304e-07
6181.0,4.918697451888961e-07
1584.0,4.919476540515816e-07
19650.0,4.920614597247263e-07
4716.0,4.920700291047269e-07
5440.0,4.92100291264216e-07
19192.0,4.922371982511603e-07
3383.0,4.92248559510078e-07
15844.0,4.929596833596936e-07
20014.0,4.93088515513661e-07
18646.0,4.933331028030158e-07
19641.0,4.933697582328553e-07
14653.0,4.936967190674086e-07
16059.0,4.937445824174773e-07
1850.0,4.93905453761e-07
7260.0,4.940722912115937e-07
8693.0,4.947920593424799e-07
10567.0,4.952249853362524e-07
14020.0,4.952460450681518e-07
13259.0,4.95335870972934e-07
11725.0,4.957599162429832e-07
9808.0,4.95867179999121e-07
6990.0,4.96071446448365e-07
10675.0,4.96361554676427e-07
14339.0,4.96452883846619e-07
7792.0,4.966536059965274e-07
1212.0,4.969568117322802e-07
10032.0,4.970490959193532e-07
7272.0,4.973233856806996e-07
18963.0,4.977321819152032e-07
151.0,4.97873291113417e-07
14230.0,4.984734838615883e-07
17593.0,4.986641682909011e-07
4959.0,4.987038441136038e-07
14655.0,4.9876292629202e-07
2257.0,4.987684716145775e-07
4369.0,4.988075362230516e-07
11579.0,4.988402507655431e-07
7363.0,4.990126995867509e-07
8770.0,4.993289166183875e-07
19835.0,4.993683816849442e-07
14939.0,4.994469498038138e-07
15800.0,4.996840932700009e-07
19834.0,5.003128493367127e-07
8666.0,5.007678316825201e-07
4798.0,5.008362748244106e-07
1879.0,5.00934553561858e-07
2136.0,5.01358829828863e-07
1729.0,5.014502405359544e-07
7011.0,5.016492151779251e-07
16645.0,5.022183199689729e-07
8100.0,5.023370041652789e-07
18910.0,5.024717455482724e-07
18032.0,5.025248029349691e-07
8837.0,5.02643500436782e-07
16291.0,5.027572534615601e-07
10828.0,5.031188741996005e-07
14708.0,5.031674905608726e-07
6740.0,5.032003204348809e-07
10641.0,5.032999217260088e-07
18619.0,5.034609876689907e-07
206.0,5.035852981082824e-07
11030.0,5.037580505073862e-07
5621.0,5.042581441638068e-07
10619.0,5.043893105780146e-07
8417.0,5.04806996218213e-07
2690.0,5.050170856076167e-07
2757.0,5.053721666719211e-07
2051.0,5.05388940446629e-07
425.0,5.055880610467562e-07
7003.0,5.065515988547325e-07
4031.0,5.066029131943469e-07
18473.0,5.0698803574708e-07
12116.0,5.070816899646902e-07
6304.0,5.075973607906617e-07
10792.0,5.078295264133017e-07
12393.0,5.081806242592246e-07
8855.0,5.084546929128434e-07
14181.0,5.084751899433853e-07
1868.0,5.085588853059236e-07
567.0,5.088661890264759e-07
463.0,5.090379123722009e-07
1230.0,5.090604921769168e-07
10124.0,5.091259181281703e-07
12384.0,5.093595649944932e-07
4003.0,5.094086031163583e-07
2143.0,5.098760938715381e-07
12503.0,5.103238496660836e-07
2533.0,5.104384314424214e-07
4256.0,5.104820205653786e-07
3590.0,5.105737780119235e-07
19675.0,5.106158730651687e-07
2859.0,5.106566353415834e-07
14546.0,5.109206939045106e-07
5063.0,5.110894424591288e-07
18808.0,5.111152239763464e-07
405.0,5.112246100378842e-07
18118.0,5.113216607643837e-07
13046.0,5.115034347851649e-07
9290.0,5.116840690617099e-07
11334.0,5.119664316781873e-07
17847.0,5.124339255242861e-07
8197.0,5.125264671908968e-07
18510.0,5.130931382043903e-07
8140.0,5.136052018680718e-07
5134.0,5.137890318465229e-07
10871.0,5.141063296551977e-07
14559.0,5.146609449376629e-07
1709.0,5.146757501566405e-07
4068.0,5.150400293161109e-07
14215.0,5.150730478731656e-07
3293.0,5.153132822068792e-07
8325.0,5.153529866441275e-07
13129.0,5.154196391422094e-07
8765.0,5.156223043927184e-07
6200.0,5.160543296704623e-07
3866.0,5.164068133611253e-07
14171.0,5.166690957073862e-07
18237.0,5.171164809598342e-07
18476.0,5.171507932248471e-07
10530.0,5.1719459322382e-07
7467.0,5.175631597789149e-07
10993.0,5.178233637005497e-07
13364.0,5.181426539018476e-07
8734.0,5.185662365786384e-07
2769.0,5.185670396867019e-07
6723.0,5.188953632311951e-07
15742.0,5.194673969975407e-07
10544.0,5.194750585207193e-07
19251.0,5.195893584840248e-07
4002.0,5.196717236811737e-07
379.0,5.20034648410257e-07
5989.0,5.203144890852138e-07
10873.0,5.204520968545379e-07
9098.0,5.206190436089284e-07
15891.0,5.206786450017849e-07
5550.0,5.206842945080022e-07
14963.0,5.209783897217705e-07
13973.0,5.209999954503659e-07
15488.0,5.211523261568652e-07
3798.0,5.212736715744087e-07
843.0,5.216671121923181e-07
15041.0,5.227368185779382e-07
3016.0,5.227665511200328e-07
15899.0,5.227785481064779e-07
7069.0,5.233471465262385e-07
1980.0,5.233615839686776e-07
14528.0,5.239313122177602e-07
6235.0,5.241726809615201e-07
999.0,5.243136174706945e-07
4029.0,5.243861980429894e-07
1514.0,5.243885140488276e-07
12856.0,5.246908614423957e-07
12557.0,5.24841300771954e-07
18783.0,5.253195101060972e-07
3743.0,5.253497263641564e-07
9322.0,5.257959711274654e-07
8308.0,5.258475306257524e-07
19025.0,5.258478997893515e-07
36.0,5.259727398888482e-07
3251.0,5.262577070368844e-07
4490.0,5.265037546869548e-07
7517.0,5.266634349393144e-07
18425.0,5.268637939362195e-07
3001.0,5.279561106333256e-07
4904.0,5.283942088389275e-07
3903.0,5.287308278874578e-07
7700.0,5.290391323379547e-07
6753.0,5.293841282904278e-07
18632.0,5.303383520210015e-07
8254.0,5.304392095266421e-07
488.0,5.30441029769638e-07
5765.0,5.306787643291134e-07
19219.0,5.311258330492047e-07
5845.0,5.314125513355098e-07
5216.0,5.318543086496759e-07
14325.0,5.32129068230695e-07
12765.0,5.323090967898809e-07
116.0,5.329969503354855e-07
14425.0,5.335005121399045e-07
2802.0,5.33680469539459e-07
18383.0,5.338130002561577e-07
6267.0,5.34004464581675e-07
14916.0,5.341217321353593e-07
1559.0,5.343822746795745e-07
19235.0,5.345600746348616e-07
11351.0,5.354457763922697e-07
6842.0,5.356308027447009e-07
8115.0,5.357079769533302e-07
293.0,5.360500859361789e-07
8138.0,5.364642448379134e-07
13974.0,5.366453956489609e-07
3805.0,5.37074666455612e-07
6617.0,5.370817538384647e-07
9054.0,5.371258749505188e-07
18238.0,5.379490612378304e-07
12900.0,5.379977383900282e-07
15436.0,5.387600642787254e-07
12771.0,5.391020364306186e-07
7800.0,5.401133307250659e-07
12826.0,5.402023403618336e-07
13467.0,5.404062491292575e-07
13604.0,5.404102836603174e-07
441.0,5.407316632628564e-07
14400.0,5.409469301897171e-07
4942.0,5.410791654796411e-07
20049.0,5.419161064416748e-07
5580.0,5.423088274748278e-07
18321.0,5.429273655630063e-07
7073.0,5.43029656672793e-07
2014.0,5.432097475983315e-07
7718.0,5.434320658359082e-07
14787.0,5.43513443411691e-07
10915.0,5.435623297788563e-07
3217.0,5.438386832037646e-07
2048.0,5.440541039659158e-07
10321.0,5.442988558702477e-07
3094.0,5.443526492980612e-07
18980.0,5.445481425807098e-07
11499.0,5.446001034703485e-07
4035.0,5.446631706566254e-07
12969.0,5.448739022293814e-07
59.0,5.449382969610444e-07
3671.0,5.450457680228009e-07
3437.0,5.457463472325595e-07
19923.0,5.462769344649678e-07
10351.0,5.466083409399187e-07
8662.0,5.472719057451404e-07
10265.0,5.474825135013363e-07
12906.0,5.483731312068545e-07
19738.0,5.490423820014109e-07
3662.0,5.491578787068671e-07
2231.0,5.492630827636963e-07
8867.0,5.494682752727915e-07
6142.0,5.498030224659736e-07
18100.0,5.499942610859144e-07
1445.0,5.502890556778778e-07
3055.0,5.506282537086538e-07
1426.0,5.51136268902173e-07
5538.0,5.513191499171493e-07
8310.0,5.514519251075526e-07
11261.0,5.520157024387335e-07
15793.0,5.521342686492711e-07
5591.0,5.522801186577944e-07
18699.0,5.524703812066449e-07
16048.0,5.525268778185588e-07
3382.0,5.525917349294275e-07
9286.0,5.530481559138974e-07
8740.0,5.531526083294597e-07
19885.0,5.535905759801271e-07
470.0,5.543272013319695e-07
5597.0,5.546592559066854e-07
18516.0,5.548112656456591e-07
1147.0,5.550575218428531e-07
8791.0,5.557706637799604e-07
14403.0,5.558651060277721e-07
19724.0,5.560180286580837e-07
6340.0,5.560924937490759e-07
4157.0,5.564249121788875e-07
1070.0,5.565919261029698e-07
6830.0,5.566121476307487e-07
19278.0,5.566936422847171e-07
6074.0,5.567361895197045e-07
12.0,5.572408230938302e-07
3356.0,5.574738450636852e-07
4495.0,5.578051035341372e-07
15932.0,5.582699115343926e-07
7184.0,5.584768232879259e-07
3779.0,5.586127469088688e-07
15694.0,5.587924265538275e-07
5344.0,5.588845552788106e-07
8967.0,5.589947924389946e-07
5718.0,5.590783878646759e-07
4985.0,5.590994973509512e-07
6361.0,5.591674513741907e-07
2624.0,5.596113608498072e-07
4190.0,5.598110133876587e-07
18211.0,5.604185124173876e-07
10500.0,5.604680073702162e-07
7338.0,5.605082220659459e-07
6967.0,5.605330185646765e-07
8005.0,5.60547013680353e-07
159.0,5.605779610991308e-07
2753.0,5.608176155901582e-07
15107.0,5.616313943019108e-07
7408.0,5.616728284978588e-07
7674.0,5.617200036175895e-07
14795.0,5.617321916502213e-07
3515.0,5.620619808382472e-07
4612.0,5.622750188786597e-07
14322.0,5.62320415435708e-07
2564.0,5.623708391968226e-07
951.0,5.62948721444079e-07
7015.0,5.630235285311198e-07
3755.0,5.635559340029921e-07
15475.0,5.637359405062028e-07
18419.0,5.637743066697508e-07
12844.0,5.640047498286021e-07
5535.0,5.640131568625827e-07
403.0,5.640523279065493e-07
2321.0,5.643618735536316e-07
3778.0,5.645716562656582e-07
18831.0,5.650477919699527e-07
7692.0,5.650702101136166e-07
5490.0,5.651166239511531e-07
4663.0,5.651209617518735e-07
2216.0,5.653057970067454e-07
1618.0,5.653698422847686e-07
6259.0,5.66224611709823e-07
9698.0,5.662343375644075e-07
19587.0,5.66652797544006e-07
190.0,5.669318009652356e-07
19190.0,5.670428475951252e-07
522.0,5.670867867282589e-07
18827.0,5.672409071367355e-07
10669.0,5.674950211433014e-07
4401.0,5.67923143121326e-07
12063.0,5.681347292175693e-07
3095.0,5.682180348674633e-07
18343.0,5.682974137317915e-07
9454.0,5.684766823530334e-07
10646.0,5.686803409615171e-07
5289.0,5.686955634973564e-07
18651.0,5.691177811866881e-07
10637.0,5.691667122480271e-07
2368.0,5.692141662011784e-07
2462.0,5.69282875804252e-07
13421.0,5.696347340675967e-07
16014.0,5.69683716253248e-07
2678.0,5.698776895915116e-07
7916.0,5.700593816387261e-07
3124.0,5.704753649788867e-07
9760.0,5.706323850032127e-07
15317.0,5.710360135209905e-07
5150.0,5.710908037573058e-07
3532.0,5.71185976403809e-07
1971.0,5.712324593375104e-07
4119.0,5.713894796015753e-07
2806.0,5.714810020012901e-07
8991.0,5.715037142617271e-07
10981.0,5.71546860895242e-07
19726.0,5.715586685821693e-07
2561.0,5.718372209861027e-07
5453.0,5.721370466950131e-07
8159.0,5.72516958266718e-07
14752.0,5.725326054143303e-07
19728.0,5.728084051195263e-07
8235.0,5.728742323765107e-07
4419.0,5.732241824811939e-07
10122.0,5.734145514912234e-07
6230.0,5.73496376873514e-07
1238.0,5.735764113636951e-07
16912.0,5.736111788157481e-07
7527.0,5.736443442214179e-07
1507.0,5.737345981542518e-07
12548.0,5.740929745747698e-07
8189.0,5.742568563876793e-07
8486.0,5.744030357717127e-07
14567.0,5.745828491481459e-07
12975.0,5.746428854957947e-07
895.0,5.753429172875482e-07
11501.0,5.7537377491556e-07
3878.0,5.763224041942336e-07
16.0,5.763375709137286e-07
6474.0,5.764065703953347e-07
18779.0,5.764682536719066e-07
7181.0,5.764761896190232e-07
8484.0,5.765293215559439e-07
7324.0,5.768091408085208e-07
14390.0,5.770516571907753e-07
9789.0,5.771946013930494e-07
5253.0,5.782625157906108e-07
5813.0,5.786057064238321e-07
7740.0,5.788448791253679e-07
5161.0,5.793846433387984e-07
2684.0,5.794103228043197e-07
14547.0,5.797387383914117e-07
19848.0,5.797483574080847e-07
17003.0,5.804039926535179e-07
12127.0,5.806755078656419e-07
14356.0,5.809016992643381e-07
6726.0,5.809823631118423e-07
19333.0,5.812091531213527e-07
14970.0,5.812618063168902e-07
12735.0,5.814386837056638e-07
437.0,5.817839640911723e-07
6145.0,5.818226859073221e-07
18615.0,5.818907139071247e-07
5836.0,5.822846059533113e-07
5103.0,5.822882877771326e-07
8665.0,5.825319286031466e-07
7822.0,5.825741738185404e-07
19103.0,5.82761032760519e-07
13582.0,5.829045306054463e-07
9081.0,5.830635469866487e-07
9173.0,5.83136658674706e-07
1329.0,5.831713066597467e-07
15592.0,5.833215237342557e-07
19283.0,5.8355810170784e-07
13142.0,5.836174446622032e-07
19722.0,5.836598291316274e-07
17921.0,5.836760661567097e-07
6392.0,5.837027545546696e-07
19597.0,5.838004190469042e-07
12670.0,5.839943375962758e-07
14441.0,5.842750712728071e-07
2649.0,5.844914193620006e-07
9277.0,5.849783185363606e-07
938.0,5.849902617699279e-07
13181.0,5.851755723156558e-07
9217.0,5.857713727139535e-07
8295.0,5.857837268684923e-07
11558.0,5.863034848396419e-07
4129.0,5.86371633333909e-07
11377.0,5.86427147299038e-07
1324.0,5.866639266875148e-07
5796.0,5.866795621649818e-07
14190.0,5.868198647960429e-07
7005.0,5.869788747556687e-07
14451.0,5.869863091262755e-07
121.0,5.879186413167199e-07
9985.0,5.883179924822189e-07
14243.0,5.885005609462161e-07
7711.0,5.885669695100061e-07
7897.0,5.888178749458262e-07
10006.0,5.891573010367568e-07
7138.0,5.891610847924049e-07
4395.0,5.892011139645038e-07
4568.0,5.892872235401929e-07
12984.0,5.893339182574925e-07
896.0,5.896212787956468e-07
8215.0,5.896544930395477e-07
1480.0,5.896919398816189e-07
13506.0,5.897260527866439e-07
8296.0,5.898961750021309e-07
10374.0,5.901550007164208e-07
13336.0,5.902598683168815e-07
4652.0,5.903875738095051e-07
8818.0,5.904811983166206e-07
2629.0,5.905918908008383e-07
19764.0,5.908781335565485e-07
13208.0,5.911568852947837e-07
9962.0,5.914186947133288e-07
19116.0,5.914335041106122e-07
5673.0,5.91593244272001e-07
10404.0,5.9165020354567e-07
8565.0,5.917742380369695e-07
11028.0,5.919483433766546e-07
9291.0,5.921817045256265e-07
13693.0,5.927030993138563e-07
1983.0,5.927220780096884e-07
13981.0,5.927493445207898e-07
18153.0,5.929479069831599e-07
7075.0,5.935065077187152e-07
451.0,5.936589066052344e-07
13360.0,5.938247642944717e-07
2702.0,5.939447167179199e-07
4231.0,5.941582025477159e-07
1024.0,5.943314242013937e-07
2661.0,5.945162148305889e-07
8204.0,5.949038546756211e-07
5766.0,5.949154702375367e-07
15946.0,5.952032338880253e-07
2176.0,5.95213565391472e-07
10336.0,5.952688961618621e-07
19557.0,5.954814367270117e-07
2013.0,5.955606405477223e-07
14248.0,5.958224829646094e-07
3583.0,5.958854338090414e-07
1517.0,5.960694825406418e-07
6983.0,5.965580910873361e-07
5359.0,5.965994719756358e-07
11478.0,5.966026752207538e-07
3153.0,5.967939954460908e-07
1593.0,5.968962186412828e-07
8430.0,5.969461144203645e-07
18261.0,5.970235697741821e-07
3416.0,5.973093325384422e-07
20097.0,5.976221230595835e-07
8089.0,5.979844445029448e-07
1279.0,5.981873953937457e-07
9884.0,5.984229836568108e-07
19239.0,5.991850569378064e-07
10417.0,5.99256371021066e-07
14320.0,5.9933687451752e-07
10035.0,5.998087338370535e-07
4020.0,5.998123529777245e-07
12283.0,5.998652124685527e-07
9772.0,5.999827090242228e-07
8764.0,6.004533032075332e-07
14988.0,6.006837177004662e-07
15424.0,6.008449837226526e-07
4055.0,6.008975839016532e-07
18893.0,6.019987929669416e-07
13440.0,6.020406585729717e-07
15461.0,6.021692980539532e-07
4170.0,6.021715721483011e-07
16613.0,6.024492414655744e-07
6317.0,6.025465474968377e-07
6815.0,6.026223367340613e-07
8739.0,6.0286971914737e-07
4390.0,6.03120207814303e-07
1296.0,6.035542280447384e-07
8660.0,6.037158352238875e-07
3200.0,6.040625225340319e-07
8685.0,6.041077076756523e-07
4052.0,6.043521982475005e-07
15293.0,6.046230677315618e-07
9401.0,6.050017309658881e-07
14783.0,6.050460534072137e-07
18706.0,6.053774159928288e-07
4331.0,6.0556967459032e-07
7108.0,6.058496980575969e-07
5950.0,6.059033892367857e-07
2386.0,6.060216560134848e-07
15615.0,6.065873128459711e-07
7017.0,6.065908825576259e-07
14972.0,6.067398506354745e-07
2059.0,6.067504775400096e-07
14645.0,6.069452770269537e-07
4969.0,6.070470420640563e-07
14934.0,6.071260079953191e-07
4771.0,6.073881184145675e-07
5031.0,6.080874288063988e-07
6127.0,6.088221812155061e-07
4662.0,6.088622991166704e-07
6613.0,6.092747044741852e-07
19335.0,6.094753459947771e-07
14319.0,6.094972273716911e-07
10847.0,6.098746205979582e-07
6664.0,6.10216221300171e-07
11495.0,6.104571462616111e-07
8729.0,6.104917278817977e-07
19689.0,6.109202351544219e-07
7137.0,6.109676104732265e-07
780.0,6.110502485188867e-07
6961.0,6.120105480284985e-07
8928.0,6.124103483790039e-07
16025.0,6.125473231606735e-07
13840.0,6.131296436592332e-07
7433.0,6.133630086269028e-07
3191.0,6.140794829513159e-07
10377.0,6.142806420338623e-07
8163.0,6.145154060661578e-07
8752.0,6.147990675792274e-07
12933.0,6.155629251937622e-07
12836.0,6.158961716302305e-07
10293.0,6.159172887196526e-07
10112.0,6.159433767772536e-07
18693.0,6.160847317677358e-07
13190.0,6.161600463562611e-07
6640.0,6.165884941393992e-07
3733.0,6.166670956162191e-07
3331.0,6.166950033517173e-07
4926.0,6.170170384516776e-07
435.0,6.171716706598141e-07
8583.0,6.172061539870672e-07
12793.0,6.17336856420956e-07
3695.0,6.176353072018066e-07
12571.0,6.178268387312642e-07
14632.0,6.17932201238357e-07
10777.0,6.182446201128896e-07
19358.0,6.184692644082126e-07
9135.0,6.191338865131881e-07
15333.0,6.195771205844957e-07
4997.0,6.207429205734572e-07
4790.0,6.208007615467258e-07
14158.0,6.210851742900817e-07
18504.0,6.214608688466421e-07
19746.0,6.217050896352116e-07
639.0,6.217480830242211e-07
5649.0,6.218323117286684e-07
4195.0,6.222170437553573e-07
8432.0,6.223766850501519e-07
6281.0,6.225204677219715e-07
10185.0,6.226142208147381e-07
8581.0,6.22679938382631e-07
10617.0,6.229049047585529e-07
18613.0,6.234713587570037e-07
7618.0,6.235731362605271e-07
12259.0,6.240851433115888e-07
3291.0,6.247327134591555e-07
14544.0,6.250557733913781e-07
17872.0,6.251721185069805e-07
17157.0,6.252567055268433e-07
2486.0,6.252783830058552e-07
10519.0,6.253218270525526e-07
7571.0,6.255455794764985e-07
15820.0,6.256941895557293e-07
1619.0,6.259397901613189e-07
3834.0,6.260394581084126e-07
7894.0,6.264260424260461e-07
429.0,6.269797626862807e-07
15754.0,6.270007478850802e-07
447.0,6.273543178325269e-07
10840.0,6.280810639225994e-07
17687.0,6.280821636390076e-07
18073.0,6.28353088400001e-07
9389.0,6.284022818812107e-07
7847.0,6.289287089679576e-07
8155.0,6.289485650138414e-07
765.0,6.289725406210222e-07
19004.0,6.291946987729738e-07
15880.0,6.292240795154126e-07
18438.0,6.293973661896945e-07
15148.0,6.294653552747426e-07
18098.0,6.294771314017611e-07
14785.0,6.296699525293677e-07
19809.0,6.297955764978842e-07
6147.0,6.298721821229918e-07
2655.0,6.299536895088062e-07
7678.0,6.299584753557733e-07
15115.0,6.305470944107087e-07
14328.0,6.30912464878603e-07
3136.0,6.311762709194496e-07
590.0,6.313344876944883e-07
6970.0,6.315419877243784e-07
19819.0,6.315719847412483e-07
6567.0,6.315932955139846e-07
6730.0,6.317379110728591e-07
2688.0,6.318135116184742e-07
65.0,6.318142463581514e-07
13189.0,6.318443115807275e-07
11005.0,6.319049087460714e-07
18869.0,6.321454162879045e-07
932.0,6.321703523574633e-07
1428.0,6.322163484585949e-07
7598.0,6.323734794477657e-07
13054.0,6.323992049773969e-07
5104.0,6.327817993553988e-07
13747.0,6.328367445657642e-07
6630.0,6.329282118769134e-07
7406.0,6.330292225071898e-07
2364.0,6.332282522377263e-07
14050.0,6.334941532879909e-07
15792.0,6.336469074846279e-07
6947.0,6.336505193817603e-07
10509.0,6.336813617007334e-07
18688.0,6.336968417674832e-07
2947.0,6.337943660809803e-07
19212.0,6.340339876250385e-07
14454.0,6.341146032336588e-07
9315.0,6.348415319105611e-07
16728.0,6.349768667071727e-07
12066.0,6.350431790329337e-07
5298.0,6.350632178368892e-07
3061.0,6.350781453826211e-07
4126.0,6.362236082297375e-07
18313.0,6.363594610763435e-07
665.0,6.363907268169573e-07
2679.0,6.365350337548575e-07
2706.0,6.369151899286984e-07
13859.0,6.369820595616926e-07
3402.0,6.373975420959325e-07
13490.0,6.37592075155942e-07
2856.0,6.377330979454204e-07
10886.0,6.378181271379278e-07
17315.0,6.378496510173613e-07
17264.0,6.380307056331902e-07
18690.0,6.382182670870934e-07
10833.0,6.382512480736437e-07
18302.0,6.388975688906279e-07
15167.0,6.393337050648214e-07
2809.0,6.394293138305628e-07
9330.0,6.395192995812313e-07
18147.0,6.396670207430102e-07
18884.0,6.402152622938424e-07
19227.0,6.404011734282301e-07
8293.0,6.413647776952438e-07
9741.0,6.418042303055466e-07
1331.0,6.41825197061578e-07
6531.0,6.424315618268162e-07
2339.0,6.427068408363282e-07
8277.0,6.430427558231934e-07
82.0,6.430944560653167e-07
400.0,6.43445997325389e-07
3477.0,6.436333421067335e-07
8218.0,6.439087128677328e-07
10587.0,6.44661967577305e-07
210.0,6.447393825265622e-07
18987.0,6.447459277571026e-07
3723.0,6.448208061664548e-07
18141.0,6.452302142573447e-07
19403.0,6.452541884517786e-07
2720.0,6.454395660216427e-07
7282.0,6.454949349875708e-07
10467.0,6.459730576561155e-07
3374.0,6.463139583465377e-07
18926.0,6.465760636114005e-07
7783.0,6.466411055266835e-07
13271.0,6.466452106094657e-07
3808.0,6.467147168904639e-07
5220.0,6.472086951852478e-07
6421.0,6.475342050602736e-07
1741.0,6.475397303903226e-07
4674.0,6.476060671351991e-07
9945.0,6.476428687543718e-07
6798.0,6.478885552549709e-07
15080.0,6.482485431573085e-07
8566.0,6.485122865492532e-07
14976.0,6.48701155573158e-07
5607.0,6.488981770454959e-07
18708.0,6.489721477093336e-07
10077.0,6.490584737264044e-07
8252.0,6.491757788249069e-07
1687.0,6.492089468933907e-07
13145.0,6.494352964512389e-07
12864.0,6.497122761254272e-07
15379.0,6.497224990956662e-07
1275.0,6.497635802076431e-07
18979.0,6.498615365905043e-07
13410.0,6.501018061829547e-07
11788.0,6.504094792383481e-07
4257.0,6.504134270096263e-07
2577.0,6.505641943190719e-07
18753.0,6.505872524285037e-07
1356.0,6.507206764550127e-07
4091.0,6.510022725407274e-07
17937.0,6.510418909288484e-07
2239.0,6.513069382176529e-07
168.0,6.516127658317836e-07
4982.0,6.519998191385658e-07
6468.0,6.524046042251106e-07
4606.0,6.524745740583227e-07
3395.0,6.52558590585315e-07
19169.0,6.525820580402915e-07
119.0,6.526609757069841e-07
1287.0,6.526675798105393e-07
19595.0,6.536130881258971e-07
8995.0,6.538870246405925e-07
8737.0,6.540536258456618e-07
3444.0,6.542482834500101e-07
13993.0,6.544644626174891e-07
2774.0,6.549139198473002e-07
18382.0,6.550545328631287e-07
4346.0,6.554660030164673e-07
7244.0,6.555477599019402e-07
7551.0,6.555529893771092e-07
6553.0,6.55743072935213e-07
1817.0,6.559342420651321e-07
17106.0,6.560298942236077e-07
1274.0,6.563959872044973e-07
15745.0,6.569653542955464e-07
4945.0,6.57163658208116e-07
1972.0,6.572934696011517e-07
6034.0,6.577692058919401e-07
10751.0,6.57806361194431e-07
18554.0,6.58011218291734e-07
4644.0,6.581874263981017e-07
13249.0,6.584008501269705e-07
6177.0,6.588280550524755e-07
14469.0,6.593318892687385e-07
5910.0,6.594625873102688e-07
3375.0,6.596924036975518e-07
1576.0,6.599982520833425e-07
14346.0,6.602343431130496e-07
16040.0,6.604168261272666e-07
19713.0,6.608338501053303e-07
1860.0,6.609676383122948e-07
15943.0,6.610164166000439e-07
11333.0,6.613119728166855e-07
9638.0,6.615835103330859e-07
18181.0,6.616358961512955e-07
8494.0,6.627692412263909e-07
456.0,6.634000261003464e-07
370.0,6.634626775879985e-07
6411.0,6.6396535501288e-07
1481.0,6.641619404687248e-07
17689.0,6.642461444286967e-07
4970.0,6.645450073463374e-07
3911.0,6.648519005997096e-07
13462.0,6.652148695520508e-07
3227.0,6.663162565720716e-07
18868.0,6.666215200036012e-07
2341.0,6.668535613130791e-07
15153.0,6.669618206790244e-07
19896.0,6.674369148977677e-07
837.0,6.676335992458931e-07
2592.0,6.68205076064614e-07
9232.0,6.683381780704587e-07
3644.0,6.685577475564269e-07
18787.0,6.688385310215827e-07
19618.0,6.69826986576219e-07
7925.0,6.699851406681074e-07
3278.0,6.700935551108481e-07
18972.0,6.702603948903336e-07
2922.0,6.707854851418134e-07
6166.0,6.707908489991766e-07
10428.0,6.708084891045107e-07
8919.0,6.71327901766078e-07
18217.0,6.715194063505998e-07
7093.0,6.717796631432158e-07
177.0,6.719094834922104e-07
8047.0,6.728089469880749e-07
10556.0,6.730445227162225e-07
373.0,6.732450316612235e-07
2571.0,6.733023472981488e-07
16300.0,6.735189033008705e-07
14217.0,6.73658160721866e-07
10104.0,6.741839755326836e-07
243.0,6.749598172648237e-07
2516.0,6.753336151102534e-07
18394.0,6.753392650017654e-07
619.0,6.763520317551788e-07
11910.0,6.772777938593e-07
1100.0,6.775903979149793e-07
13183.0,6.779495821784031e-07
19729.0,6.78066073928568e-07
15497.0,6.795127088580437e-07
8684.0,6.799388072431448e-07
15214.0,6.800430949067364e-07
4196.0,6.80078124607418e-07
16607.0,6.802849957166521e-07
4667.0,6.803421313953132e-07
19015.0,6.803787123006149e-07
3622.0,6.805202929795494e-07
15316.0,6.807216796256484e-07
6196.0,6.807998945149912e-07
18349.0,6.81126537909605e-07
1111.0,6.812203638915477e-07
110.0,6.818181461425207e-07
19530.0,6.819337218419317e-07
14641.0,6.822919270717781e-07
9195.0,6.8259334899628e-07
5823.0,6.826809440538925e-07
11182.0,6.827027055699377e-07
6413.0,6.827327850569761e-07
14108.0,6.827592202222009e-07
6703.0,6.834908639289227e-07
3962.0,6.838764099289829e-07
18223.0,6.841048842923648e-07
13959.0,6.846066863792885e-07
19075.0,6.846894648006145e-07
8988.0,6.849665889602777e-07
1121.0,6.850867898473699e-07
13225.0,6.851186412700235e-07
3169.0,6.852809143152997e-07
10813.0,6.854833931003467e-07
16937.0,6.855991833660392e-07
1754.0,6.861315637252657e-07
12596.0,6.862444615672748e-07
11110.0,6.86427489747664e-07
18935.0,6.864947581520067e-07
2229.0,6.86677690428289e-07
2833.0,6.866954971778185e-07
3223.0,6.867374779783718e-07
18251.0,6.869330170682672e-07
14490.0,6.876646732157236e-07
17158.0,6.877049755788179e-07
19577.0,6.877943456030298e-07
15774.0,6.878566325078077e-07
14553.0,6.882330204062812e-07
3889.0,6.888294339709668e-07
2911.0,6.890485128142299e-07
5069.0,6.893722475514142e-07
15528.0,6.896064780448724e-07
261.0,6.898933247712728e-07
6390.0,6.900233896967172e-07
14930.0,6.900879722637785e-07
920.0,6.901292906401698e-07
12056.0,6.903345232541518e-07
11641.0,6.903722367714586e-07
328.0,6.90897019652031e-07
10434.0,6.910156827941278e-07
6752.0,6.914352755826597e-07
442.0,6.915339652496408e-07
16043.0,6.920536022725344e-07
4447.0,6.925005955262568e-07
12427.0,6.927975898250241e-07
11798.0,6.929063141644922e-07
19734.0,6.932491176879482e-07
11509.0,6.932537564893718e-07
14893.0,6.933685572500357e-07
4146.0,6.935937075741617e-07
13611.0,6.938627181402115e-07
4186.0,6.939253510652261e-07
15019.0,6.943728017663834e-07
1913.0,6.944114564470898e-07
18674.0,6.951596263296478e-07
3098.0,6.961614102348129e-07
2622.0,6.962968013101223e-07
1433.0,6.971813071730279e-07
6580.0,6.974372181764822e-07
11822.0,6.975852611277487e-07
233.0,6.976698609308301e-07
1389.0,6.977441639069789e-07
17100.0,6.981943029455514e-07
6254.0,6.982449687915439e-07
11924.0,6.986052102519767e-07
14236.0,6.98873267933109e-07
11817.0,6.989129160659731e-07
12315.0,6.994168676087228e-07
19514.0,7.002425416833294e-07
911.0,7.003085516555749e-07
9783.0,7.008840441087961e-07
6251.0,7.013254704463391e-07
3776.0,7.018242364032557e-07
2335.0,7.018952423107703e-07
17883.0,7.019438937595373e-07
4342.0,7.019482879245764e-07
8861.0,7.020341548331644e-07
8952.0,7.028756327076055e-07
18602.0,7.031627134362594e-07
15191.0,7.032052936353403e-07
8902.0,7.034785993885277e-07
10838.0,7.034849512439896e-07
14179.0,7.035792405298453e-07
11364.0,7.046194331265201e-07
3505.0,7.051829010062029e-07
19244.0,7.055027672828619e-07
13406.0,7.055473721793775e-07
184.0,7.058642139876128e-07
8759.0,7.068498421134835e-07
19500.0,7.069357336638017e-07
4422.0,7.070880683003059e-07
6319.0,7.074236321553594e-07
1655.0,7.075040957096067e-07
2980.0,7.076670650592832e-07
14503.0,7.080880018324374e-07
6095.0,7.084815605217364e-07
1658.0,7.087799808985621e-07
4797.0,7.092427366570999e-07
3117.0,7.094837025539508e-07
19999.0,7.095062829580138e-07
9949.0,7.102606062521906e-07
5011.0,7.103570743019482e-07
7813.0,7.106641396193265e-07
2411.0,7.108886192996723e-07
13011.0,7.108918069189538e-07
19525.0,7.109067734907475e-07
11327.0,7.109537132725367e-07
1254.0,7.110509113870637e-07
6554.0,7.115188079259538e-07
18950.0,7.119694757599591e-07
9165.0,7.121584353965914e-07
19932.0,7.122326050950572e-07
4169.0,7.122357868236124e-07
8615.0,7.123079989857732e-07
17876.0,7.12471592923682e-07
13770.0,7.13136571160737e-07
10552.0,7.134155760888967e-07
5125.0,7.135329506859829e-07
3337.0,7.139370232172573e-07
9490.0,7.144005752427388e-07
2913.0,7.148021372029642e-07
3246.0,7.149953035545321e-07
2723.0,7.151711278732302e-07
10373.0,7.153797297001195e-07
4203.0,7.15589674826663e-07
9652.0,7.156416435934358e-07
15609.0,7.156970674167528e-07
19714.0,7.157388437971158e-07
7635.0,7.159247565754271e-07
3523.0,7.159576086338422e-07
9564.0,7.165430041429153e-07
13033.0,7.176561451911686e-07
17587.0,7.180160834675619e-07
941.0,7.180362316352491e-07
7588.0,7.182123409692057e-07
19686.0,7.183819881421376e-07
16867.0,7.185221990217114e-07
16919.0,7.189157049770229e-07
16732.0,7.192847251951036e-07
504.0,7.194426207971262e-07
1130.0,7.196165334980736e-07
12105.0,7.196193971445316e-07
12687.0,7.199029066460384e-07
12235.0,7.200260390770591e-07
7278.0,7.201378578801368e-07
19204.0,7.20208185574973e-07
6194.0,7.216727532538744e-07
3487.0,7.218248670052657e-07
2100.0,7.223528279498137e-07
5212.0,7.225595831367458e-07
8990.0,7.228185775244494e-07
2255.0,7.230982496886724e-07
5372.0,7.232162388648934e-07
1617.0,7.232304178517151e-07
2394.0,7.232769419177555e-07
10012.0,7.233944721310494e-07
2084.0,7.245846167366729e-07
1094.0,7.251645578955243e-07
1406.0,7.251860364854639e-07
9371.0,7.25431448151144e-07
7459.0,7.254481983286983e-07
7929.0,7.255629412951723e-07
3015.0,7.255795554209224e-07
13818.0,7.261694083347215e-07
12205.0,7.271337662979068e-07
313.0,7.271838740917635e-07
19837.0,7.273021350890434e-07
8220.0,7.275120104943886e-07
15938.0,7.275339906779622e-07
5211.0,7.275650902452963e-07
9067.0,7.277040971734294e-07
13097.0,7.277652614153651e-07
13319.0,7.280862000782022e-07
15251.0,7.281343272780127e-07
1806.0,7.282479850065933e-07
1918.0,7.283167927570445e-07
9876.0,7.283342490939787e-07
2246.0,7.284825926435297e-07
7132.0,7.293961639066497e-07
18678.0,7.294913122539067e-07
14395.0,7.296512665363477e-07
4886.0,7.297059432905603e-07
947.0,7.302047629404198e-07
6160.0,7.302967809831076e-07
13263.0,7.312341369613394e-07
10642.0,7.312351315608189e-07
10717.0,7.312522546949834e-07
681.0,7.31304965778894e-07
7265.0,7.318164374160179e-07
13706.0,7.322753408707173e-07
8285.0,7.327169046385629e-07
3.0,7.327368616830045e-07
18421.0,7.332985555122328e-07
2367.0,7.333189637109641e-07
13658.0,7.335119660297778e-07
14942.0,7.338729376662872e-07
2192.0,7.338881226401842e-07
6844.0,7.347596565500657e-07
8019.0,7.350315272692357e-07
15595.0,7.351347746459704e-07
18771.0,7.355187155857875e-07
18009.0,7.356804192598284e-07
9806.0,7.358666990012785e-07
15611.0,7.359224241164103e-07
7431.0,7.3608338969443e-07
2303.0,7.360946271539119e-07
5791.0,7.364549645098893e-07
12060.0,7.366638953612426e-07
13349.0,7.367421031782889e-07
19808.0,7.374417138002345e-07
8993.0,7.374698681842112e-07
869.0,7.385576677131176e-07
4432.0,7.386444640892736e-07
12909.0,7.389919142142283e-07
12102.0,7.390346190518312e-07
13839.0,7.392982846656394e-07
16299.0,7.394938626959757e-07
5782.0,7.399781543163549e-07
17246.0,7.400143892870409e-07
11161.0,7.403900739629355e-07
11002.0,7.40484162364749e-07
14137.0,7.414616674701317e-07
1151.0,7.417895778846311e-07
9908.0,7.420970063464506e-07
14663.0,7.425734769916215e-07
7280.0,7.428439819527433e-07
172.0,7.432419897415293e-07
15301.0,7.433717060781061e-07
11808.0,7.436458861674853e-07
19627.0,7.436732595764328e-07
2376.0,7.441229160206761e-07
5365.0,7.443094345762811e-07
14914.0,7.443186705929979e-07
8997.0,7.44545344825762e-07
20030.0,7.449293162038526e-07
11039.0,7.449434799158837e-07
11385.0,7.453531970729771e-07
12696.0,7.457549115156808e-07
19969.0,7.460314406349265e-07
280.0,7.460419221720903e-07
19450.0,7.460816861416352e-07
17372.0,7.467952007528034e-07
8631.0,7.473498228164536e-07
18553.0,7.475271788010546e-07
3041.0,7.476848954123303e-07
9911.0,7.477238926199358e-07
3926.0,7.48179001684856e-07
17304.0,7.482231349379712e-07
13629.0,7.486876062335569e-07
7331.0,7.486883373172166e-07
14416.0,7.489352600483816e-07
3842.0,7.490735624182478e-07
7027.0,7.49109835678655e-07
3506.0,7.493873838764303e-07
7024.0,7.499138240289452e-07
3501.0,7.499190138102083e-07
3224.0,7.501527324783204e-07
6104.0,7.501819155475055e-07
3090.0,7.507699339538464e-07
12834.0,7.508207456466882e-07
17698.0,7.5084861095697e-07
9762.0,7.511489879625178e-07
1439.0,7.511616160529548e-07
4752.0,7.519287036092424e-07
661.0,7.521134115627787e-07
14381.0,7.524752702330774e-07
9493.0,7.528224101016964e-07
15247.0,7.532230815091083e-07
14917.0,7.538300556562853e-07
11321.0,7.540025259598075e-07
8719.0,7.54168837928502e-07
11717.0,7.542233019315988e-07
14676.0,7.545132875417948e-07
6343.0,7.548834647053751e-07
10210.0,7.551404356457109e-07
3604.0,7.558309560464161e-07
180.0,7.561066647022172e-07
14932.0,7.567869171645226e-07
2454.0,7.576490874224296e-07
14608.0,7.57967488569282e-07
3132.0,7.581736416606245e-07
18452.0,7.581962001114574e-07
9164.0,7.58405720883091e-07
9403.0,7.585190597161746e-07
11143.0,7.592751270249513e-07
14927.0,7.596076451005086e-07
5120.0,7.596158190312563e-07
5082.0,7.596888850661845e-07
9634.0,7.599001550667383e-07
14323.0,7.601028163786801e-07
7048.0,7.60371615015576e-07
11391.0,7.604398617942143e-07
14831.0,7.607564432460454e-07
14046.0,7.609369376007161e-07
8309.0,7.609613084516593e-07
3480.0,7.616010393268054e-07
6046.0,7.616018118681639e-07
5604.0,7.616587741728172e-07
19508.0,7.617315010628767e-07
18054.0,7.618906432213606e-07
3987.0,7.635278343541065e-07
9791.0,7.641266609931832e-07
1299.0,7.642480581172619e-07
7879.0,7.642673715656043e-07
12287.0,7.642963847113089e-07
4885.0,7.645099220507119e-07
10092.0,7.646733089741134e-07
13717.0,7.646926279792601e-07
4794.0,7.646934300170608e-07
6192.0,7.648775876928499e-07
3775.0,7.65146592676409e-07
457.0,7.653280004018954e-07
16238.0,7.6549529430672e-07
16971.0,7.658413030788261e-07
9265.0,7.659588126574537e-07
8723.0,7.660515599172628e-07
902.0,7.665447068747323e-07
9380.0,7.666081145929383e-07
7465.0,7.666738498843828e-07
8485.0,7.672178033203737e-07
4992.0,7.675254675482398e-07
3774.0,7.677954514883177e-07
5846.0,7.679746233064319e-07
1418.0,7.682124230235052e-07
4856.0,7.688221676186575e-07
7656.0,7.688606168945318e-07
1761.0,7.689655194883043e-07
13061.0,7.691647292113534e-07
1197.0,7.695762149648422e-07
8996.0,7.703871046349418e-07
20055.0,7.705294936020114e-07
18310.0,7.705317638690997e-07
19590.0,7.705495945154565e-07
9309.0,7.705542443962403e-07
3219.0,7.712113478367127e-07
1526.0,7.715154753084552e-07
7954.0,7.715776656327201e-07
5510.0,7.717943224199469e-07
12672.0,7.722056035734412e-07
5524.0,7.723483149464697e-07
15078.0,7.727833827244247e-07
18031.0,7.734131158211821e-07
14611.0,7.738006655586507e-07
11657.0,7.739499807698093e-07
3719.0,7.739998746823527e-07
13439.0,7.740154546345869e-07
8763.0,7.744470187489435e-07
4005.0,7.749376892210929e-07
13608.0,7.753968169343734e-07
8543.0,7.754955339315848e-07
87.0,7.755854424435291e-07
13377.0,7.756678862664626e-07
2078.0,7.757964779880379e-07
19367.0,7.758220523708788e-07
2497.0,7.764786288653324e-07
14184.0,7.765373478650589e-07
14681.0,7.765560318961434e-07
4516.0,7.76592701581883e-07
10341.0,7.766920989751089e-07
19902.0,7.767098703545942e-07
3026.0,7.770616876568418e-07
18072.0,7.774946042408642e-07
8261.0,7.78945646735069e-07
4386.0,7.789645401694873e-07
6321.0,7.790786934297334e-07
8798.0,7.795424239750462e-07
4406.0,7.795656897753913e-07
6101.0,7.797516986718621e-07
5731.0,7.798169147916768e-07
14598.0,7.801146570157587e-07
3412.0,7.802148633221533e-07
3891.0,7.811637282726903e-07
19380.0,7.812659838240666e-07
4416.0,7.818391367684789e-07
15314.0,7.818838853370695e-07
19266.0,7.823665355168333e-07
18747.0,7.824449416578533e-07
5332.0,7.824946161151548e-07
14153.0,7.830987529529003e-07
9071.0,7.832322299103251e-07
1103.0,7.83334811198318e-07
5769.0,7.835521445542996e-07
6777.0,7.8388299878222e-07
8771.0,7.844166881498812e-07
10654.0,7.848629078519171e-07
7469.0,7.852768100104547e-07
9374.0,7.853150777355136e-07
2452.0,7.853365627213436e-07
469.0,7.854879155758354e-07
6303.0,7.856101899557828e-07
7156.0,7.856866458297227e-07
12960.0,7.859688708189692e-07
18241.0,7.8604763806665e-07
8936.0,7.862973870706969e-07
1821.0,7.864704551716335e-07
12117.0,7.865392755597476e-07
2156.0,7.866967671076047e-07
4581.0,7.869320591733058e-07
14548.0,7.874351090581956e-07
2830.0,7.874689726519283e-07
12329.0,7.876832716245717e-07
3058.0,7.878041334032096e-07
10564.0,7.880709338252529e-07
414.0,7.881238570181216e-07
3420.0,7.881340862472572e-07
6360.0,7.884014132300246e-07
5023.0,7.88452777666499e-07
15862.0,7.890633281866464e-07
16745.0,7.891843751721173e-07
18791.0,7.893088681896765e-07
14422.0,7.893516556430037e-07
868.0,7.896596487925883e-07
11118.0,7.89836057020971e-07
20061.0,7.902115335264744e-07
6161.0,7.90343550491354e-07
14098.0,7.907998400646791e-07
19422.0,7.910391986066434e-07
10281.0,7.911712930242997e-07
14881.0,7.915890773598504e-07
2828.0,7.917933418226865e-07
4301.0,7.918046123061967e-07
5805.0,7.91908272042336e-07
18900.0,7.919305278999146e-07
2392.0,7.923824701942722e-07
4051.0,7.92424582380284e-07
11713.0,7.924606318787118e-07
15202.0,7.924898161808397e-07
89.0,7.926411590519203e-07
6453.0,7.930079060489875e-07
9768.0,7.930192224082412e-07
15162.0,7.931737143605813e-07
18575.0,7.936525284017556e-07
12146.0,7.939670805069305e-07
18599.0,7.941275380611775e-07
19826.0,7.942479882338757e-07
17186.0,7.945090295547934e-07
8264.0,7.946933464514351e-07
99.0,7.948047224653967e-07
14045.0,7.949342918934238e-07
2838.0,7.954976520618607e-07
13182.0,7.959717745333755e-07
9187.0,7.962395439370884e-07
15912.0,7.962901076543259e-07
11004.0,7.971795076062946e-07
13766.0,7.978828315349114e-07
43.0,7.981454159607003e-07
10565.0,7.991091174931953e-07
18829.0,7.991855983256632e-07
15034.0,7.995828333676e-07
4811.0,7.996819116684007e-07
2140.0,8.004475039220334e-07
9986.0,8.006710041406965e-07
14683.0,8.006821790625837e-07
12888.0,8.01098656769964e-07
3781.0,8.011652626302752e-07
7139.0,8.012117272068295e-07
178.0,8.012753482326881e-07
5057.0,8.013607503732437e-07
19912.0,8.025669031817678e-07
7321.0,8.0280383263821e-07
1712.0,8.028234182757817e-07
6611.0,8.028617789767086e-07
19947.0,8.028709187896449e-07
7512.0,8.030761624144903e-07
11490.0,8.036616006142049e-07
10774.0,8.036823561089263e-07
14244.0,8.037766011115894e-07
18426.0,8.039196573232845e-07
2993.0,8.039695493350412e-07
2342.0,8.041018679941544e-07
152.0,8.043391469299226e-07
18861.0,8.046183967941403e-07
6592.0,8.046860730456598e-07
12970.0,8.049846174530982e-07
3207.0,8.051584459885808e-07
19159.0,8.052196566713588e-07
4206.0,8.05483178287732e-07
10302.0,8.068173610326188e-07
15796.0,8.072522239537163e-07
15135.0,8.079278694913046e-07
8656.0,8.081267842156841e-07
10010.0,8.081700495713084e-07
5.0,8.084384928467139e-07
15848.0,8.086360787842025e-07
2525.0,8.088167745880139e-07
19072.0,8.089410721499039e-07
856.0,8.099660887543271e-07
2787.0,8.099682176953562e-07
18457.0,8.100573639062162e-07
6092.0,8.101643464486689e-07
14984.0,8.10358368659412e-07
7743.0,8.104772778335158e-07
18966.0,8.105749588591699e-07
8760.0,8.108780248785388e-07
5194.0,8.110455970345613e-07
14749.0,8.112819312622198e-07
7362.0,8.112971700232428e-07
14461.0,8.121100077514001e-07
3177.0,8.12411760464159e-07
9188.0,8.129234862844113e-07
4814.0,8.131768610048237e-07
6179.0,8.132959624837432e-07
11559.0,8.136184331635294e-07
10150.0,8.136191491350787e-07
8839.0,8.139453905475556e-07
9020.0,8.140817204402485e-07
4931.0,8.144718027876172e-07
1671.0,8.148885755022293e-07
5221.0,8.149316507791844e-07
11624.0,8.151163733910396e-07
13386.0,8.152769684098376e-07
4502.0,8.157459071963059e-07
14879.0,8.157875933492357e-07
6054.0,8.159578431571698e-07
2119.0,8.159854214486611e-07
6298.0,8.168083661220104e-07
1797.0,8.168582073091284e-07
3973.0,8.178572326933264e-07
3736.0,8.18429623884629e-07
3643.0,8.184549768001339e-07
6307.0,8.185081835355796e-07
3283.0,8.187291008334299e-07
14238.0,8.187821831786546e-07
6982.0,8.188268780114918e-07
17874.0,8.189403153601234e-07
4352.0,8.18986874958888e-07
10286.0,8.19027304041095e-07
10121.0,8.191662895725348e-07
6597.0,8.19612237821682e-07
2862.0,8.198280059825684e-07
471.0,8.202403842067813e-07
962.0,8.208695906315075e-07
2017.0,8.210135418311849e-07
19523.0,8.212047792609936e-07
3737.0,8.215286913963737e-07
6707.0,8.218778002830766e-07
13607.0,8.219305677998029e-07
5817.0,8.222015697395855e-07
594.0,8.224799920166895e-07
9339.0,8.225156337449995e-07
13970.0,8.229852783911744e-07
5774.0,8.229960344293351e-07
10397.0,8.238761437897475e-07
9513.0,8.242696362854343e-07
5261.0,8.253269348578209e-07
13092.0,8.256248829490885e-07
8691.0,8.257780290417058e-07
11465.0,8.258295622885874e-07
6348.0,8.259388448086231e-07
12946.0,8.259958670565539e-07
3747.0,8.265342109370965e-07
1374.0,8.26825186951342e-07
2395.0,8.272376307441338e-07
9833.0,8.274789672772653e-07
8779.0,8.280898786728968e-07
14802.0,8.281294352169535e-07
18925.0,8.285500400630913e-07
9604.0,8.28751852553906e-07
6735.0,8.291910165271811e-07
5292.0,8.291954614740485e-07
3856.0,8.294856765657082e-07
11403.0,8.296966132949954e-07
14718.0,8.298436750464724e-07
4202.0,8.30003646641484e-07
5191.0,8.300326182524307e-07
7758.0,8.301120255600625e-07
6681.0,8.301357664200869e-07
10313.0,8.304052797014061e-07
10707.0,8.315784884945373e-07
2682.0,8.316990096556249e-07
8688.0,8.317790781716002e-07
1431.0,8.320800121504591e-07
15652.0,8.324250267255045e-07
8336.0,8.324523687200989e-07
8978.0,8.330746880209811e-07
7220.0,8.33504400837597e-07
287.0,8.336084943469587e-07
12824.0,8.33696154305306e-07
3363.0,8.33828919263997e-07
14251.0,8.341206713643114e-07
14786.0,8.343623941338737e-07
9204.0,8.348482525504612e-07
7353.0,8.353313195676091e-07
3310.0,8.359728060761279e-07
8279.0,8.364331838563316e-07
394.0,8.366094937575326e-07
5320.0,8.36861938590834e-07
9255.0,8.3714142671267e-07
16975.0,8.37507075842743e-07
2181.0,8.382512843402802e-07
1558.0,8.395407159993184e-07
12728.0,8.398263826539812e-07
18774.0,8.398892855420786e-07
16828.0,8.407253024221067e-07
5041.0,8.40725439150317e-07
18768.0,8.407602227676189e-07
8345.0,8.408978361964926e-07
18449.0,8.409928779883877e-07
5435.0,8.409967753288838e-07
5007.0,8.410217151572054e-07
7387.0,8.41368024116615e-07
13841.0,8.418935249722686e-07
12145.0,8.4189497240421e-07
18345.0,8.427697120935918e-07
12267.0,8.43176008374053e-07
11673.0,8.433953683025697e-07
4078.0,8.435296581288544e-07
9087.0,8.436636544034648e-07
1965.0,8.439331255592411e-07
6924.0,8.441385716692417e-07
8322.0,8.442312823774365e-07
3816.0,8.442702203010462e-07
7006.0,8.444949018500759e-07
14560.0,8.447005431931311e-07
10778.0,8.453674422864452e-07
2175.0,8.454499189878512e-07
18660.0,8.459995825925536e-07
1250.0,8.460630715565477e-07
11891.0,8.463061362900763e-07
4116.0,8.468886570219584e-07
13116.0,8.471881996506455e-07
18785.0,8.471988823201523e-07
6134.0,8.475251393584657e-07
15123.0,8.477729522657117e-07
3729.0,8.479090824730568e-07
2854.0,8.480517488950487e-07
14077.0,8.481919623946258e-07
19003.0,8.485907870764597e-07
7171.0,8.488425480460953e-07
3364.0,8.492562798872957e-07
3820.0,8.492779386495522e-07
6904.0,8.494329375725264e-07
1237.0,8.495998525272693e-07
2930.0,8.496356597781393e-07
11955.0,8.498374586380873e-07
1830.0,8.499779076211617e-07
4723.0,8.500725136363024e-07
9022.0,8.500821811829707e-07
8058.0,8.510432271880263e-07
6626.0,8.512374377821421e-07
5746.0,8.515347022837312e-07
1484.0,8.521652786704977e-07
4518.0,8.53522138185908e-07
10133.0,8.536387694812147e-07
1039.0,8.5475675675638e-07
4111.0,8.548173268226704e-07
18873.0,8.549653756475389e-07
4262.0,8.553345819714735e-07
13179.0,8.554417325109336e-07
19744.0,8.555293249142945e-07
5723.0,8.558428761097206e-07
8774.0,8.567030198122168e-07
13204.0,8.569101927184298e-07
14877.0,8.571155238736461e-07
4176.0,8.580885143537736e-07
11120.0,8.58626533619335e-07
7808.0,8.590588341258545e-07
15978.0,8.591655047423615e-07
6656.0,8.591786372604884e-07
2638.0,8.592818679068753e-07
3727.0,8.59354362935207e-07
19697.0,8.598443552460504e-07
15323.0,8.605888249305157e-07
2531.0,8.609414706161527e-07
19839.0,8.610128359093456e-07
14770.0,8.610353434327946e-07
141.0,8.612961339269278e-07
17377.0,8.615661238776015e-07
7144.0,8.633576942340497e-07
750.0,8.637261156957605e-07
6274.0,8.638418297330571e-07
3321.0,8.642194272082725e-07
12349.0,8.646237662007297e-07
5633.0,8.652054591485699e-07
108.0,8.656049287193804e-07
8006.0,8.65863523710702e-07
8003.0,8.662352240637039e-07
6478.0,8.662615779660167e-07
9271.0,8.662850568428376e-07
9408.0,8.663727436091269e-07
5058.0,8.66762346016418e-07
12764.0,8.668590521268657e-07
4348.0,8.668778186281186e-07
16363.0,8.672664237474302e-07
18137.0,8.675262725473136e-07
10339.0,8.677303911718628e-07
13628.0,8.686163417867717e-07
9372.0,8.690114642241706e-07
10598.0,8.690935490724067e-07
118.0,8.694405033831464e-07
2959.0,8.69520562455123e-07
19960.0,8.696920489046039e-07
18901.0,8.698252509928615e-07
13789.0,8.699567289905309e-07
12784.0,8.699834131160018e-07
4848.0,8.700779875284232e-07
13531.0,8.707739224398885e-07
8974.0,8.711564934262271e-07
5679.0,8.713488632283019e-07
6694.0,8.71632135431146e-07
8132.0,8.72172090613704e-07
18746.0,8.72477862634105e-07
10569.0,8.72699057326943e-07
19459.0,8.732682654882507e-07
666.0,8.73772153157718e-07
5685.0,8.74263722008442e-07
12263.0,8.743055863644053e-07
8545.0,8.743244444972761e-07
11247.0,8.747580284971659e-07
9296.0,8.749343710028521e-07
11619.0,8.752157945279587e-07
8499.0,8.753106161282712e-07
6396.0,8.760431855095496e-07
7922.0,8.762649519025145e-07
1221.0,8.763416755733252e-07
10227.0,8.768449264021918e-07
12439.0,8.769747374441813e-07
4726.0,8.770828646968895e-07
9423.0,8.771097673700194e-07
4680.0,8.773915074617312e-07
4915.0,8.773975502253032e-07
3462.0,8.774513755726337e-07
3752.0,8.775194387455522e-07
5785.0,8.782004751881847e-07
14409.0,8.783852954593778e-07
5868.0,8.785315789157636e-07
6933.0,8.786698640586801e-07
17991.0,8.787709943186488e-07
2697.0,8.788243741198665e-07
12623.0,8.791922951267029e-07
334.0,8.796794633908111e-07
5060.0,8.802455929198364e-07
10812.0,8.804824269944601e-07
3725.0,8.80945497727052e-07
11011.0,8.813040312792698e-07
2996.0,8.81859231421813e-07
700.0,8.824752929647365e-07
17761.0,8.827333337397439e-07
559.0,8.830923132148071e-07
7405.0,8.830949049717092e-07
3610.0,8.841344334831744e-07
3423.0,8.843467931482284e-07
11745.0,8.848682917947579e-07
8370.0,8.849384186141141e-07
19325.0,8.852076871134931e-07
15550.0,8.857798933976362e-07
8888.0,8.861360507524371e-07
2916.0,8.862974027295677e-07
11266.0,8.872485698752721e-07
7274.0,8.877478223051502e-07
19873.0,8.879745071634833e-07
7217.0,8.883964826823159e-07
6268.0,8.886280538296371e-07
7304.0,8.888880599667107e-07
12485.0,8.889747522277037e-07
7605.0,8.890190995933089e-07
18456.0,8.892152542384188e-07
8149.0,8.894086931730728e-07
14168.0,8.895008783051853e-07
6795.0,8.896246027285152e-07
5162.0,8.898392592802332e-07
6743.0,8.898751235461419e-07
3900.0,8.901471543766233e-07
1171.0,8.903175427193712e-07
4071.0,8.907357639618737e-07
12416.0,8.912003083178777e-07
18503.0,8.91601181542601e-07
14971.0,8.91858092025933e-07
2888.0,8.919945163414891e-07
11636.0,8.930034748002695e-07
832.0,8.936022913360656e-07
13897.0,8.939123493479063e-07
1106.0,8.948463236296858e-07
8181.0,8.951442231567096e-07
1461.0,8.951844388884537e-07
10699.0,8.95382090137658e-07
15777.0,8.955991624180188e-07
20025.0,8.959339187298399e-07
7604.0,8.960026372546239e-07
1201.0,8.962296548276868e-07
19241.0,8.963366707109656e-07
4972.0,8.968916163022099e-07
19610.0,8.969373620902834e-07
15909.0,8.971203043756633e-07
46.0,8.972000251932298e-07
14529.0,8.975053084032154e-07
6117.0,8.97515204489516e-07
10237.0,8.982218467721529e-07
13018.0,8.985203755366305e-07
14829.0,8.987922055515666e-07
19246.0,8.989920981279537e-07
10371.0,8.991688969166289e-07
2324.0,8.994465344342546e-07
3852.0,8.998124081140202e-07
5400.0,9.001925205269566e-07
11360.0,9.003423551409218e-07
6469.0,9.005158665618247e-07
6448.0,9.006307573529934e-07
10735.0,9.00722939051703e-07
10045.0,9.007388487818659e-07
15716.0,9.00951168821511e-07
13761.0,9.013044886357037e-07
14250.0,9.013711515281777e-07
10491.0,9.02867970634024e-07
18782.0,9.031066268096196e-07
4080.0,9.036239861420824e-07
9407.0,9.036992266512993e-07
15511.0,9.04106506725867e-07
8681.0,9.04515999521634e-07
13672.0,9.047204628392941e-07
14712.0,9.054021022850993e-07
1762.0,9.055261656649316e-07
19304.0,9.056082187991411e-07
10248.0,9.056208280443912e-07
1397.0,9.063444343858957e-07
8963.0,9.064215470501342e-07
2952.0,9.064807796047515e-07
8857.0,9.064944301215004e-07
8054.0,9.06592067394812e-07
11552.0,9.073167355226119e-07
19824.0,9.07549563492355e-07
19106.0,9.078684259909609e-07
15607.0,9.080992611142895e-07
5959.0,9.086270181095627e-07
927.0,9.086694004298993e-07
14256.0,9.089588054353822e-07
7142.0,9.094128990949146e-07
4888.0,9.097723555561301e-07
6695.0,9.102416215947071e-07
4167.0,9.105215180945703e-07
3389.0,9.108688334605983e-07
5595.0,9.112694162759386e-07
4799.0,9.118910783584171e-07
841.0,9.118975218968694e-07
1931.0,9.121716230950388e-07
15255.0,9.121722958536581e-07
9758.0,9.122508177286137e-07
232.0,9.125161100390974e-07
11727.0,9.126194667110667e-07
7991.0,9.127109025736144e-07
13619.0,9.132141694392985e-07
7023.0,9.137240120422932e-07
12891.0,9.139727333628976e-07
2436.0,9.140688213923107e-07
5282.0,9.142135177346196e-07
14662.0,9.14256842836593e-07
4822.0,9.143813008865268e-07
19039.0,9.144287793957873e-07
9542.0,9.14449720285708e-07
4668.0,9.148964233355379e-07
4944.0,9.149886509356773e-07
7979.0,9.152734300171384e-07
9491.0,9.156933518301341e-07
10550.0,9.158138824523447e-07
12023.0,9.162369247577407e-07
5368.0,9.175355717132082e-07
15437.0,9.190282512566867e-07
411.0,9.190440464601705e-07
4622.0,9.191945752208863e-07
15706.0,9.192577423611444e-07
13163.0,9.194995669769126e-07
15240.0,9.195148172282769e-07
2469.0,9.195228358424904e-07
17176.0,9.195437405061566e-07
11399.0,9.200436900281485e-07
13279.0,9.206646122508124e-07
9103.0,9.209482281621256e-07
5182.0,9.21031619373107e-07
3362.0,9.217965147315543e-07
10821.0,9.220231856507849e-07
8318.0,9.222572097890176e-07
492.0,9.23278237943615e-07
8795.0,9.235624776040744e-07
2528.0,9.239271721796201e-07
7799.0,9.243215699806223e-07
11539.0,9.244265846608748e-07
13809.0,9.253757385823616e-07
8051.0,9.264353085862823e-07
18228.0,9.265279118657805e-07
8700.0,9.272016636718497e-07
11251.0,9.272770738904946e-07
3327.0,9.273291996434116e-07
13416.0,9.278896034463856e-07
15807.0,9.28352441931955e-07
16618.0,9.287740786740895e-07
399.0,9.295256290886539e-07
13944.0,9.295727960743876e-07
10537.0,9.302444617328144e-07
5262.0,9.303169410325642e-07
2107.0,9.304452777148009e-07
5009.0,9.309975641140261e-07
8757.0,9.321310830597312e-07
14804.0,9.322060063002507e-07
12048.0,9.323534812587804e-07
17189.0,9.332086962641962e-07
12882.0,9.335723920448322e-07
3424.0,9.3384207491571e-07
4736.0,9.338858563006725e-07
10039.0,9.342532146917724e-07
4263.0,9.342831367559996e-07
13749.0,9.34431028175181e-07
9079.0,9.345170312554428e-07
15178.0,9.346749010170409e-07
17927.0,9.348231978089516e-07
2312.0,9.350726449475228e-07
1029.0,9.35371419196033e-07
1692.0,9.354038083615162e-07
18773.0,9.359588914943705e-07
3461.0,9.362910881914212e-07
5787.0,9.364057841005814e-07
2431.0,9.366574289595489e-07
3930.0,9.367448202048802e-07
9965.0,9.374463002077263e-07
9792.0,9.374564027348735e-07
19263.0,9.375779472983524e-07
6232.0,9.380278333524908e-07
15913.0,9.384753681163676e-07
1141.0,9.388405824543281e-07
13624.0,9.392398716387692e-07
823.0,9.40565767330414e-07
15147.0,9.408163425602002e-07
4193.0,9.412828433651221e-07
9539.0,9.413334208330958e-07
3264.0,9.414743584382191e-07
1760.0,9.416221895202663e-07
3503.0,9.423459961807142e-07
12756.0,9.425853682165517e-07
956.0,9.425997076828551e-07
18545.0,9.428758128239233e-07
3100.0,9.430567859627876e-07
16067.0,9.438975405193957e-07
7868.0,9.4409043466461e-07
1455.0,9.443225101283137e-07
4033.0,9.445335820018222e-07
2767.0,9.449997403740281e-07
8475.0,9.457029457175291e-07
13161.0,9.459905978466363e-07
777.0,9.460374397036626e-07
5170.0,9.46318435911372e-07
4731.0,9.468758906609185e-07
2608.0,9.471206426423093e-07
19024.0,9.473235951684717e-07
13468.0,9.484011417597815e-07
9405.0,9.492070001673783e-07
14855.0,9.492350893680708e-07
7164.0,9.504784018115096e-07
2122.0,9.505110245083306e-07
8092.0,9.50769734582868e-07
1778.0,9.509534144847914e-07
11764.0,9.513535388423688e-07
4198.0,9.514762221226317e-07
13064.0,9.518768711658326e-07
12931.0,9.518828543286112e-07
19877.0,9.525817129753677e-07
4954.0,9.52875797049841e-07
5038.0,9.531067934831752e-07
9462.0,9.537821028126959e-07
10624.0,9.539373624516825e-07
9988.0,9.545267653841999e-07
8186.0,9.545585605709662e-07
14357.0,9.546449643576114e-07
6766.0,9.548817887056868e-07
6006.0,9.549735071861045e-07
1607.0,9.551245986396156e-07
3359.0,9.555358843567105e-07
73.0,9.55776508291761e-07
18459.0,9.561853318650568e-07
15183.0,9.567352023558352e-07
12323.0,9.569740444146698e-07
8878.0,9.57169969903676e-07
1032.0,9.576833021112973e-07
1833.0,9.578062609028853e-07
3608.0,9.582143844044558e-07
6377.0,9.58596608223236e-07
4767.0,9.589019001237553e-07
13962.0,9.589621077220106e-07
6462.0,9.590903464709221e-07
19019.0,9.592606005941558e-07
3060.0,9.595191190317215e-07
3543.0,9.59567365184818e-07
11405.0,9.595688795809606e-07
17766.0,9.606621320130935e-07
4890.0,9.611190970506622e-07
2169.0,9.617799172140843e-07
17628.0,9.619372799279895e-07
10483.0,9.629421849591503e-07
9515.0,9.630938935433027e-07
13696.0,9.633957636510451e-07
7396.0,9.637116421628466e-07
955.0,9.641312776591442e-07
3468.0,9.643756574459518e-07
18741.0,9.645809799106345e-07
12331.0,9.64908914983988e-07
3322.0,9.65244890179556e-07
13115.0,9.652504086599234e-07
9233.0,9.655185878800965e-07
16889.0,9.664486042188205e-07
1233.0,9.67064247186253e-07
19617.0,9.674193129243944e-07
19009.0,9.67665209230746e-07
1492.0,9.677012709044834e-07
4548.0,9.681536108742402e-07
10589.0,9.686193241883733e-07
7120.0,9.693183157788909e-07
4995.0,9.700112303317412e-07
1065.0,9.705174704473538e-07
2219.0,9.705927008704143e-07
11359.0,9.71416880558511e-07
6559.0,9.714631655449713e-07
11526.0,9.72010414088875e-07
12924.0,9.72446911335481e-07
11650.0,9.737449354836335e-07
1061.0,9.741654634420933e-07
9112.0,9.748789746712312e-07
5115.0,9.753760700250123e-07
2276.0,9.753825330764956e-07
11111.0,9.754717743695007e-07
11267.0,9.759753681533715e-07
2109.0,9.763453152789515e-07
4895.0,9.766856206892174e-07
3314.0,9.770381299720038e-07
14953.0,9.77043426967911e-07
7726.0,9.77279275407576e-07
14211.0,9.77673737098985e-07
11018.0,9.77815478582761e-07
15411.0,9.783335738279092e-07
13625.0,9.783941330117676e-07
8361.0,9.78718672329697e-07
9466.0,9.793929573578058e-07
5915.0,9.798610172958545e-07
10114.0,9.800453595620051e-07
398.0,9.800784354594584e-07
4751.0,9.801184152111034e-07
6152.0,9.801612875576738e-07
16811.0,9.80450712255992e-07
13473.0,9.805383265183997e-07
15661.0,9.80561988949568e-07
3592.0,9.806587160971006e-07
13526.0,9.813064271768695e-07
13588.0,9.813679821246535e-07
12397.0,9.814897490202405e-07
9555.0,9.81645250144758e-07
4025.0,9.819146613486947e-07
12733.0,9.821384979209811e-07
18160.0,9.821889390717254e-07
8859.0,9.833297360954236e-07
19743.0,9.83718085713043e-07
222.0,9.838887408252096e-07
14345.0,9.84090112581813e-07
1820.0,9.84211941458458e-07
15729.0,9.842607047882146e-07
9724.0,9.844236174567744e-07
5054.0,9.845321896134378e-07
19230.0,9.847961667764594e-07
9197.0,9.853876271650143e-07
2906.0,9.85498925614892e-07
11556.0,9.858222082902037e-07
15527.0,9.872252836787853e-07
5788.0,9.874090697165277e-07
14709.0,9.874196596670297e-07
14931.0,9.874693003040275e-07
6029.0,9.876624729658648e-07
4584.0,9.879816206509712e-07
10471.0,9.880805156286012e-07
15186.0,9.896301087412472e-07
10283.0,9.897420093894599e-07
885.0,9.899181405739014e-07
1591.0,9.900829615295542e-07
9948.0,9.903258887642835e-07
17352.0,9.908136623005215e-07
1959.0,9.909844475737659e-07
16573.0,9.910819339657124e-07
6000.0,9.912786130909554e-07
15947.0,9.91359591261794e-07
3128.0,9.915978617574954e-07
17831.0,9.917804993433438e-07
9111.0,9.920327662904097e-07
13523.0,9.928774808021674e-07
19176.0,9.929032522246666e-07
3092.0,9.936635194757558e-07
12177.0,9.941137687942049e-07
15648.0,9.943981024665467e-07
17148.0,9.94413314445314e-07
18369.0,9.948467219802771e-07
14948.0,9.949078997075238e-07
4840.0,9.951451730436771e-07
2068.0,9.951496727708745e-07
9326.0,9.954989971913764e-07
15177.0,9.958694664425117e-07
523.0,9.960585490823045e-07
13907.0,9.961016150779407e-07
7337.0,9.963253180643085e-07
3102.0,9.9695732006678e-07
11887.0,9.970948539023514e-07
14182.0,9.974407969003881e-07
3070.0,9.978524560278847e-07
12899.0,9.979919419285778e-07
4724.0,9.980205930001038e-07
10805.0,9.987152120277661e-07
7537.0,9.998015787916126e-07
15628.0,1.000585201222832e-06
12010.0,1.0012445437386542e-06
19146.0,1.001459054340778e-06
9319.0,1.0017609236779312e-06
7091.0,1.0020321176913528e-06
3859.0,1.00329691030872e-06
6934.0,1.0037778956990156e-06
10409.0,1.0044429762531922e-06
8642.0,1.0044841175481855e-06
5644.0,1.0045687191236221e-06
6584.0,1.0049933589289249e-06
15000.0,1.0050184061174462e-06
5426.0,1.005429518032428e-06
5412.0,1.0063609640881038e-06
7827.0,1.0077884671114904e-06
4841.0,1.007835918590194e-06
466.0,1.0078454188676338e-06
3311.0,1.0079686251639101e-06
15794.0,1.0080407661921257e-06
15378.0,1.0084397612512317e-06
11440.0,1.008581030475136e-06
4305.0,1.0089020375748561e-06
6209.0,1.0089594885700553e-06
12465.0,1.0091632545473007e-06
2609.0,1.0099136737968554e-06
3183.0,1.0106334851321093e-06
11332.0,1.010747474505157e-06
4650.0,1.011318891363476e-06
7739.0,1.011763264459803e-06
4600.0,1.0120940389488656e-06
9631.0,1.0127236837018525e-06
15122.0,1.013871018241637e-06
95.0,1.014398678990319e-06
8316.0,1.0148999161497386e-06
6326.0,1.0153508446483836e-06
3526.0,1.0171809078618063e-06
24.0,1.017215713817633e-06
13299.0,1.0176924753602267e-06
8710.0,1.0178055713806536e-06
8305.0,1.0182775897583598e-06
8954.0,1.0189648728539045e-06
11131.0,1.019408973153093e-06
8884.0,1.020193330092813e-06
13246.0,1.0205028415599833e-06
19161.0,1.0208418588276571e-06
19287.0,1.0211442249465428e-06
1463.0,1.021257448567979e-06
4891.0,1.0217749875419083e-06
1119.0,1.021868699176976e-06
4623.0,1.0218971830991428e-06
10925.0,1.0223719060308857e-06
6520.0,1.0224267240683468e-06
19988.0,1.0229283235588079e-06
19838.0,1.0230396727733897e-06
9754.0,1.0230453995440173e-06
6817.0,1.0231297876319973e-06
8540.0,1.0234018983554545e-06
10382.0,1.0236374098079008e-06
19281.0,1.0240785717734137e-06
11306.0,1.024100640223699e-06
6685.0,1.0241792086679285e-06
4453.0,1.0245923699391995e-06
3010.0,1.024646095846275e-06
17233.0,1.0246634125010737e-06
7150.0,1.0250114483251924e-06
2162.0,1.0252624741869804e-06
7914.0,1.0253356779005124e-06
5160.0,1.0255751148285224e-06
1288.0,1.0256461422183516e-06
2280.0,1.0263292068431943e-06
8168.0,1.0267658795358367e-06
6144.0,1.0272304914125788e-06
9219.0,1.0283520960389356e-06
8328.0,1.0285542105407817e-06
5707.0,1.0289884423150766e-06
10976.0,1.0289920552482235e-06
13199.0,1.029299867026797e-06
8371.0,1.0297794974558553e-06
10620.0,1.0309514217880987e-06
15200.0,1.0309618746593441e-06
3020.0,1.031026581394012e-06
1901.0,1.0320897482685756e-06
10043.0,1.0329455627324537e-06
10835.0,1.0330158190964165e-06
12851.0,1.0344743240534855e-06
9367.0,1.0350943942014234e-06
4860.0,1.0353338505482815e-06
8534.0,1.035448677252115e-06
9134.0,1.0369105673904122e-06
11565.0,1.037800494810688e-06
8842.0,1.0384102370170138e-06
19041.0,1.038994536868115e-06
4467.0,1.0395887171111833e-06
15905.0,1.0398427823908256e-06
6595.0,1.0401936605503299e-06
7426.0,1.0402604417624944e-06
3579.0,1.0404508522730333e-06
7303.0,1.0408431291728205e-06
929.0,1.042303523597482e-06
1079.0,1.0426047195081715e-06
6854.0,1.0426319675679428e-06
4404.0,1.0433232108326894e-06
15288.0,1.0433578074194306e-06
1683.0,1.0438356538488716e-06
3861.0,1.0441149788969088e-06
11293.0,1.0441385155079849e-06
3802.0,1.0445386555513336e-06
7009.0,1.0451730741900307e-06
6693.0,1.0457626589216642e-06
16006.0,1.0463336133151563e-06
9425.0,1.0465325819722176e-06
8980.0,1.0473065685707954e-06
1293.0,1.0486711301423762e-06
6286.0,1.0487392072972076e-06
18328.0,1.0495413231671164e-06
3302.0,1.0496626539862757e-06
13275.0,1.0500494507039787e-06
14189.0,1.050185454354891e-06
18502.0,1.0505005196810346e-06
18195.0,1.0517104047270379e-06
17266.0,1.0517395689339118e-06
10369.0,1.0524015948639405e-06
115.0,1.052404264381855e-06
18081.0,1.0540274057299016e-06
1555.0,1.0540814976154742e-06
4165.0,1.0541538672175704e-06
3578.0,1.0543403454285497e-06
2488.0,1.0548665336583313e-06
14341.0,1.0549670037117223e-06
4800.0,1.0552572105495155e-06
3284.0,1.0561226890752864e-06
3707.0,1.0570129484996374e-06
2632.0,1.0575015453676242e-06
9406.0,1.0583454854971715e-06
3976.0,1.0583591266384183e-06
6470.0,1.0588591448798425e-06
13056.0,1.058926749432318e-06
16433.0,1.0590653347026036e-06
14228.0,1.0592365635441153e-06
13686.0,1.0594216480160963e-06
18927.0,1.0599669615677102e-06
11223.0,1.060836367067413e-06
6724.0,1.061272177513552e-06
6880.0,1.0617041322481356e-06
5441.0,1.0617556838778508e-06
2287.0,1.0622225536751297e-06
6332.0,1.0630350006717523e-06
4687.0,1.0631109881473285e-06
3450.0,1.0632396721341172e-06
11512.0,1.063718505140348e-06
9636.0,1.0641264259512728e-06
9481.0,1.0653333177291527e-06
5804.0,1.065340364793066e-06
14545.0,1.0657730837723311e-06
10939.0,1.0657804613676383e-06
19807.0,1.066472121957809e-06
12589.0,1.0665124377034691e-06
16189.0,1.0676025799690968e-06
14466.0,1.0676301401174937e-06
8075.0,1.0680955581932181e-06
4894.0,1.0685247818654966e-06
14682.0,1.0685266917108923e-06
6479.0,1.069585170474886e-06
6316.0,1.0697673478391781e-06
16017.0,1.070699784453021e-06
13734.0,1.0707992944635773e-06
12261.0,1.07082231897532e-06
835.0,1.0711919692956268e-06
2550.0,1.0713600088824955e-06
15657.0,1.0715208280228809e-06
3862.0,1.0716636701306482e-06
14531.0,1.0717896650094327e-06
15732.0,1.0721680559774707e-06
5177.0,1.072634082467616e-06
16659.0,1.072637537489912e-06
6620.0,1.073019211630292e-06
9832.0,1.073592546913233e-06
18995.0,1.0739476950530462e-06
4274.0,1.0746066447824293e-06
14508.0,1.0752574600095456e-06
15697.0,1.0754898152913115e-06
2260.0,1.0760197973971459e-06
11739.0,1.0760601921710094e-06
17531.0,1.0771808551887375e-06
8527.0,1.0772901311159545e-06
8941.0,1.0774966097469852e-06
821.0,1.078002265362128e-06
972.0,1.0782398449989259e-06
4420.0,1.0789635444190436e-06
14258.0,1.0789844614806336e-06
12827.0,1.079004406443949e-06
964.0,1.079015772412023e-06
1169.0,1.0793120139992605e-06
11066.0,1.0793166575012783e-06
13057.0,1.0801470362798093e-06
14199.0,1.0802176838119735e-06
14921.0,1.0805085535020338e-06
4027.0,1.0805194872295016e-06
1883.0,1.080768555246749e-06
6709.0,1.0810102489907848e-06
6523.0,1.0810705117289783e-06
13844.0,1.0811200252101963e-06
1991.0,1.0812686498878112e-06
2138.0,1.081418268420003e-06
3221.0,1.082631031239933e-06
9189.0,1.0827271874065551e-06
8868.0,1.0830304900139325e-06
1953.0,1.0831461247576005e-06
6476.0,1.0834696004740688e-06
13541.0,1.0835418360022065e-06
986.0,1.0835625566406098e-06
7873.0,1.083637959187611e-06
19574.0,1.0838019540545182e-06
10425.0,1.084368042408394e-06
15455.0,1.0845129590279066e-06
17081.0,1.0848158242659787e-06
8984.0,1.084849303506943e-06
7828.0,1.0853417161699645e-06
1906.0,1.0855570489222671e-06
14222.0,1.0857275755772142e-06
12163.0,1.0860497352300753e-06
4282.0,1.086279000731702e-06
14845.0,1.0863131627831935e-06
5132.0,1.0875249361665917e-06
4016.0,1.0882541410612432e-06
19031.0,1.0884093135209052e-06
9.0,1.088597023150549e-06
12600.0,1.0888339460997936e-06
16162.0,1.0889927407824833e-06
10688.0,1.0891976234290993e-06
10538.0,1.0893242912719935e-06
14716.0,1.0897177280712055e-06
7169.0,1.0900105529515546e-06
7319.0,1.0901136497380355e-06
6204.0,1.0903405742067988e-06
19087.0,1.0904052098503318e-06
4383.0,1.090493531624932e-06
8117.0,1.0909678877733401e-06
8152.0,1.091121639377826e-06
2621.0,1.0913335513990521e-06
9881.0,1.0914167251326374e-06
2306.0,1.0914506425477446e-06
15009.0,1.0917038171889523e-06
7371.0,1.0917602893303781e-06
4616.0,1.0920963515682773e-06
6705.0,1.0921916147504491e-06
760.0,1.0922280449798763e-06
8339.0,1.0923258988230014e-06
2275.0,1.093127528493936e-06
9256.0,1.0931725524967926e-06
8011.0,1.0932217707652883e-06
6071.0,1.0940029240317852e-06
7753.0,1.0945397789285043e-06
2117.0,1.0949347911716476e-06
19413.0,1.0953713024943496e-06
18528.0,1.0954853914532081e-06
19688.0,1.0975593616455922e-06
4912.0,1.0978506285658224e-06
9193.0,1.0978857050327065e-06
9323.0,1.0985163916222905e-06
10869.0,1.0986377815542036e-06
4941.0,1.0987035634406082e-06
18795.0,1.098972067121645e-06
8495.0,1.0990957955777248e-06
2578.0,1.0992261345332506e-06
6519.0,1.099376754403296e-06
6299.0,1.1014001453639135e-06
18272.0,1.1016778181659623e-06
3730.0,1.1020386865863295e-06
7410.0,1.102210649636668e-06
13975.0,1.1030557057420557e-06
4018.0,1.103158853498731e-06
2307.0,1.103821020009916e-06
3472.0,1.1049179297696956e-06
15999.0,1.1049713320464316e-06
5879.0,1.105131886729166e-06
9739.0,1.1051886125828046e-06
2374.0,1.105438591744721e-06
3479.0,1.1059377959442775e-06
14163.0,1.1062001408452571e-06
18465.0,1.1064306457368653e-06
12036.0,1.106749221893087e-06
14012.0,1.1067688992735839e-06
11290.0,1.1072706859487235e-06
15311.0,1.1075421389999857e-06
9930.0,1.1075447511603774e-06
16991.0,1.1087573372585176e-06
16862.0,1.109385212576023e-06
8897.0,1.109445163311212e-06
2623.0,1.1101240111863355e-06
7741.0,1.1101481692262282e-06
7623.0,1.1108416269160325e-06
14018.0,1.1109295813507613e-06
501.0,1.1111843623365275e-06
8635.0,1.1113091920501943e-06
9477.0,1.111329079167947e-06
12949.0,1.1115923007596965e-06
6157.0,1.1125869180825636e-06
5141.0,1.1128547349802576e-06
12467.0,1.113418264575573e-06
12668.0,1.113525174357281e-06
114.0,1.1135645010773903e-06
1933.0,1.1137924493081532e-06
8243.0,1.1138337377599975e-06
17915.0,1.1138765761150222e-06
13568.0,1.1139205356259591e-06
4765.0,1.1143029528540663e-06
3346.0,1.1143564957376447e-06
3453.0,1.1146347524493782e-06
16332.0,1.1154324895660318e-06
19040.0,1.1158984259571757e-06
7230.0,1.1160953107869244e-06
7937.0,1.1168461523964192e-06
12829.0,1.1170039813510382e-06
6173.0,1.1170131926746523e-06
9059.0,1.118383687277903e-06
15347.0,1.1185097743105937e-06
19093.0,1.1185647049225748e-06
18121.0,1.1193135581636346e-06
14364.0,1.1194837525918916e-06
263.0,1.1196644128972272e-06
3287.0,1.119923381410258e-06
11126.0,1.120310307552698e-06
3373.0,1.12114249091414e-06
13356.0,1.1226175628197759e-06
9796.0,1.123130106089613e-06
10622.0,1.1247407275550703e-06
7270.0,1.1256763963025642e-06
6799.0,1.1260770727787407e-06
8032.0,1.1263648486815976e-06
14675.0,1.1273660178278236e-06
15273.0,1.1276607143665925e-06
15606.0,1.1280362338024763e-06
10146.0,1.1283836289929833e-06
6427.0,1.1289688793572994e-06
17993.0,1.1290055851494242e-06
1853.0,1.1294045220033594e-06
7435.0,1.1294862273192906e-06
9086.0,1.129749780786684e-06
15004.0,1.1297787625180354e-06
14781.0,1.1299910078105282e-06
3178.0,1.1306463802336717e-06
7926.0,1.1309235041279098e-06
4455.0,1.1310605567476507e-06
4703.0,1.1314906823603386e-06
13126.0,1.1319056088459745e-06
8562.0,1.1322825073026029e-06
4730.0,1.132496714266896e-06
5790.0,1.1325178911197914e-06
9182.0,1.1325481097923634e-06
13313.0,1.1329715927463498e-06
17366.0,1.1330058445886074e-06
17652.0,1.133045453995083e-06
6058.0,1.133364472940421e-06
11502.0,1.1335833449832293e-06
11164.0,1.1336073140147154e-06
12511.0,1.133647462354153e-06
18092.0,1.133958537483802e-06
6525.0,1.1343187671028475e-06
17812.0,1.1343760279680048e-06
474.0,1.1344221323112326e-06
14618.0,1.1345195911503343e-06
11531.0,1.1351409648783343e-06
18060.0,1.135233283322378e-06
14481.0,1.1352599321120532e-06
15356.0,1.1353922639139932e-06
13778.0,1.1361197180042978e-06
13223.0,1.13643501943041e-06
3488.0,1.139080962769456e-06
319.0,1.1396556920311342e-06
3836.0,1.1403808881666536e-06
19033.0,1.140395977518993e-06
15645.0,1.1408554442059e-06
13417.0,1.1409407601346486e-06
15396.0,1.1416117828990687e-06
1289.0,1.1424629587841377e-06
558.0,1.1438313326146049e-06
18298.0,1.144085474850422e-06
10230.0,1.144307194776858e-06
18530.0,1.1444738717479697e-06
15503.0,1.1446604853600336e-06
3591.0,1.1447631036106217e-06
13117.0,1.1447659283936978e-06
2685.0,1.1448174369646009e-06
11441.0,1.1449219025572383e-06
1425.0,1.145218637535616e-06
4205.0,1.1453026251655134e-06
2053.0,1.1454938398543783e-06
875.0,1.1455300278619338e-06
6975.0,1.1459379659511808e-06
10337.0,1.1463544807667122e-06
11608.0,1.1463723290424375e-06
7725.0,1.146747221210151e-06
9740.0,1.147020909338261e-06
5931.0,1.147350748460467e-06
16058.0,1.1473858680204116e-06
6388.0,1.1474001354366247e-06
18451.0,1.147447204540406e-06
14431.0,1.147930121532399e-06
4614.0,1.1481051095734494e-06
15091.0,1.1484713785312259e-06
3619.0,1.1489382632436868e-06
5080.0,1.1491283597476891e-06
4615.0,1.1498010161868979e-06
1436.0,1.1500321568402819e-06
3134.0,1.150772812536316e-06
18794.0,1.1509899579969645e-06
17307.0,1.151399988364319e-06
17657.0,1.151807270647909e-06
18796.0,1.1520124101575916e-06
6796.0,1.1525356963912592e-06
5546.0,1.1528690637931076e-06
12736.0,1.1529072113918724e-06
2451.0,1.1529697133167231e-06
10725.0,1.1535922038425255e-06
8889.0,1.153716949947264e-06
15608.0,1.153739508072737e-06
13700.0,1.1547963564412271e-06
14624.0,1.154960228724517e-06
18453.0,1.1554780450420612e-06
6938.0,1.1554828790422911e-06
13206.0,1.1568598038784874e-06
11428.0,1.156894802156254e-06
8300.0,1.1571063154575043e-06
19458.0,1.1574432155142291e-06
4332.0,1.1578131465088087e-06
5099.0,1.1578519483891762e-06
344.0,1.1589891896317598e-06
6767.0,1.1596983496604874e-06
974.0,1.1598158798395329e-06
19634.0,1.1604755398637915e-06
19638.0,1.1605187942856112e-06
2940.0,1.1612563406285402e-06
11816.0,1.1617565228085356e-06
2640.0,1.1617758629535128e-06
10848.0,1.161814208011479e-06
15369.0,1.1619300667996754e-06
13335.0,1.162684085565563e-06
6835.0,1.1628159355180767e-06
3208.0,1.1636246583598448e-06
5108.0,1.1638021383664964e-06
18304.0,1.1641302656076722e-06
9862.0,1.1646163460652563e-06
8136.0,1.16604048526986e-06
9699.0,1.1662208333581385e-06
2977.0,1.1667218198620157e-06
7273.0,1.166795173215408e-06
10134.0,1.166889114306253e-06
9170.0,1.1668927883899338e-06
2030.0,1.166914011940535e-06
1490.0,1.1673816104754574e-06
15698.0,1.1678499499918295e-06
6273.0,1.1683726828825174e-06
14142.0,1.1692242244035995e-06
19016.0,1.1693513637443383e-06
15462.0,1.170056256952173e-06
1766.0,1.17064748213978e-06
8129.0,1.1709301323058985e-06
10127.0,1.1710174917772685e-06
3317.0,1.171384458529251e-06
18617.0,1.1715587556172153e-06
13193.0,1.172253299709359e-06
12867.0,1.172854895109677e-06
6808.0,1.17318544481787e-06
6571.0,1.173262723047479e-06
4358.0,1.1743137250242114e-06
19478.0,1.1743454829058983e-06
1949.0,1.174503446859183e-06
3007.0,1.1749413343257631e-06
715.0,1.175217908010751e-06
15877.0,1.1756400920852693e-06
2773.0,1.1757916089896395e-06
209.0,1.1759779714238727e-06
12577.0,1.176154428276434e-06
8695.0,1.1764345872304163e-06
1756.0,1.1764681095815655e-06
14433.0,1.176739469108985e-06
6729.0,1.1768669295542432e-06
990.0,1.1770028100821257e-06
11918.0,1.1770961644206679e-06
14123.0,1.178126509161364e-06
16049.0,1.1787391622940763e-06
3205.0,1.1790191993922198e-06
2823.0,1.179019556654497e-06
4472.0,1.1795212050516858e-06
9810.0,1.180145331538358e-06
3166.0,1.1806729941792648e-06
10001.0,1.1811050942555336e-06
9662.0,1.1814555516818974e-06
13149.0,1.1819750914649961e-06
4459.0,1.1820670432969474e-06
13001.0,1.1823859397528507e-06
3980.0,1.1824997849486593e-06
8134.0,1.1830488806548084e-06
9347.0,1.1831139791142143e-06
1954.0,1.1832374009699763e-06
19134.0,1.1840169936991615e-06
10504.0,1.1846882921547107e-06
6658.0,1.1850688878126961e-06
13953.0,1.1853869999372261e-06
12673.0,1.1859964941422615e-06
13087.0,1.186369227315967e-06
15023.0,1.1867230392969192e-06
18215.0,1.187420653955845e-06
4859.0,1.1882586517552793e-06
3394.0,1.1883108053521525e-06
6460.0,1.1885761916573942e-06
5186.0,1.1890759431893346e-06
17743.0,1.1896807581626995e-06
1504.0,1.190170441698451e-06
15389.0,1.1901897864840874e-06
6692.0,1.190360951820487e-06
5557.0,1.1907882103361896e-06
9589.0,1.1909681079722707e-06
10732.0,1.191058421069231e-06
12343.0,1.191200556923435e-06
18203.0,1.1912872507427306e-06
19611.0,1.1920705771563903e-06
9076.0,1.1927450057110184e-06
9194.0,1.192901638788259e-06
14622.0,1.1933909387589555e-06
7898.0,1.193417507749838e-06
5163.0,1.1935044319410557e-06
11322.0,1.1954376621416354e-06
13699.0,1.1955966063700024e-06
3694.0,1.1961929638957292e-06
1748.0,1.1964385596380446e-06
1829.0,1.1965016257369345e-06
13154.0,1.197186998952835e-06
2001.0,1.19728506336374e-06
1772.0,1.1975820984951725e-06
13614.0,1.1978516424716283e-06
8706.0,1.1980983970944785e-06
6774.0,1.1982587314400746e-06
822.0,1.198381294568357e-06
4858.0,1.1985293201128696e-06
14919.0,1.1989262914591825e-06
2166.0,1.1996332634426895e-06
9643.0,1.1997115594065782e-06
14196.0,1.1998232110174859e-06
18983.0,1.200391916095354e-06
2535.0,1.2005860424811945e-06
18881.0,1.2016659009856578e-06
1737.0,1.2018291621146535e-06
1721.0,1.2019512742855746e-06
13654.0,1.2019560047014919e-06
6369.0,1.2020573296379784e-06
19614.0,1.2022063815901804e-06
19897.0,1.2024722217895847e-06
585.0,1.202645827907338e-06
3344.0,1.204381608693149e-06
1475.0,1.2043922666181805e-06
5012.0,1.2044878948627045e-06
9198.0,1.2045889846838643e-06
14210.0,1.2055836740568215e-06
11507.0,1.2071355671470504e-06
7779.0,1.2087452551121896e-06
50.0,1.2087528375386682e-06
5650.0,1.209641154393269e-06
12773.0,1.2098822122385356e-06
9836.0,1.2101613541774547e-06
7890.0,1.2113985834013886e-06
4448.0,1.2114587894499035e-06
2106.0,1.2115830671477163e-06
14200.0,1.2118141388076807e-06
4957.0,1.212038690495306e-06
892.0,1.2123960877195665e-06
18102.0,1.2132550439612307e-06
15440.0,1.2135641905030425e-06
1136.0,1.2139078978163217e-06
8411.0,1.2139372259960152e-06
11779.0,1.214194112077356e-06
11020.0,1.2142538384854668e-06
434.0,1.214739678955888e-06
9191.0,1.2154742558162136e-06
7513.0,1.2157607632350653e-06
11240.0,1.2160756664806142e-06
11426.0,1.2161470389146004e-06
17555.0,1.2162194973056967e-06
15580.0,1.2164587767595229e-06
3242.0,1.2166873943069403e-06
18852.0,1.2171694002826955e-06
2732.0,1.217422793608556e-06
18339.0,1.2178481238703435e-06
19773.0,1.2178515458942973e-06
7491.0,1.217873612452358e-06
15399.0,1.2179726695105829e-06
905.0,1.2180818597910915e-06
1437.0,1.218207004119204e-06
7340.0,1.2182134278792004e-06
1807.0,1.2189880616699602e-06
3674.0,1.219232286251541e-06
10346.0,1.2194984184528792e-06
15601.0,1.2201313347851218e-06
9399.0,1.2202003811356754e-06
6037.0,1.220235551905553e-06
14453.0,1.2205282950435123e-06
19415.0,1.2208176302764244e-06
17274.0,1.2210201156286037e-06
11167.0,1.2215024390871092e-06
7308.0,1.2222410701884539e-06
2613.0,1.2224899937630369e-06
7451.0,1.2225154384214671e-06
12952.0,1.2227787987107103e-06
3052.0,1.2231157412697108e-06
13997.0,1.2232611100195927e-06
15402.0,1.2232870326316928e-06
4112.0,1.22368991808743e-06
2397.0,1.2245345521667995e-06
13266.0,1.2246284914596028e-06
9843.0,1.2250795981698435e-06
4339.0,1.2251338773342776e-06
128.0,1.2254196766244657e-06
8704.0,1.2258434461092027e-06
9827.0,1.2259334436926964e-06
17269.0,1.2265859661430592e-06
19727.0,1.2266767977866158e-06
1567.0,1.226819805083021e-06
19163.0,1.2269350086905942e-06
8199.0,1.2274121369908361e-06
12648.0,1.2280204542150528e-06
5645.0,1.2282470164897685e-06
15425.0,1.2283603264086329e-06
1976.0,1.2293898859703075e-06
5551.0,1.229812599465292e-06
10221.0,1.231456990786587e-06
18280.0,1.2318755689317582e-06
16340.0,1.2339474889458915e-06
565.0,1.2339560139998889e-06
14094.0,1.2367458744443212e-06
19882.0,1.2381169026805924e-06
971.0,1.23878359264456e-06
7162.0,1.2390668008285657e-06
4661.0,1.2393142686574062e-06
4881.0,1.2397405078634023e-06
11762.0,1.240161334759099e-06
3717.0,1.2420330920710825e-06
16494.0,1.2422940967376405e-06
4187.0,1.2426108980642565e-06
9229.0,1.2431702287275873e-06
10344.0,1.2435194719707983e-06
4405.0,1.2435484798764962e-06
18967.0,1.2437662441202717e-06
5519.0,1.2438375378599764e-06
3715.0,1.244384445032865e-06
18288.0,1.2445179302698426e-06
18.0,1.2449857575755742e-06
12074.0,1.2456063042301865e-06
7054.0,1.246073380716613e-06
9176.0,1.2462159175426257e-06
17863.0,1.2463991330789356e-06
9311.0,1.2466606498619513e-06
789.0,1.2467515704486256e-06
865.0,1.2471447333205014e-06
2974.0,1.2473313808128037e-06
15142.0,1.247379373716041e-06
8173.0,1.2476137158421877e-06
18535.0,1.247821480398226e-06
1163.0,1.247974558131019e-06
4000.0,1.248371071199373e-06
6226.0,1.2491142537173263e-06
10325.0,1.2496768144165933e-06
1205.0,1.250139666661461e-06
15206.0,1.2502925816201291e-06
18657.0,1.2505502735665302e-06
14776.0,1.2507510666705796e-06
9162.0,1.2508040241204192e-06
5392.0,1.251046087687336e-06
2790.0,1.2534248278687368e-06
8933.0,1.2549127060164707e-06
8070.0,1.2550249870018257e-06
10595.0,1.2553622423772305e-06
991.0,1.2560307180446735e-06
8346.0,1.2561276978512803e-06
6754.0,1.256899056680754e-06
11708.0,1.2574990827333572e-06
16010.0,1.2575717933811088e-06
16853.0,1.2578662312416456e-06
19121.0,1.2582697394276389e-06
8713.0,1.2586399901225529e-06
11437.0,1.2589755219810303e-06
13277.0,1.2592608547565174e-06
6538.0,1.2597319471514314e-06
15362.0,1.261088275285654e-06
15161.0,1.261538176289223e-06
16143.0,1.2616091524605565e-06
18326.0,1.2628051206656217e-06
6423.0,1.2628691535799692e-06
3780.0,1.263529728841582e-06
7566.0,1.2644577261081723e-06
5401.0,1.2653824947258873e-06
4317.0,1.266254286483477e-06
18171.0,1.2665591656649832e-06
9745.0,1.2666060632441707e-06
16906.0,1.2679863352458613e-06
13576.0,1.2683148677056486e-06
13677.0,1.2684158299086749e-06
3849.0,1.2686833526553473e-06
6669.0,1.2687277700503864e-06
6821.0,1.2689083234921245e-06
6024.0,1.2709726073782742e-06
6546.0,1.2712915143826875e-06
3459.0,1.2719091391856712e-06
9325.0,1.2722409096869597e-06
7621.0,1.2733126973826344e-06
1030.0,1.2736618542770445e-06
7595.0,1.2736721012725423e-06
2285.0,1.274570386606018e-06
11635.0,1.2751289011811386e-06
10412.0,1.275795998821041e-06
3801.0,1.2758746522184486e-06
1923.0,1.2759560607034202e-06
1788.0,1.2766752876067013e-06
6466.0,1.276916927537925e-06
9577.0,1.2782302494057362e-06
10733.0,1.279023366480532e-06
736.0,1.2796436607671819e-06
78.0,1.2798882445289504e-06
4714.0,1.2799153333678688e-06
13283.0,1.2801643538483245e-06
16013.0,1.2802566039411064e-06
7098.0,1.2804657136890233e-06
13148.0,1.2812661216592791e-06
13670.0,1.281305988314116e-06
18172.0,1.2816266947384927e-06
4414.0,1.2819223980948608e-06
10208.0,1.2822920190985298e-06
6840.0,1.2824120663215734e-06
13470.0,1.2827415407410358e-06
17.0,1.2837011116585596e-06
20086.0,1.2837552473820956e-06
9765.0,1.284038039054077e-06
16463.0,1.2840748040531386e-06
10594.0,1.2842212215834828e-06
7601.0,1.2858073602228244e-06
15841.0,1.286295838394388e-06
13228.0,1.2864339616108276e-06
3538.0,1.2867882875062787e-06
4816.0,1.2867921190727057e-06
2075.0,1.2877512248112164e-06
2063.0,1.28790761352606e-06
18006.0,1.2889421097218836e-06
15349.0,1.2893549629030307e-06
6043.0,1.2895296981480136e-06
14385.0,1.28955181845039e-06
7390.0,1.2909516606436197e-06
4402.0,1.2913826940360706e-06
7306.0,1.2919335014263216e-06
13755.0,1.2924682173386657e-06
5612.0,1.2932888889536813e-06
14955.0,1.2933526761528196e-06
5755.0,1.2942884342287258e-06
7608.0,1.2946061651855897e-06
19466.0,1.2949069806563917e-06
14083.0,1.2956290878679816e-06
16714.0,1.296366816343949e-06
13978.0,1.2963888638427702e-06
7892.0,1.2971303647638487e-06
530.0,1.297181962911465e-06
13073.0,1.2976678950734388e-06
14853.0,1.2978219494681075e-06
3043.0,1.2980079584501992e-06
134.0,1.2982953085768371e-06
7192.0,1.2983620058889622e-06
4747.0,1.2984281897061311e-06
1640.0,1.2990685031210255e-06
10746.0,1.29938835695695e-06
7735.0,1.2997459169382113e-06
4871.0,1.3002759756406121e-06
14626.0,1.300491959523664e-06
1524.0,1.3017449865368364e-06
17313.0,1.3030049730835511e-06
14603.0,1.3031080651865622e-06
14591.0,1.3035061342714378e-06
582.0,1.3049687366396455e-06
17299.0,1.3051498657200775e-06
1624.0,1.3063374364036577e-06
16249.0,1.3064214742759708e-06
695.0,1.3068075542686598e-06
4060.0,1.3072655371860637e-06
9387.0,1.307326764393699e-06
9732.0,1.3076716438330852e-06
14543.0,1.3081245328048362e-06
9712.0,1.3082058253246956e-06
3333.0,1.3083474975153783e-06
14268.0,1.3089125339379383e-06
5107.0,1.3090205106688896e-06
11653.0,1.3104177844198216e-06
17008.0,1.3111065677840402e-06
19718.0,1.311166811274628e-06
1034.0,1.3112139461439162e-06
12005.0,1.3115074381233351e-06
12094.0,1.3123631830286948e-06
4023.0,1.3125629409745865e-06
19014.0,1.3127896327254118e-06
9416.0,1.3129653406252063e-06
14275.0,1.313007352206517e-06
4150.0,1.3131080868888013e-06
10358.0,1.313690166235752e-06
7084.0,1.3145238097952298e-06
14197.0,1.3150154398649847e-06
4540.0,1.3154185638608896e-06
14854.0,1.3156406323847551e-06
11222.0,1.3164759942297155e-06
6486.0,1.3170333796690445e-06
15928.0,1.3174801677491115e-06
11254.0,1.317848570322825e-06
2333.0,1.3179647813473445e-06
57.0,1.318575278183111e-06
19589.0,1.3186245737502654e-06
15887.0,1.3194382585186327e-06
13192.0,1.319654018040358e-06
7902.0,1.3196891855823232e-06
8097.0,1.3197672700879736e-06
10668.0,1.3200346321753599e-06
5334.0,1.320240164676972e-06
17133.0,1.3209370476186425e-06
3397.0,1.3210874434784078e-06
3329.0,1.321340434608079e-06
3353.0,1.321556043488178e-06
18943.0,1.3232807036529539e-06
3879.0,1.3234664179360495e-06
3301.0,1.3254729505883237e-06
13213.0,1.325857538292218e-06
15355.0,1.3260497128184274e-06
4479.0,1.3270122561296695e-06
7167.0,1.3275108132654753e-06
10223.0,1.3284096341413203e-06
14823.0,1.3287498679638494e-06
18614.0,1.3288667279700304e-06
6633.0,1.32921618185808e-06
1865.0,1.3293342990377291e-06
6507.0,1.3298583902716848e-06
11265.0,1.3300242275317462e-06
18803.0,1.330600298209416e-06
845.0,1.331565301061578e-06
18155.0,1.3325075616516967e-06
13500.0,1.3328818432216531e-06
19462.0,1.333250567250932e-06
18247.0,1.333627443052238e-06
785.0,1.3337302278014659e-06
15963.0,1.33380080193929e-06
1714.0,1.3339798364897815e-06
1869.0,1.334073795809342e-06
5569.0,1.3343571647725033e-06
500.0,1.3350661916862278e-06
2085.0,1.3356462049208555e-06
3193.0,1.3357022760048516e-06
248.0,1.3360668126866702e-06
8977.0,1.3361957063250937e-06
18716.0,1.3362440408133989e-06
11348.0,1.3374563223661254e-06
17039.0,1.337739725714689e-06
9999.0,1.3377409019762912e-06
8632.0,1.3377577448214777e-06
757.0,1.33801691132456e-06
18212.0,1.339939575077608e-06
8968.0,1.3406987125849967e-06
4056.0,1.34122430992698e-06
14183.0,1.3414624351494933e-06
13736.0,1.342210482277192e-06
12858.0,1.342405152365085e-06
18625.0,1.3424053596535798e-06
8793.0,1.3429733300260189e-06
14621.0,1.3432701758408096e-06
11562.0,1.3456727845859893e-06
18592.0,1.3462170032759069e-06
15001.0,1.34662842237343e-06
16822.0,1.3467024255133214e-06
7016.0,1.346866027970522e-06
15042.0,1.3469639765875564e-06
13120.0,1.3485950627188093e-06
14837.0,1.3499209071148995e-06
13785.0,1.3505231787500503e-06
10324.0,1.350526080146817e-06
1902.0,1.3506630604082319e-06
10139.0,1.3508728522217732e-06
6986.0,1.3509629716354192e-06
7456.0,1.3517288588705976e-06
4695.0,1.3519117082742926e-06
13643.0,1.3523050818338174e-06
1149.0,1.3525134917925582e-06
12006.0,1.3525968587642283e-06
6186.0,1.3531672062159808e-06
8292.0,1.3546324247173956e-06
17252.0,1.3551378087597804e-06
11076.0,1.3555444286192084e-06
19753.0,1.3562888673602363e-06
15031.0,1.356898956502944e-06
7252.0,1.356958114644331e-06
16085.0,1.3576696149781429e-06
3232.0,1.3577120933224558e-06
2097.0,1.357816535934411e-06
8541.0,1.3580240564705359e-06
11483.0,1.3581047974026465e-06
3786.0,1.3587072546898597e-06
6789.0,1.359156613087325e-06
18080.0,1.3597098006049976e-06
9614.0,1.3599208295310013e-06
11577.0,1.3603000793806366e-06
17790.0,1.3612744371771151e-06
11374.0,1.3618059645454706e-06
1636.0,1.3621582139598929e-06
14958.0,1.3624824286799653e-06
1352.0,1.3631680921682553e-06
13566.0,1.3632257543733918e-06
8263.0,1.3635689035660384e-06
18116.0,1.3641803334397695e-06
19137.0,1.3647169840704162e-06
7901.0,1.365169563085505e-06
2172.0,1.3652693604658977e-06
1469.0,1.3655668539095377e-06
19022.0,1.3656422998749593e-06
17675.0,1.3658457048996617e-06
9663.0,1.3661099324956108e-06
7249.0,1.3662385159376333e-06
18539.0,1.3664066215040616e-06
3422.0,1.3664188363103868e-06
15557.0,1.3668858762366369e-06
15158.0,1.367375350583107e-06
5396.0,1.3679871890232314e-06
13665.0,1.3680115382377422e-06
18273.0,1.3681463266438011e-06
9280.0,1.3683634273246551e-06
756.0,1.3688227676178093e-06
7128.0,1.3696156894766746e-06
8253.0,1.3701984372669454e-06
10764.0,1.3705282970238178e-06
5561.0,1.3707553902002433e-06
18178.0,1.370828894280883e-06
4385.0,1.3710786504257231e-06
2179.0,1.3716193117162887e-06
3369.0,1.3718002648712065e-06
5891.0,1.3718691877219976e-06
1895.0,1.372943855212255e-06
1305.0,1.3731968650758056e-06
19546.0,1.373355383134097e-06
4427.0,1.3734020002787508e-06
19379.0,1.3734176899628869e-06
12091.0,1.3738987584655088e-06
7254.0,1.3741205015781176e-06
2939.0,1.3756968613977103e-06
19401.0,1.375711330237378e-06
1783.0,1.375959495971732e-06
17350.0,1.3759894926803663e-06
17206.0,1.377711821607324e-06
5022.0,1.3777427626130872e-06
15789.0,1.3790362621354491e-06
8674.0,1.3790751419052605e-06
5683.0,1.379124345917856e-06
10965.0,1.3792782254572732e-06
498.0,1.3797616035784052e-06
1465.0,1.3803809434646452e-06
8501.0,1.3804140247048504e-06
8171.0,1.3806949368840885e-06
3754.0,1.3810066434345275e-06
9708.0,1.3814558753183704e-06
19207.0,1.3820129074768001e-06
18675.0,1.382512903807805e-06
19477.0,1.3825784537639847e-06
4220.0,1.3829412262160802e-06
4143.0,1.3831272140583417e-06
2244.0,1.3841292873197512e-06
3657.0,1.3847944304714568e-06
3724.0,1.3857070279495677e-06
445.0,1.3867160281571584e-06
7103.0,1.3867392952161327e-06
10435.0,1.3868198137647625e-06
9161.0,1.3872383735014139e-06
4910.0,1.3876256009271067e-06
7733.0,1.3880854871484602e-06
11009.0,1.388317885369169e-06
8331.0,1.388501441514467e-06
8717.0,1.3888900791526428e-06
16406.0,1.3891211417453408e-06
2093.0,1.3894287999198007e-06
659.0,1.3898405272101929e-06
17385.0,1.3899578023498996e-06
11826.0,1.391085551800087e-06
6618.0,1.3914130887784984e-06
6712.0,1.392914592407394e-06
10579.0,1.3938503086317446e-06
14104.0,1.39452772440109e-06
94.0,1.3949968184612817e-06
18680.0,1.395379538933363e-06
8500.0,1.395503255316879e-06
1773.0,1.3960249461312305e-06
8908.0,1.3962388549545623e-06
953.0,1.3965977620712997e-06
9267.0,1.3972140001133983e-06
204.0,1.3972318961228435e-06
1794.0,1.3973402084197047e-06
4643.0,1.3974386212139863e-06
13058.0,1.397465501248918e-06
6661.0,1.3976899812546238e-06
4572.0,1.3977299277425015e-06
15980.0,1.3996093065155875e-06
19259.0,1.3999972799058735e-06
5532.0,1.4000737814500665e-06
74.0,1.4005122847800969e-06
3129.0,1.400698094659064e-06
13816.0,1.4008157736645701e-06
14707.0,1.4009979861249193e-06
14798.0,1.4011572530760429e-06
3896.0,1.4011678000533539e-06
2168.0,1.4013096977355606e-06
8722.0,1.4015106425258128e-06
7255.0,1.4018388706713632e-06
17013.0,1.4025987456668639e-06
15360.0,1.4031667227091806e-06
965.0,1.4036128935986717e-06
11911.0,1.4044764724508242e-06
6687.0,1.404715721783175e-06
8833.0,1.4051547168432975e-06
15534.0,1.4059903542081451e-06
9264.0,1.4060360601481949e-06
5933.0,1.406538053923463e-06
5321.0,1.4069654966271083e-06
13211.0,1.4081928993575084e-06
6335.0,1.4083561925772632e-06
10000.0,1.4084155938481045e-06
18908.0,1.4084873151449455e-06
6415.0,1.408556674354714e-06
7878.0,1.4091243167472657e-06
12014.0,1.409474384546606e-06
6139.0,1.4098937734372359e-06
13493.0,1.4107988092776527e-06
10899.0,1.4114761110768553e-06
14429.0,1.4120189386649019e-06
346.0,1.413416582076035e-06
5655.0,1.414044478636116e-06
9830.0,1.4143446500827138e-06
9318.0,1.414408399591478e-06
18811.0,1.4144559203204647e-06
6582.0,1.4144676736037944e-06
2403.0,1.4145834844099703e-06
8307.0,1.4150148491129662e-06
5354.0,1.415163963962371e-06
10877.0,1.4154513482946071e-06
14051.0,1.4155775106224246e-06
17281.0,1.415817621721801e-06
10480.0,1.4160253027117215e-06
5307.0,1.416577137057636e-06
18508.0,1.4165863193300372e-06
16717.0,1.4165982107286378e-06
85.0,1.4166052795231664e-06
2905.0,1.417279748901898e-06
13137.0,1.4173038586344099e-06
10791.0,1.417445874370882e-06
16597.0,1.4178339802254514e-06
2948.0,1.4180886699477703e-06
626.0,1.418479499158753e-06
995.0,1.418644610472416e-06
12092.0,1.41874662624212e-06
4114.0,1.4194627536044647e-06
17150.0,1.4200820195826387e-06
12276.0,1.4200887713995812e-06
5918.0,1.4208418107209102e-06
7714.0,1.421018874506649e-06
11013.0,1.4210936155541955e-06
19869.0,1.4215596212983674e-06
16556.0,1.4216691269125383e-06
13178.0,1.422975191499703e-06
3898.0,1.4233761134342256e-06
4226.0,1.4245483603693563e-06
9860.0,1.4251841264089544e-06
15961.0,1.4255519952897126e-06
1052.0,1.426376153495495e-06
18722.0,1.426518798829029e-06
8758.0,1.426783264228805e-06
18067.0,1.4267851430622665e-06
7670.0,1.4272219781865499e-06
12599.0,1.4274632064775852e-06
3147.0,1.4276804836319278e-06
16410.0,1.42780864939748e-06
18544.0,1.4280068329268926e-06
6728.0,1.4283999024033573e-06
10400.0,1.4285863261850531e-06
15957.0,1.4297817039817979e-06
11287.0,1.4305227621908193e-06
2671.0,1.431429712945396e-06
17026.0,1.432394450072716e-06
3152.0,1.4332306410374062e-06
16078.0,1.4336879269483175e-06
4673.0,1.4339719115095037e-06
3288.0,1.4345772388219409e-06
18180.0,1.4355671803551027e-06
4679.0,1.4364098186940672e-06
7531.0,1.4373786346870121e-06
18019.0,1.437792801739868e-06
6372.0,1.4393400210439237e-06
7356.0,1.4396514463293048e-06
15393.0,1.440144630437736e-06
9757.0,1.4407577370193813e-06
3838.0,1.4426325331070615e-06
7668.0,1.4431546415122621e-06
15058.0,1.443954133388954e-06
7450.0,1.4440727449786332e-06
15294.0,1.4447964623192308e-06
4955.0,1.4448885027175673e-06
2920.0,1.4454990629813871e-06
19859.0,1.4457444209798106e-06
3710.0,1.4463143877604986e-06
7704.0,1.4466067187531057e-06
63.0,1.4469794245280844e-06
7650.0,1.447125551315124e-06
3037.0,1.4477539683225879e-06
2699.0,1.448620384972212e-06
7409.0,1.448744695283072e-06
2950.0,1.4489304848356084e-06
13820.0,1.4496517003299392e-06
11510.0,1.4497483923814148e-06
2258.0,1.4498078755059535e-06
17128.0,1.4500337237013445e-06
6291.0,1.4501088254188845e-06
18360.0,1.4501671677032378e-06
2120.0,1.450738798083262e-06
10766.0,1.4510811827658017e-06
15179.0,1.4510895897484097e-06
10415.0,1.4520246034094632e-06
4343.0,1.4521186224154381e-06
9216.0,1.4534930936956243e-06
9504.0,1.4541860652292649e-06
9595.0,1.4551350398260829e-06
3535.0,1.4551874910073807e-06
3260.0,1.4557856964830662e-06
4505.0,1.4558695732337398e-06
19353.0,1.4559154510494294e-06
10101.0,1.4567218363002994e-06
14816.0,1.4567459271105656e-06
12840.0,1.457374304347065e-06
2636.0,1.457463073286015e-06
1023.0,1.4581511734030391e-06
17511.0,1.458638966443746e-06
6098.0,1.4595233449625053e-06
3039.0,1.45954656347436e-06
13791.0,1.4595781761256692e-06
2496.0,1.4602379457020257e-06
10967.0,1.4607166627088956e-06
18707.0,1.4632040688191033e-06
18576.0,1.4637653258270008e-06
10985.0,1.4643119066553635e-06
18170.0,1.4644125430704005e-06
18230.0,1.464604195642297e-06
8987.0,1.4646251166681406e-06
19544.0,1.4650775338509353e-06
2530.0,1.4654965429952077e-06
374.0,1.4655302751435473e-06
17301.0,1.4671751311900642e-06
1500.0,1.4673080891471014e-06
11228.0,1.4680798368158849e-06
19.0,1.468845919052941e-06
9329.0,1.4689252316979708e-06
16453.0,1.4691184887735738e-06
9994.0,1.4691972636928983e-06
13170.0,1.4699801806325818e-06
12510.0,1.470676574095993e-06
12757.0,1.4714498528912671e-06
2125.0,1.471689860817312e-06
1780.0,1.4724675205748635e-06
11280.0,1.4727505905922258e-06
2073.0,1.4735784942040003e-06
7662.0,1.4735933046030498e-06
19475.0,1.4736747337141258e-06
4768.0,1.4754305937683872e-06
13702.0,1.4764993892233907e-06
5992.0,1.4765065265404235e-06
12486.0,1.4773174580363924e-06
13268.0,1.4774620327968498e-06
8823.0,1.4779107795091709e-06
11424.0,1.4783602479724601e-06
8628.0,1.4801772065031502e-06
9430.0,1.4805412957637555e-06
533.0,1.481842957229922e-06
241.0,1.483233273733393e-06
8184.0,1.4832713735385034e-06
6987.0,1.4837539700338864e-06
9524.0,1.483896816713816e-06
7941.0,1.4842294259928861e-06
4456.0,1.4842318279279823e-06
1470.0,1.4843626464297286e-06
16996.0,1.4844999320157085e-06
8373.0,1.4849214170117054e-06
6596.0,1.485459173437853e-06
17956.0,1.4858794212700147e-06
4353.0,1.4860782343793652e-06
7021.0,1.4865330268177455e-06
7339.0,1.4878914796033842e-06
14335.0,1.4881045873136222e-06
477.0,1.4885937879125605e-06
18582.0,1.4891610882919392e-06
5403.0,1.4896875873260311e-06
16515.0,1.4917023954898336e-06
6483.0,1.49229309706208e-06
5222.0,1.4924470261332584e-06
7981.0,1.4926445354913047e-06
11205.0,1.4941040751013675e-06
9017.0,1.4943101318947464e-06
769.0,1.4947350612532219e-06
10492.0,1.4955681142930718e-06
6637.0,1.4956389934044148e-06
13075.0,1.4959716122901635e-06
15917.0,1.4963132253046792e-06
637.0,1.4971593725130005e-06
16003.0,1.497874644238785e-06
13956.0,1.4985842011723226e-06
10474.0,1.498697098457795e-06
16090.0,1.4988464002521396e-06
14266.0,1.4989203705991794e-06
5680.0,1.499766863373946e-06
7539.0,1.4998474092870543e-06
6839.0,1.5005372793447239e-06
1684.0,1.500762272554274e-06
14532.0,1.5010055728312345e-06
8512.0,1.5018587569316916e-06
13426.0,1.5020476032831497e-06
2370.0,1.5024952832774043e-06
1689.0,1.503442689494025e-06
15847.0,1.504062707789872e-06
18263.0,1.5040935596898374e-06
13065.0,1.5040973506462136e-06
6242.0,1.5045227296520488e-06
663.0,1.504603870031914e-06
10894.0,1.5048011796446777e-06
10173.0,1.5055876484097845e-06
1092.0,1.5074369586553227e-06
4833.0,1.5075743525176474e-06
3636.0,1.5077056377567096e-06
13528.0,1.508362423312013e-06
7153.0,1.5084171384158815e-06
12640.0,1.5088072910152986e-06
450.0,1.5089060846005143e-06
9063.0,1.5090160618067131e-06
6773.0,1.5098072418856871e-06
5897.0,1.5099421069653713e-06
718.0,1.5100914238290156e-06
2442.0,1.510903543008431e-06
3339.0,1.511865858970173e-06
16904.0,1.5122832974139185e-06
4764.0,1.5125390397696457e-06
5565.0,1.5150263917159946e-06
6238.0,1.5151271973952304e-06
12703.0,1.516758569475011e-06
5427.0,1.5168190537062266e-06
8182.0,1.517132429584048e-06
19454.0,1.5171565517059218e-06
238.0,1.517328858327736e-06
14013.0,1.5174127772210768e-06
620.0,1.5174737726868535e-06
12641.0,1.5175347973237127e-06
265.0,1.5176271945134107e-06
7736.0,1.5176530552900084e-06
4562.0,1.517987592600379e-06
6927.0,1.518005602434411e-06
2514.0,1.5182218515799513e-06
15094.0,1.5185592117982975e-06
13829.0,1.5190787741168495e-06
786.0,1.5192520561932825e-06
9348.0,1.5194128450751989e-06
7277.0,1.5195049413412525e-06
10634.0,1.5198220367846415e-06
18809.0,1.5200407702412633e-06
14856.0,1.5214067944168305e-06
9790.0,1.5217814075798815e-06
14957.0,1.5221199735905204e-06
7195.0,1.5226385978965263e-06
16146.0,1.5232834775147796e-06
19504.0,1.523549809692577e-06
1395.0,1.5239709448496397e-06
2567.0,1.524010081268465e-06
15320.0,1.5242201545782406e-06
12026.0,1.5243314643386554e-06
11289.0,1.5245610620498477e-06
3650.0,1.524663288447266e-06
335.0,1.5256271339515097e-06
6370.0,1.525826174221994e-06
6568.0,1.5260470728373371e-06
3281.0,1.5261661724325943e-06
1600.0,1.526689003059679e-06
10426.0,1.5271686313567737e-06
6646.0,1.5275201165179523e-06
15116.0,1.5286738635928172e-06
15026.0,1.528972246125151e-06
14606.0,1.5291675211855006e-06
8015.0,1.5293061416888367e-06
4413.0,1.5301240555620365e-06
10956.0,1.5304675441221665e-06
18305.0,1.5304972451043524e-06
18455.0,1.5305903771707211e-06
13486.0,1.5306652847340314e-06
1939.0,1.530744358873142e-06
7731.0,1.5311079934004987e-06
10966.0,1.5314261269217224e-06
2515.0,1.5317892571412588e-06
5016.0,1.5319791140262686e-06
15845.0,1.5321535530310769e-06
19959.0,1.5323647307150446e-06
9635.0,1.5325497180328518e-06
9895.0,1.5337040525449875e-06
3700.0,1.5340448814593067e-06
7771.0,1.534139098583765e-06
18159.0,1.5344830716133245e-06
18386.0,1.5355926253119923e-06
15813.0,1.5361165768894987e-06
17604.0,1.5370465650075338e-06
8956.0,1.5384245694734468e-06
19066.0,1.5384775548100533e-06
16074.0,1.5387013595741299e-06
14703.0,1.5395361038089713e-06
4524.0,1.5400504647189251e-06
16152.0,1.5400714670419292e-06
17663.0,1.540586152798041e-06
1126.0,1.5415072872657198e-06
612.0,1.5420442729742366e-06
13602.0,1.5424764705814117e-06
18134.0,1.5453343015996272e-06
2331.0,1.5457849147474856e-06
1089.0,1.54579134086206e-06
9180.0,1.5463597382522229e-06
5884.0,1.5467232078563668e-06
6496.0,1.547763894777451e-06
8257.0,1.5480110038370844e-06
19880.0,1.550385792985046e-06
9731.0,1.5506137601123688e-06
9955.0,1.5511630940247635e-06
12516.0,1.5515197260368248e-06
5593.0,1.5519926516206332e-06
15734.0,1.5521799465277323e-06
1211.0,1.5526968772670445e-06
10897.0,1.5531709479378408e-06
18058.0,1.5534511585384238e-06
4721.0,1.5535329597327757e-06
4093.0,1.5536597091639419e-06
10950.0,1.5537836012503573e-06
11316.0,1.5543698172656854e-06
14933.0,1.5547357640144312e-06
14944.0,1.5554104249188271e-06
9074.0,1.5569211339378e-06
6710.0,1.5570136240434311e-06
13052.0,1.5575488641961698e-06
18914.0,1.5577996201205612e-06
3577.0,1.558334854022965e-06
11961.0,1.5584830661014366e-06
4817.0,1.5585186881540357e-06
18430.0,1.5586648160627106e-06
18197.0,1.5587784276501221e-06
17380.0,1.5593820888031548e-06
18065.0,1.5595810500283116e-06
2729.0,1.5596108172982926e-06
13983.0,1.56024463986912e-06
13155.0,1.5602627733912804e-06
4880.0,1.5606146541472676e-06
15278.0,1.5606812936309544e-06
17931.0,1.5613131306588404e-06
15070.0,1.5618713903829885e-06
3655.0,1.5623882799813997e-06
10800.0,1.5626809264874733e-06
167.0,1.5627397182136962e-06
4556.0,1.562948698802301e-06
16232.0,1.5643303883541963e-06
2131.0,1.5662714889846864e-06
12381.0,1.5664363244445405e-06
1597.0,1.5665910425048758e-06
5414.0,1.5675331444991753e-06
4289.0,1.5676658057536844e-06
13792.0,1.568172777338251e-06
10083.0,1.5683944549336538e-06
3348.0,1.568570047399186e-06
15703.0,1.5685830113209581e-06
10747.0,1.5707295277858557e-06
16236.0,1.5712806844756284e-06
888.0,1.5716976624238306e-06
987.0,1.5718877085655476e-06
11730.0,1.572646561579966e-06
625.0,1.5733602290845935e-06
6522.0,1.5745921757397624e-06
8766.0,1.5749926848439647e-06
7775.0,1.5760334700751065e-06
11543.0,1.5765174705411998e-06
880.0,1.5769818503250372e-06
8838.0,1.5773229631757901e-06
4044.0,1.5779146824309433e-06
8676.0,1.578139580095995e-06
2981.0,1.5782778894696609e-06
3352.0,1.578347377813055e-06
862.0,1.5799868575957225e-06
8643.0,1.5801045578009938e-06
15722.0,1.5804510648103898e-06
15174.0,1.5810055951482389e-06
18949.0,1.5810184900851536e-06
2450.0,1.5811637444624743e-06
256.0,1.5814433938258192e-06
7653.0,1.58302615444185e-06
17614.0,1.5843961826759553e-06
14720.0,1.584480814997901e-06
538.0,1.5845787170713477e-06
15551.0,1.5855067860541063e-06
3258.0,1.5874656979292297e-06
8072.0,1.587815188411704e-06
1961.0,1.5905013820391386e-06
4635.0,1.5905683701459411e-06
4938.0,1.5906160732391426e-06
14777.0,1.590957612576769e-06
11248.0,1.5911713424864128e-06
12069.0,1.5925537012864654e-06
13123.0,1.593105266311455e-06
9258.0,1.5943166494513583e-06
5545.0,1.5955386528430435e-06
2052.0,1.596347049271789e-06
7187.0,1.596816155164806e-06
15131.0,1.5977235030468077e-06
8966.0,1.5989092772985983e-06
5818.0,1.5999957105985408e-06
9653.0,1.6006290906542394e-06
10755.0,1.600684036044409e-06
14741.0,1.600999760977783e-06
19397.0,1.6010375453379235e-06
5375.0,1.602165322512198e-06
13771.0,1.6025500439304423e-06
772.0,1.6031323143835146e-06
4686.0,1.6035212225070615e-06
11031.0,1.6035232315786595e-06
5324.0,1.6040553096528674e-06
7374.0,1.6048066959233704e-06
4873.0,1.6050274252573908e-06
2548.0,1.6051262686055446e-06
11970.0,1.60570168886312e-06
13095.0,1.6058568152415476e-06
15708.0,1.6071334510700042e-06
12216.0,1.607817881846752e-06
7041.0,1.6083828431882377e-06
7974.0,1.6090597439300106e-06
3069.0,1.6091743652375742e-06
14002.0,1.6108115849591792e-06
9816.0,1.6113968179081798e-06
5720.0,1.612523601527551e-06
4831.0,1.61323985553195e-06
10798.0,1.6133329164900599e-06
1694.0,1.6133957227976444e-06
275.0,1.6136681205827024e-06
6516.0,1.6146372936666823e-06
8283.0,1.6149153290223873e-06
15077.0,1.6152695562652968e-06
8251.0,1.6157640405717594e-06
872.0,1.6160251323405832e-06
18981.0,1.6160492397442034e-06
8940.0,1.616115271832359e-06
5672.0,1.6163507292921887e-06
9734.0,1.6166331381012076e-06
14404.0,1.6182993914490656e-06
2604.0,1.61887677728276e-06
8201.0,1.6203309259449678e-06
8064.0,1.6205086005510786e-06
1792.0,1.6209651412594236e-06
16676.0,1.6220817753114582e-06
15563.0,1.622871489772586e-06
17755.0,1.6230925533453906e-06
60.0,1.6236116890143891e-06
7836.0,1.6236411299569685e-06
13094.0,1.6238463775888779e-06
15927.0,1.6241813381068366e-06
1695.0,1.6242381281419933e-06
7030.0,1.6243023815390352e-06
10469.0,1.6250096573316148e-06
3711.0,1.6260901955043138e-06
15852.0,1.6267089459069408e-06
2967.0,1.6274198992851013e-06
2711.0,1.6289436163121107e-06
2745.0,1.6291218158435839e-06
13600.0,1.6293580362295312e-06
9926.0,1.6294487801629127e-06
11418.0,1.6308191228830323e-06
4172.0,1.6310251566614806e-06
18050.0,1.6316275750596253e-06
4173.0,1.6328367114953459e-06
7514.0,1.633222788919404e-06
18479.0,1.6344476354513121e-06
18549.0,1.6344603481181951e-06
2080.0,1.635764617206839e-06
1002.0,1.635847764954444e-06
7079.0,1.6369572912886334e-06
14577.0,1.6370077208377291e-06
10826.0,1.637031504705193e-06
11194.0,1.6376906793866877e-06
19317.0,1.638085219275776e-06
15082.0,1.6380913736463503e-06
216.0,1.6383669979055099e-06
15481.0,1.6390331348775437e-06
13485.0,1.63947216559026e-06
3689.0,1.6422250662221191e-06
1204.0,1.6422414692920497e-06
19534.0,1.6422883037428576e-06
1017.0,1.643141033529609e-06
16063.0,1.643321623086294e-06
8746.0,1.6440461466515604e-06
4507.0,1.6440769283337255e-06
15187.0,1.6444593433014375e-06
5858.0,1.645003147251686e-06
4045.0,1.6459791463689105e-06
8027.0,1.6460543168658177e-06
18887.0,1.646966090464205e-06
2116.0,1.6472673597863593e-06
18167.0,1.6474263363965968e-06
8425.0,1.648092878638615e-06
2385.0,1.648177512844223e-06
6309.0,1.6482260384472115e-06
18388.0,1.648560724926527e-06
7744.0,1.6486728532410375e-06
9156.0,1.6494492955104649e-06
14164.0,1.6503548892660239e-06
16105.0,1.6513424912047559e-06
1154.0,1.651386268111739e-06
7737.0,1.6515306811255235e-06
14753.0,1.6517423115306459e-06
3460.0,1.6521972982688118e-06
6649.0,1.6530314675927378e-06
7378.0,1.6530758083569621e-06
9538.0,1.653771356903565e-06
9865.0,1.6547777996797213e-06
7609.0,1.6554579284795845e-06
5285.0,1.6557364837775085e-06
13756.0,1.6559108085638734e-06
5549.0,1.6560767805657373e-06
12965.0,1.6574138167510564e-06
5948.0,1.6587460144153555e-06
9644.0,1.6594400228709469e-06
10581.0,1.6603568465770242e-06
7787.0,1.6613823406385152e-06
6606.0,1.6614981626610448e-06
12927.0,1.6617655901885786e-06
3057.0,1.662327335732904e-06
2795.0,1.6624543323262749e-06
1801.0,1.6624663924068511e-06
4867.0,1.662607837410714e-06
3602.0,1.6630987106505679e-06
15518.0,1.663273855549331e-06
8099.0,1.6639106734859967e-06
552.0,1.6642052489566404e-06
6713.0,1.664927617749015e-06
4382.0,1.6650293185361026e-06
9428.0,1.6660005471924577e-06
15547.0,1.6674690645348618e-06
11492.0,1.6675401377661861e-06
1713.0,1.6676276934980631e-06
4758.0,1.6680392699413386e-06
13936.0,1.66896628572559e-06
15705.0,1.6698125715115355e-06
14351.0,1.6704875522618218e-06
472.0,1.6706798770786115e-06
6036.0,1.6707525786162864e-06
1459.0,1.6715629371021267e-06
14859.0,1.6715682006715869e-06
5552.0,1.6719161829654425e-06
19428.0,1.6725075326288918e-06
2552.0,1.6730269104940755e-06
2765.0,1.6736134458073195e-06
14135.0,1.6738408435805312e-06
2520.0,1.675091694098759e-06
14636.0,1.676239993185044e-06
12610.0,1.6777251018266338e-06
10576.0,1.6786307542754035e-06
15015.0,1.678817483373102e-06
8929.0,1.6793561964086814e-06
3053.0,1.6794450919896855e-06
13328.0,1.6796923612205652e-06
1180.0,1.6807853276527976e-06
14973.0,1.682021167649961e-06
2897.0,1.682682538305183e-06
189.0,1.6834141364101485e-06
19594.0,1.684662954165441e-06
267.0,1.6851684623839943e-06
12848.0,1.6862475944112088e-06
271.0,1.6863585306499144e-06
9717.0,1.6865592263686133e-06
6853.0,1.6872149389640778e-06
7208.0,1.6876609815932777e-06
6197.0,1.6879721497330431e-06
16972.0,1.688942272653832e-06
831.0,1.6890131917501922e-06
12062.0,1.6893170080152057e-06
10450.0,1.689442381097003e-06
19543.0,1.6896571662514965e-06
2995.0,1.690188082790918e-06
15896.0,1.690886445563525e-06
3971.0,1.6919329451673703e-06
7264.0,1.692553588017201e-06
6063.0,1.6925918562816725e-06
17811.0,1.6927446898233106e-06
8816.0,1.6933574634761737e-06
7606.0,1.6935017983607754e-06
3123.0,1.6941325546116232e-06
7068.0,1.6943495325204934e-06
2748.0,1.6947528861262933e-06
15365.0,1.6952435432501254e-06
3550.0,1.695498540959823e-06
3388.0,1.6955543501119878e-06
7404.0,1.695566272137228e-06
1521.0,1.695779650820877e-06
2637.0,1.6982434389115408e-06
10272.0,1.6982546822275006e-06
12107.0,1.6985543059821062e-06
11520.0,1.6985911478431591e-06
19786.0,1.6991628731255242e-06
19572.0,1.6996918440299628e-06
9250.0,1.7002634434323012e-06
18712.0,1.7006625062861324e-06
12657.0,1.7015812944210068e-06
6655.0,1.7023349025227857e-06
16708.0,1.7026641583603408e-06
15195.0,1.7029878800831296e-06
4090.0,1.7041511554335084e-06
3813.0,1.7048977831444639e-06
6528.0,1.7056208576509893e-06
890.0,1.7060196680255506e-06
8959.0,1.7062210666243442e-06
17009.0,1.706669936879238e-06
17488.0,1.7067656328585528e-06
7420.0,1.70704183859576e-06
5153.0,1.7074720766630984e-06
13124.0,1.7078854189457722e-06
2811.0,1.7085084203465272e-06
13557.0,1.7090768017084347e-06
1269.0,1.7090824414624175e-06
2184.0,1.709328676733834e-06
9375.0,1.7094625392512834e-06
13306.0,1.710026891270765e-06
4533.0,1.7110883139423628e-06
12846.0,1.7114036625627824e-06
7874.0,1.7123537521336748e-06
11174.0,1.7125467268996436e-06
18446.0,1.71373456548284e-06
7603.0,1.715477683896065e-06
615.0,1.7157453955569606e-06
5588.0,1.7163260561806989e-06
17187.0,1.7172137084706122e-06
18541.0,1.7174285779532503e-06
10476.0,1.7177324820054976e-06
19305.0,1.7179632611155534e-06
882.0,1.7181033326212274e-06
25.0,1.7183685159618362e-06
14710.0,1.7186271787821314e-06
13207.0,1.71977234610829e-06
4394.0,1.7204154606834203e-06
18163.0,1.7212392340569566e-06
10143.0,1.7225488295095183e-06
2840.0,1.7229876131884616e-06
10291.0,1.7238260685380758e-06
2459.0,1.7239950483721992e-06
7652.0,1.724280721730988e-06
18826.0,1.7245299025453698e-06
15229.0,1.7245538177383574e-06
3839.0,1.726089902165478e-06
6052.0,1.726446456930253e-06
3410.0,1.7267978548778586e-06
9026.0,1.726961782840499e-06
6761.0,1.7272917835809463e-06
19798.0,1.7274981232062477e-06
4367.0,1.7300572630882793e-06
18726.0,1.731098564160393e-06
19166.0,1.7312581642714759e-06
19165.0,1.7326562168740359e-06
10413.0,1.7327769538857202e-06
4984.0,1.7329321877870276e-06
19042.0,1.7349786996087239e-06
7262.0,1.7367887510230615e-06
18531.0,1.7376551055803203e-06
3187.0,1.738042909826277e-06
10879.0,1.7382005007972652e-06
8179.0,1.739190096969472e-06
9257.0,1.7391991368797998e-06
14121.0,1.739338889755402e-06
11814.0,1.739355148870708e-06
16581.0,1.7395511000032104e-06
2444.0,1.7396184605015243e-06
6198.0,1.7396307923175386e-06
4909.0,1.739872540970336e-06
16353.0,1.7401420798865891e-06
2978.0,1.7408578408680183e-06
9154.0,1.7410692540697316e-06
15591.0,1.7430613978694968e-06
1888.0,1.7439007262024909e-06
14317.0,1.7458640161801497e-06
18114.0,1.746237331927852e-06
949.0,1.7462446631936241e-06
6221.0,1.7468131095761359e-06
16763.0,1.7472949652185004e-06
1822.0,1.7475600539992524e-06
14616.0,1.7476540870727614e-06
9744.0,1.7480235204978949e-06
12873.0,1.7482925237775959e-06
19312.0,1.748874458741817e-06
11288.0,1.7489951568901195e-06
3404.0,1.749649415109778e-06
18745.0,1.7504932748839957e-06
11666.0,1.750564000793644e-06
4387.0,1.750675797943165e-06
11548.0,1.751890982819131e-06
11077.0,1.7530038691277196e-06
18174.0,1.7535991901510385e-06
7248.0,1.7537991455561316e-06
8332.0,1.755424626164686e-06
9085.0,1.7573421492486895e-06
9012.0,1.7576450637959082e-06
10161.0,1.757847784828513e-06
18390.0,1.759212289701853e-06
6355.0,1.759303885590091e-06
973.0,1.759628655142949e-06
7545.0,1.75995999193095e-06
14470.0,1.761881887509312e-06
19467.0,1.763427554564171e-06
13023.0,1.764043204013115e-06
19360.0,1.7641954171191405e-06
3530.0,1.7642222224154819e-06
8873.0,1.7647368692054665e-06
6638.0,1.7652999496842726e-06
13518.0,1.7659220857989779e-06
1263.0,1.766297085986173e-06
13286.0,1.7663034477137388e-06
2884.0,1.7669567134830053e-06
9292.0,1.7676059847147913e-06
4271.0,1.7677806636125796e-06
1518.0,1.7681557057711998e-06
12620.0,1.7694208750611297e-06
10152.0,1.7696270936097435e-06
18051.0,1.7702290090271939e-06
14556.0,1.7704276682841296e-06
2190.0,1.7709505167460731e-06
4070.0,1.7710498435276422e-06
15874.0,1.7715982776744014e-06
8639.0,1.7717665561524839e-06
14746.0,1.7722680472124824e-06
4175.0,1.7722784487967358e-06
15415.0,1.7749423179327804e-06
9630.0,1.775434641378697e-06
4261.0,1.7755160317120119e-06
2943.0,1.7766700478509388e-06
6110.0,1.777169408933894e-06
19323.0,1.7773031837326063e-06
6628.0,1.7774733071467876e-06
6067.0,1.7777912158871418e-06
17331.0,1.778759505944396e-06
11468.0,1.7789674738075511e-06
6260.0,1.7793115965197815e-06
19077.0,1.7797336050455182e-06
5758.0,1.7799814092451063e-06
12665.0,1.7807808172560067e-06
1702.0,1.7812350963107383e-06
2871.0,1.7812759440797437e-06
5167.0,1.7813586269908194e-06
147.0,1.7823059555748594e-06
8355.0,1.7837583683479026e-06
2607.0,1.7840725199949947e-06
10600.0,1.784136698456518e-06
18515.0,1.785199275624854e-06
7484.0,1.785825642762303e-06
244.0,1.7867584126388504e-06
10295.0,1.7873851224830024e-06
7427.0,1.7893163643493954e-06
958.0,1.7899550676352823e-06
9113.0,1.7909431486750057e-06
4327.0,1.790959608785661e-06
12853.0,1.791005454801703e-06
3949.0,1.7934114634634888e-06
17660.0,1.7937852561545329e-06
9552.0,1.7938827205846872e-06
9755.0,1.7950020563995133e-06
2901.0,1.7950740477022474e-06
3563.0,1.7951696624443364e-06
19561.0,1.7954954760171278e-06
18289.0,1.7967294310589266e-06
5966.0,1.7982296977037912e-06
12627.0,1.7996605261449325e-06
1855.0,1.8002979419903198e-06
18226.0,1.8015143151319554e-06
12529.0,1.801888575193911e-06
16695.0,1.8026411740293295e-06
9890.0,1.8041111531023857e-06
10138.0,1.8042635791735794e-06
8595.0,1.8043785835153477e-06
9261.0,1.8054107840060775e-06
7752.0,1.8068812296109591e-06
6056.0,1.8070209715527567e-06
7869.0,1.807243063571031e-06
1871.0,1.8073788041513525e-06
4769.0,1.8080732798751102e-06
9388.0,1.8089962175472016e-06
4004.0,1.8091869221659515e-06
16159.0,1.8096981923025619e-06
18665.0,1.8102203218219067e-06
187.0,1.8106840126989999e-06
7986.0,1.8113845472060226e-06
3263.0,1.8116972373878881e-06
6871.0,1.8119007218603368e-06
19721.0,1.8120819102761372e-06
8107.0,1.8134662690719595e-06
6577.0,1.814011550738305e-06
7227.0,1.8144228564650326e-06
1487.0,1.814550225809523e-06
1093.0,1.8154227660575263e-06
18754.0,1.8161964302587072e-06
10316.0,1.8178795797251518e-06
6025.0,1.818640735970752e-06
12958.0,1.8189152455640727e-06
10097.0,1.8189806952665977e-06
1313.0,1.8194432070052226e-06
1632.0,1.819718883279153e-06
6879.0,1.8200875875984725e-06
409.0,1.8212557805066366e-06
9179.0,1.8220554025187197e-06
17322.0,1.822891307920177e-06
5739.0,1.8234714714282609e-06
2681.0,1.8248235394371546e-06
3164.0,1.8249047718938668e-06
10029.0,1.8251555549772465e-06
11796.0,1.825327638145317e-06
13850.0,1.8267941388129762e-06
4412.0,1.8274016491874908e-06
15771.0,1.8284484922600665e-06
8460.0,1.8307311034937679e-06
12037.0,1.8310095541285545e-06
11935.0,1.8311715069854563e-06
5726.0,1.833002357270125e-06
9029.0,1.8338268688595519e-06
7719.0,1.834761822337589e-06
3935.0,1.834818986767789e-06
4580.0,1.8355691696262639e-06
14279.0,1.8370005058171905e-06
607.0,1.837182335320394e-06
12878.0,1.8376545754736717e-06
10090.0,1.8383269539185457e-06
491.0,1.838381749514737e-06
1069.0,1.8391650370222044e-06
1946.0,1.8392833100834862e-06
3151.0,1.8393947564351176e-06
12870.0,1.8396619785663812e-06
592.0,1.8400229749901765e-06
16076.0,1.8413616131191335e-06
7966.0,1.8425379165128677e-06
17045.0,1.8431879678292244e-06
10969.0,1.843321321209828e-06
12198.0,1.843410831549771e-06
4446.0,1.8434288908813157e-06
1974.0,1.8445304176862174e-06
155.0,1.8447218999322144e-06
19957.0,1.8456388458280526e-06
13352.0,1.8472091106124392e-06
13108.0,1.8476535828236615e-06
3062.0,1.848583425719881e-06
9409.0,1.8486154587447225e-06
17902.0,1.8516604517519622e-06
4012.0,1.8544853059790576e-06
6264.0,1.8547711103893828e-06
14309.0,1.8548510312005329e-06
5008.0,1.855476941404273e-06
2846.0,1.8555263932897274e-06
10072.0,1.8556920294260079e-06
7786.0,1.8562490124208467e-06
1791.0,1.8568513169601563e-06
15953.0,1.8568525945114276e-06
15726.0,1.857215169949551e-06
1381.0,1.8573894426954585e-06
15883.0,1.8587152589992915e-06
9613.0,1.860431746012471e-06
7359.0,1.8606114015636742e-06
6433.0,1.8608274421192803e-06
18561.0,1.8611938949482019e-06
4316.0,1.8615603755012102e-06
9346.0,1.8625188905830997e-06
13773.0,1.862813147312364e-06
12863.0,1.8639405776958126e-06
14405.0,1.8640872353674376e-06
14348.0,1.8646212636231046e-06
7908.0,1.8646654053783873e-06
253.0,1.8652817110268448e-06
2358.0,1.8660576159901098e-06
19253.0,1.8667168596907106e-06
853.0,1.8674807280335593e-06
11847.0,1.86794634582888e-06
19606.0,1.8679732324651924e-06
10084.0,1.868001103871691e-06
15738.0,1.8680929826603483e-06
5377.0,1.8688575617261778e-06
19452.0,1.8689185284832258e-06
535.0,1.8698796026404734e-06
213.0,1.870725443976255e-06
14601.0,1.8730317085909824e-06
12087.0,1.8732702978623114e-06
17974.0,1.8740181592180783e-06
770.0,1.8757406219450073e-06
5954.0,1.8764456718735609e-06
14443.0,1.8769602048732072e-06
7958.0,1.8769717740028423e-06
9600.0,1.877060509378352e-06
14113.0,1.8770762004153003e-06
12677.0,1.8772996837323735e-06
13503.0,1.8774984802997425e-06
2652.0,1.878602948743291e-06
14096.0,1.8788263810559215e-06
2434.0,1.8791675142159807e-06
15616.0,1.8791992564118964e-06
4749.0,1.8805962113101421e-06
9044.0,1.8812460152416795e-06
5712.0,1.8815993060132215e-06
6688.0,1.8818488255101185e-06
18834.0,1.882845515760742e-06
4211.0,1.882876503592642e-06
6979.0,1.883175234354235e-06
782.0,1.8839338310706858e-06
1369.0,1.8852472975952142e-06
5328.0,1.8854281377903174e-06
14105.0,1.8856269632804675e-06
8228.0,1.8862390189496873e-06
14362.0,1.886496809968173e-06
7174.0,1.8866960923663459e-06
15089.0,1.8889064378819373e-06
3874.0,1.8896213745041651e-06
15140.0,1.8904743874738852e-06
18663.0,1.892097593482928e-06
5863.0,1.8927788075206845e-06
4242.0,1.8930949138529016e-06
1628.0,1.893725497936998e-06
3220.0,1.8947105571796736e-06
2526.0,1.8947221494441091e-06
3796.0,1.8950287807142778e-06
9658.0,1.8962848634047367e-06
6579.0,1.8971071291718771e-06
1637.0,1.8981089442088458e-06
14915.0,1.8987911197878052e-06
12690.0,1.8989676864493275e-06
19532.0,1.8992576081091823e-06
3296.0,1.9012344183397665e-06
2074.0,1.903490445521848e-06
18821.0,1.9038384489897824e-06
5102.0,1.9043216424263696e-06
19018.0,1.904951229933141e-06
1137.0,1.9062920541123488e-06
16389.0,1.9064779456480844e-06
8329.0,1.9069190244584607e-06
8214.0,1.9072179530474253e-06
8655.0,1.907575174114995e-06
5894.0,1.907644742548293e-06
18919.0,1.908290360296816e-06
3664.0,1.90893668848577e-06
9186.0,1.908947821855776e-06
11707.0,1.9089870257182802e-06
8819.0,1.909263193927793e-06
6275.0,1.9097185094592463e-06
2334.0,1.909756188026052e-06
17744.0,1.910509670504667e-06
19316.0,1.912745470353864e-06
1887.0,1.913038775020173e-06
19336.0,1.91415054913737e-06
6345.0,1.914600957950659e-06
9377.0,1.915771844299251e-06
6778.0,1.9163611593503513e-06
7241.0,1.916511299939601e-06
15050.0,1.91677433116157e-06
194.0,1.916968625005006e-06
17382.0,1.9185406936787733e-06
17072.0,1.9188842888970106e-06
3595.0,1.919673352064709e-06
15861.0,1.919832140420005e-06
236.0,1.920687236660501e-06
1964.0,1.9221650322050995e-06
17394.0,1.9226552657103626e-06
9707.0,1.9230628272726025e-06
13563.0,1.923354896761484e-06
4245.0,1.9242510497804622e-06
15696.0,1.9243944841031534e-06
15056.0,1.9261995392311756e-06
1685.0,1.92732219392231e-06
4707.0,1.9276102284520266e-06
2521.0,1.9278473605391795e-06
7149.0,1.9286922688798074e-06
4253.0,1.929161671860647e-06
6088.0,1.9292674411703403e-06
2758.0,1.929757835172209e-06
3938.0,1.9300889147375355e-06
12000.0,1.9301722825140433e-06
14684.0,1.9304698104800796e-06
1903.0,1.930979813297131e-06
1122.0,1.9310845766197486e-06
3214.0,1.9334111113607473e-06
7293.0,1.9348461910311933e-06
8769.0,1.9350686190434825e-06
18293.0,1.935239255404645e-06
15463.0,1.9361874641727926e-06
18061.0,1.9369668209646894e-06
15277.0,1.9374843441501023e-06
11825.0,1.937842742266987e-06
11680.0,1.937891698518031e-06
14125.0,1.9382935555711087e-06
13427.0,1.9402755107774756e-06
8416.0,1.940657621764873e-06
13365.0,1.941245615212686e-06
18637.0,1.9420029083576365e-06
7489.0,1.9422926666097704e-06
9456.0,1.942674588220591e-06
8363.0,1.942932728213239e-06
14473.0,1.9441734647567886e-06
18529.0,1.9445482388787993e-06
14207.0,1.9452014662641613e-06
9260.0,1.9471143465653637e-06
7586.0,1.9479501404882503e-06
18507.0,1.948290440401646e-06
127.0,1.948325817663743e-06
17610.0,1.9491327168547987e-06
2090.0,1.9491608849552633e-06
1781.0,1.9494095843140755e-06
6718.0,1.9495325845548e-06
10806.0,1.949583611961245e-06
8953.0,1.9506801141050248e-06
6276.0,1.9510746845265694e-06
9800.0,1.9514068564705827e-06
19487.0,1.951496960335451e-06
1793.0,1.951525787871904e-06
14573.0,1.9515417557815516e-06
9058.0,1.951590476968641e-06
15021.0,1.9522758594316117e-06
11749.0,1.952463548041295e-06
5021.0,1.954414148221446e-06
13447.0,1.9550064556159625e-06
7285.0,1.955083873690387e-06
15212.0,1.9550909772042403e-06
6467.0,1.955194010836655e-06
7504.0,1.955820344718899e-06
4911.0,1.9575264769225898e-06
17896.0,1.9579428671595337e-06
7476.0,1.9589355938161144e-06
4512.0,1.959105632071627e-06
19581.0,1.9600435886470807e-06
11629.0,1.9600640741444708e-06
713.0,1.960223467300981e-06
5356.0,1.9604644472568035e-06
6920.0,1.9638231991675073e-06
4555.0,1.9640772464752967e-06
278.0,1.9649148567282985e-06
9874.0,1.9653735766457747e-06
18381.0,1.96569187614335e-06
2797.0,1.965798926720267e-06
6657.0,1.966607749173532e-06
19741.0,1.9677273783687903e-06
18356.0,1.9680094794130453e-06
15338.0,1.9681233129215843e-06
11096.0,1.969587796435021e-06
31.0,1.971032479453493e-06
12645.0,1.9713222572700305e-06
18548.0,1.972899694467507e-06
8610.0,1.972936781307428e-06
446.0,1.9734006253091574e-06
6868.0,1.973852898888374e-06
1662.0,1.974267769009691e-06
5767.0,1.9745172150865615e-06
7661.0,1.9749716147128166e-06
4517.0,1.9759601440214016e-06
268.0,1.9767547661510864e-06
5027.0,1.9770904166631765e-06
15086.0,1.977519839044723e-06
2044.0,1.9779609953934972e-06
7284.0,1.978277681508466e-06
4974.0,1.9796026796606215e-06
11431.0,1.9799812730710045e-06
3524.0,1.9800471527366163e-06
985.0,1.98025899921495e-06
4361.0,1.980687400651429e-06
10829.0,1.980719954868556e-06
7176.0,1.9811730476953987e-06
13045.0,1.983836174539992e-06
14813.0,1.984750053987419e-06
4728.0,1.984960078904193e-06
8317.0,1.98684512190175e-06
3566.0,1.9879520320599216e-06
9951.0,1.9880310133430335e-06
10577.0,1.9883789038768397e-06
19396.0,1.9887658745593357e-06
12039.0,1.9891462048178387e-06
14170.0,1.9897427093719847e-06
13231.0,1.9901540931936464e-06
8803.0,1.9914547945570436e-06
12538.0,1.9915153696150396e-06
15030.0,1.991981591946149e-06
13398.0,1.9923475651603527e-06
18411.0,1.99342304197476e-06
15165.0,1.9934484152166954e-06
10311.0,1.993471224434378e-06
5315.0,1.993566425541309e-06
12737.0,1.993924837477427e-06
6128.0,1.994367574630008e-06
17888.0,1.9946674786307813e-06
14596.0,1.99507539860262e-06
5547.0,1.9953615391867647e-06
10065.0,1.996577589913879e-06
5148.0,1.9974709761751483e-06
13744.0,1.9977825178366227e-06
14241.0,1.9984936333125023e-06
6849.0,1.999184842551455e-06
4902.0,1.9997449511160204e-06
14540.0,2.000037420001284e-06
15366.0,2.0002418780874994e-06
6112.0,2.0007085699214836e-06
5571.0,2.001157767008943e-06
13746.0,2.002381106944784e-06
706.0,2.0031594768773416e-06
19081.0,2.0033223689369215e-06
14723.0,2.0044779819335973e-06
6093.0,2.0054621488511042e-06
10129.0,2.006425290447801e-06
9236.0,2.006706494817339e-06
17923.0,2.0067127784842193e-06
5019.0,2.0070744589343605e-06
2141.0,2.007510552503533e-06
14758.0,2.0081707953586517e-06
18519.0,2.0090334452398385e-06
6699.0,2.0093625707108247e-06
8614.0,2.0109911726508657e-06
18801.0,2.0116165219427274e-06
7389.0,2.0133832930434485e-06
1609.0,2.0139438059618532e-06
15205.0,2.015583445350668e-06
3933.0,2.015646397779089e-06
15138.0,2.0159182591912536e-06
14564.0,2.015960868912463e-06
15303.0,2.018358242514362e-06
1354.0,2.0193449449100737e-06
18820.0,2.020699348831693e-06
8268.0,2.0207397893443064e-06
15713.0,2.02209498517476e-06
4956.0,2.0227389201448383e-06
10360.0,2.024033003277211e-06
11662.0,2.0252124688008485e-06
13389.0,2.025340827975728e-06
738.0,2.028468766065613e-06
8437.0,2.0291957239906565e-06
2264.0,2.029369209220089e-06
15046.0,2.029932375311355e-06
8412.0,2.0301277302818043e-06
11675.0,2.0304319816814142e-06
18377.0,2.0310962867831173e-06
11295.0,2.0324103417381205e-06
2831.0,2.032909702607023e-06
13037.0,2.0332090150093437e-06
7368.0,2.0339928807583837e-06
1087.0,2.034169364393201e-06
6027.0,2.0349384637952077e-06
3076.0,2.0364794547435638e-06
12894.0,2.0371573480555976e-06
15067.0,2.0373774669288546e-06
9201.0,2.03805913688143e-06
1672.0,2.0382784603525155e-06
1863.0,2.0383443535976214e-06
817.0,2.0385835097828622e-06
5987.0,2.0390429162096937e-06
2223.0,2.0398417593615873e-06
38.0,2.0402111969393404e-06
19760.0,2.0402649925933002e-06
12697.0,2.0425002876209508e-06
12879.0,2.042848620173284e-06
18043.0,2.043372925913586e-06
18021.0,2.0442278433517018e-06
8790.0,2.0455351973828977e-06
5123.0,2.0474278320625655e-06
5290.0,2.048720254155671e-06
8441.0,2.0491163066342986e-06
8738.0,2.049188424339348e-06
19905.0,2.0500709496510177e-06
7101.0,2.0509071724752904e-06
7053.0,2.0517399487280623e-06
11994.0,2.0521263572742994e-06
13434.0,2.054125944289323e-06
9924.0,2.054673585885091e-06
17994.0,2.054810986220365e-06
2498.0,2.055205993060822e-06
4439.0,2.055692308822099e-06
103.0,2.0558518986672213e-06
455.0,2.056838011313894e-06
15430.0,2.057790393456151e-06
15085.0,2.0583638259360765e-06
15614.0,2.0589588891202494e-06
6897.0,2.058996283801994e-06
2256.0,2.0593636664324055e-06
1602.0,2.0595996213161253e-06
19471.0,2.059846718174763e-06
18415.0,2.0606487475931256e-06
3430.0,2.0608096647610194e-06
10963.0,2.061570787614421e-06
680.0,2.0618282640441473e-06
13968.0,2.0627369570324065e-06
14579.0,2.0633116417968395e-06
4454.0,2.0636926998340307e-06
17107.0,2.065731980412433e-06
13834.0,2.066074720096855e-06
13823.0,2.066778860002375e-06
1186.0,2.0676229905873234e-06
12613.0,2.069361493941834e-06
6588.0,2.0701534094882645e-06
11508.0,2.0705388489500866e-06
1344.0,2.0710519100473036e-06
19017.0,2.071120836605485e-06
3720.0,2.0712444527182217e-06
4250.0,2.0743778786618347e-06
8784.0,2.0745748605601364e-06
5249.0,2.074876968103535e-06
9411.0,2.074936386823941e-06
874.0,2.075340164878834e-06
15829.0,2.0770922452786943e-06
7573.0,2.077359659834643e-06
6521.0,2.0775887400695016e-06
18366.0,2.078141883149864e-06
100.0,2.0782978432287463e-06
11835.0,2.081474623522474e-06
4923.0,2.081827831121755e-06
4062.0,2.0820624294688106e-06
16789.0,2.0831146176391833e-06
5875.0,2.0831190433555693e-06
5420.0,2.0832716011547057e-06
288.0,2.0833372276047066e-06
7074.0,2.0838974906467203e-06
2018.0,2.085082823761881e-06
12966.0,2.0853383842328706e-06
11700.0,2.0860264066830655e-06
8994.0,2.0861105974488377e-06
13779.0,2.0872681541368994e-06
819.0,2.0875560809211217e-06
9558.0,2.0878082816317646e-06
18017.0,2.088716171520523e-06
13691.0,2.0894848623989466e-06
9549.0,2.0907742150297814e-06
19200.0,2.0913545621607094e-06
684.0,2.093022617017684e-06
12588.0,2.093323587710837e-06
9809.0,2.0936099233739183e-06
3173.0,2.0941269444690952e-06
426.0,2.094133033947497e-06
8826.0,2.0949365638913965e-06
13458.0,2.095625088885619e-06
950.0,2.09685371520036e-06
1076.0,2.0970894583432917e-06
18916.0,2.0975453018054052e-06
3546.0,2.10055876827896e-06
3734.0,2.100749744461906e-06
11811.0,2.100949329316339e-06
13274.0,2.100972038528668e-06
7682.0,2.1011628491890536e-06
14701.0,2.103032136796902e-06
2443.0,2.1056121700235006e-06
1900.0,2.107734256952806e-06
12968.0,2.1096917191441553e-06
14221.0,2.1104918729997798e-06
17086.0,2.1127789202843245e-06
6784.0,2.1134626692351865e-06
17289.0,2.114123660563594e-06
6972.0,2.1142434031127926e-06
8374.0,2.116210482557022e-06
7867.0,2.1164934524149127e-06
6886.0,2.1171139281496323e-06
3237.0,2.1176665768114025e-06
2049.0,2.118213420941532e-06
15224.0,2.1185689950973027e-06
15276.0,2.1187335462268664e-06
10280.0,2.118987233044467e-06
10893.0,2.1191268066553348e-06
9127.0,2.121842407781778e-06
12943.0,2.1222395014890936e-06
10631.0,2.1227359383572795e-06
7803.0,2.1234008440219563e-06
3335.0,2.1246203989178335e-06
11220.0,2.125424181067016e-06
18590.0,2.126826625634155e-06
4753.0,2.1280603655788218e-06
18550.0,2.1281856586648985e-06
14414.0,2.128269183521733e-06
7133.0,2.129516106732107e-06
16065.0,2.130064303939812e-06
10822.0,2.1304134363722955e-06
18409.0,2.130627601836079e-06
15422.0,2.1311626661489244e-06
19089.0,2.131260010906576e-06
17122.0,2.133118780066038e-06
5828.0,2.1357361195364276e-06
97.0,2.136691983397615e-06
6607.0,2.136793602313881e-06
3773.0,2.136863279032086e-06
2113.0,2.137405449744213e-06
9852.0,2.137866086391015e-06
19535.0,2.13840575816799e-06
19398.0,2.138781294359908e-06
11162.0,2.138900533252006e-06
19334.0,2.1406490245470497e-06
14124.0,2.141558688862995e-06
10270.0,2.141887981568962e-06
14887.0,2.1421179833257578e-06
10020.0,2.142571144880595e-06
1472.0,2.1426201532491545e-06
1728.0,2.143297456512477e-06
8313.0,2.1434695704613046e-06
2237.0,2.144421126283639e-06
15318.0,2.1446504463943536e-06
4360.0,2.145443852448661e-06
17162.0,2.1461385472851763e-06
10144.0,2.1463012441031398e-06
4362.0,2.1466278441050195e-06
19591.0,2.1485476932810175e-06
12099.0,2.1490303452331364e-06
9510.0,2.1503797402735882e-06
3368.0,2.1517239613812284e-06
8230.0,2.152247512218103e-06
9482.0,2.1525009371980554e-06
12780.0,2.153330191250277e-06
3315.0,2.1535865584168513e-06
252.0,2.154524048588911e-06
7782.0,2.154573356254316e-06
15439.0,2.1548253732479318e-06
11181.0,2.1551483436120034e-06
18408.0,2.1563338413678273e-06
3594.0,2.1571270487642392e-06
11765.0,2.1582631879443982e-06
11432.0,2.1597237845631034e-06
15994.0,2.15974703721206e-06
7057.0,2.1612881293216536e-06
7641.0,2.162799784607039e-06
7683.0,2.1630906001503647e-06
3529.0,2.1653529920567476e-06
18973.0,2.1653903474041943e-06
18986.0,2.166685260050154e-06
9101.0,2.166975102630433e-06
4212.0,2.167096848488935e-06
1815.0,2.1672070339511458e-06
1719.0,2.168402143377359e-06
4486.0,2.1690701563659223e-06
7988.0,2.169160510047247e-06
15565.0,2.1698594655228175e-06
7519.0,2.1703894439811965e-06
6217.0,2.170746349980529e-06
421.0,2.1710752488383558e-06
11850.0,2.1711826151770403e-06
6540.0,2.173320800630863e-06
11530.0,2.173998812870497e-06
18580.0,2.1741111410073486e-06
15420.0,2.1747685090938385e-06
6905.0,2.174783100474313e-06
4341.0,2.17528544060374e-06
2619.0,2.175300280387924e-06
18285.0,2.1760929508120957e-06
8673.0,2.1761003574586155e-06
2361.0,2.1779895651911206e-06
5097.0,2.1791105366928295e-06
14507.0,2.1791369665238645e-06
9820.0,2.1791667079020484e-06
15818.0,2.1798244546046984e-06
12748.0,2.1803787383368795e-06
4489.0,2.181421285845585e-06
12865.0,2.1817129428808786e-06
8638.0,2.1822761639494027e-06
17267.0,2.1823983716648224e-06
3588.0,2.1827875348619564e-06
18333.0,2.183151362036613e-06
7193.0,2.1841070595190303e-06
13689.0,2.185735298417375e-06
12945.0,2.186121529642475e-06
6622.0,2.1864493438617564e-06
11667.0,2.1864699680737643e-06
17830.0,2.186582581825222e-06
8669.0,2.186976458194199e-06
6700.0,2.191506467389449e-06
2988.0,2.192265919194486e-06
11308.0,2.1929986994774658e-06
5819.0,2.1934370254863595e-06
8481.0,2.1936810624294702e-06
13881.0,2.1946820062554144e-06
9943.0,2.1950248871117778e-06
18385.0,2.1979446821664587e-06
12132.0,2.1979715504285e-06
7816.0,2.198357447663117e-06
13132.0,2.2003868559236145e-06
13856.0,2.2021280884995782e-06
17182.0,2.202142290338651e-06
15766.0,2.2022336555210448e-06
10462.0,2.2029191147860726e-06
9996.0,2.2032793228200582e-06
17653.0,2.2037686239552005e-06
11949.0,2.204574373726844e-06
4801.0,2.205235279536975e-06
6408.0,2.205315012718217e-06
15853.0,2.2068942052408306e-06
17507.0,2.207246695276011e-06
18396.0,2.2075646499434814e-06
14735.0,2.209562909387433e-06
13437.0,2.2097317664752588e-06
17393.0,2.2098810505717382e-06
11978.0,2.210609999168422e-06
19228.0,2.211582665829844e-06
315.0,2.212067021974225e-06
13633.0,2.2124154022859646e-06
8696.0,2.2150712678257227e-06
16824.0,2.2163184151919324e-06
8074.0,2.2167253106996793e-06
9993.0,2.218850362804851e-06
15305.0,2.219667155958806e-06
13321.0,2.220297533045519e-06
228.0,2.220360115805177e-06
18138.0,2.22095077268325e-06
14022.0,2.2210102677005484e-06
10399.0,2.2214348843282404e-06
19429.0,2.2223196255119635e-06
10919.0,2.2237904470530666e-06
11075.0,2.224186279879524e-06
14861.0,2.2248894909681958e-06
9222.0,2.225069663550503e-06
16516.0,2.228321709346224e-06
1482.0,2.228414528150959e-06
6480.0,2.228415598662037e-06
10575.0,2.230197730251188e-06
6255.0,2.2316313708377423e-06
14830.0,2.232061385639703e-06
17695.0,2.234945303825061e-06
10332.0,2.2351749255101398e-06
4279.0,2.2352880925532044e-06
18000.0,2.2362620039987323e-06
16264.0,2.236585313464862e-06
8718.0,2.237531682673911e-06
19528.0,2.2386710514961495e-06
18906.0,2.240025178553632e-06
7535.0,2.240407283581806e-06
7798.0,2.2409141246371246e-06
6222.0,2.2409748229380197e-06
1936.0,2.2411505949080248e-06
7055.0,2.242240797493663e-06
683.0,2.242795120774194e-06
4.0,2.242934050035498e-06
976.0,2.2431900816447245e-06
18196.0,2.24404797901977e-06
2755.0,2.2456982807088506e-06
4919.0,2.245733445930486e-06
5617.0,2.246490273776554e-06
13663.0,2.2467747093207878e-06
9775.0,2.2471334505211087e-06
11827.0,2.248574601698104e-06
9607.0,2.2527472892895798e-06
2121.0,2.2543159681671464e-06
13555.0,2.2543880863687975e-06
3999.0,2.2544621499656925e-06
1177.0,2.2556029272023725e-06
7197.0,2.2574763508535644e-06
13731.0,2.258420031708074e-06
6031.0,2.2587248576247426e-06
8634.0,2.2589978211935148e-06
5693.0,2.2590213822408307e-06
3103.0,2.259069878569992e-06
12113.0,2.2607026999996246e-06
18001.0,2.260902369370569e-06
17805.0,2.2610307133305927e-06
15958.0,2.262220617769249e-06
7082.0,2.2624259048895736e-06
9610.0,2.2630567267518107e-06
14264.0,2.2633198432523176e-06
7951.0,2.2636299817136706e-06
47.0,2.2647339004873813e-06
9821.0,2.265478909250364e-06
11513.0,2.2667571320387797e-06
1276.0,2.267303597056148e-06
9046.0,2.271073584432968e-06
7807.0,2.271493222617766e-06
2427.0,2.271775733384298e-06
112.0,2.272337406989841e-06
4887.0,2.2733458587605365e-06
15460.0,2.273949268924105e-06
17862.0,2.2744522495843984e-06
357.0,2.276072063956388e-06
81.0,2.2761689710878713e-06
16533.0,2.2773667951029047e-06
13476.0,2.2775329104686082e-06
839.0,2.278463677095787e-06
17574.0,2.2788913090561397e-06
6008.0,2.280395976501673e-06
11375.0,2.282958373039216e-06
15175.0,2.28352498511976e-06
4691.0,2.2835686005198094e-06
16687.0,2.287059334881558e-06
17601.0,2.287865529788334e-06
1749.0,2.2894045497321985e-06
8169.0,2.2896874725413376e-06
2328.0,2.290101336649893e-06
6756.0,2.2902161146096786e-06
11703.0,2.2903183116134e-06
9301.0,2.290345585290981e-06
8213.0,2.2906129132327035e-06
13244.0,2.290853056234473e-06
2476.0,2.290934290240926e-06
7301.0,2.2911488195426806e-06
8672.0,2.2913548651625162e-06
913.0,2.29375739095805e-06
9181.0,2.2941496563418095e-06
10608.0,2.295565221671309e-06
8364.0,2.296550736417822e-06
8921.0,2.2972181467028868e-06
15989.0,2.298031025897305e-06
18193.0,2.2980839463246144e-06
15283.0,2.298290771318366e-06
2336.0,2.2982910992383187e-06
12040.0,2.298298596394821e-06
14907.0,2.2989013532271804e-06
15854.0,2.2989018132946186e-06
3631.0,2.299041029069549e-06
14582.0,2.30149538883868e-06
19673.0,2.3018174494708294e-06
4013.0,2.3026111711499106e-06
13801.0,2.3036201943296216e-06
259.0,2.303840835200002e-06
9514.0,2.305257664347161e-06
14332.0,2.3057519478123917e-06
19609.0,2.30604563557284e-06
10944.0,2.306702083259028e-06
16411.0,2.307210796974532e-06
18945.0,2.3084262037630633e-06
13355.0,2.308675922517203e-06
12816.0,2.309345199468982e-06
5331.0,2.3104806732282434e-06
16482.0,2.3104965122525664e-06
13530.0,2.310664177752627e-06
144.0,2.3118307151269556e-06
2812.0,2.3133968459485893e-06
3705.0,2.313678836815713e-06
91.0,2.3139234265538287e-06
2483.0,2.314035642638449e-06
19464.0,2.314143358584891e-06
14133.0,2.3148218768190796e-06
11067.0,2.315079899408182e-06
15222.0,2.3153384369649215e-06
12093.0,2.315896962576592e-06
9958.0,2.3163069980726457e-06
10659.0,2.3181339384733385e-06
16561.0,2.318218100513258e-06
4696.0,2.3188785116564954e-06
10883.0,2.3193317331117997e-06
1131.0,2.321945874705509e-06
14216.0,2.322263727475401e-06
7014.0,2.3226218853054495e-06
4163.0,2.3237619273914713e-06
14763.0,2.3258872734764225e-06
10422.0,2.3292037830914088e-06
15442.0,2.3292211233433615e-06
3611.0,2.329502513664636e-06
13522.0,2.33030307460541e-06
13329.0,2.330841489568525e-06
18506.0,2.3312376102357344e-06
19814.0,2.3318551717990314e-06
10245.0,2.332906726562207e-06
4124.0,2.3337601988459e-06
9308.0,2.3337842440972203e-06
13862.0,2.33379683957461e-06
18442.0,2.3347052761450323e-06
18397.0,2.334870199691794e-06
10015.0,2.335594947575576e-06
5311.0,2.3364627143060394e-06
1478.0,2.337120417778635e-06
12196.0,2.337712425619443e-06
1261.0,2.337820949297484e-06
13730.0,2.3379181436960586e-06
14038.0,2.340569985929673e-06
2504.0,2.340602896450122e-06
15188.0,2.3406680982883503e-06
4908.0,2.340707212865253e-06
10636.0,2.341205906266915e-06
14979.0,2.3418818588158024e-06
7482.0,2.344627636292346e-06
18256.0,2.3455266812041577e-06
324.0,2.345611258060805e-06
6351.0,2.345876434303431e-06
13315.0,2.3462849289378843e-06
15221.0,2.346300567746009e-06
16020.0,2.3469294217203594e-06
9249.0,2.3472169738697993e-06
5793.0,2.348122633844657e-06
603.0,2.348178231256034e-06
10130.0,2.3484581971260494e-06
5733.0,2.3485306918290213e-06
5187.0,2.348704085212783e-06
1666.0,2.3505577436448717e-06
13784.0,2.3509072883168907e-06
517.0,2.350919848980773e-06
18480.0,2.3534121766472678e-06
8154.0,2.353992049745969e-06
4708.0,2.3542576877855777e-06
7346.0,2.3553132316321745e-06
7480.0,2.3554830397983143e-06
3121.0,2.3568063415497206e-06
18586.0,2.356912208621497e-06
2847.0,2.3569396772752697e-06
4547.0,2.35845568064446e-06
10644.0,2.3588877048947517e-06
14994.0,2.358987219194921e-06
17738.0,2.3590436012630315e-06
7345.0,2.3596337149442155e-06
6996.0,2.3605364059073852e-06
14872.0,2.361672387279439e-06
4827.0,2.362187794897826e-06
17840.0,2.362328864556252e-06
18840.0,2.362674168179306e-06
17866.0,2.3629842589155015e-06
3946.0,2.3643458523230425e-06
15827.0,2.3651076251598716e-06
6581.0,2.366031605387777e-06
8697.0,2.3664258436768146e-06
5632.0,2.3668678572718242e-06
2338.0,2.3682596812446972e-06
17793.0,2.3683909542228294e-06
6266.0,2.368888787030474e-06
13412.0,2.3697760843013813e-06
8931.0,2.3723478793900276e-06
18314.0,2.3731124329664785e-06
1066.0,2.3735285926003238e-06
8675.0,2.3749186602291697e-06
10285.0,2.3749194271024166e-06
3902.0,2.375211093838572e-06
12820.0,2.3759854775388882e-06
5618.0,2.376042253360955e-06
9150.0,2.3762631265982275e-06
15743.0,2.37679133083491e-06
19552.0,2.3779657058462972e-06
19078.0,2.3781215333838374e-06
18929.0,2.3805613610479277e-06
7917.0,2.380715166893331e-06
3703.0,2.3843065458982976e-06
17800.0,2.384585209917796e-06
9941.0,2.385427972295935e-06
19495.0,2.385967634894336e-06
18254.0,2.3872015217818014e-06
14686.0,2.3872794764517338e-06
7658.0,2.3878038390529572e-06
9066.0,2.387806738471878e-06
1898.0,2.3879067312993783e-06
15659.0,2.3912328341933585e-06
10487.0,2.3933695789964244e-06
16081.0,2.3955514906353365e-06
17943.0,2.3957873717993565e-06
923.0,2.396331042471922e-06
17700.0,2.397683712978824e-06
1843.0,2.397939484848117e-06
11481.0,2.3982514126261533e-06
14779.0,2.3993458534866355e-06
8913.0,2.399402720674895e-06
17378.0,2.3997668697674706e-06
1139.0,2.3998134430570367e-06
9959.0,2.4008689577582377e-06
14847.0,2.401835052946276e-06
1050.0,2.40185251763126e-06
1056.0,2.402584957964534e-06
878.0,2.4029165936897714e-06
5237.0,2.4029320847416983e-06
8851.0,2.405020904556122e-06
6557.0,2.4063937419817154e-06
11250.0,2.4081804691850465e-06
413.0,2.40836154581404e-06
6409.0,2.410201985225083e-06
17846.0,2.4104296157847296e-06
9231.0,2.4109616382994565e-06
15556.0,2.4110176204574586e-06
14114.0,2.4110311703780686e-06
1227.0,2.411221153802387e-06
13674.0,2.41180866693339e-06
3279.0,2.413340334471652e-06
11438.0,2.4149779642751424e-06
15929.0,2.415960523109984e-06
16301.0,2.418320262976245e-06
10024.0,2.4185909944306567e-06
16266.0,2.4186848742082877e-06
18162.0,2.4195832281413264e-06
9196.0,2.4200187965368356e-06
2807.0,2.4205842471082795e-06
15786.0,2.423523345722075e-06
11314.0,2.424094270302327e-06
14369.0,2.424453036058757e-06
8439.0,2.426337230355056e-06
6714.0,2.4263671900240362e-06
4273.0,2.4263687568544927e-06
18888.0,2.4266652657077508e-06
2355.0,2.4268210979630095e-06
18667.0,2.4280403166165705e-06
14276.0,2.428914028639634e-06
1444.0,2.429373554422171e-06
18691.0,2.429521094683854e-06
14278.0,2.4308099152999057e-06
13980.0,2.4312755873361437e-06
13362.0,2.4315689499850087e-06
10405.0,2.4321117428965416e-06
14154.0,2.432316415095247e-06
16466.0,2.4324944975314105e-06
12542.0,2.4324951826537054e-06
2762.0,2.432600526281363e-06
15354.0,2.4341689046205793e-06
11757.0,2.4346107635240882e-06
17309.0,2.4357236503378406e-06
428.0,2.4364297195589765e-06
2712.0,2.4368945392036908e-06
15010.0,2.43690634506689e-06
3812.0,2.43695305200231e-06
733.0,2.4371310182764326e-06
18833.0,2.4383344127523557e-06
2363.0,2.438382828092592e-06
16943.0,2.438570854794005e-06
984.0,2.438861566744456e-06
3872.0,2.4398090814685987e-06
19567.0,2.4402794722249222e-06
6572.0,2.4406662400455303e-06
893.0,2.4408188472479967e-06
1634.0,2.440856899584812e-06
14833.0,2.44085756700068e-06
9844.0,2.440933985766469e-06
11474.0,2.4429534729821376e-06
7707.0,2.44355359193355e-06
7697.0,2.443991993408812e-06
3018.0,2.4444984334837598e-06
17706.0,2.445055690277503e-06
3545.0,2.445606763726518e-06
11365.0,2.447112628016947e-06
19447.0,2.4473211347188807e-06
19074.0,2.4477890093987237e-06
2935.0,2.4484458285859646e-06
5932.0,2.449654997925844e-06
15236.0,2.449672738387578e-06
9780.0,2.449841836704072e-06
19554.0,2.4499622149037386e-06
8281.0,2.449996795436538e-06
9413.0,2.4506995124062912e-06
4350.0,2.4507087418729995e-06
16259.0,2.45083086035419e-06
15736.0,2.4514445942981888e-06
15307.0,2.451589695328259e-06
5656.0,2.45216056536792e-06
15983.0,2.452449442211566e-06
13815.0,2.4539626209175498e-06
7633.0,2.4540441594694163e-06
11743.0,2.4541341757696653e-06
4009.0,2.4546519608612226e-06
11681.0,2.4548104838084745e-06
7626.0,2.455163580785395e-06
18286.0,2.4553233712576964e-06
15516.0,2.4562218646074454e-06
8420.0,2.456268804337862e-06
6976.0,2.4562948300034243e-06
18101.0,2.456428223771464e-06
13949.0,2.456816013804331e-06
1745.0,2.457644616212078e-06
2344.0,2.457877733692183e-06
11682.0,2.4581996769036623e-06
7899.0,2.4592340027307764e-06
1107.0,2.4592610369520447e-06
17813.0,2.4592729152078183e-06
337.0,2.4595648367606975e-06
8229.0,2.459708798260584e-06
444.0,2.4600774551629814e-06
18644.0,2.4601612037389847e-06
10019.0,2.4606918935111295e-06
11965.0,2.4644287345586435e-06
15280.0,2.4647729619425738e-06
15044.0,2.4650664299823545e-06
10754.0,2.46640219125353e-06
10870.0,2.46696050222186e-06
5181.0,2.4672859457234693e-06
4551.0,2.468138697155215e-06
13728.0,2.4685737432453652e-06
6102.0,2.468591688478336e-06
17291.0,2.4689768885523426e-06
18845.0,2.4693745942273517e-06
19394.0,2.469927104457053e-06
15065.0,2.4700713592517507e-06
1700.0,2.4702019501128855e-06
2927.0,2.472908820857558e-06
14558.0,2.474901517555074e-06
1880.0,2.4749682736460304e-06
11894.0,2.4750580049909556e-06
14324.0,2.4755325929582817e-06
7031.0,2.4761650790876986e-06
17584.0,2.47640342265238e-06
4564.0,2.476671667740806e-06
8012.0,2.4768767504495023e-06
17018.0,2.4773823262829766e-06
11647.0,2.4782684027864743e-06
7891.0,2.4783780476632378e-06
16110.0,2.4805816925632575e-06
8118.0,2.4811536941874713e-06
9341.0,2.4822446394498554e-06
539.0,2.482507212196937e-06
2666.0,2.4837141210904592e-06
1649.0,2.48550396304102e-06
20006.0,2.486521085883804e-06
11315.0,2.487369563028504e-06
17714.0,2.487495330549226e-06
19232.0,2.489605301067885e-06
11059.0,2.49028586962588e-06
13787.0,2.4914010228708986e-06
12615.0,2.491861798326502e-06
16323.0,2.4928796540937974e-06
6955.0,2.493011423374184e-06
2500.0,2.4934115775278774e-06
9379.0,2.4941882043876664e-06
18435.0,2.4943209097027535e-06
5340.0,2.4967162241618804e-06
4718.0,2.49733077688259e-06
12554.0,2.4975040324336305e-06
18885.0,2.497707409931174e-06
13125.0,2.499492248197763e-06
18099.0,2.4995493923700297e-06
6121.0,2.501312397558523e-06
1708.0,2.502259359907203e-06
12659.0,2.5038319324692476e-06
18048.0,2.504489842168637e-06
2866.0,2.507668547959283e-06
746.0,2.509346885250296e-06
1679.0,2.510286274573686e-06
8761.0,2.511504358149357e-06
3312.0,2.5122067868845007e-06
18865.0,2.5126556243807913e-06
17196.0,2.5142767570510965e-06
4717.0,2.5142918972195128e-06
13539.0,2.514375447060562e-06
7061.0,2.5145423623321025e-06
18462.0,2.514658049458712e-06
13634.0,2.5156604659063023e-06
339.0,2.5168925081744667e-06
18915.0,2.517393710751555e-06
11818.0,2.517815845671045e-06
5721.0,2.5178656446127504e-06
11554.0,2.5196862362660245e-06
13738.0,2.520184777656124e-06
8893.0,2.5209694218372493e-06
6534.0,2.523252910891918e-06
8776.0,2.523322051322851e-06
3972.0,2.523556806715985e-06
5913.0,2.52405885098197e-06
17633.0,2.5241407976121903e-06
17664.0,2.524606765229321e-06
15145.0,2.5254973510666946e-06
7323.0,2.5256683925351617e-06
14800.0,2.526433684104889e-06
12041.0,2.527501883038231e-06
6601.0,2.527582388692335e-06
11996.0,2.5281581216892555e-06
9437.0,2.5290537931242327e-06
11498.0,2.529309799860552e-06
14350.0,2.5294277635473945e-06
19592.0,2.5305455683127892e-06
7317.0,2.531822627023474e-06
4400.0,2.5328917031698746e-06
4537.0,2.5330646317513556e-06
13267.0,2.533992772201981e-06
4410.0,2.534066074533806e-06
18697.0,2.534451344320449e-06
8679.0,2.5348179968432805e-06
12483.0,2.5362839868757257e-06
7166.0,2.53679152030544e-06
124.0,2.5370309319067514e-06
2410.0,2.537208951043293e-06
10756.0,2.5374809744675563e-06
9848.0,2.537663279372923e-06
13952.0,2.537749826728898e-06
7685.0,2.5394904728607953e-06
15762.0,2.5412190377808477e-06
15173.0,2.541298366873676e-06
18579.0,2.541663647944661e-06
14464.0,2.5439298182896267e-06
9905.0,2.544087610101846e-06
17401.0,2.5443647916618423e-06
3957.0,2.5445099739291384e-06
9030.0,2.5455033845178815e-06
13281.0,2.5456103235391688e-06
2902.0,2.546785188593914e-06
9214.0,2.5468003967197354e-06
7094.0,2.5484392701428864e-06
2788.0,2.54863057467389e-06
7955.0,2.5486752437091135e-06
4503.0,2.5543104574917737e-06
9123.0,2.5550549282379395e-06
380.0,2.55573586700411e-06
17987.0,2.5558353458314903e-06
13964.0,2.5567140905640516e-06
9169.0,2.5578733081971976e-06
9418.0,2.5582394333630296e-06
1750.0,2.560012331966448e-06
17929.0,2.5609453961995074e-06
8898.0,2.561124985788275e-06
5325.0,2.561138583553912e-06
3295.0,2.562133977673502e-06
7333.0,2.5627370738647827e-06
160.0,2.562958002087875e-06
5204.0,2.5632074656314344e-06
8503.0,2.564070873601151e-06
809.0,2.5644260275631935e-06
19857.0,2.5644911100970894e-06
277.0,2.564634024845732e-06
15778.0,2.564977009320656e-06
5070.0,2.5655576964954735e-06
19512.0,2.56658631453414e-06
10908.0,2.567127865872355e-06
1004.0,2.5684529778319736e-06
407.0,2.56863250147543e-06
6341.0,2.5709394844505333e-06
15510.0,2.5711035578918523e-06
1156.0,2.5719779286060013e-06
944.0,2.5725293561236292e-06
17802.0,2.5743917727643207e-06
15710.0,2.5756315829911564e-06
6493.0,2.576760300498306e-06
16023.0,2.5770365130423845e-06
10236.0,2.5776618951185358e-06
4849.0,2.5777898925103482e-06
8259.0,2.5785293638279072e-06
10507.0,2.579929722615574e-06
4988.0,2.5801166264829033e-06
13919.0,2.580168698714119e-06
1.0,2.5810748814310034e-06
2798.0,2.5818856342016506e-06
5748.0,2.5820829563407696e-06
8946.0,2.582466260277306e-06
18111.0,2.58248934148729e-06
9060.0,2.584181855076625e-06
10287.0,2.5864883181351953e-06
19270.0,2.58711017492844e-06
13173.0,2.5872071575348543e-06
11116.0,2.587291920805591e-06
6358.0,2.587836836287949e-06
18222.0,2.5878705611585015e-06
19771.0,2.5892682959443894e-06
6907.0,2.590168010712268e-06
19357.0,2.5925103703586828e-06
1438.0,2.593176429526894e-06
8811.0,2.5934516609482417e-06
19823.0,2.5948170174767647e-06
13068.0,2.5956138204423802e-06
11209.0,2.59577675889143e-06
3809.0,2.5963709991291486e-06
14894.0,2.5972646120378256e-06
2869.0,2.5975584684031903e-06
1520.0,2.597710842964777e-06
12852.0,2.5998835683670346e-06
646.0,2.599907024682716e-06
10781.0,2.6008485577938202e-06
5371.0,2.601139023429715e-06
935.0,2.6012482944422853e-06
56.0,2.601831935953347e-06
852.0,2.601970011958355e-06
14857.0,2.6028379037040727e-06
11880.0,2.6038580929952677e-06
2461.0,2.60390117522465e-06
8971.0,2.6039233059385425e-06
18346.0,2.604732744255258e-06
2481.0,2.6049452381227023e-06
19762.0,2.604992164564736e-06
16508.0,2.606536094137879e-06
4943.0,2.6068591259179095e-06
11913.0,2.6078236015757522e-06
3225.0,2.6093449071894183e-06
2540.0,2.6101297699610128e-06
6339.0,2.610683914310732e-06
14401.0,2.6108078606894376e-06
14952.0,2.611087342389697e-06
11527.0,2.6117166076446273e-06
13177.0,2.611818562606281e-06
4525.0,2.6137727198861105e-06
9433.0,2.6143503052510347e-06
572.0,2.6147736600645995e-06
5663.0,2.6154998278103536e-06
3099.0,2.616183482509595e-06
1508.0,2.6162832673122593e-06
9104.0,2.6163462753087237e-06
17602.0,2.616631623102138e-06
2210.0,2.6182690855165304e-06
7850.0,2.6185885363514278e-06
9002.0,2.6189329767347746e-06
16806.0,2.619279457047536e-06
9554.0,2.6192876210205587e-06
5223.0,2.6193847152339755e-06
10841.0,2.619822841386279e-06
15373.0,2.621757707256617e-06
15621.0,2.6221730979109384e-06
11330.0,2.622422400349982e-06
6770.0,2.6227265257154475e-06
173.0,2.6235331351649643e-06
8742.0,2.623775715086579e-06
1219.0,2.6241940182427134e-06
9550.0,2.6242458065118096e-06
10568.0,2.6249187733957205e-06
3213.0,2.625123439412588e-06
15665.0,2.626876028949295e-06
3268.0,2.627322295614461e-06
14810.0,2.6276227797233456e-06
7864.0,2.628157918620663e-06
10004.0,2.6290753209792944e-06
2990.0,2.629139213851898e-06
19983.0,2.62953737423447e-06
7587.0,2.6313795599975664e-06
651.0,2.6320378599575747e-06
9520.0,2.6337617919754924e-06
19855.0,2.63460670402351e-06
8462.0,2.634849153766923e-06
16796.0,2.6356951024115316e-06
342.0,2.6368058737267555e-06
1257.0,2.637291788755963e-06
10099.0,2.6376803088964098e-06
13577.0,2.6382316754176218e-06
10076.0,2.6394290340310274e-06
5613.0,2.6419443479709163e-06
1990.0,2.642074681112775e-06
8472.0,2.6423615882448064e-06
18955.0,2.6428123635246323e-06
15220.0,2.6441940472971084e-06
2772.0,2.6452050314465272e-06
8273.0,2.6454945813912763e-06
2633.0,2.64568341061853e-06
8275.0,2.647130079590924e-06
17823.0,2.6474482010567077e-06
13112.0,2.647540155491538e-06
5623.0,2.6489127900723677e-06
5394.0,2.6500299278842485e-06
10026.0,2.6511637164848004e-06
2529.0,2.651165154404246e-06
3584.0,2.651706314026285e-06
3601.0,2.651911733619455e-06
14793.0,2.653458051728004e-06
7722.0,2.6538029615029186e-06
10431.0,2.654461343736167e-06
6224.0,2.6559060540848693e-06
17409.0,2.656444643603562e-06
13857.0,2.656671528712342e-06
10917.0,2.656810491160354e-06
7983.0,2.6576771944177876e-06
1262.0,2.6585718340595133e-06
2893.0,2.660159007146358e-06
13354.0,2.661344735385411e-06
15381.0,2.662299787910355e-06
9106.0,2.6625214162565456e-06
5053.0,2.6626021720353416e-06
17857.0,2.6636866861828835e-06
9885.0,2.664140037593775e-06
9235.0,2.6650924250017246e-06
1570.0,2.6656734216537267e-06
5929.0,2.6658258497627007e-06
15619.0,2.6663274470783877e-06
42.0,2.6670658535358567e-06
11149.0,2.667371954863271e-06
3749.0,2.6684894188569973e-06
19318.0,2.670244763258653e-06
9034.0,2.67066315052888e-06
9677.0,2.671215037677279e-06
1188.0,2.671713501982772e-06
18874.0,2.6722943131368295e-06
17571.0,2.672967820460632e-06
2016.0,2.673359915492806e-06
8000.0,2.674025848181643e-06
13810.0,2.6742475979555674e-06
8733.0,2.6747599235168318e-06
578.0,2.67486123937749e-06
19519.0,2.674950551693133e-06
13353.0,2.6754486165166236e-06
11950.0,2.676057702112455e-06
14019.0,2.6763279665470013e-06
5871.0,2.67687426494586e-06
15465.0,2.6770987149413975e-06
11604.0,2.6777983107166577e-06
1800.0,2.6795101607607037e-06
11980.0,2.680465969259338e-06
1825.0,2.682024691602162e-06
4460.0,2.6820367150198165e-06
6491.0,2.682274381639011e-06
9245.0,2.6830554491046817e-06
17898.0,2.683291464959131e-06
13464.0,2.6849487189210914e-06
11525.0,2.685466534596478e-06
1190.0,2.6859173212724617e-06
18992.0,2.6874692929713512e-06
18402.0,2.687502717132312e-06
4110.0,2.688324155158221e-06
8167.0,2.688648516589915e-06
7097.0,2.6898767005008345e-06
12478.0,2.690584062813457e-06
3709.0,2.6933012857904253e-06
12114.0,2.694312927415111e-06
13314.0,2.6944450479728656e-06
2778.0,2.695691078267286e-06
14866.0,2.6970302439244842e-06
16762.0,2.6975324696214147e-06
11376.0,2.697970783300881e-06
11137.0,2.69833942371267e-06
1372.0,2.698482217898351e-06
9540.0,2.700822974736356e-06
17763.0,2.701203415094931e-06
5423.0,2.7046536796873633e-06
4184.0,2.7059616068571197e-06
1483.0,2.7076080885642974e-06
2207.0,2.7079585610428367e-06
18990.0,2.708434038586896e-06
16837.0,2.7087797176495703e-06
1753.0,2.709029572018847e-06
14149.0,2.710794220300442e-06
17195.0,2.7114068691178543e-06
17922.0,2.7116699752667796e-06
5695.0,2.71219436774974e-06
2587.0,2.71255217259e-06
1297.0,2.713211183350048e-06
15977.0,2.7137612084467058e-06
7216.0,2.7166407897474884e-06
17211.0,2.7172456783720566e-06
5661.0,2.7174909145403275e-06
11244.0,2.7180427845816463e-06
15101.0,2.719497700433899e-06
18199.0,2.7195453768647146e-06
5224.0,2.719631789992613e-06
7795.0,2.720067899735597e-06
15456.0,2.720480096331936e-06
1763.0,2.72237862069335e-06
2559.0,2.722478217711989e-06
4574.0,2.723449206055821e-06
12020.0,2.723545142647332e-06
6599.0,2.723726010361032e-06
11648.0,2.725710656833053e-06
9479.0,2.7267301955414735e-06
8041.0,2.727145367459769e-06
230.0,2.727340898184491e-06
13036.0,2.7277854846141567e-06
16103.0,2.7291906884386036e-06
19996.0,2.7299574072850832e-06
9239.0,2.7311063743266485e-06
11709.0,2.732182673667967e-06
6020.0,2.732535817462462e-06
1994.0,2.733823077626823e-06
2973.0,2.7360288575469644e-06
18224.0,2.736081981110149e-06
15626.0,2.7366720878303443e-06
13019.0,2.7367916348040042e-06
7207.0,2.7388344039253326e-06
7593.0,2.7415661375250275e-06
4785.0,2.7417702451643995e-06
14938.0,2.741837096380312e-06
17297.0,2.74183925826831e-06
1652.0,2.742183039275603e-06
9815.0,2.7435638984662637e-06
7188.0,2.7458252605401163e-06
11535.0,2.7464963771109285e-06
5244.0,2.746796568832584e-06
14651.0,2.7473167833863965e-06
11010.0,2.748049726297946e-06
19881.0,2.7481312980193964e-06
10639.0,2.748994331885181e-06
13678.0,2.750650152328616e-06
17095.0,2.751483158448146e-06
11920.0,2.7533156319275905e-06
14049.0,2.75340036995725e-06
7687.0,2.7548838639832906e-06
3865.0,2.7558115833582913e-06
19799.0,2.756654624098936e-06
1008.0,2.758358193922297e-06
16694.0,2.7584948917713325e-06
18407.0,2.759402918816406e-06
5665.0,2.7599786296203577e-06
15752.0,2.7610117006114574e-06
8754.0,2.7640661572417774e-06
3082.0,2.7648599391552476e-06
10160.0,2.7649193912336038e-06
4530.0,2.7649231062612573e-06
16941.0,2.7649576010360413e-06
13995.0,2.766262902928265e-06
7791.0,2.7667118084418956e-06
12791.0,2.767466243411572e-06
6455.0,2.7676053504392418e-06
15545.0,2.7715276050003254e-06
6308.0,2.7715953264683064e-06
18337.0,2.7722829384770077e-06
17966.0,2.772335593153789e-06
14455.0,2.7739026370979373e-06
19208.0,2.7756021660970934e-06
15512.0,2.7770794784052053e-06
9829.0,2.7771088804587163e-06
12540.0,2.777187925615111e-06
641.0,2.777590281581885e-06
18818.0,2.7776930818713283e-06
14817.0,2.7778147757921183e-06
19065.0,2.777907529961544e-06
3914.0,2.7787695693391562e-06
11206.0,2.7800996360246464e-06
5428.0,2.7801106238217896e-06
14975.0,2.7826233648585254e-06
14017.0,2.7834622108711777e-06
13342.0,2.7837851705326212e-06
5832.0,2.784386464110274e-06
14906.0,2.7853330380648734e-06
15418.0,2.785370799821064e-06
830.0,2.785751773838346e-06
12058.0,2.785858308754095e-06
11415.0,2.786665957257526e-06
15446.0,2.78681899634099e-06
14843.0,2.7876071561555325e-06
1606.0,2.7876277877651968e-06
5139.0,2.7892184685912006e-06
16031.0,2.7901681254077607e-06
10284.0,2.790411483633029e-06
10559.0,2.7905583018355085e-06
18837.0,2.7905984571102488e-06
4096.0,2.7936231391243038e-06
19256.0,2.793641376153718e-06
15282.0,2.7962071895865154e-06
11652.0,2.7964923077101003e-06
19863.0,2.7966792354057593e-06
7862.0,2.7971088130182192e-06
51.0,2.7971398213820405e-06
8989.0,2.7975176416945283e-06
8008.0,2.7975802859386417e-06
7507.0,2.7976389990219558e-06
15865.0,2.7980737521683406e-06
4265.0,2.798830367768457e-06
4535.0,2.799517418625541e-06
4359.0,2.799553089499247e-06
3555.0,2.8006793805066298e-06
17419.0,2.801697722584207e-06
15450.0,2.8018274477654355e-06
12095.0,2.8024687287663767e-06
11255.0,2.802567160542839e-06
6877.0,2.803771801917708e-06
7437.0,2.8070311180598433e-06
14851.0,2.8077743456230165e-06
13794.0,2.8077889674417645e-06
6786.0,2.809160106685691e-06
17585.0,2.8091830898938524e-06
16826.0,2.8091995921043646e-06
18679.0,2.8096492202679843e-06
1018.0,2.8104478790521306e-06
4738.0,2.8105920140202075e-06
15106.0,2.8112770493241825e-06
19120.0,2.811647554613206e-06
19094.0,2.8131748496057367e-06
13248.0,2.8133110925674056e-06
16589.0,2.8138426095071207e-06
6288.0,2.814841970791151e-06
8018.0,2.8155109939450956e-06
4431.0,2.815556580366761e-06
9300.0,2.816318316300929e-06
15143.0,2.818236411470354e-06
13569.0,2.819214265241663e-06
16489.0,2.819895048297443e-06
3582.0,2.820008207925727e-06
6929.0,2.82226707913849e-06
9714.0,2.822987268088138e-06
5017.0,2.8231418023715115e-06
2389.0,2.8237505725052486e-06
12598.0,2.8237577839615245e-06
15321.0,2.8241647497041956e-06
17627.0,2.8258262179499896e-06
9923.0,2.8262797325887977e-06
14849.0,2.8264270241128497e-06
14318.0,2.8266971486854565e-06
18059.0,2.826796507583471e-06
18568.0,2.826806278800073e-06
4929.0,2.827580636454474e-06
395.0,2.8278105541571126e-06
16917.0,2.8279211102641665e-06
11225.0,2.830016364780953e-06
8297.0,2.8305122431517738e-06
9100.0,2.8319720164729784e-06
14534.0,2.8339184340233877e-06
2591.0,2.833950273673151e-06
8644.0,2.8346973821290215e-06
5749.0,2.834713891317647e-06
12683.0,2.8348272843659617e-06
19505.0,2.8353839960020947e-06
13596.0,2.8370290679933915e-06
744.0,2.839508638358765e-06
1454.0,2.8405785786610173e-06
11967.0,2.841492326157887e-06
311.0,2.8436324472632814e-06
17424.0,2.843714785969286e-06
19314.0,2.8441999192785612e-06
656.0,2.8444887025041815e-06
14366.0,2.844736388718001e-06
17737.0,2.8457805533338275e-06
6062.0,2.8461996620039758e-06
13826.0,2.84733160355359e-06
14834.0,2.847464268738104e-06
8162.0,2.8488351822764543e-06
7648.0,2.8498267603098983e-06
5935.0,2.8526159857203336e-06
8353.0,2.8539417856705517e-06
7062.0,2.854007806696471e-06
11838.0,2.8542203658242586e-06
7235.0,2.8545928996722243e-06
1282.0,2.854932742343676e-06
5694.0,2.8560999798154163e-06
8645.0,2.857061920817016e-06
10591.0,2.858037295277511e-06
15650.0,2.860107997306918e-06
13359.0,2.860621626328375e-06
15266.0,2.8612255463137575e-06
11645.0,2.8614549001249064e-06
4183.0,2.8629922089240812e-06
6966.0,2.8645617784143953e-06
2123.0,2.8652223589845116e-06
19307.0,2.8666365318935764e-06
11398.0,2.8671073352233576e-06
11790.0,2.869086646075828e-06
17263.0,2.86934772948804e-06
2183.0,2.8702326092065766e-06
18527.0,2.870247150318949e-06
4692.0,2.8717182563187746e-06
12854.0,2.8719929868228946e-06
9957.0,2.8729485410699038e-06
6660.0,2.8732045068023154e-06
4178.0,2.8733663914535112e-06
17399.0,2.87415728123441e-06
12876.0,2.8757799146443048e-06
13040.0,2.8766928416606058e-06
2783.0,2.877342333220968e-06
18020.0,2.877359758032242e-06
18091.0,2.87839536264357e-06
1370.0,2.8784163464981194e-06
7466.0,2.8784335132476324e-06
15008.0,2.8796891463592283e-06
11196.0,2.881456539727852e-06
18418.0,2.8819919046989165e-06
15603.0,2.883176810625111e-06
10801.0,2.884188020634224e-06
18623.0,2.885108440645846e-06
593.0,2.8856311399388445e-06
8418.0,2.885875475793506e-06
9119.0,2.886197687075843e-06
3992.0,2.8866936744251012e-06
9336.0,2.8870539561445382e-06
5584.0,2.887355828615421e-06
14576.0,2.888011065543297e-06
11987.0,2.8880602491438406e-06
8785.0,2.888299521919227e-06
10876.0,2.8900688421118947e-06
9976.0,2.890352731676557e-06
7516.0,2.8920881081770255e-06
8678.0,2.892137881834843e-06
17964.0,2.8928418831541766e-06
8301.0,2.8939582394773018e-06
11870.0,2.893979190539e-06
6188.0,2.894185245945318e-06
7705.0,2.89576728541829e-06
3096.0,2.895899822753494e-06
19455.0,2.8973303905899298e-06
15956.0,2.8974746758657116e-06
2489.0,2.8986552746948843e-06
9253.0,2.8991329467228653e-06
7425.0,2.900918339650998e-06
8510.0,2.9012891743069694e-06
14365.0,2.9019964853240373e-06
4441.0,2.9035605977499436e-06
16176.0,2.9036833045588633e-06
2524.0,2.904356317250021e-06
6793.0,2.9044524694523903e-06
18988.0,2.9044600245828867e-06
6270.0,2.904686992838241e-06
13494.0,2.907942986430926e-06
4621.0,2.9088342821093838e-06
13418.0,2.910605703476183e-06
11881.0,2.9115165805539722e-06
14895.0,2.911959482090354e-06
12868.0,2.9129717515226223e-06
35.0,2.91304797299189e-06
13369.0,2.9131823664966706e-06
15429.0,2.913680886361645e-06
17167.0,2.914135953009911e-06
15529.0,2.915753864257755e-06
14037.0,2.918538931585996e-06
15491.0,2.9186310202574647e-06
10109.0,2.919191340648439e-06
16124.0,2.920363824359944e-06
11451.0,2.921100725060432e-06
8023.0,2.9217316904063775e-06
14330.0,2.922828671197357e-06
8983.0,2.92597892436032e-06
18403.0,2.927519333548079e-06
3651.0,2.9276929165395944e-06
27.0,2.92817571599961e-06
5093.0,2.9293585562929598e-06
18824.0,2.9307678972395747e-06
6207.0,2.931735867938979e-06
18857.0,2.9334597393543365e-06
12112.0,2.938451931015446e-06
4793.0,2.938928476690319e-06
16086.0,2.9396890041265704e-06
3294.0,2.9403754123379488e-06
10319.0,2.941957748624756e-06
10233.0,2.9421982981380142e-06
15016.0,2.9422570280201723e-06
18518.0,2.9437079390261737e-06
11153.0,2.944641720027058e-06
9007.0,2.9449903492647946e-06
11971.0,2.9454395764480434e-06
7790.0,2.946601095959559e-06
15843.0,2.9466926964028356e-06
13999.0,2.949406422283338e-06
5378.0,2.949609690434274e-06
693.0,2.9501406875259535e-06
9825.0,2.9511617220678787e-06
5965.0,2.9529849147422495e-06
8262.0,2.9535190541425654e-06
10059.0,2.9537843082831977e-06
6856.0,2.9539114627274845e-06
13772.0,2.954073892347924e-06
17829.0,2.9545552348206924e-06
7927.0,2.955133615056938e-06
17004.0,2.955345447005384e-06
19695.0,2.9558644999387887e-06
8403.0,2.9559038525592573e-06
19442.0,2.956645155969762e-06
215.0,2.9566736680526827e-06
17747.0,2.9580977479561665e-06
2383.0,2.9582892403996272e-06
751.0,2.958425197258651e-06
1945.0,2.9587227771024644e-06
14059.0,2.959881547228776e-06
17286.0,2.9608404995686633e-06
13637.0,2.962137558408288e-06
4948.0,2.9622317279702684e-06
13466.0,2.9622870236189156e-06
8677.0,2.9658989406925797e-06
19846.0,2.966616579745443e-06
17670.0,2.9671426138659466e-06
19381.0,2.9709035201230416e-06
15315.0,2.9717893010627708e-06
18416.0,2.971837294145812e-06
2495.0,2.972684038047037e-06
1594.0,2.9728424725477725e-06
12887.0,2.9754307757034086e-06
18605.0,2.9757171493394137e-06
15092.0,2.9770032995899024e-06
8982.0,2.979013209717513e-06
15310.0,2.9811003207161384e-06
1999.0,2.981478858626975e-06
17303.0,2.981667068531689e-06
15867.0,2.9819286807907066e-06
9467.0,2.983737426698509e-06
4064.0,2.9862371750362472e-06
13461.0,2.9863706427551637e-06
1626.0,2.987488336667021e-06
16444.0,2.987860740833387e-06
19160.0,2.988324107455107e-06
17521.0,2.988619241671417e-06
10683.0,2.989503754118579e-06
12573.0,2.9896877148060823e-06
10212.0,2.9908621372600783e-06
10823.0,2.99102043285783e-06
18014.0,2.991040845620162e-06
17251.0,2.991932878898039e-06
3893.0,2.9921180558236e-06
5568.0,2.9930602495950727e-06
3195.0,2.9932748016634578e-06
13804.0,2.993393229972777e-06
15931.0,2.993926539611205e-06
9190.0,2.9942095761250615e-06
12671.0,2.994716137319507e-06
14159.0,2.9963194748419314e-06
3451.0,2.996517193971482e-06
14240.0,2.9974915362106206e-06
3433.0,2.9976430154674273e-06
17864.0,2.9999128519846915e-06
2937.0,3.00117910779683e-06
1537.0,3.001283379971579e-06
2782.0,3.001791764825299e-06
5789.0,3.003804512621949e-06
14794.0,3.0043183376299254e-06
1893.0,3.004875886605407e-06
18236.0,3.007196836937851e-06
13505.0,3.0079577759286696e-06
9678.0,3.0090060896878563e-06
6564.0,3.0101335032981466e-06
14448.0,3.0143210060063903e-06
18157.0,3.0194136803243055e-06
5051.0,3.0195143353276667e-06
13162.0,3.020506466164678e-06
7727.0,3.022499446404771e-06
13401.0,3.0244544505878165e-06
1862.0,3.024498372536811e-06
15312.0,3.0281608855297793e-06
19260.0,3.028196919779103e-06
723.0,3.0298953752533216e-06
11964.0,3.030093180243633e-06
19763.0,3.030603649506889e-06
10348.0,3.03077009989909e-06
18185.0,3.032022570598233e-06
6989.0,3.0327117064213893e-06
9096.0,3.0343703634636013e-06
7763.0,3.035027196281709e-06
1932.0,3.0353285143650355e-06
13380.0,3.0354241521905516e-06
9226.0,3.035518580730438e-06
10334.0,3.035588805954035e-06
16233.0,3.0374563445127672e-06
5730.0,3.0379916342229534e-06
3393.0,3.038511263736883e-06
19498.0,3.0395213285048907e-06
11130.0,3.040637896115012e-06
9138.0,3.041071179490931e-06
8725.0,3.042675851622476e-06
16913.0,3.0433735124910674e-06
11188.0,3.0441559437711887e-06
17760.0,3.044183934276529e-06
11106.0,3.0460540580849662e-06
6010.0,3.046430551965141e-06
12590.0,3.046749118343442e-06
912.0,3.0475653146418134e-06
3518.0,3.047598018661481e-06
5106.0,3.0477829779983383e-06
633.0,3.048105982028596e-06
14526.0,3.0481314952352165e-06
2477.0,3.048624646148377e-06
5631.0,3.0490548319355194e-06
11300.0,3.050103913603967e-06
18609.0,3.0545187968156624e-06
5698.0,3.0568027457065926e-06
5968.0,3.0581000191296233e-06
8649.0,3.0601663427739455e-06
7130.0,3.0616758077194667e-06
10046.0,3.0630300435670195e-06
6073.0,3.0631669424114046e-06
17461.0,3.0641386846226507e-06
3612.0,3.0647395630667777e-06
2076.0,3.065049110734516e-06
6318.0,3.067067138265875e-06
19071.0,3.067258594525892e-06
2799.0,3.067663431164854e-06
19332.0,3.070313296802924e-06
10075.0,3.0704432079273266e-06
630.0,3.0707590556498082e-06
8002.0,3.071155376190732e-06
12850.0,3.0761719065606535e-06
573.0,3.0762200250956165e-06
15618.0,3.0768096299481903e-06
11307.0,3.07714575340512e-06
8109.0,3.0774039938654753e-06
8780.0,3.077616978050265e-06
8145.0,3.077795129582593e-06
5039.0,3.0780529182122524e-06
16032.0,3.078062056732311e-06
15952.0,3.078666025042199e-06
68.0,3.079934173438535e-06
13626.0,3.0810333593390053e-06
4699.0,3.081840406585932e-06
14729.0,3.0819009605811567e-06
7548.0,3.082048920317352e-06
107.0,3.0821732461684275e-06
19329.0,3.083668877899063e-06
2096.0,3.086534729226788e-06
7994.0,3.087532218869523e-06
6760.0,3.088047427050863e-06
2159.0,3.0896939608156228e-06
18583.0,3.090475773278369e-06
19130.0,3.0906154065585275e-06
14499.0,3.0913180377531402e-06
6674.0,3.092067260072178e-06
12410.0,3.0921706174719264e-06
386.0,3.0923069713556298e-06
18718.0,3.094077728294735e-06
18940.0,3.094595310729895e-06
5411.0,3.0951879923995858e-06
4543.0,3.096064107642061e-06
4930.0,3.0980642641909996e-06
14527.0,3.0994453425629147e-06
914.0,3.0998711521825565e-06
15712.0,3.100128430194126e-06
2234.0,3.1007219629967114e-06
19667.0,3.1008010964883143e-06
6875.0,3.101063327359217e-06
18294.0,3.102238832696528e-06
8875.0,3.106559827671235e-06
17017.0,3.1068118426441953e-06
11186.0,3.109183897373508e-06
18858.0,3.1096298785182516e-06
14088.0,3.1106638959812543e-06
19490.0,3.1112949358431757e-06
19419.0,3.1123614493352593e-06
2597.0,3.112534197633116e-06
385.0,3.1125364966517437e-06
8948.0,3.113096031992128e-06
13763.0,3.113627836002006e-06
7769.0,3.114202116986261e-06
4058.0,3.115482858342729e-06
15048.0,3.1156263230437583e-06
17392.0,3.116740637245571e-06
5657.0,3.1202793173162498e-06
2349.0,3.1223188533449718e-06
19341.0,3.122669731650032e-06
6791.0,3.123118354742721e-06
11621.0,3.1231740462259152e-06
13605.0,3.1241524258558563e-06
2889.0,3.124567729176735e-06
1373.0,3.124715387278631e-06
7945.0,3.125200716172007e-06
1290.0,3.1253169938439304e-06
2511.0,3.1253459841973188e-06
14477.0,3.125773610087141e-06
18142.0,3.1258258257506933e-06
10573.0,3.126376087204183e-06
4924.0,3.1276297018515544e-06
4180.0,3.127979174182372e-06
14692.0,3.1284235901234587e-06
17272.0,3.130427507430239e-06
9166.0,3.1312539513491422e-06
17175.0,3.1312588390765636e-06
70.0,3.132089780993119e-06
13435.0,3.1327871776437983e-06
14680.0,3.132938605956097e-06
5651.0,3.1335375674739697e-06
8080.0,3.136495978654211e-06
6312.0,3.136941997506453e-06
9557.0,3.137495381952477e-06
17360.0,3.1375787811604613e-06
6028.0,3.138076110336692e-06
16998.0,3.138444368895846e-06
8597.0,3.1385408263799694e-06
6850.0,3.1390638915059096e-06
7090.0,3.1399960970286138e-06
3536.0,3.140488696645137e-06
13902.0,3.141361440859539e-06
10804.0,3.142423188240301e-06
6862.0,3.1433447895052304e-06
15724.0,3.143372344285189e-06
10037.0,3.14351531050919e-06
465.0,3.144006459003506e-06
10874.0,3.144154645138808e-06
7064.0,3.145037970202197e-06
6325.0,3.1457200824729726e-06
11380.0,3.1458695976691526e-06
528.0,3.1463590140073805e-06
7980.0,3.146806345780938e-06
19784.0,3.148503993360878e-06
10071.0,3.1488672525684843e-06
13769.0,3.1510791541348453e-06
15610.0,3.1518287967246705e-06
18572.0,3.152504425103806e-06
9730.0,3.152710182334915e-06
16362.0,3.153524472555216e-06
13229.0,3.1550140295942002e-06
3464.0,3.1562268060107484e-06
10372.0,3.15654674756541e-06
9991.0,3.157206290605666e-06
13710.0,3.1581842177713153e-06
17104.0,3.158259278347954e-06
11610.0,3.1609378023524616e-06
13278.0,3.1612117845545346e-06
2270.0,3.1614985504118793e-06
8923.0,3.16313296172971e-06
5274.0,3.1631542983514328e-06
18982.0,3.1634366561560087e-06
15523.0,3.1641215995629402e-06
1861.0,3.1650387345870543e-06
7119.0,3.1657888326635927e-06
10503.0,3.1677070972684586e-06
3303.0,3.1679469237207465e-06
18816.0,3.1680406222386737e-06
7168.0,3.169452336771265e-06
18391.0,3.1694940896657814e-06
10259.0,3.1701906129477867e-06
8063.0,3.17037621163394e-06
13501.0,3.170945473342635e-06
3929.0,3.1724174881325516e-06
10864.0,3.172453076304912e-06
18090.0,3.1727965323718645e-06
16903.0,3.1728770428293076e-06
14010.0,3.1736041941379916e-06
17285.0,3.1736117650056317e-06
8289.0,3.1753925187812946e-06
1796.0,3.1765172472478338e-06
6964.0,3.1779919500754915e-06
16070.0,3.178778890167201e-06
16528.0,3.1829165472274716e-06
6350.0,3.182944612111794e-06
14537.0,3.1829675489818584e-06
12111.0,3.183031461376055e-06
2590.0,3.1855468842515705e-06
17709.0,3.1868362547001402e-06
15811.0,3.187123243720117e-06
10715.0,3.187626336227152e-06
18652.0,3.192736674898275e-06
404.0,3.1936140230320957e-06
8287.0,3.197935616566245e-06
96.0,3.204339899184207e-06
10301.0,3.2047569651080097e-06
18607.0,3.206686843964789e-06
1306.0,3.207766225046433e-06
4759.0,3.2093165104906636e-06
2715.0,3.209328737857593e-06
5824.0,3.2093618450837784e-06
13348.0,3.2104954843955162e-06
17995.0,3.2138501008622233e-06
7126.0,3.2141154881264206e-06
891.0,3.214430380960453e-06
9357.0,3.214478818467972e-06
3574.0,3.215380450333346e-06
15036.0,3.2154529671265418e-06
3400.0,3.2158326697058936e-06
5799.0,3.2166270715926235e-06
17686.0,3.216659108367666e-06
7334.0,3.2173317589503967e-06
3630.0,3.2188438809987843e-06
16068.0,3.2205255156324188e-06
17089.0,3.221922568241375e-06
4520.0,3.2226707928614524e-06
6206.0,3.223875577625847e-06
8415.0,3.2247845525898186e-06
9773.0,3.22655770242244e-06
16345.0,3.227808434501108e-06
10904.0,3.2284705020343913e-06
2691.0,3.2289370501192415e-06
15185.0,3.2293855637368918e-06
2890.0,3.2326263264200015e-06
18762.0,3.2335495672932567e-06
18487.0,3.234608657305727e-06
143.0,3.2350677676636264e-06
16603.0,3.235208072752011e-06
5914.0,3.23521763147436e-06
1776.0,3.237606917040521e-06
1802.0,3.2377465256018906e-06
9417.0,3.239148960810652e-06
1988.0,3.2401049568792595e-06
10814.0,3.240439355132528e-06
3115.0,3.2432078079154755e-06
11071.0,3.2432802018425043e-06
8473.0,3.245830221989729e-06
19888.0,3.245893820762684e-06
5410.0,3.2465145479577835e-06
8711.0,3.2466691961941754e-06
635.0,3.2478501374903128e-06
4315.0,3.248076321046123e-06
18156.0,3.2489296387153745e-06
6632.0,3.2490847617374583e-06
3829.0,3.250590546991122e-06
10536.0,3.25289465199537e-06
8511.0,3.2529066824681967e-06
18308.0,3.2554849726733994e-06
164.0,3.2557538014745814e-06
10566.0,3.255777201040649e-06
7781.0,3.258821304094423e-06
870.0,3.2589536764036685e-06
2536.0,3.2602803280176316e-06
17005.0,3.2606380049315228e-06
15083.0,3.261653454713848e-06
10612.0,3.2627482169357123e-06
3858.0,3.2631119055241826e-06
17839.0,3.265804695917451e-06
7242.0,3.2661968378442585e-06
5926.0,3.266442642715921e-06
21.0,3.270618407706737e-06
18348.0,3.2708461775974727e-06
3269.0,3.271344440428139e-06
2572.0,3.2732180247728655e-06
11992.0,3.274454786805692e-06
18996.0,3.2753164929377242e-06
3571.0,3.275481747880652e-06
13339.0,3.27641683092042e-06
8440.0,3.277473896021403e-06
11347.0,3.27855917992762e-06
17052.0,3.27873177265208e-06
5964.0,3.280624675162867e-06
11671.0,3.280747803586824e-06
19058.0,3.2835308393850723e-06
9573.0,3.2836930887133253e-06
1696.0,3.2849531294324607e-06
14748.0,3.2863400039708418e-06
11319.0,3.2868576775495803e-06
8664.0,3.2878543332949315e-06
8825.0,3.2884649632713877e-06
1924.0,3.288807241604056e-06
2585.0,3.2892848813700358e-06
317.0,3.290177219073457e-06
1681.0,3.290572755479936e-06
10135.0,3.290798281663225e-06
13262.0,3.291359871522846e-06
12777.0,3.29199224282591e-06
10096.0,3.2925443219794513e-06
9646.0,3.2929403954266674e-06
6424.0,3.293401360335906e-06
3673.0,3.2967638480544855e-06
7738.0,3.2972792805200935e-06
15259.0,3.297734365773807e-06
13578.0,3.2978377793923185e-06
5833.0,3.2989981532431853e-06
9711.0,3.299889655824843e-06
7710.0,3.3016227343683848e-06
4893.0,3.3025246496479045e-06
15581.0,3.3054360161777286e-06
12574.0,3.305619191044053e-06
1698.0,3.3075102215881846e-06
11710.0,3.308142398480156e-06
14873.0,3.3090767641527516e-06
17801.0,3.309754430817378e-06
11144.0,3.3123459758332137e-06
11072.0,3.312552161674597e-06
18166.0,3.312676054069248e-06
6250.0,3.3138845732287713e-06
19391.0,3.3142934732873264e-06
15099.0,3.3154588002115786e-06
2664.0,3.3186006109533925e-06
14840.0,3.318807707288725e-06
516.0,3.319131866012649e-06
3916.0,3.319558579559108e-06
2934.0,3.320010701126762e-06
510.0,3.3225134266529956e-06
11777.0,3.3227890968649575e-06
9847.0,3.324767239067535e-06
4188.0,3.325399666726356e-06
17561.0,3.325478634121738e-06
15522.0,3.3272454833773278e-06
464.0,3.3272762212215295e-06
6171.0,3.327312499876061e-06
18016.0,3.3281568085955465e-06
19767.0,3.3285070705319926e-06
14740.0,3.3288767304932265e-06
9824.0,3.328890534845266e-06
1947.0,3.3300827761299174e-06
12057.0,3.3326792317767974e-06
14736.0,3.333445618293842e-06
15232.0,3.3359417342881476e-06
3989.0,3.3360131793201983e-06
19608.0,3.3372415975587313e-06
9478.0,3.3374142855194536e-06
2983.0,3.338955307916411e-06
9799.0,3.3394565172489986e-06
15339.0,3.340424166253098e-06
15322.0,3.3425228376052045e-06
8236.0,3.34307338235297e-06
11341.0,3.345577758541203e-06
247.0,3.3457187311824486e-06
2595.0,3.345748369010569e-06
8445.0,3.3469582813183053e-06
2009.0,3.3471696856325565e-06
15625.0,3.347677831783429e-06
2513.0,3.3479100486930616e-06
18534.0,3.348122709795486e-06
19527.0,3.349482805280369e-06
4987.0,3.3499852630958906e-06
10078.0,3.3501123272784962e-06
10061.0,3.351857490081991e-06
13630.0,3.353580243021375e-06
8637.0,3.35389164706418e-06
10385.0,3.353953456400583e-06
4026.0,3.355133950266945e-06
2815.0,3.3574383980463933e-06
5525.0,3.3593674847374758e-06
19062.0,3.3600021750003036e-06
11719.0,3.361464495615414e-06
9310.0,3.3633912620024828e-06
3056.0,3.3637045328746826e-06
1743.0,3.364322194931373e-06
1682.0,3.364400386634543e-06
1311.0,3.364960951747523e-06
9369.0,3.3653840439442882e-06
9422.0,3.365443964309701e-06
1710.0,3.3663647365747695e-06
11593.0,3.366631894344711e-06
15079.0,3.3678022799045063e-06
2668.0,3.3692216986423555e-06
7602.0,3.371889343126064e-06
19285.0,3.3722054334728364e-06
12356.0,3.3729622355469767e-06
7492.0,3.374853585885626e-06
19845.0,3.3749239146336008e-06
749.0,3.375472332760667e-06
13232.0,3.3756942251192794e-06
16606.0,3.375871068525069e-06
771.0,3.3773236194390698e-06
992.0,3.3773381375108252e-06
793.0,3.3773583896481193e-06
14967.0,3.378475084268465e-06
583.0,3.378726958985629e-06
6736.0,3.3799771762764627e-06
3027.0,3.3806620565550146e-06
7774.0,3.381756887102455e-06
419.0,3.3867978211589813e-06
6285.0,3.387330769228395e-06
8334.0,3.388207621428132e-06
18730.0,3.3882542888922603e-06
7734.0,3.3898889966728803e-06
13595.0,3.3910819948131187e-06
13562.0,3.3910957930946275e-06
7689.0,3.393308824430376e-06
6647.0,3.393802614675709e-06
10599.0,3.3944423085112007e-06
4063.0,3.3951428786793795e-06
2326.0,3.39613646712011e-06
9088.0,3.396642164929292e-06
6296.0,3.3970513499089223e-06
19511.0,3.397753811359859e-06
13802.0,3.397794952629166e-06
14079.0,3.3980485140719037e-06
5942.0,3.399234213259744e-06
9356.0,3.3996917116477836e-06
4122.0,3.4009780274122706e-06
16990.0,3.4011570522790247e-06
19383.0,3.4027090151589485e-06
717.0,3.4041034125572632e-06
18604.0,3.405232384701333e-06
302.0,3.4059509214221166e-06
1000.0,3.406522259217984e-06
6208.0,3.4066316946143544e-06
16434.0,3.4079422693573568e-06
16083.0,3.4093360243753905e-06
17241.0,3.4093582278329037e-06
802.0,3.4097539406529363e-06
18253.0,3.4101932563381005e-06
2991.0,3.4103084273326264e-06
9522.0,3.413952628566152e-06
14459.0,3.415848455334519e-06
5025.0,3.4158634395699293e-06
18213.0,3.4170272481166612e-06
4247.0,3.417455034939757e-06
15037.0,3.4175460220539655e-06
2740.0,3.4177060732594036e-06
13448.0,3.418727943265577e-06
15370.0,3.4201081153389724e-06
8794.0,3.4204537916189633e-06
19781.0,3.421882457101843e-06
11163.0,3.4224945170007413e-06
15941.0,3.4239154334215098e-06
17732.0,3.4243175201358556e-06
8930.0,3.4261798951133575e-06
3066.0,3.427671892394283e-06
18489.0,3.429903707937712e-06
3247.0,3.432232577135879e-06
17043.0,3.432680760821483e-06
2208.0,3.434289004805208e-06
9121.0,3.4343678876241445e-06
19057.0,3.434729691762414e-06
5764.0,3.435519017795213e-06
15655.0,3.4359986950161595e-06
752.0,3.4367097603438068e-06
8715.0,3.4369344005036343e-06
12581.0,3.436967483481946e-06
5994.0,3.439721856375843e-06
2805.0,3.4400915565960814e-06
5355.0,3.440968439345399e-06
2508.0,3.4426845386922768e-06
4729.0,3.4427262277563213e-06
13376.0,3.445096385226528e-06
13550.0,3.4459391616636393e-06
15400.0,3.445951015954089e-06
8745.0,3.4462106634931976e-06
12832.0,3.4463950699494286e-06
15233.0,3.4477632289481893e-06
3783.0,3.4483641152951366e-06
3190.0,3.4536714896602494e-06
16829.0,3.454185661476176e-06
12637.0,3.454314012619803e-06
15081.0,3.45464144287161e-06
14550.0,3.4546815394445777e-06
198.0,3.456566881687607e-06
4239.0,3.456980666434037e-06
6322.0,3.457399429195256e-06
358.0,3.4576223310342815e-06
9011.0,3.459324220767698e-06
6957.0,3.4600070026548015e-06
18736.0,3.4603625296590753e-06
13444.0,3.461360597680377e-06
14563.0,3.4634010429615433e-06
11828.0,3.464536810452283e-06
12559.0,3.4686008276284106e-06
16246.0,3.469958596173651e-06
7419.0,3.471479866657012e-06
18682.0,3.4724857609620247e-06
4864.0,3.4726786249172666e-06
7051.0,3.4740839512397093e-06
13722.0,3.47521947501021e-06
13324.0,3.475682803325085e-06
11766.0,3.4760811924527794e-06
4138.0,3.4765668698237153e-06
7314.0,3.477348068546413e-06
18710.0,3.4779811865589733e-06
14001.0,3.478345923876533e-06
16117.0,3.4786551072696328e-06
9692.0,3.4805180593328237e-06
922.0,3.4810250179629297e-06
9735.0,3.4863148452499488e-06
18274.0,3.4870133807458435e-06
4554.0,3.488622448009945e-06
15404.0,3.4898058589160343e-06
14115.0,3.4923097895581543e-06
2938.0,3.492635074429696e-06
18354.0,3.492846417542041e-06
7844.0,3.494396457673481e-06
7596.0,3.4945627976402498e-06
18584.0,3.4945945244072573e-06
15047.0,3.4953899834310612e-06
19431.0,3.497150080749839e-06
13484.0,3.4974013153899274e-06
7576.0,3.5003815837677055e-06
12034.0,3.5005557392470614e-06
6608.0,3.500933803425344e-06
758.0,3.5014327518064105e-06
17968.0,3.5053079912306433e-06
12587.0,3.5055875647423246e-06
1091.0,3.5068497817851628e-06
11082.0,3.507622402762686e-06
3887.0,3.508205025666134e-06
14631.0,3.508235579579256e-06
15189.0,3.5087420056637284e-06
18977.0,3.5104683689590663e-06
11219.0,3.5130725104283707e-06
19389.0,3.5161141890800923e-06
15478.0,3.5174322018582813e-06
16920.0,3.5177769108090883e-06
11168.0,3.5192395877874546e-06
18277.0,3.5202367907110723e-06
15208.0,3.521373419540733e-06
17059.0,3.52381082524297e-06
13423.0,3.5258856337935922e-06
8907.0,3.525943340513098e-06
16037.0,3.5263817375531917e-06
12592.0,3.5265611201788246e-06
3663.0,3.5266792159275317e-06
7472.0,3.5305276033662797e-06
1509.0,3.531282926542753e-06
8178.0,3.533557163338397e-06
18269.0,3.5338289190599724e-06
14747.0,3.534888037781172e-06
2373.0,3.5355904185000466e-06
7361.0,3.536428507819791e-06
18107.0,3.5365336533204033e-06
5671.0,3.537280583110887e-06
13350.0,3.5378572339052307e-06
5329.0,3.538411488851624e-06
12608.0,3.5413302907281348e-06
7495.0,3.5422052948066706e-06
19891.0,3.5445015432601762e-06
1891.0,3.545717888866091e-06
14103.0,3.5470160685705164e-06
9683.0,3.547446900462454e-06
5363.0,3.548882283873476e-06
16738.0,3.548997337849751e-06
5037.0,3.5494844296885347e-06
6508.0,3.551010407846869e-06
18509.0,3.551080373047984e-06
17407.0,3.552047866281758e-06
10818.0,3.552855463061529e-06
12710.0,3.5531207463646816e-06
14996.0,3.5532099788472834e-06
269.0,3.5532474929617916e-06
16412.0,3.553542668276192e-06
18946.0,3.556885481328461e-06
15993.0,3.556973407157206e-06
2345.0,3.557761685710982e-06
13960.0,3.5583085252946355e-06
5308.0,3.5585918034395785e-06
14427.0,3.5602540042160278e-06
4787.0,3.561790858222019e-06
6169.0,3.5618558570099933e-06
2680.0,3.5653100575665646e-06
5771.0,3.5675401724025064e-06
10132.0,3.5677549229404206e-06
4666.0,3.5685077815500204e-06
2966.0,3.570331099350953e-06
7547.0,3.57133601915174e-06
5722.0,3.571983564195223e-06
4197.0,3.5722987823891398e-06
11065.0,3.573317970667841e-06
13478.0,3.575543644726659e-06
1271.0,3.57572928119737e-06
7976.0,3.577289650272188e-06
132.0,3.5799227687808126e-06
7501.0,3.5805311633122497e-06
7755.0,3.5805894232377417e-06
8812.0,3.5809009669113107e-06
4513.0,3.5835629169891376e-06
7497.0,3.5841160956279104e-06
13077.0,3.5847838162549316e-06
11927.0,3.5851003237387616e-06
11829.0,3.585549011920552e-06
6400.0,3.5870553940982953e-06
4586.0,3.5875494378589126e-06
11561.0,3.5896943214709835e-06
16432.0,3.590453871945686e-06
18221.0,3.5907178972277216e-06
2662.0,3.5937059267487383e-06
7276.0,3.5956861068771983e-06
13750.0,3.597646137579342e-06
15832.0,3.598194644589591e-06
12967.0,3.5985070349437614e-06
9463.0,3.598997717197363e-06
3046.0,3.5998171842701534e-06
19803.0,3.600826576981634e-06
5395.0,3.602528557858628e-06
10214.0,3.6033143722051386e-06
18781.0,3.6045735334679453e-06
6813.0,3.604791665702312e-06
13472.0,3.605996193346777e-06
3038.0,3.6091653870699683e-06
12741.0,3.609192272558959e-06
627.0,3.6094734218913044e-06
13508.0,3.611184447995692e-06
2027.0,3.6120193084696332e-06
1835.0,3.612385123353443e-06
17623.0,3.6183776225221847e-06
787.0,3.6193727720482008e-06
6450.0,3.6197340345564467e-06
17115.0,3.6219176382465605e-06
1405.0,3.622363656704946e-06
15438.0,3.6223878615024787e-06
15252.0,3.6234321817944475e-06
5874.0,3.6237542148395033e-06
12606.0,3.6242703772414495e-06
8624.0,3.624557825866511e-06
3199.0,3.6252916255105705e-06
2615.0,3.626193671019665e-06
3967.0,3.6281854606737584e-06
19692.0,3.629304191927109e-06
8668.0,3.6314504247809326e-06
9715.0,3.6318785529493575e-06
3307.0,3.6322133945482787e-06
15859.0,3.6332686405193394e-06
14444.0,3.6338190179379413e-06
4682.0,3.6345217302499107e-06
5619.0,3.634612556953134e-06
9904.0,3.635837108674739e-06
12871.0,3.6359748901177445e-06
15900.0,3.6411786735603335e-06
4935.0,3.642798763888877e-06
11221.0,3.643360917254693e-06
12580.0,3.6445775271812656e-06
1001.0,3.645249602390728e-06
19750.0,3.6456348583067647e-06
3575.0,3.645868869396354e-06
7525.0,3.6460752506934065e-06
7147.0,3.64660506051262e-06
17388.0,3.6470088031032858e-06
16928.0,3.6512824316808993e-06
15795.0,3.651944306421327e-06
4375.0,3.6528460464003657e-06
6956.0,3.6532204729181504e-06
19680.0,3.6532393314620023e-06
2066.0,3.656081464893261e-06
6440.0,3.657266295087662e-06
298.0,3.6595760981880574e-06
906.0,3.660450568565076e-06
1808.0,3.6608037524815825e-06
14406.0,3.6628849869412887e-06
13606.0,3.6644012322840498e-06
7446.0,3.664681585118275e-06
1412.0,3.6651044489209636e-06
11353.0,3.665474045668197e-06
3864.0,3.6661317075460998e-06
2425.0,3.6668733903262295e-06
17780.0,3.667668246646534e-06
1523.0,3.6693610204552794e-06
12638.0,3.669552374672162e-06
4418.0,3.6696013635790634e-06
6689.0,3.6705370546137095e-06
1849.0,3.6705842850531828e-06
19822.0,3.6717534090985243e-06
16221.0,3.67451540164692e-06
6229.0,3.675466145139807e-06
7269.0,3.6758104026965854e-06
14185.0,3.676002251460492e-06
11756.0,3.6775166212148283e-06
17050.0,3.6777890138198144e-06
5230.0,3.6794309203505503e-06
1510.0,3.68025250251945e-06
17595.0,3.6842558533056377e-06
5735.0,3.6845236521715444e-06
7770.0,3.6850318701156438e-06
19362.0,3.6859305380894676e-06
18450.0,3.686864698682591e-06
13047.0,3.6878406345430043e-06
15444.0,3.6879312001192347e-06
8101.0,3.6892571425342713e-06
10235.0,3.689599619242286e-06
4408.0,3.690603711404587e-06
9117.0,3.6910001470715367e-06
7085.0,3.6911662885859003e-06
10505.0,3.691778500376492e-06
12042.0,3.6925287625371575e-06
19202.0,3.6931889034347627e-06
2193.0,3.6932325891896054e-06
6404.0,3.693399851320469e-06
7000.0,3.6936598664905606e-06
8876.0,3.6942214882354503e-06
2087.0,3.694521579583582e-06
15975.0,3.6946672543087486e-06
18937.0,3.698943923365917e-06
16509.0,3.6990495322303766e-06
19344.0,3.7016284152755365e-06
15653.0,3.7020301984291102e-06
19526.0,3.7028537151878813e-06
15620.0,3.7037086554953715e-06
7001.0,3.7093184301935305e-06
9590.0,3.710373427709509e-06
15888.0,3.7113078429481147e-06
10605.0,3.712200466617188e-06
19774.0,3.712924311250559e-06
19854.0,3.7140900419464275e-06
13535.0,3.71678502471734e-06
14004.0,3.717130201501412e-06
2885.0,3.7175660636968964e-06
9546.0,3.7208732255511703e-06
3982.0,3.721689990304632e-06
7170.0,3.7232811939325967e-06
11744.0,3.723369375228786e-06
15427.0,3.727538143877582e-06
165.0,3.7280298135984323e-06
11482.0,3.7294906374724545e-06
7544.0,3.729795470675472e-06
6926.0,3.7301929101547235e-06
14679.0,3.7301992830558325e-06
16786.0,3.731715442255283e-06
687.0,3.733269126682851e-06
2103.0,3.7336489856147514e-06
1511.0,3.734066240007548e-06
2493.0,3.735578593729297e-06
15457.0,3.7356223716808563e-06
16642.0,3.73563360592955e-06
5847.0,3.7363828012522796e-06
16938.0,3.7366375418077993e-06
153.0,3.7392752931329376e-06
8183.0,3.742156512492305e-06
19363.0,3.7425858763775696e-06
17860.0,3.7435378842532146e-06
416.0,3.744683678291007e-06
13330.0,3.7483346191576037e-06
9867.0,3.749255103042508e-06
19818.0,3.750763604571726e-06
17771.0,3.7546673815168853e-06
16061.0,3.7559156034782952e-06
14213.0,3.7562283180279035e-06
9498.0,3.756533063512184e-06
13415.0,3.756690579213731e-06
15998.0,3.7571683348420786e-06
11195.0,3.7573734729989484e-06
15194.0,3.759012151865451e-06
6575.0,3.7647398312061957e-06
11959.0,3.765165996264387e-06
518.0,3.765917891217944e-06
6792.0,3.7663410873586307e-06
15060.0,3.7678516729634623e-06
6389.0,3.768274886391033e-06
8975.0,3.768291242189597e-06
10901.0,3.7709436769977436e-06
8720.0,3.7718626979875497e-06
16870.0,3.7726507511525473e-06
5409.0,3.772688578605748e-06
9797.0,3.7756191218471423e-06
3924.0,3.776086698625763e-06
8368.0,3.7798920352666058e-06
7637.0,3.781046942874491e-06
13990.0,3.783761664202121e-06
19598.0,3.7841474229961075e-06
18083.0,3.7844465688227295e-06
6236.0,3.7852938248318495e-06
16315.0,3.785898595804571e-06
6509.0,3.786986497650599e-06
9398.0,3.787181920595578e-06
4979.0,3.7885574922942647e-06
17884.0,3.789153237124519e-06
15515.0,3.7901644515259906e-06
4743.0,3.7918497098467726e-06
6357.0,3.7928311942148455e-06
17381.0,3.7948510530428744e-06
7533.0,3.798910026849687e-06
10022.0,3.8004183519139784e-06
7143.0,3.8004609029077285e-06
11211.0,3.8007687044117792e-06
10364.0,3.800937071216508e-06
4788.0,3.801523926187276e-06
877.0,3.8015405311173286e-06
19182.0,3.8018918196241435e-06
8028.0,3.8021626904952654e-06
19890.0,3.802720550985712e-06
12819.0,3.803040422399632e-06
12572.0,3.803368542140406e-06
18035.0,3.804901227241706e-06
12262.0,3.805771728587747e-06
16478.0,3.807276352914533e-06
17141.0,3.807406123877322e-06
13308.0,3.810179195580492e-06
15566.0,3.8103961350797715e-06
17074.0,3.8123659719490187e-06
6185.0,3.8143010929614406e-06
19626.0,3.815017543020856e-06
9673.0,3.815134270126087e-06
9970.0,3.817091088541532e-06
994.0,3.817732881718866e-06
2602.0,3.817779766557646e-06
1697.0,3.817854447028319e-06
1196.0,3.818207395915119e-06
7179.0,3.818486363949181e-06
11273.0,3.818547591516424e-06
4870.0,3.819268735508639e-06
2023.0,3.81949834380259e-06
18395.0,3.820356373162441e-06
6704.0,3.8211123002839185e-06
18889.0,3.821529380634863e-06
15494.0,3.822516992402888e-06
12950.0,3.822575678421397e-06
18037.0,3.824165848903298e-06
2883.0,3.824880316930234e-06
282.0,3.825315095232076e-06
15624.0,3.825548123974553e-06
6256.0,3.827147331755341e-06
6422.0,3.829271400023596e-06
3560.0,3.830642221485098e-06
17168.0,3.83072030510029e-06
195.0,3.8308306986044605e-06
286.0,3.831256722088292e-06
16969.0,3.832598307566818e-06
4905.0,3.834939005257821e-06
7640.0,3.83812270716354e-06
1746.0,3.841047187006695e-06
6195.0,3.8428119176814e-06
18242.0,3.84393120948702e-06
18815.0,3.843981375965526e-06
4750.0,3.8440846957947696e-06
9769.0,3.844735517948626e-06
9247.0,3.845276847793819e-06
15300.0,3.8458364481633695e-06
14174.0,3.851281005960021e-06
8348.0,3.854794750072448e-06
3042.0,3.855681004813227e-06
8523.0,3.856546763465297e-06
3448.0,3.859135300665997e-06
1327.0,3.862281393905913e-06
17680.0,3.8629613260770984e-06
1068.0,3.864136912120785e-06
9386.0,3.864674242702217e-06
11751.0,3.867485860501513e-06
18522.0,3.871102412729145e-06
5066.0,3.871803245531247e-06
18514.0,3.872508212193357e-06
387.0,3.8729280032973e-06
11236.0,3.873686709308986e-06
16638.0,3.877664164085524e-06
9453.0,3.87768207256139e-06
6527.0,3.878712382274526e-06
14041.0,3.882974002777772e-06
1995.0,3.884892697671085e-06
11896.0,3.886169719658913e-06
15397.0,3.8870335813001774e-06
15533.0,3.887398803138539e-06
5287.0,3.8879668993396324e-06
264.0,3.888701563944382e-06
19539.0,3.89149162165965e-06
2115.0,3.893366851546238e-06
16921.0,3.893504178401551e-06
8290.0,3.893688006633333e-06
29.0,3.893781850886802e-06
11854.0,3.894660691240921e-06
1474.0,3.8952780403699e-06
3188.0,3.895914547468007e-06
2340.0,3.896096058246955e-06
13762.0,3.896149702154777e-06
13288.0,3.897809250939935e-06
4986.0,3.89903722519922e-06
548.0,3.8992449488112855e-06
9718.0,3.899979751685423e-06
2382.0,3.901673043878084e-06
937.0,3.903114201587964e-06
16885.0,3.903961225375748e-06
1022.0,3.9057211208087175e-06
649.0,3.907175120130739e-06
9977.0,3.9075862350767046e-06
6414.0,3.909972187245231e-06
13618.0,3.911092621689079e-06
1015.0,3.912022982909279e-06
5515.0,3.914607511778953e-06
7364.0,3.915311372979483e-06
8756.0,3.91683059432917e-06
15335.0,3.9183088748654864e-06
11781.0,3.920048279047333e-06
13212.0,3.921973764757963e-06
7145.0,3.922882703273066e-06
11302.0,3.923441996948115e-06
10866.0,3.924108412513831e-06
18362.0,3.925222377296253e-06
19050.0,3.925884674105509e-06
1775.0,3.927407755285122e-06
11885.0,3.927537601166305e-06
3618.0,3.928043052344133e-06
18822.0,3.92922473865447e-06
1752.0,3.929844034223269e-06
11815.0,3.930353062981324e-06
16329.0,3.933574923025756e-06
1143.0,3.935624974600312e-06
2249.0,3.9357253896850065e-06
12067.0,3.936293802178718e-06
6068.0,3.936573385562503e-06
9442.0,3.937140174698758e-06
17795.0,3.938654790236801e-06
6902.0,3.938972067316626e-06
11000.0,3.939130591017344e-06
6922.0,3.93943208220069e-06
534.0,3.939821231741271e-06
4683.0,3.940252652354794e-06
1144.0,3.940477031507498e-06
2616.0,3.9405705948555175e-06
1673.0,3.941073893255424e-06
20067.0,3.943687959220085e-06
16184.0,3.9439234069019936e-06
3174.0,3.945150499247626e-06
4590.0,3.946446710387759e-06
10254.0,3.946853113206458e-06
10445.0,3.953624658602525e-06
710.0,3.953843296874257e-06
7638.0,3.954564334268299e-06
13651.0,3.955325108027669e-06
16950.0,3.958031330689701e-06
15860.0,3.960199266700281e-06
8324.0,3.961315429579831e-06
15699.0,3.962139896937438e-06
13632.0,3.962468216680358e-06
13701.0,3.963645867808915e-06
18664.0,3.965622549488097e-06
211.0,3.966180981413245e-06
11134.0,3.966330764491917e-06
11183.0,3.967138151500184e-06
11988.0,3.968189540150014e-06
12872.0,3.968246284634787e-06
3803.0,3.968481309100545e-06
4337.0,3.968867862243565e-06
18524.0,3.972825043965594e-06
3890.0,3.973235613154603e-06
4286.0,3.974937064790935e-06
4884.0,3.976794126050745e-06
2253.0,3.978619622872442e-06
767.0,3.986046358207568e-06
6182.0,3.986819985934194e-06
7594.0,3.9876489453387926e-06
11644.0,3.987695780894111e-06
6980.0,3.987823678537433e-06
10685.0,3.989104959434771e-06
3051.0,3.990986202622739e-06
17260.0,3.99247922369135e-06
9584.0,3.995652164044915e-06
14161.0,3.997480114979159e-06
19623.0,3.998375286293184e-06
11590.0,3.9997869205475045e-06
13176.0,4.0044338917150105e-06
5046.0,4.005242651921793e-06
104.0,4.0063818642031165e-06
11439.0,4.006761369665751e-06
15821.0,4.007532756073756e-06
5555.0,4.010506343640106e-06
17525.0,4.010697050125394e-06
3203.0,4.0120129763792085e-06
18776.0,4.012243343626462e-06
13143.0,4.014330740744857e-06
18417.0,4.015822641171283e-06
18413.0,4.015863958956889e-06
7178.0,4.016532255556526e-06
16502.0,4.01773615405772e-06
10593.0,4.023935180139188e-06
15217.0,4.024574999640653e-06
6514.0,4.024971780745618e-06
13438.0,4.0260634103168965e-06
15525.0,4.0268484593484624e-06
12477.0,4.027475341624791e-06
18752.0,4.0276793521271134e-06
5124.0,4.02784756284472e-06
1934.0,4.02804531195019e-06
5742.0,4.028131101414563e-06
4158.0,4.02948910141055e-06
13379.0,4.029808202457886e-06
17439.0,4.030267090278187e-06
7013.0,4.031987467842116e-06
6627.0,4.032668775729075e-06
11232.0,4.033028397370366e-06
15966.0,4.033089473328466e-06
16492.0,4.035648197734487e-06
4825.0,4.036517588541623e-06
13320.0,4.0373104651669015e-06
16002.0,4.038368944658674e-06
10687.0,4.039862457620058e-06
14765.0,4.0402738025869e-06
15562.0,4.041530763286693e-06
15098.0,4.0443843314739545e-06
16307.0,4.045343696284554e-06
19536.0,4.04553955839688e-06
6395.0,4.047153195948463e-06
9841.0,4.047364227049241e-06
7407.0,4.047933928396198e-06
12090.0,4.048964523133154e-06
6380.0,4.049462704041627e-06
4928.0,4.050128640489227e-06
2079.0,4.050379610252121e-06
14417.0,4.050856078499903e-06
11024.0,4.050995166476896e-06
18365.0,4.054532868490077e-06
7461.0,4.056393706227748e-06
3406.0,4.05685510866041e-06
18594.0,4.057304870683935e-06
11685.0,4.057360589711412e-06
16439.0,4.057580295300558e-06
17217.0,4.061865309068164e-06
13053.0,4.062428544863505e-06
4898.0,4.062894186529966e-06
13405.0,4.06733169248532e-06
12656.0,4.067732808856622e-06
6679.0,4.070146380337672e-06
11906.0,4.070996282918272e-06
7004.0,4.071313260769749e-06
1703.0,4.071375631882803e-06
2008.0,4.07165607905427e-06
54.0,4.0724746179438074e-06
10942.0,4.073177890790922e-06
2803.0,4.075312474990305e-06
17253.0,4.077662308555677e-06
1963.0,4.077735325820871e-06
4521.0,4.0782275149616524e-06
5310.0,4.078335733460684e-06
14901.0,4.078428908757107e-06
6180.0,4.078469140714035e-06
18630.0,4.078487447541705e-06
16000.0,4.078646856974772e-06
11916.0,4.079170089001771e-06
3915.0,4.083222106443019e-06
3067.0,4.083285418556792e-06
6903.0,4.08349058818795e-06
7872.0,4.085440461411374e-06
4832.0,4.0856566205863445e-06
7866.0,4.088099990785977e-06
9139.0,4.089263284210954e-06
16051.0,4.09073229047508e-06
10583.0,4.092439625174654e-06
11101.0,4.093030936385702e-06
15596.0,4.094001123744872e-06
15150.0,4.096357486795079e-06
570.0,4.099553692281145e-06
2734.0,4.099848047765696e-06
8357.0,4.102720372119754e-06
10649.0,4.104127352460541e-06
4436.0,4.104469178714212e-06
735.0,4.104644857691225e-06
2931.0,4.104908827174041e-06
13586.0,4.105416834036635e-06
15281.0,4.107653492681808e-06
7127.0,4.1129826796359055e-06
16909.0,4.115002636131834e-06
3587.0,4.117221779986602e-06
8221.0,4.117520909074314e-06
14209.0,4.117931247437609e-06
7104.0,4.1180262232413825e-06
18229.0,4.119658316575529e-06
9668.0,4.119897445541847e-06
11006.0,4.120327187931964e-06
9854.0,4.1250338818943735e-06
14273.0,4.1273682999255605e-06
6248.0,4.12803313530394e-06
15658.0,4.128083916481449e-06
13529.0,4.128956087000755e-06
3777.0,4.130377942119037e-06
6805.0,4.13058693108994e-06
17887.0,4.131019941428982e-06
3360.0,4.131052600403429e-06
2399.0,4.131182101916862e-06
7204.0,4.1312966765695305e-06
11944.0,4.132806798091298e-06
18322.0,4.133736948495418e-06
3489.0,4.135839328419353e-06
7784.0,4.1384707415370205e-06
8232.0,4.141853499022263e-06
2539.0,4.1434527195006485e-06
7185.0,4.144227234029886e-06
16457.0,4.145028603181737e-06
17588.0,4.146008127085266e-06
4603.0,4.1463206882276885e-06
9889.0,4.1476468664858304e-06
11914.0,4.147785439589369e-06
13565.0,4.1483095280235174e-06
10706.0,4.14975631917711e-06
13598.0,4.149934305212565e-06
5110.0,4.151630858316103e-06
15984.0,4.151640563424713e-06
9738.0,4.1521576268509234e-06
5002.0,4.15225593299566e-06
3434.0,4.15255171333389e-06
5399.0,4.1544479840301315e-06
19780.0,4.155122902020208e-06
876.0,4.155342534685929e-06
6888.0,4.156347583072367e-06
9581.0,4.157073674135934e-06
19766.0,4.157205391855341e-06
11947.0,4.1579342752173685e-06
13167.0,4.157994529076662e-06
15453.0,4.15819839212246e-06
16578.0,4.158845852786426e-06
2308.0,4.161134026852184e-06
9912.0,4.164150170421114e-06
6510.0,4.166181863213161e-06
18414.0,4.167654432647497e-06
14960.0,4.168232970486358e-06
6141.0,4.168379942686807e-06
11092.0,4.168520599831711e-06
5719.0,4.168555014722081e-06
4949.0,4.170991144491284e-06
9545.0,4.171037731009298e-06
10338.0,4.1716524349966675e-06
2674.0,4.173162771435762e-06
4425.0,4.173197686626889e-06
1452.0,4.174378487299059e-06
18392.0,4.175190641189237e-06
19021.0,4.176136082137975e-06
423.0,4.177693648468568e-06
7056.0,4.181231965874283e-06
1027.0,4.182113480455473e-06
18912.0,4.184262290091082e-06
1462.0,4.185183690557591e-06
6076.0,4.185534267099921e-06
9073.0,4.18614188444934e-06
14789.0,4.186349841892417e-06
7889.0,4.1871928634197035e-06
5203.0,4.187639138955208e-06
9120.0,4.187958477549508e-06
2904.0,4.1880863574692776e-06
5678.0,4.188589424906477e-06
17430.0,4.189610851738239e-06
3569.0,4.190226566199226e-06
15432.0,4.192387774957535e-06
774.0,4.192428685272697e-06
15374.0,4.19253276237707e-06
9971.0,4.193527175057132e-06
17062.0,4.1962839235490995e-06
7440.0,4.198075468647346e-06
15717.0,4.198090988656302e-06
13004.0,4.1989078072825115e-06
15918.0,4.19911903413007e-06
8142.0,4.201026500271558e-06
14523.0,4.203072688137555e-06
6190.0,4.203101945397356e-06
15472.0,4.2045252508073216e-06
15408.0,4.20510466878748e-06
6530.0,4.205129361624838e-06
10103.0,4.20531268501795e-06
14192.0,4.20553169456812e-06
3047.0,4.2070680229295324e-06
6846.0,4.207223355303578e-06
1403.0,4.208741891359727e-06
7421.0,4.2091910714428515e-06
7458.0,4.21188633331261e-06
7617.0,4.216477981852285e-06
18097.0,4.217233866771161e-06
138.0,4.218034582411997e-06
3137.0,4.218652915617631e-06
468.0,4.2207480803350905e-06
9350.0,4.221372884871761e-06
12759.0,4.223431774154038e-06
10113.0,4.223794044010734e-06
3340.0,4.223925545879544e-06
6855.0,4.225790568884084e-06
6867.0,4.227765327566481e-06
8367.0,4.229586182821196e-06
13843.0,4.2299885485658906e-06
16442.0,4.2307297761761045e-06
18232.0,4.233624893368543e-06
18666.0,4.233974383962325e-06
5702.0,4.235816141252141e-06
17174.0,4.237674966861543e-06
16703.0,4.2392227094984095e-06
9657.0,4.239799006421068e-06
17674.0,4.242134891354417e-06
4978.0,4.244996450748603e-06
14706.0,4.246201330449588e-06
7982.0,4.247159444208622e-06
11371.0,4.247736980392831e-06
19875.0,4.248601507797477e-06
5156.0,4.251563841499357e-06
5024.0,4.252980309034691e-06
17173.0,4.25905909425261e-06
3008.0,4.260025759659532e-06
13790.0,4.261086910638502e-06
18177.0,4.2610876334854194e-06
8402.0,4.261805734369514e-06
10002.0,4.2619153872347194e-06
7488.0,4.263060383301709e-06
6673.0,4.264104613871409e-06
19002.0,4.2678534806397835e-06
9259.0,4.2708631873743865e-06
6064.0,4.271915940035596e-06
13636.0,4.273399278556737e-06
4546.0,4.273767877262525e-06
3599.0,4.274109746258211e-06
1896.0,4.274164400870827e-06
2104.0,4.27693975161724e-06
1294.0,4.277346448860948e-06
5578.0,4.277650422120667e-06
486.0,4.278934494965421e-06
13025.0,4.279455434489551e-06
235.0,4.280402904827755e-06
18573.0,4.280625990991718e-06
18469.0,4.282976213302217e-06
5105.0,4.283309087997893e-06
1080.0,4.283605908862718e-06
3483.0,4.2840427616078075e-06
13502.0,4.288990171975972e-06
19252.0,4.289408898339695e-06
1328.0,4.290048092054234e-06
17529.0,4.290186874715224e-06
17179.0,4.290726420458054e-06
15799.0,4.2908477505665594e-06
1823.0,4.29122071872716e-06
17109.0,4.291802851664309e-06
10878.0,4.292335180590987e-06
12898.0,4.294031271212574e-06
2872.0,4.295727582291169e-06
4473.0,4.297851853250069e-06
225.0,4.301805602194144e-06
4876.0,4.3027233016748464e-06
17508.0,4.303461909795509e-06
4843.0,4.303929661069773e-06
798.0,4.304419151547244e-06
15306.0,4.307682309992682e-06
18832.0,4.3080691260093634e-06
4324.0,4.308195250389944e-06
15332.0,4.310815525950738e-06
15613.0,4.311543041046021e-06
15962.0,4.312126983506414e-06
10768.0,4.312814494876166e-06
10954.0,4.315209126678883e-06
9244.0,4.316153757584255e-06
17794.0,4.316474896249237e-06
2780.0,4.31832970264518e-06
11394.0,4.31913713784952e-06
2863.0,4.322057808867192e-06
17414.0,4.32431143396006e-06
2130.0,4.326601091624079e-06
17984.0,4.326920021523553e-06
17814.0,4.328308557203947e-06
1006.0,4.328675778806902e-06
16169.0,4.328943001862873e-06
3732.0,4.3321054026795935e-06
11366.0,4.333305315693449e-06
1181.0,4.333955879580055e-06
18307.0,4.33469800258067e-06
19636.0,4.3355431840609205e-06
16776.0,4.337674896574031e-06
18720.0,4.338641567143901e-06
18717.0,4.3428058584125855e-06
17597.0,4.343551938422987e-06
10863.0,4.344932158940757e-06
581.0,4.346142719939044e-06
19898.0,4.346782414065647e-06
10728.0,4.347234590482128e-06
5857.0,4.347838069365129e-06
15760.0,4.348054936026604e-06
8009.0,4.348107468231076e-06
19541.0,4.3501840484604505e-06
10989.0,4.350471142477487e-06
7591.0,4.352060804053719e-06
15539.0,4.352764059511204e-06
6140.0,4.352957609967239e-06
5338.0,4.3531260195139825e-06
9105.0,4.353866433347753e-06
9354.0,4.3561595077529095e-06
8196.0,4.357530349840517e-06
19648.0,4.358300870774105e-06
15578.0,4.359714433171034e-06
18094.0,4.362855417498742e-06
7912.0,4.362885567212143e-06
371.0,4.365818473251264e-06
14500.0,4.372482099325275e-06
5432.0,4.372682108740108e-06
14585.0,4.3741409129854605e-06
3994.0,4.378221526246989e-06
15531.0,4.379424123034659e-06
3576.0,4.379482915599968e-06
9655.0,4.379729661206925e-06
16551.0,4.380248035645102e-06
14643.0,4.380447746430935e-06
19354.0,4.3808365409439475e-06
3204.0,4.381337392038178e-06
6915.0,4.38332612208498e-06
13375.0,4.385891967505792e-06
13890.0,4.386259343218025e-06
6833.0,4.386398451718377e-06
3508.0,4.387434574225581e-06
6908.0,4.389407639024487e-06
19521.0,4.3896489794191265e-06
2641.0,4.392766045651295e-06
10218.0,4.392808064698758e-06
4641.0,4.393997991210515e-06
12925.0,4.394277158690184e-06
16679.0,4.3952417803318694e-06
4999.0,4.395660509366968e-06
14719.0,4.398048022021434e-06
15348.0,4.400062601037695e-06
16925.0,4.400371388630496e-06
19223.0,4.400874144775345e-06
10489.0,4.402002102258929e-06
9443.0,4.402464489744327e-06
11571.0,4.405271477278615e-06
4830.0,4.405351060974115e-06
7574.0,4.4079721816229595e-06
14000.0,4.4092514231987935e-06
13309.0,4.410951725792447e-06
6057.0,4.414292524301934e-06
19010.0,4.415368241154876e-06
279.0,4.417097162070015e-06
9597.0,4.418747893687934e-06
3846.0,4.421689414460511e-06
13076.0,4.425870974573216e-06
17203.0,4.426398892399017e-06
729.0,4.4284183388248314e-06
1398.0,4.431349882941725e-06
6376.0,4.432259390622573e-06
11090.0,4.432855931933823e-06
12740.0,4.4329859051762775e-06
19795.0,4.433797689988477e-06
6513.0,4.435765488674978e-06
4462.0,4.436626019889659e-06
6641.0,4.4385725821652816e-06
1203.0,4.4388736495331306e-06
15552.0,4.441353804561653e-06
5881.0,4.443045284088779e-06
2643.0,4.444471737398435e-06
6803.0,4.445132173380331e-06
676.0,4.445976797390668e-06
14999.0,4.449417036369317e-06
1725.0,4.451866346535923e-06
17220.0,4.454729614651724e-06
14839.0,4.454907213132184e-06
15413.0,4.45719356525965e-06
815.0,4.45740249035727e-06
18740.0,4.458219513455042e-06
18287.0,4.459734877526309e-06
13524.0,4.460031328722371e-06
10142.0,4.462080360019702e-06
13652.0,4.462910982372917e-06
1286.0,4.463690795533424e-06
11844.0,4.465337521183456e-06
761.0,4.465406522360358e-06
16608.0,4.465630460881595e-06
17875.0,4.465939730983104e-06
7070.0,4.466317734250592e-06
15970.0,4.466518005306145e-06
13556.0,4.466607788751463e-06
3593.0,4.468261101166793e-06
11345.0,4.4686948816412425e-06
9990.0,4.469573757151353e-06
15582.0,4.470316812171042e-06
9508.0,4.470524101753022e-06
6072.0,4.470635810515962e-06
14668.0,4.470867735526406e-06
10647.0,4.471074004180441e-06
16241.0,4.472242710301012e-06
14654.0,4.473184925811663e-06
6901.0,4.473306150032649e-06
5642.0,4.475524104953903e-06
1358.0,4.475851525359293e-06
8880.0,4.477706308329324e-06
14677.0,4.477777673365654e-06
3910.0,4.479087238808047e-06
11833.0,4.480499836735534e-06
9973.0,4.480961134136889e-06
2844.0,4.482837447814375e-06
10796.0,4.482861168681891e-06
8212.0,4.48288036929885e-06
19602.0,4.486530712650582e-06
7806.0,4.486809185144416e-06
6156.0,4.4869637275018516e-06
3357.0,4.487643176967401e-06
2839.0,4.490033970456755e-06
12666.0,4.490115679993803e-06
13150.0,4.4920752631120535e-06
15631.0,4.495401759631559e-06
8217.0,4.496196978094539e-06
16218.0,4.496642465574156e-06
17667.0,4.496893800536395e-06
7642.0,4.498529632580971e-06
17207.0,4.4994904670336045e-06
2061.0,4.499659099974157e-06
58.0,4.500423109634502e-06
15790.0,4.504079045503099e-06
11693.0,4.505871635057946e-06
15464.0,4.510046171369971e-06
1113.0,4.51016765076729e-06
6621.0,4.512246297357288e-06
1292.0,4.513365837832043e-06
15954.0,4.514145384411498e-06
19757.0,4.514458785479024e-06
725.0,4.516085714187364e-06
4292.0,4.517522660678642e-06
8222.0,4.519643590354212e-06
309.0,4.519792736583721e-06
18844.0,4.520287336932355e-06
19141.0,4.520339981762719e-06
12100.0,4.523582400005351e-06
3398.0,4.526785825732409e-06
2319.0,4.5307222172660786e-06
8824.0,4.532705737795972e-06
9068.0,4.53321004786819e-06
19068.0,4.534352100027576e-06
17497.0,4.538619049848664e-06
18536.0,4.539495428658332e-06
16467.0,4.540558710907223e-06
8157.0,4.544148416158201e-06
9183.0,4.544244433867068e-06
4010.0,4.544493927352299e-06
2861.0,4.544540253984824e-06
11466.0,4.545610832942843e-06
19604.0,4.548543445995388e-06
16911.0,4.548649720263621e-06
7820.0,4.5519689354686585e-06
898.0,4.556458442512721e-06
14602.0,4.557289740424363e-06
9025.0,4.558877945997989e-06
10633.0,4.5593637101972034e-06
8590.0,4.560827865602322e-06
2147.0,4.56126624392566e-06
16791.0,4.561944676838499e-06
4444.0,4.562998117010831e-06
4559.0,4.563567226442538e-06
6323.0,4.564004368466813e-06
15828.0,4.565765323725357e-06
14058.0,4.566134434650348e-06
1020.0,4.568975712907401e-06
11716.0,4.5696359495978055e-06
17007.0,4.570753459296033e-06
2152.0,4.571699340816302e-06
4710.0,4.572411672949782e-06
14593.0,4.5724788504417234e-06
1739.0,4.574538644155982e-06
6132.0,4.575559088931745e-06
8216.0,4.576298100276049e-06
16883.0,4.578036402643773e-06
6887.0,4.579029275455438e-06
7997.0,4.579216884780054e-06
19576.0,4.580414770168236e-06
14043.0,4.58164563280133e-06
7657.0,4.582078063725791e-06
5158.0,4.584219604676033e-06
15930.0,4.585421486014442e-06
18944.0,4.586278046905267e-06
5934.0,4.5869347962856895e-06
4182.0,4.5905589893162126e-06
19214.0,4.593673042210689e-06
10760.0,4.5943283879115124e-06
9665.0,4.597374872308526e-06
16739.0,4.600311644847451e-06
11834.0,4.601608527342019e-06
7160.0,4.603758184728492e-06
15045.0,4.60420844772918e-06
954.0,4.604933748767576e-06
11368.0,4.609351475667469e-06
1416.0,4.6098332652275285e-06
8278.0,4.610701784832202e-06
13119.0,4.617008922848776e-06
17897.0,4.617360142918708e-06
4008.0,4.617607916072113e-06
16537.0,4.619020170976099e-06
16008.0,4.620561290347426e-06
2198.0,4.620912709597542e-06
9525.0,4.622684175101978e-06
4879.0,4.624273135185175e-06
19501.0,4.624900813197597e-06
12682.0,4.625793370613124e-06
16055.0,4.626670528394289e-06
7213.0,4.6269996321860324e-06
17396.0,4.628096275912735e-06
5358.0,4.629492164538143e-06
9559.0,4.629850790689497e-06
18616.0,4.632475902236928e-06
19143.0,4.633336197094776e-06
13805.0,4.634778891213963e-06
5922.0,4.638484864136328e-06
10865.0,4.638645555590084e-06
19791.0,4.638717992438931e-06
13130.0,4.638856016326422e-06
19432.0,4.639615077785219e-06
19406.0,4.640113365189119e-06
4834.0,4.64045774795808e-06
5629.0,4.642403405870218e-06
14117.0,4.643229879097197e-06
15330.0,4.644632116016233e-06
5349.0,4.647236438437006e-06
5018.0,4.65011445371217e-06
1248.0,4.656175824838567e-06
19647.0,4.6583238493807756e-06
19005.0,4.659771662772313e-06
8856.0,4.66194624639049e-06
5178.0,4.662732419103789e-06
11291.0,4.665016072293957e-06
8105.0,4.666933759787447e-06
11884.0,4.669077951633032e-06
3107.0,4.671120944019737e-06
13933.0,4.674453716911211e-06
15223.0,4.6776966963397085e-06
7370.0,4.677750157883316e-06
6059.0,4.678994282621954e-06
6662.0,4.679612104995446e-06
15235.0,4.682768880767875e-06
15933.0,4.682842464493189e-06
18315.0,4.692451391662023e-06
15006.0,4.694638649100825e-06
1028.0,4.69738416021893e-06
15895.0,4.697801961909862e-06
11954.0,4.6997879724275105e-06
6042.0,4.707760965594255e-06
8835.0,4.707936498595988e-06
13777.0,4.708180194433509e-06
9952.0,4.711086787197492e-06
1174.0,4.711599217567449e-06
2910.0,4.712090378519624e-06
17518.0,4.7160606253075384e-06
9853.0,4.716851478083031e-06
8085.0,4.7188938012472655e-06
9419.0,4.719079972387011e-06
7765.0,4.721288840520427e-06
14865.0,4.721315271096365e-06
8383.0,4.721643113647643e-06
19892.0,4.726497209080059e-06
2170.0,4.7314846306142216e-06
11720.0,4.733299856535032e-06
7677.0,4.733345350366124e-06
5928.0,4.734329965107262e-06
14016.0,4.73585966423535e-06
16647.0,4.737878855501955e-06
5984.0,4.739652999916933e-06
18275.0,4.742017865733984e-06
7693.0,4.743291393228226e-06
6532.0,4.74337480245387e-06
6277.0,4.745540920507535e-06
7619.0,4.749966983007791e-06
10880.0,4.7504790920762995e-06
5183.0,4.752043385145439e-06
11433.0,4.754837688558893e-06
2756.0,4.7548960320590645e-06
17789.0,4.758575170051653e-06
17121.0,4.760501851006066e-06
4228.0,4.762475993456842e-06
14286.0,4.764020461303666e-06
1598.0,4.764844370198156e-06
17437.0,4.764936455008117e-06
17676.0,4.765643552931585e-06
19330.0,4.766361263169766e-06
7309.0,4.7701706941736395e-06
19679.0,4.770592069925774e-06
17769.0,4.77190948352805e-06
9049.0,4.781560148761839e-06
7002.0,4.782230712726012e-06
32.0,4.78330340942583e-06
2724.0,4.783838601408181e-06
2195.0,4.784926022903151e-06
13724.0,4.785358405186309e-06
183.0,4.78594166563245e-06
18991.0,4.787870089077408e-06
13638.0,4.791832476506211e-06
6675.0,4.791926738299156e-06
14697.0,4.792230966110175e-06
1408.0,4.792465632380387e-06
18883.0,4.794811475963317e-06
1014.0,4.7966106831926516e-06
15353.0,4.8018399254040155e-06
3149.0,4.8037274708129375e-06
11032.0,4.805404352281149e-06
7521.0,4.8059882679336e-06
10845.0,4.80653644915586e-06
2786.0,4.8077621848449586e-06
16610.0,4.8092074511052715e-06
16053.0,4.809432765093981e-06
16114.0,4.809583641133563e-06
14372.0,4.813071570499254e-06
18144.0,4.817954969264143e-06
11404.0,4.819531220464907e-06
15758.0,4.820018466772577e-06
9441.0,4.820410075288979e-06
17749.0,4.82280426694827e-06
6219.0,4.823965520649323e-06
15075.0,4.825760442255388e-06
1332.0,4.827037913959073e-06
17194.0,4.828771587431725e-06
12097.0,4.829678604482659e-06
15627.0,4.8324375929575586e-06
4128.0,4.833472430669954e-06
9018.0,4.834595262082877e-06
12466.0,4.835060052094156e-06
9906.0,4.84093636969201e-06
8998.0,4.843635770002501e-06
5286.0,4.8470659873230585e-06
7698.0,4.847793499147618e-06
19164.0,4.8521787914001415e-06
17359.0,4.853699553106264e-06
1368.0,4.853832892376523e-06
4077.0,4.854896928638384e-06
6115.0,4.8549305914422575e-06
2158.0,4.85538469194291e-06
4855.0,4.85572544351576e-06
3297.0,4.861051558139282e-06
5087.0,4.861236443996178e-06
8552.0,4.862643648295872e-06
12406.0,4.864499123734482e-06
9283.0,4.8658492214666624e-06
11372.0,4.865976659153853e-06
11674.0,4.866198397274756e-06
5196.0,4.8703997769245416e-06
8879.0,4.87083158134286e-06
618.0,4.871729241291827e-06
3941.0,4.872690319772936e-06
1885.0,4.876748411289364e-06
10757.0,4.876942860552079e-06
9609.0,4.878243817605535e-06
17234.0,4.879209279857291e-06
11452.0,4.88056564019358e-06
10590.0,4.881274004460528e-06
858.0,4.88201078059099e-06
15890.0,4.883056093110736e-06
18565.0,4.883561877919439e-06
14090.0,4.884501889844654e-06
9541.0,4.884765472286201e-06
12643.0,4.885496095458835e-06
778.0,4.88601956976764e-06
18044.0,4.886233820792511e-06
13712.0,4.887975933441276e-06
13622.0,4.8905387136038084e-06
1659.0,4.8932103884145845e-06
17745.0,4.893919141940385e-06
13584.0,4.895337273742899e-06
17785.0,4.9043986239598355e-06
13175.0,4.905656619783537e-06
3216.0,4.907434054528774e-06
4463.0,4.908591250803705e-06
14063.0,4.912188300917073e-06
12055.0,4.913010963863011e-06
13383.0,4.913026658641598e-06
2271.0,4.913485412302319e-06
11346.0,4.915576016458844e-06
19656.0,4.918509144701641e-06
15969.0,4.919117418867046e-06
1621.0,4.919548698197321e-06
15405.0,4.921531076636962e-06
6682.0,4.923739912268638e-06
7681.0,4.925477637876033e-06
17254.0,4.927791769983869e-06
13532.0,4.92812409872566e-06
16983.0,4.930046285090137e-06
3516.0,4.93460921553415e-06
3126.0,4.93587316983609e-06
17934.0,4.941250801121702e-06
5091.0,4.943268775756394e-06
14775.0,4.944005564635826e-06
19613.0,4.944907360559641e-06
62.0,4.944934208752115e-06
14583.0,4.945431242184772e-06
6022.0,4.946646533881526e-06
20.0,4.951180758088388e-06
9349.0,4.9519729281347446e-06
15689.0,4.9523667583539904e-06
11585.0,4.96178742723367e-06
17748.0,4.9621740644222845e-06
17132.0,4.962454863187917e-06
11216.0,4.9663355895839805e-06
8827.0,4.967922080707946e-06
13603.0,4.970076427455057e-06
17736.0,4.970190195206651e-06
14423.0,4.972762015793237e-06
7569.0,4.974803425989075e-06
13984.0,4.977338037965522e-06
6950.0,4.978499040891163e-06
12073.0,4.980286214719431e-06
9588.0,4.982587149947819e-06
6941.0,4.983964883097837e-06
6535.0,4.98456780839812e-06
17261.0,4.986727906232228e-06
19524.0,4.9879590054704546e-06
9944.0,4.98809698628201e-06
3597.0,4.989970177763239e-06
7754.0,4.990630729658874e-06
2482.0,4.9920258303311405e-06
511.0,4.993481987927953e-06
1319.0,4.993932252581127e-06
2894.0,4.995207493026661e-06
13255.0,4.995514663889074e-06
12695.0,4.996842762164389e-06
13554.0,4.9979630690585995e-06
17560.0,5.0013290326653174e-06
10119.0,5.003095479604848e-06
1848.0,5.003928344526751e-06
13392.0,5.006277546183293e-06
3498.0,5.010067467178644e-06
19035.0,5.012049557606291e-06
3215.0,5.012752422220934e-06
4839.0,5.013482241669034e-06
2108.0,5.014261840614306e-06
7468.0,5.016829919373859e-06
4671.0,5.0174131810358175e-06
7028.0,5.019335142893413e-06
18219.0,5.021084032839936e-06
8106.0,5.021627404138598e-06
14815.0,5.02301199334059e-06
17886.0,5.023588403565548e-06
5794.0,5.024169040069844e-06
3581.0,5.02467181701204e-06
427.0,5.024738557734023e-06
1440.0,5.026997543670393e-06
17612.0,5.028253976884755e-06
17549.0,5.0290030684176814e-06
14629.0,5.0365758297467795e-06
19020.0,5.041502470569813e-06
2401.0,5.043049691663348e-06
9817.0,5.043670320565514e-06
15508.0,5.044706155017914e-06
19247.0,5.046920487733264e-06
6639.0,5.048225175979622e-06
2310.0,5.0493872419416254e-06
13767.0,5.0510015921169755e-06
17970.0,5.052043180242128e-06
3009.0,5.0528136545636326e-06
11824.0,5.054214781996902e-06
7567.0,5.054429235446993e-06
5856.0,5.054940686286771e-06
5600.0,5.055062416151266e-06
6919.0,5.0585604168181175e-06
8365.0,5.060071078711279e-06
13118.0,5.060510268233868e-06
15055.0,5.063265881373957e-06
6600.0,5.0636166679960266e-06
2663.0,5.06371435016044e-06
3510.0,5.063974779821899e-06
17262.0,5.066434321144114e-06
17117.0,5.067767074668651e-06
10047.0,5.0678834041070435e-06
17671.0,5.070026753630136e-06
10881.0,5.070975930703547e-06
9901.0,5.071075981025564e-06
10656.0,5.071289300938943e-06
14007.0,5.071994725288227e-06
17728.0,5.077755008206618e-06
5537.0,5.078495260559142e-06
2766.0,5.07906096179469e-06
8652.0,5.079596700261777e-06
19300.0,5.081198379561866e-06
13219.0,5.083426655703481e-06
10651.0,5.0838736291016885e-06
17630.0,5.084395051776685e-06
13947.0,5.088229585990914e-06
17762.0,5.089412721539796e-06
17925.0,5.0895201852552695e-06
16120.0,5.092428758938658e-06
17364.0,5.09246993639141e-06
7375.0,5.093478042946706e-06
8079.0,5.094047713804018e-06
19027.0,5.094826437822312e-06
11505.0,5.096330516726063e-06
8073.0,5.096394374511172e-06
250.0,5.097343124798036e-06
4504.0,5.102006401247703e-06
9024.0,5.103086087148748e-06
8960.0,5.106490065170731e-06
579.0,5.108634111554761e-06
2089.0,5.10891998481295e-06
10982.0,5.1128915656192e-06
18340.0,5.116882393183578e-06
19012.0,5.117677259153372e-06
14880.0,5.1184426244428e-06
3222.0,5.119991654511604e-06
16536.0,5.120475724039614e-06
636.0,5.121921458253061e-06
3112.0,5.12457048507054e-06
4147.0,5.125079667141596e-06
4336.0,5.1270464223218906e-06
1890.0,5.1278285444501875e-06
4640.0,5.128589490119446e-06
811.0,5.1297934746868915e-06
6133.0,5.130134772992778e-06
6615.0,5.131001664539402e-06
10999.0,5.132147064318074e-06
2426.0,5.1342073958607826e-06
3988.0,5.136604685793819e-06
13316.0,5.142578050804638e-06
1897.0,5.142901389193549e-06
4384.0,5.14362368132086e-06
10811.0,5.143895061474384e-06
6129.0,5.145655398925881e-06
16768.0,5.146553654643045e-06
1914.0,5.147939771914858e-06
589.0,5.148274530367204e-06
18161.0,5.1525693183823976e-06
1158.0,5.15637944959499e-06
1771.0,5.162804817751028e-06
17600.0,5.163802567724479e-06
2412.0,5.163840928870636e-06
18176.0,5.168618658134257e-06
8113.0,5.171969683278563e-06
13122.0,5.175778614426909e-06
18398.0,5.177178576087152e-06
11249.0,5.178993633351672e-06
7851.0,5.179903594019099e-06
19703.0,5.181588952345235e-06
5978.0,5.1818465471545865e-06
16886.0,5.183418806360814e-06
7789.0,5.1835879337884555e-06
15451.0,5.184275464440061e-06
11998.0,5.184523357976624e-06
13591.0,5.186166971131259e-06
19290.0,5.186496243476547e-06
12910.0,5.18836917785497e-06
19243.0,5.188617286385919e-06
3350.0,5.188995357216955e-06
18496.0,5.190613372511466e-06
3905.0,5.191242927054144e-06
4658.0,5.193116771258672e-06
12576.0,5.193330031485637e-06
9900.0,5.1934907083923805e-06
5010.0,5.1944004822433e-06
7742.0,5.1947384430503055e-06
3154.0,5.195860848815443e-06
19793.0,5.2016661452481154e-06
18122.0,5.204735073740525e-06
19222.0,5.208852437625345e-06
5768.0,5.210154157176813e-06
15059.0,5.213760120207409e-06
19861.0,5.2140023025049964e-06
2733.0,5.214458544884015e-06
13516.0,5.218543380409256e-06
6561.0,5.220590338188046e-06
14361.0,5.221370576859347e-06
4411.0,5.224606209404797e-06
2848.0,5.225360614766724e-06
569.0,5.227879178281266e-06
8434.0,5.231166994596439e-06
3826.0,5.2322081513714435e-06
15141.0,5.232458892354967e-06
15560.0,5.2330175268423285e-06
13463.0,5.237505313648749e-06
17708.0,5.239995085048255e-06
13139.0,5.241993863184359e-06
2091.0,5.246962435695727e-06
8225.0,5.24943182573013e-06
4103.0,5.250115929768496e-06
10300.0,5.252307922323809e-06
3083.0,5.254077390632283e-06
14587.0,5.259501263562993e-06
1019.0,5.261083810032286e-06
15018.0,5.263992622495582e-06
668.0,5.2641820146896175e-06
5425.0,5.2687721453911856e-06
1043.0,5.272832113352248e-06
10268.0,5.273314275149701e-06
14561.0,5.27366105130878e-06
11052.0,5.277662972095467e-06
1870.0,5.279475356391546e-06
7411.0,5.282167951560321e-06
9861.0,5.283120115291913e-06
12660.0,5.2832202881204875e-06
18838.0,5.285763696021598e-06
14232.0,5.2868071336293254e-06
13432.0,5.290140761617948e-06
16567.0,5.291652741586812e-06
6338.0,5.293734673147194e-06
69.0,5.294488035696443e-06
2196.0,5.2951145265819556e-06
17891.0,5.298700623420576e-06
10868.0,5.299094238508442e-06
6082.0,5.299114876685239e-06
15377.0,5.299747208705378e-06
18056.0,5.300292431404525e-06
10911.0,5.301253650792151e-06
8854.0,5.302727784051645e-06
16737.0,5.304562156502615e-06
16879.0,5.305303159220652e-06
6397.0,5.3056536530873225e-06
16108.0,5.307790625890609e-06
1338.0,5.3097554500685524e-06
13151.0,5.3098432424654975e-06
7616.0,5.314395314571352e-06
17319.0,5.3158058466091304e-06
19373.0,5.320727445218732e-06
17853.0,5.322557358295693e-06
1123.0,5.323924858295132e-06
4570.0,5.324219651320231e-06
4074.0,5.3268492148697025e-06
18606.0,5.326914211791138e-06
17832.0,5.333741499084057e-06
7107.0,5.334693288677468e-06
8492.0,5.33540044066205e-06
1616.0,5.335989593975039e-06
14784.0,5.3409309709465715e-06
4492.0,5.343012558807047e-06
18316.0,5.3442192731867305e-06
12480.0,5.345670880497132e-06
13610.0,5.352504151329562e-06
11597.0,5.355324177335846e-06
4773.0,5.3587903382501895e-06
15203.0,5.3593463664165136e-06
13703.0,5.359517073920184e-06
13134.0,5.3642766652521625e-06
18686.0,5.366220997665257e-06
19842.0,5.366224665138995e-06
18363.0,5.3688393489620754e-06
8799.0,5.370470061717175e-06
10473.0,5.372027417026197e-06
7083.0,5.37254119900961e-06
11037.0,5.375638436320634e-06
13811.0,5.378274704518427e-06
7481.0,5.379628567880286e-06
7546.0,5.380343109027575e-06
19205.0,5.380372460265009e-06
18878.0,5.383166971934476e-06
2101.0,5.3847475836169684e-06
5982.0,5.385035275268739e-06
15169.0,5.3879794110956985e-06
11547.0,5.388021532871265e-06
6837.0,5.390683903425369e-06
16281.0,5.390807048374184e-06
135.0,5.39161055170707e-06
11382.0,5.392158706600865e-06
11874.0,5.3973228296496595e-06
14290.0,5.397733920844355e-06
10049.0,5.3988553850094244e-06
2736.0,5.399231826361102e-06
8768.0,5.401621554938994e-06
15274.0,5.403034831156218e-06
7696.0,5.404424636450814e-06
15872.0,5.408059982321563e-06
15299.0,5.417098094325248e-06
18075.0,5.417619025527016e-06
17212.0,5.417904129154961e-06
4561.0,5.41952375153037e-06
2474.0,5.4236053826117995e-06
17395.0,5.426502937597419e-06
17586.0,5.4272376579757015e-06
6706.0,5.42740834828667e-06
12481.0,5.427969565335237e-06
6003.0,5.428717703135598e-06
2610.0,5.430969406190636e-06
16346.0,5.431116616640142e-06
18248.0,5.4339693863600005e-06
17735.0,5.4339978467107e-06
18676.0,5.436083150737588e-06
2038.0,5.436672625471894e-06
10875.0,5.436914643496989e-06
8144.0,5.4396937536313075e-06
3912.0,5.4419256771856554e-06
8568.0,5.442558799316587e-06
8687.0,5.4437659639515405e-06
15371.0,5.446518509975374e-06
18182.0,5.448432956995726e-06
11123.0,5.450127765065774e-06
19129.0,5.453409551785887e-06
12911.0,5.4577126799736044e-06
959.0,5.4616359945914385e-06
17451.0,5.462838880195942e-06
15826.0,5.463947316583081e-06
13373.0,5.469604315461816e-06
13616.0,5.470883211025975e-06
17645.0,5.473595410215156e-06
7883.0,5.4737091758262245e-06
15505.0,5.475735875619804e-06
3562.0,5.4773224691037015e-06
8567.0,5.48328571531938e-06
11409.0,5.487310665326965e-06
14111.0,5.4874038109471415e-06
15130.0,5.487474158274878e-06
10533.0,5.489887037364409e-06
17449.0,5.489897691008389e-06
10303.0,5.491242715754943e-06
12377.0,5.49587625886624e-06
5590.0,5.4965839330791214e-06
8052.0,5.500106661687951e-06
6748.0,5.502292350823615e-06
11056.0,5.502595848612675e-06
13338.0,5.502637399638507e-06
7639.0,5.506168925173766e-06
7457.0,5.507107538436773e-06
16286.0,5.51086427010394e-06
9519.0,5.512601411690342e-06
4423.0,5.5133512595565675e-06
3259.0,5.513929834709069e-06
15647.0,5.514385974085998e-06
5146.0,5.517354245314651e-06
623.0,5.5180821145727305e-06
17458.0,5.520278837723765e-06
11395.0,5.5216961120146175e-06
720.0,5.524274143276163e-06
6164.0,5.530531209065853e-06
11962.0,5.535594365296648e-06
14131.0,5.5369858407577125e-06
9591.0,5.540359541191298e-06
19352.0,5.541276178269233e-06
10095.0,5.5419768873746445e-06
3766.0,5.5430483236302715e-06
2467.0,5.54490472837377e-06
16394.0,5.547040485683901e-06
13327.0,5.5485979087534e-06
1345.0,5.549231213454037e-06
7221.0,5.5494942981463345e-06
4916.0,5.552560285162777e-06
66.0,5.557489707256282e-06
4689.0,5.557566800176314e-06
6443.0,5.559309607168757e-06
17848.0,5.563363612259223e-06
11064.0,5.565811223679063e-06
11627.0,5.56810782530216e-06
13745.0,5.569362132777719e-06
4591.0,5.570892714744166e-06
5314.0,5.572537998364943e-06
6365.0,5.573123687074644e-06
3556.0,5.574677645797718e-06
16298.0,5.582949306803167e-06
16669.0,5.5855878505508655e-06
17538.0,5.589624128433732e-06
15834.0,5.590103788384918e-06
19494.0,5.590225813299456e-06
19250.0,5.591428208852037e-06
13924.0,5.592752837369679e-06
8778.0,5.59293375396442e-06
18789.0,5.594581603981153e-06
2026.0,5.5971399953984575e-06
436.0,5.597713396035925e-06
6449.0,5.5987597813014575e-06
15704.0,5.602336239088085e-06
7112.0,5.602882046287702e-06
17108.0,5.60498047159924e-06
1380.0,5.6066886015982396e-06
15723.0,5.608888030698934e-06
16785.0,5.6096672167453885e-06
8620.0,5.6125648999399255e-06
5100.0,5.61283360550677e-06
10872.0,5.612932272389997e-06
6911.0,5.6170805977440056e-06
6026.0,5.617822129865384e-06
1966.0,5.618947866065667e-06
6252.0,5.619232764391526e-06
4191.0,5.619503437212662e-06
10256.0,5.6201933975320126e-06
2879.0,5.620862777965359e-06
18556.0,5.621139604865958e-06
16799.0,5.623920550098518e-06
16875.0,5.623950438393814e-06
13159.0,5.62823822290907e-06
9798.0,5.628594317692028e-06
13852.0,5.629986639174412e-06
16481.0,5.631023981832555e-06
18150.0,5.632603051095145e-06
9381.0,5.63377303409058e-06
8017.0,5.635998825236147e-06
6644.0,5.636986667162042e-06
18842.0,5.637895093158268e-06
6049.0,5.64121580028393e-06
7175.0,5.644530640657155e-06
1915.0,5.646798719546076e-06
1917.0,5.647127303532595e-06
8431.0,5.64721720153884e-06
11285.0,5.648249655536292e-06
2127.0,5.649958978869726e-06
18488.0,5.650425454168146e-06
13391.0,5.652952813153559e-06
16716.0,5.653696599856255e-06
17256.0,5.654964429228663e-06
98.0,5.655460298078426e-06
2964.0,5.659398404010384e-06
14201.0,5.659420753212001e-06
4366.0,5.659641954523344e-06
8955.0,5.660290029971935e-06
11084.0,5.668696164726186e-06
11841.0,5.669291056351517e-06
10582.0,5.67015785572711e-06
15746.0,5.670445648591491e-06
5658.0,5.67236573355066e-06
7762.0,5.673777797793753e-06
673.0,5.6752967431098266e-06
16602.0,5.675711808686813e-06
4583.0,5.676239541656828e-06
3948.0,5.67697189462241e-06
18027.0,5.680531216534466e-06
15781.0,5.683081494186915e-06
5892.0,5.683743047446091e-06
9243.0,5.685852601641092e-06
2470.0,5.687618856763847e-06
2543.0,5.689577904904827e-06
10889.0,5.691010885199182e-06
16584.0,5.691215208500785e-06
664.0,5.691651405380283e-06
7563.0,5.697266310515775e-06
1842.0,5.6997088326734315e-06
8957.0,5.700024733720686e-06
6702.0,5.702885148327558e-06
13407.0,5.7035682401627615e-06
6994.0,5.70466101038586e-06
11234.0,5.705580358824704e-06
2654.0,5.707172609734762e-06
2581.0,5.707292398390881e-06
8193.0,5.707640071395919e-06
284.0,5.70924736108198e-06
2020.0,5.7098670357464166e-06
7906.0,5.710036939499865e-06
16818.0,5.7237816009548e-06
9282.0,5.723950316219964e-06
11129.0,5.727164359458932e-06
11152.0,5.727231345125535e-06
9142.0,5.730079719533032e-06
18344.0,5.732521501317148e-06
8376.0,5.733058864134895e-06
18466.0,5.734705824266658e-06
14826.0,5.7352754566630064e-06
9395.0,5.742902634124488e-06
9640.0,5.743542408940343e-06
7649.0,5.745699466414766e-06
2261.0,5.748488171420629e-06
13138.0,5.749142377882379e-06
866.0,5.749162846058637e-06
16800.0,5.752875225120191e-06
19162.0,5.756041797530104e-06
3985.0,5.759583162410612e-06
18505.0,5.761711891142409e-06
7059.0,5.761751151120932e-06
10895.0,5.762053756293711e-06
1767.0,5.764478079703113e-06
6398.0,5.764977510789816e-06
3170.0,5.768037879500341e-06
16367.0,5.769094513841962e-06
5513.0,5.770807010924072e-06
16546.0,5.771636215179107e-06
11511.0,5.773417244337664e-06
16188.0,5.774648870975701e-06
19841.0,5.77585739447621e-06
14771.0,5.776405559207861e-06
13567.0,5.777016670853939e-06
19051.0,5.777197704021702e-06
15231.0,5.777934426142424e-06
1506.0,5.781343247497328e-06
15668.0,5.781800836763521e-06
4882.0,5.786300284211325e-06
18595.0,5.787100395016699e-06
11402.0,5.789601705193188e-06
11386.0,5.791534222906995e-06
19748.0,5.79377298684467e-06
16209.0,5.794603110883537e-06
2510.0,5.794793682712643e-06
11553.0,5.79536542791902e-06
4140.0,5.795579545006926e-06
8563.0,5.7967313176182094e-06
6295.0,5.798544308907402e-06
5045.0,5.8011179961949504e-06
79.0,5.802137770078632e-06
1077.0,5.802517499037821e-06
8470.0,5.803667793162419e-06
17214.0,5.806712595936872e-06
11235.0,5.807475767512967e-06
17998.0,5.810516115340017e-06
18714.0,5.811602131177542e-06
14420.0,5.81271155368768e-06
4264.0,5.814077487045028e-06
1318.0,5.814660781893696e-06
16097.0,5.816239533339614e-06
11358.0,5.8171213275333755e-06
2946.0,5.818584440716602e-06
18468.0,5.822446954014327e-06
378.0,5.825184758529786e-06
17279.0,5.825479893139952e-06
6573.0,5.825501924362217e-06
7577.0,5.827016773782644e-06
15590.0,5.827190594963281e-06
18049.0,5.8285313242658336e-06
15403.0,5.828664560045963e-06
14445.0,5.829522347355185e-06
18938.0,5.832380053075597e-06
5382.0,5.833538304347076e-06
15526.0,5.833957421194032e-06
889.0,5.840368859152252e-06
2309.0,5.841395361110168e-06
6271.0,5.841541713294548e-06
1944.0,5.843692096987028e-06
18332.0,5.84450876859338e-06
8598.0,5.847802916788629e-06
7344.0,5.848291405483017e-06
652.0,5.84858375336009e-06
12602.0,5.848788014543641e-06
11388.0,5.852906732918783e-06
13646.0,5.85317013574455e-06
7746.0,5.853445900910226e-06
3701.0,5.855407552152893e-06
6099.0,5.855440436661676e-06
7666.0,5.863939014104636e-06
8048.0,5.865913480271373e-06
11606.0,5.871509530912887e-06
14584.0,5.873846684998085e-06
7328.0,5.874167478173681e-06
2472.0,5.874883614140939e-06
7834.0,5.8750560474390555e-06
11567.0,5.875118134572864e-06
2851.0,5.875217011544393e-06
18721.0,5.875725930724664e-06
3913.0,5.882703469545992e-06
19777.0,5.8831044859633125e-06
11320.0,5.891707531045252e-06
13753.0,5.89277915127477e-06
10896.0,5.89379451005051e-06
13382.0,5.895073716461791e-06
19265.0,5.8956751023303435e-06
1105.0,5.896339113340959e-06
14297.0,5.897599584554032e-06
14814.0,5.897830911433139e-06
7347.0,5.898001706552801e-06
13920.0,5.898035285482322e-06
11237.0,5.898719093177767e-06
6320.0,5.899722859029791e-06
8077.0,5.900925028962418e-06
19690.0,5.902059247466122e-06
3548.0,5.907090257429711e-06
7676.0,5.908725932000103e-06
7538.0,5.910571354777248e-06
2171.0,5.91119359933954e-06
8137.0,5.91239398494719e-06
19569.0,5.9124049242229e-06
11587.0,5.9126735842308e-06
142.0,5.9134307701782306e-06
1467.0,5.915510531048773e-06
13260.0,5.915847982265142e-06
4964.0,5.916643587272788e-06
17820.0,5.917642479208061e-06
4288.0,5.919045783778433e-06
4648.0,5.922778674597345e-06
18463.0,5.925754476126399e-06
6175.0,5.927182560961755e-06
2620.0,5.927285603901175e-06
18585.0,5.929679300910698e-06
16073.0,5.933481587473869e-06
13414.0,5.936744556885215e-06
13657.0,5.94231757814315e-06
724.0,5.9444774838864955e-06
16270.0,5.948121482626304e-06
15435.0,5.94877095082069e-06
13627.0,5.9533571155993216e-06
15171.0,5.955969219087345e-06
7250.0,5.9569865097644565e-06
16540.0,5.958303918006856e-06
2111.0,5.959817172778556e-06
19402.0,5.964746353001236e-06
9048.0,5.965169694757595e-06
19562.0,5.966052583402073e-06
18240.0,5.967738104964687e-06
1832.0,5.968159967592202e-06
6328.0,5.978097393391957e-06
9940.0,5.9793795049758904e-06
7825.0,5.982090218606088e-06
5736.0,5.98257980964545e-06
3493.0,5.98372749077057e-06
16248.0,5.983841617505424e-06
3229.0,5.986929749936888e-06
2473.0,5.987529941529175e-06
7382.0,5.987673028966857e-06
4255.0,5.989638430221929e-06
8962.0,5.98986523607989e-06
18733.0,5.991098546540948e-06
18309.0,5.992369550124385e-06
5558.0,5.9924229874372436e-06
7522.0,5.9940257721561e-06
18428.0,5.994374680278631e-06
9846.0,5.995548432362833e-06
3313.0,5.997510610868318e-06
7565.0,5.998864157329649e-06
3168.0,6.001456727888401e-06
13257.0,6.0038751644672364e-06
7311.0,6.005538571446959e-06
11665.0,6.0070614405261755e-06
19580.0,6.009270400376831e-06
19860.0,6.010464459412906e-06
17899.0,6.01091836755737e-06
19037.0,6.012864024185193e-06
2794.0,6.013143061854832e-06
461.0,6.0132686368224375e-06
2628.0,6.0155118424961926e-06
5716.0,6.015876268649834e-06
8509.0,6.016056279836515e-06
5330.0,6.016322136226854e-06
14961.0,6.018115252333863e-06
8020.0,6.0201823627925685e-06
969.0,6.02138037183463e-06
16316.0,6.023051900302225e-06
12096.0,6.024222767343276e-06
11107.0,6.025143431169321e-06
3746.0,6.027301280681009e-06
13400.0,6.02923160059736e-06
551.0,6.032055880555698e-06
6344.0,6.032251672707086e-06
7357.0,6.032856302602049e-06
15700.0,6.033128081715288e-06
1839.0,6.033182244049837e-06
1720.0,6.036393121494322e-06
7416.0,6.036999435803092e-06
18725.0,6.037384900694358e-06
18839.0,6.038637106268006e-06
11770.0,6.038713463549339e-06
10376.0,6.038894223919963e-06
4567.0,6.039609560315306e-06
7568.0,6.042475240589353e-06
19123.0,6.044175177863791e-06
3238.0,6.0443023355873635e-06
17721.0,6.048658786809561e-06
13517.0,6.049190680969813e-06
6418.0,6.0492699504618476e-06
3114.0,6.049334973823055e-06
3751.0,6.049759033896979e-06
2446.0,6.051992609175027e-06
546.0,6.052123817457915e-06
3228.0,6.052322227463493e-06
14759.0,6.0580982248019335e-06
17114.0,6.068593657641076e-06
17799.0,6.06869506373773e-06
13825.0,6.070673541840139e-06
16740.0,6.070730426666329e-06
14155.0,6.071691239405472e-06
2992.0,6.076657481295493e-06
2032.0,6.076663103968083e-06
9090.0,6.081465577818408e-06
5905.0,6.0822349857643305e-06
11877.0,6.083515410494259e-06
4605.0,6.0870157813393696e-06
15449.0,6.091579532580749e-06
10711.0,6.095971791147999e-06
1090.0,6.0960136366759e-06
6184.0,6.100345215736069e-06
19355.0,6.102926922408421e-06
14036.0,6.105765128326335e-06
745.0,6.109883744007624e-06
6892.0,6.1124658088241495e-06
17151.0,6.1129335252420955e-06
19435.0,6.1138572222185346e-06
11139.0,6.114228531617388e-06
15331.0,6.116837819740647e-06
15570.0,6.118862494100451e-06
12053.0,6.122043115353232e-06
13171.0,6.124135946144372e-06
17044.0,6.125093126026356e-06
1984.0,6.125907716913438e-06
6005.0,6.12771013251659e-06
16123.0,6.128293388544687e-06
8573.0,6.130111028070738e-06
13.0,6.130305903768954e-06
3139.0,6.134035919433943e-06
14678.0,6.134049145921142e-06
11459.0,6.136483748177062e-06
2099.0,6.137554101463753e-06
18924.0,6.140123434708274e-06
16967.0,6.145154955486881e-06
561.0,6.146590144135764e-06
14937.0,6.1475111374315015e-06
1747.0,6.147844164643905e-06
15873.0,6.150505597159777e-06
5904.0,6.151611508368921e-06
1973.0,6.1573630789887016e-06
111.0,6.159728598479447e-06
10843.0,6.159992396471918e-06
17609.0,6.161637286766844e-06
19496.0,6.162788209889156e-06
208.0,6.167694818004451e-06
7498.0,6.168561861768127e-06
8033.0,6.171773242621411e-06
13236.0,6.17219370341018e-06
17136.0,6.174776103766928e-06
3409.0,6.1758975253526645e-06
16344.0,6.176338016391848e-06
8775.0,6.177675386798827e-06
13776.0,6.183535646388031e-06
3415.0,6.187131246971743e-06
1734.0,6.187181291046434e-06
15816.0,6.191704283419116e-06
16177.0,6.194508892889449e-06
7829.0,6.196142773082955e-06
18303.0,6.196461241082702e-06
18300.0,6.1980587789966945e-06
13653.0,6.2052672473128415e-06
17368.0,6.205597885270622e-06
3616.0,6.207073804122285e-06
4248.0,6.209058408314645e-06
19382.0,6.2096127972408135e-06
16180.0,6.209826371440067e-06
1095.0,6.210815871999278e-06
5317.0,6.2150101515857376e-06
6070.0,6.215067116159348e-06
13265.0,6.2227022816340896e-06
19142.0,6.223587985215226e-06
11245.0,6.22545064200576e-06
2942.0,6.229588433336917e-06
5920.0,6.229757163568637e-06
19026.0,6.230626776784939e-06
15597.0,6.232125788645162e-06
13397.0,6.233484367550567e-06
347.0,6.23461072702908e-06
790.0,6.235598333514289e-06
16092.0,6.2406466559372466e-06
7183.0,6.242247675330431e-06
7745.0,6.242970835791901e-06
7660.0,6.24419774170632e-06
2949.0,6.244521683047031e-06
17930.0,6.246516195004399e-06
18984.0,6.248856587961622e-06
15756.0,6.251446543902659e-06
18571.0,6.254110073200305e-06
5962.0,6.254674734166121e-06
1046.0,6.254678285597687e-06
7887.0,6.254941261174554e-06
15822.0,6.254977706259228e-06
6294.0,6.2561723709013556e-06
7760.0,6.256365757838363e-06
6362.0,6.256719758168439e-06
16993.0,6.256869383053711e-06
5172.0,6.257427375451903e-06
14060.0,6.257597508395705e-06
18443.0,6.258398422249208e-06
18015.0,6.2614839286154264e-06
1804.0,6.26549017602929e-06
9849.0,6.266385678987782e-06
2458.0,6.274464736959492e-06
781.0,6.276225403760811e-06
1164.0,6.283094195801401e-06
18445.0,6.284179409472694e-06
10643.0,6.284922300296948e-06
2464.0,6.28647863680999e-06
6199.0,6.286921116029243e-06
8458.0,6.290214296021974e-06
5706.0,6.292915985376243e-06
15875.0,6.293407944205037e-06
6108.0,6.294217350311124e-06
5598.0,6.297669750197665e-06
16035.0,6.3016060397481354e-06
18902.0,6.304446322789236e-06
14344.0,6.305526325607932e-06
19303.0,6.311960174372095e-06
8797.0,6.312256355613636e-06
2471.0,6.312453247370125e-06
18921.0,6.312551734320775e-06
14061.0,6.3131241561044685e-06
6077.0,6.313823213665984e-06
6227.0,6.316693828981629e-06
2743.0,6.323373859230082e-06
8369.0,6.324322996695208e-06
15871.0,6.326341978900964e-06
5939.0,6.32699113971588e-06
13765.0,6.3301471263792825e-06
3702.0,6.330481190196838e-06
10086.0,6.330598568253014e-06
6668.0,6.332200308386839e-06
77.0,6.337685688771352e-06
6665.0,6.341913854093141e-06
2656.0,6.343755862166931e-06
17581.0,6.345533703868885e-06
9566.0,6.346771474123496e-06
283.0,6.351603254217409e-06
13847.0,6.3528227088425074e-06
220.0,6.354246220659072e-06
4593.0,6.3557786525019494e-06
13656.0,6.3571242872726e-06
5111.0,6.357227676412061e-06
9897.0,6.358368224235774e-06
16029.0,6.360364708670316e-06
11276.0,6.360374983766633e-06
16172.0,6.3628462611452275e-06
5883.0,6.365753781219128e-06
3899.0,6.366164658566758e-06
2923.0,6.366281031646186e-06
1919.0,6.370228017685396e-06
4922.0,6.374442708758434e-06
15011.0,6.3762361923594325e-06
15180.0,6.38110714715333e-06
1172.0,6.382565613923424e-06
8093.0,6.387581599666586e-06
1967.0,6.393010444901163e-06
8406.0,6.39309730217099e-06
6489.0,6.397181099695456e-06
18772.0,6.400284901279135e-06
3435.0,6.400966588681275e-06
12739.0,6.4019500357999735e-06
8906.0,6.4121152829058875e-06
2532.0,6.412270993878968e-06
17056.0,6.414270857047475e-06
16193.0,6.4168415676516926e-06
15196.0,6.418133157808137e-06
10914.0,6.420895680770202e-06
16113.0,6.421334517671173e-06
15181.0,6.424526118201805e-06
18427.0,6.426733587664452e-06
11421.0,6.426803596806275e-06
2438.0,6.429814025925443e-06
6782.0,6.4318413310425245e-06
7200.0,6.431967948908428e-06
6081.0,6.4346603783405916e-06
16918.0,6.43615056262206e-06
5422.0,6.439736708238977e-06
18850.0,6.4407673065463295e-06
8558.0,6.444277337951433e-06
7584.0,6.446851950536807e-06
6962.0,6.447610662995755e-06
3144.0,6.447971132396472e-06
6441.0,6.449940810781208e-06
16633.0,6.457312947816664e-06
1656.0,6.459685286679338e-06
4465.0,6.461194969213563e-06
2696.0,6.4619051250661505e-06
5865.0,6.46534850966697e-06
17778.0,6.466184354645672e-06
7369.0,6.466739012182112e-06
6279.0,6.468219906608365e-06
3133.0,6.4691434247396135e-06
11148.0,6.474633380052268e-06
16821.0,6.476004646648903e-06
14151.0,6.476589827326269e-06
18853.0,6.4782452350164426e-06
11696.0,6.4805795508675015e-06
2437.0,6.481607562486717e-06
2245.0,6.482691953802341e-06
16512.0,6.483147196684356e-06
19585.0,6.4840322128228676e-06
2669.0,6.4844194372946355e-06
5841.0,6.486361603230445e-06
6007.0,6.488096053730997e-06
15690.0,6.489946723141765e-06
10297.0,6.493394214083996e-06
8912.0,6.4946243560791945e-06
10900.0,6.494884333781527e-06
9254.0,6.496935691513337e-06
18131.0,6.498122453121069e-06
5895.0,6.4988249095803e-06
16748.0,6.500862616846734e-06
4791.0,6.502775869376768e-06
8302.0,6.503573987678212e-06
10427.0,6.507527439765641e-06
2829.0,6.509057743343896e-06
6314.0,6.5096902726091835e-06
10042.0,6.513102403182345e-06
7720.0,6.514744794362315e-06
15642.0,6.515162349473265e-06
8584.0,6.519092213910927e-06
8887.0,6.520466554978662e-06
8554.0,6.521129268531119e-06
16458.0,6.521860952753709e-06
6725.0,6.52221696352532e-06
5209.0,6.523022498961859e-06
15638.0,6.523720649908057e-06
17349.0,6.524780541470289e-06
19671.0,6.526131000232072e-06
11258.0,6.5263826073578545e-06
12625.0,6.527227046931948e-06
5267.0,6.528590180413377e-06
8342.0,6.531219997726433e-06
12470.0,6.533636130157942e-06
10952.0,6.533921805563073e-06
8102.0,6.535948337890496e-06
11326.0,6.53616186643662e-06
15228.0,6.536991833669146e-06
9811.0,6.537442626552654e-06
18204.0,6.543813548309277e-06
10682.0,6.545103632734426e-06
8040.0,6.547404136047567e-06
6324.0,6.54878841024982e-06
11338.0,6.550769263042716e-06
5676.0,6.551440135371e-06
15160.0,6.556913494435574e-06
6742.0,6.557278377771225e-06
18659.0,6.557340523290009e-06
11893.0,6.5574203404825985e-06
17332.0,6.558828018994324e-06
4041.0,6.561943535366121e-06
1502.0,6.5655418760365935e-06
7845.0,6.565705130889569e-06
15644.0,6.569635445642434e-06
6374.0,6.56989455334956e-06
18387.0,6.571569955183764e-06
632.0,6.573594773643749e-06
2353.0,6.580635954168411e-06
19319.0,6.582381618505606e-06
2824.0,6.5893107407880025e-06
401.0,6.593454543262888e-06
1062.0,6.5947168324842485e-06
10282.0,6.595386762707302e-06
182.0,6.598047922794205e-06
6765.0,6.598690007014518e-06
14373.0,6.606115269659501e-06
14310.0,6.607033012935356e-06
11711.0,6.611518554869884e-06
18198.0,6.614134531553274e-06
15121.0,6.615147438956341e-06
17996.0,6.618802188853912e-06
2199.0,6.619742865001329e-06
17910.0,6.62569470588895e-06
1979.0,6.627633733429004e-06
19800.0,6.629278367083478e-06
842.0,6.63083739203668e-06
9215.0,6.6458521036335965e-06
10263.0,6.654376468381756e-06
2710.0,6.656378813463955e-06
6741.0,6.656757307023102e-06
11536.0,6.6569774992735745e-06
16942.0,6.662118816332599e-06
8914.0,6.66317179357775e-06
6228.0,6.666020021051011e-06
8787.0,6.667228108081236e-06
9234.0,6.670191378382915e-06
3336.0,6.670645057551079e-06
13446.0,6.67076404845901e-06
6895.0,6.671150150781662e-06
4676.0,6.6760541882541986e-06
14801.0,6.676304504865687e-06
16945.0,6.6784346565246884e-06
16156.0,6.6790353854916356e-06
10354.0,6.68088271698398e-06
6080.0,6.684971252287771e-06
17015.0,6.685166534608783e-06
2714.0,6.6856141879663374e-06
13937.0,6.686812430822287e-06
18464.0,6.686889814400002e-06
7212.0,6.690022072609866e-06
4108.0,6.6925375786662046e-06
10264.0,6.694250922651531e-06
18024.0,6.6944082213380355e-06
16361.0,6.695843676687841e-06
16553.0,6.696154402672086e-06
16771.0,6.703267588318715e-06
15308.0,6.704098368899579e-06
4389.0,6.705632554877462e-06
17426.0,6.705887713374877e-06
18775.0,6.707318642078235e-06
15586.0,6.708757337130589e-06
10655.0,6.709210977435371e-06
19754.0,6.712061531488667e-06
11274.0,6.717332955204822e-06
19480.0,6.718381342050113e-06
12059.0,6.71892649673192e-06
3605.0,6.722002451696387e-06
4587.0,6.722082760019721e-06
7761.0,6.723201511804993e-06
15102.0,6.723310572138477e-06
2575.0,6.723431069950711e-06
9685.0,6.7246672894630555e-06
7965.0,6.726129459821834e-06
8601.0,6.731712048235789e-06
17963.0,6.733007840303829e-06
17625.0,6.73761765464479e-06
2040.0,6.742136623942504e-06
1699.0,6.742286442947757e-06
11344.0,6.745481409831555e-06
1674.0,6.745600134312552e-06
15112.0,6.751956191934372e-06
9710.0,6.752201200367848e-06
17344.0,6.75320307296783e-06
7717.0,6.75374374714436e-06
9427.0,6.755473540126733e-06
7401.0,6.760550760946101e-06
7995.0,6.760601743427196e-06
4048.0,6.762282011977422e-06
2081.0,6.768228148492875e-06
9358.0,6.769096484046598e-06
9438.0,6.769143486460166e-06
4356.0,6.77123996356809e-06
458.0,6.771707582574998e-06
67.0,6.7729134090304346e-06
15951.0,6.773121648928701e-06
16882.0,6.774350073597373e-06
7904.0,6.774875458136868e-06
13164.0,6.7758223935834225e-06
15064.0,6.778872009295334e-06
15996.0,6.783946774546598e-06
3825.0,6.78431282114658e-06
11493.0,6.789247017810765e-06
5772.0,6.792331137005117e-06
14289.0,6.79236251189541e-06
10156.0,6.796482373927669e-06
175.0,6.7984484082388915e-06
18732.0,6.798932769965763e-06
361.0,6.801579172139305e-06
5727.0,6.806589847974909e-06
3570.0,6.807120064733717e-06
18325.0,6.807370048022567e-06
16673.0,6.808497925373437e-06
10902.0,6.8094144101058875e-06
19437.0,6.811402451434312e-06
796.0,6.8116498586434684e-06
18120.0,6.8127970793158555e-06
6594.0,6.8156792318244955e-06
2487.0,6.8182134714522415e-06
18587.0,6.825201777570894e-06
16330.0,6.830765736811154e-06
17973.0,6.84760765964518e-06
14835.0,6.848675139995532e-06
14554.0,6.8505974482929075e-06
11442.0,6.854535162953918e-06
17250.0,6.856671728432315e-06
7968.0,6.86277227903635e-06
915.0,6.864709658114865e-06
15219.0,6.866183022463332e-06
6843.0,6.868602921175238e-06
2658.0,6.8720854229729635e-06
8161.0,6.874785502754761e-06
16462.0,6.876808600249326e-06
8347.0,6.878383637814912e-06
18243.0,6.884307224912549e-06
2094.0,6.8852493567971466e-06
11595.0,6.889106446688088e-06
1473.0,6.8905254251112685e-06
17512.0,6.898648021278551e-06
11902.0,6.900661135002326e-06
9795.0,6.9009618171012615e-06
11479.0,6.903882321894281e-06
18763.0,6.905093316211999e-06
17710.0,6.907553259122493e-06
11821.0,6.909525151649737e-06
19887.0,6.909815344531303e-06
13948.0,6.910407789861286e-06
10708.0,6.910790979382451e-06
14235.0,6.917961895165936e-06
3669.0,6.918270534163453e-06
7307.0,6.919187713445074e-06
19575.0,6.920723143898827e-06
14731.0,6.920987059020856e-06
6869.0,6.921980570394104e-06
18786.0,6.926045733290815e-06
8834.0,6.927735186801943e-06
14428.0,6.930029402989115e-06
916.0,6.932969179747092e-06
2657.0,6.933166651269209e-06
3266.0,6.933293870074819e-06
18069.0,6.933566855742377e-06
6906.0,6.938107205910758e-06
6921.0,6.9428034417191055e-06
449.0,6.94505655976428e-06
15882.0,6.945682169934834e-06
17924.0,6.948531825498248e-06
3512.0,6.952101915264165e-06
8981.0,6.9530715060074905e-06
2932.0,6.956198282451282e-06
14033.0,6.956754360628845e-06
16134.0,6.957028461792766e-06
13312.0,6.960022342979795e-06
13475.0,6.960793135503267e-06
16690.0,6.963196115398453e-06
3165.0,6.9634903499261864e-06
10678.0,6.965292471780736e-06
6191.0,6.969702327377384e-06
8788.0,6.974198292241485e-06
864.0,6.9750353512577845e-06
6004.0,6.978332271373691e-06
12877.0,6.978771287034232e-06
2835.0,6.980577575241966e-06
7858.0,6.982545686744872e-06
14407.0,6.984484801156015e-06
4032.0,6.993614968327662e-06
8578.0,6.995795522710694e-06
2770.0,6.996413732116892e-06
11475.0,6.996918477537759e-06
5927.0,6.998787131387364e-06
13817.0,7.002578071033139e-06
4222.0,7.004630751147387e-06
1670.0,7.008145651691588e-06
5622.0,7.010482762015882e-06
894.0,7.01262853957992e-06
13358.0,7.020296189113924e-06
13916.0,7.020581784583269e-06
1104.0,7.020839487874455e-06
7012.0,7.022117815882545e-06
16591.0,7.0223537305072605e-06
16333.0,7.02643313412355e-06
9713.0,7.027458026294942e-06
7708.0,7.027890261909288e-06
14025.0,7.030777840975566e-06
7228.0,7.032076951500371e-06
16587.0,7.03229021455283e-06
9602.0,7.0358381836482e-06
17405.0,7.037501981453641e-06
7118.0,7.039094352875288e-06
11323.0,7.0471142204264855e-06
17099.0,7.04777397024151e-06
1873.0,7.047909722363546e-06
17691.0,7.048590433138059e-06
17827.0,7.050177002245651e-06
13760.0,7.051003574801577e-06
16834.0,7.051389407435134e-06
3539.0,7.05336958942157e-06
13806.0,7.055068332599546e-06
9938.0,7.058936498648526e-06
5574.0,7.063682791152104e-06
3632.0,7.066711252580821e-06
15992.0,7.069203802759228e-06
17516.0,7.07734200638878e-06
15215.0,7.077488110083829e-06
12838.0,7.078011266336224e-06
653.0,7.082656888690081e-06
5339.0,7.084412096534769e-06
17329.0,7.086376332436356e-06
9946.0,7.0872177108619794e-06
10830.0,7.091048493077398e-06
11460.0,7.0914165670461904e-06
14524.0,7.0921066554460284e-06
15919.0,7.094983007267411e-06
14898.0,7.0965090314384835e-06
16484.0,7.096816642170335e-06
6021.0,7.098975986333959e-06
19779.0,7.1055853577910825e-06
2580.0,7.11202911471411e-06
14625.0,7.112538162360162e-06
16198.0,7.1169221784484745e-06
13666.0,7.118567701868048e-06
9518.0,7.122362699950273e-06
162.0,7.123679772618201e-06
2951.0,7.12470788827552e-06
16352.0,7.126319217056242e-06
6137.0,7.1317732342120455e-06
5660.0,7.139735329946073e-06
13174.0,7.142589614875474e-06
2485.0,7.144691542129627e-06
2225.0,7.146544818589212e-06
18593.0,7.14792678413191e-06
2546.0,7.149036121663183e-06
1738.0,7.161213426999721e-06
7812.0,7.161430967079098e-06
7020.0,7.161469796803423e-06
18112.0,7.166060127353018e-06
5957.0,7.166867194635264e-06
17849.0,7.1671495226608486e-06
15674.0,7.1684618375141325e-06
15839.0,7.169455373195189e-06
610.0,7.169776455487291e-06
8796.0,7.171064659041198e-06
7448.0,7.173002704799239e-06
17565.0,7.1747748994865484e-06
10680.0,7.175084244489327e-06
7039.0,7.175842379776965e-06
5083.0,7.176236477604716e-06
8553.0,7.179930828860387e-06
16417.0,7.1806103500335425e-06
4821.0,7.181393878855299e-06
3519.0,7.181456818568997e-06
678.0,7.1815216777861435e-06
16784.0,7.182888066835697e-06
17406.0,7.18389383402774e-06
11127.0,7.184066179675616e-06
1326.0,7.189295141734995e-06
10681.0,7.190315809990188e-06
15328.0,7.193242310891885e-06
18755.0,7.193532047336345e-06
4510.0,7.194593855139862e-06
9842.0,7.194732658375583e-06
9616.0,7.195109985810657e-06
11448.0,7.195313087248901e-06
9676.0,7.19624340434859e-06
10446.0,7.197016808672844e-06
10443.0,7.197893839889014e-06
17594.0,7.198240371360335e-06
3101.0,7.198660816968497e-06
8025.0,7.198743326291512e-06
481.0,7.199620884111217e-06
16905.0,7.19984492932481e-06
16519.0,7.203701908952998e-06
8707.0,7.205496382718307e-06
4672.0,7.2059733424221945e-06
10211.0,7.207143623935324e-06
15765.0,7.208809574852608e-06
5741.0,7.209974583018356e-06
15292.0,7.2111391621628496e-06
11586.0,7.213906739950324e-06
9587.0,7.217299334743035e-06
9210.0,7.222086960238513e-06
18276.0,7.227138839769711e-06
16725.0,7.2272961216145606e-06
16743.0,7.22856047444811e-06
3840.0,7.230814833681307e-06
9873.0,7.230968148592894e-06
10790.0,7.23361891420209e-06
18374.0,7.239253805236307e-06
6162.0,7.239595571075785e-06
5406.0,7.2428664180749595e-06
13371.0,7.243027117559967e-06
15144.0,7.247255267452847e-06
19582.0,7.247943302206783e-06
18439.0,7.2489695483033975e-06
520.0,7.256242841588281e-06
9248.0,7.25666487859157e-06
11789.0,7.257805413666313e-06
9107.0,7.259128833437736e-06
2659.0,7.262615344251457e-06
2180.0,7.26321311497784e-06
17491.0,7.265185757305499e-06
16491.0,7.26792619528386e-06
5059.0,7.27173597735961e-06
15605.0,7.2730992970753234e-06
14375.0,7.2749696104058926e-06
14082.0,7.284637451276657e-06
17750.0,7.285094425381491e-06
11689.0,7.287114784321911e-06
6394.0,7.287764286062613e-06
17646.0,7.2892464508222845e-06
2924.0,7.291847827614471e-06
9494.0,7.294224296715384e-06
1623.0,7.294736815865779e-06
6811.0,7.294954240733509e-06
5777.0,7.2955193866054215e-06
15791.0,7.302234018372386e-06
9863.0,7.302743228441518e-06
11514.0,7.31032692018455e-06
18474.0,7.3109467165678325e-06
139.0,7.31136009234545e-06
12957.0,7.312345401002163e-06
507.0,7.313073535942273e-06
14513.0,7.316041322144961e-06
14705.0,7.320352102565976e-06
17844.0,7.322536106354564e-06
8.0,7.326774395369016e-06
7748.0,7.327789852514749e-06
16288.0,7.330194977721704e-06
9207.0,7.333281395309651e-06
11688.0,7.335855408539307e-06
14858.0,7.3367065663925895e-06
12061.0,7.345181041903112e-06
11946.0,7.348228846019751e-06
15209.0,7.3507545463375994e-06
19578.0,7.3531532806202205e-06
1460.0,7.353694670948103e-06
10145.0,7.362349121127941e-06
420.0,7.365508146892401e-06
3471.0,7.3701059347419124e-06
5539.0,7.374647891605899e-06
7528.0,7.377229290273747e-06
16380.0,7.381120122056701e-06
18913.0,7.38113913707297e-06
1304.0,7.381480929335096e-06
13086.0,7.3833573176655514e-06
7203.0,7.391878617035562e-06
7703.0,7.392903780676967e-06
11670.0,7.399765196166825e-06
8698.0,7.401909320072128e-06
7332.0,7.403081790195578e-06
364.0,7.405540092966896e-06
3163.0,7.411658103366955e-06
5225.0,7.412149839846516e-06
15407.0,7.412574441636084e-06
19871.0,7.413406243752801e-06
19390.0,7.41708907138641e-06
16275.0,7.4195251970201176e-06
6461.0,7.419584552363843e-06
2070.0,7.421038120327155e-06
967.0,7.421712845327447e-06
5239.0,7.428978493057473e-06
6659.0,7.429455460861109e-06
6017.0,7.432213254306278e-06
15013.0,7.434291466146975e-06
1383.0,7.436764051121257e-06
19080.0,7.437769248779385e-06
5072.0,7.440415033231501e-06
19034.0,7.441299393949649e-06
18074.0,7.441767167468255e-06
3407.0,7.44365674685593e-06
16302.0,7.445082626059508e-06
17819.0,7.460849702266975e-06
17905.0,7.461862994827648e-06
3210.0,7.4619777260554796e-06
17326.0,7.462784509897894e-06
18862.0,7.473669436662492e-06
3140.0,7.474191413382561e-06
16255.0,7.4745979078414405e-06
3851.0,7.477625276249313e-06
19069.0,7.477860818003039e-06
18723.0,7.481844558441428e-06
8065.0,7.4836335710496435e-06
2429.0,7.486510129209128e-06
10996.0,7.486855493391931e-06
11303.0,7.49554057409002e-06
9335.0,7.496281229803178e-06
11213.0,7.497480575449331e-06
10068.0,7.49770171760511e-06
5867.0,7.500105559130328e-06
8524.0,7.500934925602952e-06
6873.0,7.5009782805866625e-06
803.0,7.502296872231458e-06
15982.0,7.502584568232777e-06
8429.0,7.507051676269474e-06
6346.0,7.507384400845812e-06
9094.0,7.516038566584053e-06
12616.0,7.518239087506897e-06
2313.0,7.518342009403878e-06
7625.0,7.518982524704581e-06
15052.0,7.519485605344542e-06
7560.0,7.529426881769962e-06
2491.0,7.53303226955572e-06
12532.0,7.5356362757609345e-06
8574.0,7.5443849623984574e-06
13715.0,7.544607420669215e-06
13867.0,7.550529686377618e-06
10832.0,7.551919257926824e-06
13514.0,7.556209110146953e-06
19440.0,7.560252440993021e-06
9915.0,7.561039119495384e-06
18581.0,7.563441024838181e-06
8708.0,7.5645334098523e-06
13882.0,7.565140434687122e-06
7664.0,7.5652315319270896e-06
15204.0,7.566309932091494e-06
9623.0,7.569270555796006e-06
5442.0,7.574064870733511e-06
6089.0,7.577063844325015e-06
17949.0,7.581643446543412e-06
11899.0,7.582972997473551e-06
7694.0,7.585337389874847e-06
1170.0,7.586597912554716e-06
9512.0,7.5871989814970554e-06
15741.0,7.5931260655969755e-06
8808.0,7.594133968374239e-06
6758.0,7.595160617026651e-06
13220.0,7.5971386831891995e-06
15885.0,7.600870818419716e-06
254.0,7.602614420694461e-06
15641.0,7.603163336836202e-06
5562.0,7.603817488594682e-06
196.0,7.604752132432854e-06
17965.0,7.607195807777248e-06
17551.0,7.608359447333768e-06
13261.0,7.613625072306264e-06
17016.0,7.615337461403141e-06
8617.0,7.617506342104707e-06
5855.0,7.620924668078037e-06
249.0,7.62115892885565e-06
5690.0,7.621163491086194e-06
9918.0,7.621218814116443e-06
14766.0,7.623530031016843e-06
2705.0,7.63297696685925e-06
699.0,7.633187002367343e-06
2330.0,7.633837276897706e-06
1525.0,7.635202432756237e-06
2056.0,7.637233184693122e-06
9781.0,7.638036498058646e-06
17559.0,7.641766995915546e-06
6969.0,7.645305226090564e-06
2639.0,7.647281810709755e-06
7470.0,7.649362274546014e-06
17318.0,7.651194304183203e-06
1301.0,7.65706756891214e-06
10363.0,7.65748909387603e-06
909.0,7.658605844312721e-06
16331.0,7.659673816718524e-06
5873.0,7.6653417988993e-06
19571.0,7.666363398865332e-06
19630.0,7.671100328624518e-06
19461.0,7.674231734913774e-06
5131.0,7.678622736025007e-06
9845.0,7.678842724899866e-06
16526.0,7.690154124110687e-06
312.0,7.692160402554146e-06
7953.0,7.692246440336608e-06
8203.0,7.69658739692792e-06
1491.0,7.69871365859271e-06
17130.0,7.702457101337828e-06
12881.0,7.703100721539342e-06
15230.0,7.703581053829604e-06
5436.0,7.704303122263434e-06
13413.0,7.707888607939199e-06
11450.0,7.715392236389139e-06
6542.0,7.716220336338478e-06
11903.0,7.716332065933013e-06
15295.0,7.717523509341045e-06
15683.0,7.718187090731059e-06
19628.0,7.718718434151212e-06
13477.0,7.72036757554701e-06
4509.0,7.721654844067983e-06
13821.0,7.724239411287311e-06
15466.0,7.744652143403516e-06
16731.0,7.745632561661432e-06
15423.0,7.750500978913658e-06
9108.0,7.75499155203363e-06
8507.0,7.756324338702065e-06
10905.0,7.756487175167915e-06
17526.0,7.757905915093738e-06
6300.0,7.758098495686207e-06
5842.0,7.75915673565317e-06
16405.0,7.759215230026145e-06
9240.0,7.760979824537738e-06
6367.0,7.763193751991666e-06
2850.0,7.766715110081919e-06
12079.0,7.767734788643717e-06
19830.0,7.76819908239555e-06
13540.0,7.768546267857364e-06
5215.0,7.77230608726689e-06
18759.0,7.773232530451994e-06
9804.0,7.774656549658734e-06
18267.0,7.775805209004033e-06
1413.0,7.782040634645477e-06
1049.0,7.783841975302383e-06
7086.0,7.783964876068603e-06
8001.0,7.784861623948195e-06
6406.0,7.786890870393522e-06
1086.0,7.794706064658627e-06
5700.0,7.795658510134755e-06
19901.0,7.79826175997242e-06
7613.0,7.79985236307166e-06
17540.0,7.799885165778117e-06
16932.0,7.799983469140172e-06
1958.0,7.803028061997565e-06
181.0,7.803088155711299e-06
7033.0,7.805324235558362e-06
2612.0,7.805457205408159e-06
13697.0,7.807944885462826e-06
3495.0,7.809927700612491e-06
11142.0,7.819077100038067e-06
13079.0,7.819835139832578e-06
17619.0,7.821739405802743e-06
355.0,7.821843449292304e-06
18543.0,7.830862926223005e-06
2092.0,7.8333223692266e-06
13589.0,7.83392196643775e-06
18968.0,7.834244914848593e-06
6547.0,7.83715516301375e-06
5843.0,7.841587961482497e-06
18047.0,7.843174046189156e-06
234.0,7.84499862488807e-06
4700.0,7.846770395605764e-06
8828.0,7.8469953648928e-06
16112.0,7.85003866874283e-06
15419.0,7.858183452972967e-06
3308.0,7.8583773432674e-06
15682.0,7.860342436817642e-06
2025.0,7.865612346069157e-06
14908.0,7.86639035593963e-06
5511.0,7.8681593986945e-06
11538.0,7.869593969733263e-06
8082.0,7.869978383352496e-06
732.0,7.870091972695565e-06
8694.0,7.871610871245437e-06
19804.0,7.873260054304424e-06
19717.0,7.878371725855124e-06
1314.0,7.881899529983962e-06
229.0,7.88465703188099e-06
15688.0,7.892564203493109e-06
388.0,7.892857484981808e-06
759.0,7.89686206584241e-06
16847.0,7.896962285771109e-06
1252.0,7.897357501980651e-06
13615.0,7.898494516747069e-06
4899.0,7.902018222034899e-06
17810.0,7.903628534357093e-06
17238.0,7.905342418140154e-06
18352.0,7.905410474446265e-06
13450.0,7.905783549744452e-06
19852.0,7.906804850319455e-06
11140.0,7.907061871502207e-06
611.0,7.912243895406597e-06
9747.0,7.917783653916322e-06
4415.0,7.924389526787174e-06
18375.0,7.929361797655782e-06
11867.0,7.930514123070634e-06
10974.0,7.931004734900945e-06
6829.0,7.932317924390095e-06
1152.0,7.935670501603793e-06
16018.0,7.944872141651448e-06
12607.0,7.950106185729472e-06
15199.0,7.958110142685734e-06
15063.0,7.962118111690051e-06
10797.0,7.96503507147308e-06
14260.0,7.966171518794737e-06
16514.0,7.968301922119608e-06
6111.0,7.972311509883532e-06
7299.0,7.972914842328898e-06
2432.0,7.972977335914263e-06
6237.0,7.977772555009762e-06
8238.0,7.980326784320683e-06
19812.0,7.98246056768096e-06
17942.0,7.982776923709765e-06
2834.0,7.985700371639799e-06
14087.0,7.98654161340571e-06
11112.0,7.988376731709964e-06
19321.0,7.988927818952527e-06
12880.0,7.989429046984746e-06
2188.0,7.990013118304777e-06
19481.0,7.99182538609633e-06
18953.0,7.993074164560137e-06
16257.0,8.000844995088896e-06
5341.0,8.003085022458937e-06
6827.0,8.00443213806229e-06
11357.0,8.004456527989596e-06
13875.0,8.004770343188883e-06
13592.0,8.006504086254301e-06
1451.0,8.007245692480675e-06
16138.0,8.009691903739939e-06
5869.0,8.01237287520424e-06
17621.0,8.014881388257778e-06
15146.0,8.015158860672388e-06
4784.0,8.016985596592956e-06
10610.0,8.018679123404343e-06
17835.0,8.050309424613928e-06
10975.0,8.052365519063364e-06
494.0,8.059726489036942e-06
18007.0,8.061777578321162e-06
8010.0,8.062777287200855e-06
1362.0,8.066357078128254e-06
5861.0,8.067603857075768e-06
10021.0,8.067855238144927e-06
16016.0,8.069196135076318e-06
4421.0,8.073670291521178e-06
10951.0,8.078267408666976e-06
12614.0,8.079692300035134e-06
10947.0,8.084847350903037e-06
8378.0,8.08608934207711e-06
17703.0,8.087613807080808e-06
4772.0,8.087613812620488e-06
1950.0,8.089350564733985e-06
17881.0,8.091767426904903e-06
4563.0,8.092346243080581e-06
1819.0,8.092900467340402e-06
1300.0,8.095149473358929e-06
397.0,8.095205204210669e-06
9742.0,8.097306886614385e-06
13498.0,8.102178051744885e-06
8972.0,8.10316858557003e-06
11544.0,8.103807474448046e-06
10650.0,8.107150929837784e-06
9637.0,8.121019204836823e-06
2900.0,8.123941469629888e-06
17222.0,8.125688757487217e-06
11705.0,8.12766685983321e-06
12086.0,8.135385681875604e-06
14761.0,8.13877856175207e-06
9304.0,8.142530565948683e-06
2012.0,8.146262361931586e-06
8743.0,8.151027407459667e-06
6297.0,8.152374883244973e-06
2704.0,8.153025959376468e-06
15238.0,8.153460781019671e-06
3209.0,8.159106644601928e-06
11087.0,8.162054607834133e-06
850.0,8.167543380009817e-06
4225.0,8.171070458765919e-06
16239.0,8.173198975774052e-06
12560.0,8.175624028939988e-06
8091.0,8.17727993665693e-06
3167.0,8.181395239070086e-06
18284.0,8.184497870805179e-06
9855.0,8.184944537945553e-06
3171.0,8.187449296337466e-06
19234.0,8.18759568580124e-06
9770.0,8.188606721973992e-06
4698.0,8.197130914161542e-06
17598.0,8.200396334140724e-06
3624.0,8.206795228627764e-06
19616.0,8.207102671765027e-06
3824.0,8.20763099909049e-06
16456.0,8.210125643387858e-06
10960.0,8.212202933424066e-06
16628.0,8.21617431186503e-06
7935.0,8.217424473690568e-06
4298.0,8.219130943720563e-06
2752.0,8.220746423065954e-06
9680.0,8.221432148321249e-06
1388.0,8.222192389089755e-06
15166.0,8.226233614908746e-06
17684.0,8.228765953852546e-06
1998.0,8.233607143542675e-06
1355.0,8.238483501990587e-06
17379.0,8.245563886951416e-06
15473.0,8.245829027370205e-06
308.0,8.24628262361441e-06
2226.0,8.247401582037458e-06
12934.0,8.248847327081964e-06
1244.0,8.255676604704038e-06
805.0,8.260831387766508e-06
9681.0,8.266172168697463e-06
18728.0,8.26710276287534e-06
4610.0,8.269095445625192e-06
17418.0,8.273935624696148e-06
827.0,8.283302301301752e-06
9019.0,8.291827051686994e-06
2968.0,8.292503062971903e-06
6935.0,8.293343415717616e-06
7383.0,8.298585193959694e-06
7558.0,8.300822736462117e-06
4494.0,8.301528943798523e-06
19903.0,8.30450367522748e-06
14909.0,8.30766294736643e-06
1165.0,8.310574550792498e-06
13799.0,8.320250083393537e-06
17358.0,8.322723656554284e-06
7499.0,8.32593054105384e-06
918.0,8.327922742921782e-06
2205.0,8.330279906228873e-06
17624.0,8.333923537166456e-06
5870.0,8.341593522322073e-06
9130.0,8.348660356155036e-06
3739.0,8.351909275302205e-06
15336.0,8.3523376368136e-06
7509.0,8.35733905461076e-06
6802.0,8.357469558703553e-06
7728.0,8.357887627814623e-06
17300.0,8.360774613424471e-06
2739.0,8.363860364170212e-06
11058.0,8.366364343582066e-06
19908.0,8.36736321735712e-06
17202.0,8.367413575010244e-06
2771.0,8.368401299207233e-06
7434.0,8.369019365198219e-06
9779.0,8.374246928775195e-06
734.0,8.381631145036089e-06
18877.0,8.38277307731748e-06
10013.0,8.387235158312791e-06
4322.0,8.389321922109611e-06
15302.0,8.391560858402405e-06
7158.0,8.39486410563786e-06
18350.0,8.39717951184644e-06
3349.0,8.39990646245891e-06
19510.0,8.40314407218213e-06
396.0,8.405132538687426e-06
11259.0,8.409029832905391e-06
15272.0,8.413853836281603e-06
7099.0,8.418821365612123e-06
19660.0,8.420582021685129e-06
10299.0,8.422664943777992e-06
1321.0,8.430860039220409e-06
9434.0,8.434954143178486e-06
19849.0,8.43502128015456e-06
13520.0,8.442250083129542e-06
9818.0,8.445502288402978e-06
3572.0,8.4464202441474e-06
8256.0,8.447608579786316e-06
15770.0,8.451970771136021e-06
15945.0,8.452748879496355e-06
17837.0,8.456520179409197e-06
4826.0,8.456989598289861e-06
17895.0,8.45888239291816e-06
11214.0,8.460089205282542e-06
2148.0,8.461746352517897e-06
13144.0,8.46469026800772e-06
14152.0,8.46751482608026e-06
2626.0,8.468740648340775e-06
15113.0,8.476427350024886e-06
19482.0,8.47844683738611e-06
320.0,8.485719674687678e-06
19884.0,8.490141911726285e-06
5076.0,8.492744871128883e-06
11772.0,8.495107037914454e-06
19249.0,8.495941758252468e-06
9582.0,8.500597338416821e-06
17948.0,8.501146508998554e-06
2007.0,8.502393132304174e-06
18436.0,8.502632251946362e-06
17783.0,8.503886882923829e-06
16503.0,8.504828264305918e-06
276.0,8.512394764512152e-06
16549.0,8.514579827706771e-06
88.0,8.517402302739714e-06
19271.0,8.518879225086881e-06
1057.0,8.518909143751952e-06
2302.0,8.520266176230391e-06
10023.0,8.521779301123561e-06
5376.0,8.523051264681337e-06
17668.0,8.532652317164895e-06
16165.0,8.53297616451941e-06
2954.0,8.539561956786122e-06
15038.0,8.545306647799586e-06
14690.0,8.547063051632959e-06
17582.0,8.547226201360443e-06
18677.0,8.547715017212755e-06
17606.0,8.555032754272515e-06
11172.0,8.557656088079227e-06
17697.0,8.55892505886548e-06
925.0,8.564974689363335e-06
3557.0,8.56766211207198e-06
6040.0,8.567770050949878e-06
8582.0,8.56990082002207e-06
17076.0,8.570696259224608e-06
15136.0,8.571254105073859e-06
15869.0,8.57176588057999e-06
349.0,8.578977362507815e-06
16475.0,8.580852298209133e-06
19629.0,8.581255252546984e-06
15940.0,8.585841125597668e-06
16001.0,8.587519326605702e-06
6122.0,8.589296522493973e-06
9237.0,8.590632471797475e-06
8728.0,8.593354606946665e-06
18643.0,8.59362975099176e-06
7998.0,8.593725838284832e-06
4034.0,8.596119156421331e-06
8663.0,8.604368334587871e-06
17983.0,8.607295608827202e-06
19886.0,8.607824193169851e-06
11309.0,8.610059276379655e-06
9814.0,8.610989606048509e-06
17166.0,8.613372514843491e-06
1790.0,8.61652651941448e-06
16639.0,8.618173974735423e-06
8465.0,8.619797521079468e-06
17236.0,8.625710071319115e-06
16844.0,8.626121544777425e-06
10677.0,8.629928863973035e-06
6220.0,8.630145496075722e-06
8789.0,8.632193213235919e-06
7863.0,8.634888985792265e-06
8531.0,8.635056995583018e-06
2570.0,8.638268540991343e-06
7251.0,8.638348471691723e-06
19906.0,8.642050627166567e-06
200.0,8.642250467334327e-06
10753.0,8.643906739445777e-06
11794.0,8.644963124193556e-06
11229.0,8.645952643700701e-06
71.0,8.651643739122283e-06
15500.0,8.654385932331598e-06
17428.0,8.66046227846346e-06
14924.0,8.666401286198296e-06
13527.0,8.670771020665867e-06
17878.0,8.67338144331048e-06
1975.0,8.673992021957134e-06
3113.0,8.675164267308275e-06
8202.0,8.677036470320489e-06
5887.0,8.680430755477667e-06
2490.0,8.686001492846209e-06
19529.0,8.691203641809172e-06
19198.0,8.691596878948722e-06
13515.0,8.695529225103149e-06
13884.0,8.696366429812179e-06
3035.0,8.698505346760642e-06
9203.0,8.698644982129953e-06
13831.0,8.70559956906329e-06
8885.0,8.716746562015315e-06
17871.0,8.720383416485664e-06
13668.0,8.721150894773486e-06
18817.0,8.722477212833634e-06
7159.0,8.722760283244852e-06
15020.0,8.726996047535101e-06
2163.0,8.727189958267274e-06
2989.0,8.73114041709514e-06
9137.0,8.734225425652174e-06
7831.0,8.746966098631865e-06
19653.0,8.750245902437602e-06
19044.0,8.755045450985774e-06
6130.0,8.768064974707287e-06
9153.0,8.772906889872897e-06
14492.0,8.776151457519983e-06
6488.0,8.780304336568119e-06
12558.0,8.78396229326408e-06
5241.0,8.78634220427871e-06
295.0,8.790924508636632e-06
6913.0,8.792699438401872e-06
4953.0,8.792906620974699e-06
7477.0,8.799729155496051e-06
18823.0,8.80275968641056e-06
15633.0,8.80443489138491e-06
5075.0,8.806691486850838e-06
19850.0,8.807585099750953e-06
7793.0,8.80968465203207e-06
15924.0,8.814157473122907e-06
11204.0,8.815593410433445e-06
1045.0,8.822276496847224e-06
11136.0,8.829403028054208e-06
10528.0,8.832509458365947e-06
6368.0,8.833613734033765e-06
8244.0,8.842281382736975e-06
17969.0,8.84346452261828e-06
13719.0,8.84718765345407e-06
11517.0,8.848398481983803e-06
11203.0,8.84982844870073e-06
15920.0,8.8550478075662e-06
8311.0,8.860455848014033e-06
5770.0,8.867076071858655e-06
15406.0,8.867076495280294e-06
6769.0,8.870598180374356e-06
747.0,8.873885550903677e-06
11943.0,8.879690108983465e-06
17245.0,8.879878682494974e-06
12017.0,8.883759895766418e-06
12798.0,8.885269768798854e-06
2182.0,8.886034268810794e-06
12653.0,8.887054568904154e-06
15197.0,8.888180165096941e-06
3212.0,8.891388295844722e-06
11862.0,8.897094007999164e-06
1038.0,8.89918041454227e-06
4238.0,8.900478491330225e-06
15673.0,8.905354602915608e-06
7756.0,8.905804074075958e-06
16196.0,8.906788774061387e-06
2419.0,8.913292682774888e-06
19045.0,8.915818255971205e-06
6087.0,8.916420961833369e-06
17537.0,8.918587002639748e-06
10328.0,8.920088936043366e-06
6492.0,8.920959919041904e-06
16490.0,8.924647419477044e-06
899.0,8.925932973711035e-06
5279.0,8.928297943977171e-06
9052.0,8.928537723209467e-06
9935.0,8.932543803422598e-06
11278.0,8.933661421619784e-06
7367.0,8.937405544897912e-06
497.0,8.940755391092116e-06
829.0,8.941208002694566e-06
11313.0,8.942367919320612e-06
15679.0,8.944733203490541e-06
16173.0,8.946298611696433e-06
11620.0,8.949941889413053e-06
10459.0,8.951659357626022e-06
8964.0,8.95214039128945e-06
4748.0,8.955031668712967e-06
13078.0,8.959017594388206e-06
6715.0,8.959029982988082e-06
11830.0,8.963775818635011e-06
7932.0,8.965837059096243e-06
19331.0,8.966844471342108e-06
9723.0,8.972468327667425e-06
18437.0,8.973155152373703e-06
9579.0,8.98463919471408e-06
16042.0,8.985163843135398e-06
11609.0,8.985634505978206e-06
15474.0,8.993716737047873e-06
6891.0,8.995007143536496e-06
17719.0,8.996497692443649e-06
16260.0,8.998409015974865e-06
9838.0,9.009070689075095e-06
19895.0,9.010332473911576e-06
2384.0,9.013895254185146e-06
16428.0,9.015696599731012e-06
12595.0,9.017277961710522e-06
16122.0,9.019766358772755e-06
7329.0,9.025878197044439e-06
17527.0,9.026739978111988e-06
7038.0,9.030927444020318e-06
16927.0,9.033227506376632e-06
13084.0,9.034703502638262e-06
3609.0,9.038426680171755e-06
1522.0,9.039313091076718e-06
2273.0,9.047605275047315e-06
14093.0,9.050227611600296e-06
1844.0,9.050621524837686e-06
11503.0,9.054973144705342e-06
11583.0,9.055038591573812e-06
7292.0,9.059678704206334e-06
6816.0,9.060120741638235e-06
8389.0,9.061286716867743e-06
2041.0,9.062563975803188e-06
18096.0,9.070662394623037e-06
16416.0,9.078444463895594e-06
15395.0,9.081356057440996e-06
1937.0,9.083828771865703e-06
16604.0,9.08733462628349e-06
5159.0,9.089721745629229e-06
15850.0,9.089750248233902e-06
9879.0,9.089988590206032e-06
12713.0,9.092381444653325e-06
11434.0,9.092797083600047e-06
16347.0,9.099469549025704e-06
6691.0,9.09963704112607e-06
16396.0,9.100807310207028e-06
4308.0,9.106773153308308e-06
17390.0,9.109791763858624e-06
16468.0,9.111256399623361e-06
16543.0,9.11170626095871e-06
7441.0,9.112195402693197e-06
17024.0,9.120748548665397e-06
18011.0,9.126631134706714e-06
4496.0,9.133546114725145e-06
7815.0,9.140517446330603e-06
8874.0,9.141171024873464e-06
17131.0,9.146695013968757e-06
14282.0,9.149736043236397e-06
6347.0,9.150335362889882e-06
11484.0,9.156603411048343e-06
13681.0,9.16475372786919e-06
17031.0,9.165754439054255e-06
10891.0,9.169079909928099e-06
12487.0,9.170356177851585e-06
16995.0,9.17399947766699e-06
541.0,9.180395410445814e-06
1378.0,9.183170873929427e-06
9736.0,9.186085736613885e-06
7751.0,9.188554256165043e-06
15392.0,9.201992323937436e-06
13449.0,9.20564188798375e-06
292.0,9.208647482237914e-06
2475.0,9.210844826535216e-06
5646.0,9.215456782797353e-06
2747.0,9.217212968485486e-06
6598.0,9.22677680818916e-06
19711.0,9.22768193697976e-06
16880.0,9.230782798106361e-06
19032.0,9.232246006637157e-06
18634.0,9.232926713738529e-06
19369.0,9.234127640334044e-06
10825.0,9.239652577254054e-06
7797.0,9.239978002004659e-06
4087.0,9.244473806603332e-06
7555.0,9.244820119098888e-06
7534.0,9.247980015517836e-06
15937.0,9.248701540283861e-06
10460.0,9.249640226898398e-06
17306.0,9.257756620593216e-06
7911.0,9.258423190525073e-06
17859.0,9.264275922844861e-06
8338.0,9.264530799777544e-06
10448.0,9.269097878089166e-06
5305.0,9.269621227485461e-06
6387.0,9.27567692996078e-06
9743.0,9.279108112923787e-06
6215.0,9.283363030294203e-06
7709.0,9.286769684743717e-06
4823.0,9.293802666293483e-06
13645.0,9.29473257801188e-06
10329.0,9.297619083647403e-06
360.0,9.298908850401437e-06
18655.0,9.305773351005088e-06
13543.0,9.306618806892152e-06
4565.0,9.310929671410136e-06
15441.0,9.312056768804867e-06
3396.0,9.312303252805352e-06
16876.0,9.318267186831826e-06
9278.0,9.318380270959493e-06
4296.0,9.324300117060619e-06
18002.0,9.325696337313372e-06
9384.0,9.329620279165127e-06
2891.0,9.33127599407209e-06
19298.0,9.335461387968807e-06
7063.0,9.343378386827927e-06
7952.0,9.344902945603767e-06
3142.0,9.350233626250844e-06
18511.0,9.35436059173702e-06
326.0,9.35519183066434e-06
13022.0,9.360322799010093e-06
17682.0,9.36401644438037e-06
11062.0,9.368221286766906e-06
8177.0,9.369903509128922e-06
6174.0,9.370398072309472e-06
7541.0,9.375314851474417e-06
17101.0,9.376112618960847e-06
6216.0,9.378133471035543e-06
18998.0,9.380267457480322e-06
16358.0,9.382251603206357e-06
3683.0,9.383424480748878e-06
17982.0,9.384180062312473e-06
4690.0,9.38725684256941e-06
11936.0,9.389312065705074e-06
1731.0,9.390393169053578e-06
15279.0,9.391785978892587e-06
18335.0,9.391857281562564e-06
197.0,9.40317785740336e-06
11986.0,9.403807285098495e-06
19678.0,9.411412432039804e-06
13495.0,9.41212333094587e-06
3633.0,9.42552917584593e-06
10464.0,9.428992377329577e-06
17861.0,9.432220191733875e-06
11169.0,9.433682276933985e-06
15801.0,9.433917078656655e-06
17885.0,9.43528086073445e-06
8123.0,9.436314441436057e-06
18532.0,9.436831549291016e-06
18214.0,9.43738791441031e-06
1957.0,9.43794699023123e-06
16088.0,9.439376898563182e-06
15837.0,9.441291318278989e-06
14757.0,9.452996644828983e-06
12027.0,9.454181257905594e-06
15936.0,9.454975064306677e-06
17339.0,9.457388561220379e-06
19619.0,9.458277880106364e-06
6586.0,9.459365742892082e-06
10884.0,9.459753084142363e-06
16649.0,9.461708524085037e-06
7106.0,9.4661171737524e-06
545.0,9.469401373332852e-06
1195.0,9.476553001320053e-06
847.0,9.478712190954856e-06
13601.0,9.47930088442302e-06
14727.0,9.484975770526485e-06
5908.0,9.48661824351734e-06
2507.0,9.489454077142157e-06
6801.0,9.491300111476016e-06
15744.0,9.493763995821832e-06
11972.0,9.502105408326886e-06
16552.0,9.505243874232098e-06
7296.0,9.505293521949955e-06
7189.0,9.5127379213643e-06
17010.0,9.514990085488544e-06
5603.0,9.518203622133609e-06
5652.0,9.520731564352301e-06
10596.0,9.521058747784389e-06
15176.0,9.522598793613653e-06
11003.0,9.528647943161103e-06
9008.0,9.542042993467855e-06
13593.0,9.553002790704737e-06
7669.0,9.556303709810417e-06
13492.0,9.56199445011881e-06
15358.0,9.562581074143996e-06
2686.0,9.563255579526367e-06
588.0,9.566889704355719e-06
7859.0,9.574787778160578e-06
13481.0,9.577000251358569e-06
568.0,9.577750758909083e-06
15640.0,9.57981230294821e-06
3589.0,9.585982411899388e-06
19144.0,9.592360085353083e-06
7785.0,9.596171409634685e-06
19095.0,9.602296221486192e-06
12611.0,9.604734544951604e-06
7336.0,9.60562777187215e-06
7399.0,9.606076912424049e-06
13877.0,9.606156299216883e-06
18867.0,9.608827998104291e-06
8188.0,9.609243225333768e-06
9551.0,9.609750813149955e-06
3354.0,9.61150630409199e-06
11516.0,9.612283804894113e-06
2468.0,9.614915877028226e-06
9888.0,9.620637538957784e-06
1732.0,9.621841044467048e-06
8004.0,9.624078454907608e-06
13800.0,9.633122121703535e-06
15467.0,9.635582982736811e-06
16611.0,9.635596778227074e-06
9115.0,9.636636797663795e-06
15846.0,9.636911456614426e-06
4221.0,9.642469651787541e-06
7141.0,9.64299822705436e-06
14293.0,9.647178248865533e-06
13425.0,9.64744073826055e-06
2069.0,9.655654985807055e-06
2994.0,9.656342429082408e-06
11857.0,9.65773924027433e-06
8949.0,9.66200672597171e-06
4967.0,9.662063529920284e-06
18205.0,9.666143484439354e-06
7224.0,9.667996345671229e-06
13399.0,9.67784974871078e-06
3833.0,9.6813396450739e-06
5837.0,9.686487434696904e-06
1693.0,9.688216763621898e-06
11117.0,9.693366642192352e-06
2914.0,9.707866504993606e-06
17480.0,9.711427629750465e-06
8965.0,9.714588898974072e-06
7052.0,9.718045978725878e-06
11210.0,9.72115720484231e-06
17756.0,9.73073196869246e-06
15639.0,9.731447677761863e-06
5907.0,9.732787308529578e-06
19388.0,9.734453232647482e-06
6416.0,9.734879159156943e-06
9211.0,9.73658259402445e-06
11672.0,9.738481312737022e-06
12028.0,9.742153767186871e-06
18295.0,9.742504264212957e-06
13218.0,9.748860123322437e-06
15269.0,9.749366870400122e-06
13861.0,9.751951279331867e-06
7050.0,9.756993575079442e-06
17954.0,9.758601704467993e-06
1948.0,9.760663447199264e-06
7302.0,9.762331333006092e-06
9980.0,9.767064688695513e-06
16685.0,9.770992999779467e-06
17146.0,9.77373216433349e-06
8061.0,9.77950693173451e-06
17788.0,9.7803363024625e-06
7562.0,9.780627039688276e-06
10657.0,9.78320396079621e-06
6086.0,9.78328661892e-06
555.0,9.786083121646402e-06
296.0,9.786650318920946e-06
9916.0,9.790321976307574e-06
17063.0,9.791417202210084e-06
18513.0,9.793645308471031e-06
16520.0,9.795840694829609e-06
10051.0,9.807163861613908e-06
16907.0,9.807251293024061e-06
11179.0,9.811488681981767e-06
17784.0,9.811967099726039e-06
5880.0,9.813190305801974e-06
19469.0,9.813516721376173e-06
15739.0,9.81716558221703e-06
11768.0,9.821302905834792e-06
15253.0,9.82946918088155e-06
2187.0,9.830489831147766e-06
16888.0,9.834893066372865e-06
855.0,9.841525544512225e-06
15721.0,9.841851477586279e-06
15119.0,9.844723739608231e-06
16167.0,9.848221521718862e-06
19284.0,9.848949263110506e-06
19620.0,9.849526055033981e-06
13998.0,9.854567527184382e-06
13428.0,9.856395435196808e-06
8942.0,9.856444984972777e-06
17112.0,9.856577212334196e-06
18784.0,9.859651229549375e-06
12070.0,9.862719160505505e-06
18290.0,9.86380692353417e-06
316.0,9.865042946332215e-06
15902.0,9.866636391689781e-06
12544.0,9.869056385509519e-06
647.0,9.872624422254567e-06
16692.0,9.87467703432579e-06
19299.0,9.880511869531623e-06
11387.0,9.883987320677914e-06
16060.0,9.886271112325837e-06
18493.0,9.887698336233254e-06
14442.0,9.889731451207603e-06
16219.0,9.892268494838204e-06
1859.0,9.89432516092783e-06
11933.0,9.900863225022945e-06
10558.0,9.902815410459197e-06
2741.0,9.905675263674713e-06
7418.0,9.909042782330434e-06
1499.0,9.917883626298925e-06
9594.0,9.926300740476582e-06
1273.0,9.92704414668802e-06
14742.0,9.927785994691035e-06
16835.0,9.931545083753242e-06
15797.0,9.932107727376469e-06
406.0,9.932205068383919e-06
5357.0,9.936842485084442e-06
15499.0,9.94039218332204e-06
728.0,9.940859814829618e-06
2555.0,9.943540624547247e-06
15718.0,9.949598457513335e-06
4589.0,9.956825318440855e-06
18941.0,9.960597771497623e-06
10007.0,9.966918741033786e-06
19684.0,9.96938086416374e-06
613.0,9.97007272106579e-06
4836.0,9.973171734798971e-06
15458.0,9.973878097434787e-06
19545.0,9.974377496319424e-06
11208.0,9.975348044554078e-06
983.0,9.97639174223566e-06
2062.0,9.978187588035039e-06
12570.0,9.998859864354339e-06
1396.0,1.00010553918078e-05
17116.0,1.0002263749588821e-05
12464.0,1.0004182491710689e-05
19593.0,1.0005932315654132e-05
6943.0,1.0008987902396323e-05
2751.0,1.0011331907439044e-05
8210.0,1.001165123388372e-05
19187.0,1.0014836600784399e-05
14912.0,1.0019654999793797e-05
11805.0,1.0021932108575386e-05
17519.0,1.0023839409468302e-05
7964.0,1.0027632946367848e-05
17287.0,1.003291644739153e-05
14890.0,1.003516534887535e-05
18546.0,1.0036262686175141e-05
6973.0,1.0038185326365285e-05
14517.0,1.0039847459732303e-05
10345.0,1.0040803923676986e-05
6517.0,1.004300248178927e-05
17204.0,1.0047485563138302e-05
15459.0,1.0052096127194056e-05
8671.0,1.0052654493208141e-05
7515.0,1.0055423326799146e-05
18994.0,1.006764784974913e-05
10466.0,1.0073114198455522e-05
15904.0,1.0073952330808393e-05
15753.0,1.0077171684562827e-05
6614.0,1.0079433318029634e-05
6019.0,1.0082082471335048e-05
6015.0,1.0082199209125782e-05
5757.0,1.0082525330685952e-05
17556.0,1.0084896444054937e-05
9964.0,1.0090683365231618e-05
9400.0,1.009527283020405e-05
11563.0,1.0102330408943933e-05
16517.0,1.010287068657526e-05
16839.0,1.0106296259503342e-05
11506.0,1.0106343398345444e-05
19559.0,1.0106997613934396e-05
9953.0,1.011866886467039e-05
11940.0,1.0126433932467694e-05
1645.0,1.0130117162066315e-05
1449.0,1.0134004559821247e-05
2000.0,1.0134413255887716e-05
1858.0,1.0136671583792283e-05
8536.0,1.0139118681323311e-05
8358.0,1.0139893021776448e-05
487.0,1.014274140992612e-05
19707.0,1.0145836875935125e-05
19683.0,1.0148927857979761e-05
6364.0,1.015674107463043e-05
16213.0,1.0156989631652856e-05
4850.0,1.0157020004280589e-05
5014.0,1.0167027721668793e-05
19677.0,1.0168458477075203e-05
15709.0,1.0170904911274486e-05
13264.0,1.0182104267886e-05
13585.0,1.0189543907602041e-05
15227.0,1.0195562821763693e-05
452.0,1.019620223935152e-05
15715.0,1.0196308641965665e-05
16944.0,1.020377557464114e-05
1968.0,1.0210642517070724e-05
18951.0,1.021122643221801e-05
10027.0,1.0212084915335029e-05
18673.0,1.0216949557667698e-05
19813.0,1.022012277187154e-05
16191.0,1.0225929368014205e-05
8349.0,1.0228692318473472e-05
2961.0,1.022881329042924e-05
4280.0,1.0239667301754514e-05
7654.0,1.0257207383112199e-05
10696.0,1.0263684045752336e-05
17075.0,1.0263862263906382e-05
351.0,1.0270240604476272e-05
16342.0,1.0270536695028026e-05
16343.0,1.027446468553831e-05
2586.0,1.0274614580463725e-05
8390.0,1.0274617707643127e-05
18635.0,1.0281283764951748e-05
17767.0,1.0288091239420274e-05
13222.0,1.0289564827599218e-05
16420.0,1.030085271198095e-05
16910.0,1.0302641003446107e-05
19211.0,1.0303003264055732e-05
10290.0,1.0307615626992038e-05
5573.0,1.0308255908538789e-05
12089.0,1.0310594651655973e-05
12662.0,1.031311431123947e-05
17787.0,1.0315709400494704e-05
19736.0,1.0320663011211933e-05
227.0,1.0330639988375672e-05
1782.0,1.0335955623645366e-05
9328.0,1.033769016844035e-05
686.0,1.0344219664011674e-05
19395.0,1.0347623537747252e-05
17603.0,1.0349028479417254e-05
7381.0,1.0349208625431357e-05
3585.0,1.0349548336006696e-05
9424.0,1.0357827519872079e-05
19257.0,1.0363500011617906e-05
14923.0,1.0366042908310142e-05
19315.0,1.0373602343480609e-05
7556.0,1.0376675038613024e-05
8146.0,1.0386005702314624e-05
19847.0,1.0386455846593205e-05
3186.0,1.0386988148925993e-05
9230.0,1.0389633363852755e-05
1726.0,1.0397960922251394e-05
13720.0,1.0403749501367862e-05
6119.0,1.0408182893858135e-05
3485.0,1.0426908668470123e-05
7575.0,1.0434621706983716e-05
8372.0,1.0438966286328905e-05
16036.0,1.0439082867630097e-05
11133.0,1.044925928742319e-05
14885.0,1.0456341018329362e-05
16625.0,1.0457240699979029e-05
15039.0,1.0460287349744485e-05
17705.0,1.046523247587221e-05
8569.0,1.046651224072092e-05
18538.0,1.046928714184566e-05
14711.0,1.0469964342757613e-05
14358.0,1.0470467382787522e-05
8125.0,1.04713091749168e-05
13797.0,1.0481156798691476e-05
11135.0,1.0492708026709164e-05
7947.0,1.0512516768159831e-05
657.0,1.0517986122369591e-05
14287.0,1.051953862480751e-05
16504.0,1.0520604520329866e-05
10630.0,1.0529044940104522e-05
16095.0,1.0536468383927818e-05
13305.0,1.0544321396595982e-05
16245.0,1.0546981744944222e-05
11173.0,1.0553633680597858e-05
6852.0,1.0555531613609121e-05
17216.0,1.055719945364295e-05
10907.0,1.055720015299546e-05
9748.0,1.0558801467875354e-05
18063.0,1.0561723382452752e-05
12012.0,1.056297325670296e-05
5624.0,1.0567277618869412e-05
19693.0,1.0568020530893432e-05
9669.0,1.0568119196483781e-05
15949.0,1.0578287825286148e-05
8840.0,1.0578373519445762e-05
5866.0,1.0579106632580464e-05
16372.0,1.05803015513201e-05
9270.0,1.0582641107751374e-05
508.0,1.0590122450641803e-05
19007.0,1.0593071542179275e-05
5970.0,1.0597352454203318e-05
17577.0,1.0598422153961872e-05
10053.0,1.0598533117342441e-05
3332.0,1.0601450059436168e-05
17659.0,1.0609374268304568e-05
19421.0,1.0611067920525065e-05
18306.0,1.0622005449352327e-05
13153.0,1.0623416561523903e-05
1042.0,1.062814239044051e-05
6310.0,1.063069268169814e-05
1812.0,1.0640146511693875e-05
7058.0,1.0641454299960647e-05
15569.0,1.0642851043537648e-05
8036.0,1.0651949726575141e-05
12310.0,1.065691736733286e-05
10014.0,1.066165846486654e-05
6544.0,1.066240518117813e-05
15903.0,1.066341493319823e-05
11898.0,1.0666307392380219e-05
1036.0,1.0666473748409492e-05
11678.0,1.067193831092437e-05
9619.0,1.0673819528605835e-05
4065.0,1.0676309514306197e-05
1310.0,1.0683457651318835e-05
18384.0,1.0689158053642779e-05
14574.0,1.0692502300924228e-05
11802.0,1.0699272582262897e-05
18297.0,1.071049442228698e-05
838.0,1.071428747630965e-05
14065.0,1.072209073876303e-05
5662.0,1.0723509102966685e-05
16801.0,1.0726200476340598e-05
11632.0,1.0726409541531335e-05
14986.0,1.0729115132318786e-05
438.0,1.0730603164455928e-05
14689.0,1.0730671315261963e-05
6851.0,1.073106585865295e-05
11239.0,1.0734021884910993e-05
903.0,1.0735295013419833e-05
12663.0,1.0740425435092483e-05
11487.0,1.0740666836920206e-05
2441.0,1.074784590785775e-05
17961.0,1.0751091184669513e-05
11945.0,1.0756626899520978e-05
11146.0,1.0757608851705192e-05
15057.0,1.0758909115630786e-05
17153.0,1.0760796048395608e-05
11851.0,1.0761342420865214e-05
6287.0,1.0762500978951064e-05
5579.0,1.0766327795397666e-05
19622.0,1.0766486646847092e-05
16958.0,1.0771226578102582e-05
18005.0,1.0775281334637387e-05
13234.0,1.0776663446044059e-05
11158.0,1.0777195080558561e-05
17548.0,1.0783438903747176e-05
6634.0,1.0783668268569188e-05
16369.0,1.0785562478966776e-05
15985.0,1.0789295212097451e-05
7536.0,1.0792112968290439e-05
14913.0,1.0797429795302016e-05
4284.0,1.0799740682210434e-05
10618.0,1.0800598803004975e-05
10067.0,1.0802514864503883e-05
11504.0,1.0804022940094201e-05
3731.0,1.0805092197782855e-05
16600.0,1.0805547536997083e-05
7034.0,1.0806148513931072e-05
10603.0,1.083343073053932e-05
12636.0,1.0836865631552403e-05
7300.0,1.0842181415571498e-05
3934.0,1.0849977258149913e-05
8661.0,1.0851252689735816e-05
2045.0,1.0852362579180198e-05
18132.0,1.0853253839291684e-05
6419.0,1.0853699047090232e-05
18769.0,1.0856497233956452e-05
11630.0,1.0858557995813294e-05
6425.0,1.0862847191859597e-05
9485.0,1.0862985890620548e-05
14738.0,1.0864735040392623e-05
12002.0,1.0864772508194721e-05
3795.0,1.0869856759184975e-05
11156.0,1.0874573964129618e-05
76.0,1.0875544275116982e-05
11601.0,1.0882567521539408e-05
10155.0,1.0884304930451765e-05
17012.0,1.0887885663193282e-05
634.0,1.0895571796293873e-05
18235.0,1.0897902176591773e-05
18220.0,1.090621082378107e-05
18087.0,1.0911196406064368e-05
13420.0,1.0913393769720583e-05
1787.0,1.0916936778276415e-05
16664.0,1.0918055857519286e-05
2010.0,1.0920683279969545e-05
18319.0,1.0925131684085394e-05
11780.0,1.0926656811975605e-05
15051.0,1.0932853564142528e-05
14237.0,1.0933589529972762e-05
15851.0,1.0933613813259086e-05
7049.0,1.0935639973742972e-05
4719.0,1.0939569953126854e-05
473.0,1.0941184325957527e-05
15564.0,1.0942404766594316e-05
17165.0,1.094465397979003e-05
7636.0,1.0946359736434233e-05
9620.0,1.0946932266674074e-05
14808.0,1.0960781870887602e-05
6214.0,1.0973897576881587e-05
10972.0,1.0984065287415616e-05
2972.0,1.0985052261392648e-05
19698.0,1.099102908895185e-05
13832.0,1.099800610958619e-05
10627.0,1.1000017500067025e-05
14397.0,1.1003945885744013e-05
11192.0,1.1005244628021364e-05
708.0,1.1005263417118005e-05
11184.0,1.101023799974565e-05
12414.0,1.1014710994056376e-05
4968.0,1.101571067947591e-05
15886.0,1.1015815094997374e-05
15540.0,1.1017364683041255e-05
12463.0,1.1020704089164557e-05
281.0,1.1026071502266145e-05
15361.0,1.102948335215647e-05
18882.0,1.1040884638790779e-05
1379.0,1.1041084294933275e-05
15988.0,1.1050049599914187e-05
1834.0,1.1051106498670647e-05
1488.0,1.1053452847537478e-05
11900.0,1.1057812889739592e-05
17533.0,1.105904392993356e-05
15029.0,1.1062811745815704e-05
10958.0,1.1063158217703357e-05
7839.0,1.1063174062310171e-05
18433.0,1.10634955234068e-05
1882.0,1.106606934738831e-05
16542.0,1.1067178006355859e-05
4861.0,1.1072021517993925e-05
9725.0,1.10741233954937e-05
18165.0,1.1079015832764733e-05
365.0,1.107918826895684e-05
16978.0,1.1085822999211634e-05
18115.0,1.1093457849327026e-05
11995.0,1.1093841608553348e-05
5342.0,1.1095280506390532e-05
15728.0,1.1095678723479906e-05
16976.0,1.1101188785305621e-05
8034.0,1.1104139154154626e-05
13648.0,1.1108014997481051e-05
18062.0,1.1108835787869548e-05
4484.0,1.1109141474525791e-05
4569.0,1.1114374648514425e-05
3678.0,1.1114626306773082e-05
10424.0,1.111656209282967e-05
7100.0,1.1116599708619143e-05
9465.0,1.1117406034312028e-05
3586.0,1.1118247367093086e-05
8071.0,1.1119157887747684e-05
17375.0,1.1125452029674669e-05
9393.0,1.1128429424739375e-05
810.0,1.1129264242822349e-05
2558.0,1.1130069225138522e-05
7749.0,1.113325224560365e-05
16418.0,1.1134223841882427e-05
1667.0,1.1148779843202793e-05
10269.0,1.114952231191541e-05
1148.0,1.1150456134373992e-05
8413.0,1.1151194613087043e-05
17958.0,1.1156278037868681e-05
6604.0,1.1157323581993292e-05
5838.0,1.1161235225626722e-05
1705.0,1.116470742593117e-05
9484.0,1.1167972712949467e-05
6384.0,1.1169378806367771e-05
6405.0,1.1170794735535243e-05
17333.0,1.1187254304560654e-05
5983.0,1.118915954583132e-05
19226.0,1.1191067390160863e-05
9866.0,1.1193760826393502e-05
14586.0,1.120469887829671e-05
1736.0,1.1205684970942314e-05
13323.0,1.1206722190023635e-05
15391.0,1.120717991949425e-05
7402.0,1.1211624310998021e-05
6861.0,1.1212211160942836e-05
3201.0,1.1223080745053863e-05
6150.0,1.1227112622487107e-05
1635.0,1.1232710226062786e-05
14029.0,1.124860001876291e-05
109.0,1.125972448481545e-05
16175.0,1.1274345710569434e-05
10082.0,1.1283483585217064e-05
5362.0,1.128899961747371e-05
16559.0,1.1289183025991242e-05
15599.0,1.1289922693303883e-05
716.0,1.12934921212193e-05
2311.0,1.1299524240043354e-05
3063.0,1.1307344767222384e-05
13917.0,1.130869893001808e-05
8730.0,1.1318084275242984e-05
5599.0,1.1320374281016394e-05
15334.0,1.1321679010121103e-05
15974.0,1.1322227478773134e-05
485.0,1.1328128061308727e-05
17111.0,1.13300655362571e-05
13901.0,1.1336742183481974e-05
3440.0,1.1338998742755897e-05
1724.0,1.1339382812067313e-05
1272.0,1.1342684222894525e-05
18053.0,1.1345348861429635e-05
3799.0,1.135028999428707e-05
20041.0,1.135318642303089e-05
17355.0,1.1360213507740992e-05
2522.0,1.136481439965223e-05
17877.0,1.137363575228614e-05
16325.0,1.1374405939760096e-05
7511.0,1.1376031414803285e-05
2230.0,1.138126708743596e-05
14764.0,1.1381626406766547e-05
1851.0,1.138173242093524e-05
11694.0,1.1383146536024428e-05
8114.0,1.1383532492303302e-05
13707.0,1.1386447993626402e-05
1202.0,1.1394660064369727e-05
16141.0,1.139984681077009e-05
4613.0,1.1401848720366645e-05
10997.0,1.140512418411983e-05
8479.0,1.1406740397896663e-05
7849.0,1.1418772791802321e-05
7713.0,1.1421954406618567e-05
9274.0,1.1424033212386608e-05
17578.0,1.1435143399130176e-05
16511.0,1.1447086108645478e-05
660.0,1.146212487150431e-05
11596.0,1.146918019490941e-05
14575.0,1.1469804309897179e-05
3078.0,1.1472434438117292e-05
14283.0,1.1473662677330829e-05
2004.0,1.1474793626241687e-05
18187.0,1.1478584942619958e-05
8753.0,1.1494344743489305e-05
6997.0,1.1495116733773817e-05
9495.0,1.15132706865743e-05
3564.0,1.1513740514757698e-05
19723.0,1.1529477036478383e-05
12019.0,1.1537016953771755e-05
8782.0,1.1539892026346571e-05
8044.0,1.1542182046898168e-05
6727.0,1.15423000974561e-05
5888.0,1.1542866232935786e-05
6363.0,1.1544409154124465e-05
13160.0,1.1545673423366211e-05
1142.0,1.154569784397153e-05
7155.0,1.1547677550761293e-05
16804.0,1.1548296731495178e-05
16688.0,1.1550590480945035e-05
17353.0,1.1555536703355764e-05
11491.0,1.155591886308721e-05
11623.0,1.1556431243094881e-05
13551.0,1.155852476004433e-05
10387.0,1.1559549171710547e-05
7198.0,1.1559865621485809e-05
15589.0,1.1563438307546542e-05
2962.0,1.156387425206664e-05
540.0,1.1570408738650024e-05
14402.0,1.1570759972230953e-05
330.0,1.15728860650254e-05
3639.0,1.1576254762768218e-05
17711.0,1.1604476167695944e-05
10357.0,1.161261656553543e-05
11640.0,1.1613583381720971e-05
17209.0,1.1620461069169288e-05
14501.0,1.162414593273381e-05
19128.0,1.1624801971733736e-05
10572.0,1.1633630898574508e-05
5961.0,1.1634040224965818e-05
16564.0,1.1634512170154673e-05
3073.0,1.163613471204426e-05
1837.0,1.1637396128821652e-05
17139.0,1.1638313896490936e-05
11207.0,1.1646139802322642e-05
5668.0,1.1647680773663784e-05
18324.0,1.1653082698972595e-05
5154.0,1.1663938458704827e-05
13209.0,1.1667008162581212e-05
16953.0,1.1671233592790822e-05
14943.0,1.1673310303378202e-05
8147.0,1.1674197842725425e-05
4151.0,1.1689808577977454e-05
8844.0,1.1692124724217093e-05
1805.0,1.169478001384417e-05
7140.0,1.1694812703976107e-05
305.0,1.1720894234515415e-05
19844.0,1.1730164389540998e-05
2556.0,1.1739404623486996e-05
9627.0,1.1741173265235807e-05
16451.0,1.1741336817698894e-05
6870.0,1.1742640991337222e-05
16713.0,1.1744663542689535e-05
9701.0,1.1749222765649106e-05
18896.0,1.1751442696027145e-05
8151.0,1.1756810421799582e-05
1680.0,1.1760136467293228e-05
7846.0,1.1763603309845091e-05
14772.0,1.176409210047345e-05
6552.0,1.1771473396047161e-05
6113.0,1.1774871473111109e-05
1059.0,1.1778429697652771e-05
11676.0,1.1782617168664114e-05
6558.0,1.1784728169666023e-05
13253.0,1.1790997598925819e-05
18169.0,1.1795769428823955e-05
19758.0,1.1798204283225223e-05
6313.0,1.180129550935827e-05
15892.0,1.1802766487705713e-05
8209.0,1.1805936609201176e-05
9654.0,1.1807302249777441e-05
18841.0,1.1812126849546883e-05
6944.0,1.18134020258109e-05
16923.0,1.1816091963371644e-05
6951.0,1.181874282839541e-05
10667.0,1.1821044591433525e-05
6079.0,1.1821786622331606e-05
11463.0,1.182421460508931e-05
5911.0,1.184385233813835e-05
16544.0,1.1846420275623217e-05
9149.0,1.1856461577300818e-05
11654.0,1.1867089770526489e-05
3119.0,1.1874339811453527e-05
13210.0,1.1881929770766688e-05
16359.0,1.18843305522137e-05
1876.0,1.1886016754335008e-05
19788.0,1.1886493127791757e-05
17268.0,1.1886673609149157e-05
2135.0,1.1893538085736112e-05
18978.0,1.189618135395763e-05
10560.0,1.1898359377828476e-05
17474.0,1.1907041960370564e-05
12904.0,1.1923394517143027e-05
10938.0,1.1923678891288425e-05
644.0,1.1927604820386981e-05
17023.0,1.1928061995607036e-05
5026.0,1.1936868527164956e-05
17723.0,1.1943486784157705e-05
17161.0,1.1945970367785877e-05
3958.0,1.1964669453683108e-05
10749.0,1.1968059540661767e-05
1360.0,1.1969740950668649e-05
12582.0,1.1973840776731008e-05
16235.0,1.197615561089698e-05
8682.0,1.1980382587807542e-05
640.0,1.1982402245700156e-05
17985.0,1.1984943370362593e-05
15454.0,1.2004901651394308e-05
10370.0,1.2016406899527486e-05
391.0,1.2019963821730591e-05
5333.0,1.2020432723640086e-05
410.0,1.2023629198447077e-05
11159.0,1.2025810989154857e-05
11973.0,1.2032959677917925e-05
15632.0,1.2035407781393216e-05
4577.0,1.2037889370582422e-05
6716.0,1.20425642392794e-05
7206.0,1.2046555458285968e-05
6349.0,1.2051521657947701e-05
15863.0,1.20600786309741e-05
5940.0,1.2067663864700369e-05
16069.0,1.206980998264222e-05
622.0,1.2078911701184686e-05
16652.0,1.2082195594635736e-05
19663.0,1.2087459615977858e-05
1312.0,1.2088924876484948e-05
6683.0,1.209002162944695e-05
8022.0,1.209682598592321e-05
14485.0,1.2101656032225674e-05
6619.0,1.2103019199989759e-05
1615.0,1.2105030408388928e-05
17643.0,1.2107150482282383e-05
11729.0,1.2109676874529398e-05
18486.0,1.2110656232328144e-05
5938.0,1.2111779682918051e-05
4669.0,1.2112691000635868e-05
13361.0,1.2114538370426496e-05
1620.0,1.2124383036482897e-05
13384.0,1.2126439042853985e-05
11966.0,1.2127517560918537e-05
11573.0,1.2127793827968958e-05
4913.0,1.2132983387747676e-05
6193.0,1.2136221721131212e-05
6872.0,1.2138096206911183e-05
15942.0,1.2141144841277748e-05
10968.0,1.2142728676831465e-05
12552.0,1.2143075163728483e-05
5886.0,1.2145686474023356e-05
3797.0,1.2155388751771967e-05
3494.0,1.215656890457555e-05
19179.0,1.2167522365343068e-05
6936.0,1.2173795373184856e-05
6984.0,1.2174463989270776e-05
19296.0,1.2183074165813272e-05
6942.0,1.2187917832433949e-05
7243.0,1.2192666167829429e-05
3465.0,1.2196809359843551e-05
2606.0,1.220258364533521e-05
11063.0,1.222117669058973e-05
17295.0,1.2232379633300764e-05
10535.0,1.2239429590964837e-05
13878.0,1.224117826994116e-05
19013.0,1.2259995087158343e-05
19832.0,1.2260086451244788e-05
1041.0,1.2266397976045869e-05
2174.0,1.2270728621879709e-05
19715.0,1.2274113817680419e-05
16984.0,1.2274976335944969e-05
16884.0,1.2282294647290611e-05
10674.0,1.2282520696361483e-05
18701.0,1.2282767446908773e-05
18922.0,1.2284062908984831e-05
584.0,1.2284242097610352e-05
10817.0,1.2299058899245583e-05
9273.0,1.2301223242949122e-05
1025.0,1.2305554088733732e-05
18194.0,1.2307443787074695e-05
6663.0,1.2309440311220266e-05
3892.0,1.2312080415342596e-05
17868.0,1.2321612343757399e-05
12842.0,1.2333160288619868e-05
8076.0,1.2335150176519752e-05
350.0,1.2335486467468526e-05
17239.0,1.2337767621894784e-05
3561.0,1.2339207592743178e-05
820.0,1.2343887697456771e-05
10333.0,1.2348732108372433e-05
10356.0,1.2361141580941287e-05
7352.0,1.23655542513376e-05
14820.0,1.2373854453716921e-05
16121.0,1.237503671704445e-05
15544.0,1.238043005378559e-05
17361.0,1.2384576313361197e-05
5275.0,1.239207355807897e-05
19872.0,1.239243987633733e-05
11738.0,1.2392512325823839e-05
13641.0,1.2395265871926899e-05
13623.0,1.2407067625788167e-05
3031.0,1.2422995868312139e-05
1650.0,1.2430137275127143e-05
2915.0,1.2435866169678493e-05
15780.0,1.2451737446293169e-05
16985.0,1.2454815932959951e-05
1157.0,1.2459677905363725e-05
15225.0,1.246743963042214e-05
8550.0,1.2474505655907033e-05
11350.0,1.2484908493378059e-05
17137.0,1.2485590131676542e-05
16548.0,1.2486245270756715e-05
15577.0,1.2488028666797119e-05
15600.0,1.249072727174825e-05
16721.0,1.249107997007369e-05
16183.0,1.249657081069059e-05
18696.0,1.2502015109988813e-05
4440.0,1.2504591804269536e-05
4670.0,1.2512086921227848e-05
16404.0,1.252313023678012e-05
9611.0,1.252318007835253e-05
16823.0,1.252515772383331e-05
17321.0,1.2528701112041317e-05
16424.0,1.2539578588038882e-05
9556.0,1.2542688304545387e-05
10831.0,1.2552216069458183e-05
19011.0,1.2554833338325478e-05
15033.0,1.2568501487670584e-05
15567.0,1.2570389644285173e-05
9645.0,1.257623221940023e-05
15477.0,1.2576945758079468e-05
16653.0,1.2578033778416429e-05
156.0,1.2582539103113807e-05
15686.0,1.2583493497195965e-05
13621.0,1.2591045717433943e-05
16817.0,1.260179953307839e-05
17988.0,1.260463120694284e-05
11201.0,1.2605650276799105e-05
201.0,1.261895733837991e-05
19056.0,1.2618992896978769e-05
12468.0,1.2620039609821771e-05
16577.0,1.262620019276639e-05
19768.0,1.26275767613592e-05
3189.0,1.2639215237480995e-05
11057.0,1.2642232140439894e-05
8126.0,1.2646942508075003e-05
18124.0,1.2648242531936376e-05
16571.0,1.264924118105043e-05
13961.0,1.2649277327377671e-05
17725.0,1.2651230695890959e-05
8518.0,1.2675206607839796e-05
601.0,1.2675294817973145e-05
17290.0,1.2679800983537458e-05
10081.0,1.2683409978964984e-05
2677.0,1.268862969195044e-05
496.0,1.2691175577287263e-05
19105.0,1.2694763627072902e-05
2393.0,1.269816852892859e-05
15944.0,1.2698283742348332e-05
16398.0,1.2708381730990504e-05
6612.0,1.2711462122896274e-05
19322.0,1.2715651109690818e-05
11097.0,1.271901700578536e-05
15201.0,1.2719397912067851e-05
11875.0,1.2721918763915519e-05
18207.0,1.272349081680077e-05
8407.0,1.2732535704860708e-05
15971.0,1.2733125221069838e-05
4828.0,1.2733529958773708e-05
5319.0,1.273699772139195e-05
16601.0,1.2742052960341012e-05
55.0,1.2744523119080951e-05
17420.0,1.2745881036409842e-05
12635.0,1.274817280957239e-05
1977.0,1.2749260299093262e-05
1716.0,1.27550254355506e-05
5899.0,1.2762699893257303e-05
3449.0,1.2764252712082023e-05
15487.0,1.2770400558154697e-05
17919.0,1.278447356956821e-05
10578.0,1.2791625971021477e-05
4437.0,1.2795848527327229e-05
16231.0,1.2808685775263086e-05
15671.0,1.280886555683987e-05
11886.0,1.2817473956857464e-05
18320.0,1.2827360201757967e-05
15149.0,1.2830555111815092e-05
7233.0,1.2831140237326834e-05
304.0,1.2834901005383037e-05
16304.0,1.2850229654214883e-05
2596.0,1.2856231308197363e-05
1377.0,1.285826840734905e-05
10948.0,1.2862929269405762e-05
18342.0,1.2871781562197789e-05
16414.0,1.2874957185032291e-05
6585.0,1.288350735191521e-05
19759.0,1.2889757508576453e-05
11581.0,1.2894576236336327e-05
4030.0,1.2894784479188519e-05
1997.0,1.2896881810785682e-05
16554.0,1.2899966772002852e-05
6306.0,1.2903666214567049e-05
16891.0,1.2906100475023847e-05
3613.0,1.2908655986963367e-05
11952.0,1.2910459211454002e-05
11521.0,1.293356132065574e-05
8951.0,1.2934826360837731e-05
5760.0,1.2936551099551232e-05
18128.0,1.2940907451016377e-05
16385.0,1.2943515738238448e-05
5947.0,1.2946943557305615e-05
3050.0,1.2952190039934819e-05
11819.0,1.2954804473350657e-05
17120.0,1.2957650969464105e-05
6893.0,1.2960628313027769e-05
327.0,1.2962904361256005e-05
2574.0,1.2966999596224974e-05
14371.0,1.2967084630349252e-05
17032.0,1.2968773274947211e-05
9385.0,1.2969765341696887e-05
11638.0,1.2979014061559514e-05
11786.0,1.2987657103414558e-05
17035.0,1.3001217778178884e-05
8166.0,1.3001426179909444e-05
16350.0,1.3003618763301184e-05
12628.0,1.301392414316605e-05
13533.0,1.3018285462431396e-05
6788.0,1.3027352335495372e-05
19023.0,1.3035491249376989e-05
3554.0,1.30379743801042e-05
10036.0,1.304342695449441e-05
10834.0,1.3044512666651292e-05
13780.0,1.3045123356160045e-05
14107.0,1.304605553121879e-05
1611.0,1.3056659261490985e-05
8404.0,1.3057587400117883e-05
13513.0,1.3060936604651021e-05
117.0,1.306241400679271e-05
9835.0,1.306333480691886e-05
18003.0,1.3067593978395448e-05
80.0,1.3068168175642341e-05
9238.0,1.3068612516570851e-05
16365.0,1.3070907569198351e-05
9689.0,1.3074188226842608e-05
10992.0,1.307460609655088e-05
9093.0,1.3076331674983993e-05
19339.0,1.307815583051813e-05
8831.0,1.3081994768461268e-05
136.0,1.308616026843336e-05
16269.0,1.30889608510614e-05
9672.0,1.3094072929269144e-05
11373.0,1.3097199725054725e-05
526.0,1.3102538575813852e-05
10031.0,1.3104058271923545e-05
11791.0,1.310542918898948e-05
19365.0,1.3111904283497721e-05
16751.0,1.3112684370097525e-05
4654.0,1.3115187338239486e-05
2215.0,1.3115788518968631e-05
8467.0,1.3116898237111035e-05
18684.0,1.3117181696584178e-05
1892.0,1.315076831026603e-05
18932.0,1.3153315937682418e-05
18372.0,1.3163870130901926e-05
15182.0,1.3164713022910293e-05
7977.0,1.3166947132960122e-05
2126.0,1.3172427231777637e-05
2881.0,1.317374482547517e-05
17765.0,1.317593752050816e-05
3504.0,1.3181824466534602e-05
8522.0,1.3195630340701532e-05
16319.0,1.3197104843732536e-05
17825.0,1.3197365352208145e-05
2789.0,1.3199739520809189e-05
18143.0,1.320592547372502e-05
15897.0,1.3206450895989137e-05
4766.0,1.3212809463051809e-05
17288.0,1.3214147933671798e-05
7505.0,1.3216784492047798e-05
16071.0,1.3218363617743203e-05
3537.0,1.3222618008681327e-05
13631.0,1.3222856407839738e-05
15207.0,1.3222955641311518e-05
2252.0,1.3226591422685033e-05
8119.0,1.3236237717128322e-05
13705.0,1.3240090731270243e-05
13441.0,1.3246969161189816e-05
12045.0,1.3263495952178727e-05
14875.0,1.3265222813189066e-05
11455.0,1.3268025663661121e-05
17580.0,1.3268257761814396e-05
19474.0,1.3269031651772526e-05
3552.0,1.3271018120319832e-05
16532.0,1.3271639030375749e-05
5979.0,1.3272587431320281e-05
15100.0,1.3275510336909638e-05
2603.0,1.3278546274466335e-05
6473.0,1.3285321120124699e-05
8245.0,1.3303579180416458e-05
15654.0,1.3304524019406599e-05
61.0,1.3305032351860254e-05
846.0,1.3308399216893655e-05
14778.0,1.3311678910727751e-05
7691.0,1.3313959827187503e-05
10009.0,1.3332412094605726e-05
18361.0,1.3333777261312442e-05
17701.0,1.3335353465164781e-05
17591.0,1.333583939290871e-05
3044.0,1.3340186209317155e-05
3080.0,1.3341617373777999e-05
10069.0,1.3345478329929005e-05
18555.0,1.3348642760417741e-05
6894.0,1.3356943260175997e-05
19145.0,1.3373745603947637e-05
15584.0,1.3376961755064864e-05
5853.0,1.3389514913570905e-05
12583.0,1.3394825356250968e-05
6033.0,1.3396533822466596e-05
1690.0,1.3404565281871248e-05
14767.0,1.340901547660522e-05
17038.0,1.3411267477064878e-05
6810.0,1.3416396991813976e-05
16782.0,1.3417509353805111e-05
4050.0,1.342222527980286e-05
1757.0,1.3422855839553462e-05
17444.0,1.3433953197776342e-05
17834.0,1.343779394242579e-05
4269.0,1.3438612506162549e-05
1642.0,1.3440395066165046e-05
12338.0,1.344609144280258e-05
19801.0,1.3446310808579013e-05
16157.0,1.3458875194175833e-05
13345.0,1.3462174076160468e-05
9687.0,1.347275627766024e-05
9279.0,1.3477403109907638e-05
6832.0,1.3480677513860935e-05
8282.0,1.3486745614440064e-05
3442.0,1.348954783732715e-05
10080.0,1.3499200404392207e-05
2576.0,1.3500574330052429e-05
7341.0,1.3502170204392773e-05
4778.0,1.3514010992997902e-05
1351.0,1.3516644459770033e-05
15868.0,1.3520708249862086e-05
2945.0,1.3528271157316047e-05
10987.0,1.35333175652872e-05
5953.0,1.3551217256667403e-05
15237.0,1.3551310535959119e-05
6225.0,1.3579300118827119e-05
16289.0,1.3580271862211373e-05
15678.0,1.3582118120795251e-05
5136.0,1.358488165499296e-05
18734.0,1.3586031107968074e-05
17917.0,1.3588836318275369e-05
17869.0,1.3589678663208215e-05
16454.0,1.3591398480647978e-05
19709.0,1.359467319379591e-05
861.0,1.3598873553870564e-05
9764.0,1.3599603546795417e-05
11294.0,1.3607266191249826e-05
1489.0,1.3608044522567303e-05
11383.0,1.3608558143917116e-05
1118.0,1.361273035900042e-05
13436.0,1.3619639101724316e-05
2903.0,1.3619653725940454e-05
8772.0,1.3625853257057519e-05
17502.0,1.3652664281607983e-05
17231.0,1.365386957496981e-05
1291.0,1.3662646086461682e-05
15109.0,1.3668577346358788e-05
15817.0,1.3668747208003818e-05
18191.0,1.3675601287929729e-05
5689.0,1.3681095504275295e-05
9225.0,1.3688946599726092e-05
15535.0,1.3692338541932498e-05
17693.0,1.369489239080353e-05
17532.0,1.3698155725868014e-05
16946.0,1.370468880893448e-05
7110.0,1.370673962406875e-05
8564.0,1.3719188053355027e-05
11809.0,1.3723914097899617e-05
17400.0,1.3724858455297194e-05
14337.0,1.3725870321111964e-05
18401.0,1.3731013607522994e-05
15530.0,1.373393350987794e-05
14032.0,1.3734365463276837e-05
19635.0,1.373436816101544e-05
17110.0,1.3753331445645774e-05
4892.0,1.3759641935536997e-05
17542.0,1.3761505258501895e-05
9351.0,1.376168859526901e-05
5541.0,1.376367421181865e-05
4254.0,1.376955550534214e-05
11299.0,1.3777425778180913e-05
788.0,1.3786244891439802e-05
18557.0,1.3799780494682112e-05
19183.0,1.3800038033461067e-05
19950.0,1.3807272302833148e-05
16895.0,1.3822992841172465e-05
6311.0,1.3826968601371982e-05
6762.0,1.3828216624898113e-05
12903.0,1.385265474326101e-05
17429.0,1.3853565069761376e-05
11956.0,1.3864927399087475e-05
7397.0,1.3870046073050724e-05
17666.0,1.3875201617549506e-05
9693.0,1.3876775745049248e-05
9703.0,1.3878391301128198e-05
18023.0,1.3879774862723808e-05
17070.0,1.3899650662730255e-05
16391.0,1.3900692748416291e-05
163.0,1.3906531453906377e-05
4276.0,1.3906948987749064e-05
17841.0,1.3918640309713696e-05
11369.0,1.3921737180429751e-05
19564.0,1.3924453017065378e-05
10953.0,1.3928613203799256e-05
19518.0,1.3934683426632412e-05
8646.0,1.3938596974734238e-05
17471.0,1.393875765708648e-05
17976.0,1.3943640061191955e-05
18076.0,1.3953201869065963e-05
14867.0,1.3957170043559717e-05
18268.0,1.3970193684770498e-05
1399.0,1.3973587179560021e-05
8030.0,1.3984014548866637e-05
15571.0,1.3987648085479568e-05
15907.0,1.39885901313236e-05
9913.0,1.3990798462750202e-05
14101.0,1.399176296755344e-05
15990.0,1.3999457369298751e-05
17564.0,1.400439684751281e-05
2760.0,1.4008061650731128e-05
192.0,1.4015350485490157e-05
900.0,1.4021988639755313e-05
6444.0,1.403831541172271e-05
11036.0,1.4041080112215735e-05
15256.0,1.4041806008816837e-05
6039.0,1.4043397512640667e-05
499.0,1.4043884571763659e-05
12908.0,1.4044633693503682e-05
4918.0,1.404815542786408e-05
2955.0,1.4055335783767673e-05
11600.0,1.4070866112180821e-05
8352.0,1.4077340228134963e-05
14223.0,1.4088079280617476e-05
1532.0,1.4090620852195964e-05
18393.0,1.4101993243062425e-05
18598.0,1.4109503318347227e-05
4529.0,1.4116135805442548e-05
17901.0,1.4116626488090006e-05
17341.0,1.412210823418749e-05
8241.0,1.4123939286015483e-05
11792.0,1.4127279393648942e-05
11472.0,1.412931878906226e-05
18588.0,1.4130759816011714e-05
1035.0,1.413085709289758e-05
7578.0,1.4139604938411307e-05
15513.0,1.4143048905894359e-05
18989.0,1.414833881464978e-05
17712.0,1.4152215051653103e-05
17907.0,1.4153480394496847e-05
16212.0,1.4157599371233423e-05
3528.0,1.4158728842068574e-05
11718.0,1.4168309777627555e-05
5776.0,1.4168519525440453e-05
1751.0,1.417039436709564e-05
133.0,1.4170488190543202e-05
9882.0,1.4172044661447e-05
11616.0,1.4179181010054565e-05
1391.0,1.417938106826482e-05
10296.0,1.4180209949103568e-05
11252.0,1.4181185526631442e-05
14126.0,1.4187072148822054e-05
7032.0,1.4205799230635875e-05
17248.0,1.4222493896630927e-05
4711.0,1.422364400155019e-05
16413.0,1.4231234305205414e-05
11185.0,1.423575553753524e-05
17276.0,1.4238923486011972e-05
13457.0,1.424146622130002e-05
16698.0,1.4244042080399044e-05
10671.0,1.4245974744627542e-05
13965.0,1.4246298252040914e-05
17067.0,1.4251042003629353e-05
9896.0,1.4260756576719423e-05
19817.0,1.4266156243474103e-05
18737.0,1.4271773323631857e-05
3843.0,1.4272281058202477e-05
5020.0,1.4283213425118118e-05
13368.0,1.428682392037765e-05
15948.0,1.4313236353118336e-05
16351.0,1.4317664647835697e-05
9449.0,1.4328748550004293e-05
5808.0,1.4345371680114826e-05
205.0,1.4350889457833068e-05
13121.0,1.4353321805370677e-05
7325.0,1.4355528347797395e-05
979.0,1.4355967569624794e-05
13191.0,1.435656536643134e-05
18259.0,1.43584251588562e-05
16338.0,1.4358652530651993e-05
16893.0,1.437360428061623e-05
17305.0,1.438049737100388e-05
2064.0,1.4381665791989323e-05
14302.0,1.4383375159460395e-05
1346.0,1.439487535239143e-05
18264.0,1.4398870997722294e-05
4907.0,1.4408329899787511e-05
15656.0,1.4410357157068129e-05
7612.0,1.4412737443804928e-05
8088.0,1.4412956168177159e-05
15108.0,1.4421936704726928e-05
17733.0,1.4423338196708821e-05
19751.0,1.4427082975801168e-05
8836.0,1.4428694114169299e-05
11566.0,1.4436753875405888e-05
14291.0,1.4439628827803037e-05
16609.0,1.4445865848983667e-05
15139.0,1.4445870661664262e-05
8131.0,1.4447165362620807e-05
1904.0,1.4450855372171438e-05
3507.0,1.4454301577205787e-05
17617.0,1.4464313349451483e-05
13372.0,1.4467426785198195e-05
13521.0,1.4487877873657215e-05
702.0,1.4492416559883776e-05
17669.0,1.4494693691774479e-05
14382.0,1.4494909815536595e-05
18870.0,1.4501027444246698e-05
4097.0,1.4511254112166504e-05
1401.0,1.4520030409451702e-05
7875.0,1.4520051135004752e-05
16574.0,1.452131843758526e-05
996.0,1.4530427297725809e-05
16102.0,1.4532032097167252e-05
17563.0,1.4535010220164766e-05
2298.0,1.4539579419591653e-05
6123.0,1.4544899633796552e-05
5916.0,1.455433490498195e-05
9761.0,1.4554838757401241e-05
7804.0,1.4557759724530656e-05
532.0,1.4564135167633784e-05
3341.0,1.4565383925069067e-05
17129.0,1.4571371863034717e-05
19538.0,1.4583547995029331e-05
16287.0,1.4596146670004664e-05
17699.0,1.4596792688082838e-05
5885.0,1.4607406889198129e-05
14589.0,1.4627213650465731e-05
15554.0,1.4634860271998986e-05
11325.0,1.4637979905397699e-05
18041.0,1.463830703129246e-05
8477.0,1.4640315352122655e-05
11324.0,1.4648479279954712e-05
11890.0,1.465367491319214e-05
9880.0,1.4656193923340182e-05
2191.0,1.465635782339893e-05
10991.0,1.4661270081696849e-05
7088.0,1.466717801120967e-05
4314.0,1.4669623531892581e-05
18126.0,1.4674090392612956e-05
15968.0,1.468691987368609e-05
16203.0,1.4700380573783135e-05
16278.0,1.4701764413287458e-05
6124.0,1.4704942723731596e-05
2440.0,1.4706042360332565e-05
1251.0,1.4714439064479202e-05
12647.0,1.472008425347055e-05
9499.0,1.4722223887383766e-05
7313.0,1.4723592726821351e-05
11712.0,1.4732402067827622e-05
3243.0,1.4750740627086482e-05
1189.0,1.4754022662330176e-05
15806.0,1.4755025479210162e-05
7554.0,1.4760686603181312e-05
16153.0,1.4774464817048935e-05
16033.0,1.477797172023006e-05
19687.0,1.4785408586073283e-05
18448.0,1.478559503852946e-05
14511.0,1.4787616147184673e-05
2314.0,1.4788385801950316e-05
7957.0,1.4789259770571021e-05
13833.0,1.4795885806901474e-05
15155.0,1.4797983083144645e-05
6485.0,1.4798701877173726e-05
16634.0,1.480140078618223e-05
2605.0,1.4809038364525873e-05
19311.0,1.4812205038139833e-05
515.0,1.4827733932126872e-05
11349.0,1.4831779656397307e-05
3192.0,1.4832271436286726e-05
7794.0,1.4836502913112854e-05
7400.0,1.4840453767989321e-05
726.0,1.4852419174721447e-05
17960.0,1.4857445045745536e-05
18330.0,1.4860947503397571e-05
7973.0,1.4862445053056226e-05
645.0,1.4870652217149885e-05
6953.0,1.4891314057328287e-05
12007.0,1.4892324720715671e-05
5971.0,1.4893070147411988e-05
16386.0,1.490273312124137e-05
19643.0,1.4909867265569968e-05
5388.0,1.4917888015959524e-05
12469.0,1.4919775697386002e-05
15537.0,1.4925141853485364e-05
8375.0,1.4925581520456458e-05
12579.0,1.4929438536978745e-05
424.0,1.4930432568439768e-05
1742.0,1.4937111895756754e-05
2421.0,1.4948422757618602e-05
13558.0,1.4950859872431978e-05
16459.0,1.49520450960721e-05
15906.0,1.495323022766106e-05
6218.0,1.4959821325408724e-05
8721.0,1.4965050716215371e-05
5512.0,1.496900823171383e-05
2694.0,1.497235475334649e-05
19392.0,1.4976654915322327e-05
18189.0,1.4985260521072176e-05
19756.0,1.4991886715544658e-05
18265.0,1.5000203372734693e-05
7173.0,1.5014026517791984e-05
560.0,1.5022015149150383e-05
691.0,1.5023955916817843e-05
19292.0,1.5026028307173937e-05
14920.0,1.5036142424196676e-05
2853.0,1.5038959678402173e-05
17854.0,1.504304239877137e-05
17040.0,1.5060131441419031e-05
7209.0,1.506490889282531e-05
13187.0,1.5065090705110127e-05
15245.0,1.5067411321178101e-05
11767.0,1.506876853507036e-05
11069.0,1.507384926193359e-05
8139.0,1.5074048963420981e-05
191.0,1.5077766718206973e-05
19909.0,1.5084538129871565e-05
16206.0,1.5086817642651718e-05
17193.0,1.5087565930725535e-05
8934.0,1.510175018819742e-05
3525.0,1.510771317814938e-05
7194.0,1.510844789631008e-05
12630.0,1.5109260969273432e-05
18146.0,1.5112941024943573e-05
11948.0,1.5115230805645e-05
8414.0,1.5123285005513655e-05
16897.0,1.5123554403112412e-05
3918.0,1.51288591474309e-05
16705.0,1.5129101555759425e-05
16756.0,1.5131906241792077e-05
1827.0,1.5138167757528902e-05
6432.0,1.5147798480162514e-05
1128.0,1.5169131559957701e-05
11651.0,1.5169822358130126e-05
18971.0,1.517122681811338e-05
4657.0,1.5177485494759856e-05
18567.0,1.517793071129175e-05
6016.0,1.5180582835055846e-05
9585.0,1.5189705250810804e-05
17002.0,1.5193770150645487e-05
2928.0,1.5197374646457123e-05
18860.0,1.5206812676368977e-05
17677.0,1.521473201989129e-05
8455.0,1.521788673478284e-05
15879.0,1.5220326711290515e-05
16722.0,1.5221051685915888e-05
19201.0,1.5224641468962126e-05
10955.0,1.52304399704163e-05
6069.0,1.5234076537388381e-05
10740.0,1.5234477534669402e-05
6263.0,1.5239159836444111e-05
11408.0,1.523963056449589e-05
5903.0,1.5254224591524935e-05
19737.0,1.526965713009667e-05
2354.0,1.527217056855944e-05
9961.0,1.5276632657466136e-05
10079.0,1.5277305180627662e-05
8111.0,1.528467499053511e-05
7445.0,1.5290614708950114e-05
6212.0,1.5293821869038053e-05
10994.0,1.5294762692188203e-05
17470.0,1.529586575547091e-05
16019.0,1.5296177322210782e-05
16527.0,1.5298099674448865e-05
13479.0,1.529916786781684e-05
851.0,1.5300828027790542e-05
11793.0,1.5304851132493855e-05
17541.0,1.5307639359092258e-05
15267.0,1.531210596614323e-05
15028.0,1.5322077828675277e-05
16263.0,1.5322438931971234e-05
11574.0,1.5322978167483413e-05
4653.0,1.532427747314709e-05
8735.0,1.5324942710755908e-05
4393.0,1.5332028848653147e-05
15634.0,1.5348057758295857e-05
11471.0,1.5353201566395777e-05
16598.0,1.5363808701953014e-05
7211.0,1.5364786371108276e-05
2784.0,1.536572188142263e-05
3925.0,1.5367823069056707e-05
7134.0,1.5368921565690824e-05
2987.0,1.5370075820078806e-05
8736.0,1.5377270518222825e-05
18640.0,1.5389851206276313e-05
14465.0,1.5390303139460592e-05
75.0,1.5409574164273202e-05
2563.0,1.5412057281934646e-05
4611.0,1.54173051989129e-05
15915.0,1.541937540028194e-05
15163.0,1.5420015564348087e-05
11974.0,1.5428202566326392e-05
9702.0,1.542823909837634e-05
4159.0,1.543420610672836e-05
9972.0,1.54370448176305e-05
18904.0,1.5437583012461965e-05
16680.0,1.5447161851692967e-05
7924.0,1.5448558315006676e-05
19706.0,1.546851422678484e-05
11915.0,1.5475755945853688e-05
4806.0,1.5476358731369092e-05
19600.0,1.5479605940578826e-05
6845.0,1.547971458490545e-05
7919.0,1.548754697366128e-05
9671.0,1.5492648055115918e-05
1112.0,1.550489567057786e-05
5284.0,1.5507108549414007e-05
17764.0,1.5512909051737284e-05
212.0,1.5514322938089912e-05
17692.0,1.551889454118144e-05
6831.0,1.552851270769765e-05
16531.0,1.553810121070799e-05
15809.0,1.5538812052907254e-05
2015.0,1.5539680306127802e-05
2877.0,1.554792868929459e-05
17097.0,1.5562000400159023e-05
7257.0,1.556307022477015e-05
6603.0,1.5563464710957734e-05
15319.0,1.556710142143921e-05
5326.0,1.5577667940378517e-05
16313.0,1.5585426562779393e-05
17720.0,1.5586317909993143e-05
16858.0,1.5588959547442422e-05
1392.0,1.5592796710359024e-05
571.0,1.5597281108602186e-05
1981.0,1.5602594591530628e-05
4266.0,1.5612370820138934e-05
348.0,1.5616398125041426e-05
15489.0,1.561696995632262e-05
8421.0,1.5617930123119644e-05
6292.0,1.562580648388708e-05
14067.0,1.5627013713987866e-05
7135.0,1.5631986137749933e-05
14313.0,1.5657759529035944e-05
1357.0,1.5663422306888446e-05
16807.0,1.5666571029618446e-05
10697.0,1.5670547458595205e-05
18424.0,1.568093505099494e-05
11976.0,1.568309929967627e-05
2033.0,1.568325100446741e-05
10320.0,1.5692031799698886e-05
11406.0,1.570914659048013e-05
4277.0,1.5715557666141555e-05
17918.0,1.5716430234147896e-05
3533.0,1.5729180499302067e-05
16107.0,1.5730138040813e-05
17460.0,1.5746715036433144e-05
16408.0,1.5747056271550716e-05
362.0,1.5747926422492726e-05
16185.0,1.575013306612349e-05
15213.0,1.5752781075848847e-05
15823.0,1.575346381652655e-05
16272.0,1.575668264407131e-05
671.0,1.5759015362079975e-05
19098.0,1.5768917776501948e-05
1414.0,1.577454319090725e-05
17690.0,1.5776328809198476e-05
8471.0,1.5777184350454235e-05
16779.0,1.580031591985472e-05
2139.0,1.5817436540597044e-05
3135.0,1.5828236774103218e-05
15137.0,1.5842863955364388e-05
11193.0,1.5852454771349586e-05
3414.0,1.587363003652311e-05
6631.0,1.588215915474493e-05
16360.0,1.5885441153976418e-05
10924.0,1.588829090610322e-05
15071.0,1.590656640674647e-05
6330.0,1.5921323442682104e-05
41.0,1.5923316513577734e-05
16292.0,1.593709993739037e-05
11446.0,1.5959942208871587e-05
10484.0,1.5966565250709536e-05
3885.0,1.5968194790465195e-05
3499.0,1.596959240765061e-05
14667.0,1.598521507995437e-05
9593.0,1.5986437975260242e-05
15368.0,1.5991511647379354e-05
15049.0,1.6014518397400628e-05
1927.0,1.601516466212728e-05
15157.0,1.6031214900574515e-05
10909.0,1.6031474950849225e-05
2019.0,1.6039158949434855e-05
5995.0,1.605058663083839e-05
16155.0,1.605205961222971e-05
4582.0,1.6063443780498947e-05
7349.0,1.6064374170008332e-05
11868.0,1.606857155814306e-05
8419.0,1.610307916500934e-05
19570.0,1.6112917474030208e-05
10278.0,1.6118725738318685e-05
17815.0,1.612122270741517e-05
5101.0,1.6124388364621976e-05
9749.0,1.6137203011621848e-05
15866.0,1.6138052965343883e-05
13510.0,1.613990530460432e-05
15243.0,1.6148190796812562e-05
4576.0,1.6149825393174545e-05
17903.0,1.615848747913132e-05
1382.0,1.616650829751253e-05
15979.0,1.6178752429483188e-05
14966.0,1.617892486831242e-05
16568.0,1.619794628155985e-05
19306.0,1.620623864780048e-05
6167.0,1.6206917185564823e-05
18597.0,1.622785662416629e-05
19225.0,1.6227958921355172e-05
3198.0,1.6235066021008176e-05
15588.0,1.6243337496943783e-05
440.0,1.6244586412110113e-05
11679.0,1.6251093743198612e-05
6909.0,1.625435626642169e-05
16471.0,1.6259464024158407e-05
17273.0,1.626049753671424e-05
18828.0,1.6270549708074787e-05
6504.0,1.6273329229087265e-05
13456.0,1.6284803886541656e-05
10253.0,1.629658557367795e-05
15583.0,1.629837303756456e-05
15507.0,1.6311018266479106e-05
1874.0,1.6314350652346433e-05
10629.0,1.632725564316409e-05
3965.0,1.6328415195635367e-05
15693.0,1.63305750854532e-05
1929.0,1.6345513755385e-05
11842.0,1.6346059541573216e-05
7231.0,1.6356391484444055e-05
2759.0,1.6367049457688678e-05
2534.0,1.6369492448107705e-05
10432.0,1.63777117011191e-05
17570.0,1.6386737725249625e-05
15764.0,1.6387703968887392e-05
19856.0,1.6391805352926992e-05
13573.0,1.6398048172337556e-05
10776.0,1.639897581789011e-05
3541.0,1.642347731165784e-05
6091.0,1.6438225277535983e-05
9476.0,1.6439053474622374e-05
6223.0,1.644244925875535e-05
849.0,1.6443284582302027e-05
19255.0,1.6446847840066913e-05
11061.0,1.6447427880040986e-05
18206.0,1.645289220778302e-05
13795.0,1.645918890844288e-05
17001.0,1.6461855007364395e-05
15955.0,1.646403090938363e-05
15864.0,1.6469966165145343e-05
3106.0,1.647692273355462e-05
17950.0,1.6493259580290832e-05
8219.0,1.650158908325419e-05
10978.0,1.6506250122597792e-05
2114.0,1.6508306329090896e-05
1117.0,1.651117716523172e-05
4637.0,1.651944087248944e-05
17718.0,1.6519694861009835e-05
14112.0,1.6526746616766747e-05
9894.0,1.653706027445491e-05
6917.0,1.655706105526188e-05
15568.0,1.6559441460352617e-05
11977.0,1.6562949007737752e-05
13254.0,1.6562990351012737e-05
6785.0,1.6564822232200196e-05
17539.0,1.6565183504691855e-05
19612.0,1.657618850272188e-05
16539.0,1.658467300642338e-05
1759.0,1.6589105501913575e-05
3627.0,1.6591242461753838e-05
7377.0,1.659713319854829e-05
5208.0,1.6597320306484766e-05
15352.0,1.6598931168956276e-05
8526.0,1.6616275390761703e-05
6556.0,1.661682309133323e-05
14257.0,1.6628807998852495e-05
19262.0,1.663056356534652e-05
18183.0,1.663161082635243e-05
3194.0,1.6637949937835865e-05
8128.0,1.6640564960033224e-05
2492.0,1.664245841262483e-05
18687.0,1.665363955795317e-05
18022.0,1.6688666124648557e-05
2042.0,1.670971580427172e-05
16773.0,1.671901750947095e-05
16617.0,1.6725478335509843e-05
1926.0,1.6729523803071327e-05
7724.0,1.672956732872342e-05
13217.0,1.67337262226398e-05
19414.0,1.6734213829326352e-05
17142.0,1.673579106468083e-05
3906.0,1.6736330355221643e-05
11121.0,1.6761439087046224e-05
10767.0,1.6766628422249563e-05
18566.0,1.677198610845199e-05
16327.0,1.6784982399277318e-05
1930.0,1.6792948784461876e-05
15680.0,1.6816033346225913e-05
9919.0,1.6820975194712412e-05
17535.0,1.682776817149555e-05
8057.0,1.6829985281722608e-05
19138.0,1.6830274553184983e-05
3175.0,1.6843851608278296e-05
6587.0,1.685253583104518e-05
9521.0,1.686015675875427e-05
18685.0,1.686020688219965e-05
19206.0,1.6861606665571237e-05
15574.0,1.686673166948809e-05
754.0,1.6875743998262138e-05
11515.0,1.688149562517774e-05
15447.0,1.6886123986693143e-05
2463.0,1.6902281829514063e-05
7840.0,1.690704646215189e-05
16622.0,1.690992337999673e-05
614.0,1.691135666082087e-05
14519.0,1.6919968488179484e-05
17242.0,1.6924145219086738e-05
17218.0,1.69297245329247e-05
13351.0,1.6932032265794403e-05
8379.0,1.6934869309869295e-05
784.0,1.6940196876317116e-05
6874.0,1.6941971556325834e-05
16312.0,1.694352651303042e-05
393.0,1.695718610864705e-05
105.0,1.7016374488159698e-05
10970.0,1.7034831857520577e-05
10447.0,1.7039254469467952e-05
3072.0,1.7042462619548962e-05
17505.0,1.7043651573277472e-05
1167.0,1.7050900626942755e-05
19209.0,1.7060929059943408e-05
17384.0,1.706124549679846e-05
10597.0,1.707484089320759e-05
1795.0,1.7078209686640462e-05
14495.0,1.7085589004128823e-05
18064.0,1.7089646286869076e-05
18152.0,1.709253640448735e-05
2599.0,1.709438101916473e-05
11476.0,1.710281903562579e-05
17528.0,1.711635206615331e-05
5878.0,1.7120018996309126e-05
10028.0,1.7121213699977315e-05
11795.0,1.714532651967512e-05
18633.0,1.714673810464598e-05
18467.0,1.714916347457545e-05
7853.0,1.715270250186506e-05
13238.0,1.715788978372217e-05
14301.0,1.7161898316532357e-05
6708.0,1.716881239655398e-05
13482.0,1.7180688516776638e-05
17228.0,1.7186856373329832e-05
12604.0,1.718836309349656e-05
4457.0,1.71935762395123e-05
7810.0,1.7194787193845e-05
1477.0,1.7194883400896195e-05
17224.0,1.7204082171081307e-05
4549.0,1.720671182726416e-05
17323.0,1.7212937894938868e-05
7502.0,1.7223524799301713e-05
18477.0,1.7225218121367548e-05
19465.0,1.7227110862431336e-05
8198.0,1.723757738800373e-05
19393.0,1.7240249297142118e-05
8814.0,1.7241307039128656e-05
19719.0,1.727033058644312e-05
16303.0,1.7288067823681023e-05
17522.0,1.729765095906668e-05
5540.0,1.730958152913928e-05
15184.0,1.7320175439296706e-05
11456.0,1.732385715143395e-05
4820.0,1.732759449982027e-05
18030.0,1.7345453379786155e-05
7600.0,1.7349762169895138e-05
18239.0,1.7365876388916587e-05
1928.0,1.7370614708090912e-05
6116.0,1.7391048263479435e-05
2837.0,1.7394833570246597e-05
18095.0,1.7396861141585124e-05
17685.0,1.739961225270337e-05
16182.0,1.7401842117560175e-05
5367.0,1.7402199795878254e-05
18709.0,1.7406809187636658e-05
12049.0,1.7408361310148416e-05
7557.0,1.7412811773723835e-05
13796.0,1.7415006899537645e-05
5413.0,1.7416931083346383e-05
7428.0,1.741931293984188e-05
17824.0,1.74207675693175e-05
6401.0,1.7426406574681568e-05
19426.0,1.7428362333853662e-05
18460.0,1.7428794663659698e-05
17554.0,1.744143415355125e-05
2589.0,1.7452781606156253e-05
989.0,1.745817824059106e-05
13141.0,1.7461762807656004e-05
9223.0,1.7464483409238506e-05
18600.0,1.747893550757341e-05
621.0,1.748655888636406e-05
910.0,1.7486673101357063e-05
16370.0,1.7489579001027436e-05
11721.0,1.7492637622837933e-05
15234.0,1.7516034511117105e-05
705.0,1.751691054379523e-05
16930.0,1.752115198888618e-05
7680.0,1.7527302719197166e-05
15412.0,1.7538139081409774e-05
7449.0,1.7551931903910507e-05
9506.0,1.7560684833155297e-05
19064.0,1.756387659464489e-05
8156.0,1.7564790501730782e-05
12032.0,1.7567958046881126e-05
17688.0,1.7576984254514628e-05
19448.0,1.7581994440717855e-05
9992.0,1.7584426862643007e-05
6001.0,1.758958901156214e-05
19646.0,1.7595906267397776e-05
9667.0,1.7600065021084045e-05
1376.0,1.7605405380913687e-05
7559.0,1.7610936294857447e-05
1456.0,1.762042466122266e-05
7414.0,1.7630137538853813e-05
11227.0,1.7632321834396034e-05
15910.0,1.763350976233333e-05
10041.0,1.7636019920183828e-05
13480.0,1.7641701989437255e-05
18661.0,1.7647383090822088e-05
15012.0,1.7654729691661682e-05
3180.0,1.7657599467754313e-05
16200.0,1.7658722062467922e-05
9429.0,1.7674597874368205e-05
6826.0,1.767540058234173e-05
1872.0,1.769863700374253e-05
18279.0,1.77096622148581e-05
4901.0,1.7712901008591622e-05
6836.0,1.771762220837342e-05
9567.0,1.7719404833653384e-05
9639.0,1.7739557914668644e-05
16712.0,1.774163953434589e-05
12885.0,1.7741661250294428e-05
19702.0,1.7743786091574957e-05
17717.0,1.7756595332643294e-05
4309.0,1.775909226361274e-05
5684.0,1.777460183619724e-05
19810.0,1.7777480308851342e-05
8014.0,1.7784976015361767e-05
1458.0,1.7792607673499768e-05
4544.0,1.7797946356227638e-05
7780.0,1.779872810736861e-05
1359.0,1.7826555825398116e-05
1840.0,1.7826786963782543e-05
297.0,1.7828777484755704e-05
844.0,1.7840454625070698e-05
13883.0,1.7843519883221066e-05
3961.0,1.784928345179481e-05
10665.0,1.785568787809341e-05
5570.0,1.7875338390773533e-05
4947.0,1.7893291670656197e-05
9987.0,1.789660521518094e-05
13617.0,1.7898957043116777e-05
14474.0,1.790753528902005e-05
3157.0,1.7936902287700873e-05
3005.0,1.794739233228922e-05
258.0,1.795070275741751e-05
18812.0,1.795094458459335e-05
2251.0,1.796005483836159e-05
16674.0,1.7963543325436936e-05
11832.0,1.796516559343343e-05
8792.0,1.7969282589053673e-05
3023.0,1.797655021553689e-05
18154.0,1.7980244369966957e-05
6686.0,1.798771329005191e-05
762.0,1.799366197071898e-05
3968.0,1.8001676642726617e-05
5610.0,1.8004157040362304e-05
102.0,1.8030938905337994e-05
18246.0,1.8031930498483546e-05
13230.0,1.803992785088246e-05
18694.0,1.804211402393958e-05
17951.0,1.8042319922325506e-05
6548.0,1.804494769563359e-05
982.0,1.8054078081917993e-05
10408.0,1.806909828588943e-05
16896.0,1.806947704086668e-05
17935.0,1.808880158477735e-05
18880.0,1.8094832307953054e-05
19424.0,1.8101518464522635e-05
5670.0,1.810419479961715e-05
9859.0,1.8110372117627213e-05
5534.0,1.8117390038995723e-05
6371.0,1.8122542385292465e-05
11871.0,1.8122866180349658e-05
16562.0,1.812944058246036e-05
13679.0,1.8132973981922995e-05
9027.0,1.8133982018996832e-05
1199.0,1.8137577514720476e-05
6481.0,1.8145625157277463e-05
10959.0,1.8160546356779106e-05
16750.0,1.8180303533748343e-05
270.0,1.8183717246812045e-05
8555.0,1.8187110017633015e-05
1200.0,1.8188728952822664e-05
7835.0,1.8189954294988983e-05
18270.0,1.8191057736750855e-05
16472.0,1.8191756283223363e-05
12619.0,1.8192030893712496e-05
2420.0,1.8193890681000095e-05
12591.0,1.819525962929625e-05
2177.0,1.8203528777812737e-05
7805.0,1.8209939520065904e-05
16072.0,1.8214683061523232e-05
17999.0,1.8216246075808154e-05
14294.0,1.8236224490494793e-05
15651.0,1.823973110010712e-05
17509.0,1.8243180936560193e-05
16970.0,1.8253452716064597e-05
19775.0,1.82570804481887e-05
812.0,1.8262563247381945e-05
13393.0,1.8268684904381336e-05
13635.0,1.827881101528248e-05
11464.0,1.8290189390801523e-05
8323.0,1.8290770384790712e-05
503.0,1.8294746507415455e-05
14832.0,1.8298756068551242e-05
15291.0,1.8317969684425696e-05
16054.0,1.8337287166382955e-05
7037.0,1.8367943416199452e-05
15684.0,1.837263944930859e-05
7111.0,1.838168808964133e-05
11618.0,1.83878757096584e-05
4236.0,1.83908803293484e-05
16757.0,1.839825871613625e-05
18876.0,1.8402834305237405e-05
19199.0,1.8404304153164743e-05
5924.0,1.8408188848001e-05
15939.0,1.8418823159807656e-05
7245.0,1.8423569808631678e-05
15767.0,1.843021242209104e-05
17435.0,1.843380198434635e-05
18483.0,1.8458978532301515e-05
17255.0,1.8459294011862163e-05
1653.0,1.8460488564965783e-05
11532.0,1.846080509412886e-05
18082.0,1.847749457826259e-05
18819.0,1.848018423278592e-05
13594.0,1.848100220289501e-05
16534.0,1.8489001499456225e-05
14780.0,1.8489110623174953e-05
16109.0,1.8508105918089183e-05
11363.0,1.8528925131059087e-05
9128.0,1.8536443688073647e-05
16216.0,1.8548973929590827e-05
13297.0,1.85520041940784e-05
16284.0,1.8565685835669797e-05
1774.0,1.8571020955099027e-05
9939.0,1.859040319819455e-05
14095.0,1.8595190896741886e-05
1657.0,1.861970681682988e-05
17389.0,1.8620271888459807e-05
10392.0,1.8623149167539734e-05
4232.0,1.862604292490766e-05
19439.0,1.863549237638988e-05
16450.0,1.8645775829652812e-05
19794.0,1.8646191681367773e-05
12013.0,1.866570562338889e-05
15297.0,1.866815818837872e-05
9932.0,1.8670223901716394e-05
721.0,1.8682854126779756e-05
17615.0,1.868687671863027e-05
11080.0,1.8687490264370702e-05
19030.0,1.869560276778876e-05
11264.0,1.869870625588819e-05
17967.0,1.8751645170762945e-05
6454.0,1.8760055324901896e-05
15549.0,1.876045132233477e-05
17347.0,1.8760688150629975e-05
19472.0,1.8762495188492568e-05
19470.0,1.8786992818611675e-05
6566.0,1.8790932355604835e-05
6060.0,1.880141683444145e-05
1110.0,1.8807707543282245e-05
17149.0,1.8817675043628705e-05
18104.0,1.8821948517394946e-05
1176.0,1.8822342819454523e-05
8227.0,1.8829282803868087e-05
5381.0,1.884273626812399e-05
15324.0,1.8859750687804057e-05
595.0,1.886169757216884e-05
17334.0,1.8862431056547732e-05
15702.0,1.8879224423169257e-05
6457.0,1.889654077700159e-05
13729.0,1.8900428840716832e-05
16803.0,1.8918926529068407e-05
11968.0,1.8920933033953784e-05
6399.0,1.892720481181534e-05
15262.0,1.892779100425064e-05
18724.0,1.8934778186884488e-05
16612.0,1.8942233374684618e-05
14869.0,1.8961186438091382e-05
15575.0,1.899287260950092e-05
5973.0,1.8993344431678056e-05
4522.0,1.8996501573531727e-05
1831.0,1.90014478483254e-05
13059.0,1.9014611037811787e-05
13560.0,1.9016684630869255e-05
13667.0,1.9025667336036835e-05
7214.0,1.903364627393108e-05
15981.0,1.9033706233759223e-05
15576.0,1.9035929868950326e-05
512.0,1.9047025446915228e-05
19196.0,1.9065281243858075e-05
10698.0,1.9069281409062763e-05
11929.0,1.90760343122793e-05
2067.0,1.908734514999602e-05
157.0,1.9097931365623364e-05
4514.0,1.9102883462372555e-05
8849.0,1.912368759768595e-05
17955.0,1.9132316111040595e-05
11367.0,1.913362422448745e-05
1942.0,1.9138197387414196e-05
8724.0,1.914623368653856e-05
11702.0,1.9147286316419227e-05
9402.0,1.915426579921449e-05
17325.0,1.916220278525665e-05
12866.0,1.918856590996376e-05
1877.0,1.9188873904534654e-05
186.0,1.919022236514152e-05
11963.0,1.9195923042026393e-05
18039.0,1.919749404026614e-05
16506.0,1.9207969663543054e-05
10986.0,1.923163027517029e-05
16935.0,1.9242995334830913e-05
10330.0,1.9243556038555767e-05
930.0,1.92455559834581e-05
8053.0,1.9248700009849354e-05
17302.0,1.9254868808995818e-05
8701.0,1.926747839696977e-05
13982.0,1.9285906153187068e-05
3343.0,1.928601468639473e-05
15275.0,1.9305796070224967e-05
5437.0,1.9313885654076965e-05
6958.0,1.93223985565334e-05
7288.0,1.9328368482558745e-05
9907.0,1.9339447312109884e-05
16949.0,1.9345912100355756e-05
1497.0,1.934880639843756e-05
18729.0,1.934997199721712e-05
19029.0,1.935245512606923e-05
978.0,1.9354246518179837e-05
1960.0,1.93752820530389e-05
239.0,1.938005240346571e-05
2878.0,1.9380726871799865e-05
415.0,1.9381229296873907e-05
2228.0,1.938716957834988e-05
15972.0,1.939143004894567e-05
8103.0,1.9397450294668337e-05
15448.0,1.9407529226391313e-05
4318.0,1.9413389856847975e-05
11035.0,1.941785619644456e-05
15211.0,1.9423176698455964e-05
19085.0,1.9425062737268818e-05
7095.0,1.9436695055911994e-05
17000.0,1.9436883804321565e-05
8618.0,1.9438811581815847e-05
15443.0,1.9440250571584322e-05
15737.0,1.944499957635639e-05
6537.0,1.945210202856881e-05
3966.0,1.9455070760293007e-05
15428.0,1.9455995380015763e-05
18851.0,1.9481962324026766e-05
13546.0,1.948525599400292e-05
16210.0,1.950003222434799e-05
6103.0,1.9500333468994164e-05
11990.0,1.9500692089554465e-05
8726.0,1.9517452271291537e-05
5533.0,1.9521622080543987e-05
4755.0,1.9522564398714244e-05
16015.0,1.9523339570949927e-05
8021.0,1.9523747852422282e-05
8699.0,1.9531268669258167e-05
2779.0,1.9533000208875144e-05
19665.0,1.9533612964598964e-05
1540.0,1.9544590351621705e-05
15493.0,1.9547799690593416e-05
6336.0,1.955081399698351e-05
10772.0,1.9554699085034313e-05
8206.0,1.9558030300727694e-05
7647.0,1.95773709571876e-05
16871.0,1.958259660564493e-05
8148.0,1.958393563887209e-05
16646.0,1.9584090863063975e-05
13241.0,1.958747480952554e-05
2233.0,1.9591658859840054e-05
19605.0,1.960077548213417e-05
11416.0,1.960765108430818e-05
123.0,1.9608944441810954e-05
17855.0,1.961790889639531e-05
11941.0,1.9626025789012386e-05
2332.0,1.962846006493234e-05
5778.0,1.9650328944113972e-05
16592.0,1.9658869121027138e-05
18012.0,1.965941966038934e-05
18767.0,1.96638590945558e-05
3855.0,1.9674882459956123e-05
15825.0,1.9679488929931395e-05
1770.0,1.9693650879000083e-05
6978.0,1.9696054125596192e-05
16505.0,1.9710819186653237e-05
6011.0,1.9722641760242118e-05
7759.0,1.9732911831615693e-05
11747.0,1.9739071064436662e-05
18347.0,1.9752867601083153e-05
5283.0,1.9754407934855916e-05
6722.0,1.9788136107203535e-05
15617.0,1.9793754308431582e-05
18603.0,1.9806181245616924e-05
7865.0,1.980745888614814e-05
6066.0,1.981965232024198e-05
17049.0,1.9831034159842026e-05
19405.0,1.9841846442315163e-05
18119.0,1.9846514310782926e-05
19829.0,1.9849786148032034e-05
19301.0,1.985156945509507e-05
5854.0,1.985205995189354e-05
5691.0,1.9871309594628227e-05
16101.0,1.9877526388373228e-05
14792.0,1.988098232366308e-05
19082.0,1.988429362010514e-05
11078.0,1.989365951886088e-05
8943.0,1.989457641357247e-05
6178.0,1.9915552811344357e-05
3305.0,1.9915960746830726e-05
9868.0,1.9920582501083158e-05
18412.0,1.9922984663922617e-05
18601.0,1.9924127088387893e-05
7316.0,1.9927634664507442e-05
9934.0,1.9928489464858807e-05
3827.0,1.994274564854433e-05
11055.0,1.9945504113258312e-05
17938.0,1.9964914856835108e-05
19659.0,1.9965704246843932e-05
16452.0,1.996815338330261e-05
1505.0,1.9974706861056808e-05
6305.0,1.9977286117306878e-05
12795.0,1.9978793205275833e-05
13394.0,1.9981148104686037e-05
18654.0,1.999120792313406e-05
2594.0,1.9994067850831302e-05
13074.0,2.0003156423661443e-05
12644.0,2.0003694100990888e-05
7921.0,2.0049202102250324e-05
4550.0,2.006301817293916e-05
84.0,2.0082315755158126e-05
16594.0,2.0083794257872434e-05
15901.0,2.008752470505025e-05
15514.0,2.0104441643980795e-05
14311.0,2.0107797343031145e-05
19100.0,2.0109218609205225e-05
17154.0,2.01149803095882e-05
6201.0,2.0121374958728098e-05
10260.0,2.0131795220556608e-05
5956.0,2.013850843660566e-05
1468.0,2.0143801968868423e-05
7177.0,2.0155909800879493e-05
13581.0,2.0166647117601275e-05
14048.0,2.0169506412054e-05
15340.0,2.0169518281448e-05
7196.0,2.017745109052853e-05
7821.0,2.0187278521860887e-05
17119.0,2.019375958959987e-05
591.0,2.019965594861312e-05
4629.0,2.0205414965316463e-05
19900.0,2.0213292235969938e-05
8436.0,2.0224280411969247e-05
17517.0,2.0254188610265687e-05
16926.0,2.026339989158292e-05
13411.0,2.0264402589706548e-05
15087.0,2.026485679511864e-05
17198.0,2.0266206670253287e-05
1867.0,2.027898243309099e-05
9947.0,2.028660977884915e-05
8239.0,2.0289629954637373e-05
7422.0,2.029300862759744e-05
1222.0,2.0310450526841003e-05
8807.0,2.0311483277138562e-05
17413.0,2.0320505876608007e-05
17247.0,2.0342965347998153e-05
17066.0,2.0344791861321188e-05
11284.0,2.0346649279355234e-05
10703.0,2.0379812062299067e-05
3176.0,2.039753557484673e-05
12895.0,2.0423010568188622e-05
753.0,2.042317020929505e-05
5536.0,2.0426677817787907e-05
9574.0,2.044596728954699e-05
6155.0,2.0470684467489945e-05
580.0,2.049250888883773e-05
12639.0,2.0500973115349223e-05
4458.0,2.0504409839867463e-05
7634.0,2.052813118451492e-05
4706.0,2.0531172451432268e-05
10064.0,2.0553171828045375e-05
17068.0,2.0556552289919704e-05
13034.0,2.0580412511205783e-05
18847.0,2.0581430713875212e-05
19904.0,2.058998375319787e-05
18735.0,2.060364768920097e-05
310.0,2.0609486397644982e-05
15805.0,2.0623671927351076e-05
9690.0,2.0624874116711113e-05
18470.0,2.0637070233482816e-05
19326.0,2.0647319520627256e-05
17821.0,2.0652273982254762e-05
10261.0,2.0658095601761646e-05
2818.0,2.067545428730373e-05
17611.0,2.0679876381175424e-05
8056.0,2.0688257243480805e-05
6356.0,2.0709752435062635e-05
9851.0,2.0713834757508132e-05
1894.0,2.0732694623254262e-05
17567.0,2.0746560781016666e-05
5930.0,2.074820164220034e-05
16498.0,2.0751857759525573e-05
6120.0,2.0761645829221567e-05
5862.0,2.0762255623622467e-05
12667.0,2.0770074999532673e-05
237.0,2.0772504614141437e-05
16693.0,2.0780679417547166e-05
8659.0,2.079641744880928e-05
1471.0,2.080181190490829e-05
18866.0,2.0806932992733646e-05
19412.0,2.0832748771374507e-05
17147.0,2.0849415694060672e-05
6261.0,2.0853265053280897e-05
14387.0,2.0869042098232662e-05
6417.0,2.087217558776701e-05
11354.0,2.0873492473841043e-05
18621.0,2.089747920764492e-05
285.0,2.089860404775271e-05
17870.0,2.0900367871872033e-05
11420.0,2.0917689748097613e-05
5350.0,2.0918747086929005e-05
3065.0,2.0959074315875028e-05
7766.0,2.0966911295664312e-05
10692.0,2.0976604224162407e-05
389.0,2.0985381384627377e-05
19430.0,2.0993370346174684e-05
8463.0,2.099485205995987e-05
8727.0,2.101467417147563e-05
8069.0,2.1028994687355217e-05
17363.0,2.103906975988186e-05
17729.0,2.1044811495797053e-05
2693.0,2.1080284957162116e-05
6257.0,2.1094797628209e-05
18618.0,2.1110145398304243e-05
17694.0,2.1144602834111293e-05
3002.0,2.115673825004772e-05
1044.0,2.11575777986836e-05
6719.0,2.1160785401098305e-05
2929.0,2.11709381170539e-05
6158.0,2.117490243612721e-05
8207.0,2.1187276045192183e-05
12047.0,2.118846882799555e-05
8409.0,2.119233334255624e-05
18766.0,2.119767207853182e-05
8170.0,2.12062379803239e-05
12905.0,2.122242894879665e-05
18018.0,2.1231886710484037e-05
14023.0,2.124007807199368e-05
5717.0,2.1272991418390264e-05
12119.0,2.1275012771544868e-05
15775.0,2.1276859710062404e-05
2646.0,2.1282948329659555e-05
11283.0,2.130761671289265e-05
16901.0,2.131574684530243e-05
10946.0,2.1322023236818516e-05
11473.0,2.1331059491539553e-05
16115.0,2.1332295431730435e-05
16948.0,2.1337181024319964e-05
2909.0,2.1351381583940284e-05
18010.0,2.1354260634741775e-05
17421.0,2.135610734647491e-05
2484.0,2.1359109992540422e-05
246.0,2.1365302419852523e-05
7295.0,2.1378719196793314e-05
936.0,2.1383384595428514e-05
15934.0,2.13959453790688e-05
8852.0,2.1399639741335335e-05
16841.0,2.1399991541179454e-05
1987.0,2.1403626851337674e-05
9145.0,2.1414982177574818e-05
18208.0,2.1415012284554766e-05
2573.0,2.1416365624506755e-05
19073.0,2.142091458638617e-05
2791.0,2.1431821225023746e-05
17021.0,2.145002340302586e-05
14069.0,2.14511281781211e-05
14014.0,2.1452544078699714e-05
1654.0,2.147434614881666e-05
5972.0,2.1498671558568568e-05
9641.0,2.151144129673442e-05
18780.0,2.1511934684578072e-05
6165.0,2.1514987298618312e-05
16660.0,2.1529066086993493e-05
3150.0,2.1533076921527933e-05
18765.0,2.1534178007196203e-05
9875.0,2.1550368291402866e-05
16734.0,2.157115633542672e-05
6315.0,2.1578813126125967e-05
8813.0,2.1589826348371965e-05
15876.0,2.159090904341527e-05
1255.0,2.1614363512294183e-05
3334.0,2.1616420094629325e-05
15433.0,2.162140288100952e-05
17391.0,2.1626188339993465e-05
7077.0,2.1628438668728353e-05
18040.0,2.1632036178772166e-05
15242.0,2.1632553191373737e-05
8133.0,2.1633112256851636e-05
2731.0,2.163730894670412e-05
6625.0,2.1642699746460124e-05
701.0,2.16516668125884e-05
9902.0,2.165795257180634e-05
93.0,2.166812929365327e-05
16707.0,2.167209016170279e-05
15254.0,2.1673470429774475e-05
10744.0,2.168425960449511e-05
13215.0,2.168425960582224e-05
11317.0,2.1684298113885507e-05
19131.0,2.1685758213987905e-05
2738.0,2.1686490633412525e-05
6991.0,2.1695848216517604e-05
15133.0,2.1699345756894402e-05
11328.0,2.1718945824930442e-05
881.0,2.1721355748236734e-05
14034.0,2.1729421818929254e-05
16973.0,2.173209246414724e-05
6820.0,2.17382194776149e-05
9819.0,2.1738710595688066e-05
321.0,2.1740704155668102e-05
5844.0,2.1752191359950016e-05
8315.0,2.175750121513287e-05
8551.0,2.176751198944843e-05
15997.0,2.1781318136147072e-05
8744.0,2.178372894346473e-05
15538.0,2.1793669750430086e-05
13224.0,2.1794072519646726e-05
7622.0,2.1809997630059527e-05
8354.0,2.1812752989350408e-05
7542.0,2.183191385295724e-05
11497.0,2.1841678082549884e-05
4241.0,2.1843469482999976e-05
8255.0,2.1844721102489166e-05
7503.0,2.188315750066203e-05
2565.0,2.188776855059996e-05
16011.0,2.1890400674637534e-05
19118.0,2.1899001430358898e-05
2457.0,2.1915557712250256e-05
18970.0,2.1920121460366467e-05
1101.0,2.192782877421571e-05
16815.0,2.1936209676403364e-05
12029.0,2.1956481991241957e-05
12011.0,2.196421662068027e-05
17952.0,2.1972918584551047e-05
2898.0,2.1975507101048583e-05
15784.0,2.197569534866936e-05
12941.0,2.197721656438095e-05
15103.0,2.2003125957494146e-05
11853.0,2.2006938549754586e-05
13221.0,2.202636138150422e-05
6014.0,2.2028667113907233e-05
5213.0,2.2033284838055212e-05
5318.0,2.2042013018209632e-05
6354.0,2.205090169550946e-05
19463.0,2.2063655992591816e-05
16525.0,2.2089273222735098e-05
146.0,2.209256572594502e-05
1335.0,2.2102363551745508e-05
16760.0,2.210562211101493e-05
17057.0,2.2118662614138702e-05
11102.0,2.2128045689935602e-05
17240.0,2.2154667109617972e-05
11570.0,2.2166820227657917e-05
11741.0,2.2168105576889494e-05
2518.0,2.2178552639425057e-05
597.0,2.2179729425156258e-05
19374.0,2.218379799551279e-05
16951.0,2.2185772083337353e-05
16699.0,2.219077732093661e-05
4634.0,2.2196712543682856e-05
9391.0,2.221697383737492e-05
13675.0,2.2217063098026835e-05
10005.0,2.223251046014045e-05
8037.0,2.2242841472952937e-05
17945.0,2.224713278091881e-05
15759.0,2.2274653310242483e-05
16924.0,2.228035567592496e-05
6751.0,2.2287985454801398e-05
19551.0,2.230624072619385e-05
15573.0,2.2306598058868423e-05
16747.0,2.233488533311874e-05
6053.0,2.2335390634279974e-05
11073.0,2.234176335573055e-05
12050.0,2.234551694211803e-05
16661.0,2.235156481604068e-05
15662.0,2.2393192450024304e-05
19114.0,2.2393976329584017e-05
7081.0,2.2397454151062686e-05
5687.0,2.2403252557537457e-05
10315.0,2.2405403788201653e-05
17205.0,2.2413050646399974e-05
8060.0,2.241465171695172e-05
17093.0,2.241544912415345e-05
13226.0,2.2425675138331064e-05
6331.0,2.242747252547152e-05
18351.0,2.2428159656230144e-05
19434.0,2.2444158973543745e-05
3443.0,2.244553837817023e-05
11607.0,2.2471281954632343e-05
13740.0,2.24956610109977e-05
17596.0,2.2506482396175622e-05
8979.0,2.251295351603615e-05
17971.0,2.251393280962769e-05
13430.0,2.25139623281686e-05
15372.0,2.2532566229475197e-05
417.0,2.2534521242297403e-05
14666.0,2.2542334073370925e-05
19522.0,2.2544071128891076e-05
14884.0,2.2581022250408214e-05
17311.0,2.258737837916398e-05
901.0,2.2597592012019506e-05
7239.0,2.260487015274712e-05
2204.0,2.261402952867426e-05
16256.0,2.261442642866401e-05
13131.0,2.262721229215376e-05
3059.0,2.2632425129343034e-05
16523.0,2.2638110852507833e-05
7136.0,2.265740497341992e-05
13378.0,2.2657817501583667e-05
7479.0,2.2688900837706307e-05
6183.0,2.269764107728202e-05
11339.0,2.271833296334977e-05
1058.0,2.2727004922771776e-05
6385.0,2.2736719922751137e-05
10691.0,2.2751713898041004e-05
92.0,2.2818609167750078e-05
9917.0,2.2823320513083076e-05
48.0,2.28323503766486e-05
6359.0,2.2837791852901854e-05
13499.0,2.2843139009019998e-05
15337.0,2.284863115953579e-05
10017.0,2.2862277993493187e-05
3088.0,2.2881921906290874e-05
14476.0,2.288730585184432e-05
16399.0,2.2891589243504536e-05
18052.0,2.289599653100137e-05
2509.0,2.291089463704066e-05
15343.0,2.2969998806034767e-05
11053.0,2.297031247812708e-05
10962.0,2.2970547011453527e-05
9200.0,2.298148921775723e-05
16397.0,2.298945092164665e-05
8999.0,2.2989896806724605e-05
11407.0,2.2994415303214474e-05
16827.0,2.2994688960030977e-05
16400.0,2.2999111476185553e-05
11238.0,2.3024261058039537e-05
18140.0,2.3034637212395418e-05
7072.0,2.303806878713454e-05
3970.0,2.30386539283663e-05
1315.0,2.304094984816351e-05
18108.0,2.3042734897100626e-05
10748.0,2.306271852670686e-05
15585.0,2.3066394463346555e-05
19666.0,2.3079661979265733e-05
13169.0,2.3096857457406013e-05
18110.0,2.3100187728545402e-05
15264.0,2.3112978192880776e-05
15382.0,2.311498997688439e-05
18500.0,2.312051693029934e-05
5890.0,2.313174605894993e-05
11305.0,2.3134607357431173e-05
11486.0,2.3166353173095456e-05
16974.0,2.3174551162536982e-05
17592.0,2.3181846360804493e-05
16686.0,2.3182366961218007e-05
17191.0,2.3188134903176567e-05
16240.0,2.3198076722071096e-05
17661.0,2.3218021410799796e-05
7644.0,2.322696491891174e-05
8810.0,2.322764535654663e-05
13542.0,2.3227857318262297e-05
8356.0,2.3231244867827717e-05
16382.0,2.325432010059917e-05
1715.0,2.3261132990974078e-05
15387.0,2.326472830547227e-05
2785.0,2.3268891056418766e-05
16429.0,2.3272039984442295e-05
1464.0,2.3293710670162474e-05
16657.0,2.331904741013541e-05
14968.0,2.333255514053279e-05
13836.0,2.3342026071247105e-05
16605.0,2.335636743803748e-05
14092.0,2.337351514319212e-05
2503.0,2.3375807028886375e-05
17842.0,2.340224033400304e-05
5943.0,2.3458361077866467e-05
13921.0,2.3474290389291842e-05
16310.0,2.3480911247545427e-05
17865.0,2.3490651369991314e-05
11257.0,2.3494424576949742e-05
4268.0,2.3497486511762946e-05
6524.0,2.3509726855371543e-05
17443.0,2.3515274632469795e-05
17275.0,2.3522276834221057e-05
10055.0,2.352242236522278e-05
10743.0,2.3523773012915907e-05
19109.0,2.3524597790983642e-05
15380.0,2.3525039689872166e-05
1259.0,2.3536001336394696e-05
475.0,2.35383958275392e-05
17487.0,2.355688633107976e-05
11074.0,2.3602742137140674e-05
6776.0,2.3610643574832813e-05
15840.0,2.3618968720456732e-05
17213.0,2.362352327472458e-05
6759.0,2.3640231174270567e-05
17411.0,2.3652197553914366e-05
3011.0,2.3657840839233595e-05
17662.0,2.3664105496782455e-05
16641.0,2.3686254057204134e-05
11592.0,2.368667844298899e-05
2882.0,2.369233267814956e-05
7842.0,2.3699039834430704e-05
15695.0,2.3715089598280613e-05
5348.0,2.3716602322809885e-05
11637.0,2.371796050282407e-05
6475.0,2.3724391687935357e-05
17947.0,2.3732300235905408e-05
1498.0,2.3740467599298105e-05
6583.0,2.3756680591475593e-05
5835.0,2.3761992860409246e-05
150.0,2.3772997225520113e-05
8926.0,2.3782573316119375e-05
17632.0,2.3786035994492826e-05
16929.0,2.3794024326836928e-05
8226.0,2.3808331021077593e-05
9036.0,2.3813139794272008e-05
5906.0,2.3822699442638282e-05
13293.0,2.3829076150706392e-05
6914.0,2.3851701393651027e-05
2124.0,2.3858214597279943e-05
11390.0,2.387288322081969e-05
18999.0,2.3907737257353894e-05
7412.0,2.391528328607034e-05
15964.0,2.3919054831064794e-05
16963.0,2.3938672435613295e-05
1417.0,2.3946434756191606e-05
6589.0,2.3956311344804605e-05
6472.0,2.399280148237039e-05
19063.0,2.4005348810538617e-05
7675.0,2.4015934168483057e-05
11669.0,2.4023290730386743e-05
4914.0,2.4024042097760684e-05
17058.0,2.402994385379232e-05
2266.0,2.403345837070297e-05
4304.0,2.403436727267502e-05
18245.0,2.4035373639231343e-05
7962.0,2.4056724036332047e-05
17055.0,2.4066622302398373e-05
7643.0,2.4074351898998754e-05
15410.0,2.407703634609433e-05
18429.0,2.4096332419816443e-05
575.0,2.409758939226344e-05
8158.0,2.409959199032151e-05
14992.0,2.4127035013560913e-05
1899.0,2.4135065985405218e-05
8122.0,2.415161063748732e-05
19806.0,2.4166053222795815e-05
14091.0,2.4173077398711494e-05
17589.0,2.4205802047942688e-05
2975.0,2.4220052465489034e-05
966.0,2.4222467148339515e-05
1943.0,2.423663539154653e-05
18760.0,2.424736618819323e-05
16477.0,2.4259758010621965e-05
1166.0,2.4269081676945532e-05
6465.0,2.430762748379244e-05
17941.0,2.4318492819439723e-05
13385.0,2.432739902156474e-05
14119.0,2.432944337102752e-05
17515.0,2.4335247731288503e-05
2672.0,2.4401824592410255e-05
16443.0,2.4422407933240594e-05
7930.0,2.4422516643812202e-05
7035.0,2.446361098897187e-05
12035.0,2.446825394994181e-05
17102.0,2.4478435643253525e-05
1841.0,2.450299060547448e-05
14227.0,2.4503726456255745e-05
19657.0,2.450767756396253e-05
1125.0,2.450795479442069e-05
12594.0,2.45122891556846e-05
15776.0,2.452309135764376e-05
17986.0,2.45415943500036e-05
7026.0,2.4547812423217785e-05
5783.0,2.4562705579026307e-05
1941.0,2.457435253960917e-05
14605.0,2.4574593222896714e-05
17215.0,2.4577871188487604e-05
19588.0,2.4583410644523944e-05
15757.0,2.4587237872996027e-05
6667.0,2.4593247641967743e-05
16989.0,2.460267124262253e-05
6629.0,2.460333280193511e-05
8517.0,2.460721695541533e-05
15105.0,2.4613615863190753e-05
231.0,2.4617230242802073e-05
9606.0,2.4638302672495916e-05
16465.0,2.464541990592774e-05
12633.0,2.465835067258594e-05
13855.0,2.4683896979471676e-05
18719.0,2.4690098741316043e-05
7592.0,2.4709746113417075e-05
1466.0,2.4710918097247368e-05
16082.0,2.4720095487109787e-05
544.0,2.472419033061088e-05
18589.0,2.4729027326086743e-05
13203.0,2.473035898103363e-05
19644.0,2.4732243853705288e-05
5430.0,2.474326646612009e-05
1415.0,2.4774058794017855e-05
18698.0,2.479886196476655e-05
13942.0,2.4854016886752802e-05
17404.0,2.4856159173504957e-05
15733.0,2.4873806482949064e-05
383.0,2.4884089360838723e-05
6783.0,2.4907559729284586e-05
13216.0,2.4932211886066792e-05
15788.0,2.4941857874397802e-05
17843.0,2.4941994027834132e-05
3085.0,2.4958559544123967e-05
6515.0,2.4965412940648566e-05
16470.0,2.4969017237331392e-05
11859.0,2.497365704652301e-05
14782.0,2.4978975017474253e-05
9877.0,2.499858797055798e-05
11840.0,2.5006017259009242e-05
3991.0,2.50166833334838e-05
1334.0,2.5020818027063504e-05
17759.0,2.5020840083817958e-05
6731.0,2.5029572909152567e-05
1430.0,2.5042041274865743e-05
5969.0,2.50560609049283e-05
1323.0,2.5070559499305483e-05
16794.0,2.508359783616602e-05
15095.0,2.5094581450165963e-05
8280.0,2.509493592597526e-05
10857.0,2.5116559502341218e-05
13081.0,2.5141554390990646e-05
854.0,2.5145604584550006e-05
11804.0,2.516081369210199e-05
16202.0,2.5207618075247e-05
7043.0,2.521660502971741e-05
727.0,2.5222547348322987e-05
17320.0,2.5226575260732318e-05
17415.0,2.524339360940189e-05
18260.0,2.5244010769864944e-05
203.0,2.5257038910614557e-05
12001.0,2.5257674685558743e-05
13390.0,2.5258630197371973e-05
1985.0,2.527300070994358e-05
6061.0,2.529188414364664e-05
2716.0,2.529267520795743e-05
3964.0,2.5292955607771913e-05
12650.0,2.530062069005375e-05
8187.0,2.5315160320908673e-05
563.0,2.531990765843395e-05
2142.0,2.5334138523837666e-05
10609.0,2.53510734337303e-05
260.0,2.5356985595079267e-05
4536.0,2.5362968757112865e-05
18793.0,2.536365806990611e-05
18225.0,2.5375570924030274e-05
19765.0,2.5393878650996385e-05
1303.0,2.5397893739157515e-05
12009.0,2.542727900931309e-05
16038.0,2.54328401222109e-05
221.0,2.5457415595589864e-05
16986.0,2.5460020938304984e-05
16205.0,2.546872955638474e-05
16677.0,2.5501200434418817e-05
16194.0,2.5513714635462533e-05
5925.0,2.55185939452842e-05
16727.0,2.5523771703378025e-05
1847.0,2.552788100159132e-05
7796.0,2.5552843633042946e-05
18380.0,2.5571788334983237e-05
2157.0,2.558807005333147e-05
2647.0,2.5602484999326368e-05
18928.0,2.5651405068604248e-05
7920.0,2.565800738613065e-05
19579.0,2.566556609974708e-05
6431.0,2.5666705387477647e-05
7723.0,2.567216216528638e-05
17298.0,2.5681355713856333e-05
16118.0,2.5686732308511107e-05
7096.0,2.5725090511427524e-05
13827.0,2.574324350058909e-05
18537.0,2.5752650045193783e-05
16493.0,2.5753773088313244e-05
1996.0,2.5766111350229036e-05
17225.0,2.5774423429057527e-05
15976.0,2.5794642404799136e-05
9571.0,2.579751195638489e-05
15579.0,2.580364790543366e-05
2886.0,2.5814136897088928e-05
12928.0,2.582323832711424e-05
6720.0,2.582679935482823e-05
17483.0,2.582705963041466e-05
17170.0,2.5860420287821703e-05
18029.0,2.5863335126129856e-05
6135.0,2.5874638483317676e-05
7453.0,2.5877872451964118e-05
952.0,2.5888262920990457e-05
7008.0,2.589169427332041e-05
7959.0,2.5898515360272827e-05
3638.0,2.5944950208917088e-05
11114.0,2.5968854696862397e-05
11176.0,2.5978026208387854e-05
1097.0,2.6001594986006228e-05
18559.0,2.601007313216703e-05
10971.0,2.6017713985823004e-05
2145.0,2.6022846924317036e-05
13561.0,2.6024460725079412e-05
5147.0,2.6024506532206387e-05
4553.0,2.6024616641834058e-05
13824.0,2.60405813874167e-05
5963.0,2.60435327784694e-05
3110.0,2.6048689313372233e-05
7315.0,2.6050397093309684e-05
17280.0,2.6053115595764395e-05
19739.0,2.6068431462704762e-05
16667.0,2.607664872864916e-05
14412.0,2.610500096208773e-05
6506.0,2.6108518882451134e-05
3197.0,2.611343379178995e-05
4326.0,2.6117798551316527e-05
17909.0,2.6136828967794235e-05
10816.0,2.6148756778352666e-05
16982.0,2.615484520479735e-05
11878.0,2.6192372702042737e-05
1133.0,2.6196275226155415e-05
11612.0,2.6203922315470562e-05
7778.0,2.6215088584000753e-05
14370.0,2.6226811677863233e-05
2982.0,2.6258214081452644e-05
16570.0,2.6274315196656132e-05
11866.0,2.6274656780747866e-05
11732.0,2.628194559083092e-05
17550.0,2.634547035698132e-05
17370.0,2.6373939648193506e-05
2167.0,2.6374037563281348e-05
19438.0,2.6376393428470998e-05
10898.0,2.638701525758884e-05
19111.0,2.6396833501057744e-05
1073.0,2.640008530854447e-05
9719.0,2.6412982965168118e-05
19515.0,2.6429022393430454e-05
18626.0,2.6438654337584943e-05
5522.0,2.6441411204576404e-05
17851.0,2.6442391929400388e-05
7376.0,2.646598156501041e-05
4297.0,2.6470420451921542e-05
19621.0,2.6471424556755753e-05
16007.0,2.649806190125471e-05
1813.0,2.6498570330032017e-05
16765.0,2.6500890350511597e-05
13553.0,2.650161987986711e-05
13660.0,2.6512398466401042e-05
7391.0,2.6516893388538086e-05
17087.0,2.6524194147617002e-05
5852.0,2.652826971781745e-05
11132.0,2.6557543972269447e-05
17629.0,2.6580802449371558e-05
1718.0,2.6588267055681053e-05
17065.0,2.659347619408498e-05
998.0,2.659391445622059e-05
10628.0,2.6594137806157236e-05
12621.0,2.6602733691532246e-05
16280.0,2.6616229404728057e-05
7627.0,2.6645708349932834e-05
13575.0,2.6689494008060785e-05
11551.0,2.669244836590759e-05
2456.0,2.670188578845816e-05
12016.0,2.673441294027544e-05
17345.0,2.6739354072345163e-05
18179.0,2.6741500969232827e-05
6495.0,2.6768758863263263e-05
13781.0,2.6776830186882552e-05
17463.0,2.678614606091395e-05
15660.0,2.6801977923432265e-05
16868.0,2.680747125061208e-05
6170.0,2.683354098926154e-05
5756.0,2.683918991988299e-05
17777.0,2.684489036955536e-05
16131.0,2.6852880785572657e-05
15270.0,2.6853618440157682e-05
6153.0,2.6867321359172426e-05
10625.0,2.6873512092121557e-05
3738.0,2.6875255790291847e-05
2781.0,2.6883104413615435e-05
19327.0,2.6889075368437294e-05
8024.0,2.6889293069184517e-05
7671.0,2.6891674356993746e-05
17678.0,2.6893075355190646e-05
17185.0,2.6910328072131542e-05
33.0,2.691483129240119e-05
14862.0,2.6939184378043995e-05
19858.0,2.694449965208716e-05
11329.0,2.6957194286189455e-05
16324.0,2.6968757389192192e-05
924.0,2.697134255133207e-05
4585.0,2.6987387176936007e-05
3202.0,2.6997718069750632e-05
15612.0,2.7000246250072822e-05
16111.0,2.700078440384901e-05
17817.0,2.7011258085883298e-05
10738.0,2.7018631340692637e-05
1270.0,2.7023381311149965e-05
7506.0,2.7063294404697223e-05
5990.0,2.7075759926893447e-05
12044.0,2.7096162412767618e-05
16931.0,2.7103539880233988e-05
16230.0,2.7105702342826546e-05
3145.0,2.7115368416642094e-05
16665.0,2.7122407342242953e-05
6733.0,2.7144783283082468e-05
6282.0,2.7145502692495518e-05
9072.0,2.717248158430342e-05
13307.0,2.7174626151828362e-05
16715.0,2.718445426032882e-05
11425.0,2.7189687340442568e-05
10365.0,2.7207544844521437e-05
3960.0,2.7214178130632136e-05
18959.0,2.7248935416284664e-05
14841.0,2.73127876632204e-05
17138.0,2.732579716560062e-05
14327.0,2.7331470147792225e-05
4011.0,2.7345617824204692e-05
6452.0,2.7349117330560027e-05
11187.0,2.7361116726877222e-05
17557.0,2.7423109146069425e-05
13571.0,2.7443984854752222e-05
11939.0,2.7446617965477893e-05
3722.0,2.745720644691147e-05
10534.0,2.7464283975049835e-05
2876.0,2.7473190579747776e-05
17271.0,2.749610988846111e-05
17011.0,2.751558795559075e-05
13559.0,2.753920122754321e-05
17742.0,2.7546418010259955e-05
11233.0,2.755970319236463e-05
8848.0,2.7564088409185035e-05
18026.0,2.756911550156732e-05
13814.0,2.7579844040199296e-05
16425.0,2.7583110384543032e-05
779.0,2.7588793433061217e-05
8476.0,2.7652423803332674e-05
15502.0,2.765425256987565e-05
13459.0,2.7658477255267988e-05
7877.0,2.766460905374353e-05
15731.0,2.7673726145883004e-05
18790.0,2.7695226433199964e-05
10234.0,2.769977225495408e-05
6819.0,2.7713014835865403e-05
13431.0,2.7718505608901627e-05
17716.0,2.773246027381671e-05
11625.0,2.7757384793373538e-05
5269.0,2.7763239772474568e-05
17159.0,2.7764894545575974e-05
2792.0,2.777627404664329e-05
7379.0,2.779388987166213e-05
1284.0,2.7804141309572398e-05
16106.0,2.7804221873688537e-05
1179.0,2.781212904308307e-05
5179.0,2.7816832167017027e-05
14394.0,2.7888553277666444e-05
7429.0,2.7905052962940533e-05
15132.0,2.791266639163514e-05
12054.0,2.791405397179349e-05
5999.0,2.792807448921519e-05
10645.0,2.793450075899484e-05
10367.0,2.7962558492129463e-05
5709.0,2.798212231807115e-05
10048.0,2.798659727231557e-05
15810.0,2.799920289959803e-05
685.0,2.8000807926277667e-05
16741.0,2.8015799767052574e-05
2153.0,2.8038432768006718e-05
11731.0,2.8038713997471777e-05
16959.0,2.804282577086895e-05
16736.0,2.804980372941309e-05
16496.0,2.805779264184818e-05
2055.0,2.806816064961211e-05
18636.0,2.8069299428514066e-05
19473.0,2.8089032060984366e-05
11467.0,2.8124820380866556e-05
9733.0,2.8126473351148844e-05
1402.0,2.812771729781288e-05
10406.0,2.8135967883563336e-05
12629.0,2.813725292517571e-05
16635.0,2.815572796325647e-05
5270.0,2.815750892328461e-05
6814.0,2.816236680372274e-05
1969.0,2.8216062253431304e-05
17904.0,2.8237928494980287e-05
16174.0,2.8263070779697038e-05
16100.0,2.8290634878245345e-05
9043.0,2.8300014925806498e-05
926.0,2.830655447466432e-05
17416.0,2.8332950058446477e-05
16479.0,2.8335902272616876e-05
1798.0,2.8353056576027152e-05
19517.0,2.8354900901271227e-05
11578.0,2.837360310682177e-05
8716.0,2.8382856456632608e-05
16637.0,2.8387501930254187e-05
17640.0,2.8416893537076053e-05
17192.0,2.843067826478555e-05
15804.0,2.8435094994602955e-05
4049.0,2.8439252339198375e-05
3469.0,2.8449881960694003e-05
16580.0,2.8482429370368063e-05
17642.0,2.8484707136813284e-05
17836.0,2.8500693016258507e-05
16445.0,2.852584159255352e-05
18738.0,2.853632543127025e-05
2209.0,2.8546283973183348e-05
6555.0,2.8580987319903694e-05
6576.0,2.8631851784954227e-05
16952.0,2.8638609640131074e-05
15298.0,2.8645892103076382e-05
16615.0,2.86501487714652e-05
16337.0,2.8658204352341007e-05
7415.0,2.8664484963517927e-05
3735.0,2.86645049957205e-05
9376.0,2.868713419648832e-05
10815.0,2.872168172588572e-05
7961.0,2.8747034842257637e-05
14359.0,2.874769647451077e-05
1660.0,2.8757181002870853e-05
16066.0,2.8758872949332223e-05
2506.0,2.8762927207047513e-05
13251.0,2.8768524509494058e-05
3097.0,2.87697429475322e-05
13538.0,2.8822657406782636e-05
7814.0,2.882526653859616e-05
19151.0,2.882967706997385e-05
19338.0,2.8849760681679268e-05
12632.0,2.885746168249362e-05
10105.0,2.8858654755107022e-05
8832.0,2.8858880508254515e-05
1295.0,2.8872642179986546e-05
15390.0,2.8872725831202885e-05
9077.0,2.889150645634551e-05
19213.0,2.889930125790929e-05
5635.0,2.8928255847362527e-05
15558.0,2.8930882591343243e-05
11155.0,2.8931253549284925e-05
17889.0,2.8944520621447472e-05
8786.0,2.8949805300898967e-05
17410.0,2.8950476812901905e-05
9435.0,2.8968967974928064e-05
17383.0,2.89884470104229e-05
2944.0,2.898869763568105e-05
11412.0,2.9004901494801103e-05
17312.0,2.9028586489146355e-05
6701.0,2.9032299649337057e-05
39.0,2.907559042688733e-05
11089.0,2.9076381921075587e-05
13896.0,2.9152020229662632e-05
14006.0,2.9164252625140242e-05
18190.0,2.9182864230360984e-05
19148.0,2.919677338324194e-05
448.0,2.921224282708566e-05
13830.0,2.9223321325043706e-05
14803.0,2.924568457921944e-05
16339.0,2.9247150353949265e-05
15068.0,2.9255379362774037e-05
19264.0,2.9278353694330317e-05
18703.0,2.928387780560681e-05
4323.0,2.9284077630054548e-05
16419.0,2.92859304974597e-05
18711.0,2.930828627753667e-05
17543.0,2.9314414399043103e-05
14379.0,2.9330762581317678e-05
6412.0,2.934395881265004e-05
15192.0,2.9355647942981928e-05
11748.0,2.9360316221463084e-05
9721.0,2.936472757410049e-05
17098.0,2.936488328543318e-05
19006.0,2.9367355566906625e-05
13908.0,2.9375274640542915e-05
17590.0,2.938355050252669e-05
10616.0,2.9386800770359076e-05
7114.0,2.9392744073092683e-05
18905.0,2.9393352175647875e-05
9688.0,2.9411623087047144e-05
4627.0,2.941408905508328e-05
14768.0,2.9426640519928447e-05
4334.0,2.9435043476276238e-05
13752.0,2.9447554475701635e-05
15911.0,2.9461177848968115e-05
15066.0,2.9465438810394982e-05
7788.0,2.9470779950257822e-05
17751.0,2.947840369780109e-05
4775.0,2.9490563756726317e-05
826.0,2.9503258681563358e-05
11761.0,2.953111298244579e-05
16045.0,2.955933595321933e-05
14842.0,2.959156399142918e-05
15768.0,2.9600691264601717e-05
16357.0,2.960436732721562e-05
16691.0,2.9624274111860305e-05
547.0,2.9624971700499e-05
8200.0,2.9637205842825265e-05
9404.0,2.9667982811544603e-05
9122.0,2.967641896952432e-05
18013.0,2.968713658152681e-05
7870.0,2.9751453749028758e-05
7018.0,2.9798951332221358e-05
19186.0,2.9817254416730026e-05
3399.0,2.9823964449372347e-05
17077.0,2.9856642539929483e-05
19112.0,2.986062208865374e-05
6750.0,2.9868607669283747e-05
17940.0,2.9880935818038257e-05
484.0,2.988223175192896e-05
605.0,2.9891633285631826e-05
9920.0,2.989701862541231e-05
13939.0,2.9908410647792086e-05
5923.0,2.991106587346026e-05
16151.0,2.9911656624726948e-05
16499.0,2.9927093795473043e-05
795.0,2.9928808320917167e-05
7182.0,2.9932782056530555e-05
15486.0,2.9937528116607308e-05
19649.0,2.9945013985998627e-05
16137.0,2.9955511283158467e-05
818.0,2.9965157178094066e-05
12106.0,2.9979428909932174e-05
6857.0,2.998034007654601e-05
16980.0,2.9980621123663977e-05
13927.0,3.0022370332229812e-05
7910.0,3.0029834386865935e-05
17544.0,3.006043706234169e-05
10040.0,3.0064881139145394e-05
19155.0,3.0116301728797208e-05
11876.0,3.0140875810808875e-05
15341.0,3.0153798960869246e-05
12031.0,3.0156505331732704e-05
5197.0,3.0171580154355925e-05
16832.0,3.018206316482626e-05
14482.0,3.0184967559210565e-05
6747.0,3.0245656452350482e-05
9359.0,3.0265289720220405e-05
16154.0,3.0280957764379546e-05
9224.0,3.0281876837752295e-05
17957.0,3.029553557405922e-05
5850.0,3.0300183699603595e-05
7105.0,3.0321335043188244e-05
18961.0,3.032702621665339e-05
11928.0,3.0366623518465755e-05
2160.0,3.038092094634561e-05
9262.0,3.0388239937325238e-05
52.0,3.0396717430266137e-05
7223.0,3.0426946100779212e-05
11086.0,3.046819966949727e-05
2997.0,3.047227515629428e-05
12622.0,3.0497291387593155e-05
988.0,3.0502247090853912e-05
16846.0,3.050898453630798e-05
5696.0,3.052023425983681e-05
2088.0,3.053167842471698e-05
1612.0,3.055652233679918e-05
1349.0,3.055872010721519e-05
185.0,3.0572242654116396e-05
11783.0,3.057568096118511e-05
19563.0,3.059049463361172e-05
19000.0,3.0602006405758556e-05
15431.0,3.060499316515164e-05
4368.0,3.062543846627172e-05
2149.0,3.064967265346874e-05
17282.0,3.065859488058693e-05
17486.0,3.066062987902685e-05
4251.0,3.0672444204460115e-05
16388.0,3.067695737382404e-05
17171.0,3.070806084932964e-05
17607.0,3.077345473020193e-05
2600.0,3.079685498600727e-05
18662.0,3.0813876866120985e-05
7475.0,3.081538052811886e-05
18886.0,3.084296463990468e-05
13545.0,3.084723278004634e-05
18523.0,3.0862163302872456e-05
1367.0,3.0868192303181954e-05
2673.0,3.087623072457747e-05
11661.0,3.089458986199279e-05
5949.0,3.089946657331919e-05
1400.0,3.0904663286896986e-05
11938.0,3.091757554468759e-05
19132.0,3.092183419022848e-05
2826.0,3.095903016574446e-05
13242.0,3.098960754987479e-05
11953.0,3.10069027541074e-05
5322.0,3.1014603685457416e-05
13716.0,3.1021823487179956e-05
16648.0,3.102859453511789e-05
6035.0,3.103245273678924e-05
6333.0,3.1046376954500675e-05
6946.0,3.104803979728067e-05
11775.0,3.105499663223676e-05
16130.0,3.1057507615722206e-05
11397.0,3.106693373853256e-05
776.0,3.108809066481335e-05
3040.0,3.112217831883757e-05
7205.0,3.112705699710146e-05
4962.0,3.114257985739219e-05
8466.0,3.115758482569352e-05
17230.0,3.119224188217028e-05
15479.0,3.1205449719843176e-05
9950.0,3.1241015835475056e-05
10108.0,3.12447856966893e-05
514.0,3.1247780596732246e-05
7963.0,3.126675161299225e-05
9251.0,3.127006626061543e-05
6593.0,3.130778836090745e-05
11180.0,3.130789007675528e-05
11897.0,3.1325612791417757e-05
18358.0,3.133135398372508e-05
18649.0,3.134460744134883e-05
15857.0,3.136676143022894e-05
13547.0,3.136683687876299e-05
13549.0,3.1400853493615935e-05
6536.0,3.140406774450301e-05
15987.0,3.141337202928383e-05
18281.0,3.142801330807198e-05
17928.0,3.1436188269165945e-05
16199.0,3.145124346470246e-05
13507.0,3.149990057444885e-05
6097.0,3.1505098244259344e-05
773.0,3.150640900346428e-05
11085.0,3.154300150584243e-05
4636.0,3.154739868568341e-05
14374.0,3.155931894522972e-05
9922.0,3.157933524248381e-05
14848.0,3.159555216017968e-05
16939.0,3.1598806767585136e-05
2415.0,3.160096084541374e-05
16777.0,3.161045814352424e-05
17583.0,3.161085314050116e-05
19778.0,3.161576134866787e-05
11462.0,3.1650487129286144e-05
14298.0,3.166095750525303e-05
6809.0,3.1683317454440185e-05
9872.0,3.172855958292142e-05
15346.0,3.17296449645041e-05
5703.0,3.173004542241549e-05
18750.0,3.174310369024887e-05
17197.0,3.174469237566839e-05
7589.0,3.175104151767169e-05
14475.0,3.175721183193351e-05
1669.0,3.177527647080868e-05
17953.0,3.17758120435734e-05
17616.0,3.182062845288504e-05
16869.0,3.182530226395691e-05
4311.0,3.184970213088842e-05
14756.0,3.185194457635881e-05
13858.0,3.1858339111776866e-05
17466.0,3.186168076128226e-05
19342.0,3.1870025304528544e-05
13295.0,3.188323820694176e-05
7047.0,3.188397692994015e-05
9767.0,3.189385656600226e-05
3446.0,3.191002872916174e-05
13357.0,3.194018274046384e-05
17412.0,3.196110738856459e-05
6245.0,3.196587789632003e-05
17223.0,3.197748518458209e-05
16295.0,3.1992983741867976e-05
17030.0,3.203281848285585e-05
14110.0,3.205536470702393e-05
17753.0,3.2057326248551817e-05
525.0,3.205750885552815e-05
17073.0,3.20594765265794e-05
11879.0,3.2063772306479884e-05
18078.0,3.206719802547743e-05
9470.0,3.210679462939284e-05
730.0,3.212429736814349e-05
17069.0,3.2135333120850806e-05
19661.0,3.2135601173377555e-05
6925.0,3.2137655517973033e-05
15469.0,3.216387089235585e-05
19061.0,3.216552174071803e-05
17436.0,3.218573476608971e-05
8180.0,3.2199202290832944e-05
15384.0,3.222659649359055e-05
17912.0,3.223006116144551e-05
16644.0,3.224272792014281e-05
19550.0,3.224845896101625e-05
15623.0,3.2260782772278283e-05
17781.0,3.2269854009283076e-05
1265.0,3.227778495613206e-05
6746.0,3.228417181016286e-05
6591.0,3.229617891811722e-05
16170.0,3.229687851304483e-05
11758.0,3.230228657575413e-05
10410.0,3.232094720621934e-05
11999.0,3.232404243759249e-05
642.0,3.232607135365198e-05
9656.0,3.23391983612784e-05
11691.0,3.238163041811332e-05
18742.0,3.238558605981284e-05
15524.0,3.239805063611938e-05
5234.0,3.2436126918583396e-05
15681.0,3.24383455459636e-05
4607.0,3.2448490832531735e-05
338.0,3.245302435482602e-05
45.0,3.2454371825020275e-05
5985.0,3.25111369708822e-05
15824.0,3.2536205969252574e-05
10349.0,3.254226988608889e-05
2263.0,3.2548379794865154e-05
15376.0,3.2564305376724425e-05
17373.0,3.259288997577922e-05
848.0,3.259777557325771e-05
10343.0,3.264845583074964e-05
17249.0,3.2653362148703855e-05
16253.0,3.268226694496912e-05
15129.0,3.269148220626826e-05
9361.0,3.271664380640263e-05
18266.0,3.272641486824461e-05
12046.0,3.273139101994598e-05
8714.0,3.273775927943679e-05
4545.0,3.2744564954630905e-05
17041.0,3.276389868485529e-05
18042.0,3.276987934348432e-05
2860.0,3.279418653677298e-05
1427.0,3.27944864978316e-05
14118.0,3.283066595940726e-05
17702.0,3.284414212447607e-05
17791.0,3.284598503837746e-05
10964.0,3.286481467194002e-05
303.0,3.289882324324591e-05
9803.0,3.2904817943679756e-05
15561.0,3.2912108525133324e-05
6289.0,3.2918625413873914e-05
11454.0,3.294079538387499e-05
14734.0,3.295786020018287e-05
14449.0,3.297371038629345e-05
14281.0,3.3030182308931786e-05
8519.0,3.30304372939867e-05
390.0,3.303251966756561e-05
1298.0,3.3035803252695354e-05
17858.0,3.304410681734372e-05
17972.0,3.304766162909994e-05
8480.0,3.305516173755835e-05
11699.0,3.3097065797915996e-05
5996.0,3.309992574461254e-05
15636.0,3.310888033121998e-05
8801.0,3.311006015501622e-05
15364.0,3.3118804711937795e-05
12004.0,3.3175028344314566e-05
16518.0,3.322364833902603e-05
15414.0,3.32453810434517e-05
453.0,3.325723320969505e-05
16711.0,3.3280211537732406e-05
17808.0,3.3296031363227886e-05
11362.0,3.331235355155092e-05
1129.0,3.3326441638018066e-05
11537.0,3.333190721108362e-05
6430.0,3.333654455403019e-05
17169.0,3.3345047883799485e-05
16306.0,3.339016705616051e-05
16908.0,3.339162287450971e-05
9942.0,3.34179334473452e-05
11379.0,3.343716288877579e-05
13931.0,3.348843641814881e-05
16859.0,3.3599175058399134e-05
10050.0,3.359941837099696e-05
15268.0,3.361446454263427e-05
15470.0,3.361457657211644e-05
11611.0,3.36306652034581e-05
7089.0,3.3669582502324945e-05
17900.0,3.3669975730559906e-05
11663.0,3.3674052726221945e-05
10957.0,3.367806535419144e-05
17757.0,3.367901572694529e-05
6118.0,3.368294671341221e-05
16271.0,3.369058637799767e-05
17338.0,3.3692942968072016e-05
3558.0,3.3730316247746195e-05
4865.0,3.373110686247812e-05
352.0,3.373407880622359e-05
8456.0,3.375483479053453e-05
9967.0,3.378699974296978e-05
11410.0,3.379840202053899e-05
19070.0,3.3798442679385204e-05
17294.0,3.381403606684207e-05
17376.0,3.382254789862475e-05
5944.0,3.382403915814357e-05
16758.0,3.3860561819539585e-05
18491.0,3.386505823213314e-05
1337.0,3.3881578470211304e-05
2439.0,3.3883662902427816e-05
13326.0,3.3909126701069365e-05
8284.0,3.39141813186153e-05
17127.0,3.393614206764675e-05
4575.0,3.393634023306732e-05
19346.0,3.393935903550291e-05
3143.0,3.394149992385828e-05
9998.0,3.3945927810326046e-05
13574.0,3.398120731143574e-05
16962.0,3.399717149842683e-05
12702.0,3.400563707036138e-05
19749.0,3.4014215879017384e-05
15476.0,3.4016203740319044e-05
14509.0,3.402251745721522e-05
14846.0,3.402583430469076e-05
6985.0,3.407031922617035e-05
934.0,3.410580060259957e-05
11733.0,3.4116856825675044e-05
11477.0,3.4136837579887615e-05
17348.0,3.4154147979274456e-05
17576.0,3.4158450090233056e-05
9275.0,3.4169708762049164e-05
18255.0,3.421824601350386e-05
7121.0,3.423010609596724e-05
7990.0,3.4238639125691274e-05
17434.0,3.4255377668127745e-05
13822.0,3.427034833274329e-05
17386.0,3.4321090002135965e-05
8464.0,3.4359242041318345e-05
11356.0,3.4363048674715255e-05
15218.0,3.4363138620515155e-05
997.0,3.437291281001601e-05
17020.0,3.438859021737334e-05
3084.0,3.4395608975370536e-05
11860.0,3.4400008030842765e-05
10998.0,3.440056792669046e-05
7686.0,3.444068854740947e-05
15787.0,3.445692272093496e-05
2986.0,3.448414132450579e-05
16892.0,3.448692875814222e-05
19453.0,3.4512036607282565e-05
9864.0,3.453232014484526e-05
16805.0,3.4544126045632306e-05
15870.0,3.456384055200379e-05
12003.0,3.459365599566845e-05
15003.0,3.4595012363496576e-05
8657.0,3.4599370234007086e-05
8454.0,3.461454817220204e-05
15097.0,3.463972409221263e-05
3081.0,3.464787341438262e-05
6918.0,3.466270160039445e-05
17277.0,3.467923622897761e-05
5840.0,3.46823919470393e-05
7972.0,3.47061001893586e-05
8062.0,3.4711399333933813e-05
14086.0,3.473070769651587e-05
17006.0,3.4766907555502015e-05
16992.0,3.477088563463561e-05
2921.0,3.481490762105768e-05
120.0,3.4850618043199355e-05
11160.0,3.485351734637788e-05
17773.0,3.4855640559959964e-05
7151.0,3.485638064476071e-05
13673.0,3.4882113659133404e-05
7923.0,3.4889569821737434e-05
15986.0,3.4910030673065e-05
6781.0,3.491412001604046e-05
11361.0,3.494322341471886e-05
9469.0,3.496964507142082e-05
9497.0,3.499305245046711e-05
5429.0,3.5022187453251846e-05
19769.0,3.503958315530474e-05
8055.0,3.504134951734247e-05
15110.0,3.5052423191343624e-05
2642.0,3.5063008590583085e-05
7102.0,3.507384462270953e-05
17042.0,3.507592531027352e-05
14285.0,3.5130215570113325e-05
113.0,3.519804942134569e-05
6981.0,3.520585886716092e-05
299.0,3.5207048147319583e-05
15973.0,3.5235660591657904e-05
1115.0,3.529822206723959e-05
2670.0,3.5347359468161027e-05
16558.0,3.5387377655896225e-05
18612.0,3.5411540379875284e-05
5864.0,3.544701193747404e-05
11856.0,3.548354446615344e-05
17797.0,3.549366516582311e-05
960.0,3.552689256707222e-05
13302.0,3.5529821634087323e-05
11001.0,3.5530147602754035e-05
9974.0,3.553572390527496e-05
1320.0,3.554810429538789e-05
7076.0,3.556206764355893e-05
19218.0,3.557540841405053e-05
44.0,3.557959801043251e-05
15022.0,3.5625554616624414e-05
19053.0,3.563560412725176e-05
14488.0,3.563937661033582e-05
376.0,3.565556833306128e-05
11417.0,3.566493900002605e-05
13537.0,3.5665271269089993e-05
19537.0,3.5671818284666044e-05
884.0,3.567706069851578e-05
1048.0,3.568228731606608e-05
1394.0,3.5698818791817784e-05
16004.0,3.5763861270949446e-05
16401.0,3.577051872322547e-05
18105.0,3.5792904530423665e-05
10784.0,3.58099336572952e-05
4275.0,3.582139736551616e-05
11336.0,3.582777690051643e-05
11701.0,3.583378789599216e-05
13845.0,3.587244066718706e-05
11378.0,3.5973218450460286e-05
13969.0,3.6009805559219204e-05
16166.0,3.601695784165069e-05
6151.0,3.605374913955163e-05
5872.0,3.607824859974302e-05
226.0,3.607961927689029e-05
16830.0,3.609023547502174e-05
1132.0,3.6103863136531496e-05
11865.0,3.610658214492939e-05
5975.0,3.615602974869063e-05
8474.0,3.618172212938968e-05
4333.0,3.619425466305012e-05
16423.0,3.6198278255159665e-05
17962.0,3.6212513583807465e-05
19699.0,3.622062217958482e-05
16733.0,3.623969101654405e-05
8084.0,3.6257143675969825e-05
7716.0,3.625963286905927e-05
17638.0,3.6263679541145856e-05
17730.0,3.627823379586587e-05
10658.0,3.631475855201443e-05
18025.0,3.6333467909403334e-05
11714.0,3.633473972477681e-05
9488.0,3.635608899762212e-05
13536.0,3.641508628815469e-05
18472.0,3.642825557968865e-05
9505.0,3.6438426956985757e-05
1333.0,3.644355406792466e-05
18218.0,3.645033882014934e-05
17494.0,3.6478634818531095e-05
154.0,3.6490731069622514e-05
5636.0,3.6496785083942386e-05
3290.0,3.6517802165125167e-05
1978.0,3.65190503677191e-05
15345.0,3.65653745670407e-05
17562.0,3.662494122933923e-05
10279.0,3.664816017965915e-05
17036.0,3.6681949241987446e-05
202.0,3.671544926387601e-05
16781.0,3.6719220320162795e-05
11615.0,3.673404035046403e-05
19460.0,3.675312035244736e-05
14380.0,3.675365157948285e-05
8692.0,3.6762745311784414e-05
11070.0,3.683602334629852e-05
12605.0,3.6857022052088315e-05
6677.0,3.6889701937022334e-05
1098.0,3.689330076463668e-05
17446.0,3.69088462837689e-05
3105.0,3.692359269781739e-05
6244.0,3.6926177089564996e-05
16225.0,3.693913483449113e-05
537.0,3.694300505703719e-05
17387.0,3.695350689745395e-05
11217.0,3.6960085407609924e-05
16132.0,3.6990399940399486e-05
15803.0,3.703449512810345e-05
9722.0,3.7038163399332774e-05
16077.0,3.7038776906329695e-05
1661.0,3.706028008809099e-05
16981.0,3.7076776198344926e-05
19096.0,3.7139317568723554e-05
19456.0,3.714828476105722e-05
14844.0,3.7160972260616604e-05
15072.0,3.7188582367869454e-05
10439.0,3.719334159320581e-05
662.0,3.725111540316145e-05
4303.0,3.7260191860111795e-05
15239.0,3.729744403373912e-05
3127.0,3.7310968969595276e-05
13294.0,3.732051482676946e-05
17088.0,3.7324489191868604e-05
16560.0,3.733378400015751e-05
16898.0,3.734745183338124e-05
9778.0,3.73533440925774e-05
2763.0,3.73635485669118e-05
7294.0,3.7383829035996866e-05
8231.0,3.7384515901407375e-05
19411.0,3.743770332782267e-05
6623.0,3.744250986092285e-05
15263.0,3.744519929590532e-05
18036.0,3.746158951841856e-05
11423.0,3.7473519232614856e-05
11215.0,3.749068796763678e-05
17906.0,3.7501451459424246e-05
4633.0,3.753283745316254e-05
11202.0,3.7545950524143885e-05
3997.0,3.756296924586933e-05
15452.0,3.757034884314151e-05
402.0,3.759201928389994e-05
14434.0,3.759377472039557e-05
3932.0,3.763213561113568e-05
16215.0,3.763329716147076e-05
9163.0,3.7646469554985855e-05
17459.0,3.7661503877247365e-05
8175.0,3.766585047233403e-05
17672.0,3.767988387247453e-05
6684.0,3.7688638457501456e-05
10640.0,3.769940287427851e-05
17679.0,3.77028595978383e-05
11392.0,3.771517363597438e-05
17980.0,3.7720925092658264e-05
13403.0,3.772648011501597e-05
17775.0,3.7743661139343075e-05
3904.0,3.774768349337264e-05
2588.0,3.775318418803592e-05
19258.0,3.777806363751722e-05
16852.0,3.779209527030283e-05
10430.0,3.780954094377242e-05
14570.0,3.783144146511036e-05
9696.0,3.786472075014738e-05
3014.0,3.787193368276931e-05
13704.0,3.787598239063269e-05
10052.0,3.7923589392893726e-05
161.0,3.792640978265236e-05
16171.0,3.7944070138548345e-05
15350.0,3.7962888561553546e-05
17210.0,3.796883073529692e-05
16729.0,3.797390939357338e-05
16364.0,3.800104923185725e-05
18894.0,3.8011557263898295e-05
16899.0,3.8012749973632684e-05
2965.0,3.807866127088672e-05
16840.0,3.808805841467991e-05
5952.0,3.809326011106727e-05
15193.0,3.8102115148783645e-05
16305.0,3.810852564692272e-05
15519.0,3.8146040751569725e-05
5000.0,3.8168880074048886e-05
17356.0,3.819233015547545e-05
18494.0,3.826403912203294e-05
8110.0,3.82920940256154e-05
166.0,3.831656350439863e-05
13880.0,3.833669043964772e-05
9805.0,3.83487159843254e-05
15111.0,3.8381340977408076e-05
18282.0,3.838178854257598e-05
5773.0,3.840464232781572e-05
2021.0,3.841370174633677e-05
17501.0,3.841668361063903e-05
13732.0,3.8470421438977665e-05
1912.0,3.848587693216014e-05
7036.0,3.8502418128115436e-05
6912.0,3.850279625049033e-05
13685.0,3.853170213403127e-05
9914.0,3.8546417480894296e-05
15210.0,3.8589619002048017e-05
16988.0,3.8590330997374076e-05
9704.0,3.862784592581303e-05
1639.0,3.8645727715284496e-05
7978.0,3.8652952815535566e-05
5369.0,3.869210018325183e-05
18399.0,3.870851962431561e-05
5946.0,3.871789459998709e-05
10018.0,3.8780992333823963e-05
7154.0,3.880899294181987e-05
18492.0,3.88173478642434e-05
17200.0,3.8832714503653614e-05
10063.0,3.886319851516531e-05
1686.0,3.8869832545665177e-05
18761.0,3.888327571344519e-05
8918.0,3.895733737194882e-05
17163.0,3.89635441089568e-05
14467.0,3.8998712526234264e-05
17850.0,3.902601942726332e-05
224.0,3.9054646468222123e-05
16501.0,3.90571844837027e-05
17707.0,3.905953395454317e-05
2173.0,3.906789346104772e-05
1161.0,3.9111978970194154e-05
18475.0,3.913988648760708e-05
11591.0,3.914719236911776e-05
14493.0,3.915517749435524e-05
14728.0,3.91580861089141e-05
11157.0,3.9201191801752655e-05
16521.0,3.9236635746725895e-05
2852.0,3.9278213209410555e-05
16392.0,3.9370180617495424e-05
17316.0,3.938429716344849e-05
13395.0,3.9452450453965484e-05
10030.0,3.948849182203519e-05
10983.0,3.950169165176225e-05
13842.0,3.950717830510875e-05
12473.0,3.95149615577837e-05
5988.0,3.956955818608851e-05
7895.0,3.961216860550301e-05
5882.0,3.962255975718576e-05
3438.0,3.964740518487137e-05
3744.0,3.967543543709129e-05
10327.0,3.9693132736600344e-05
19043.0,3.974695022902405e-05
16842.0,3.976336435826236e-05
11381.0,3.97979427946226e-05
17536.0,3.980837494590611e-05
17936.0,3.986259991868052e-05
17683.0,3.987485891802246e-05
19658.0,3.99045644284045e-05
467.0,3.9942244139517947e-05
19491.0,4.000939283591939e-05
16670.0,4.001075187550014e-05
14106.0,4.004372889911566e-05
11934.0,4.028980929365312e-05
13640.0,4.029810781458113e-05
8141.0,4.030869560226181e-05
16285.0,4.030988731065834e-05
16697.0,4.0388581295076256e-05
11846.0,4.039006044392104e-05
13903.0,4.042339382381468e-05
11617.0,4.042586804682186e-05
9431.0,4.0477681655870406e-05
743.0,4.050746183962514e-05
8135.0,4.051170164867816e-05
11.0,4.052622930353235e-05
19862.0,4.053131917404434e-05
8528.0,4.0544025817453945e-05
3517.0,4.0562757943989895e-05
11488.0,4.0575990491298996e-05
16190.0,4.059627816166856e-05
13725.0,4.064352949838195e-05
16089.0,4.065349383730916e-05
18088.0,4.067363684876137e-05
10984.0,4.0712933390927834e-05
7455.0,4.074302524922787e-05
16314.0,4.074556353098983e-05
16900.0,4.0750507046851555e-05
11054.0,4.076372324390177e-05
11668.0,4.0819967851776476e-05
16936.0,4.0828888413334614e-05
10887.0,4.086379654486244e-05
6965.0,4.092868097775902e-05
16373.0,4.094067235938344e-05
16795.0,4.094462296310776e-05
9575.0,4.095993069758364e-05
2825.0,4.096196930113094e-05
11400.0,4.097026038914389e-05
10378.0,4.097400706260135e-05
19652.0,4.098329273534981e-05
5981.0,4.09870282157851e-05
18975.0,4.0994378163464824e-05
7199.0,4.101097671674592e-05
14085.0,4.101118000398178e-05
15666.0,4.104832962465311e-05
17975.0,4.1049715652425266e-05
7040.0,4.106448587977773e-05
4863.0,4.1080354756186856e-05
19133.0,4.110290380784363e-05
13688.0,4.1123623798755034e-05
7939.0,4.115842647232545e-05
4756.0,4.120715359917642e-05
9501.0,4.1240993705735696e-05
15598.0,4.1318748349240343e-05
12008.0,4.138824475913647e-05
17064.0,4.140739944418479e-05
19288.0,4.1449739206695105e-05
16242.0,4.1480495770768984e-05
14040.0,4.153184642841495e-05
13904.0,4.15594197148524e-05
14827.0,4.162135164680809e-05
5628.0,4.163354660606919e-05
7938.0,4.163665191649221e-05
17027.0,4.163864749105784e-05
1922.0,4.167812339383677e-05
18954.0,4.169383216965425e-05
2941.0,4.169762568289671e-05
130.0,4.1699750833765735e-05
7732.0,4.170455842536435e-05
13366.0,4.178608000228096e-05
7380.0,4.179516375357729e-05
18552.0,4.184728950767577e-05
17317.0,4.185602228722882e-05
17037.0,4.1857619648258346e-05
11864.0,4.1884464971802564e-05
5936.0,4.193087340574502e-05
14.0,4.19529248151523e-05
13580.0,4.197606987326293e-05
17552.0,4.200416912005837e-05
1099.0,4.200647355262296e-05
15836.0,4.2036166786294684e-05
10931.0,4.2043299750140566e-05
15.0,4.204646666970947e-05
18086.0,4.2059783893127105e-05
18057.0,4.207209373401793e-05
17605.0,4.2126073511516674e-05
16437.0,4.223365605059404e-05
5737.0,4.224873177357368e-05
2346.0,4.225972909837614e-05
8143.0,4.228239337825653e-05
5960.0,4.2308968072843265e-05
15587.0,4.2334613142268035e-05
879.0,4.237533097266456e-05
9870.0,4.239531243970639e-05
1256.0,4.2411435959345614e-05
8992.0,4.2443442948247126e-05
1651.0,4.244689802166721e-05
2083.0,4.2490716318075e-05
9982.0,4.2513521517109186e-05
7712.0,4.2516347657877764e-05
7773.0,4.2525460027221594e-05
16129.0,4.255981373243255e-05
11807.0,4.256271870695921e-05
18520.0,4.2586563718193e-05
2746.0,4.260209946891698e-05
12025.0,4.265148775620644e-05
15730.0,4.269087142522908e-05
10945.0,4.269955288357571e-05
17362.0,4.270419730709827e-05
961.0,4.2706455845904535e-05
6125.0,4.272830456071042e-05
17644.0,4.273996656126798e-05
322.0,4.2766346991533404e-05
15520.0,4.2810113077731706e-05
15468.0,4.281301664193458e-05
7358.0,4.288584601172706e-05
16718.0,4.2914307328651036e-05
8130.0,4.291816237118922e-05
17807.0,4.2926306750192184e-05
2842.0,4.295710780891695e-05
6023.0,4.2975656831112606e-05
4007.0,4.297585220112667e-05
11633.0,4.299016622200957e-05
16366.0,4.302485015427446e-05
15755.0,4.302744139991639e-05
11677.0,4.303914847216771e-05
16614.0,4.305222572546099e-05
17398.0,4.30978676982848e-05
17054.0,4.3107056198005694e-05
719.0,4.311890316821744e-05
18004.0,4.3147210767579854e-05
17499.0,4.318348250759741e-05
17172.0,4.3239390401298634e-05
833.0,4.3256073475166246e-05
15714.0,4.328549177823752e-05
10941.0,4.331846124257848e-05
8120.0,4.332804048662568e-05
16724.0,4.332987833877492e-05
9360.0,4.333643916504753e-05
16706.0,4.3362171534300066e-05
4321.0,4.341221242847934e-05
8589.0,4.342010830606217e-05
15069.0,4.3469134724209877e-05
11060.0,4.347339086921451e-05
18830.0,4.349061878687399e-05
669.0,4.352071224335035e-05
977.0,4.352730436847322e-05
11443.0,4.356072032438009e-05
15509.0,4.35630964413303e-05
7493.0,4.356925937655838e-05
18440.0,4.360411320355226e-05
18702.0,4.3608702518422484e-05
9209.0,4.361234282907101e-05
2186.0,4.361324058922226e-05
16098.0,4.3624407251318044e-05
15889.0,4.362805709102124e-05
1940.0,4.377266996980366e-05
11614.0,4.3773140612876576e-05
11695.0,4.383021170596521e-05
19700.0,4.383028655655629e-05
17232.0,4.384057960044396e-05
15543.0,4.384739733723415e-05
8633.0,4.389880972131825e-05
17082.0,4.393087310586736e-05
9218.0,4.3936808015822885e-05
17105.0,4.3941962666429636e-05
6654.0,4.3958186224172755e-05
17867.0,4.396125419620129e-05
14521.0,4.3965611040689404e-05
8444.0,4.4005858689107906e-05
13735.0,4.4031257443342596e-05
9650.0,4.407075099802545e-05
17520.0,4.4075531808935214e-05
439.0,4.407736241817101e-05
8491.0,4.4099788517089614e-05
5955.0,4.4132244401555584e-05
18639.0,4.4133224028752315e-05
3033.0,4.4139765011222846e-05
13742.0,4.4147417944344e-05
1040.0,4.416199856684549e-05
5199.0,4.4192470112706955e-05
5309.0,4.425590017615039e-05
14076.0,4.4262148999855e-05
18084.0,4.4292461165899714e-05
10054.0,4.429779270260289e-05
16435.0,4.4306604685377303e-05
8781.0,4.43286102876833e-05
11389.0,4.43343654001194e-05
19229.0,4.435819887723399e-05
2865.0,4.4370507340474004e-05
18034.0,4.44036135232473e-05
6437.0,4.4458105768181336e-05
15740.0,4.4505137539064774e-05
17822.0,4.450821374800688e-05
7263.0,4.456299972238168e-05
16461.0,4.4564009493777816e-05
17145.0,4.4581564368598715e-05
650.0,4.459510057643675e-05
5937.0,4.466627430142019e-05
13835.0,4.4681186132492206e-05
15088.0,4.4681828339664304e-05
13387.0,4.472568995548028e-05
4983.0,4.474082189655521e-05
1424.0,4.4878700724055006e-05
8442.0,4.491676478496577e-05
5625.0,4.49732010166009e-05
1072.0,4.498100368515262e-05
17199.0,4.499336399615122e-05
13709.0,4.499391936221875e-05
5278.0,4.5056285206282646e-05
412.0,4.5079807159356565e-05
15542.0,4.508865384219928e-05
599.0,4.5103735156968015e-05
542.0,4.510669548705235e-05
6884.0,4.514901137164051e-05
1339.0,4.516244831611647e-05
8751.0,4.5176328371198216e-05
18641.0,4.5187231769568143e-05
8312.0,4.5202445510510304e-05
6602.0,4.520815085492245e-05
2936.0,4.5239769117722145e-05
16643.0,4.533009728885413e-05
15024.0,4.535055539247467e-05
11243.0,4.536875690479047e-05
13899.0,4.539940173032241e-05
16916.0,4.5427926635847566e-05
19286.0,4.548500090147762e-05
1664.0,4.5559812561348836e-05
2371.0,4.558160919310957e-05
15285.0,4.559961854447009e-05
11599.0,4.560339609148107e-05
17330.0,4.564112684022411e-05
2984.0,4.565979151726725e-05
9771.0,4.567672856275366e-05
16538.0,4.568511265363086e-05
493.0,4.574743570316058e-05
15669.0,4.576118243149842e-05
5877.0,4.578662986551388e-05
16629.0,4.5800986805483866e-05
16619.0,4.583600375585108e-05
7060.0,4.5889393474406154e-05
17440.0,4.597830508567766e-05
704.0,4.598347514325649e-05
3064.0,4.598592625585692e-05
11771.0,4.604162836837027e-05
16234.0,4.605692800668498e-05
13082.0,4.607474556690453e-05
14578.0,4.611245332903169e-05
7768.0,4.6113744387704204e-05
17914.0,4.617382421143066e-05
19489.0,4.61960420397901e-05
16158.0,4.619897713294118e-05
18797.0,4.6225579721212995e-05
15812.0,4.6290863360592666e-05
18130.0,4.629888748442481e-05
14491.0,4.630845344395944e-05
17270.0,4.631154911627229e-05
19878.0,4.640023791581234e-05
16012.0,4.6413239282834084e-05
16825.0,4.6423897609916136e-05
18406.0,4.64360340560447e-05
8532.0,4.645097354121706e-05
6963.0,4.651249934419577e-05
19444.0,4.653083671940151e-05
11263.0,4.653196854966092e-05
2423.0,4.655597153673219e-05
17882.0,4.661565883205567e-05
16582.0,4.670775418760674e-05
7473.0,4.673027516641644e-05
11098.0,4.686525407987453e-05
9242.0,4.689201779934968e-05
2998.0,4.69106572913887e-05
3888.0,4.691952933941642e-05
1266.0,4.693231804255305e-05
11643.0,4.701932612621584e-05
13128.0,4.707140218849308e-05
3161.0,4.717897084249491e-05
14099.0,4.7228610892586296e-05
11253.0,4.7236799253507216e-05
1528.0,4.731103925635315e-05
16902.0,4.734618134991828e-05
16588.0,4.741704459633654e-05
16222.0,4.7422317920685276e-05
17558.0,4.743611713252635e-05
17514.0,4.746277683753747e-05
15602.0,4.7522370975964476e-05
10615.0,4.7599488228119916e-05
5710.0,4.760048983407891e-05
11806.0,4.7675065083031724e-05
4889.0,4.7688776146326654e-05
13879.0,4.7705508848185035e-05
15858.0,4.770888233495136e-05
690.0,4.7757910622839575e-05
14510.0,4.775975808329431e-05
9500.0,4.780539642394594e-05
10979.0,4.7805981968110226e-05
1343.0,4.782426178446397e-05
1366.0,4.785863399089657e-05
6932.0,4.790007726941128e-05
11444.0,4.7917095136484806e-05
12021.0,4.791875260586926e-05
6447.0,4.798270709788492e-05
19149.0,4.8008496250468485e-05
13692.0,4.802975391184254e-05
16091.0,4.804620989482836e-05
11869.0,4.805424049613057e-05
13564.0,4.8080482311946065e-05
638.0,4.8133548696410405e-05
17655.0,4.8143339513333954e-05
2933.0,4.8150087699953804e-05
7856.0,4.8155609811534205e-05
10074.0,4.817553351664809e-05
4464.0,4.8177227960922975e-05
6429.0,4.819277680394033e-05
19843.0,4.820163130305766e-05
16746.0,4.8311205350215834e-05
2428.0,4.831771526295796e-05
18045.0,4.837083350565233e-05
2538.0,4.837747069424079e-05
17201.0,4.838213111331146e-05
14304.0,4.840271913166961e-05
6471.0,4.8429245922416085e-05
9496.0,4.854433607036197e-05
11580.0,4.854473885935707e-05
16279.0,4.8545292971496154e-05
12634.0,4.855214194596038e-05
7630.0,4.8556515887939166e-05
16449.0,4.859521026178081e-05
2560.0,4.862292144340023e-05
8817.0,4.866178723319957e-05
19449.0,4.868693265405168e-05
6375.0,4.868743009170974e-05
3908.0,4.8774781491885775e-05
8535.0,4.877890933021834e-05
19348.0,4.87845999467273e-05
18810.0,4.880266712140603e-05
9432.0,4.8832178378888615e-05
8112.0,4.8863800922063e-05
981.0,4.8916430953380916e-05
12794.0,4.895536555588816e-05
5900.0,4.897955232847488e-05
10438.0,4.898697201338119e-05
8806.0,4.8996472381073836e-05
14935.0,4.906831883583089e-05
6562.0,4.912603665014322e-05
19195.0,4.9132013134901536e-05
7540.0,4.913415203333873e-05
11458.0,4.920325565760921e-05
6858.0,4.9237130566331296e-05
11760.0,4.923994270717229e-05
16422.0,4.9245364737410176e-05
12038.0,4.925660854620455e-05
11256.0,4.927946385676567e-05
14774.0,4.928556581657186e-05
9686.0,4.9292714568934224e-05
7025.0,4.931055199407856e-05
2553.0,4.931244707829005e-05
6545.0,4.938032340415078e-05
19189.0,4.941528779359623e-05
8599.0,4.944703173349228e-05
16179.0,4.945093971322237e-05
7695.0,4.9494024720450084e-05
6590.0,4.952330694421571e-05
6420.0,4.952862769850945e-05
12609.0,4.9532992509451456e-05
10481.0,4.959204369453027e-05
5431.0,4.9597392455999766e-05
16251.0,4.9605044174655216e-05
17048.0,4.964281393621457e-05
15711.0,4.988080047451377e-05
13511.0,4.9897408376857016e-05
15117.0,4.9916237474055246e-05
7271.0,4.9969714116741606e-05
16547.0,5.001759775005372e-05
4312.0,5.0079828305624854e-05
17335.0,5.011970069925349e-05
7123.0,5.0136184681614994e-05
8508.0,5.0269277753668063e-05
8767.0,5.0309987533642163e-05
14516.0,5.032879172714414e-05
6680.0,5.0342172983904226e-05
10066.0,5.035674335754369e-05
16696.0,5.0390729941790636e-05
17651.0,5.046696353096219e-05
16005.0,5.0506050210223986e-05
13409.0,5.051075487174882e-05
5028.0,5.0528304920926095e-05
16730.0,5.0550101282680934e-05
9709.0,5.056082519578275e-05
3466.0,5.05966939558104e-05
16524.0,5.0636575573691425e-05
6410.0,5.063804345594846e-05
15289.0,5.064491395310602e-05
17278.0,5.0688293632316385e-05
17431.0,5.07863660472627e-05
3603.0,5.0834988465631315e-05
7312.0,5.0875675294796254e-05
13682.0,5.092478941730537e-05
6732.0,5.0932890936856286e-05
16207.0,5.094804560413076e-05
2796.0,5.094890856401998e-05
16812.0,5.094891595296007e-05
16761.0,5.097944053721749e-05
16094.0,5.098529952994949e-05
18070.0,5.101323494206639e-05
18964.0,5.1066672724872704e-05
11628.0,5.107183873926419e-05
15881.0,5.1075468987139415e-05
18077.0,5.1151476498223134e-05
17265.0,5.116229421478856e-05
11917.0,5.118007898978547e-05
6937.0,5.118079106289824e-05
3162.0,5.120299686102459e-05
11470.0,5.121269759858801e-05
11529.0,5.122428031889097e-05
11429.0,5.128053134582508e-05
7884.0,5.134542006848899e-05
10499.0,5.134635426800543e-05
16987.0,5.1353186480639085e-05
8319.0,5.1420802447912364e-05
17343.0,5.144222974728077e-05
17908.0,5.1466533665933505e-05
19894.0,5.151602173086771e-05
15649.0,5.154047620888212e-05
13445.0,5.15608858178003e-05
15216.0,5.1583665822454866e-05
15667.0,5.161231852037798e-05
13140.0,5.161990823639044e-05
16464.0,5.162107601867731e-05
4133.0,5.163531511031766e-05
9568.0,5.168155541237379e-05
917.0,5.169650503985282e-05
16099.0,5.1811904235105747e-05
10980.0,5.18881295846838e-05
19337.0,5.1890519638210594e-05
10258.0,5.189208657684088e-05
12624.0,5.1923797687059856e-05
13889.0,5.193520638227572e-05
2413.0,5.195049953158721e-05
1818.0,5.197417351542862e-05
9684.0,5.197796435747499e-05
18389.0,5.201626805994801e-05
16632.0,5.2036308728181476e-05
13172.0,5.204932058467745e-05
10702.0,5.208065947870245e-05
7439.0,5.21121699165002e-05
6187.0,5.21309829250717e-05
4306.0,5.2167742204982854e-05
16663.0,5.217343437126656e-05
2821.0,5.218230120049605e-05
18258.0,5.223677395567094e-05
7824.0,5.2351781560559124e-05
12955.0,5.2356577555269775e-05
16894.0,5.238219649290173e-05
14762.0,5.238292793922631e-05
14109.0,5.239930153409424e-05
11436.0,5.2422900717415747e-05
16427.0,5.245429042225169e-05
6203.0,5.245470813762807e-05
13661.0,5.256642940521006e-05
8731.0,5.265824877894001e-05
15246.0,5.274984318330588e-05
16599.0,5.281284331482851e-05
9956.0,5.2946181007888485e-05
11469.0,5.303918814041997e-05
14483.0,5.3050144104626305e-05
5893.0,5.306713404605242e-05
6096.0,5.31289841965494e-05
14005.0,5.315486511308672e-05
19184.0,5.317886336209611e-05
13828.0,5.3180694174870204e-05
17989.0,5.328409750278768e-05
10995.0,5.3285425350998234e-05
14303.0,5.330278216720223e-05
3271.0,5.338526719285526e-05
17665.0,5.3412269095252926e-05
15344.0,5.343433253632316e-05
9720.0,5.34438630769325e-05
7487.0,5.3456380966624036e-05
7529.0,5.3461439531307646e-05
16654.0,5.349991742192444e-05
17143.0,5.353478416371075e-05
16119.0,5.355694440283129e-05
2896.0,5.35853176635257e-05
17337.0,5.359596414710556e-05
15950.0,5.35992525626737e-05
19267.0,5.363206585385075e-05
16877.0,5.365907663780266e-05
1260.0,5.3667836236282924e-05
4655.0,5.3689984253079606e-05
3131.0,5.3728294626432014e-05
19291.0,5.3739798054519124e-05
3270.0,5.384377001560137e-05
10094.0,5.386176892742183e-05
12658.0,5.39175250054955e-05
9464.0,5.394112294289414e-05
19178.0,5.396776927034832e-05
16557.0,5.3997391087722406e-05
15687.0,5.406059727497672e-05
7218.0,5.4072163142742195e-05
16311.0,5.408051888958485e-05
19310.0,5.409875168813893e-05
17051.0,5.428486798614718e-05
11272.0,5.431435946984856e-05
16563.0,5.43784715646081e-05
422.0,5.4412914657155835e-05
16226.0,5.4417830915051436e-05
17328.0,5.448097966981325e-05
9099.0,5.450409481163907e-05
16160.0,5.45058427616637e-05
5669.0,5.450815160127073e-05
13860.0,5.4543580280015725e-05
14552.0,5.455090994510276e-05
7442.0,5.4617819274597066e-05
16843.0,5.462116229750646e-05
11355.0,5.46318524341853e-05
16181.0,5.4666942795794276e-05
16028.0,5.4708808334355044e-05
14078.0,5.476684219360931e-05
2584.0,5.4773565003057224e-05
15375.0,5.480552711179063e-05
13943.0,5.488357233824054e-05
11231.0,5.4938448424922433e-05
1340.0,5.494981045359888e-05
6940.0,5.496156700377301e-05
14436.0,5.498378459021026e-05
5277.0,5.500048121870763e-05
11855.0,5.505153321115202e-05
1838.0,5.50929580149448e-05
8185.0,5.513665099631329e-05
19125.0,5.5182724789429565e-05
17454.0,5.521080999690319e-05
3963.0,5.521276523487444e-05
11296.0,5.525219151131509e-05
7673.0,5.540995306655523e-05
16535.0,5.543121332498612e-05
10855.0,5.5497738088207476e-05
16041.0,5.551357942474326e-05
14426.0,5.553596549443838e-05
17770.0,5.5542509112923326e-05
5145.0,5.5582221186565006e-05
17913.0,5.559941906109214e-05
13683.0,5.561332468892993e-05
2189.0,5.561502123808634e-05
17060.0,5.573773646169454e-05
8401.0,5.576135694611361e-05
4573.0,5.5781844407675706e-05
18233.0,5.579313952424257e-05
7190.0,5.5797538871237245e-05
19361.0,5.591181983586294e-05
6797.0,5.5930604755610486e-05
2630.0,5.5952224557930216e-05
10482.0,5.6027832628357345e-05
19150.0,5.606600263258541e-05
16247.0,5.6135742895570625e-05
16566.0,5.615662671120284e-05
15482.0,5.626104080989358e-05
5192.0,5.62969115069513e-05
11083.0,5.633848850094648e-05
5149.0,5.6368632935965364e-05
14438.0,5.637126539239231e-05
1160.0,5.6377437889810396e-05
6533.0,5.6413299694679735e-05
6045.0,5.647164320979247e-05
18244.0,5.654082111310801e-05
2325.0,5.660819794595236e-05
12484.0,5.6661456666432715e-05
16778.0,5.671523679285772e-05
2549.0,5.6779338947693e-05
14468.0,5.6834896927789776e-05
11660.0,5.6846169874462564e-05
5560.0,5.689834777849334e-05
7350.0,5.6927379136722545e-05
6.0,5.7031569031278514e-05
904.0,5.708680538697369e-05
11921.0,5.709722476152011e-05
17636.0,5.7144446903845216e-05
8435.0,5.717416646311294e-05
14580.0,5.72006527639606e-05
11419.0,5.7209468383719106e-05
17654.0,5.7264674105633875e-05
16104.0,5.72658069711285e-05
2235.0,5.731142246250893e-05
6763.0,5.734260395484534e-05
11422.0,5.738158212193655e-05
3405.0,5.74193030289712e-05
11414.0,5.751003086360561e-05
15388.0,5.758000047686583e-05
17579.0,5.758920336633825e-05
8777.0,5.76555169798309e-05
1387.0,5.769057550865692e-05
7989.0,5.774411852011898e-05
140.0,5.778051720492919e-05
19816.0,5.785011561573978e-05
18008.0,5.793489563147415e-05
17758.0,5.796079687123989e-05
11639.0,5.798306713710695e-05
16702.0,5.8016453035539945e-05
11396.0,5.810461564304864e-05
16759.0,5.825650935622172e-05
368.0,5.8340674357070226e-05
16383.0,5.8377031884702744e-05
13910.0,5.84326363268417e-05
1013.0,5.845896938856094e-05
6988.0,5.852151670123544e-05
6002.0,5.8559710680548386e-05
791.0,5.866219225765525e-05
14068.0,5.866226655284845e-05
1644.0,5.867747356043356e-05
10393.0,5.8678458992624286e-05
18371.0,5.8720338738897724e-05
5967.0,5.876366344873548e-05
9626.0,5.879213023155995e-05
11453.0,5.883326253121729e-05
13647.0,5.896495226172883e-05
17806.0,5.897317820709336e-05
11575.0,5.897831492483938e-05
14489.0,5.897877336166807e-05
12266.0,5.9043459371947095e-05
16211.0,5.905798257852376e-05
8749.0,5.9103018905918795e-05
17648.0,5.91497295580527e-05
12869.0,5.929416623586099e-05
18748.0,5.929631453792662e-05
16831.0,5.9327948427256385e-05
16227.0,5.938501962598423e-05
7290.0,5.938803179168609e-05
11602.0,5.943990960084115e-05
5316.0,5.946795929701297e-05
17046.0,5.948125301264813e-05
2317.0,5.949801683714871e-05
3386.0,5.951724049693416e-05
8443.0,5.9556848544775586e-05
8448.0,5.958439590486786e-05
16864.0,5.958567394392212e-05
17816.0,5.974102105783156e-05
7238.0,5.977369824503554e-05
16436.0,5.983517868747797e-05
10271.0,5.9857313357481354e-05
16964.0,5.986270320167251e-05
5851.0,5.99023817059571e-05
17990.0,5.9908207846288205e-05
4624.0,5.994911279320899e-05
11411.0,5.99780905929459e-05
16814.0,5.998874795733943e-05
14581.0,5.999472678557937e-05
8360.0,6.0046039336630484e-05
15670.0,6.00673866859396e-05
19568.0,6.008958011063812e-05
14284.0,6.0117716690014376e-05
318.0,6.02103535296141e-05
18692.0,6.0267799104223464e-05
679.0,6.029886312440619e-05
18622.0,6.0322537336847166e-05
17080.0,6.032360347170597e-05
1055.0,6.0333688773547366e-05
10854.0,6.0464125697682544e-05
8858.0,6.053870692880493e-05
10653.0,6.056855488404745e-05
11171.0,6.062755791366295e-05
933.0,6.06654421308275e-05
14910.0,6.06722600663184e-05
1643.0,6.067717566800592e-05
16087.0,6.070855557875589e-05
14487.0,6.071350875728388e-05
16431.0,6.0740230068469834e-05
16349.0,6.0763740654317046e-05
5763.0,6.077111085861205e-05
2836.0,6.081478114876575e-05
2631.0,6.0815675674411644e-05
9472.0,6.0850969358592285e-05
1178.0,6.093363550883064e-05
5977.0,6.098463483461987e-05
19876.0,6.1029024427040477e-05
6711.0,6.117404757360023e-05
9858.0,6.119721198737036e-05
11843.0,6.121591148763053e-05
6148.0,6.122063406103038e-05
13892.0,6.139577501663734e-05
1281.0,6.143699087721509e-05
11427.0,6.149995373365142e-05
11698.0,6.159487623168565e-05
14305.0,6.173606894940507e-05
7570.0,6.181526047724014e-05
19084.0,6.19037301017417e-05
1302.0,6.192526372800958e-05
11697.0,6.1956727861813e-05
16273.0,6.216079951471226e-05
10632.0,6.21775102095192e-05
13996.0,6.219202611289667e-05
19924.0,6.224751169418601e-05
8783.0,6.231937700475562e-05
2447.0,6.240985203512823e-05
4451.0,6.244304569332088e-05
17523.0,6.246650300573387e-05
3598.0,6.247719745535767e-05
16348.0,6.25075551631213e-05
8821.0,6.251264031271274e-05
505.0,6.25298173561846e-05
2034.0,6.255268619623715e-05
5775.0,6.255931266823306e-05
16204.0,6.257567887053912e-05
16769.0,6.257661857937448e-05
10257.0,6.263209689867403e-05
13918.0,6.265356829745812e-05
30.0,6.266716531568353e-05
696.0,6.269600653134462e-05
7384.0,6.272195187423344e-05
5142.0,6.274615128200003e-05
19783.0,6.285705220347243e-05
1109.0,6.290515486897292e-05
1881.0,6.291200304029483e-05
17704.0,6.292238100618605e-05
3000.0,6.307382194950336e-05
19092.0,6.309258867517755e-05
4370.0,6.336844863847963e-05
8242.0,6.338886207264542e-05
17506.0,6.338930296887752e-05
8327.0,6.358990882767146e-05
11831.0,6.362283532800855e-05
16860.0,6.370260312203689e-05
7949.0,6.374058907182242e-05
16250.0,6.382264449802964e-05
5433.0,6.391186751800174e-05
5921.0,6.391434834228697e-05
9276.0,6.408945528370138e-05
4847.0,6.412069451399184e-05
1325.0,6.413841675347478e-05
7287.0,6.414510476490392e-05
14480.0,6.41665282632983e-05
13649.0,6.420630528405567e-05
7165.0,6.422464499680094e-05
19416.0,6.423082810937636e-05
5276.0,6.429413715895254e-05
10347.0,6.43138497955407e-05
17510.0,6.435575870751082e-05
11925.0,6.440587496789096e-05
10289.0,6.440702967185782e-05
10292.0,6.443104921020044e-05
7125.0,6.44741653047003e-05
9891.0,6.452584889767876e-05
15329.0,6.457553280068291e-05
13419.0,6.461223083348809e-05
14295.0,6.46198479111623e-05
11166.0,6.4669682815872e-05
6075.0,6.467558094319054e-05
3019.0,6.478749451468922e-05
12612.0,6.482731075029428e-05
11820.0,6.482887040703644e-05
13548.0,6.48337939562128e-05
15190.0,6.489468541666989e-05
17243.0,6.489611235714604e-05
11145.0,6.490269953079665e-05
10961.0,6.491267326730744e-05
3109.0,6.492600680912437e-05
11755.0,6.496831184726713e-05
11926.0,6.4996493063057e-05
18481.0,6.500464009679113e-05
16848.0,6.50329456875871e-05
16125.0,6.505914699690186e-05
10350.0,6.508676941630359e-05
17620.0,6.510510629008694e-05
18749.0,6.514999357172874e-05
9660.0,6.515376172748353e-05
16326.0,6.516631567554383e-05
11769.0,6.516677586050549e-05
863.0,6.520467011872129e-05
16753.0,6.52345843249678e-05
2895.0,6.528702723186719e-05
12474.0,6.532740527421847e-05
11275.0,6.535909507422982e-05
17634.0,6.548437616123068e-05
11088.0,6.556770062860462e-05
6352.0,6.557531642384716e-05
13491.0,6.55986111948786e-05
5272.0,6.577438593407312e-05
16684.0,6.584107352559209e-05
19640.0,6.58426686596017e-05
16116.0,6.597945633576644e-05
10407.0,6.604115904518513e-05
804.0,6.611142072246304e-05
19865.0,6.615466695005125e-05
16390.0,6.61556075901094e-05
13474.0,6.617840794792551e-05
15965.0,6.640016089174563e-05
10742.0,6.649599347073627e-05
2505.0,6.6506909700401e-05
17493.0,6.65621890446476e-05
15630.0,6.658698812575955e-05
2749.0,6.659231935745497e-05
550.0,6.662011612680706e-05
19158.0,6.662414210627044e-05
356.0,6.662548851984992e-05
15995.0,6.665568094109358e-05
257.0,6.677150356159194e-05
6948.0,6.678236562247485e-05
921.0,6.683830332547742e-05
15835.0,6.689403842825008e-05
8165.0,6.689508977952633e-05
1336.0,6.691533587582945e-05
11837.0,6.708349757507451e-05
17681.0,6.708710655659718e-05
19345.0,6.721184292938501e-05
13754.0,6.722239769775518e-05
1856.0,6.729997523575097e-05
16833.0,6.736498210938058e-05
7888.0,6.743097453668002e-05
1365.0,6.74486012488913e-05
16650.0,6.749524477634431e-05
17754.0,6.749691059601314e-05
6889.0,6.751543137721915e-05
9583.0,6.753074658842235e-05
7403.0,6.754357046190932e-05
1353.0,6.76029610252426e-05
6971.0,6.762204131243811e-05
16681.0,6.773998710924772e-05
8127.0,6.777906500020512e-05
9116.0,6.789793007354904e-05
11923.0,6.798391550449252e-05
19607.0,6.799385337591544e-05
10949.0,6.801624324558284e-05
14120.0,6.816678027228916e-05
8703.0,6.82417849807916e-05
670.0,6.824775828716914e-05
6993.0,6.82698565731699e-05
15572.0,6.833346681228656e-05
11384.0,6.835945026954463e-05
18278.0,6.83648337675313e-05
9651.0,6.853182138244834e-05
16030.0,6.869390833202543e-05
11246.0,6.86984094776549e-05
375.0,6.879813857235434e-05
16441.0,6.888589186666592e-05
11528.0,6.894429847797333e-05
19107.0,6.898400514179629e-05
13885.0,6.917222687482354e-05
16187.0,6.921543973358766e-05
16034.0,6.921575426078567e-05
16480.0,6.927973987265229e-05
12948.0,6.939562714890655e-05
18681.0,6.940488553527983e-05
5229.0,6.944346905096913e-05
3771.0,6.946309658872065e-05
2985.0,6.969378788370713e-05
4774.0,6.972004999918814e-05
19060.0,6.986590356055574e-05
4040.0,7.001605796457776e-05
16934.0,7.00418843897475e-05
10394.0,7.01200193418571e-05
384.0,7.013665843753126e-05
16229.0,7.019461056155361e-05
10375.0,7.021974476584632e-05
15054.0,7.035052796502642e-05
11598.0,7.040155726491178e-05
3463.0,7.046416122230543e-05
17635.0,7.04934051464436e-05
8124.0,7.049426867902616e-05
698.0,7.050413465037555e-05
16586.0,7.052456569720512e-05
17741.0,7.061010691009482e-05
17792.0,7.063711095911426e-05
14498.0,7.067849549347378e-05
17568.0,7.074008868127573e-05
17573.0,7.088944132542292e-05
3316.0,7.08949968704028e-05
17462.0,7.095472403427333e-05
1053.0,7.099777487808818e-05
19631.0,7.100673645203887e-05
16767.0,7.103416951697116e-05
15960.0,7.110117813747457e-05
17946.0,7.112790945037749e-05
245.0,7.113828295647515e-05
460.0,7.13904376555369e-05
16809.0,7.151218147558212e-05
16050.0,7.156323242315037e-05
14536.0,7.156803270514533e-05
17135.0,7.156983011633673e-05
1003.0,7.167186648564506e-05
2424.0,7.169909436133898e-05
10401.0,7.170676753854906e-05
2523.0,7.171021057772042e-05
13687.0,7.177625719558366e-05
19752.0,7.18217554675551e-05
217.0,7.184278508041906e-05
17939.0,7.187277588382274e-05
13331.0,7.195221657661518e-05
17071.0,7.198573635760951e-05
7283.0,7.205125441730445e-05
14760.0,7.213300274615489e-05
3185.0,7.228549709810174e-05
17441.0,7.233320886150205e-05
11858.0,7.243861793102774e-05
17833.0,7.266464958032399e-05
17920.0,7.26865033061002e-05
5674.0,7.274889553702194e-05
14806.0,7.2771347121346e-05
17626.0,7.282756733591138e-05
11773.0,7.290344130698636e-05
16046.0,7.300221940293953e-05
17432.0,7.304137235583495e-05
13963.0,7.317098706751063e-05
7967.0,7.328075024690885e-05
15325.0,7.329752819538474e-05
7993.0,7.339850110930991e-05
7444.0,7.341376030288232e-05
11932.0,7.34226340300667e-05
9921.0,7.342741849409157e-05
17658.0,7.350427964374357e-05
11872.0,7.353043113483476e-05
14497.0,7.353832144003023e-05
125.0,7.361011412059852e-05
7772.0,7.36468894011608e-05
6280.0,7.367762846173768e-05
16440.0,7.368260559508408e-05
17308.0,7.368774723346167e-05
11845.0,7.383277701160933e-05
16318.0,7.397136559676403e-05
17569.0,7.398157605502323e-05
11746.0,7.398760747736307e-05
3104.0,7.402393157329998e-05
1393.0,7.408962273953969e-05
19156.0,7.434360431313388e-05
16195.0,7.440813293752994e-05
9507.0,7.462269102808644e-05
18257.0,7.464713647015478e-05
5993.0,7.473919223786731e-05
14522.0,7.476630180934247e-05
529.0,7.479949728758119e-05
18948.0,7.484399449665354e-05
16136.0,7.489319446422076e-05
13127.0,7.489873057405912e-05
6426.0,7.502299944304314e-05
17495.0,7.503173057808178e-05
17809.0,7.505177859265032e-05
11723.0,7.505890229495586e-05
2726.0,7.50629261289876e-05
15808.0,7.508518712744928e-05
16720.0,7.511302074747283e-05
12018.0,7.525032273580348e-05
17025.0,7.554365740984887e-05
7802.0,7.565404284996607e-05
11138.0,7.566225693598851e-05
19542.0,7.570157485066047e-05
19531.0,7.571620668154557e-05
1453.0,7.572219413123164e-05
11104.0,7.579994486986116e-05
6446.0,7.592199678682864e-05
9966.0,7.603791761905742e-05
19745.0,7.608690660088588e-05
2200.0,7.610867582474096e-05
6246.0,7.611560723163196e-05
19866.0,7.613978065240799e-05
8515.0,7.614438684152063e-05
16575.0,7.615192392099941e-05
16513.0,7.618269608049723e-05
18947.0,7.631042675849309e-05
6302.0,7.631232216571846e-05
16164.0,7.634229489886536e-05
9426.0,7.642410685539442e-05
17726.0,7.644223614354398e-05
11861.0,7.644518949637124e-05
7219.0,7.653240003869812e-05
19828.0,7.655932519438436e-05
17177.0,7.672283344960682e-05
17892.0,7.68430947663811e-05
13662.0,7.685821257772698e-05
325.0,7.690057731407428e-05
1124.0,7.690628666731407e-05
16379.0,7.690636455672366e-05
18038.0,7.705303838032649e-05
17226.0,7.707463785565903e-05
14081.0,7.716240029153877e-05
101.0,7.720605315243747e-05
11534.0,7.722999211501093e-05
7246.0,7.727817139622268e-05
1364.0,7.728660762427464e-05
11895.0,7.734219815206422e-05
15156.0,7.736749962016598e-05
19502.0,7.744108689132946e-05
6484.0,7.7562372903792e-05
6838.0,7.761561871166328e-05
10937.0,7.76493089196668e-05
19101.0,7.766607966068492e-05
6018.0,7.772195363302392e-05
14308.0,7.779903844521491e-05
6456.0,7.785192631030188e-05
15198.0,7.788588844200687e-05
18879.0,7.800674503907455e-05
13909.0,7.80201246739413e-05
8506.0,7.802735086258111e-05
11099.0,7.803609037592787e-05
6899.0,7.817983718465458e-05
3036.0,7.820165756807216e-05
18670.0,7.823743265079876e-05
9963.0,7.830127932594648e-05
10323.0,7.841512659085547e-05
10623.0,7.847148688625065e-05
7508.0,7.849074196949064e-05
7388.0,7.866439705405218e-05
16254.0,7.869185405259455e-05
16258.0,7.870872543332412e-05
13849.0,7.873179474091535e-05
16448.0,7.873896111160106e-05
9586.0,7.885426644161481e-05
7582.0,7.891424459667062e-05
14435.0,7.910971212330849e-05
5686.0,7.912080561004843e-05
15646.0,7.921863932408216e-05
16308.0,7.925896871322088e-05
18965.0,7.926939800315259e-05
10262.0,7.930416938683725e-05
19583.0,7.930910048304435e-05
11175.0,7.93584059347519e-05
5909.0,7.9408951636941e-05
12661.0,7.943008710577167e-05
11430.0,7.947892835093238e-05
17873.0,7.950152860131471e-05
15286.0,7.950383023314718e-05
4829.0,7.959415396036831e-05
3028.0,7.972369088895002e-05
3427.0,7.985135127191548e-05
19173.0,7.990288444909302e-05
15284.0,7.991892364569056e-05
16678.0,7.997068498295954e-05
19047.0,7.999731005984111e-05
17926.0,8.008021633251507e-05
17828.0,8.009754556608659e-05
15815.0,8.011198219920143e-05
13579.0,8.015065015901768e-05
17618.0,8.018982347552895e-05
16915.0,8.020274239177534e-05
5630.0,8.0500071359658e-05
4014.0,8.050960509670558e-05
3155.0,8.054600312761092e-05
16393.0,8.060173826428095e-05
16960.0,8.07272527662864e-05
17365.0,8.075768435928123e-05
17879.0,8.076753259330261e-05
2329.0,8.081822839671243e-05
16890.0,8.083287982485386e-05
15750.0,8.097719173619674e-05
11778.0,8.102175078904226e-05
19153.0,8.111128576666557e-05
19324.0,8.118941085478818e-05
5980.0,8.12049524289318e-05
5098.0,8.124735739849466e-05
13868.0,8.135836014032392e-05
16849.0,8.1369630374009e-05
5998.0,8.138782250378482e-05
11343.0,8.142300872169848e-05
19410.0,8.144424169822361e-05
11863.0,8.144838259828283e-05
18186.0,8.147905363207573e-05
11797.0,8.159973282077587e-05
10977.0,8.178955886559004e-05
15125.0,8.18358456868318e-05
11982.0,8.188677442912483e-05
19309.0,8.193507272617734e-05
8520.0,8.19699326603218e-05
6883.0,8.198129041140623e-05
1992.0,8.20554453012538e-05
11568.0,8.214297580892088e-05
11518.0,8.214544256128839e-05
10403.0,8.216635374598e-05
16545.0,8.219637364796206e-05
17890.0,8.253972823764067e-05
13940.0,8.255429196701175e-05
11594.0,8.25747490973867e-05
7289.0,8.270739067494334e-05
5640.0,8.296422175784311e-05
16593.0,8.297904521944106e-05
14070.0,8.301478734863121e-05
15785.0,8.306315299146379e-05
16294.0,8.316678834723112e-05
4260.0,8.32035600123858e-05
16947.0,8.33439571812564e-05
8211.0,8.3361777353037e-05
16293.0,8.337172321041828e-05
1071.0,8.338248598407654e-05
9475.0,8.343365136383265e-05
17772.0,8.351001816011842e-05
16469.0,8.353981098753806e-05
16438.0,8.383497375313308e-05
14478.0,8.402650596159955e-05
14100.0,8.41719409017803e-05
5860.0,8.451802930848349e-05
15496.0,8.453317765672104e-05
15495.0,8.458977567558777e-05
7232.0,8.46156650908078e-05
10252.0,8.463683089782086e-05
1308.0,8.46502030009916e-05
13483.0,8.468160798829809e-05
15884.0,8.470146430204729e-05
16550.0,8.475204863430106e-05
963.0,8.481541495773967e-05
11190.0,8.497318147666163e-05
11852.0,8.510372553184036e-05
8068.0,8.524837584332884e-05
5667.0,8.534045169010433e-05
5701.0,8.555762453584903e-05
11151.0,8.558133425383809e-05
18895.0,8.570064914547566e-05
15935.0,8.575754336492571e-05
1330.0,8.57862136901795e-05
11550.0,8.579809162839333e-05
18848.0,8.583227900934898e-05
15014.0,8.584238903864431e-05
251.0,8.589280873593698e-05
2719.0,8.602082967939534e-05
7065.0,8.606582287639916e-05
16742.0,8.60661259005841e-05
16510.0,8.614826393186432e-05
10463.0,8.62092349864798e-05
10383.0,8.622081125267869e-05
16755.0,8.641988060914642e-05
53.0,8.642774057429296e-05
13851.0,8.654216597262704e-05
11912.0,8.667541511341206e-05
6131.0,8.671048754758012e-05
5848.0,8.691694157814148e-05
1348.0,8.698431133377474e-05
9474.0,8.706997194310779e-05
16651.0,8.707933052248195e-05
19708.0,8.721702329267515e-05
18920.0,8.737317714891794e-05
15164.0,8.74054995583872e-05
2687.0,8.742001148293009e-05
16127.0,8.744339740316488e-05
8449.0,8.759180343106069e-05
19599.0,8.766546032393086e-05
11683.0,8.769813475216009e-05
5417.0,8.802913016010433e-05
2024.0,8.808596882324966e-05
11646.0,8.811239108360551e-05
18283.0,8.825786349199934e-05
1647.0,8.828879358156165e-05
5762.0,8.829962499107761e-05
7180.0,8.83624469681311e-05
11352.0,8.841619587263634e-05
2569.0,8.845981219322266e-05
1411.0,8.866315464674983e-05
14494.0,8.86791460076957e-05
5688.0,8.876989940995746e-05
11519.0,8.878717000105731e-05
11659.0,8.882545815958173e-05
17028.0,8.88467016363779e-05
16237.0,8.921770435698883e-05
16631.0,8.923661976532319e-05
16381.0,8.927511891260024e-05
11997.0,8.947396910443245e-05
13290.0,8.950104462253488e-05
14515.0,8.957184206619233e-05
17123.0,8.982192662878577e-05
18501.0,8.98219527465881e-05
694.0,8.983467947494284e-05
15490.0,8.987239705215024e-05
19210.0,8.992297221129306e-05
14066.0,9.006251699432512e-05
18683.0,9.022107101641688e-05
19224.0,9.027778013211311e-05
272.0,9.035308122891442e-05
13914.0,9.062289952264142e-05
12646.0,9.064008310910055e-05
16874.0,9.070526883500205e-05
15643.0,9.08409282827783e-05
19899.0,9.099570390791632e-05
14541.0,9.102182319904738e-05
873.0,9.103846020728102e-05
8303.0,9.113672231044749e-05
556.0,9.115589206997578e-05
19785.0,9.11847098182675e-05
6787.0,9.12371436253133e-05
17981.0,9.137731582864706e-05
17448.0,9.143447827636958e-05
10062.0,9.146579818584226e-05
8457.0,9.152956214212664e-05
10366.0,9.179546625987573e-05
7663.0,9.18729239035505e-05
16865.0,9.194209304748444e-05
17894.0,9.202585920711769e-05
16447.0,9.22090378802383e-05
1758.0,9.222150878241433e-05
17181.0,9.226366271394865e-05
17468.0,9.233439090977218e-05
2137.0,9.235849006589603e-05
274.0,9.239322012078422e-05
17237.0,9.26365271567881e-05
3767.0,9.269231732830513e-05
11178.0,9.273531625834758e-05
8705.0,9.280744268398349e-05
14571.0,9.287069320649658e-05
11605.0,9.29241771460205e-05
18202.0,9.30029519842276e-05
2874.0,9.300394170624558e-05
16977.0,9.302644403999889e-05
3765.0,9.312450526218845e-05
12051.0,9.322107691476131e-05
16377.0,9.322390328445481e-05
7585.0,9.336088706336975e-05
17637.0,9.357692647079807e-05
15521.0,9.360478007959722e-05
655.0,9.372051017610113e-05
12655.0,9.376365175009862e-05
16861.0,9.389345357496791e-05
602.0,9.423228225832503e-05
4302.0,9.426072952926589e-05
1363.0,9.442982655176905e-05
11342.0,9.444917534460632e-05
17227.0,9.460522414289598e-05
14588.0,9.476255812395284e-05
8747.0,9.483915271269904e-05
16878.0,9.494999327784092e-05
9705.0,9.502473460880149e-05
9576.0,9.52704217474484e-05
7543.0,9.55661901955718e-05
18188.0,9.571609744962445e-05
9706.0,9.578859321814983e-05
2414.0,9.582071069898542e-05
17613.0,9.582420877466486e-05
15398.0,9.615266727760749e-05
17465.0,9.615499469046913e-05
8408.0,9.622364368332012e-05
15241.0,9.632659028581902e-05
17423.0,9.634045273675626e-05
17160.0,9.634715298036425e-05
6378.0,9.635188511617671e-05
9679.0,9.637799886500764e-05
18334.0,9.648109423437497e-05
17546.0,9.653815094382541e-05
6262.0,9.660176975655176e-05
17047.0,9.664952294989266e-05
18318.0,9.665955992474616e-05
17164.0,9.67956100905288e-05
17566.0,9.695808772700616e-05
17033.0,9.698984740749661e-05
19797.0,9.699925178070937e-05
14288.0,9.706069950419126e-05
15417.0,9.706636462370166e-05
223.0,9.715789959725742e-05
13240.0,9.71774827446787e-05
4468.0,9.718729289484617e-05
919.0,9.726951473550188e-05
17724.0,9.735608220545625e-05
16819.0,9.752684433994479e-05
18863.0,9.75305793815809e-05
13929.0,9.761539952510567e-05
15265.0,9.772585013661427e-05
2220.0,9.77442108310393e-05
17324.0,9.78039429216719e-05
10912.0,9.792166594016792e-05
16334.0,9.792732215563999e-05
19139.0,9.798287057903507e-05
354.0,9.81639149443324e-05
16624.0,9.827009843269727e-05
17156.0,9.838517713896898e-05
19376.0,9.852167321366647e-05
1429.0,9.880244705627791e-05
17979.0,9.888719123945184e-05
6126.0,9.893243435552875e-05
16710.0,9.916876536050605e-05
11839.0,9.91794532557464e-05
7823.0,9.919954564180855e-05
2445.0,9.922082765416091e-05
16668.0,9.928023917736628e-05
12654.0,9.934358537104572e-05
11044.0,9.952313976790362e-05
9995.0,9.957114969629895e-05
8521.0,9.958080775862395e-05
15416.0,9.96022918299786e-05
17417.0,9.967912319835301e-05
2478.0,9.989349597435673e-05
18892.0,9.994242513816259e-05
857.0,0.00010008657599152523
10827.0,0.00010016306399330668
10910.0,0.00010018484279654444
273.0,0.00010028844703071415
5759.0,0.00010037048875391037
16052.0,0.00010041244452442504
14447.0,0.00010045245561171161
15492.0,0.00010050292889544328
8164.0,0.00010065116521430496
19573.0,0.00010094581907462458
11331.0,0.00010113565557576907
7464.0,0.00010116766326168563
14300.0,0.00010119809606208242
15925.0,0.00010132579941189436
17014.0,0.00010187406105071115
4293.0,0.00010241660795903112
10819.0,0.00010258627916749633
11813.0,0.00010280867505426423
17490.0,0.00010287733211954226
15751.0,0.00010296072273693019
19468.0,0.0001030371674109554
11105.0,0.00010305720531909247
16957.0,0.00010309639755450187
11165.0,0.00010334750291194973
19038.0,0.0001033919626846429
5233.0,0.000103737366678858
10990.0,0.00010377461357984859
10771.0,0.00010384562283687473
860.0,0.0001038728662620227
15842.0,0.00010389407466491205
19215.0,0.00010399377717775178
15025.0,0.0001040457028597266
7690.0,0.00010406191042735854
3500.0,0.00010414246218175571
16802.0,0.00010448585484628089
16854.0,0.00010472997102904478
15769.0,0.00010481103828996118
14504.0,0.00010497135560610964
11128.0,0.00010522754271508177
2037.0,0.00010549794318362316
19115.0,0.00010555059241947947
16488.0,0.00010579536059999953
9969.0,0.00010582040131512629
333.0,0.00010582717843694246
8686.0,0.00010594496795220049
15783.0,0.00010605965275778685
2029.0,0.00010607892476142755
14871.0,0.00010632348133113256
16555.0,0.0001064582510414559
16220.0,0.00010648819274839556
5951.0,0.0001066060947479375
17357.0,0.00010661814330031095
15445.0,0.00010676440874860079
13258.0,0.00010681691865811119
10638.0,0.00010691193565460343
1665.0,0.00010705601049336577
11564.0,0.00010720620747547201
9857.0,0.00010723490617268136
7530.0,0.00010737174314287208
11656.0,0.00010740589171643335
9578.0,0.00010777534874991129
11523.0,0.00010778544198490856
3179.0,0.0001078973318726222
19108.0,0.00010808945593433215
16368.0,0.00010820875607199492
18066.0,0.00010830020091670161
14296.0,0.00010834606978387271
1060.0,0.00010840581770525864
14027.0,0.00010865123104624245
6327.0,0.00010868016143266195
10739.0,0.0001088199996435176
18431.0,0.00010884431386985402
11981.0,0.00010885267989907933
10093.0,0.00010898996088294645
3172.0,0.00010906010910153041
15114.0,0.00010925488003357253
16268.0,0.00010931437926442716
9659.0,0.0001093576297607028
11799.0,0.00010943898704777096
9629.0,0.00010965215717450986
11337.0,0.00010976956236548564
16354.0,0.00010998126041061599
19349.0,0.00011003977047488477
5664.0,0.00011007508782881717
3823.0,0.00011022743659256745
11038.0,0.00011059701566501034
1938.0,0.00011106293834600252
15819.0,0.00011130357650248224
15506.0,0.00011150530833269454
3054.0,0.00011166896312578768
16276.0,0.0001117669987495349
8667.0,0.0001121107909956232
19732.0,0.00011217879761643881
9509.0,0.00011221088527704783
17575.0,0.00011225060625453948
8043.0,0.00011234003320127654
18434.0,0.00011256383284342663
19097.0,0.00011273310180688991
7624.0,0.00011279335838607223
17257.0,0.00011317852925191404
8469.0,0.00011319222929668244
15779.0,0.0001134955383418017
19520.0,0.00011365497791830567
15351.0,0.00011372416432273558
16576.0,0.00011405367131665579
323.0,0.00011414990540783514
13690.0,0.00011416519837800177
7946.0,0.000114218655802125
10355.0,0.00011436099326164266
5643.0,0.00011468617531846787
16954.0,0.00011478173300193698
5232.0,0.0001147923226544949
1342.0,0.00011491596672970481
7078.0,0.00011493374719976236
17599.0,0.00011493765881116803
11613.0,0.00011496137510390119
6487.0,0.00011505545952649485
12033.0,0.00011506047099386255
12642.0,0.00011556580695056512
18028.0,0.00011565414888801683
17293.0,0.0001156832320227508
16636.0,0.00011582181555755807
18192.0,0.00011606891275497256
16486.0,0.00011608209384233492
1409.0,0.000116143375665377
16666.0,0.00011616137484648414
16147.0,0.00011629384909660678
11269.0,0.0001167485021106908
17650.0,0.00011675814258135483
10741.0,0.00011678136645575686
968.0,0.00011687483372284492
14446.0,0.0001169239723445252
16616.0,0.00011698354562200664
13422.0,0.00011705792324667231
3156.0,0.00011726741566945089
1347.0,0.00011733298373258478
16933.0,0.00011757236177567881
16787.0,0.00011774275277560663
10437.0,0.00011798250369679651
17221.0,0.0001179956886881607
9221.0,0.0001180061690841075
7268.0,0.00011817229179665974
1764.0,0.00011821972747538242
10429.0,0.00011847493818289557
5434.0,0.00011879866434171835
10391.0,0.00011890879707915453
13793.0,0.00011914052068425233
17403.0,0.00011915665708386191
15480.0,0.00011920891250600672
4291.0,0.00011926670061743006
16282.0,0.00011933538573616199
1386.0,0.00011935484542010713
5653.0,0.0001194025967599327
16296.0,0.00011962080548773509
16223.0,0.00011993704788971971
17740.0,0.00012003762518731117
9903.0,0.00012006529672024975
15421.0,0.00012019019476548564
6407.0,0.00012032530377351118
13891.0,0.00012034742109054789
5901.0,0.00012054003012418005
18958.0,0.00012077043485087968
4185.0,0.00012092676876088849
16228.0,0.00012094156998432671
2071.0,0.0001213014380362156
8400.0,0.00012142909132860453
14590.0,0.00012153518011874897
11969.0,0.00012172519367679528
16384.0,0.00012185084083034583
11905.0,0.00012188473523032543
18422.0,0.00012198812417220733
16140.0,0.00012199255993221304
19364.0,0.00012209343006629506
11224.0,0.00012212047817987387
8809.0,0.00012258592355602382
15124.0,0.0001228245890749193
7881.0,0.00012294831634568758
9968.0,0.0001230790399424217
2151.0,0.00012328223771157636
19221.0,0.00012328380650796023
16922.0,0.00012356963363715592
11068.0,0.00012358550727157664
19486.0,0.000123695554810402
307.0,0.0001237908387489249
9628.0,0.00012400856348936977
1182.0,0.00012444874258697307
10386.0,0.00012446660895729716
5157.0,0.00012463734190597665
8066.0,0.00012463888718528815
17180.0,0.00012468951203038718
16719.0,0.00012473698435446208
14437.0,0.00012506654408576043
16887.0,0.0001251242592343136
9483.0,0.0001253077678837898
11985.0,0.00012531868597486412
629.0,0.00012535011109050847
19704.0,0.00012535687015345544
4099.0,0.00012545938945390892
6968.0,0.00012576428021098362
6146.0,0.000126077761823438
2449.0,0.00012614372176318487
5945.0,0.0001261542493133256
5986.0,0.00012631651998967357
11100.0,0.00012660676387516925
16940.0,0.00012664713680842854
8195.0,0.00012679780240407268
9674.0,0.0001268493989826068
17190.0,0.00012687879734286385
11051.0,0.0001269040503742201
16851.0,0.00012699891064711657
17856.0,0.0001272892351497706
18569.0,0.00012745600297610606
5641.0,0.0001275851427443245
8095.0,0.00012762066325179553
16421.0,0.00012770904068046236
6106.0,0.00012774289967993374
5634.0,0.00012780781843690247
13233.0,0.00012804114337396156
1909.0,0.0001280502143309685
18918.0,0.00012809134584152536
13900.0,0.0001282890949499497
16855.0,0.00012832699394261417
214.0,0.00012856003300221964
6896.0,0.00012873861584214162
19368.0,0.00012897640429271277
4399.0,0.000128988754922628
11736.0,0.0001291125386934502
2568.0,0.00012925902969944042
15170.0,0.00012974879388236892
2689.0,0.0001301248780287161
8007.0,0.00013023550548564258
18872.0,0.00013023830192899078
12024.0,0.00013028962023011001
7500.0,0.0001303000559447521
16252.0,0.00013038368425419722
6138.0,0.00013054823751029604
6498.0,0.00013062915729700737
18173.0,0.00013074914451930472
15727.0,0.00013076379643630796
17727.0,0.00013093629361543845
10396.0,0.00013096335092380745
16290.0,0.00013113952976716165
16186.0,0.00013117648000908548
13250.0,0.00013129396538598078
19122.0,0.0001313482024032613
17229.0,0.00013241185515021513
8424.0,0.00013256040755706047
16994.0,0.00013263751018625838
16267.0,0.00013272272610307732
10457.0,0.00013280047490346947
18564.0,0.00013287535602195648
11542.0,0.000133163376694895
16856.0,0.00013328615210576647
16792.0,0.00013355243413777998
11370.0,0.00013357312027171617
1668.0,0.00013390491476358718
10274.0,0.00013411591942463612
1878.0,0.00013427144236603222
16689.0,0.000134279818177759
9570.0,0.00013429965143702053
11103.0,0.00013433024288810258
11242.0,0.00013438510147280297
14116.0,0.0001345312393074116
16682.0,0.00013460031267346974
17061.0,0.00013477769804018312
16735.0,0.00013496987138832445
7706.0,0.00013507201526196687
17553.0,0.00013529674481838687
15104.0,0.0001355885752036885
16336.0,0.00013569081553155285
11198.0,0.0001359795291849553
12065.0,0.0001361084445094799
16744.0,0.00013624479766510489
13684.0,0.0001365007498041861
5974.0,0.0001367250598178716
16790.0,0.0001368472892189898
2683.0,0.00013709983096845576
17826.0,0.00013724879631191135
10402.0,0.00013750852762893845
17545.0,0.0001375759565597688
11901.0,0.00013758324074070847
17183.0,0.00013772727210572218
16009.0,0.00013818712693514684
948.0,0.00013834269579406967
12664.0,0.00013838218679619292
18338.0,0.00013848416057655119
19079.0,0.0001390153263060171
6012.0,0.00013943659950270429
18370.0,0.00013953355087154728
19181.0,0.000140267632264834
1140.0,0.000140503674755547
16965.0,0.00014068441265780235
8438.0,0.0001407057493237142
17438.0,0.00014096763248061617
16863.0,0.00014118713828314945
741.0,0.00014124919524165298
13590.0,0.0001412724579761491
8447.0,0.00014152586946763107
9480.0,0.00014153939795443933
16126.0,0.00014180437624196422
1448.0,0.00014196952919583606
9471.0,0.0001420743495140052
16723.0,0.00014208036341337784
11836.0,0.00014229587996625656
13788.0,0.0001427520952121264
5849.0,0.00014300034309522756
10352.0,0.00014327927370772205
1530.0,0.00014345966995022236
15831.0,0.00014352270002384454
6645.0,0.00014362775948786446
13676.0,0.00014399859534913148
6690.0,0.00014443755705025073
14089.0,0.00014464829919936064
7860.0,0.000144951790357089
13887.0,0.00014511246587595007
17641.0,0.0001451319123056839
14307.0,0.00014541611270373322
11979.0,0.00014543999924606884
16583.0,0.00014553351537614095
16283.0,0.00014558159982838042
11049.0,0.0001456928194995115
11728.0,0.0001461941925846583
18788.0,0.00014636524341130595
12472.0,0.0001464250768443503
1309.0,0.0001473436715605138
16322.0,0.0001475517030666223
13612.0,0.0001482232846193479
16774.0,0.00014828066394946047
15257.0,0.000148294843197546
4290.0,0.00014838736632838702
17034.0,0.00014847796777223105
6863.0,0.0001485492168899322
14791.0,0.00014873516598799615
16701.0,0.00014879534034472014
4704.0,0.00014916833342501135
16128.0,0.00014982100089941383
14737.0,0.0001498295526571182
14506.0,0.00014987142487562564
11461.0,0.00014993346266991826
4638.0,0.00015002128920216609
8192.0,0.0001501212281789579
16274.0,0.00015035898118578224
5271.0,0.00015040167129592706
7210.0,0.00015045053183978364
4364.0,0.00015095365179526541
16788.0,0.00015096970305939256
18805.0,0.0001509830459907961
16378.0,0.00015105600213168185
11692.0,0.00015112391549834407
13572.0,0.0001513204588219676
17219.0,0.0001515284312545026
17397.0,0.0001522549288516657
19407.0,0.0001523333720769056
17503.0,0.0001524256776119365
543.0,0.0001526472403658658
10433.0,0.00015280989947350526
10057.0,0.00015287758338360254
2735.0,0.00015295258746630096
15260.0,0.00015371346213531123
2727.0,0.0001537413713527381
11919.0,0.0001537419676601841
17715.0,0.00015384436096341276
14496.0,0.0001539288709112642
17351.0,0.0001541450770616603
16630.0,0.00015436795148174374
16754.0,0.00015453291273882045
10928.0,0.00015460561106522757
16161.0,0.00015483601153318036
17019.0,0.0001556685714452606
15747.0,0.00015580867021164062
19870.0,0.00015585914979713943
11533.0,0.0001559996836292168
5677.0,0.00015607414099386204
16655.0,0.0001565019020266471
19172.0,0.0001570796216487845
5876.0,0.0001571711917097752
11522.0,0.00015830563873027673
17524.0,0.0001586352766654621
5976.0,0.000158874851044538
8320.0,0.0001589712560977809
8233.0,0.00015911959832565152
19755.0,0.00015940022388174558
19055.0,0.00015955184700986764
11094.0,0.00015963726728107717
11298.0,0.00015978023152989526
1361.0,0.00015981484555147396
5638.0,0.00016028179836831722
5273.0,0.00016043238790971852
19685.0,0.00016097180334696836
8423.0,0.0001620624967880627
17457.0,0.00016215846885545416
5896.0,0.00016257416969342743
4307.0,0.00016257693686808544
17647.0,0.00016258382695968242
15719.0,0.000162718206388521
6386.0,0.00016274515730563778
17284.0,0.00016278290046203993
2963.0,0.00016281072377110907
10614.0,0.00016305300533455945
1183.0,0.0001630975603814371
3025.0,0.0001634363015627724
8732.0,0.0001635082862906084
8208.0,0.00016466757796065453
8525.0,0.00016500636898631924
17327.0,0.00016502770979603167
2480.0,0.00016511498970552254
1722.0,0.00016524837535037055
10340.0,0.0001654700278953654
3071.0,0.00016561515021783392
18033.0,0.00016561851297046396
6013.0,0.0001657481027771762
17091.0,0.0001663425154516178
11576.0,0.00016635807588906578
10294.0,0.00016655342447243526
14514.0,0.00016729828439613132
17342.0,0.00016732372896995085
16662.0,0.0001676408572912987
3969.0,0.0001681176919228909
9697.0,0.00016821916898935416
16798.0,0.00016849124127175515
14724.0,0.00016871386716604215
6648.0,0.00016882715686426068
17124.0,0.00016883655739176242
13895.0,0.0001690117166117119
4235.0,0.00016927690221721925
1533.0,0.0001693608003752462
15367.0,0.0001694778787044852
16163.0,0.00016974085722333294
19171.0,0.00017014652223211335
11734.0,0.00017100572596802916
5544.0,0.0001712372830636049
13886.0,0.0001714204628999299
9978.0,0.0001718577748448002
3768.0,0.0001724666028517043
16328.0,0.00017285281893266339
13318.0,0.00017311775751058806
6764.0,0.00017344418485435454
3411.0,0.00017360570740202933
9263.0,0.00017375889009741958
1648.0,0.0001738484265366023
1836.0,0.00017477198673244895
16997.0,0.0001749521384078836
16770.0,0.00017559494775630535
15761.0,0.00017579803156907677
15725.0,0.00017613250455072955
17155.0,0.0001761448357244919
10737.0,0.00017628743457727568
16402.0,0.00017633051302857878
15258.0,0.00017783995050919645
13928.0,0.0001780563979067031
16148.0,0.00017830721835781954
17492.0,0.00017846377255889402
1120.0,0.00017903521131502063
6825.0,0.00017907455621647982
5361.0,0.0001791090448046567
7599.0,0.00017923251921872033
17475.0,0.00017930979753756363
7360.0,0.00017973003743886414
11286.0,0.00017986100388644191
2816.0,0.0001799554058882634
531.0,0.0001803738192831762
16217.0,0.00018069895246151138
10932.0,0.00018128654342969514
11154.0,0.00018235692906483852
11983.0,0.00018367525649171335
606.0,0.00018401079257340493
15394.0,0.00018432564592492132
11957.0,0.00018438358210509352
17631.0,0.00018439728305237602
15893.0,0.00018446458779373246
19099.0,0.00018464403092647452
4776.0,0.00018476637456112265
11281.0,0.00018482113945049878
17283.0,0.00018504374708710458
15991.0,0.00018536805355225987
12593.0,0.00018559944231973156
19036.0,0.00018570525272357686
18499.0,0.00018594303868338968
331.0,0.0001859586793910939
9592.0,0.00018600008855169475
18046.0,0.00018628101121092046
17442.0,0.0001863170808356827
1064.0,0.00018710845247990384
15172.0,0.0001876188942807989
9572.0,0.00018780236399912412
11541.0,0.00018974007632376698
16135.0,0.00018980497041053656
18526.0,0.00019019598959748595
2065.0,0.0001903722649051911
16197.0,0.00019037756020694072
16144.0,0.00019055717773758092
6114.0,0.0001913567467901166
16507.0,0.00019164786985245702
577.0,0.0001916769164288725
3417.0,0.00019270690452926833
17084.0,0.00019289747396759632
11170.0,0.00019297667015699945
18846.0,0.0001930473179237483
11489.0,0.0001930576925497347
17374.0,0.00019315303561172245
17768.0,0.00019350028259313055
17838.0,0.00019351957408244626
2614.0,0.00019389743470450617
15134.0,0.0001939810588706045
7297.0,0.00019524027280780644
16374.0,0.00019528425696335047
1074.0,0.00019528642669094668
20085.0,0.00019556462135417863
11993.0,0.0001955737468735672
16244.0,0.00019561917931174022
11785.0,0.00019592788506359268
0.0,0.00019654128964018125
3831.0,0.00019666951665643555
145.0,0.00019703052484179378
16214.0,0.00019704103466752676
15383.0,0.00019730674608146618
11690.0,0.00019732117348688664
1531.0,0.0001976030760788477
13090.0,0.00019845076546396836
11494.0,0.00019942635370288623
17485.0,0.0001996642257949129
6445.0,0.00020102168563357494
16797.0,0.00020133117282303273
15127.0,0.00020136603365928884
14486.0,0.00020176340511614873
5682.0,0.00020209396667786157
17029.0,0.00020217253142661932
18671.0,0.000202621500133813
13303.0,0.00020270263288524746
17572.0,0.00020282875200993003
14039.0,0.00020324918678298162
13489.0,0.00020325505886650009
9378.0,0.00020331231031605072
18447.0,0.00020331963336467907
7172.0,0.0002038614069645104
7394.0,0.00020449296308907894
596.0,0.00020470602123722026
19193.0,0.00020493410351700905
11034.0,0.000205165139821322
19152.0,0.0002054272990361793
19533.0,0.00020552115721973472
16356.0,0.00020597025106216355
5626.0,0.00020612667639785455
1610.0,0.00020616663495008546
2551.0,0.0002065514934026866
18577.0,0.00020740504940645267
17258.0,0.0002077153864656811
16700.0,0.0002079520534733383
15546.0,0.0002088187405162651
16150.0,0.00020899277918113928
18292.0,0.0002091205355334634
7386.0,0.00020913340526908884
6435.0,0.00020953890820848216
11782.0,0.0002102586258553215
10440.0,0.00021036494241350728
19117.0,0.00021044642345048812
10305.0,0.0002110270999419167
10326.0,0.0002110353463868119
16530.0,0.0002110779102507289
11904.0,0.00021122801489086246
4372.0,0.0002113119475617987
11572.0,0.00021137285673020724
16866.0,0.00021150660626102584
15814.0,0.00021194272379226062
17188.0,0.00021219228979823146
18068.0,0.0002123257835957616
1054.0,0.00021299074540047285
11849.0,0.00021377053930653274
11335.0,0.00021433738924120596
18849.0,0.0002144068532634264
11989.0,0.0002152256797535918
8529.0,0.000215649054175886
9893.0,0.00021566028063759585
16675.0,0.00021599231953740584
16881.0,0.0002163751570924504
16820.0,0.00021643029801797674
6210.0,0.00021704652127501153
16320.0,0.0002172252876332857
14292.0,0.00021768974219269296
16683.0,0.00021789560498751819
19418.0,0.00021820263545250837
3959.0,0.00021943154623662244
13912.0,0.00021961509955584452
11393.0,0.00021998934946765907
7298.0,0.0002203524282893925
17354.0,0.00022162470791846397
825.0,0.00022172495252225128
16026.0,0.00022192205160604734
16808.0,0.00022208181526901108
17455.0,0.00022237638271889985
18907.0,0.00022268549285590306
13256.0,0.0002231082061655781
6823.0,0.0002233049316037629
9933.0,0.0002234408201799187
5997.0,0.00022425941094716484
13898.0,0.00022540173030379196
18653.0,0.00022702334034673416
9649.0,0.0002270453620170408
6030.0,0.00022788896229761484
17447.0,0.00022840501379429117
16621.0,0.00022887797302615091
5627.0,0.00022914928425424668
10016.0,0.0002291670308013323
5306.0,0.00022959874198580553
2144.0,0.00023095815543450917
17713.0,0.00023179838051279696
19140.0,0.00023204075644085403
10943.0,0.00023218063800046872
8046.0,0.00023375400140374723
16810.0,0.00023545533760862595
17244.0,0.0002355895990703443
4763.0,0.0002359105972123845
10885.0,0.00023700025009051133
10444.0,0.0002371225362227403
9954.0,0.00023724282051493977
8841.0,0.00023735034390935252
10423.0,0.00023771023417695127
4287.0,0.00023892501579438524
14997.0,0.00023969025439476134
6505.0,0.000239916767232618
16914.0,0.00024027036350721898
11079.0,0.0002402956879177733
1663.0,0.00024175898760323526
9892.0,0.00024225137953227862
11942.0,0.0002424195907680198
11268.0,0.00024263476302863098
5941.0,0.00024406754196750675
16749.0,0.0002443138643905151
17782.0,0.00024437633134753495
10700.0,0.000245790884393252
10455.0,0.0002459583299928588
6163.0,0.00024660874167137584
64.0,0.0002466223497055934
15434.0,0.0002469786332902001
19787.0,0.00024705762697594524
17184.0,0.00024966709179368086
9869.0,0.0002502641605081493
17433.0,0.00025033816735139816
16403.0,0.000250580210456389
16596.0,0.00025074082410937807
9047.0,0.0002513050783891408
8087.0,0.0002516305791635253
17818.0,0.00025190201646263413
16341.0,0.00025340038727811895
14035.0,0.0002534180677386957
18085.0,0.0002536348029462937
3907.0,0.00025366946835498987
17140.0,0.00025374740413518666
11907.0,0.0002540308990139672
1322.0,0.0002547295704444681
19624.0,0.00025477256338822264
15498.0,0.0002549997171817803
16201.0,0.0002575608621044835
3559.0,0.0002578624052129131
17893.0,0.00025842902669859246
11569.0,0.00026048101662863154
5405.0,0.00026123054462804106
16265.0,0.0002614910977429935
17997.0,0.00026290920831300923
14505.0,0.0002635038473819255
17513.0,0.0002635895253998788
13838.0,0.00026361247103125993
17500.0,0.00026387055613571244
10933.0,0.0002639767317600347
9807.0,0.0002649164267795932
15908.0,0.0002650817873981527
12626.0,0.00026795565387833945
6697.0,0.0002688192744430763
15154.0,0.00026933084368732635
1866.0,0.00026934099164476524
17673.0,0.00026939195356380014
9850.0,0.00027082461536601966
16541.0,0.0002712755660991512
11340.0,0.0002737553190287245
4042.0,0.00027454469097426364
16096.0,0.0002759679989860982
11262.0,0.0002763812281384433
10368.0,0.00027900590667063
17504.0,0.0002800088044329519
19083.0,0.00028021222266655485
7549.0,0.00028031820282805843
7701.0,0.000280782156212861
17371.0,0.0002808263202911709
4777.0,0.0002810124361469294
703.0,0.00028140054777620017
11634.0,0.00028146239385577716
19217.0,0.00028204083164246643
4966.0,0.000283904115644387
16772.0,0.0002840067983092113
13322.0,0.0002848770850061323
16455.0,0.00028506574249634087
14299.0,0.00028692050719937524
17696.0,0.00028828338165809246
17496.0,0.0002920473167397004
16277.0,0.00029249182479945153
10277.0,0.00029255489822547164
6502.0,0.00029256885411748154
1341.0,0.00029259303036214163
17310.0,0.00029341264934698547
10388.0,0.0002953472984224982
5666.0,0.0002959661542142261
9459.0,0.0002961752769632328
4313.0,0.0002968797641430205
7490.0,0.00029792232799510964
4285.0,0.0002980591475904404
11787.0,0.0002980870415298747
18611.0,0.00029812358267629287
19124.0,0.0002985299897941605
11413.0,0.00029905049596849916
816.0,0.0003012159898022055
14852.0,0.0003014631151272132
7351.0,0.0003025287459356375
8304.0,0.00030420621763904384
17774.0,0.0003043813497800522
16261.0,0.0003044624378678113
10267.0,0.0003044869489622814
19637.0,0.00030478087774031575
16658.0,0.0003047930380840165
2227.0,0.00030485832096053856
17118.0,0.00030536108448466973
4299.0,0.00030599846540718586
15691.0,0.00030667902015117074
11109.0,0.00030727732089542374
18441.0,0.00030766512142905007
17477.0,0.00030880858462975616
1826.0,0.0003095051288213053
17547.0,0.0003104762988136294
18291.0,0.0003110789180569701
17482.0,0.00031207293704134067
6172.0,0.0003121311861013196
11937.0,0.000312544245354492
2562.0,0.00031297902278769086
16262.0,0.00031343084681958707
16961.0,0.00031382924765065623
4379.0,0.00031435782719011043
6881.0,0.00031545674882830805
16321.0,0.00031559844368243877
13941.0,0.00031818577044162485
2814.0,0.00031835939351890783
1989.0,0.00031880782780763657
19167.0,0.00031964547549059586
18757.0,0.00031979433329203555
11958.0,0.00031995023323973655
9580.0,0.0003203413126507748
18715.0,0.0003227985479725151
16395.0,0.0003243843730105728
1755.0,0.00032707076162353165
7757.0,0.0003294474352617131
1159.0,0.00032974779667868653
122.0,0.0003299734093838677
14084.0,0.00033067819001463943
17932.0,0.0003311562762803021
4807.0,0.00033280074741561324
16775.0,0.0003333084175176355
11270.0,0.0003345537012757795
14102.0,0.0003347027858589834
13915.0,0.0003366136429840396
16243.0,0.0003374581256980283
16476.0,0.0003405728519693084
16142.0,0.0003415653051223168
2554.0,0.0003417015605594227
11848.0,0.0003450627935692207
6044.0,0.00034523886715932025
11447.0,0.0003456074017359138
1993.0,0.000345675715888356
10390.0,0.00034580122132578373
12052.0,0.00034795186248183323
14518.0,0.00034832082500775
19625.0,0.0003503415739323265
3184.0,0.00035076984704692697
16335.0,0.0003508082863692803
11113.0,0.000350845248079301
17083.0,0.00035096872110936927
13337.0,0.00035123720092477043
7628.0,0.0003594793298672989
3408.0,0.00035960663050293995
867.0,0.00036227533758757656
11560.0,0.00036244310066427384
10275.0,0.0003637955827602675
4319.0,0.0003640801185595433
14484.0,0.00036565107056477043
14520.0,0.00036598578852524893
4294.0,0.0003665087410626615
14026.0,0.00036651395349883615
8081.0,0.000366524611859319
16671.0,0.0003668950607156123
7129.0,0.000366996474654124
11784.0,0.0003669979428356779
16500.0,0.0003684343799968889
11984.0,0.0003691038591250991
16816.0,0.00036945763822771564
1051.0,0.00037098728339960096
10930.0,0.00037117927521929973
11622.0,0.00037187625446039816
15604.0,0.00037361394559583543
16376.0,0.0003760766273181765
16813.0,0.0003776947560593681
18079.0,0.00037887525811722153
2717.0,0.0003796993615197873
15749.0,0.00038010769868079277
11908.0,0.0003824236427844376
3418.0,0.0003828781378911296
10.0,0.0003833925100408804
13938.0,0.0003849349171580229
19497.0,0.0003859528965905692
2011.0,0.0003877588945063417
10395.0,0.0003897742473978512
16139.0,0.00039029093196087637
2721.0,0.00039337879653518433
10288.0,0.00039430045562493886
13905.0,0.0003955289980875709
9960.0,0.00039748314551903916
1457.0,0.00039971489184431017
4101.0,0.00040369015288064034
11449.0,0.0004045820110018288
14525.0,0.00040518735775899706
5991.0,0.00040601470284962085
14502.0,0.0004071416375186969
14015.0,0.0004074848699229472
9569.0,0.0004082087495673708
14062.0,0.0004083019253695999
14030.0,0.00040835032542089274
11763.0,0.0004097380912438216
14064.0,0.0004099158239953654
10795.0,0.0004100275749329861
10888.0,0.00041461447873157635
16208.0,0.0004146509891291651
19820.0,0.00041642447582222655
17456.0,0.00041717618620389947
17746.0,0.00041797216815999674
16375.0,0.00041908056799678064
16317.0,0.0004214905521308052
10927.0,0.0004227538168878415
8306.0,0.000425860688670621
1777.0,0.0004277260491866544
14392.0,0.0004277609056810171
7234.0,0.00042864537866599815
37.0,0.0004297537320603128
17296.0,0.00043071982443191595
6503.0,0.00043245635862336067
11664.0,0.0004361759352920854
9899.0,0.00043647856604753574
17425.0,0.00043667788567316383
674.0,0.0004369772951914113
5708.0,0.0004394810983987897
9625.0,0.0004397006252868439
16620.0,0.00044140990914354986
13923.0,0.00044151574175164894
17776.0,0.0004421706229576815
7092.0,0.00044303153191912575
13932.0,0.0004437560416081696
6436.0,0.0004448108891234639
16968.0,0.0004456225952521961
20083.0,0.00044667501273057305
14028.0,0.0004470904154744969
11750.0,0.00044887806623916356
4329.0,0.00045031684511339385
824.0,0.0004546936987037448
16999.0,0.00046001508922495835
11603.0,0.00046008486150285954
4779.0,0.00046410446013901523
7620.0,0.00046638140248404043
7520.0,0.0004689931934904369
10058.0,0.0004698391904364414
15898.0,0.00047063576705898074
16483.0,0.00047107277272969756
576.0,0.00047411597707403105
15916.0,0.0004748635479491954
11218.0,0.0004765724195207472
17992.0,0.0004767729838261008
2150.0,0.0004770879422417607
8805.0,0.0004829535968754091
16446.0,0.00048505232448195696
19733.0,0.0004851489323768297
12030.0,0.00048787366760651103
2728.0,0.0004894287902940565
14592.0,0.0004895326577426343
17092.0,0.0004913786114550964
6775.0,0.0004920163844204843
14769.0,0.0004929954308854312
15735.0,0.0004933086428519516
6500.0,0.0004937206099650117
16415.0,0.0004941422144489979
16726.0,0.0004962891623996322
18234.0,0.0004972646675790092
17469.0,0.0005020607024364003
11589.0,0.0005052368360184679
17739.0,0.0005073981514637468
19735.0,0.0005076401535230814
10913.0,0.0005076920790511866
16355.0,0.0005100866121362564
5173.0,0.0005127410857527129
10449.0,0.0005131108497041716
9461.0,0.0005140454338489001
9285.0,0.0005147940577972822
2155.0,0.0005155006516092506
10465.0,0.0005166957516266639
17498.0,0.0005168869641243071
13926.0,0.0005177584566883793
10926.0,0.000517959096332886
13741.0,0.0005187292973657273
8426.0,0.0005214088293482898
16133.0,0.0005227521198224348
16022.0,0.0005228351384325097
15914.0,0.0005258266684131432
740.0,0.0005271603221049552
16709.0,0.0005291620026560903
2527.0,0.0005300189559292058
18864.0,0.0005333558697019454
19180.0,0.0005382667155093388
8446.0,0.0005488884478809724
14998.0,0.0005495609067795714
13311.0,0.0005513009473449994
10451.0,0.0005515998071251519
19516.0,0.0005544475955670754
2035.0,0.0005553146871754537
16850.0,0.0005646099960512615
16145.0,0.0005656258299172568
14097.0,0.0005674092039927968
11774.0,0.0005680795025057466
10322.0,0.0005684193229925088
16752.0,0.0005685002314049554
5637.0,0.0005712444985061794
16764.0,0.0005718998033562619
17427.0,0.0005760638886215988
16656.0,0.0005779886908779774
19441.0,0.0005782844987518245
16371.0,0.000580026212452938
17479.0,0.0005801073299219533
18341.0,0.0005822026822001294
13196.0,0.0005825884594634179
14057.0,0.0005835096922113754
7970.0,0.0005835575007239022
16872.0,0.0005855237302423217
11212.0,0.0005863110046993974
16497.0,0.0005878351039878047
16522.0,0.0005921067452326377
6876.0,0.0005936880337087863
8459.0,0.0005960587913649347
14073.0,0.0005969355414414732
17464.0,0.0005984704954869733
6666.0,0.0005992426640731369
16793.0,0.0006022929443050844
19174.0,0.0006102695155840792
16084.0,0.0006127882353842999
17445.0,0.0006131313815227333
19127.0,0.0006137623787882305
10689.0,0.0006140075628646289
16572.0,0.0006194842623232303
13650.0,0.0006285839172909496
19194.0,0.0006301614339574921
9051.0,0.0006415778847519453
431.0,0.0006427833852501965
11524.0,0.0006431437881337488
16426.0,0.0006592313834806945
11241.0,0.0006652114312692214
10441.0,0.0006654234455103035
13888.0,0.000668928572667598
2043.0,0.0006780298771624015
1307.0,0.0006820707066994832
15629.0,0.0006854979160823907
5715.0,0.000685669882032054
11649.0,0.0006877103981938045
17178.0,0.0006906575894008509
2775.0,0.0006917554380209958
16873.0,0.0006921210223947082
16192.0,0.0006973147494558309
1390.0,0.0007011300175234625
6501.0,0.0007030661807457553
16080.0,0.0007118653095223545
3087.0,0.0007156587586391365
13239.0,0.0007229230638202415
17208.0,0.000725278259848493
8451.0,0.0007279785259991643
10318.0,0.0007298839123973773
1986.0,0.0007340411605391669
5639.0,0.0007403028393652025
16783.0,0.0007404592998566455
8530.0,0.0007413600198979394
11740.0,0.0007416405197547269
5345.0,0.0007418771143886722
17803.0,0.0007434102985698411
2086.0,0.0007445417218887577
16766.0,0.0007600999765046164
5313.0,0.0007601839503641704
15548.0,0.0007608246165387634
17096.0,0.0007641416082147372
11776.0,0.0007698360784913873
11199.0,0.0007756907888796246
10304.0,0.0007776751054300445
6995.0,0.0007840621266997477
10331.0,0.0007859509996942895
17639.0,0.0007888031045977601
17481.0,0.0007959800711011767
11626.0,0.0007982596766599689
3024.0,0.0008003446433286853
3141.0,0.0008047714619607985
6231.0,0.0008095331375786841
8847.0,0.0008169093794652661
8802.0,0.0008204505182083851
15326.0,0.0008233148128797172
16473.0,0.0008250880907968157
9931.0,0.0008270053976260311
12631.0,0.0008305794787622987
13774.0,0.0008333039489870052
5347.0,0.0008419397286684524
14146.0,0.0008467314880304964
13911.0,0.0008603058028999176
13913.0,0.0008614398300606643
15532.0,0.0008646290378877134
1063.0,0.0008713969065084056
16640.0,0.0008739956800074471
10273.0,0.0008744337160007374
5958.0,0.0008824884787045313
16585.0,0.0008834891826512636
9929.0,0.0008950541635213751
13934.0,0.0008951106879768173
16838.0,0.0008952777507458434
10436.0,0.0009112730884345594
5226.0,0.0009142353115942884
16487.0,0.0009184553439317937
1407.0,0.0009198364928380498
49.0,0.0009335385852535925
14472.0,0.0009429646891139031
240.0,0.0009512480717277237
19664.0,0.0009682287633645243
9252.0,0.0009691920110647606
2502.0,0.0009973920493452947
18471.0,0.0010247997644173344
10940.0,0.001026868497745104
8422.0,0.0010391200308322915
17336.0,0.0010480618681759128
14479.0,0.0010498492372663817
17053.0,0.0010556747938139934
13819.0,0.0010593057068523596
17450.0,0.0010619529041645567
14056.0,0.0010653509579900088
17933.0,0.0010676979954454067
10856.0,0.0010690276534774778
11095.0,0.001075633591764092
16595.0,0.0010779586861713205
16836.0,0.0010860879507473735
10867.0,0.0010872065485784102
14024.0,0.0010882067084812565
6301.0,0.0010919311284421642
10456.0,0.001097110269588901
16495.0,0.0011010575684550295
19633.0,0.0011142946720202238
7985.0,0.0011220828650417673
10936.0,0.0011296209798933368
16387.0,0.0011311176139869239
11823.0,0.0011386057621875355
19248.0,0.0011388246646346514
17478.0,0.001146803545871404
16704.0,0.0011539805639887652
16409.0,0.0011542463484392517
16627.0,0.0011677279621002932
17476.0,0.001178105373768719
3531.0,0.001179914646299826
1740.0,0.0011982040947744637
8596.0,0.0012034911512832243
16485.0,0.0012196995548390136
18200.0,0.0012347988124094948
11093.0,0.0012358585756459264
11292.0,0.0012411047799136957
11091.0,0.0012720004340567152
131.0,0.0012760783407959337
5228.0,0.0012877157047862541
16027.0,0.0013010640732750193
17113.0,0.0013287551005127531
17085.0,0.0013321281578998667
17452.0,0.0013469331598111407
18512.0,0.0013827356842742284
13930.0,0.0013861311114952962
7909.0,0.0014056267613992716
10906.0,0.0014123236820558682
2813.0,0.0014191971238543494
10934.0,0.0014220915914285772
16857.0,0.0014235815538960472
5839.0,0.0014247820830588995
6885.0,0.0014274193496692526
17534.0,0.001431437809500974
7893.0,0.0014530145088503417
10861.0,0.0014623287879124165
17078.0,0.001466662703855809
10056.0,0.0014690169410491241
17314.0,0.0014863611341640866
17079.0,0.0014965095114860092
16093.0,0.0015144401071436658
11960.0,0.0015250048424609434
16565.0,0.0015359894204162589
11754.0,0.0015394308375765702
14072.0,0.001551842917259595
15261.0,0.0016024413548175946
15707.0,0.0016080567709466326
17530.0,0.001620659092234801
6105.0,0.0016512606566583103
1206.0,0.001667035694081687
10380.0,0.0016688829667637762
10859.0,0.0017477879995528686
1810.0,0.0017516380509104816
10929.0,0.0017535143511203126
17489.0,0.0017554904253920876
6463.0,0.001793001221347615
566.0,0.0018355213085330454
10860.0,0.0018650018845476053
16672.0,0.0018921735172130365
6834.0,0.001897047149674395
16474.0,0.001939583977526237
11631.0,0.0019505902842126316
14225.0,0.001977284056933224
10266.0,0.001983909257007949
17125.0,0.0019948822962221908
14075.0,0.0020188007366372033
3614.0,0.0020499591126038556
13235.0,0.0021228698253863668
11752.0,0.0021752500733868982
9664.0,0.0022809578332872193
10862.0,0.0023212015103129904
10935.0,0.002378258830546165
14306.0,0.0024751595818704765
17484.0,0.002501780033666553
10411.0,0.002517943662382756
11050.0,0.0025882778167381024
11658.0,0.002592612392967383
14272.0,0.002620987331135978
7443.0,0.002621904407877605
7044.0,0.0027543575862012492
14071.0,0.002757728559762994
11282.0,0.002806617746198942
17473.0,0.002829198063674719
19185.0,0.002867690657195369
14031.0,0.002958662866834476
13894.0,0.003025544278570335
4325.0,0.0030751696292285243
14512.0,0.0031014665838010476
10298.0,0.0031169749077301686
13775.0,0.0031355822087017725
8410.0,0.0031795943734640284
14271.0,0.0032900987274705074
11496.0,0.0033251493797320777
11889.0,0.0033446074816112534
13893.0,0.0034249558996850018
14074.0,0.003438734046385819
10442.0,0.003439236968285629
5346.0,0.0034657570999958977
4335.0,0.0035853676436853905
5323.0,0.0037102040113547474
19231.0,0.00375829721127599
10389.0,0.0038274814019671694
5227.0,0.0038992875285958407
16309.0,0.003956698979180941
19499.0,0.003983737912503429
5889.0,0.004152937487861287
17453.0,0.004543100144960839
10454.0,0.004630087245084161
17472.0,0.004750625463542646
3272.0,0.004840830969314028
19864.0,0.005055193630150487
20084.0,0.005302727782454514
14874.0,0.0054835479570946935
16297.0,0.005781257463977622
10381.0,0.00587266139804287
1385.0,0.006010367166348296
8533.0,0.006054903868398002
10858.0,0.006935768587221476
7022.0,0.006970044921974312
19925.0,0.007091861920303853
13906.0,0.007519140651796419
14673.0,0.007607873416779592
13304.0,0.008060055812326302
6497.0,0.0082073073281272
16430.0,0.008403969726550964
7984.0,0.008434542187974061
9856.0,0.00882209283260429
10453.0,0.010644515599424888
16529.0,0.01095942707758953
1608.0,0.011092191069190491
14226.0,0.012203493159381844
13333.0,0.01256858277032476
9473.0,0.013192545650303526
10458.0,0.019299373948323106
9468.0,0.01988773261283717
19175.0,0.022982034406732455
11753.0,0.026628606944996348
