0 -1.1980e+00 1.4352e+00 -3.4470e-01
1 4.4354e-01 1.7375e+00 3.9723e+00
2 -5.3030e-01 -2.0567e+00 -1.3522e+00
3 -3.4992e+00 4.4842e+00 3.2493e+00
4 1.7736e+00 2.4612e+00 7.0951e+00
5 4.0895e+00 9.7656e-01 9.1786e+00
6 -8.1345e-01 -2.1663e+00 5.9614e+00
7 -4.5986e+00 5.0291e+00 4.7823e+00
8 2.0788e+00 -1.6760e+00 6.8880e+00
9 -2.9547e+00 -5.6759e+00 8.0723e+00
10 1.2895e+00 1.5036e+00 7.5650e+00
11 -1.6510e+00 -3.2583e+00 9.0464e-01
12 -1.2456e+00 -2.0615e+00 5.3234e+00
13 -2.5652e+00 -3.8862e+00 6.8954e+00
14 1.9232e-01 1.6499e+00 9.2216e-01
15 -4.2966e-02 4.3128e+00 2.2609e+00
16 -2.1896e+00 -1.3960e+00 6.6889e+00
17 -6.6263e+00 6.6737e+00 6.5085e+00
18 3.5636e+00 -2.8966e+00 8.9648e+00
19 2.0570e+00 -6.2044e+00 9.0957e+00
20 -1.1404e+00 -5.7139e+00 -6.2320e-01
21 1.0495e+00 -1.2422e+00 2.1025e-01
22 -2.5777e+00 1.4979e-02 1.8092e+00
23 -3.9942e+00 -5.1003e+00 5.8779e+00
24 -2.3256e+00 6.8662e-01 1.8754e+00
25 2.9306e+00 -5.7350e+00 6.3832e+00
26 1.9143e+00 2.1327e-01 -5.0661e-01
27 -3.5542e+00 -4.4438e+00 -2.7859e+00
28 -4.6464e+00 -5.1476e+00 7.5764e+00
29 -3.5515e-01 4.2121e+00 9.7066e+00
30 2.8092e-01 -2.3108e+00 5.5826e+00
31 -4.6401e+00 1.6760e+00 -1.3108e+00
32 2.2164e+00 -1.7902e+00 7.1822e+00
33 -3.6672e+00 -1.9221e+00 7.4159e+00
34 -8.0082e-01 -3.1145e+00 4.0663e-01
35 -5.7714e+00 -7.2248e+00 6.3131e+00
36 -5.8719e+00 -1.7686e+00 3.9504e+00
37 2.7636e+00 -3.4614e+00 6.3390e+00
38 7.7581e-01 9.3096e-01 8.0796e+00
39 -4.6364e-02 -2.0690e+00 5.4522e+00
40 1.4170e-01 -4.1743e+00 8.5007e+00
41 2.5213e+00 -1.1055e+00 6.0875e+00
42 2.4218e+00 5.0611e+00 7.4266e+00
43 -4.4725e+00 1.3625e+00 4.2022e+00
44 2.8232e+00 -3.4797e+00 3.6441e-01
45 -3.8724e+00 -6.0019e+00 2.6017e+00
46 6.9775e-02 7.1246e-01 3.7907e+00
47 -5.1950e+00 4.6202e-01 5.2119e+00
48 -2.6148e+00 -7.1712e+00 -4.6137e+00
49 -2.4595e+00 -1.4002e+00 -1.0280e+00
50 -2.6105e+00 -2.8341e+00 -5.6993e-01
51 8.1807e-02 2.4937e-01 -2.2575e+00
52 -3.2836e-01 7.6460e-01 3.8448e+00
53 2.2139e+00 7.9319e-01 2.3189e+00
54 9.3793e-01 1.3373e+00 1.5604e+00
55 -1.6703e+00 -5.5440e+00 5.3538e+00
56 8.8250e-01 -7.5552e-01 4.5608e+00
57 -9.4660e-01 -2.2567e+00 4.1766e+00
58 3.5427e+00 -1.9465e+00 -6.0161e-01
59 -4.2079e-01 -3.7365e-01 2.0307e+00
60 -1.2887e-01 -6.8944e-01 3.0233e+00
61 -4.4194e+00 -2.7262e+00 7.8012e+00
62 2.1570e+00 -2.6794e+00 3.9702e+00
63 -3.0903e+00 -6.2184e+00 -1.1588e+00
64 -6.7465e-01 -2.9485e+00 6.1005e-01
65 3.8746e+00 2.1461e-01 9.1930e+00
66 4.2378e+00 9.7468e-01 -2.6802e-01
67 4.8153e-01 -4.9993e-01 5.6885e+00
68 3.5437e+00 -1.5169e+00 7.6359e-01
69 5.4981e+00 -5.5850e+00 5.9363e+00
70 -7.5327e-01 -7.0616e-01 6.4305e+00
71 9.7898e-01 -2.8991e-01 -6.7728e-01
72 -1.0385e+00 -5.0792e-01 -4.3036e+00
73 -2.5349e+00 -2.0972e+00 1.1674e+00
74 1.6262e+00 3.6334e+00 1.0419e+01
75 -1.6028e+00 -2.6540e+00 1.1674e+01
76 -9.4831e-01 -3.8564e+00 2.4225e+00
77 -3.5836e+00 -1.3866e+00 7.1045e+00
78 1.7153e+00 1.2596e+00 7.3999e+00
79 -1.5463e+00 4.1598e+00 4.7235e+00
80 3.3875e+00 -8.8257e+00 5.1959e+00
81 -2.2232e+00 -4.9403e+00 2.6579e-01
82 5.8957e+00 2.9012e+00 1.1977e+01
83 -3.2911e+00 4.3751e+00 2.8813e+00
84 -1.1623e+00 -2.0452e+00 8.3689e+00
85 -1.1173e+00 -1.3842e+00 6.6002e+00
86 -4.7794e+00 4.5274e+00 8.9065e+00
87 -1.9192e+00 2.5913e-01 5.8968e+00
88 2.8245e-01 -8.0807e+00 8.0810e+00
89 -2.9485e+00 -3.4306e+00 1.0035e+00
90 -2.2885e+00 2.4825e+00 5.8883e+00
91 -8.7274e-01 -6.2777e+00 4.2818e+00
92 -4.1372e+00 -3.2208e+00 6.8648e+00
93 -2.9241e+00 -6.9354e+00 4.3096e+00
94 -2.0792e+00 -4.5802e+00 -3.1680e+00
95 -2.0887e-01 -7.7269e-01 1.4465e+00
96 1.4505e+00 -5.8386e+00 2.7213e+00
97 6.9273e-01 2.0919e+00 2.1440e+00
98 -3.1936e+00 -1.6191e+00 6.7498e+00
99 -1.6470e+00 -6.1799e+00 -1.1762e+00
100 2.4382e+00 -1.8042e-01 4.0083e-01
101 1.4468e+00 -6.7501e-01 8.7754e-01
102 -3.6689e+00 6.4619e-01 2.3884e+00
103 1.3957e+00 3.0592e-01 3.7428e+00
104 4.0338e+00 9.1115e-01 9.0540e+00
105 2.2044e+00 -4.3440e+00 4.2090e+00
106 1.9226e+00 8.8523e-01 2.1626e+00
107 -1.3380e+00 -2.4478e+00 -4.1181e+00
108 -4.6053e+00 -4.5365e+00 2.2380e+00
109 1.9911e+00 -5.6068e+00 -6.9990e-01
110 1.1682e+00 -9.7673e-01 1.8117e+00
111 2.1240e+00 -2.6349e+00 8.5879e+00
112 -3.6120e+00 8.7391e-01 6.7574e+00
113 1.7736e+00 -4.1917e+00 6.4600e+00
114 -2.8881e+00 2.5373e+00 5.3628e+00
115 -4.2258e+00 -1.0759e+00 4.8618e+00
116 -3.2402e+00 -9.1738e-01 1.1060e+01
117 -9.2425e-01 -2.5580e+00 6.5095e+00
118 -1.6503e-01 -3.7891e+00 6.8146e+00
119 -6.7103e+00 9.4413e-01 1.1520e+01
120 -9.2896e-01 -2.4594e+00 4.9457e+00
121 1.9712e+00 -3.6932e+00 2.7331e+00
122 3.3140e+00 -9.0246e+00 3.4019e+00
123 2.6601e-02 3.5141e+00 -1.1223e+00
124 -6.5674e+00 -2.6645e+00 8.3150e+00
125 2.6266e+00 -4.6597e+00 8.5726e+00
126 -4.6599e+00 1.2943e+00 -1.9177e+00
127 -3.4392e+00 2.7216e+00 -2.4177e+00
128 -2.6653e+00 -6.0076e-01 6.8025e+00
129 -6.7830e+00 -1.7245e+00 9.4831e+00
130 7.7750e-01 -7.7521e+00 3.3941e+00
131 2.1432e-01 7.1715e+00 -4.2098e-01
132 -3.0743e+00 5.0243e+00 3.4805e+00
133 5.2068e-01 4.3195e-01 4.5429e+00
134 -3.0704e+00 2.3382e+00 6.5339e+00
135 -5.5401e+00 3.6583e+00 4.7440e+00
136 -3.7014e+00 -3.0555e+00 4.1246e-01
137 -1.0328e+00 -9.6983e-01 1.1410e-01
138 4.6440e-01 -1.7199e+00 2.9575e+00
139 1.0414e+00 -5.6653e-01 -4.1254e-01
140 -2.5829e-01 -1.6376e+00 1.3060e+00
141 -2.2034e+00 -9.3423e+00 -5.5516e-01
142 1.4314e+00 -1.8268e+00 2.9591e+00
143 1.4311e+00 -2.2533e+00 6.3611e+00
144 -2.3690e+00 -1.3556e+00 -2.4595e+00
145 -2.1454e-01 -7.1319e-02 6.7096e+00
146 6.7125e-01 -2.2375e+00 -1.9194e+00
147 -4.1075e+00 -3.1122e+00 2.9764e+00
148 2.6711e+00 1.5057e+00 8.3898e+00
149 2.3663e+00 -2.7142e+00 8.5706e+00
150 -9.0255e-01 1.0614e+00 5.1725e+00
151 -3.1158e+00 6.4585e-01 4.3375e+00
152 -3.2738e-01 -1.5418e+00 7.5143e+00
153 1.6720e+00 5.2290e+00 6.2555e-01
154 -2.4814e+00 1.1476e-01 3.7092e+00
155 -4.9657e+00 -6.5083e+00 1.9664e+00
156 -1.6510e+00 -3.5059e+00 1.4653e+00
157 -2.0701e+00 2.3378e+00 8.2229e+00
158 7.2055e-01 -4.4651e+00 4.7700e+00
159 -4.1417e+00 -2.8990e+00 5.6924e+00
160 -1.6893e+00 -6.0137e-02 4.8502e+00
161 -1.0206e-01 -4.7865e+00 9.4248e-02
162 -1.1165e-01 -2.8289e+00 2.6794e+00
163 -2.4760e+00 -2.0584e+00 3.5366e+00
164 -3.9442e+00 -2.7570e+00 4.0665e+00
165 -1.1963e+00 -2.3880e+00 7.1575e+00
166 -3.3294e+00 -9.2856e+00 3.3612e+00
167 -2.2248e+00 -5.7434e+00 5.6017e+00
168 -1.4239e+00 4.0551e+00 5.0908e+00
169 1.3035e+00 2.6061e+00 8.4940e-01
170 2.0846e+00 3.2262e+00 4.3534e+00
171 2.2531e-01 8.2522e-01 6.0511e+00
172 9.7707e-02 -6.2176e-01 4.1751e-01
173 -4.7053e+00 -1.0450e+00 4.4862e+00
174 -1.8766e+00 4.2731e+00 8.3555e+00
175 -4.0127e-01 -7.8014e+00 -2.2859e+00
176 -5.1933e+00 8.0387e+00 9.4721e+00
177 -3.9347e+00 -1.6657e+00 4.3037e+00
178 -3.6983e+00 1.7703e+00 5.2737e+00
179 -1.0782e+00 6.4147e-01 1.0551e+01
180 -1.7483e+00 -1.8558e-01 2.0734e+00
181 8.1783e-01 -3.7334e+00 2.7861e+00
182 -7.1983e-01 3.6104e-01 4.8407e+00
183 1.0455e+00 -4.0944e+00 3.8987e+00
184 -4.3370e+00 -3.6649e+00 1.6581e+00
185 -1.7308e+00 -2.8590e+00 6.4830e+00
186 4.3220e+00 7.5237e-01 6.2708e-01
187 1.0373e-01 -1.8835e+00 5.0294e+00
188 -6.3384e+00 8.7769e-01 6.9537e+00
189 2.7681e+00 -2.0178e+00 4.3569e-02
190 3.1834e+00 5.3424e-01 3.3325e+00
191 -3.3405e+00 4.0425e+00 -3.6390e-01
192 4.5975e-01 -5.6327e+00 -4.7422e+00
193 -3.1338e-01 1.3365e+00 8.6912e+00
194 -3.4726e+00 -1.9346e+00 3.9764e+00
195 -6.0658e-01 -9.6812e-01 1.6321e+00
196 -1.4549e+00 -5.1954e+00 -3.2106e+00
197 1.8438e+00 8.0463e-01 8.2459e-01
198 3.1784e+00 -3.6460e+00 6.4163e-01
199 -1.0130e+00 -1.1818e+00 1.3724e+00
200 -6.7383e-01 2.3430e+00 -1.8182e+00
201 -5.0930e+00 1.9707e+00 6.2718e+00
202 2.4400e+00 2.6063e+00 9.0162e+00
203 1.7045e-01 5.0131e+00 2.3473e+00
204 -1.3120e+00 -1.7409e+00 1.5613e+00
205 -3.3554e+00 -2.1579e+00 -4.4965e+00
206 -2.6485e+00 8.4185e-03 2.4089e+00
207 -1.8692e+00 -4.0820e+00 -5.4343e-01
208 -1.3499e+00 -6.7920e+00 -1.1698e+00
209 -1.0578e+00 -6.2218e+00 3.9965e+00
210 -2.9935e+00 -2.9461e-01 1.0483e+01
211 -1.0368e+00 -9.2511e-01 5.7096e-01
212 1.8705e+00 -4.4030e+00 -3.3439e+00
213 2.6233e+00 9.6963e-01 1.6135e-02
214 -2.2369e+00 7.0807e-01 1.4702e-01
215 -3.4487e+00 -6.4526e+00 9.3485e+00
216 3.1753e-01 3.4338e+00 4.8876e+00
217 8.9038e-01 -3.7498e+00 1.5802e+00
218 6.5353e-01 -3.1693e+00 1.8786e+00
219 -2.1904e+00 4.1103e+00 3.6969e+00
220 1.2358e+00 -4.3072e+00 7.7724e+00
221 3.3193e+00 -5.4592e+00 4.0854e-01
222 -4.2453e+00 -1.0680e+00 4.4681e+00
223 3.2110e+00 -2.8887e+00 3.1470e+00
224 9.8285e-02 6.8431e-01 9.2816e+00
225 -2.7693e+00 1.2551e+00 -1.5114e+00
226 3.0415e+00 -4.7110e-01 5.3312e+00
227 2.7224e+00 -3.8343e+00 -2.3466e+00
228 -1.3072e+00 -1.4504e+00 1.8067e+00
229 -5.0163e+00 5.5915e+00 7.7115e+00
230 3.5103e+00 5.4722e-01 8.0270e+00
231 2.3105e+00 -2.1372e+00 2.5871e-01
232 -1.7767e+00 3.6832e-01 8.9838e+00
233 3.4486e-01 -5.0677e+00 1.2323e+00
234 7.4826e-01 -5.1141e+00 -7.5158e-01
235 -2.6244e+00 -4.8950e+00 -2.4243e-01
236 -2.3174e+00 -1.2036e+00 4.6415e+00
237 -2.9707e+00 5.1602e+00 1.2320e+00
238 8.1376e-01 -1.3337e+00 7.1498e+00
239 2.6099e-01 -4.9791e+00 5.5784e+00
240 5.9170e-01 1.7448e+00 8.8285e+00
241 -2.2704e+00 -4.0461e+00 6.2498e+00
242 -2.7552e+00 -7.2261e+00 5.9614e+00
243 -2.9629e+00 -4.8778e+00 6.3903e+00
244 -9.7374e-01 -4.8348e+00 5.2046e+00
245 7.2046e-01 -4.9577e+00 -4.5533e-02
246 3.1099e+00 -4.8459e+00 2.7105e+00
247 -3.9642e+00 -3.1463e+00 1.0191e+01
248 -6.0194e+00 -3.7547e+00 2.6339e+00
249 1.7989e+00 -7.0323e+00 -6.4979e-01
250 1.7244e+00 -8.2870e+00 6.4846e+00
251 -1.9737e-01 -7.2283e+00 1.1500e-01
252 2.2028e+00 3.6930e+00 1.5316e-02
253 -5.1218e-01 -3.6875e+00 -2.1087e+00
254 -7.7673e-01 1.2578e+00 -4.0856e-01
255 2.5682e+00 -1.2959e-01 1.5310e+00
256 2.1121e+00 -4.5739e-01 4.6440e+00
257 1.2212e+00 -2.6018e+00 2.0481e+00
258 -8.7389e-01 2.6858e+00 2.1106e+00
259 2.4730e+00 2.7498e+00 7.9147e+00
260 3.8193e+00 2.8712e-01 6.6524e+00
261 5.9076e-01 3.7546e+00 6.2065e+00
262 -5.2918e+00 5.6271e-01 5.7250e+00
263 -2.3023e-02 1.7335e+00 1.6160e+00
264 1.9487e+00 -6.2582e+00 1.1093e+00
265 4.6823e+00 -5.4036e-01 -4.7333e+00
266 -2.0140e+00 2.4685e+00 -1.0613e+00
267 2.6217e+00 7.5762e+00 2.8360e+00
268 -2.4705e+00 1.2534e+00 1.1273e+01
269 -2.0296e+00 3.6290e+00 3.2442e+00
270 4.6394e+00 -3.7051e+00 -1.3294e+00
271 -3.2852e+00 -1.6995e+00 -8.8666e-01
272 1.4258e+00 1.9470e+00 5.4974e+00
273 1.4154e+00 -3.8643e+00 2.7340e+00
274 -4.2149e+00 2.6485e+00 6.3702e+00
275 -2.1768e+00 2.6133e+00 8.1752e+00
276 -4.5684e+00 -6.0086e+00 1.1665e-01
277 -6.6618e-01 6.1877e-01 8.0566e+00
278 -1.5072e+00 3.2071e+00 8.0883e+00
279 -6.6788e+00 1.2888e+00 6.6998e+00
280 2.1401e-02 -1.9577e+00 6.4826e+00
281 4.2174e-01 -6.0249e+00 5.5930e+00
282 -6.6482e+00 -2.7650e+00 3.8785e+00
283 2.1271e+00 1.9801e+00 8.9705e+00
284 -4.4794e+00 -4.1919e+00 5.0631e+00
285 -9.6378e-01 5.4089e+00 1.2798e+00
286 2.2522e+00 -5.0720e+00 7.0807e+00
287 -2.8987e+00 -8.4313e+00 7.7445e+00
288 -3.0472e+00 -5.5549e+00 1.4689e+00
289 2.3909e+00 1.9814e+00 -1.5142e+00
290 -7.4606e-01 8.1354e-01 8.6840e+00
291 -4.5386e+00 5.4300e+00 4.1712e+00
292 -2.6082e+00 -5.6735e+00 3.3622e+00
293 -5.6279e-01 -4.6739e+00 2.8235e+00
294 2.0243e+00 1.4198e+00 9.7146e-01
295 3.2382e-01 -3.6710e+00 2.8385e+00
296 4.3082e-01 -4.6306e+00 3.4490e-01
297 -3.1415e+00 -3.1097e+00 3.9547e+00
298 -2.5526e+00 -1.7971e+00 2.4350e+00
299 7.8079e-01 -3.7205e+00 -7.3451e+00
300 -3.2276e+00 1.3223e+00 -5.2611e-02
301 -1.5553e+00 -2.2689e+00 -1.3703e+00
302 -1.0353e+00 -5.3742e+00 7.3251e-02
303 -3.6406e-01 -7.5282e+00 6.4576e+00
304 -2.5539e+00 -4.4569e+00 5.2612e+00
305 -5.6126e-01 -2.4128e+00 6.8600e+00
306 -3.3088e+00 1.7956e+00 1.6872e+00
307 -1.6934e+00 -4.1159e+00 3.4695e+00
308 -3.6634e-01 -2.3134e+00 3.1264e+00
309 -5.2106e+00 -6.0383e+00 5.3159e+00
310 4.3685e+00 -5.2393e+00 -1.0304e+00
311 -2.2852e+00 -4.3377e+00 5.7822e+00
312 8.3099e-01 -4.4621e+00 1.0029e+00
313 -4.0520e+00 -3.0266e+00 2.8880e+00
314 -2.8624e+00 3.6196e+00 4.5610e+00
315 3.0505e+00 3.6712e+00 6.7347e+00
316 6.1175e-01 -8.2868e+00 -1.1938e+00
317 -2.1504e+00 4.3319e+00 4.7174e+00
318 6.3944e-01 1.0191e+00 4.2562e+00
319 3.7739e-02 -5.3971e+00 2.1199e+00
320 -5.6907e-01 6.2546e+00 4.8488e+00
321 1.8759e+00 1.7708e+00 5.8973e+00
322 -2.8572e+00 -9.3749e+00 6.9073e+00
323 -3.7739e+00 -1.3353e+00 -1.8338e+00
324 2.5199e+00 4.6214e-01 4.2321e+00
325 9.5631e-01 -8.1156e+00 5.7997e+00
326 4.2617e+00 -2.6551e+00 9.0898e+00
327 -2.4457e+00 2.6327e+00 1.8652e+00
328 6.9524e-01 6.5438e-01 -1.2579e+00
329 -2.9090e+00 1.6069e+00 3.4979e+00
330 -4.3324e+00 -2.2779e-01 2.5349e+00
331 1.7071e+00 -6.9013e-01 2.0090e+00
332 -7.2727e-01 -2.9497e+00 2.5869e+00
333 -2.3370e+00 -1.0127e+00 4.1736e+00
334 -5.3303e+00 -4.5934e-01 5.9063e+00
335 -2.7205e+00 -9.5861e-02 8.6817e+00
336 -8.9328e-01 -1.9295e+00 1.1217e+01
337 -1.1188e+00 -3.9613e+00 5.2321e+00
338 4.3702e+00 -3.5866e+00 4.8760e+00
339 2.4248e+00 -3.5213e+00 5.5799e+00
340 -3.1322e-01 -6.7883e-01 9.2803e+00
341 -3.6498e+00 -4.5260e-01 5.6693e+00
342 9.5799e-01 -1.6855e+00 1.0941e+00
343 -6.7117e-02 1.3498e+00 4.3494e+00
344 -4.1570e+00 -5.3467e+00 7.9528e+00
345 -3.3438e+00 2.6775e+00 1.0053e+01
346 4.2495e-02 -4.1548e+00 4.3745e-01
347 -1.2128e+00 -3.7215e+00 7.5678e+00
348 7.8521e-01 -1.6343e+00 -4.1865e+00
349 1.3804e+00 -2.6676e+00 -4.3636e-01
350 2.6814e+00 -3.1934e+00 6.0633e+00
351 -2.5415e+00 2.5989e+00 3.9572e+00
352 -5.0897e+00 -5.9873e+00 1.6879e+00
353 2.6889e+00 -2.4891e+00 1.9116e+00
354 -6.1392e-01 -6.3859e-01 3.3453e+00
355 -4.1620e+00 -3.5027e+00 9.8443e-01
356 5.4101e+00 -4.8823e+00 -2.1369e-01
357 -1.6870e+00 -2.4940e+00 7.4852e+00
358 -3.7382e+00 -1.2880e+00 -3.1118e+00
359 5.4735e-01 -2.4655e+00 3.9409e+00
360 2.5555e+00 -2.0969e-01 -2.2471e-01
361 2.6470e-01 2.6684e+00 6.4493e+00
362 -4.1523e+00 2.7973e+00 6.5414e+00
363 -2.2932e+00 -2.2210e+00 -3.3464e+00
364 1.3429e+00 1.3688e+00 4.9901e+00
365 -2.5257e+00 -3.1607e-01 -2.2401e+00
366 3.5895e+00 4.4605e+00 5.1071e+00
367 7.2729e-01 1.7857e-01 4.6186e+00
368 -1.4945e+00 -5.4885e+00 6.1866e+00
369 -1.6037e+00 -1.2518e+00 9.8747e+00
370 8.3310e-01 -5.7079e+00 4.8730e+00
371 1.3079e+00 -7.5387e-01 2.1819e+00
372 -1.5198e+00 9.2503e-01 2.9460e+00
373 -1.5128e+00 -7.8926e+00 7.7121e-01
374 2.3210e+00 4.0395e+00 8.3360e+00
375 -6.8450e+00 6.2194e-01 7.3807e+00
376 5.6924e+00 -5.4595e+00 1.0838e+01
377 -3.3183e+00 -3.6025e+00 1.1219e+00
378 -3.1025e+00 -1.4524e+00 5.9447e+00
379 -1.3105e+00 -1.7387e+00 -4.6428e-01
380 -2.2567e+00 -3.8214e+00 4.3474e-01
381 3.3895e-01 2.9508e+00 2.7458e-01
382 -1.1690e+00 -2.9666e+00 -8.4937e-01
383 2.2540e+00 -5.2004e+00 -7.0565e-01
384 3.3813e+00 -7.2061e+00 -4.1829e+00
385 -5.1543e+00 -1.3470e+00 9.0469e+00
386 -6.4687e-01 -1.5104e+00 3.0057e+00
387 -6.8069e-01 -3.5478e+00 5.0107e+00
388 2.4616e+00 -3.6335e-01 3.7621e+00
389 -1.3725e+00 1.6602e+00 8.2820e+00
390 2.4636e-01 -2.6376e+00 2.4024e+00
391 -2.0721e+00 -1.3969e+00 8.0770e+00
392 -1.7576e-01 1.8666e+00 1.1622e+01
393 -3.6719e+00 -8.2857e+00 5.5768e+00
394 1.0865e+00 2.0928e+00 3.5894e+00
395 -2.1129e+00 -2.6742e+00 1.6205e+00
396 -1.4944e+00 -2.8025e-01 5.8477e+00
397 -4.8376e+00 -5.5611e+00 -2.2627e+00
398 1.6246e+00 3.0594e+00 7.5491e+00
399 -3.8075e+00 -2.6697e+00 3.9789e+00
400 5.5159e-01 1.4531e+00 3.6315e+00
401 1.6683e+00 -3.1504e+00 4.1924e+00
402 3.8180e-01 -4.1971e+00 -4.6275e+00
403 6.5288e-01 3.1096e+00 -3.0939e+00
404 8.0162e+00 -2.4976e+00 -6.3755e+00
405 -1.9383e+00 -7.0275e+00 8.9670e+00
406 2.8947e+00 -2.8729e+00 -3.5848e+00
407 -3.4219e+00 -4.6062e+00 2.0247e-01
408 7.5981e-01 5.9383e-01 8.5613e+00
409 -2.9279e+00 -3.7821e+00 2.8561e+00
410 -6.1421e-01 -7.4576e+00 1.4033e+00
411 -3.7507e+00 -8.3600e-01 1.8094e+00
412 -5.6526e+00 -7.2010e+00 6.5134e+00
413 -1.6428e+00 -2.5159e+00 -6.9584e-01
414 -6.9327e+00 -1.2524e+00 1.0894e+01
415 1.4310e+00 3.0897e-01 6.8890e+00
416 -9.6939e-01 -5.1742e+00 4.7018e+00
417 -2.4421e+00 -5.9914e+00 2.6785e+00
418 2.1963e+00 4.6732e+00 1.3159e-03
419 5.1683e+00 -1.1237e+00 3.2471e+00
420 7.1902e-01 2.8663e+00 4.8479e+00
421 -3.7515e+00 -2.7341e+00 8.6627e+00
422 7.5640e-01 -2.7652e+00 1.5405e+00
423 -5.4198e+00 2.2173e+00 1.0323e+01
424 2.1745e+00 -8.0115e-01 1.6426e+00
425 -3.0632e-01 -1.2826e-01 6.1281e+00
426 1.0465e+00 -5.1173e-01 3.0036e+00
427 2.4026e+00 -1.0420e+00 4.9971e+00
428 -4.1758e+00 -7.7838e+00 -3.1394e+00
429 -1.9315e+00 1.9208e+00 5.3868e+00
430 -1.9454e+00 2.1765e-01 2.1057e+00
431 3.3758e+00 -8.5515e+00 -5.8989e+00
432 -4.0301e+00 1.4257e-01 4.5675e+00
433 -1.5546e+00 -5.1002e+00 -2.7028e+00
434 2.6972e+00 -2.5591e+00 5.2122e+00
435 -1.2278e+00 -7.5739e+00 -5.4129e-01
436 1.2860e+00 6.5424e+00 3.9198e+00
437 -5.9663e-01 -6.7906e-01 4.4834e+00
438 1.4383e+00 -4.0167e+00 5.8064e+00
439 -3.1793e+00 -8.5290e+00 2.0988e+00
440 -1.2146e+00 -7.3922e-01 6.7310e+00
441 -5.1804e+00 4.4838e-01 2.0343e+00
442 -7.0036e+00 -4.3709e+00 9.7282e-01
443 2.9110e-01 -6.1693e+00 1.8495e+00
444 1.4524e+00 -2.0594e+00 1.3351e+00
445 -1.9152e+00 9.9216e-01 -5.2411e-01
446 -1.4869e-02 -1.8231e+00 7.9582e+00
447 2.5427e+00 2.6216e+00 -1.4871e+00
448 7.2330e+00 -1.9985e+00 2.3837e+00
449 -4.1365e+00 -9.4090e-01 1.3050e+00
450 1.1086e+00 -8.6349e+00 3.6774e+00
451 -4.2017e+00 -6.4692e+00 8.9216e+00
452 8.4995e-01 -3.2481e+00 -2.1500e-01
453 -3.3562e-01 2.5269e+00 1.2649e+00
454 3.3567e+00 4.9760e+00 4.2050e+00
455 -4.3002e-01 -8.6602e-01 -2.2548e-01
456 -8.3499e-01 -3.3228e+00 8.7756e+00
457 3.0451e+00 2.1947e+00 9.2862e-01
458 1.3918e+00 -2.6922e+00 9.3039e+00
459 -2.2687e+00 2.6324e-01 3.3028e+00
460 -3.8335e+00 -5.7917e+00 4.7102e+00
461 -9.9430e-01 -2.4382e+00 9.5231e+00
462 -2.4149e+00 -2.8468e-01 1.9538e+00
463 -7.0068e+00 -6.7974e+00 3.1559e-01
464 -1.4848e+00 -4.0572e+00 -3.7062e+00
465 -1.9550e+00 -5.0382e+00 5.1548e+00
466 -1.4048e+00 4.6837e+00 2.9832e+00
467 1.3509e+00 -8.4170e+00 -1.5550e+00
468 7.5374e-01 -4.8749e+00 2.3178e+00
469 -2.7218e+00 -1.2736e+00 8.4433e+00
470 3.4211e+00 -5.0669e+00 5.5768e+00
471 -4.4680e+00 6.1274e-01 -1.0824e+00
472 3.3256e+00 -6.1562e+00 2.9147e+00
473 -9.1505e-01 -5.7999e+00 -1.0725e+00
474 -1.7823e+00 6.0495e+00 2.2495e+00
475 2.1584e+00 -5.0405e+00 7.7333e+00
476 -2.7949e-01 -4.1678e+00 5.7802e-01
477 1.5225e+00 -1.6700e+00 4.7595e+00
478 -3.5745e+00 -3.7222e+00 5.4831e+00
479 1.3370e+00 2.3154e+00 1.0912e+01
480 -9.5598e-01 -3.0701e+00 2.5166e+00
481 -1.3407e+00 -2.1518e+00 -2.5334e+00
482 -3.7455e+00 -3.5876e+00 3.6191e+00
483 -1.4346e+00 -1.2643e+00 1.0784e+00
484 1.2508e+00 -4.7922e+00 6.5743e+00
485 -2.1046e+00 -5.7827e+00 9.1255e+00
486 -1.5873e+00 2.5995e+00 3.6285e+00
487 -1.3958e+00 -8.9880e-02 3.6370e-01
488 -2.9036e+00 -7.4101e+00 1.6551e+00
489 -1.3733e+00 -3.3640e+00 5.2963e+00
490 5.0716e+00 -8.0167e+00 1.3512e+00
491 -4.6103e+00 1.8057e+00 6.0486e+00
492 -4.2527e+00 -3.5255e+00 -4.4656e+00
493 4.6383e+00 -7.1686e+00 -3.9141e+00
494 2.2524e+00 -2.0384e+00 5.0388e+00
495 -2.7080e+00 -6.4120e-01 7.3061e+00
496 -4.3667e+00 -4.2410e+00 -3.0550e+00
497 -2.7543e+00 -2.1200e+00 -2.5621e+00
498 2.1051e-01 -7.2507e+00 1.2943e+00
499 -1.2443e+00 2.8960e-01 1.7239e+00
500 1.9035e+00 -1.5001e+00 -3.0412e+00
501 2.4687e+00 -2.7577e+00 3.2806e+00
502 7.5554e+00 3.4036e-01 7.5810e+00
503 -2.8038e+00 -6.1752e-01 -1.1981e+00
504 -4.4104e+00 -4.0932e+00 2.9527e+00
505 2.1757e+00 -1.3998e+00 9.7414e+00
506 7.9036e-01 7.2420e+00 1.2850e+01
507 -3.4132e+00 -7.2491e-01 4.7796e+00
508 -3.2367e+00 1.5919e+00 3.6505e-01
509 9.7888e-01 -4.3925e-01 5.6999e+00
510 -3.8614e+00 1.8421e-01 5.7836e+00
511 -2.1512e+00 -6.7087e+00 8.3443e+00
512 3.3982e+00 -4.3734e+00 4.0408e+00
513 -3.6220e+00 -4.6986e+00 -1.4252e+00
514 5.1691e+00 1.5152e+00 8.2940e+00
515 -2.8528e+00 2.9368e+00 3.3285e+00
516 1.5525e+00 5.1472e+00 1.0718e+01
517 -1.6393e+00 -7.6451e+00 -4.0177e-02
518 -2.2766e+00 2.4138e+00 3.7360e+00
519 -3.7392e+00 -2.3175e+00 6.3574e+00
520 -6.2477e-01 -5.1854e+00 1.9636e+00
521 3.0118e+00 -2.7469e+00 5.2492e+00
522 1.6581e+00 2.3482e+00 1.1984e+01
523 3.5298e+00 -6.3346e+00 1.0554e+01
524 -1.6909e+00 3.8689e+00 2.7935e+00
525 2.3472e+00 2.0875e+00 5.7861e+00
526 2.5731e+00 2.2297e+00 9.1729e+00
527 -3.9533e+00 5.1238e-02 1.1421e+01
528 -3.0581e+00 -3.3143e+00 3.8221e+00
529 -2.0364e+00 5.8495e-01 9.8008e+00
530 -3.8295e-01 -9.7206e-01 8.0719e-02
531 -2.5494e-01 -2.2697e+00 4.9729e+00
532 7.7148e-01 3.4871e+00 6.8721e+00
533 5.3166e-01 -5.9562e+00 3.7985e+00
534 -2.5744e-01 -8.7952e-01 5.0498e+00
535 -2.6807e+00 -5.7354e+00 7.5651e-01
536 -7.8469e-01 -5.0636e-01 1.1276e+01
537 -2.1574e+00 -7.4486e+00 8.8605e-01
538 -2.9389e+00 -1.2327e+00 4.3524e+00
539 2.7291e+00 1.0947e+00 -1.9318e+00
540 -3.8211e+00 -4.9567e+00 -1.3607e+00
541 -9.9337e-01 -1.7515e+00 -7.7578e-01
542 -3.2130e+00 -3.8692e+00 1.3375e+00
543 3.7036e+00 -5.9754e+00 2.1439e+00
544 1.7922e+00 -6.1772e+00 1.7790e+00
545 -3.6395e+00 8.3439e-02 5.1342e+00
546 -1.2297e+00 -3.7446e+00 2.0908e+00
547 1.5192e+00 -3.0302e+00 3.2169e-01
548 -3.1329e+00 -1.8181e+00 -9.6552e-01
549 -1.8674e+00 -1.1783e+00 4.1950e+00
550 -4.8147e-01 -6.8726e+00 1.5565e+00
551 -6.7286e-01 -2.7362e+00 7.5210e+00
552 1.6207e+00 8.6780e-01 4.9354e+00
553 3.5824e+00 -4.0554e-01 7.6194e+00
554 -7.7216e-02 9.3853e-01 7.7471e+00
555 9.4448e-01 8.7904e-02 5.0146e+00
556 -1.4504e+00 -7.0550e+00 6.9383e+00
557 -6.8722e-01 2.2234e-02 6.2890e+00
558 1.1433e+00 1.9501e-01 8.2909e+00
559 -2.3209e+00 2.3198e+00 7.8559e+00
560 9.3449e-01 -2.0366e+00 -3.7015e+00
561 1.4168e-01 -5.6168e-01 -1.0215e+00
562 -2.7053e+00 -3.1696e+00 -3.1854e+00
563 2.1865e-01 -6.4756e+00 4.0971e+00
564 -4.2271e+00 -3.4703e+00 6.1947e+00
565 -1.9790e+00 -7.1638e+00 4.2266e+00
566 2.3446e+00 4.7633e-02 1.4120e+00
567 -3.5962e+00 -3.8226e-01 1.3171e+00
568 3.5535e+00 -4.3176e+00 2.7856e+00
569 -3.8996e+00 2.8106e+00 7.1455e+00
570 1.2325e+00 -6.2913e+00 2.1554e-01
571 2.9975e+00 -1.2961e+00 1.4313e-01
572 -3.6345e+00 -1.9992e+00 7.3353e+00
573 -1.5764e+00 2.8943e-01 2.5580e+00
574 2.3604e+00 -4.9471e+00 9.0028e+00
575 5.8132e+00 -1.6510e+00 -2.7514e+00
576 1.2949e+00 -2.9053e+00 -3.9489e+00
577 2.1158e+00 -5.0030e+00 7.4747e+00
578 -1.3759e+00 2.4821e+00 -3.4687e-01
579 -5.9873e-01 3.1620e+00 4.2206e+00
580 8.2937e-01 -4.8215e+00 3.5865e+00
581 -2.4018e+00 -8.9264e+00 5.5423e+00
582 -7.9010e+00 4.6009e+00 3.6521e+00
583 -3.6931e+00 -2.7549e+00 -1.1798e+00
584 2.4457e+00 -4.1419e+00 5.5246e+00
585 -3.3280e+00 2.0262e+00 -2.6782e+00
586 2.4124e+00 -3.5452e+00 -6.0585e+00
587 -1.2371e+00 -1.3342e+00 2.4454e+00
588 -1.3090e+00 1.0458e+00 -7.6247e-02
589 3.9559e+00 1.6264e-01 9.4474e-01
590 -4.8490e+00 -3.8689e+00 3.8470e+00
591 7.9468e-01 -2.3667e+00 8.4878e-01
592 -9.8764e-01 -5.6014e+00 8.1884e+00
593 1.3196e+00 3.6422e+00 6.1943e-01
594 -3.8333e-01 8.9877e-02 9.3833e+00
595 -4.7123e+00 -4.9419e+00 1.5414e+00
596 2.0387e+00 -4.3248e+00 -4.7034e+00
597 4.8339e-01 2.5921e+00 5.9603e+00
598 9.4264e-01 7.0456e+00 3.9272e+00
599 3.5085e+00 -4.6904e+00 -1.6011e+00
600 -5.6321e-01 -1.1211e+00 6.7624e+00
601 -2.1861e+00 5.7027e+00 8.4700e+00
602 -5.5886e+00 -4.6210e+00 -4.5210e-01
603 -5.0304e+00 -2.5882e+00 6.4557e+00
604 -7.9620e+00 -2.6634e+00 6.2125e+00
605 2.5683e+00 -5.1826e+00 -6.4890e-01
606 2.9285e+00 5.9897e-01 4.4005e+00
607 4.4511e+00 -8.7731e-01 3.8511e+00
608 -1.3107e+00 -2.3028e+00 8.1017e+00
609 -6.8675e+00 6.6164e-01 6.5987e+00
610 -3.2058e+00 -5.0387e+00 5.5574e+00
611 -1.1914e+00 -6.0328e+00 3.5607e+00
612 -1.2963e+00 1.7154e+00 4.8367e+00
613 4.7114e+00 -3.0132e+00 8.5545e-01
614 -2.6049e+00 -1.0252e-01 -5.1816e-01
615 -4.4862e+00 5.1560e+00 2.6926e-01
616 -2.8782e+00 1.3105e+00 6.1369e+00
617 -1.2563e+00 -1.2443e+00 3.5913e+00
618 2.5445e+00 4.6286e-01 1.2575e+00
619 -4.9255e+00 -1.8490e-02 1.7500e+00
620 -2.9514e+00 2.5419e+00 2.0877e+00
621 -3.0374e+00 5.8777e+00 5.7566e+00
622 2.2947e+00 -1.0333e-01 3.4253e+00
623 -1.4033e+00 -1.5323e+00 3.9294e+00
624 -7.6986e-02 2.9111e+00 5.0929e+00
625 7.1813e-01 -4.3520e+00 2.0958e+00
626 -6.6756e-01 -2.9207e+00 -1.1639e+00
627 1.4787e+00 -4.5661e+00 6.6884e+00
628 -1.6133e-01 7.7090e-02 4.3196e+00
629 1.9184e+00 -1.6768e+00 3.9668e-01
630 -6.9011e+00 -1.0494e+00 4.1769e+00
631 -1.1455e+00 4.0710e-01 4.6140e+00
632 7.5780e-01 -1.8359e-01 5.4843e+00
633 -4.6019e+00 3.0831e+00 8.5268e-01
634 9.2948e-01 -6.8020e+00 -3.5262e+00
635 -2.8808e+00 -5.0513e+00 1.2965e+01
636 2.4346e-03 -8.4949e-01 4.0566e+00
637 -1.1110e+00 -3.7966e+00 5.7013e+00
638 -3.4595e+00 -4.9661e+00 3.0182e+00
639 -2.9821e+00 -1.7712e+00 1.9678e+00
640 1.0484e+00 -3.2317e+00 9.2136e-01
641 5.5499e-01 -3.9234e-01 3.6368e+00
642 -5.9906e-01 -8.0514e+00 4.4633e+00
643 5.3996e-01 -2.3551e+00 3.6932e+00
644 -3.6101e+00 -7.9409e-01 -1.7061e+00
645 -1.5163e+00 -8.7618e-01 9.6656e+00
646 -7.1114e+00 -2.0612e+00 1.2055e+01
647 -3.5073e+00 -2.0811e+00 -3.9070e-01
648 -2.5442e+00 -1.3688e+00 5.9546e+00
649 5.3685e+00 8.0156e-01 2.0571e+00
650 -1.6211e+00 -6.3495e+00 3.1297e+00
651 6.8071e-01 -7.9108e+00 2.1969e+00
652 9.0974e-01 5.7690e-01 5.3512e-01
653 -2.5869e+00 -7.3335e+00 6.9727e+00
654 -3.6196e-01 1.4502e+00 4.2315e+00
655 -1.5404e+00 -6.9982e+00 -3.4764e+00
656 -3.3546e+00 -4.3630e+00 4.1059e+00
657 1.0191e+00 -1.5302e+00 7.0792e-01
658 -7.0470e-01 -3.6332e+00 6.7727e+00
659 -3.7054e+00 7.9658e+00 6.8126e+00
660 -4.1651e+00 -2.5830e+00 -5.6598e-01
661 -3.7856e+00 -3.3281e+00 6.8459e+00
662 7.4407e-01 -1.4066e+00 2.7999e+00
663 -2.0240e-01 3.3238e+00 3.9732e+00
664 2.6165e+00 4.3795e+00 4.5039e+00
665 6.2087e-01 -6.6940e+00 6.1900e+00
666 -1.0531e+00 -3.6045e+00 9.7005e-01
667 2.1292e+00 1.7780e+00 3.1312e+00
668 -5.1911e+00 -3.8011e+00 2.6378e+00
669 1.7330e+00 -4.0370e+00 5.8260e+00
670 -5.4545e+00 -1.4997e+00 6.3384e+00
671 2.1416e-01 -4.7216e+00 9.7939e-01
672 -4.6899e+00 -4.9080e-03 2.7988e+00
673 -6.7734e+00 -4.6079e+00 2.8687e+00
674 5.6990e+00 -1.3772e+00 7.0771e+00
675 -3.8971e+00 -4.0641e+00 3.1581e+00
676 2.2025e+00 -1.7071e+00 -8.1522e-01
677 -3.0262e+00 -2.7101e+00 2.1628e+00
678 -3.2875e+00 -7.5139e+00 8.7746e+00
679 1.8328e+00 -6.0110e+00 7.3298e+00
680 -4.1716e-01 -1.8957e+00 7.6186e+00
681 3.4238e-01 -7.1006e+00 4.2817e-01
682 4.2592e+00 -7.4530e+00 -2.3704e+00
683 1.0269e+00 3.0352e+00 -1.6213e+00
684 -9.3097e-01 -5.0463e-01 3.4581e+00
685 -2.0902e+00 4.8841e+00 -3.8124e+00
686 -1.2422e+00 -7.0319e-01 4.6266e+00
687 -2.6298e+00 -6.3373e+00 -2.8989e+00
688 8.9060e-01 -2.1545e+00 -2.5047e+00
689 -8.1282e-01 -1.7178e+00 6.9643e+00
690 -3.9721e+00 -2.0236e+00 9.2502e+00
691 -2.3415e+00 1.2169e+00 -7.6049e-01
692 -4.3550e+00 4.5469e+00 1.0174e+01
693 2.5207e+00 -7.9583e+00 4.3146e+00
694 -4.5586e+00 -2.8221e+00 6.8095e+00
695 4.0809e+00 -3.2440e+00 -1.0804e+00
696 -5.2808e+00 -8.0300e+00 4.2823e+00
697 -2.2622e+00 -1.7553e+00 2.1412e+00
698 6.7952e+00 -1.5731e+00 8.6336e+00
699 -1.1219e+00 -2.3977e+00 8.7801e+00
700 3.3543e+00 -5.2360e+00 9.6956e-01
701 -2.2966e+00 -4.1458e+00 6.6483e+00
702 -1.5530e+00 3.3859e-02 5.6846e-01
703 -3.4048e+00 7.3271e+00 6.6961e+00
704 -1.1764e+00 -1.4278e+00 2.8565e+00
705 -3.1973e+00 -7.3203e+00 2.7918e+00
706 -4.9696e+00 -9.5033e-01 -8.2130e-01
707 1.3336e+00 -5.5853e+00 -3.9674e+00
708 -8.5996e-01 8.3877e-01 4.1427e+00
709 -4.9541e+00 7.2088e+00 6.6790e+00
710 -3.0862e+00 -2.6429e+00 6.9412e-01
711 -6.6489e+00 2.1870e+00 -1.9535e+00
712 -3.0307e+00 -5.2895e-01 2.9659e+00
713 -7.0081e+00 -9.9382e-01 7.3761e+00
714 2.0137e+00 6.2049e+00 1.0955e+01
715 1.2538e+00 8.2257e-01 7.1654e+00
716 2.5760e-01 -9.3836e-01 2.3166e+00
717 -1.8896e+00 3.0282e+00 -3.7453e+00
718 2.2591e+00 -4.4317e+00 7.9141e+00
719 -1.4852e+00 -6.2577e-01 6.4079e+00
720 -1.7589e+00 3.3303e-01 4.6813e+00
721 -4.0016e+00 -4.6569e+00 6.0389e+00
722 -3.1198e+00 -1.4803e+00 2.0086e-01
723 -4.0536e+00 -3.2146e-01 5.8639e+00
724 -2.4793e+00 -3.8333e+00 7.9585e+00
725 -1.6079e+00 6.6434e+00 8.8570e+00
726 4.5356e-01 -5.0451e+00 -4.0204e+00
727 -4.3567e+00 -1.7152e+00 5.1145e+00
728 2.2948e+00 -1.6902e+00 1.1900e+01
729 1.8305e-01 3.6072e-01 5.6322e+00
730 -2.7729e+00 -1.4133e+00 2.5848e+00
731 -2.2524e+00 -2.5766e+00 8.1985e+00
732 -4.4379e+00 2.2006e+00 3.3866e+00
733 -2.0307e+00 -5.6659e+00 -7.0270e-01
734 2.5777e+00 -6.1777e+00 8.3682e+00
735 -2.3302e-02 -1.6207e+00 2.4567e+00
736 3.1202e+00 -1.5538e+00 1.0823e+01
737 2.3514e+00 6.6644e-01 7.1360e+00
738 1.7940e+00 -5.2654e+00 7.0221e+00
739 -5.9911e+00 -4.7689e+00 4.1712e+00
740 -1.1399e+00 -1.3651e+00 6.9062e+00
741 -3.4657e-01 -8.1229e-02 4.2527e+00
742 -2.4424e+00 4.7123e+00 6.7096e+00
743 1.9460e-01 -3.4036e+00 5.0635e+00
744 2.0679e+00 -1.0944e+00 5.4940e+00
745 -4.7707e+00 -5.2908e+00 1.3302e+01
746 -3.4756e+00 2.8375e-02 4.2753e+00
747 3.1574e+00 -2.2538e+00 9.7622e-01
748 -3.1807e+00 3.2305e+00 6.3651e+00
749 7.4033e-02 6.8949e-01 -1.5874e-01
750 2.9087e+00 -1.1832e+00 1.2564e+01
751 3.2328e+00 -1.1277e+00 1.6898e+00
752 1.7041e-01 -4.6948e+00 1.4636e+00
753 -4.1181e-01 2.2129e-01 4.2244e+00
754 1.2498e+00 -1.3670e+00 5.1183e+00
755 -1.5588e+00 -8.2108e-01 6.0390e+00
756 -5.3585e-01 -5.6186e+00 -2.6136e+00
757 2.2971e+00 -3.1802e+00 5.4728e+00
758 -2.2207e+00 2.5205e+00 4.6509e+00
759 2.0331e+00 -8.5607e+00 9.0687e+00
760 -1.9791e+00 2.8463e+00 -3.5601e+00
761 -5.8338e+00 -1.1606e+00 8.4139e+00
762 -1.6924e-01 -4.5531e+00 -2.2267e-01
763 6.1664e-01 -2.6041e+00 1.8721e+00
764 -1.0488e+00 7.3777e-01 7.6049e+00
765 -3.5198e+00 1.7051e+00 2.3747e+00
766 -1.7655e+00 -1.5924e+00 -9.8334e-01
767 -1.4241e+00 -2.1651e-01 5.4352e+00
768 -7.9554e+00 -2.1980e+00 1.1328e+01
769 4.8174e+00 -3.8243e+00 -4.4291e+00
770 2.2628e+00 2.6685e+00 4.3228e+00
771 4.8223e-01 -7.1688e+00 -1.1539e+00
772 -4.3212e+00 -4.4585e+00 3.3940e+00
773 -2.3975e+00 -2.9540e+00 2.2657e+00
774 -4.7636e+00 -4.3850e+00 7.7942e+00
775 8.0322e-01 6.4158e-01 7.1245e-01
776 -1.8139e+00 -5.9577e+00 5.1833e+00
777 3.4213e+00 -8.0077e-01 7.6987e+00
778 1.2160e+00 1.8385e+00 3.7874e+00
779 1.4237e+00 -5.8803e+00 6.0216e+00
780 3.1176e-01 -3.3456e-01 1.0045e+01
781 7.0261e-01 -6.6678e+00 5.3847e-01
782 1.7242e+00 -2.5700e+00 8.2720e-01
783 5.3646e+00 -3.4462e+00 -1.3707e+00
784 1.9185e+00 2.0950e+00 4.0247e+00
785 -5.0309e-01 -6.9944e+00 5.8604e+00
786 -1.4470e+00 2.4206e+00 6.8027e-01
787 3.0357e-01 -6.6909e-01 1.0952e+00
788 -2.7672e+00 -5.4220e+00 8.4367e-01
789 -1.1160e+00 5.3862e+00 4.8632e+00
790 1.7461e+00 -2.6188e+00 -2.4800e+00
791 7.7296e+00 1.7153e+00 -2.4322e+00
792 1.8107e+00 -4.8541e+00 4.3516e+00
793 -2.9489e+00 -3.6014e+00 -5.2057e-01
794 -4.5722e+00 -2.0755e+00 3.7453e+00
795 1.7561e+00 -2.0525e-01 2.1643e+00
796 -2.9519e+00 7.1005e+00 5.9870e+00
797 4.5502e+00 -4.0550e+00 3.1163e+00
798 -4.6045e+00 -2.5924e+00 -9.0010e-01
799 1.4665e+00 -2.4621e+00 9.6994e+00
800 -4.8679e+00 -1.2849e-01 3.1848e+00
801 -1.8965e+00 3.4416e+00 1.9660e+00
802 -2.2854e+00 6.2468e-01 -2.3189e+00
803 -1.0927e+00 1.7811e+00 -9.1309e-01
804 -2.1491e+00 -1.1520e+00 -2.3868e+00
805 -5.2537e+00 9.2487e-01 7.1906e+00
806 6.0189e-01 9.6990e-01 7.7325e+00
807 6.7129e-01 -3.6868e+00 7.8530e+00
808 -1.0902e+00 3.6814e+00 6.3634e+00
809 -2.1675e+00 4.4209e+00 7.6526e+00
810 -3.0498e+00 -6.1240e+00 9.6299e+00
811 -5.7690e+00 -2.8321e+00 6.9246e+00
812 -6.9033e-01 -5.0297e+00 4.3133e+00
813 -2.8118e+00 9.0767e-01 1.1496e+01
814 2.5157e+00 -1.3169e+00 8.1652e+00
815 1.9309e+00 -7.5424e+00 1.9818e+00
816 -3.5137e+00 -3.5026e+00 -3.8328e+00
817 -1.6666e+00 -5.9329e+00 -8.8072e+00
818 4.5785e+00 3.6299e+00 4.5823e-01
819 -5.0109e+00 -7.9217e+00 5.1702e+00
820 -1.4928e-01 1.3857e+00 4.6167e+00
821 2.4732e+00 1.4607e+00 7.4456e+00
822 2.4553e+00 -1.7186e+00 8.1213e+00
823 3.7397e+00 -4.6024e+00 4.6760e+00
824 -4.7855e+00 -1.7373e+00 3.1797e+00
825 2.4985e+00 7.8625e-01 3.4876e+00
826 -2.6256e+00 -1.5920e+00 -9.1243e-01
827 -2.2647e+00 -4.1988e+00 6.6485e+00
828 -5.7190e-01 -1.8548e+00 3.1946e+00
829 -6.0445e+00 -6.7818e+00 2.2736e+00
830 -4.1830e-01 -7.4878e+00 2.3544e+00
831 -2.0722e+00 -2.1056e+00 4.9098e-01
832 4.6015e+00 -4.5955e-01 1.9383e+00
833 -4.3061e+00 -7.8720e+00 1.6993e-01
834 -3.9714e+00 -3.0459e+00 3.2717e+00
835 -2.8748e-02 1.4426e-01 8.0514e+00
836 -3.7227e+00 3.5597e+00 3.4405e+00
837 -4.6626e+00 7.8596e-01 2.4917e+00
838 -4.4572e+00 -1.1564e+00 5.5887e+00
839 -3.4879e-01 -2.0398e+00 1.9605e+00
840 -6.9855e-01 -2.3539e+00 3.2464e+00
841 -7.5623e-01 -2.8797e+00 7.1429e+00
842 -1.5012e+00 3.6849e+00 8.0194e+00
843 -1.6988e+00 -1.4406e+00 8.7982e+00
844 -2.0433e+00 1.3223e+00 1.0880e+00
845 -8.2406e-01 -3.9792e+00 -3.6550e+00
846 3.1327e+00 6.2697e-01 9.2759e+00
847 3.2868e+00 -4.1899e+00 -1.8267e+00
848 1.3660e+00 -2.1498e+00 1.1336e+00
849 -1.1661e+00 1.9974e+00 6.6418e+00
850 -4.3284e-01 -5.4699e+00 3.9076e+00
851 -8.2247e-01 -5.8404e+00 4.5013e+00
852 -4.9274e+00 -1.4322e+00 1.8578e+00
853 2.2361e+00 -4.4292e-01 5.9044e+00
854 -7.9871e+00 5.3746e+00 9.0593e+00
855 -3.6650e+00 7.9285e-01 7.9882e+00
856 -4.9428e+00 -2.2610e-01 1.3305e+01
857 -1.0453e+00 7.4157e-01 2.2525e+00
858 -1.0532e+00 -3.5701e+00 5.1247e+00
859 -5.0187e-01 1.1077e-01 8.7754e+00
860 -1.6716e+00 -2.8105e+00 3.1459e+00
861 6.5348e-01 1.3687e+00 3.2193e+00
862 -1.3661e+00 2.6768e-01 2.6506e+00
863 3.5614e+00 -2.7715e+00 3.4132e+00
864 3.2738e+00 -2.1234e+00 3.5019e+00
865 -6.3887e+00 3.7331e+00 3.6713e+00
866 2.3914e+00 -1.0392e+00 -5.3802e-01
867 -1.3573e+00 -4.4547e+00 2.2574e+00
868 3.1203e+00 -1.4982e+00 1.6242e+00
869 4.0806e+00 3.1837e+00 3.7743e+00
870 -6.0299e+00 1.4422e+00 1.0482e+01
871 -3.2598e+00 -3.4497e+00 8.1178e+00
872 -5.9316e-01 -6.9369e+00 5.0385e+00
873 2.1773e+00 -3.3606e+00 2.5373e+00
874 2.8828e+00 -6.7686e-01 3.0513e+00
875 1.7242e+00 4.5077e+00 4.3652e+00
876 1.8525e+00 -2.3273e+00 -2.7329e+00
877 -1.7822e-02 2.0821e-01 3.8218e+00
878 1.3600e+00 -4.0516e+00 -4.7472e-01
879 -3.0638e+00 3.1613e-01 -2.0999e+00
880 1.1816e-01 -2.2054e+00 3.3216e+00
881 -3.9408e+00 5.1105e+00 5.6224e+00
882 -1.9171e+00 6.6346e+00 5.6983e+00
883 1.5664e+00 2.0193e+00 6.5469e+00
884 1.7928e-02 -2.8081e+00 7.0737e+00
885 -2.6044e+00 3.9391e+00 9.6116e+00
886 -6.0689e+00 6.2813e+00 8.5691e+00
887 -3.9977e+00 -4.3468e+00 -2.5528e+00
888 -3.8198e-01 -5.3406e+00 2.4539e+00
889 3.3770e+00 -3.9043e+00 5.1231e+00
890 -8.0056e-01 -7.1529e-01 5.3170e+00
891 1.2350e+00 -1.2219e+00 -7.6482e-01
892 -1.1919e+00 1.5898e+00 6.8197e+00
893 -2.3507e+00 -2.4609e+00 4.2025e+00
894 -2.5331e-01 -3.9214e+00 4.1120e+00
895 -2.7468e+00 1.1811e+00 1.2179e+00
896 -4.9234e+00 -8.2802e-01 6.3199e+00
897 -7.2040e+00 1.1187e+00 1.7201e+00
898 -1.2719e+00 -5.7021e+00 7.8607e+00
899 1.6337e+00 -2.4908e+00 4.2861e+00
900 -5.6913e+00 -3.5705e+00 6.0171e+00
901 -3.5807e+00 -6.0400e+00 4.9734e+00
902 -1.8553e+00 1.7775e+00 8.3776e+00
903 3.3512e+00 -3.2063e+00 4.6585e+00
904 1.6159e+00 -8.7084e+00 6.5462e-01
905 -5.4081e+00 3.4037e+00 1.0653e+01
906 -3.5363e+00 -4.7495e-01 8.8493e+00
907 1.7402e+00 -1.2333e+00 4.7291e+00
908 -2.8338e+00 2.0562e+00 6.7113e+00
909 -4.3648e+00 2.4907e-01 6.2453e+00
910 5.6621e+00 -2.4614e+00 6.8802e-02
911 -1.6883e-01 3.7877e+00 3.8305e+00
912 -4.4107e+00 3.0956e-01 2.2215e+00
913 1.1125e+00 1.5369e+00 5.0648e+00
914 -1.9056e+00 -7.3652e+00 2.2410e+00
915 -3.8837e+00 -7.4237e-01 3.7389e+00
916 8.9964e-01 3.8177e-01 2.7234e+00
917 -4.2912e+00 -3.3580e+00 -3.8343e+00
918 -4.3566e+00 -2.9890e+00 9.3692e+00
919 -9.0243e-01 3.3365e-01 2.0174e+00
920 -3.3942e+00 3.5862e+00 8.8586e+00
921 -1.5079e+00 6.1259e-01 7.7303e-02
922 -4.7863e+00 -4.5329e+00 -5.1509e+00
923 -9.1048e-01 1.8114e+00 2.0681e+00
924 1.2021e-01 -7.2587e+00 3.5447e+00
925 1.0855e-01 -7.5769e+00 1.1476e-01
926 2.5533e-01 -7.8023e+00 7.0271e+00
927 3.7743e+00 -1.2489e+00 8.9562e+00
928 -2.9712e+00 -6.0589e-01 5.9516e+00
929 1.9368e+00 -1.5562e+00 7.7781e+00
930 -3.8630e+00 -9.4324e-01 4.6741e+00
931 -9.3364e-01 5.8431e+00 3.9872e+00
932 -3.0094e+00 4.8829e+00 8.5262e+00
933 -1.4844e+00 -1.9657e+00 8.6641e+00
934 -3.4175e+00 9.2115e-01 4.6556e+00
935 7.2391e-01 -4.7019e+00 8.7478e+00
936 1.2054e+00 -3.7787e+00 5.3800e+00
937 2.9272e+00 -5.0637e+00 3.1130e+00
938 -1.6657e-01 4.0138e+00 5.3330e+00
939 -2.7300e+00 -3.9634e+00 3.3448e+00
940 -5.1037e+00 -2.8397e+00 5.9670e-01
941 -1.9365e+00 -1.7079e+00 7.3389e+00
942 -1.5736e+00 -1.1111e+00 2.0922e+00
943 4.0870e-01 -2.1715e-01 2.6901e+00
944 9.3918e-01 4.0776e+00 5.8355e+00
945 -4.4524e+00 2.4399e+00 2.4912e+00
946 3.9066e-01 -2.6656e+00 3.2122e+00
947 -2.4837e+00 -1.5839e+00 -2.9585e-01
948 -1.8535e-03 2.3776e+00 2.0987e+00
949 -1.4582e+00 3.9207e+00 1.6279e+00
950 6.7313e+00 -1.8878e+00 6.9841e-01
951 4.5025e-01 -6.1892e-01 2.2582e+00
952 -4.8514e+00 1.4032e+00 1.8869e+00
953 -4.6570e+00 4.7529e-01 3.5124e+00
954 2.2285e+00 1.4665e+00 9.7596e+00
955 -5.7781e+00 2.3750e+00 4.1729e+00
956 -9.4474e-01 -3.2732e+00 7.2303e+00
957 1.3547e+00 5.4513e-01 5.8189e+00
958 -2.7087e-01 -1.4136e+00 5.2281e+00
959 -4.6712e+00 -2.8671e+00 1.6478e+00
960 -1.6447e+00 4.1806e+00 3.9728e+00
961 -7.4491e-01 2.8893e+00 -2.4860e+00
962 2.7769e+00 -4.9703e+00 7.6538e+00
963 1.1612e+00 -5.0227e+00 1.1954e+00
964 1.2052e-01 -5.3162e+00 4.3812e+00
965 -7.7374e-01 -1.6657e+00 4.0241e+00
966 1.2118e+00 1.2281e+00 6.9542e+00
967 -1.8527e-01 -3.3526e+00 1.3091e+00
968 -7.8706e-01 -2.8683e+00 7.9650e+00
969 1.8927e+00 -5.2243e+00 6.3724e+00
970 1.4528e+00 3.3662e-01 2.9253e+00
971 -1.4118e+00 2.6257e+00 7.4539e+00
972 2.6303e+00 -4.9064e+00 2.5897e+00
973 -7.4864e-01 -1.8200e+00 6.1776e+00
974 -4.3733e-01 1.8190e+00 3.4161e+00
975 -6.2303e-01 2.4791e+00 2.3535e+00
976 -1.4356e+00 -4.4560e+00 -1.5310e+00
977 2.2967e+00 -3.3090e+00 7.2365e+00
978 -4.3852e+00 -5.0050e+00 5.5208e+00
979 -4.6148e+00 -2.7113e+00 8.1068e+00
980 -7.5911e-01 -1.9355e-01 -6.8329e-01
981 3.9545e+00 -8.7167e+00 -1.3979e+00
982 1.6975e+00 -5.9923e+00 1.4757e+00
983 -2.8120e+00 -7.6053e+00 8.1159e+00
984 -1.6107e-01 -2.1515e-01 -1.1187e+00
985 2.0485e-01 1.2178e+00 2.7334e+00
986 -1.4110e+00 1.2198e-01 4.0397e+00
987 -2.6436e+00 5.5364e-01 4.7943e+00
988 -6.8673e-01 -5.4924e+00 2.0886e+00
989 1.5618e-01 -2.7514e+00 5.7731e+00
990 -1.4183e+00 -6.0142e-01 2.7723e+00
991 2.9455e+00 -1.4859e+00 5.6117e+00
992 5.0494e+00 2.7907e+00 4.0946e+00
993 -2.4833e+00 -4.3929e-02 4.3761e+00
994 2.4979e+00 4.0744e+00 1.6662e-01
995 3.6045e+00 2.8042e+00 7.0250e+00
996 2.1193e-01 3.4932e+00 6.3831e+00
997 1.9695e+00 -4.9212e+00 -6.1934e+00
998 -1.0450e+00 1.8412e+00 1.5867e+00
999 -4.1335e+00 -3.7027e+00 2.7189e+00
1000 -2.3674e+00 -2.4081e+00 -1.7042e-01
1001 3.1755e+00 1.9225e-01 8.8974e+00
1002 3.2616e+00 -3.3683e+00 -1.9805e+00
1003 -5.0287e+00 -7.7082e+00 1.9887e+00
1004 -5.2520e+00 -4.5635e+00 7.1535e+00
1005 -6.7213e-01 -4.2292e+00 8.0783e+00
1006 -1.4238e+00 1.7260e+00 1.2668e+01
1007 -1.4512e+00 -3.3918e+00 1.6116e+01
1008 1.9799e+00 2.7783e+00 1.8749e+01
1009 3.8350e+00 -1.9696e+00 7.9192e+00
1010 3.2900e+00 1.6897e+00 1.8521e+01
1011 3.7991e+00 -2.2920e+00 1.1001e+01
1012 -2.6283e+00 -2.6457e-01 1.2984e+01
1013 -3.2375e+00 2.1254e+00 1.8772e+01
1014 1.4148e+00 1.1444e+00 1.0357e+01
1015 -1.1333e+00 6.6908e+00 1.8651e+01
1016 -3.7817e+00 -2.5776e+00 1.5467e+01
1017 -2.6232e+00 5.8663e+00 1.8573e+01
1018 -1.8192e-01 3.4529e-01 1.5972e+01
1019 3.1144e-01 6.1452e-01 1.2968e+01
1020 -3.0277e+00 3.1542e+00 1.4918e+01
1021 1.6521e+00 -2.2938e-01 1.0948e+01
1022 2.2807e-01 -5.0899e+00 1.8485e+01
1023 -3.3423e+00 7.0031e+00 1.5560e+01
1024 -1.5242e+00 -2.9479e+00 1.8572e+01
1025 7.2127e-01 7.4867e-01 1.0443e+01
1026 -2.1071e+00 4.6108e+00 1.2014e+01
1027 -4.6885e+00 3.9050e+00 1.3405e+01
1028 -1.5189e+00 2.3803e+00 1.8443e+01
1029 -1.9015e+00 4.2326e-02 1.7327e+01
1030 1.5793e+00 1.8567e+00 1.7633e+01
1031 -5.2454e+00 -6.2997e+00 1.8752e+01
1032 1.1938e+00 1.5999e+00 1.8514e+01
1033 2.4259e+00 -2.8102e+00 1.6211e+01
1034 -1.5240e+00 -9.7956e-01 1.8122e+01
1035 3.9342e+00 -8.7322e-01 -8.2575e+00
1036 4.6332e+00 4.4362e+00 -8.1680e+00
1037 -2.1779e+00 1.3471e+00 -6.6237e+00
1038 2.9023e-01 1.2721e+00 -2.5350e+00
1039 -3.9519e+00 3.2928e+00 3.6465e+00
1040 -5.3735e+00 1.1849e+00 -7.6124e+00
1041 -7.3390e+00 1.7237e+00 -5.8979e+00
1042 -1.9487e+00 2.4426e+00 -5.6424e+00
1043 -3.2580e+00 -1.9574e+00 -8.1656e+00
1044 -3.1401e-01 -8.8069e-01 4.5408e+00
1045 -5.5745e+00 -1.9704e+00 -7.3545e+00
1046 -1.3430e+00 -4.5832e+00 -8.8409e+00
1047 -6.8046e+00 4.4315e+00 6.2778e+00
1048 -5.7214e+00 7.4852e-01 -4.1126e+00
1049 2.1379e+00 -7.1635e-01 -8.0993e+00
1050 -2.4189e+00 2.6279e-01 -6.3287e+00
1051 -6.5749e+00 -3.0599e+00 -7.1267e+00
1052 5.8971e-01 4.8767e+00 6.3879e+00
1053 -3.6429e-01 -4.7624e+00 -6.9295e+00
1054 -4.8255e+00 2.3248e+00 -8.1007e+00
1055 -5.3722e+00 2.8279e+00 -8.9477e+00
1056 -8.0041e-01 2.0160e+00 -5.8606e+00
1057 -2.3338e+00 1.4293e+00 -7.7478e+00
1058 -1.6978e-01 2.9411e+00 -4.6964e+00
1059 -4.5417e+00 1.2793e+00 -6.0117e+00
1060 2.0206e+00 -2.7089e+00 -6.0759e+00
1061 -1.1181e+00 2.1629e+00 -6.6897e+00
1062 -3.1859e+00 2.0919e+00 2.6354e+00
1063 -2.8858e+00 5.0168e+00 -6.4890e+00
1064 -6.1961e+00 5.0660e+00 -4.6531e-01
1065 -5.3821e+00 7.2367e+00 3.8092e+00
1066 3.4883e+00 2.8584e+00 -1.1856e+00
1067 2.8123e-01 -2.6844e+00 1.0758e+01
1068 2.4829e+00 5.8846e+00 9.5028e+00
1069 -3.6677e+00 6.6118e-01 4.8541e+00
1070 2.4514e+00 -2.1014e+00 7.2212e+00
1071 -1.1133e+00 -3.6942e-01 -4.6991e-02
1072 -5.2858e+00 3.6309e+00 7.7556e-01
1073 -3.0042e+00 -2.0940e-01 6.1710e+00
1074 2.3864e+00 -4.6267e+00 3.3737e-01
1075 -5.8984e+00 -5.0245e+00 4.8731e+00
1076 1.6479e+00 -5.8661e+00 6.5080e-01
1077 -1.0708e+00 -5.9371e+00 -5.9460e-01
1078 2.5365e-02 -7.6586e+00 5.1480e+00
1079 -2.5384e+00 -4.8666e+00 6.4204e+00
1080 -3.2786e+00 -4.7907e+00 6.7755e+00
1081 -2.0690e+00 5.2806e+00 6.9682e+00
1082 2.4806e+00 -5.1190e+00 2.6389e+00
1083 6.7856e-01 -2.4971e+00 -3.8834e+00
1084 1.4815e+00 -7.8349e-02 1.6638e+00
1085 -1.5146e+00 -1.8139e+00 9.0299e-01
1086 1.9321e+00 4.5908e-01 3.5939e+00
1087 3.6507e+00 2.4767e+00 1.0363e+01
1088 -4.5969e+00 -6.3977e+00 3.2063e+00
1089 4.3807e+00 1.2345e+00 1.0980e+01
1090 -2.2275e+00 -6.8647e+00 3.8983e+00
1091 -3.3767e+00 5.3340e+00 5.8846e+00
1092 6.4689e+00 -8.1524e+00 -2.7127e+00
1093 -3.7108e-01 3.9822e+00 7.3090e+00
1094 -9.9184e-02 5.5805e-01 1.1361e+01
1095 5.3899e-02 -4.1941e+00 2.9097e+00
1096 -2.6336e+00 7.4691e-02 3.1137e+00
1097 -1.2009e+00 -7.3577e+00 5.4332e+00
1098 9.1961e-01 -2.1970e+00 7.4089e+00
1099 -1.3967e+00 -5.9194e+00 3.4890e-02
1100 2.3619e+00 -9.3726e-01 -1.6216e+00
1101 -6.1972e+00 -5.4204e+00 -6.6718e-01
1102 -5.5335e-01 -2.6909e+00 9.0307e+00
1103 3.6649e+00 -2.4800e+00 2.2600e-01
1104 -8.0369e+00 2.7321e+00 3.8151e+00
1105 7.9822e-01 4.3085e-01 3.2123e-01
1106 -3.5184e+00 -5.4820e+00 3.9297e+00
1107 -2.0100e+00 -7.5690e+00 2.0076e+00
1108 -1.0278e+00 3.9835e+00 9.8037e+00
1109 1.6822e+00 -4.2556e+00 1.0554e+01
1110 -3.0204e+00 6.6927e-01 9.1639e+00
1111 1.2461e+00 1.2883e+00 -8.3127e-03
1112 -4.9618e-01 -4.0741e+00 6.0975e+00
1113 -8.7571e-01 1.5668e+00 6.1952e+00
1114 -3.8876e+00 -5.1178e-01 5.6509e+00
1115 3.1827e+00 -3.3999e+00 -1.9842e+00
1116 3.9415e+00 8.3459e-01 8.1402e+00
1117 -5.5939e-01 2.2285e+00 3.8715e+00
1118 7.0548e-01 -4.4891e+00 5.2294e+00
1119 -7.8795e-01 -3.4603e+00 3.9585e+00
1120 7.7892e-01 -1.2998e+00 6.8400e-01
1121 4.0214e+00 -3.8337e-01 -1.8993e-01
1122 -6.5602e-01 -1.8214e+00 5.7186e+00
1123 4.8917e+00 -6.9934e-01 2.4011e+00
1124 -4.3567e+00 1.8015e+00 7.5349e+00
1125 -4.4604e-01 -4.6918e+00 -1.7674e+00
1126 -2.9381e-01 2.8525e+00 5.5179e+00
1127 -1.7255e+00 -5.0399e+00 1.3237e+01
1128 -5.9968e-01 -7.8184e+00 1.3319e+00
1129 -7.5821e-01 -3.8886e+00 7.8986e-01
1130 -3.8192e+00 -6.1286e-02 -2.6617e+00
1131 1.0975e+00 3.2734e+00 7.9429e+00
1132 -2.5197e+00 4.5730e-01 4.4377e+00
1133 -2.7485e-01 -7.9079e+00 3.9070e+00
1134 -9.9754e-01 7.1088e-01 3.4436e+00
1135 9.0289e-01 1.6265e+00 -1.1392e+00
1136 -1.5248e+00 -3.7409e-01 5.2948e-01
1137 7.0410e-01 -2.2941e+00 9.5664e+00
1138 -2.7149e-01 -3.9705e-01 8.3905e+00
1139 -2.5310e+00 -2.6201e+00 1.9566e+00
1140 -3.2269e+00 -9.6144e-01 5.7448e+00
1141 -3.8080e-01 -4.0026e-01 7.6294e+00
1142 -2.6081e-01 2.5405e+00 6.8784e+00
1143 2.1080e+00 -4.0723e-01 5.7101e-01
1144 8.7633e-01 -3.5627e+00 1.0669e+01
1145 -2.7569e+00 -4.7956e+00 6.1603e+00
1146 -2.1114e+00 -3.7722e+00 -2.5171e+00
1147 1.5671e+00 -1.4897e+00 3.5476e+00
1148 -2.1120e+00 -1.1597e+00 1.0098e+01
1149 1.2683e+00 -4.9371e+00 5.6670e+00
1150 6.5222e-01 -4.2821e+00 1.8446e+00
1151 -3.1973e+00 6.2970e+00 7.5274e-01
1152 4.4648e+00 -3.7058e+00 7.7178e+00
1153 -1.8511e+00 -4.9338e+00 -3.3353e+00
1154 -4.6142e-01 5.1951e+00 -1.7540e+00
1155 -1.6550e+00 -8.4396e-01 3.3732e+00
1156 -1.5091e+00 -1.8343e+00 1.0949e+00
1157 4.6892e+00 6.6705e-02 9.0722e+00
1158 -2.1120e+00 -7.1236e-01 9.8157e+00
1159 6.4794e-01 -3.4239e+00 3.1121e+00
1160 4.1587e+00 -6.4336e+00 2.2017e+00
1161 -1.6944e-01 -3.4078e+00 -5.4217e-02
1162 -5.5757e-01 -1.2980e+00 7.3052e+00
1163 1.7575e-01 -5.8259e+00 8.9452e+00
1164 -5.2890e+00 -2.6095e+00 -1.9349e-01
1165 -2.5995e+00 -1.5924e+00 -2.0735e+00
1166 -2.3811e+00 -1.8693e+00 4.5294e+00
1167 -6.7649e+00 -5.2310e+00 2.1867e-01
1168 -4.9800e-01 -2.0678e+00 7.1528e+00
1169 2.1678e+00 -3.3085e+00 -9.4562e-01
1170 4.7885e+00 -4.8545e+00 8.7017e+00
1171 -5.7699e-01 -4.5403e-01 2.0490e+00
1172 3.1015e-01 -3.9145e+00 1.7922e+00
1173 -4.0052e+00 -7.7051e+00 7.2192e+00
1174 6.4439e-01 -6.8226e+00 1.6285e+00
1175 1.7670e+00 -3.0229e+00 1.1501e+01
1176 -4.5710e-01 -9.7350e-01 1.2847e+00
1177 -3.2393e+00 -6.9600e+00 -8.5243e-02
1178 4.9994e+00 -5.0601e+00 4.0437e+00
1179 3.5936e+00 1.4570e+00 2.9158e+00
1180 -4.2143e+00 6.2760e-01 -1.5134e-02
1181 3.8082e+00 -2.3310e+00 2.2000e+00
1182 -4.0699e+00 -5.0828e+00 4.5834e+00
1183 -8.4102e-01 -4.8750e+00 4.5869e+00
1184 1.3307e-01 3.7449e+00 4.7526e+00
1185 2.3490e+00 -2.9441e+00 5.0600e-01
1186 -3.9897e-01 -2.1044e+00 -3.8155e-01
1187 -5.4348e+00 -6.8430e-01 8.0650e+00
1188 -1.1488e+00 -4.7034e+00 2.9101e+00
1189 -6.4427e+00 -4.2564e+00 1.9197e+00
1190 3.1434e+00 -9.4341e-01 3.2234e+00
1191 8.5152e-02 -5.4092e-01 1.4052e-01
1192 -1.0905e+00 7.3374e-01 3.6188e+00
1193 -1.6170e+00 1.1937e+00 9.2539e+00
1194 -4.0546e+00 8.9795e-02 4.8657e+00
1195 -2.8088e+00 -7.4775e+00 7.8415e+00
1196 8.0002e-01 1.0304e+00 3.2207e+00
1197 2.8364e+00 -4.2115e+00 2.8954e-02
1198 -2.1721e+00 -7.9119e-01 -1.1721e+00
1199 -2.0594e+00 -2.8504e+00 -5.9770e+00
1200 5.1885e+00 4.6001e+00 2.1241e+00
1201 -1.1325e+00 -4.2565e+00 6.8461e+00
1202 -3.7953e+00 -7.8810e+00 2.6093e+00
1203 -2.4170e+00 -3.3548e+00 4.5665e+00
1204 -6.4402e+00 -2.1067e+00 1.3764e+00
1205 -2.1060e+00 -5.5253e+00 4.4118e+00
1206 -6.2815e+00 -4.2375e+00 -8.4211e+00
1207 -3.1584e+00 6.9812e+00 -9.3423e+00
1208 -6.3742e+00 -4.1877e+00 -4.5372e+00
1209 -2.4524e+00 -2.2413e+00 -1.9323e-01
1210 -6.6280e-01 1.6423e+00 -6.9254e+00
1211 4.7402e-01 1.1935e+00 8.4756e+00
1212 -6.7029e-01 -3.7712e+00 6.1433e+00
1213 -1.1589e-02 -5.8174e+00 2.7202e+00
1214 -5.3624e+00 -5.5099e+00 7.4493e+00
1215 -8.3028e-02 -1.1982e+00 5.1307e+00
1216 2.1492e+00 -3.2870e+00 3.2297e+00
1217 -5.2237e+00 -2.8054e-01 1.0085e+01
1218 -5.0226e+00 -3.1706e+00 -5.1414e-01
1219 -1.0287e+00 -1.7046e+00 -3.7902e+00
1220 -2.3524e+00 -2.2912e+00 6.1153e+00
1221 3.6342e+00 -6.7045e-01 5.7676e+00
1222 -1.9466e+00 -1.9100e+00 4.3631e+00
1223 1.0161e+00 -5.0467e-01 6.7111e+00
1224 -5.6670e+00 -2.6265e+00 -8.4160e+00
1225 -3.8773e+00 -5.7739e+00 -8.0232e+00
1226 -5.4283e+00 -3.6262e+00 8.7741e+00
1227 6.2817e-01 -6.0559e+00 6.7297e+00
1228 -7.5885e+00 -6.6318e+00 2.0324e+00
1229 -3.4450e+00 2.9989e+00 8.5933e+00
1230 7.6916e-01 -4.4911e+00 9.0657e+00
1231 1.1616e+00 8.0978e-02 6.3190e+00
1232 -1.8858e+00 -2.4610e+00 1.7210e+01
1233 -3.8000e-01 3.5734e-01 1.2928e+01
1234 2.7922e+00 1.3545e+00 7.8653e+00
1235 -2.9830e+00 -1.7724e+00 -8.7252e+00
1236 -1.4096e+00 -3.6678e+00 -4.0419e+00
1237 9.8068e-01 1.3052e+00 -8.6319e+00
1238 2.0147e-01 -5.3679e+00 2.6141e-01
1239 -7.7970e+00 -2.8092e-01 3.0395e-01
1240 -5.7183e-01 -4.7974e+00 -5.3817e-01
1241 8.0080e-01 1.7443e-01 5.1676e+00
1242 -5.1686e+00 -6.3725e+00 9.2911e+00
1243 -3.9719e+00 -8.5535e+00 -3.2172e+00
1244 5.0079e+00 2.1691e+00 -7.8593e+00
1245 -4.5417e+00 2.2534e+00 -1.3547e+00
1246 -1.7928e+00 -3.9051e+00 4.9862e-01
1247 -3.1493e+00 -8.0113e+00 1.0145e+01
1248 2.2118e+00 -3.8395e+00 1.2578e+00
1249 -4.4875e+00 6.5975e-01 -9.2380e+00
1250 -8.2263e-01 -8.2475e+00 -9.0916e+00
1251 -1.8568e+00 -3.2774e+00 -2.7001e+00
1252 -2.5207e+00 -4.3657e-01 -9.1302e+00
1253 -1.1071e+00 4.6940e-01 7.2285e+00
1254 6.7073e-01 -4.7504e+00 -9.1617e+00
1255 -1.0059e+00 -5.6172e+00 -5.1554e+00
1256 -1.7608e+00 -2.7226e+00 -8.5873e+00
1257 1.5189e+00 3.4979e+00 -8.2269e+00
1258 -8.8554e-01 -9.8916e-01 -8.6704e+00
1259 -4.9273e+00 -1.4296e+00 -3.9356e+00
1260 -5.3448e-01 -5.2036e+00 8.8495e+00
1261 -3.3891e+00 -7.7442e+00 -8.0752e+00
1262 -2.1713e+00 4.0221e+00 -9.3500e+00
1263 -2.0537e-02 -4.2352e+00 -9.3587e+00
1264 5.2904e-01 1.9492e+00 -9.1686e+00
1265 8.1192e-01 -2.0605e+00 -4.2346e+00
1266 -3.9696e+00 -3.0373e+00 -9.3885e+00
1267 5.3713e-01 -3.1017e-03 -8.3751e+00
1268 -4.0938e+00 -6.3517e+00 -8.9150e+00
1269 -3.8891e+00 5.2453e-01 -4.0043e+00
1270 -1.1586e+00 -3.7821e+00 -8.3852e-01
1271 -6.6396e+00 -6.9069e-01 -7.7840e+00
1272 -1.9376e-01 -6.7328e+00 -4.5864e+00
1273 -2.7271e+00 -3.0361e+00 -4.2758e+00
1274 -4.0522e+00 3.4630e+00 6.5151e-02
1275 -1.3226e+00 -5.5282e+00 -3.8726e+00
1276 -1.8837e+00 -6.4711e-01 -8.7425e+00
1277 -1.8328e+00 -1.7814e+00 -8.9046e+00
1278 -2.2011e+00 -2.8359e+00 -9.1680e+00
1279 -4.3513e+00 -3.5211e+00 -7.6499e+00
1280 -2.3313e+00 -4.1102e-02 -9.3517e+00
1281 -4.2687e+00 -4.7320e+00 -8.4421e+00
1282 -1.6240e+00 -7.8845e+00 -7.1333e+00
1283 -1.3715e+00 1.2741e+00 -7.5069e+00
1284 1.2816e+00 -8.3196e-01 -8.8497e+00
1285 -2.2723e+00 -6.4106e+00 -9.1264e+00
1286 2.9573e-01 -5.0420e+00 -8.7068e+00
1287 -2.4924e+00 -2.6308e+00 -5.7318e+00
1288 -7.2474e-01 -4.8502e+00 -2.0341e+00
1289 4.5212e+00 -4.0021e+00 4.8493e+00
1290 -2.3930e+00 -7.2430e+00 -6.3734e+00
1291 -6.9764e-01 -7.1381e+00 -9.2374e+00
1292 -2.2785e+00 -3.5873e+00 -9.1277e+00
1293 -3.5918e+00 -6.0969e+00 -6.9828e+00
1294 7.0032e-01 -6.3872e+00 -4.5492e+00
1295 -1.0728e+00 -6.2605e+00 -9.3860e+00
1296 -1.5461e+00 -5.3000e+00 4.1748e+00
1297 -3.9863e+00 -5.4610e+00 -8.8631e+00
1298 -3.9600e+00 -5.7766e+00 -9.3257e+00
1299 -3.9166e+00 -1.5572e+00 -5.1081e+00
1300 -4.2833e+00 1.5987e+00 -1.1735e+00
1301 -1.9692e+00 1.1862e+00 -2.1317e+00
1302 1.8117e+00 2.2668e+00 1.9672e+00
1303 -2.0339e+00 3.6491e+00 -1.4094e+00
1304 -4.0955e+00 5.1118e+00 -2.8927e+00
1305 1.6174e+00 5.2559e+00 1.4601e+00
1306 1.7424e+00 -1.4960e+00 -3.3336e+00
1307 1.3098e+00 3.5231e+00 -6.8826e+00
1308 6.5425e+00 -2.4622e-01 1.9928e+00
1309 -5.6328e-01 3.3417e+00 -5.3883e+00
1310 1.4456e+00 9.8987e-01 2.2140e+00
1311 1.2632e+00 1.0565e+00 3.1954e+00
1312 -2.9555e+00 1.5804e+00 -4.6070e+00
1313 -3.0787e+00 3.5671e+00 -2.6955e+00
1314 -1.5681e+00 3.9591e+00 4.6705e+00
1315 6.4720e-01 3.9935e+00 1.2002e+00
1316 -3.6503e-01 -1.5312e+00 1.3412e+00
1317 5.6925e-01 -2.4032e+00 -4.0011e+00
1318 1.3794e+00 4.7820e+00 -4.5133e+00
1319 2.4803e+00 4.6881e+00 -7.2347e-01
1320 -1.7722e+00 5.6026e+00 1.6162e+00
1321 -2.3518e+00 1.0224e+00 6.5001e-01
1322 -5.2892e-01 1.2292e+00 -5.1049e+00
1323 -5.1821e-01 1.9404e+00 -5.5681e+00
1324 2.4764e+00 1.6935e+00 5.4397e+00
1325 1.8528e+00 2.8317e+00 4.9660e-01
1326 -7.7440e-01 -4.4555e+00 3.6889e+00
1327 1.3527e+00 8.7754e+00 7.1861e+00
1328 2.8801e+00 3.3695e+00 -4.1899e+00
1329 -5.7988e-02 5.5181e+00 5.5250e-01
1330 -7.2592e-02 3.7681e+00 -1.1762e+00
1331 -2.9384e+00 6.3614e-01 -5.6106e+00
1332 -1.4321e-01 1.3404e+00 -1.5344e+00
1333 2.2897e+00 -9.8975e-01 -3.9730e+00
1334 4.1247e+00 4.1683e+00 1.8213e+00
1335 -7.3439e-01 -9.1387e-01 -4.8109e+00
1336 -3.8982e+00 -2.7820e+00 1.7369e+00
1337 5.7943e+00 4.1594e-01 -4.8860e+00
1338 -1.1593e+00 4.7530e+00 -6.2400e-01
1339 -1.8532e+00 3.0473e+00 -5.5376e+00
1340 -1.9291e+00 2.6503e+00 -1.9387e+00
1341 5.5611e-01 7.5984e+00 -2.1207e+00
1342 -3.6605e-01 1.7491e+00 -3.8322e+00
1343 2.3521e+00 2.1324e+00 2.8591e+00
1344 -1.0141e+00 6.3351e+00 -7.1391e+00
1345 -2.6462e+00 -1.5431e+00 9.1594e-01
1346 6.4081e-01 4.4954e+00 4.5929e-01
1347 3.9398e+00 4.6057e+00 4.0835e+00
1348 5.7555e+00 2.5672e+00 -4.2875e+00
1349 2.1809e+00 4.2687e-01 -3.8154e+00
1350 2.6657e+00 3.0999e+00 -3.3857e+00
1351 1.8717e+00 -2.1751e-02 -2.8289e+00
1352 2.7386e+00 2.1240e+00 -3.7746e+00
1353 -3.6849e-01 1.3538e+00 1.4740e-01
1354 -1.5521e+00 2.3390e-01 -1.8295e+00
1355 6.5643e-01 3.3160e+00 -3.3013e+00
1356 2.8171e+00 6.6304e+00 -1.9540e+00
1357 9.7408e-01 5.8280e-01 -6.4210e+00
1358 -3.1564e+00 5.8153e+00 -5.1973e+00
1359 1.7183e+00 4.3621e+00 -4.2078e+00
1360 -1.0080e+00 2.3303e-01 -1.2852e+00
1361 2.8356e+00 -9.7020e-02 -8.9384e+00
1362 5.5950e-01 -2.2024e+00 -7.8155e+00
1363 2.3110e+00 4.2859e-01 -1.8548e+00
1364 4.4489e+00 3.7355e+00 -5.1021e-01
1365 -1.3477e+00 3.5680e+00 -2.5484e+00
1366 2.3802e+00 1.9005e+00 1.1907e+00
1367 3.1737e+00 2.8528e+00 1.1568e+00
1368 -1.4782e+00 2.2476e+00 -4.4721e+00
1369 -4.7704e+00 -1.5340e+00 -4.2377e+00
1370 2.0647e+00 5.9074e+00 -4.3346e+00
1371 2.0028e+00 -7.0952e-02 -1.3260e+00
1372 -1.9628e+00 7.1126e+00 -2.6714e-03
1373 1.0161e+00 2.0326e+00 -5.1192e+00
1374 -1.4318e+00 4.1261e+00 -1.0004e-01
1375 -4.5416e-01 -9.4542e-01 6.3470e+00
1376 -1.9564e+00 5.8860e+00 -2.4194e+00
1377 1.0208e+00 -4.5012e+00 -1.9633e+00
1378 -2.5444e+00 1.4735e+00 -9.7679e-01
1379 -4.2272e+00 -4.3654e+00 -1.0791e-01
1380 -1.3206e+00 2.3690e+00 -5.8132e+00
1381 -1.2028e+00 -1.6936e+00 -7.8823e+00
1382 2.9176e+00 4.7945e-01 -9.8170e-01
1383 -2.1638e+00 3.6844e+00 -3.4989e+00
1384 -1.4588e+00 -1.0097e+00 2.7162e-01
1385 -2.7067e+00 1.4211e-01 -5.4541e+00
1386 -1.6607e+00 1.8241e-01 -2.7798e+00
1387 4.5150e+00 2.7077e-01 -2.4229e+00
1388 -1.6621e-01 6.0482e+00 -5.7231e+00
1389 -1.1217e+00 1.7579e+00 -6.9155e+00
1390 3.9210e+00 2.1810e+00 -1.6436e-01
1391 3.4929e+00 3.6505e+00 -2.3003e-01
1392 2.6766e+00 9.0995e-01 -8.1636e+00
1393 -3.0510e+00 2.5733e+00 -9.3871e+00
1394 9.6106e-01 1.3723e+00 -5.2131e-01
1395 3.5551e+00 4.3267e+00 1.4613e+00
1396 -3.8012e-01 1.1967e+00 -3.0864e+00
1397 -4.4909e+00 -1.6748e+00 9.6119e-01
1398 2.9785e+00 2.6537e+00 -4.3528e+00
1399 2.9440e+00 -4.9215e-03 -5.0687e-01
1400 -1.4542e+00 1.7301e+00 -1.9692e+00
1401 -2.6684e+00 4.7861e-01 -1.8660e+00
1402 -2.1687e+00 1.9080e+00 -4.4845e+00
1403 4.6495e+00 3.5725e+00 4.5421e-03
1404 1.5510e-01 3.2843e+00 9.2816e+00
1405 -7.4092e-01 2.7453e+00 -2.8674e+00
1406 1.2330e+00 1.2443e+00 -2.5639e+00
1407 -4.6357e+00 2.1058e+00 -8.6959e+00
1408 -5.2378e+00 2.8192e-01 1.2101e+01
1409 1.6071e+00 -1.4019e+00 1.7324e+00
1410 -5.0063e+00 -2.8186e-01 1.2331e+01
1411 2.9284e+00 -6.6903e+00 1.0843e+01
1412 -2.9140e+00 5.5461e+00 9.4500e+00
1413 1.4812e-01 1.4874e+00 -2.6299e+00
1414 -3.0429e+00 3.5506e+00 3.7384e+00
1415 -3.5939e+00 3.5497e+00 -1.3604e+00
1416 -2.8137e+00 5.3974e-01 9.9497e+00
1417 -2.1768e+00 -2.7575e-01 4.8033e+00
1418 -1.4779e-01 -6.6076e-01 7.8745e+00
1419 7.9572e-01 -1.0015e+00 -4.3488e+00
1420 -6.6231e+00 5.3264e+00 4.1236e+00
1421 -5.7601e+00 -1.0754e+00 -1.0098e+00
1422 -7.9058e+00 2.4831e+00 -2.6886e+00
1423 -5.0091e+00 -8.1731e-01 1.1186e+00
1424 -3.9332e+00 -9.4927e-01 -4.0011e+00
1425 -2.0990e+00 -1.1820e+00 -2.4039e+00
1426 1.9359e+00 3.6073e+00 -2.3249e+00
1427 1.2748e+00 4.4215e+00 -4.8369e+00
1428 -3.5089e+00 2.9805e+00 1.4360e+00
1429 -4.7806e-01 -1.1137e+00 -4.9162e+00
1430 -2.0163e+00 2.0066e+00 -8.6596e+00
1431 6.3741e-01 2.1101e+00 -6.3861e+00
1432 2.1194e+00 7.1899e+00 -1.5387e+00
1433 -1.3664e+00 5.1082e+00 -7.1545e+00
1434 -3.8461e+00 3.5666e+00 -6.6787e+00
1435 -4.9663e+00 2.6549e+00 8.3282e+00
1436 8.8512e-01 4.1952e+00 -6.6146e+00
1437 -3.0807e+00 6.3149e+00 -7.1162e+00
1438 -5.5893e+00 -4.8768e+00 -5.9274e+00
1439 -4.7288e+00 3.0823e+00 1.2567e+01
1440 -4.0182e-01 2.9006e+00 -1.2743e+00
1441 -4.6556e+00 2.0077e+00 -8.5907e+00
1442 -4.8755e+00 1.8401e+00 -5.6628e+00
1443 5.3096e-01 -2.6958e+00 1.1643e+01
1444 -1.9526e+00 -2.7254e+00 -4.2054e+00
1445 -2.9563e+00 1.3972e+00 -4.4461e+00
1446 -5.2536e+00 1.8477e+00 6.2068e+00
1447 -9.0808e-01 1.6690e+00 3.2964e-02
1448 -5.8937e-01 -7.6199e-01 1.4701e+00
1449 2.6956e-02 -5.2654e+00 2.5322e+00
1450 -2.7271e-01 -6.8308e+00 -8.2807e+00
1451 -1.0239e+00 -4.7066e+00 -2.6802e+00
1452 -4.5811e+00 -6.9008e+00 -6.2556e+00
1453 -4.1396e+00 -5.7284e+00 -7.0594e+00
1454 -1.4815e+00 -1.6807e+00 -5.7362e+00
1455 -4.7817e+00 -5.6854e+00 -8.3721e+00
1456 4.6135e+00 -1.8866e-01 -4.3907e+00
1457 2.2173e+00 -4.7795e+00 -9.3079e+00
1458 -8.5622e-01 -8.0052e+00 -7.5390e+00
1459 2.2134e-01 -7.3724e+00 -5.3071e+00
1460 1.8667e-01 -2.1735e+00 -8.4603e+00
1461 -2.9486e+00 -3.7226e+00 -9.0698e+00
1462 2.8943e+00 -6.4219e+00 -8.9862e+00
1463 1.9318e+00 1.5269e+00 -7.2271e+00
1464 7.6952e-01 -3.2572e+00 -7.5504e+00
1465 -1.4372e+00 -3.1823e-02 -5.6240e+00
1466 5.3461e+00 4.2862e-01 -9.3791e+00
1467 -2.0382e+00 5.6284e-01 -8.4769e+00
1468 -1.3025e+00 -4.6482e+00 -8.5980e+00
1469 2.0409e+00 -5.8713e+00 -9.0416e+00
1470 -3.8693e+00 -4.1037e+00 -7.1823e+00
1471 4.2309e+00 1.5617e+00 -9.2866e+00
1472 1.9218e+00 -7.6299e+00 -7.2886e+00
1473 1.6489e+00 6.0823e-02 -9.3653e+00
1474 1.4922e-01 -8.7396e-01 -2.7626e+00
1475 4.5405e+00 -7.1442e+00 -8.9890e+00
1476 4.2208e+00 1.2977e+00 -8.5004e+00
1477 -6.0093e-01 -6.5008e-01 -6.7691e+00
1478 2.8467e+00 -7.4222e+00 -7.8618e+00
1479 -2.1193e+00 -3.5694e+00 6.3536e+00
1480 2.7662e-01 -9.3481e-01 1.0190e+01
1481 2.7182e+00 1.9650e+00 -9.2241e+00
1482 -2.5678e+00 -4.2114e-01 -9.3569e+00
1483 1.0448e+00 -7.9539e+00 -5.3014e+00
1484 -3.0296e+00 -2.4398e+00 8.7702e+00
1485 -4.4870e+00 -4.2882e+00 -7.2205e+00
1486 -4.2653e+00 -4.2802e+00 2.5351e-01
1487 3.4779e+00 -1.2405e+00 -8.6372e+00
1488 6.8066e+00 -3.9060e+00 -2.9130e+00
1489 4.3155e+00 -4.6686e+00 -8.6228e+00
1490 -4.5757e+00 -5.0134e+00 -8.5878e+00
1491 4.3859e+00 4.6792e+00 -8.6572e+00
1492 2.3871e+00 6.3282e-01 -7.6831e+00
1493 5.1004e+00 1.3283e+00 -6.8379e+00
1494 -1.5655e+00 -3.9774e+00 5.5644e+00
1495 -9.9986e-01 -8.7918e-01 -6.3944e+00
1496 1.9189e+00 7.2688e-01 9.6120e-01
1497 -5.5294e-01 -5.8325e+00 -5.2574e+00
1498 3.6024e+00 -4.6270e+00 -7.2167e+00
1499 4.5439e+00 -5.3381e+00 -7.0455e+00
1500 1.9004e+00 -7.7404e+00 -8.9760e+00
1501 1.1167e+00 -5.5285e+00 2.8397e+00
1502 2.2665e+00 -4.1488e+00 6.3917e+00
1503 -1.5449e+00 -6.0137e+00 -8.2626e+00
1504 1.6209e+00 -2.9878e+00 -7.4403e+00
1505 7.2597e-01 -6.0919e+00 -4.7192e+00
1506 5.6980e+00 -3.0865e+00 -9.2250e+00
1507 1.4430e+00 2.2734e+00 3.4779e+00
1508 -1.8526e-01 -3.9709e+00 -8.3988e+00
1509 4.3308e+00 -4.1662e+00 -3.7096e+00
1510 -4.6500e+00 -2.6186e+00 -6.2817e+00
1511 3.0634e+00 -3.0503e+00 -1.9930e+00
1512 -2.9976e+00 -3.5584e+00 -6.5169e+00
1513 6.1666e-01 2.1826e+00 -2.3893e+00
1514 -1.3245e+00 -4.5575e+00 -4.3625e+00
1515 -7.1907e-01 -5.2098e+00 -3.0189e-01
1516 1.9286e+00 5.8390e-01 -3.8075e+00
1517 -2.9824e-01 -9.4997e-01 -2.9220e+00
1518 -1.4108e+00 -7.1613e-01 -5.3786e+00
1519 -2.3562e+00 -3.2029e+00 -8.9811e+00
1520 -1.7848e+00 1.7554e+00 -3.5088e+00
1521 -5.1859e+00 -3.4344e+00 -5.4569e+00
1522 -1.8711e+00 -4.7270e+00 -9.2832e+00
1523 2.5208e+00 1.9343e+00 -9.0099e+00
1524 -3.0628e+00 -5.7928e+00 -8.9886e+00
1525 -3.4272e+00 -5.3467e+00 -8.2339e+00
1526 -1.8162e+00 -5.0834e+00 -8.3577e+00
1527 -3.2820e+00 1.1398e+00 1.0747e+01
1528 3.5757e+00 -5.2582e+00 1.1320e+01
1529 -7.2658e-01 -5.1327e+00 -2.4453e+00
1530 -2.3778e+00 -9.8978e-01 -2.6729e-01
1531 2.2369e+00 4.4241e+00 4.7708e+00
1532 3.2232e-01 -2.3087e+00 5.7462e+00
1533 -1.4162e+00 -3.5305e+00 3.0699e+00
1534 -2.9039e+00 -3.3928e+00 8.9259e+00
1535 -2.0563e+00 -6.0821e+00 4.6906e+00
1536 7.1369e+00 -5.2012e-01 -1.5775e+00
1537 3.9777e+00 1.6445e+00 1.7971e+01
1538 -4.0364e+00 -5.1946e+00 1.8370e+01
1539 -4.9877e-01 -2.8155e+00 1.7899e+01
1540 3.5130e+00 -4.5391e+00 1.6646e+01
1541 -2.4783e+00 -7.7197e+00 -7.9537e+00
1542 -2.7581e-01 -4.2071e+00 1.6722e+01
1543 -4.0076e+00 -8.2292e-01 1.8613e+01
1544 -2.7311e+00 -4.4247e+00 1.8167e+01
1545 -5.1839e+00 -6.0234e+00 1.0871e+01
1546 -1.4658e+00 -6.0196e+00 -2.2424e+00
1547 5.7806e+00 -4.0087e+00 -3.4969e+00
1548 -4.0777e-01 -2.8697e+00 -6.7491e+00
1549 3.0685e-01 -3.4533e+00 1.4837e+00
1550 1.6106e-01 -1.8495e+00 1.0104e+01
1551 -9.6245e-02 -4.1338e+00 5.6226e-01
1552 -2.6595e+00 -2.0179e+00 6.0303e+00
1553 -9.2004e-01 -6.0370e+00 8.1708e+00
1554 6.8442e-01 -5.9624e+00 1.0857e+01
1555 -3.0433e+00 -3.6161e+00 -8.9569e+00
1556 -1.7181e+00 -2.4362e+00 5.0256e+00
1557 -2.1599e+00 -3.7726e+00 -3.7818e+00
1558 -9.5233e-01 -3.7089e+00 4.6155e+00
1559 -4.8778e+00 2.3934e+00 -6.5632e+00
1560 -2.2443e+00 -3.7009e+00 1.2289e+01
1561 -8.4811e-02 1.0063e+00 -5.6800e-01
1562 -4.3910e+00 -1.0649e+00 4.4177e+00
1563 -1.3347e+00 -1.8422e+00 4.5940e+00
1564 -2.3933e+00 -6.2224e+00 -8.8865e+00
1565 1.7382e+00 -3.7883e+00 3.6495e+00
1566 -3.3755e+00 -5.3027e+00 7.7389e+00
1567 -1.1199e-01 -7.5603e+00 5.1668e+00
1568 3.0467e+00 1.1546e+00 -5.4862e+00
1569 2.1982e+00 -5.9516e+00 -6.4497e+00
1570 -8.7507e-01 1.4227e+00 1.5524e+01
1571 -1.6448e+00 -1.5187e+00 5.0177e+00
1572 -2.1193e+00 -2.0895e+00 7.8706e+00
1573 1.2540e+00 -1.6323e+00 5.2616e+00
1574 2.6308e+00 -2.4805e+00 4.1162e+00
1575 -2.1454e+00 -4.5371e+00 9.7612e-01
1576 -2.9188e+00 -4.1604e+00 -1.9478e+00
1577 -1.2097e+00 -6.5887e+00 6.4792e+00
1578 1.3484e+00 -2.3770e+00 -9.3339e+00
1579 -2.5230e+00 -5.2542e+00 -8.2516e+00
1580 2.7979e+00 7.8077e-02 -1.1879e+00
1581 -1.4199e+00 -7.4197e+00 -3.3259e-02
1582 -8.3164e-01 -5.6135e+00 1.8686e+01
1583 9.0526e-02 -6.2863e+00 1.8754e+01
1584 -2.8300e+00 -5.9407e+00 1.8573e+01
1585 -3.4399e+00 3.7904e+00 1.8739e+01
1586 -1.4637e+00 -1.0779e+00 1.8730e+01
1587 -5.2045e+00 -2.7934e+00 1.8662e+01
1588 -5.6188e-01 -3.6075e-01 1.7618e+01
1589 -1.8243e+00 -1.6892e+00 1.1604e+01
1590 -7.4263e+00 -3.1602e+00 4.7851e+00
1591 1.3206e+00 -2.9269e+00 -3.6505e+00
1592 -3.4274e+00 -4.7052e+00 -1.1480e+00
1593 -3.4933e+00 -1.6232e+00 6.1112e+00
1594 -1.1021e+00 -3.4090e+00 1.1288e+00
1595 -1.4133e+00 -3.7662e+00 2.1369e+00
1596 -2.4877e+00 -5.9526e+00 -5.9094e+00
1597 2.0212e+00 -2.5435e+00 5.3366e+00
1598 1.9709e+00 -6.4019e+00 7.0732e+00
1599 9.5310e-01 -5.0637e+00 -8.3465e+00
1600 -1.0862e+00 -4.0443e+00 6.4117e-01
1601 -4.5185e+00 -5.6633e+00 5.2639e+00
1602 -2.9283e+00 -2.3507e+00 -1.1817e+00
1603 -3.2818e+00 -5.1733e+00 1.0126e+01
1604 -7.6287e+00 -1.8162e-01 1.1282e+00
1605 -2.1953e+00 1.0988e+00 1.1497e+01
1606 3.0639e+00 -6.2851e+00 -1.1030e+00
1607 2.1892e+00 -1.9895e+00 9.0528e+00
1608 3.6857e+00 -6.7752e+00 5.7802e+00
1609 3.5126e-01 4.6225e+00 -8.6143e+00
1610 -3.2665e+00 2.9800e-01 -9.0914e+00
1611 -1.4700e+00 -8.4127e+00 2.7950e+00
1612 -1.7528e+00 -2.3912e+00 -3.3416e+00
1613 1.0977e+00 2.2940e+00 7.9959e+00
1614 -1.1597e-01 -1.2074e+00 3.1681e-01
1615 1.2599e-01 -4.5296e+00 1.1751e+00
1616 4.1923e+00 2.2724e+00 3.8808e+00
1617 -1.5911e+00 -4.5227e+00 -8.7188e-01
1618 -4.6625e-01 1.8269e+00 7.3600e+00
1619 1.9957e+00 5.4021e-01 5.6212e+00
1620 -7.1589e+00 -6.3084e+00 7.2768e+00
1621 4.8329e+00 -7.1933e+00 5.2747e+00
1622 -1.4241e-01 -2.4662e+00 1.1081e+00
1623 -5.5809e-01 2.8131e+00 1.0362e+01
1624 -9.4866e-02 -4.9253e+00 -5.2994e+00
1625 2.7545e+00 4.6569e+00 7.3210e+00
1626 1.6602e+00 4.4130e+00 5.3545e+00
1627 -2.7678e+00 2.7476e+00 6.7402e+00
1628 5.3687e+00 -8.9497e+00 -2.3716e+00
1629 -3.5477e+00 -5.2019e+00 -7.9720e-01
1630 -2.9448e+00 -7.6467e+00 9.2507e-02
1631 -3.2353e+00 2.0599e+00 5.8369e+00
1632 1.8876e+00 -8.4489e-01 1.6025e+00
1633 -1.1758e+00 7.6909e-01 2.2289e+00
1634 -4.0718e+00 -8.6518e-01 1.8270e+00
1635 2.7021e-03 -2.1385e-01 4.2572e+00
1636 -2.4380e-01 -3.4201e+00 1.1540e+01
1637 4.9853e-01 -4.3487e+00 7.0116e+00
1638 1.2950e+00 -1.3448e+00 6.6465e+00
1639 4.3365e+00 -3.8179e+00 1.0965e+01
1640 -4.5974e+00 4.6157e-01 5.1889e+00
1641 -3.1652e+00 -1.6507e-01 2.1261e+00
1642 2.1140e+00 5.5965e-01 -2.4243e+00
1643 2.2219e+00 -1.7867e-01 2.6750e+00
1644 -4.5758e+00 -2.1232e+00 1.5246e+00
1645 -2.7023e+00 -3.3317e+00 4.0203e+00
1646 2.2450e-01 -4.6899e+00 1.0314e+01
1647 -5.9660e+00 -5.8531e+00 5.6974e+00
1648 -1.7313e+00 -1.7032e+00 -1.8401e+00
1649 -3.5618e+00 2.0431e+00 1.8967e+00
1650 1.1741e+00 -2.7716e+00 1.7712e+00
1651 -2.2737e+00 -5.3966e-01 1.8581e+00
1652 -4.3053e+00 -2.1874e+00 3.3692e+00
1653 -1.6537e+00 3.0592e+00 1.6115e+00
1654 -2.2597e+00 1.2393e+00 1.8586e+00
1655 -2.5056e+00 -2.6199e+00 5.7712e+00
1656 -3.2310e+00 -5.6562e+00 -4.2615e-01
1657 1.4042e+00 -5.9464e+00 2.6753e-01
1658 3.2930e+00 -2.1425e+00 1.4756e+00
1659 -3.9924e+00 -3.9116e+00 7.2596e+00
1660 5.1283e+00 -2.6121e+00 2.4740e+00
1661 -3.1830e+00 -1.9920e+00 1.5439e+00
1662 -1.8832e-01 -3.4002e+00 8.7246e+00
1663 1.2607e+00 4.7573e-03 9.3142e-01
1664 -2.1885e+00 3.2732e+00 7.3632e+00
1665 -1.4738e-01 1.0425e+00 1.0474e+01
1666 1.9781e+00 2.4535e+00 1.0193e+01
1667 -1.7884e-01 -6.3046e+00 -5.8201e-01
1668 2.3451e+00 -1.8994e+00 -1.2955e+00
1669 -9.1039e-01 1.9242e+00 2.4106e+00
1670 1.7587e+00 -5.8888e-01 -6.4700e+00
1671 3.2551e+00 -2.4365e+00 5.2949e+00
1672 -3.3642e+00 7.1024e-01 4.5392e+00
1673 -3.9966e+00 -5.9243e+00 -8.5780e-01
1674 2.3532e-01 -5.7552e-01 6.5048e+00
1675 3.0300e+00 -6.4448e+00 8.7611e+00
1676 -1.5211e+00 7.7470e-01 8.2551e+00
1677 -4.8860e+00 2.8425e-01 3.4309e+00
1678 -4.0015e+00 -2.5766e+00 2.9359e-01
1679 1.9677e+00 -1.5178e+00 4.7958e+00
1680 -5.9509e+00 2.7979e-01 -2.8647e+00
1681 -7.1146e-01 3.1317e+00 3.4644e+00
1682 1.7500e+00 5.6965e+00 5.0414e+00
1683 9.0121e-02 -3.7361e+00 2.2222e+00
1684 -1.0873e+00 -9.7745e-01 4.3969e+00
1685 -1.3826e+00 -1.0330e+00 1.0104e+01
1686 -4.5321e+00 -4.1078e+00 2.9654e+00
1687 -3.3164e+00 -2.5721e+00 -3.2866e+00
1688 -4.3018e+00 -2.8373e+00 6.1260e+00
1689 3.0055e+00 -2.4340e+00 7.5501e+00
1690 -1.3184e+00 6.1025e-01 -1.7358e+00
1691 -9.1437e-01 -4.2608e+00 -2.5968e+00
1692 -3.7779e+00 -7.1635e+00 -2.8762e+00
1693 1.1679e+00 -2.2179e+00 1.1698e+00
1694 -6.1495e+00 -5.3580e+00 1.6137e+00
1695 1.8095e+00 3.0304e+00 1.8417e+00
1696 2.7526e+00 3.5709e+00 -1.2045e+00
1697 -4.3980e+00 -3.0642e+00 6.3541e-01
1698 1.9315e+00 -1.0223e-01 7.2085e+00
1699 -2.9577e+00 8.4116e-01 7.1737e+00
1700 -1.7280e-01 -4.1338e+00 1.5397e+00
1701 -5.6794e+00 7.5504e-01 6.7996e+00
1702 -7.9811e-01 5.8408e+00 5.9791e-01
1703 -4.4616e+00 1.3813e+00 5.3897e-01
1704 -3.7305e+00 -4.5888e-01 2.1305e+00
1705 -1.0560e-01 -3.5145e+00 4.7814e+00
1706 1.3046e+00 -3.6351e+00 5.7131e+00
1707 -1.9512e+00 -5.1609e+00 -2.3329e+00
1708 2.9955e-01 -6.0575e+00 1.8229e+00
1709 -1.1719e+00 4.8746e+00 4.4719e+00
1710 -4.5738e-01 -2.5320e+00 5.3875e+00
1711 -6.4907e+00 2.9370e-01 6.8600e+00
1712 1.1083e+00 -6.4240e+00 8.3628e-01
1713 4.2168e+00 -1.1112e+00 8.5046e+00
1714 4.1060e+00 -1.2080e+00 -1.8112e+00
1715 3.7221e+00 1.3565e+00 8.8931e+00
1716 4.8915e-01 2.5844e+00 4.2959e+00
1717 -3.1252e+00 -1.0016e+00 7.1960e+00
1718 -4.3035e+00 -7.1902e+00 5.0481e+00
1719 -5.3163e+00 -4.5343e+00 -5.9298e-01
1720 3.7991e+00 -4.4481e+00 9.5747e+00
1721 -6.5104e-01 -6.7503e+00 1.9093e+00
1722 -7.1436e-01 -2.2280e+00 -7.3969e-01
1723 -2.3534e+00 2.0152e+00 8.1034e+00
1724 7.3162e-01 -2.4212e+00 -1.4086e+00
1725 -9.5036e-01 -4.4614e+00 6.0399e-01
1726 -2.2167e+00 -7.0279e+00 -4.4674e+00
1727 -3.9748e+00 -4.0697e+00 8.3585e+00
1728 -9.5130e-01 -1.4535e+00 -7.8237e-02
1729 3.5244e-01 6.1401e+00 1.9873e+00
1730 6.1754e-01 -4.1916e+00 6.2577e+00
1731 -6.7685e-02 1.5019e-01 6.8716e+00
1732 1.2868e+00 -2.4802e+00 8.2321e+00
1733 -3.6592e+00 -2.9455e+00 5.1417e+00
1734 -4.0604e+00 -2.7215e+00 4.8047e+00
1735 -6.7694e-01 1.7832e-01 -7.1149e+00
1736 -1.8018e+00 1.4701e+00 6.3038e+00
1737 -3.0364e+00 -4.0529e+00 6.4781e+00
1738 1.7422e+00 -2.5784e+00 1.0920e+01
1739 -5.6346e+00 -1.3987e+00 3.8481e-02
1740 -1.1400e+00 -5.7336e+00 4.5422e-01
1741 1.7946e+00 -1.0362e+00 5.5553e+00
1742 -6.9892e-01 8.6965e-01 5.0886e+00
1743 3.7304e+00 6.2503e+00 6.3412e+00
1744 -1.2711e+00 1.5665e+00 1.0144e+01
1745 1.0315e+00 -2.9859e+00 9.8690e+00
1746 1.4376e+00 -1.4698e+00 -2.6419e+00
1747 -2.9115e+00 -1.6946e+00 1.4945e+00
1748 -3.7381e+00 -1.5103e+00 4.5733e-01
1749 -2.1345e+00 -4.0931e+00 -1.4422e+00
1750 8.7142e-01 -1.5055e+00 8.3075e+00
1751 4.6969e+00 -7.0229e+00 2.2242e+00
1752 -2.6056e+00 1.7458e+00 1.2264e+01
1753 1.5170e-01 -5.0602e+00 -6.4537e-01
1754 6.5888e-01 -4.0978e+00 6.1879e+00
1755 -2.3853e+00 -5.1504e+00 -1.0869e-01
1756 -6.7496e+00 3.6206e-01 -2.6020e-01
1757 -2.3899e+00 -8.3390e-01 3.0518e+00
1758 2.9052e-01 -2.1483e+00 5.3736e+00
1759 1.0177e+00 5.2177e+00 4.2831e+00
1760 -3.8874e+00 -7.2754e-01 5.5153e+00
1761 -1.3110e+00 -2.0904e+00 5.1666e+00
1762 -3.0612e+00 2.9217e-01 3.1521e+00
1763 -5.9882e+00 -1.8884e+00 1.1056e+01
1764 -1.2504e+00 -3.8051e+00 5.9626e+00
1765 -5.9349e+00 -2.7714e+00 -1.6842e+00
1766 -4.6454e+00 -3.9200e+00 6.3922e+00
1767 -1.9168e+00 2.8780e+00 3.3880e+00
1768 3.4691e-01 4.3117e+00 6.7687e+00
1769 -3.7809e+00 2.0791e+00 5.1251e+00
1770 -5.9619e+00 -9.3788e+00 2.1165e-01
1771 2.3228e+00 -4.4007e+00 9.9531e+00
1772 -2.9062e+00 -7.0561e+00 3.9566e+00
1773 -3.9889e+00 1.0490e+00 2.7236e+00
1774 2.4200e+00 5.4119e-01 3.4733e+00
1775 -3.9581e+00 -5.5708e+00 -8.2737e-02
1776 1.1184e-02 -2.3126e+00 6.0950e+00
1777 -4.1067e+00 -2.5985e+00 2.1921e+00
1778 -1.0931e+00 5.7601e-02 -7.0168e-02
1779 -2.5050e-01 2.6649e+00 1.4858e+00
1780 -1.5779e+00 7.3618e+00 8.0983e+00
1781 -3.4062e+00 -5.9183e+00 6.1790e+00
1782 -1.0922e+00 -9.2457e-01 3.6101e+00
1783 1.1791e+00 -9.8837e-02 3.9412e+00
1784 -5.3467e-01 1.5536e+00 3.5126e+00
1785 -2.1119e+00 4.1856e+00 8.5788e+00
1786 -3.8764e+00 -6.5625e-01 9.5736e+00
1787 2.3704e+00 -4.0528e+00 1.8613e+00
1788 -3.5707e+00 -3.0066e+00 -3.9065e+00
1789 1.5810e+00 -5.5130e+00 2.0526e+00
1790 -2.0524e+00 4.6329e+00 5.4446e+00
1791 -1.0461e-01 -1.0815e+00 8.7929e+00
1792 8.7183e-01 -4.2110e-01 6.9253e+00
1793 -6.6346e-02 4.9687e+00 9.9010e+00
1794 1.0457e+00 -2.3702e+00 1.0522e+01
1795 -6.1364e+00 -7.9008e+00 5.2674e+00
1796 4.4467e-01 -2.1148e+00 4.1126e+00
1797 3.5628e+00 -4.1485e-01 8.3925e+00
1798 -2.3941e+00 -8.7177e-01 -8.1641e-01
1799 -4.1437e+00 5.6750e-01 -2.3146e+00
1800 3.5287e+00 -2.5030e+00 4.6134e+00
1801 -8.2668e-01 -2.4812e+00 2.2939e+00
1802 -4.2126e+00 -3.0715e+00 6.6573e+00
1803 -4.4150e+00 -4.4457e+00 -6.5416e+00
1804 -5.9038e+00 -5.6876e+00 -1.0399e+00
1805 5.4793e-01 -1.9149e+00 3.6501e+00
1806 3.7933e+00 -2.3295e-01 8.0700e+00
1807 -5.4855e-01 1.0849e+00 1.0390e+01
1808 9.3387e-01 -1.4357e-01 1.5084e+00
1809 -4.6772e+00 1.1616e-01 3.3018e+00
1810 -2.2833e+00 4.8725e+00 -1.0731e+00
1811 -2.1094e+00 2.0824e+00 1.5583e+00
1812 -2.6417e+00 -5.1082e+00 3.8679e+00
1813 6.2094e-01 -1.4059e+00 9.1791e+00
1814 -2.0562e+00 -4.8061e+00 8.2056e+00
1815 -5.9053e-01 -2.7707e+00 1.9115e+00
1816 -6.4431e+00 -3.4080e+00 2.5522e+00
1817 5.0669e-01 -4.2582e+00 -4.2868e+00
1818 -3.5691e+00 -1.2006e+00 -1.6859e+00
1819 -1.2424e+00 -5.6824e+00 5.0568e+00
1820 6.0001e-01 2.6063e+00 9.9458e+00
1821 1.5905e+00 -3.8331e-01 -7.3481e+00
1822 -1.9218e+00 -5.6946e+00 1.0282e+01
1823 -9.2806e-01 -4.3612e+00 -1.5576e-01
1824 1.9321e+00 -5.8644e+00 5.9708e+00
1825 5.9626e-01 -7.8630e-01 6.3376e+00
1826 -8.3512e-01 -4.1400e+00 8.9804e+00
1827 -9.9058e-01 -5.4410e+00 3.8692e+00
1828 1.1528e+00 -4.4042e+00 7.0397e+00
1829 -3.0406e-01 9.5663e-02 7.5124e+00
1830 -1.7667e+00 3.8791e+00 8.3820e+00
1831 -6.1110e+00 -1.3664e+00 -3.2297e+00
1832 -2.4962e+00 -4.7440e+00 -6.0140e-01
1833 -1.9648e+00 -3.5601e+00 5.0177e+00
1834 -9.6548e-01 -1.5119e+00 3.1825e+00
1835 -3.9093e+00 -7.2424e+00 1.9414e+00
1836 9.6129e-01 -1.7908e+00 3.9827e+00
1837 1.9346e+00 1.3909e+00 7.1115e+00
1838 4.2427e+00 -2.7318e+00 2.5379e+00
1839 -1.4295e+00 -4.6293e+00 5.2696e-01
1840 -3.5202e+00 -5.6652e-01 7.3157e-01
1841 4.1502e+00 -2.0804e+00 6.6039e+00
1842 -2.1304e+00 2.3736e+00 4.8040e+00
1843 2.3882e+00 -1.6595e+00 7.0027e+00
1844 -1.9612e+00 3.6537e+00 1.3145e+00
1845 1.3889e-01 -6.3797e+00 8.3085e+00
1846 1.7959e+00 -2.7084e+00 4.1668e+00
1847 -1.5880e+00 -2.4950e+00 2.2245e+00
1848 3.0254e+00 1.9735e+00 1.8322e+00
1849 -1.9934e+00 -1.5935e-01 4.3932e+00
1850 -4.5362e+00 6.6010e-01 2.6147e+00
1851 -7.4905e-01 -5.0558e+00 -2.7929e+00
1852 -7.9010e-01 -3.3629e-01 1.8439e+00
1853 1.6983e+00 -7.0004e-01 3.1905e+00
1854 -7.1073e-01 -5.1107e+00 7.1904e+00
1855 -2.8908e+00 -1.9178e+00 5.4771e+00
1856 1.3886e+00 1.4547e-01 6.5423e+00
1857 3.7069e+00 -5.6612e+00 5.2196e+00
1858 1.0159e+00 -1.8339e+00 5.1719e+00
1859 -4.9566e+00 -4.1255e+00 1.1241e+01
1860 1.2827e+00 -1.9508e+00 6.3636e+00
1861 -9.2919e-01 8.1367e-01 3.5627e+00
1862 -8.0589e-01 -2.6528e+00 4.6082e+00
1863 8.4700e-01 -2.4000e+00 5.2816e+00
1864 -6.8238e-01 -3.2265e+00 2.0705e+00
1865 -1.8975e+00 7.5434e-01 -2.2332e-01
1866 -2.9076e+00 -5.9324e+00 1.9967e+00
1867 3.3203e+00 -1.4426e+00 3.7726e+00
1868 -2.0559e+00 5.1415e+00 7.8801e+00
1869 -3.1157e+00 3.4627e+00 -1.2038e+00
1870 -2.3854e+00 -1.1243e+00 7.3038e+00
1871 -2.3748e+00 -6.4223e+00 1.0499e+01
1872 -1.3095e+00 1.4549e+00 7.7919e-01
1873 -5.6352e+00 6.3475e-01 3.0088e+00
1874 -6.6199e-01 -4.0028e+00 6.3100e+00
1875 -4.4233e-01 2.2441e+00 6.9820e-02
1876 -1.4275e+00 -1.9982e+00 3.4100e+00
1877 -4.0088e+00 -2.0722e+00 3.0759e+00
1878 -4.4587e-01 -4.1490e+00 6.7875e+00
1879 -2.3534e+00 4.0683e-01 7.2323e+00
1880 -1.8770e+00 2.3045e+00 2.4122e+00
1881 2.7550e+00 -3.9113e+00 -8.4168e-01
1882 -4.5715e+00 1.9584e+00 4.0844e+00
1883 2.4014e+00 -1.1745e+00 -2.5290e-01
1884 3.2295e+00 -3.1271e+00 4.8859e+00
1885 6.7824e-01 -6.1161e+00 5.9677e+00
1886 -4.3013e+00 1.4260e+00 6.3239e+00
1887 -3.7338e+00 -5.4088e-01 5.6376e+00
1888 1.2119e+00 1.0994e+00 9.3040e+00
1889 1.1570e+00 8.8360e-01 6.1337e+00
1890 4.3505e-01 -1.1131e+00 2.7933e+00
1891 -3.6065e+00 -4.3789e+00 2.9773e+00
1892 -8.8580e-01 -5.3186e-01 8.1884e+00
1893 -5.5939e+00 -1.5699e+00 2.6814e+00
1894 -1.5797e+00 -5.7291e+00 3.0067e+00
1895 -4.5428e+00 3.2273e+00 2.2314e+00
1896 1.8691e+00 -2.6477e+00 8.9123e-01
1897 5.4238e+00 1.4449e+00 3.6165e+00
1898 -7.3359e+00 -5.0652e+00 -3.2888e+00
1899 -1.5931e+00 5.3829e+00 3.8990e+00
1900 2.9615e-01 1.2743e+00 5.8894e+00
1901 -2.3136e+00 -5.5771e+00 2.3791e+00
1902 1.9630e-01 -5.2731e+00 1.6228e+00
1903 4.6127e+00 -3.0295e+00 1.1461e-01
1904 -3.5027e+00 -5.8967e+00 -1.0926e+00
1905 -2.0153e+00 -8.4085e-01 -1.0105e+00
1906 -1.9912e+00 -1.5701e+00 -3.4071e-01
1907 -1.6012e+00 -3.8028e+00 1.1538e+01
1908 -3.4803e-01 -4.0087e-03 6.4327e+00
1909 1.1770e+00 -3.1079e+00 1.2848e+00
1910 -7.1176e+00 2.7789e+00 6.0367e+00
1911 -5.8686e+00 -1.6355e+00 4.3973e+00
1912 -3.2668e+00 -2.9081e+00 -2.6336e+00
1913 3.3498e+00 -2.1142e+00 -1.5570e+00
1914 -2.5359e+00 5.6285e+00 1.9145e+00
1915 -1.0565e+00 -2.9802e+00 7.2090e+00
1916 2.1300e+00 -3.1809e+00 3.6198e+00
1917 1.3764e+00 -3.0743e+00 9.9338e-01
1918 -3.3175e-01 1.8776e+00 2.8915e+00
1919 7.1712e-01 1.2216e+00 4.5006e+00
1920 3.6168e-01 3.0857e-01 3.5832e+00
1921 -1.4742e+00 2.8525e+00 5.1688e+00
1922 2.9342e-01 -3.8954e+00 -1.0023e+00
1923 2.7361e+00 -7.1236e+00 -2.1711e+00
1924 -3.0862e+00 -1.6822e+00 7.0719e-01
1925 -2.6997e+00 -5.6569e-01 1.6037e+00
1926 -3.7529e+00 -2.2273e+00 -5.5026e+00
1927 -2.1682e-01 -2.2362e+00 2.6272e+00
1928 6.1096e+00 -2.1827e-02 8.6608e+00
1929 -1.8506e+00 -4.2940e+00 -5.1849e-01
1930 -9.0374e-01 -3.1727e+00 1.6705e+00
1931 2.3334e+00 -2.3963e-01 5.5007e+00
1932 -9.9787e-01 -7.5280e-01 5.3222e+00
1933 2.3466e+00 -2.5868e+00 9.8784e+00
1934 2.5174e+00 -2.7026e+00 -2.9090e+00
1935 -5.3646e-01 -1.8203e+00 1.0511e+01
1936 -2.1724e+00 -3.2027e-01 8.4156e+00
1937 -1.5798e+00 -3.7396e+00 8.6748e+00
1938 -2.8416e+00 -8.1821e+00 1.2042e+00
1939 -2.4580e+00 -6.2184e-01 6.2741e+00
1940 -3.1378e+00 -5.2805e+00 -9.9201e-02
1941 -1.7203e+00 -3.6610e+00 7.3949e+00
1942 -2.0403e-01 -5.9504e+00 -5.0767e+00
1943 1.0109e+00 -6.7255e+00 4.8610e+00
1944 -3.3623e+00 -3.8313e+00 -3.1771e-01
1945 -3.4534e+00 -4.6725e+00 4.3941e+00
1946 2.3916e+00 -2.8745e+00 3.1510e+00
1947 -2.6938e+00 -6.1933e+00 8.9062e+00
1948 -1.8433e+00 -4.0201e+00 8.6761e-01
1949 -1.7569e+00 -3.4730e+00 4.5914e+00
1950 -4.1615e-01 -4.5839e+00 -3.3166e+00
1951 1.0970e+00 3.9119e-01 1.1647e+01
1952 2.3261e+00 -3.2893e+00 -4.3625e+00
1953 -2.6621e-01 1.0961e+00 1.0317e+00
1954 -2.5354e+00 1.1256e+00 4.0639e+00
1955 -4.1936e+00 -6.2433e+00 8.6720e+00
1956 3.3361e+00 3.5199e+00 8.3297e+00
1957 2.6821e+00 -3.1390e+00 -3.7614e-01
1958 -2.6084e+00 -1.3837e+00 6.6871e+00
1959 -1.6887e+00 2.5185e+00 -6.9741e-01
1960 -2.8026e+00 -5.7839e+00 3.9664e+00
1961 -1.7283e+00 -2.9235e+00 2.3264e+00
1962 1.4421e+00 3.2977e+00 6.3496e-01
1963 -1.5073e+00 -5.4144e-02 4.8287e+00
1964 -3.2978e+00 -5.7625e+00 5.4520e+00
1965 -5.3171e+00 -1.8142e+00 7.7872e+00
1966 5.7248e-01 -3.8445e+00 7.3182e+00
1967 -4.2397e+00 -7.4983e+00 7.6772e+00
1968 1.7771e+00 -8.2330e+00 3.9241e+00
1969 6.3199e-01 -4.0912e+00 4.8401e+00
1970 -3.3529e+00 2.5292e+00 5.1958e-01
1971 -7.4215e-01 -2.6026e-01 4.0184e-01
1972 -2.7692e+00 -2.3768e+00 -1.8924e-01
1973 2.6558e+00 -2.3834e+00 4.4366e+00
1974 -6.0499e+00 -2.5805e+00 7.6826e+00
1975 -2.8298e+00 -1.5467e+00 7.2182e+00
1976 4.5801e+00 -2.3599e+00 7.1295e+00
1977 4.8686e+00 -3.4997e+00 -1.1388e+00
1978 7.1878e-01 -5.4315e+00 -5.6365e+00
1979 -2.8895e+00 2.0533e+00 3.8357e+00
1980 -1.6756e+00 -3.6406e+00 2.3088e+00
1981 -2.2911e+00 -4.3722e-01 1.2070e+00
1982 -6.6924e+00 -2.8364e+00 4.1346e+00
1983 -3.4948e+00 -1.2540e+00 4.9421e+00
1984 -4.1651e+00 -6.4219e+00 2.5600e+00
1985 -7.8963e-01 -4.4636e-01 3.1956e+00
1986 -2.9131e-02 -3.9753e+00 7.5958e-01
1987 -5.3543e+00 1.8680e+00 3.7536e+00
1988 9.6760e-02 -3.8186e+00 1.8615e+00
1989 3.0914e+00 -1.6102e+00 6.0165e+00
1990 1.5941e+00 2.9025e+00 3.4917e+00
1991 -2.7268e-01 -5.4189e-01 1.1209e+00
1992 -1.8656e+00 2.4625e-01 6.5576e+00
1993 -1.0764e+00 2.3283e-01 -6.9220e-01
1994 -2.9021e+00 -6.4178e+00 3.4198e+00
1995 2.6835e+00 -1.7842e+00 6.2296e+00
1996 -1.3143e+00 -5.2680e+00 9.2823e-01
1997 -4.4999e+00 -4.9058e-02 2.9744e+00
1998 -3.8532e+00 -5.3131e-01 6.9390e+00
1999 -2.9923e+00 4.6746e+00 4.8448e+00
2000 1.2491e+00 -1.0383e+00 3.6991e+00
2001 -3.8353e+00 -3.0217e+00 4.1336e+00
2002 -1.6411e+00 8.8285e-01 -1.1157e+00
2003 -3.9307e+00 -3.2249e+00 6.5423e+00
2004 -9.2397e-02 -4.7998e+00 4.7790e-01
2005 -1.5653e+00 3.0495e+00 3.0057e+00
2006 -7.4320e-02 1.9417e+00 8.5549e+00
2007 -1.1416e+00 -1.3318e+00 -1.0405e+00
2008 -1.7912e+00 -1.8345e+00 -5.1575e-02
2009 7.8648e+00 2.0220e+00 7.4711e+00
2010 -3.2219e+00 4.0517e+00 9.0467e+00
2011 5.9125e-01 2.4001e+00 7.3526e+00
2012 -1.8858e+00 -4.5313e+00 3.1233e+00
2013 -1.1486e+00 -5.6527e+00 5.0203e+00
2014 -4.0822e+00 -1.2833e+00 6.0653e+00
2015 -3.1244e+00 -5.4341e+00 -2.8505e+00
2016 -3.2410e+00 -5.3721e+00 5.2852e+00
2017 2.9320e+00 2.1781e+00 1.2864e+01
2018 -1.6246e+00 1.0649e+01 6.2459e+00
2019 -4.0508e+00 1.4599e+00 5.0209e+00
2020 -7.0130e+00 -5.0990e+00 -3.4887e+00
2021 4.7032e+00 -3.3954e+00 2.0286e-01
2022 -2.0708e+00 -4.1021e+00 8.5698e+00
2023 -3.8648e+00 -2.1575e+00 -6.6376e+00
2024 3.3902e+00 -6.0584e+00 6.3166e+00
2025 4.3985e+00 4.1113e-01 4.3785e+00
2026 1.3601e+00 -7.8894e-01 4.4339e+00
2027 7.4846e-02 -1.5325e+00 -6.0610e-01
2028 5.0024e+00 -7.5152e-01 1.0892e+01
2029 -4.1930e+00 6.3156e+00 6.1429e+00
2030 -4.2240e+00 -2.0948e-02 7.4950e+00
2031 -3.9277e+00 -9.1813e-01 2.1974e+00
2032 1.8359e+00 1.3938e+00 3.4292e+00
2033 -7.3452e-01 5.7586e-01 -1.1185e+00
2034 -1.3461e+00 -3.6541e+00 -1.2347e-01
2035 -3.1327e+00 -1.9416e+00 9.3155e+00
2036 -5.3596e+00 -6.6088e+00 -5.3500e+00
2037 6.5480e+00 -7.4346e+00 -1.1042e+00
2038 -4.2916e+00 -2.1070e+00 -2.2694e+00
2039 1.1736e+00 8.2674e+00 8.4814e+00
2040 2.1098e-01 -1.4200e+00 -1.9921e+00
2041 2.4693e-01 -1.1667e+00 8.5845e+00
2042 7.6165e-01 1.3858e+00 5.4416e+00
2043 -1.1341e+00 -4.8318e+00 -5.3006e-01
2044 1.6896e+00 -1.4557e+00 1.3564e+00
2045 1.0456e+00 -1.9372e+00 -2.1278e+00
2046 -3.5830e+00 -3.1796e+00 2.7328e+00
2047 3.1383e-01 -2.6532e+00 4.9154e+00
2048 -1.7137e+00 3.9537e+00 7.8857e-01
2049 -3.8363e-02 2.2069e+00 6.2986e+00
2050 2.9663e-01 -4.2709e+00 3.0467e+00
2051 -2.1458e+00 3.4978e+00 4.9275e+00
2052 6.1983e-01 -3.6307e+00 3.9690e+00
2053 2.4395e+00 -3.0252e-01 -4.0765e+00
2054 -6.4302e-01 6.8088e+00 1.1432e+00
2055 -2.5163e+00 -3.4934e+00 1.4882e+00
2056 3.0957e+00 -5.1970e+00 5.4044e+00
2057 4.9335e+00 4.0776e+00 5.0196e-02
2058 -1.4422e-01 4.9323e+00 6.4875e+00
2059 -7.1599e-01 1.7564e+00 9.1256e+00
2060 2.4076e+00 -6.8753e-01 8.1667e+00
2061 -5.2059e+00 -1.7721e+00 4.2648e+00
2062 -7.4210e-01 -1.6009e+00 2.4763e+00
2063 -1.5514e+00 -1.4522e+00 3.6562e-01
2064 -1.1816e+00 -8.2198e+00 4.3786e+00
2065 -8.0316e-01 3.6842e-01 4.7002e+00
2066 1.1805e+00 -2.8519e+00 2.9584e+00
2067 -5.3423e-01 -5.0539e+00 5.9044e+00
2068 -1.3655e+00 -5.3824e+00 1.2515e+00
2069 -4.3233e+00 -7.3283e+00 1.1020e+00
2070 -1.7543e+00 -1.3205e+00 4.3391e+00
2071 4.7783e-01 -6.3818e+00 -2.4524e+00
2072 -4.7134e+00 2.8339e-01 4.3454e+00
2073 1.6579e+00 -4.6708e+00 1.0632e+00
2074 -1.8352e+00 -3.2174e+00 8.6443e+00
2075 -3.7230e+00 -4.9772e+00 4.4872e+00
2076 4.0595e+00 4.9724e+00 8.2943e+00
2077 2.1054e+00 -3.4711e+00 3.2575e+00
2078 -3.1577e+00 7.5401e+00 4.8481e+00
2079 -2.0042e+00 7.3005e+00 -1.3956e+00
2080 2.0895e+00 -7.4383e+00 -3.6543e+00
2081 -7.6273e+00 -3.2581e+00 4.2200e+00
2082 -1.0137e+00 -7.1070e-01 9.1903e+00
2083 -1.2153e+00 -4.3791e+00 -2.4212e+00
2084 4.5519e-01 4.0786e+00 6.7036e+00
2085 -3.5770e+00 -1.2528e+00 4.0342e+00
2086 2.1699e+00 3.7298e+00 6.8044e+00
2087 -1.7577e-01 -4.7191e+00 -6.3250e+00
2088 6.7290e-01 -7.7554e-01 7.4721e+00
2089 5.5718e-01 9.0017e-01 6.1522e+00
2090 -2.6713e+00 -7.2705e+00 1.9840e+00
2091 -1.7255e+00 -5.5611e+00 4.6207e+00
2092 3.2273e+00 -6.5501e+00 -1.0342e+00
2093 1.0508e-01 -6.7280e+00 4.0190e+00
2094 -3.1264e+00 2.2474e+00 3.0893e+00
2095 1.1912e+00 2.9651e+00 8.3211e+00
2096 7.0954e-01 1.5742e-01 6.9970e+00
2097 -2.3563e+00 3.4818e+00 5.0545e+00
2098 2.7882e+00 3.8313e+00 6.9773e+00
2099 3.0590e-01 -8.7112e-01 1.1269e+01
2100 -3.0027e+00 3.5561e+00 1.6161e+00
2101 -3.1643e+00 -4.3634e+00 2.6240e+00
2102 -1.2735e+00 -1.4823e+00 4.9358e+00
2103 3.0576e+00 6.4307e+00 1.6883e+00
2104 2.4476e+00 -2.3928e+00 4.6773e+00
2105 2.9636e+00 4.9390e+00 8.7025e+00
2106 2.9314e+00 -3.4590e+00 5.8359e+00
2107 -4.3416e+00 -3.3914e+00 2.2391e+00
2108 -3.6448e-01 -5.0187e+00 1.1478e+00
2109 -2.5110e+00 -4.1067e-01 7.3023e+00
2110 -4.1780e+00 -3.9682e-01 4.4343e+00
2111 -1.5834e+00 3.9169e+00 3.9785e+00
2112 -6.8851e-02 5.5487e-01 5.9328e+00
2113 1.9208e+00 -2.0375e+00 4.7546e+00
2114 -1.9024e+00 -1.8207e+00 -1.7157e+00
2115 -1.7086e+00 -7.1985e+00 -2.6944e-01
2116 7.6850e-01 -6.5527e+00 7.7349e+00
2117 -1.1989e+00 1.4472e-01 -3.3328e+00
2118 -4.9199e+00 9.6075e-01 5.4284e+00
2119 -1.4578e+00 1.9286e+00 3.2365e+00
2120 -1.3853e-01 -1.5872e+00 -3.7747e+00
2121 -2.4891e+00 -5.0546e+00 1.0802e+01
2122 2.6582e+00 2.2054e+00 1.6545e+00
2123 -2.4582e+00 -3.0416e+00 1.6739e+00
2124 -3.6395e+00 -6.8920e+00 2.1100e+00
2125 -3.4476e+00 5.8123e+00 5.7047e+00
2126 3.1709e+00 -3.8161e+00 -4.9821e+00
2127 -6.2561e+00 -4.7004e+00 1.7212e-01
2128 -3.2219e+00 -1.5697e+00 -1.8254e-01
2129 1.2688e+00 8.6021e-01 5.1378e-02
2130 -1.9065e+00 -2.8982e+00 8.5588e+00
2131 -4.3398e-01 1.6707e+00 8.0366e+00
2132 4.8942e+00 1.9680e+00 -3.5359e-01
2133 1.5131e+00 2.1165e-01 5.2724e-01
2134 -2.1495e-01 -2.0613e+00 8.1990e+00
2135 -1.4916e+00 -5.5257e+00 3.4127e+00
2136 -1.6977e+00 -7.1985e+00 7.6189e+00
2137 -1.1368e+00 2.1815e-01 2.5562e+00
2138 -5.8239e+00 -3.4833e+00 2.5063e+00
2139 -2.7959e+00 -6.4020e-01 1.5333e+00
2140 1.9135e+00 4.1787e-01 6.5702e-01
2141 -3.0648e+00 -1.1744e+00 6.1493e+00
2142 -4.0844e+00 6.1118e+00 -7.2163e+00
2143 2.2311e-01 4.0657e+00 4.7616e+00
2144 8.3510e-01 4.5604e+00 -1.0065e+00
2145 -5.7708e+00 -4.2278e-01 -2.0872e-01
2146 5.6680e-01 5.2161e+00 7.9413e+00
2147 -1.9667e-01 -3.4059e+00 -1.7376e+00
2148 1.8704e-02 -5.1756e+00 6.8854e+00
2149 -3.3871e+00 -7.1493e-01 4.2748e+00
2150 -1.1699e+00 -7.3947e+00 6.8037e+00
2151 -2.4880e+00 -8.0509e-02 6.7112e+00
2152 -1.4665e+00 -1.1115e+00 -3.3535e+00
2153 -3.2111e+00 -7.1553e+00 9.0594e+00
2154 -7.5706e-01 8.1623e+00 6.2681e+00
2155 -2.1833e+00 -7.6633e+00 1.6102e+00
2156 2.4645e+00 -1.6196e+00 2.9016e+00
2157 -2.5106e-01 -3.0186e+00 -1.1465e+00
2158 1.6584e+00 -2.0921e+00 2.8838e+00
2159 2.5247e+00 -1.3481e+00 -7.5311e-01
2160 -1.5376e+00 -3.7713e+00 2.8044e+00
2161 -5.6995e+00 -6.3124e+00 4.4885e+00
2162 1.8724e+00 -4.1844e+00 -7.0623e+00
2163 3.1087e+00 -3.3428e+00 6.9230e+00
2164 -3.0895e+00 -3.0981e+00 2.6437e+00
2165 -2.8505e+00 5.6053e+00 9.2591e+00
2166 1.9108e+00 -1.5937e+00 7.5543e+00
2167 -6.4231e+00 1.4299e+00 -4.1473e+00
2168 -2.9704e+00 -3.9462e-01 6.2383e+00
2169 4.4817e-01 -4.2383e-01 1.8115e+00
2170 -3.9520e+00 -6.9309e+00 2.5881e+00
2171 -1.9546e+00 4.6884e+00 5.0763e+00
2172 -2.3156e+00 -1.1115e+00 6.9687e+00
2173 1.6222e+00 -2.0299e+00 4.7620e+00
2174 1.0156e-01 6.7703e-01 6.3141e-01
2175 -2.6799e+00 -4.4508e+00 4.9562e+00
2176 5.6747e-02 1.0108e+00 7.7561e+00
2177 -3.2724e+00 5.1306e+00 7.9226e+00
2178 -1.3935e+00 -3.0174e+00 7.0282e+00
2179 -1.8341e+00 -5.8015e+00 1.0758e+01
2180 -2.3596e-01 1.6914e+00 4.7524e+00
2181 1.4069e+00 -4.4808e+00 -8.5590e-01
2182 -3.3000e+00 -6.1995e+00 6.3146e+00
2183 -4.9555e+00 -6.0880e-01 4.4765e+00
2184 2.1830e-01 -6.0982e+00 9.0833e+00
2185 2.1453e+00 -3.3566e+00 6.4262e+00
2186 2.3126e-01 -6.6647e+00 -2.0854e+00
2187 -3.5110e-01 -2.2605e+00 5.6991e+00
2188 -5.5137e+00 1.4996e+00 9.2969e+00
2189 -1.4519e+00 -4.6938e+00 4.1433e+00
2190 -3.3777e+00 -2.3414e-01 3.8164e+00
2191 1.9316e+00 -5.6213e+00 7.5655e-01
2192 1.7777e+00 -7.7248e+00 3.0351e+00
2193 1.7957e+00 -5.5320e+00 5.8583e-02
2194 -2.2346e+00 1.9653e+00 1.3580e+00
2195 -6.0560e+00 -4.8061e+00 -6.2297e-01
2196 -3.5246e+00 5.8123e+00 7.8529e-01
2197 -2.2249e+00 1.6470e+00 4.1684e+00
2198 3.2180e+00 -3.1916e+00 9.3060e+00
2199 1.1261e+00 -3.1560e+00 4.9100e+00
2200 -1.1777e+00 -2.7442e+00 2.2282e+00
2201 -5.5406e-01 4.3243e+00 1.0849e+01
2202 9.7121e-01 2.5068e+00 1.0363e+01
2203 -6.1943e+00 -5.6848e+00 -3.6139e+00
2204 1.7248e+00 -1.7924e+00 6.8690e-02
2205 -1.8804e+00 -9.3637e+00 4.2632e+00
2206 3.2685e+00 5.1387e-01 5.3064e+00
2207 3.1526e+00 -4.3378e+00 3.1789e+00
2208 -3.3204e+00 -6.2922e+00 -5.3872e+00
2209 -1.3469e+00 -3.5987e-01 7.8853e-01
2210 -4.7515e-01 -1.0876e+00 7.4601e+00
2211 8.0234e-02 9.1452e-01 -3.3645e+00
2212 -3.8903e+00 3.0665e+00 -4.1256e+00
2213 -5.0711e+00 4.9411e-01 -5.4703e+00
2214 -2.6967e+00 1.9050e+00 -1.3589e+00
2215 7.9287e+00 2.9530e+00 -6.7847e+00
2216 -1.6409e+00 2.3858e+00 2.9751e+00
2217 -1.1191e+00 4.2539e+00 2.9609e+00
2218 1.2740e+00 6.7751e-01 -8.0206e+00
2219 -3.3015e+00 2.3734e+00 8.9033e-01
2220 2.3255e+00 2.0385e+00 -3.0257e+00
2221 -1.4766e+00 2.3892e+00 -3.1720e-01
2222 -7.0417e-01 -1.5392e+00 -2.8579e+00
2223 -3.2661e+00 4.8350e+00 -6.1816e+00
2224 -2.2293e+00 7.9164e-02 -8.3634e+00
2225 -8.2207e-01 -3.4494e-01 1.0488e+00
2226 7.2613e-01 1.6782e+00 -4.3478e+00
2227 3.9659e+00 -2.6434e-01 -1.7070e-01
2228 5.7730e+00 -3.6006e+00 -2.1727e+00
2229 -2.6674e+00 1.1980e+00 8.6528e+00
2230 4.6838e+00 4.2176e+00 2.0962e+00
2231 3.0570e+00 1.6564e+00 5.8739e+00
2232 6.4556e+00 -3.0777e+00 -5.7324e+00
2233 1.6118e+00 -1.6265e+00 -6.4269e+00
2234 1.3423e+00 5.6304e-01 -3.4461e+00
2235 7.0041e+00 -9.4496e-01 -1.5963e+00
2236 3.3150e+00 5.7826e+00 -2.3196e+00
2237 6.8488e+00 3.9465e-01 -1.6261e+00
2238 3.8570e+00 1.3423e+00 -4.0691e+00
2239 -1.6120e+00 -1.4954e+00 -8.0883e+00
2240 -3.1835e+00 1.7423e+00 2.1997e+00
2241 -2.5803e+00 3.1100e+00 -6.3062e+00
2242 3.3477e+00 1.5657e+00 -2.7898e+00
2243 -2.2555e+00 -4.1852e+00 -7.9803e+00
2244 -7.8496e-01 1.8244e-01 -3.5985e+00
2245 -2.8849e+00 -9.2877e-01 -8.8662e+00
2246 2.0062e+00 -5.2725e+00 -4.9149e+00
2247 -1.7956e+00 2.3751e+00 -4.3453e+00
2248 5.4908e-01 -4.6225e+00 1.7059e+00
2249 1.3225e+00 2.1610e+00 -3.8495e+00
2250 2.5656e+00 4.1023e-01 -4.3195e+00
2251 -1.3681e+00 5.8181e+00 -9.1261e+00
2252 7.9093e-01 3.3602e+00 -6.6169e+00
2253 -4.3166e-01 5.1962e-01 -6.4594e+00
2254 -2.4100e-02 1.1862e+00 -9.0193e-01
2255 1.2361e+00 -2.1759e+00 -3.9236e+00
2256 -4.8546e+00 -6.0842e+00 -5.7069e+00
2257 -2.6734e+00 4.7279e+00 -4.1913e+00
2258 -1.0381e-01 -4.1887e-01 -4.4650e+00
2259 -1.0154e+00 3.3127e+00 -3.2176e+00
2260 -1.1670e-01 -2.4187e+00 -9.0750e+00
2261 9.5883e-01 1.1184e+00 -3.8253e+00
2262 9.4200e-01 1.2181e+00 -4.8700e+00
2263 2.0446e+00 -3.9305e+00 -9.9266e-01
2264 1.0489e+00 -7.1233e-01 -6.3919e+00
2265 7.0509e-01 -1.9143e+00 -4.6569e+00
2266 1.1410e+00 5.0603e+00 -1.2386e+00
2267 2.5845e+00 3.6219e+00 -7.7466e+00
2268 -1.8608e+00 8.1422e-02 -4.5978e+00
2269 3.4957e+00 -2.0983e+00 5.5501e+00
2270 2.8845e+00 1.9567e+00 -7.0166e+00
2271 -2.2636e+00 -1.1632e+00 -5.7225e+00
2272 2.3674e+00 -2.4830e+00 -3.1116e+00
2273 2.8558e+00 2.3669e+00 -2.3949e+00
2274 2.2633e+00 -1.0966e+00 -6.6362e+00
2275 2.2623e+00 4.2678e+00 1.3519e+00
2276 2.6680e+00 -2.3489e+00 -2.4182e+00
2277 -1.0312e+00 1.6178e+00 -8.9423e-01
2278 -8.3386e-01 -8.4570e+00 -5.1073e+00
2279 -2.7944e+00 -1.9972e+00 -5.6969e+00
2280 -4.5137e-01 2.9093e+00 4.7438e+00
2281 4.4391e+00 -1.3466e+00 -1.3479e+00
2282 -1.7544e+00 8.9252e-01 -8.1257e+00
2283 4.7914e-01 2.1966e+00 -3.7189e+00
2284 -1.7641e+00 8.0456e-01 -3.9342e+00
2285 2.6696e+00 1.0438e+00 -5.1632e+00
2286 -4.8711e+00 -2.0358e+00 -6.5777e+00
2287 4.4493e-01 -7.2608e+00 -3.1525e+00
2288 3.2106e+00 4.8288e-01 -2.3156e+00
2289 4.1010e+00 -2.0114e+00 -3.6090e+00
2290 -6.1392e-01 -4.3092e+00 -7.5399e+00
2291 -3.0658e+00 4.3001e+00 -7.2080e+00
2292 -1.7298e+00 2.5828e+00 -9.4391e-01
2293 -1.0943e+00 3.8857e+00 -2.2768e+00
2294 -1.1516e+00 -2.5408e-01 -6.1177e+00
2295 -2.9377e-01 6.8405e-02 -7.8653e+00
2296 -3.6429e+00 6.7537e-01 -8.3051e+00
2297 -1.3229e+00 3.9030e+00 -7.9667e+00
2298 3.8711e+00 1.7350e+00 -2.6209e+00
2299 -2.0284e+00 -4.6763e+00 -8.1266e-01
2300 -1.0694e+00 2.1748e+00 -5.9508e+00
2301 -6.1724e-01 -2.3412e+00 -4.1934e+00
2302 -3.3415e+00 -5.2343e+00 -5.4309e+00
2303 5.1454e+00 -5.8836e-01 -6.1029e+00
2304 -7.9461e-01 -3.3337e-01 -6.9923e+00
2305 -1.6069e+00 -1.0153e+00 3.0654e+00
2306 2.1839e+00 8.0536e-01 -6.9311e-01
2307 2.3184e+00 5.2855e+00 -3.0382e+00
2308 5.0913e+00 -8.2966e-02 -5.3499e+00
2309 3.7023e+00 2.0213e+00 -6.3812e+00
2310 -2.8907e+00 -2.0516e+00 -1.4960e-01
2311 5.9600e+00 3.6520e+00 -5.3430e+00
2312 4.1664e+00 2.0108e+00 1.2645e+00
2313 2.3833e+00 1.5398e+00 -2.2901e+00
2314 3.2737e+00 3.7235e-01 -5.2579e+00
2315 3.0351e+00 4.3689e+00 5.8319e-01
2316 2.8067e+00 2.9561e+00 -8.7117e+00
2317 -1.3867e+00 -5.7424e-01 7.1481e+00
2318 -1.8288e-01 -7.3818e+00 4.9959e+00
2319 -1.1096e+00 -1.8908e+00 -5.8590e+00
2320 -2.0831e-01 -4.7986e-01 -2.2357e+00
2321 6.0702e+00 -1.6364e+00 -1.6327e+00
2322 3.8588e-02 3.2817e+00 -4.0080e+00
2323 -2.8296e+00 1.4347e+00 -4.2274e+00
2324 6.4482e-01 -3.3779e+00 8.3899e+00
2325 2.4399e+00 -8.6479e-01 1.5237e+00
2326 -2.7968e+00 2.4928e+00 -4.2037e+00
2327 5.0085e+00 1.2854e+00 -6.7975e+00
2328 1.6078e+00 1.7077e+00 -5.8968e+00
2329 2.0502e-01 -7.4531e-01 4.7124e-01
2330 1.2272e+00 2.1844e-01 -3.9558e+00
2331 -9.4524e-01 -3.3513e+00 -3.0431e+00
2332 -2.5729e+00 1.6577e+00 -1.1379e+00
2333 3.0626e+00 -3.8907e+00 3.5730e+00
2334 9.8484e-02 -2.1425e+00 -3.5978e+00
2335 1.6818e+00 3.8377e-01 4.8322e+00
2336 -2.0657e+00 -2.0341e+00 5.2635e+00
2337 5.5875e-01 -3.7273e+00 -1.0434e+00
2338 1.4831e+00 1.9984e+00 3.6337e+00
2339 -3.4998e+00 -9.5803e-01 -2.7519e+00
2340 3.7878e+00 8.4819e-01 -6.9024e+00
2341 5.6086e+00 7.2921e-01 1.1936e+00
2342 1.7126e-01 4.0564e+00 -4.3326e+00
2343 3.3493e-01 2.2862e+00 8.6761e-01
2344 -2.0980e-01 -1.3977e-01 2.8507e+00
2345 8.8852e-01 -3.9853e+00 -1.8410e+00
2346 4.9295e+00 -9.3874e+00 -2.1181e-01
2347 6.1550e+00 4.9216e+00 -8.9813e+00
2348 8.2909e-01 -7.8955e-01 -7.4200e+00
2349 -5.5865e+00 -1.5493e+00 -5.0520e+00
2350 8.4208e-01 4.0963e+00 -6.2644e+00
2351 -5.2071e+00 -1.6842e+00 -4.0297e+00
2352 3.5898e+00 -1.2597e-01 4.6390e-01
2353 2.4271e+00 8.3645e-01 5.3553e-02
2354 -1.8927e+00 1.3047e+00 1.8189e+00
2355 -1.3035e+00 1.7060e+00 -2.8615e+00
2356 3.9595e+00 -3.1445e-01 -2.6897e+00
2357 -9.9237e-01 -1.2631e+00 -6.5796e-01
2358 -5.6273e+00 -5.9485e+00 8.0694e+00
2359 1.7954e+00 4.4675e+00 -3.5630e+00
2360 -6.7198e-01 -2.8893e+00 -6.8163e+00
2361 1.0700e+00 -6.2278e-01 -1.6386e+00
2362 -5.5276e-01 -1.8679e+00 4.5436e-01
2363 3.4991e+00 2.1418e+00 4.2577e+00
2364 3.5868e+00 2.5514e+00 -6.8127e+00
2365 3.0447e+00 2.2135e+00 -5.4754e+00
2366 1.9823e+00 -1.0735e-01 2.6455e+00
2367 4.4823e+00 6.5951e-01 -4.2701e+00
2368 3.4565e+00 3.8401e+00 3.1835e+00
2369 4.7967e+00 -5.5849e+00 -6.7574e-01
2370 4.9178e-02 1.1426e+00 -2.4152e+00
2371 2.5388e+00 5.1305e+00 3.6643e+00
2372 -2.4881e+00 3.0276e+00 -1.7168e-01
2373 1.2465e+00 8.0651e-02 -7.3065e+00
2374 -1.8913e+00 -4.6037e+00 -5.9345e+00
2375 -4.3523e-01 2.6818e+00 2.1977e+00
2376 5.8486e+00 3.1605e+00 -8.5746e+00
2377 -5.5631e-01 6.8858e+00 4.4785e-01
2378 5.0093e-01 7.2651e-01 -2.0822e+00
2379 -5.2031e+00 3.8277e+00 -6.2616e+00
2380 1.8116e+00 2.1293e+00 -2.2984e+00
2381 3.3900e+00 3.2241e+00 -5.3375e+00
2382 -2.0469e-01 3.6928e+00 -4.1599e+00
2383 2.0236e+00 4.4482e+00 -4.8126e+00
2384 6.8134e-01 6.8812e+00 -4.6961e+00
2385 -1.4895e+00 -1.7227e+00 -6.8480e+00
2386 -8.6805e-01 -1.0333e+00 -7.7675e+00
2387 -2.6855e+00 3.5208e+00 -1.6858e-01
2388 -5.6315e+00 -4.7255e+00 -6.4053e+00
2389 2.9652e+00 6.5830e-02 -5.6615e+00
2390 -4.4055e+00 2.6044e+00 -7.2816e+00
2391 -1.6298e+00 -4.5634e+00 -6.0954e+00
2392 3.1444e+00 1.1891e+00 -8.6770e+00
2393 6.4517e+00 4.7111e+00 -5.6868e+00
2394 9.4105e-01 2.1729e+00 -7.2882e+00
2395 -9.6361e-01 -1.8154e+00 -7.7896e+00
2396 -9.5305e-01 -9.7345e-01 -6.3856e+00
2397 -1.5322e-01 -1.9920e+00 -5.9528e+00
2398 -3.3342e+00 3.2894e+00 -7.5412e+00
2399 3.2520e-01 1.8432e+00 -3.9553e+00
2400 5.7897e+00 2.1967e+00 -6.3156e+00
2401 1.2660e+00 -1.5708e+00 -7.2479e+00
2402 -2.5384e+00 2.9300e+00 -7.5845e+00
2403 5.4229e+00 2.8272e+00 -2.3433e-01
2404 -1.3778e+00 3.0971e+00 -6.7248e+00
2405 -3.5198e+00 1.7156e+00 -4.1278e+00
2406 1.9287e+00 4.1113e+00 -4.1179e+00
2407 -2.9623e+00 2.0589e+00 -6.1958e+00
2408 -2.3164e-01 5.6847e+00 -6.9211e+00
2409 -2.0399e+00 4.4618e+00 -4.5086e+00
2410 -7.0284e-01 3.8078e+00 -4.6983e-02
2411 -5.0651e-02 1.7207e+00 -1.4739e+00
2412 -1.9783e+00 2.6239e+00 -7.3011e+00
2413 1.6225e+00 2.6334e+00 -7.6090e+00
2414 -7.2731e-01 8.4167e-01 -9.3512e+00
2415 -1.7300e+00 3.0044e+00 -8.8100e+00
2416 -3.3811e+00 -1.1480e-02 3.3691e-01
2417 -3.0968e-01 5.4325e-01 1.0161e+01
2418 -1.7817e+00 -4.2678e-01 8.9510e+00
2419 5.2878e+00 -4.2336e+00 4.5613e+00
2420 -4.0629e+00 -5.3934e+00 2.7627e+00
2421 -3.5519e+00 1.8250e+00 5.4773e+00
2422 1.9808e+00 2.6981e+00 7.7023e+00
2423 -2.4010e+00 -1.0435e+00 3.8045e+00
2424 1.3353e+00 -4.8034e+00 4.2587e+00
2425 3.1656e+00 -4.6056e+00 9.0928e-01
2426 4.9765e+00 -1.2746e+00 8.8765e-01
2427 -9.9538e-01 -3.0621e+00 5.7099e+00
2428 1.2390e+00 8.9594e-01 6.2474e-01
2429 -6.8356e+00 2.1419e+00 -2.8351e+00
2430 -5.2888e-01 -2.6609e+00 7.0070e+00
2431 5.1191e-02 2.4864e-01 2.6848e+00
2432 2.3941e+00 -2.0985e+00 8.2500e+00
2433 -1.2144e+00 8.0731e-01 9.1526e+00
2434 -1.9626e+00 -6.4924e+00 -3.8756e+00
2435 1.8297e+00 2.6070e+00 9.0553e+00
2436 -1.7534e+00 2.7443e+00 1.3120e+00
2437 -2.8684e+00 5.1747e+00 3.9511e-01
2438 -3.4693e+00 -2.9207e+00 -3.7415e-01
2439 -3.5937e+00 -2.1684e+00 1.9694e+00
2440 -3.5312e+00 -8.3179e+00 1.1240e+00
2441 -2.8657e+00 -3.2684e+00 2.1141e+00
2442 1.5481e+00 -4.6752e+00 6.1913e+00
2443 4.2408e+00 -5.4406e+00 1.0522e+00
2444 -2.0410e+00 -1.9994e+00 4.0850e+00
2445 -5.0777e+00 -5.7214e+00 4.2288e+00
2446 -2.1636e+00 1.4137e-01 7.6219e+00
2447 -1.2945e+00 -6.5771e+00 6.0926e-01
2448 1.1943e+00 3.4693e+00 8.1349e+00
2449 -2.3163e-01 1.8813e+00 3.0557e+00
2450 -1.3989e+00 1.5396e+00 5.7342e+00
2451 9.4109e-01 -4.9606e+00 2.9343e+00
2452 -4.9074e+00 6.7643e-03 4.3444e+00
2453 -7.6948e+00 6.7800e-02 7.5404e+00
2454 -3.2523e+00 9.1943e-03 6.0717e+00
2455 -2.4548e+00 -2.1709e+00 9.3842e+00
2456 2.5349e+00 -1.2399e+00 2.1207e-01
2457 -8.7070e-01 2.0055e-01 1.7115e+00
2458 -3.4544e-01 -7.2197e-01 -8.4618e-01
2459 -2.3099e+00 -6.7166e+00 -5.2444e+00
2460 -4.1699e+00 -3.4592e+00 1.0502e+00
2461 -3.3498e+00 -5.6946e+00 3.3603e+00
2462 2.0498e+00 -6.8214e+00 -3.5260e-01
2463 -2.4523e+00 -1.4145e+00 8.3833e+00
2464 -1.7291e+00 -6.5562e+00 7.5152e+00
2465 -2.2653e+00 -7.0978e+00 2.7709e+00
2466 -7.1220e-01 1.8411e+00 8.7237e+00
2467 2.2540e+00 -1.9025e-01 8.2007e+00
2468 -3.2832e+00 5.7273e-01 1.8767e+00
2469 -2.9006e-01 -6.9311e+00 2.9245e+00
2470 -3.6112e+00 2.7216e+00 5.7942e+00
2471 -8.8427e-01 -9.0679e-01 3.4247e+00
2472 4.9766e+00 -1.4029e+00 7.9142e+00
2473 -1.5327e+00 2.5484e+00 1.7137e+00
2474 4.0756e-01 -3.7481e-01 6.5303e+00
2475 -1.1510e+00 -4.5148e+00 5.5040e+00
2476 7.7260e-02 -1.6393e+00 6.6904e+00
2477 -1.1752e+00 -3.1478e+00 2.8239e+00
2478 1.9853e+00 -3.4306e+00 5.1249e+00
2479 -3.0567e-01 9.8015e-01 -2.5263e+00
2480 3.5528e-01 -1.1644e+00 4.3265e+00
2481 -8.9512e-01 -1.5179e+00 5.2891e+00
2482 -1.9710e+00 -5.5382e+00 2.0005e+00
2483 -9.7794e-02 -1.2425e+00 1.4077e-01
2484 -3.6343e+00 -4.6974e+00 1.9644e-01
2485 4.7170e-01 -7.1113e+00 6.9580e+00
2486 1.0127e-01 1.8455e+00 2.9682e+00
2487 -1.0557e+00 -5.7441e+00 -2.1974e-01
2488 -3.6185e+00 -7.1270e-01 8.7941e+00
2489 1.1492e-01 -2.4203e+00 2.8175e+00
2490 -5.4294e-01 -4.2729e+00 -2.9341e+00
2491 4.8724e+00 1.2809e+00 2.6481e+00
2492 -4.1816e+00 9.9364e-01 6.5973e+00
2493 1.8408e+00 4.3054e+00 7.1909e-01
2494 -1.7263e+00 1.7562e+00 -2.7840e+00
2495 1.0147e+00 -4.3608e+00 9.7512e+00
2496 2.8479e+00 -4.4688e+00 2.5812e+00
2497 1.6489e+00 -4.4704e+00 3.1112e+00
2498 1.3198e+00 -2.4660e+00 1.2175e+00
2499 2.6644e+00 6.7717e-01 4.2125e+00
2500 3.3660e+00 2.1224e+00 8.5410e-01
2501 -5.3434e+00 -4.5020e+00 5.7182e+00
2502 -2.6873e+00 3.8715e-01 3.7108e+00
2503 -3.4903e+00 -5.9462e+00 9.6407e-01
2504 -2.1613e+00 3.8201e+00 8.5411e+00
2505 -3.1704e+00 -8.1261e+00 5.7230e+00
2506 2.9146e-01 1.8659e-02 -3.3286e-02
2507 -6.5263e+00 -3.6699e+00 2.8964e+00
2508 3.9761e+00 -8.7420e-01 7.8551e+00
2509 3.9458e+00 1.6609e+00 3.9090e+00
2510 2.7850e+00 -9.3825e+00 7.7935e-02
2511 1.6209e+00 1.8493e+00 8.3926e+00
2512 -4.8479e+00 -1.9455e+00 2.2312e+00
2513 7.0201e-01 -5.2135e+00 -3.2567e+00
2514 -4.7066e+00 3.2067e+00 1.0279e+01
2515 -3.8337e+00 6.2264e+00 -3.3904e-01
2516 -1.8722e+00 1.0695e+00 1.8776e+00
2517 -3.5081e+00 -9.5172e-01 4.9979e-01
2518 -5.9498e-01 -3.7654e+00 2.5487e+00
2519 -1.7882e+00 -2.0386e+00 7.0885e+00
2520 5.1709e-01 3.5719e+00 8.7771e+00
2521 1.8461e-02 4.7452e-01 7.4958e+00
2522 2.2842e+00 -2.0650e+00 -1.6134e+00
2523 -3.9789e-01 -1.4306e+00 7.3029e+00
2524 -4.5525e+00 1.3351e+00 8.7726e-01
2525 3.6673e-01 1.6692e+00 5.7578e+00
2526 -2.2889e+00 -7.4797e-01 7.6975e+00
2527 1.7615e+00 -2.7566e+00 2.5176e+00
2528 -1.3374e+00 -5.1084e+00 -1.5180e+00
2529 -2.9408e+00 -8.4580e+00 1.3444e+01
2530 3.2690e+00 4.2948e+00 5.4918e+00
2531 -7.4590e-01 -1.6669e+00 -9.7042e-01
2532 2.5949e+00 -1.8682e+00 1.3995e+00
2533 -6.5662e+00 1.1417e+00 1.0331e+01
2534 -2.6347e+00 -1.1280e+00 1.5077e+00
2535 -1.8914e+00 5.2965e+00 3.1894e-01
2536 -1.7104e+00 -8.1910e+00 -4.8931e+00
2537 -3.4899e+00 3.2411e+00 5.3728e+00
2538 1.4652e+00 -3.9854e+00 2.6688e+00
2539 -2.5382e+00 9.8089e-01 3.4410e+00
2540 5.4866e+00 -1.8058e+00 -1.0872e-01
2541 6.3629e+00 -6.3054e+00 1.5292e+00
2542 -7.2016e-01 -1.2343e+00 9.5988e+00
2543 3.9410e+00 -6.6230e-03 4.6257e+00
2544 3.4788e-01 2.0808e+00 5.4453e-01
2545 -6.1747e+00 4.2471e+00 2.1811e+00
2546 -1.9862e+00 3.1142e-01 2.5102e+00
2547 -2.3441e+00 2.1600e+00 1.0474e+01
2548 -1.6489e+00 5.2647e+00 4.4070e+00
2549 6.5107e-01 -8.6306e+00 5.8306e+00
2550 -4.8246e-03 -4.2272e+00 3.9383e+00
2551 -3.5265e+00 -3.7992e+00 -6.6740e-01
2552 -4.0365e-01 -1.0938e+00 4.0533e+00
2553 -5.7773e+00 -1.4661e+00 4.7724e+00
2554 3.4508e-01 -6.8225e+00 4.4676e+00
2555 8.9436e-01 8.4116e-01 3.3361e+00
2556 -1.0261e+00 3.5845e+00 1.0963e+01
2557 -1.7077e+00 -1.7691e+00 8.0323e+00
2558 -6.7404e-01 -3.6663e+00 7.0611e+00
2559 -3.6249e+00 -1.9787e+00 5.7117e+00
2560 1.0662e-01 -4.7079e+00 -2.5200e-01
2561 -3.9949e+00 1.5763e+00 6.0021e+00
2562 -3.4681e+00 -3.7117e+00 -1.7607e+00
2563 3.4535e+00 -8.5884e+00 -2.2905e+00
2564 -2.9100e+00 2.1608e+00 7.7032e+00
2565 -4.0253e+00 -1.2163e+00 -3.9523e-01
2566 -5.4002e+00 2.4043e+00 6.8892e+00
2567 -4.3062e-01 2.3158e+00 5.9418e+00
2568 3.2054e+00 -3.7997e+00 7.4434e+00
2569 -6.0817e+00 -7.6209e+00 9.7180e+00
2570 6.0524e-02 2.2384e+00 9.6127e+00
2571 -6.3275e+00 -9.3542e-01 2.9078e+00
2572 -9.5175e-01 1.3827e+00 1.2138e+00
2573 5.3127e-01 -1.6262e+00 3.3822e+00
2574 -5.8366e-01 -2.2696e+00 2.3221e+00
2575 -4.2913e+00 1.3595e+00 6.6874e+00
2576 4.1123e+00 -4.8160e+00 2.0613e-01
2577 -6.2858e-01 -3.3136e+00 7.6542e+00
2578 -1.4443e+00 -7.7604e-01 6.9949e+00
2579 -1.8373e+00 -1.9617e+00 4.0274e+00
2580 -8.3522e-02 -3.5475e+00 5.3301e+00
2581 4.5107e+00 1.7946e+00 7.3400e+00
2582 -4.2781e+00 -8.1467e-01 7.9600e+00
2583 -4.6265e+00 -8.7123e-02 2.5679e+00
2584 3.3962e+00 -4.4583e+00 -1.3949e+00
2585 5.4296e-01 5.5812e+00 9.1779e+00
2586 -3.8486e+00 -2.7896e+00 2.1289e+00
2587 -4.3191e+00 -6.5649e+00 -4.1935e+00
2588 4.7690e+00 -5.1385e+00 5.5119e+00
2589 1.7300e+00 3.8070e+00 1.9877e+00
2590 -2.2763e+00 -5.1627e+00 -2.6478e+00
2591 -1.5843e+00 -4.8865e+00 6.8924e+00
2592 -1.2681e+00 1.5249e+00 -1.1493e+00
2593 -8.5689e-02 -4.6721e+00 2.5731e+00
2594 -1.9692e-01 -1.2244e+00 5.8535e+00
2595 -1.7188e+00 -1.2560e+00 -4.2807e-01
2596 -2.7260e+00 -6.9078e+00 7.6453e+00
2597 5.5795e-02 -2.8825e+00 7.1485e+00
2598 -3.0156e+00 2.0396e-01 -3.5968e+00
2599 1.9865e+00 -2.3239e+00 3.4946e+00
2600 -2.8121e+00 -8.6185e+00 -3.3083e+00
2601 -4.0596e+00 -3.0031e+00 7.2153e+00
2602 -1.1309e+00 -7.5907e-01 6.1162e+00
2603 -1.7461e+00 1.6816e-01 4.1466e+00
2604 -3.5575e+00 -5.3130e+00 4.7445e+00
2605 -3.1017e+00 -8.0587e+00 8.7167e+00
2606 -3.6840e+00 -7.9982e+00 2.8229e+00
2607 -2.0322e+00 -2.9734e+00 4.2418e+00
2608 -1.8419e+00 5.9121e+00 1.0868e+01
2609 2.8314e-01 -1.5211e+00 -1.8035e+00
2610 1.5871e+00 2.6675e+00 6.2240e+00
2611 -4.0803e+00 -8.3438e+00 9.7572e+00
2612 -3.0736e+00 -5.4585e+00 7.0969e+00
2613 -9.6889e-01 -3.1725e+00 7.6339e+00
2614 -2.3198e+00 1.3136e+00 -6.1787e+00
2615 1.3126e-01 6.2503e+00 -2.1738e+00
2616 -2.2014e+00 -4.7130e-01 -3.3731e+00
2617 -2.3526e+00 -4.5804e-01 4.5410e+00
2618 -2.6977e+00 6.0972e-01 4.2411e+00
2619 3.7307e-01 8.8422e-01 6.1454e+00
2620 1.1374e+00 -5.9526e+00 3.9073e+00
2621 -5.9853e+00 4.0293e-01 3.0254e+00
2622 -5.4210e-01 -2.6228e+00 6.1163e-01
2623 -4.0081e-02 -4.4714e+00 8.7331e+00
2624 8.3328e-01 8.9916e-01 9.4877e+00
2625 -8.8509e-01 -2.0529e+00 2.5135e+00
2626 -2.5419e+00 4.2359e-02 1.0405e+00
2627 2.2695e+00 6.4715e-01 5.8727e+00
2628 1.6732e+00 -1.2096e+00 4.8997e+00
2629 -4.0383e+00 1.2214e+00 3.6232e+00
2630 2.2570e+00 8.6877e-01 4.1007e+00
2631 5.0940e+00 -8.0713e+00 5.2071e+00
2632 -6.1871e-01 -8.3108e+00 5.3462e-01
2633 -3.2506e+00 -3.4306e+00 6.2827e+00
2634 -4.4351e+00 3.3738e+00 7.3118e+00
2635 -1.1260e+00 -5.0616e+00 1.8335e-01
2636 -1.6198e+00 -7.4502e+00 2.0419e+00
2637 4.4236e-01 -6.7781e+00 -1.5599e+00
2638 -1.9659e+00 -4.9200e+00 5.1600e+00
2639 -2.1344e+00 -6.9565e-01 9.0506e+00
2640 3.5044e-01 -6.7308e+00 6.6894e+00
2641 -1.8838e+00 -1.6682e+00 -2.1685e+00
2642 1.6307e+00 4.7285e+00 4.1529e+00
2643 -2.9204e+00 1.8113e+00 5.3964e+00
2644 1.3065e-01 -5.3277e+00 2.1439e+00
2645 -2.9294e+00 -2.0157e+00 4.5047e+00
2646 2.9505e+00 4.8127e+00 3.4968e+00
2647 5.2028e+00 4.4499e-01 2.5480e+00
2648 -5.7163e-01 -7.7875e+00 1.3189e+00
2649 -4.4562e+00 1.3033e+00 7.6224e+00
2650 -5.0651e+00 -2.7012e+00 9.3018e+00
2651 1.0634e+00 -2.9838e-01 9.3138e+00
2652 -4.7681e+00 -1.7500e+00 5.7538e+00
2653 3.1516e+00 7.4036e-01 -3.1323e+00
2654 -5.4674e+00 2.4662e-01 1.5466e+00
2655 -1.0971e+00 -1.4186e+00 -1.8505e+00
2656 6.7260e-01 -6.1351e+00 5.7937e+00
2657 5.7755e+00 -1.5550e-01 4.7394e+00
2658 6.5437e+00 -5.8945e+00 6.4775e+00
2659 -8.9460e-01 1.4682e+00 9.7225e-01
2660 2.2000e+00 2.7970e+00 1.3840e+01
2661 7.7404e-02 -3.9758e+00 5.4367e+00
2662 2.3041e+00 -2.2599e+00 1.9472e+00
2663 5.6082e+00 -4.7567e+00 4.0885e+00
2664 -6.8568e+00 -4.7530e+00 -2.2502e-01
2665 3.2756e+00 1.0607e+00 2.1755e+00
2666 -4.2000e+00 -4.7461e+00 -1.4615e+00
2667 1.9983e+00 4.2680e+00 6.8841e+00
2668 1.3514e+00 2.7996e-01 -4.6377e-01
2669 -8.2949e-01 -7.3801e+00 -3.7798e-01
2670 1.2308e+00 -6.4969e+00 1.2311e-01
2671 -5.0216e+00 -4.1674e+00 4.0584e+00
2672 -2.7219e+00 -5.1644e+00 4.8145e-01
2673 -1.9214e+00 -2.3044e-01 -9.2349e-01
2674 2.1030e+00 -5.9521e+00 3.8044e+00
2675 -2.3183e+00 -1.4239e+00 6.4974e-01
2676 -3.5934e+00 -1.7574e+00 -2.4984e+00
2677 -4.8561e+00 -2.8871e+00 -1.3375e+00
2678 -6.1655e+00 -1.1108e+00 9.6581e+00
2679 3.0489e-01 -8.1718e-01 2.7216e+00
2680 8.5814e-03 -3.6527e+00 4.6057e+00
2681 -2.6766e+00 -5.8783e+00 2.1929e+00
2682 -2.6926e+00 -4.6328e+00 -2.7424e+00
2683 -2.4986e+00 -2.5359e+00 5.0011e+00
2684 1.0938e+00 -5.4062e-01 7.2930e+00
2685 3.8061e+00 2.8795e-01 7.2167e+00
2686 3.3940e-01 3.5896e+00 4.0433e-01
2687 -2.7166e+00 1.6071e+00 1.9557e+00
2688 -2.8588e+00 5.1573e+00 5.2043e+00
2689 5.6008e-01 -7.3062e+00 4.5111e+00
2690 -3.5546e+00 -3.0178e+00 3.9070e+00
2691 -1.1241e+00 -4.0612e-01 7.7206e+00
2692 1.8608e-01 -3.6436e+00 3.2199e+00
2693 -1.5362e+00 -4.3306e+00 6.0658e+00
2694 -3.7349e-01 -3.3686e+00 2.2403e+00
2695 -4.4109e+00 -3.8191e+00 4.8468e+00
2696 3.3513e+00 -2.1212e+00 -1.4115e+00
2697 -3.5223e+00 -1.3043e+00 5.4434e+00
2698 -1.5132e+00 6.4449e+00 9.6853e+00
2699 -2.2273e-01 1.9218e-01 9.8596e+00
2700 -3.8439e+00 1.0690e+00 1.8329e+00
2701 -3.2820e+00 -1.9686e+00 2.0280e+00
2702 -2.4874e+00 -6.6080e+00 -1.1842e+00
2703 -5.7936e-03 -1.3596e+00 2.2862e+00
2704 -3.0718e+00 -5.7795e+00 4.3989e+00
2705 -2.1190e+00 3.8848e+00 1.4844e+00
2706 -3.6281e-01 -1.2342e+00 4.0575e+00
2707 -4.4703e-01 -3.8098e+00 2.4883e+00
2708 1.7027e+00 -2.3579e+00 4.9123e+00
2709 -2.4130e+00 -3.0325e+00 5.9679e+00
2710 1.2208e-01 -1.1462e+00 5.5266e+00
2711 -3.3131e-02 -7.1487e+00 3.0792e+00
2712 -1.8931e+00 1.2564e+00 5.2375e+00
2713 -2.2494e+00 1.7791e+00 -1.8395e+00
2714 1.1832e+00 -8.7640e+00 -8.8132e-02
2715 -4.2125e-01 -2.9600e+00 -2.3154e+00
2716 4.8250e+00 -1.3951e+00 -1.0146e-01
2717 9.7871e-01 -2.4438e+00 -1.0403e+00
2718 1.0476e+00 2.3828e+00 8.3852e+00
2719 -3.5145e+00 -1.2091e+00 5.9323e+00
2720 -8.6478e-01 -1.8678e+00 1.9948e+00
2721 3.9138e+00 -3.7440e+00 2.0706e+00
2722 -4.4758e-01 5.0071e+00 8.8764e+00
2723 1.5112e+00 -7.7971e+00 2.0187e+00
2724 -7.9967e-01 -7.5916e-01 5.4141e+00
2725 -2.5497e-01 1.2270e+00 -3.0637e+00
2726 4.5186e+00 -3.5632e+00 5.0624e+00
2727 -3.5220e+00 -7.7227e+00 9.9834e+00
2728 -1.5538e+00 -7.2285e+00 3.1504e+00
2729 -4.0925e-01 -2.4341e+00 2.4480e+00
2730 -3.0242e+00 -3.0941e-01 1.7825e+00
2731 -9.9434e-01 -5.4166e+00 -7.6360e-01
2732 -4.1496e+00 -4.2451e+00 4.1841e+00
2733 4.9045e+00 -9.3797e+00 1.5020e+00
2734 1.0051e+00 -1.1058e+00 3.7040e+00
2735 2.3804e+00 4.6931e-01 6.6148e+00
2736 3.3467e+00 -3.8955e+00 4.5074e+00
2737 -2.0190e+00 1.4906e+00 8.6237e+00
2738 3.8120e+00 -4.7857e+00 -2.4756e+00
2739 -3.5438e+00 1.3983e+00 7.2312e+00
2740 7.3714e-01 2.8431e+00 1.8811e+00
2741 -1.9133e+00 3.3148e+00 -2.5559e-01
2742 -1.8905e+00 4.1732e+00 9.9008e+00
2743 4.6578e+00 -3.1651e+00 8.3875e-01
2744 -4.1760e+00 2.5539e+00 1.3714e+00
2745 -3.3465e+00 -5.5169e+00 2.5661e-01
2746 1.9650e+00 2.1290e+00 4.7540e+00
2747 -4.0567e+00 1.0882e+00 -2.3820e+00
2748 -1.7084e+00 -4.2444e+00 -8.9228e-01
2749 -1.2850e+00 -4.7443e+00 2.1488e+00
2750 -2.0271e+00 4.6787e+00 -5.3456e+00
2751 -4.8085e-01 -4.4634e+00 4.0474e+00
2752 2.0043e+00 -5.6802e+00 3.8812e-01
2753 -1.9306e+00 3.1223e+00 9.0819e+00
2754 -4.7648e+00 9.4427e-01 1.6865e+00
2755 -4.4518e+00 -2.4962e+00 -1.0183e-01
2756 -2.7527e+00 -6.4408e+00 1.5402e+00
2757 5.0045e+00 4.0454e+00 5.6377e+00
2758 -1.2529e+00 -6.0482e+00 4.8149e+00
2759 4.3715e+00 3.2844e+00 3.4876e+00
2760 -5.2476e+00 -2.0938e+00 5.7270e+00
2761 -1.6027e+00 5.3235e+00 3.2273e+00
2762 -3.7186e+00 5.6369e-01 3.9635e+00
2763 4.7159e+00 -1.5181e+00 5.0809e+00
2764 4.6020e+00 6.4231e-01 9.1030e+00
2765 -1.0942e+00 -2.8079e+00 4.4256e+00
2766 -1.6437e+00 5.2219e+00 -3.9394e+00
2767 -4.4921e+00 -5.0325e+00 5.3434e+00
2768 2.0773e-01 -9.8437e-01 -1.6452e+00
2769 1.5350e+00 -3.1999e+00 -3.2569e+00
2770 -2.7720e+00 1.2546e+00 4.3876e+00
2771 -1.1852e+00 -4.7462e+00 -4.8009e-01
2772 -4.4356e+00 -2.7245e+00 7.4133e-01
2773 -3.6126e+00 -1.7920e+00 2.6741e-01
2774 -5.8842e+00 -4.3585e+00 2.3272e+00
2775 1.3844e+00 -2.0148e+00 1.0585e+00
2776 -1.2804e+00 -1.1032e+00 8.4434e+00
2777 -4.5215e-01 -1.3305e+00 2.9312e+00
2778 -2.7053e+00 4.7777e+00 -3.0600e+00
2779 -1.3431e+00 1.6549e+00 6.5529e+00
2780 -3.7709e+00 -6.9794e+00 3.0631e+00
2781 -1.1215e+00 -7.0397e+00 2.5036e+00
2782 -2.1655e+00 3.3921e+00 4.1646e+00
2783 4.9628e-01 -3.3327e+00 -6.0315e+00
2784 1.5456e-01 -4.4283e-01 6.7200e-01
2785 1.9360e+00 -7.9397e+00 9.4286e-01
2786 -3.3582e+00 -1.1546e+00 3.1466e+00
2787 4.1787e+00 5.1499e-01 4.2697e+00
2788 -2.9527e+00 -3.9859e+00 3.0205e+00
2789 -1.5564e+00 -4.4153e+00 5.4148e+00
2790 -2.0679e+00 5.4952e+00 2.6139e+00
2791 -2.7231e+00 -1.3462e+00 8.6124e+00
2792 -1.9430e-01 5.7172e+00 9.2163e+00
2793 -3.7614e+00 2.0421e+00 5.0079e+00
2794 -3.3711e-03 -3.1849e+00 1.6530e+00
2795 -1.3594e+00 -2.0552e+00 9.3514e+00
2796 -2.0118e-01 3.1959e+00 3.6728e+00
2797 -4.5415e+00 2.7429e+00 -8.2526e-01
2798 -1.0392e+00 3.9443e+00 4.1333e+00
2799 -3.5078e-02 -2.1983e+00 6.5956e+00
2800 2.4813e+00 2.5707e+00 7.7036e+00
2801 1.0389e+00 4.4123e+00 5.9552e+00
2802 -3.5373e+00 -5.1821e+00 4.4002e+00
2803 -9.1624e-01 -3.7727e+00 1.2733e+00
2804 -5.2710e-01 -7.6599e-01 5.5768e+00
2805 3.6409e+00 -8.9976e-01 5.3070e+00
2806 -2.9521e+00 -3.7536e+00 -3.4766e+00
2807 -1.2701e+00 -6.5403e+00 5.2590e+00
2808 6.3562e-02 -7.8299e+00 3.8178e+00
2809 2.9824e+00 -1.6307e+00 6.0970e+00
2810 -2.7875e+00 5.3659e+00 1.0212e+01
2811 -5.5108e+00 9.4011e-01 6.4394e+00
2812 -8.8028e+00 3.1204e-01 5.3552e+00
2813 -2.4944e+00 -7.2690e+00 -6.5119e-01
2814 4.7400e+00 -2.5922e+00 -1.2437e+00
2815 3.2061e+00 -2.0068e+00 8.9570e+00
2816 -2.9756e+00 2.1145e+00 -8.0548e+00
2817 3.7880e-01 -1.4129e+00 -3.9700e+00
2818 1.6803e+00 1.5972e+00 -4.8229e+00
2819 -1.8766e+00 4.7195e+00 -8.2565e+00
2820 -2.7203e+00 2.1743e+00 -2.2229e+00
2821 -4.4313e+00 1.6772e+00 1.8202e+00
2822 -4.6546e+00 -2.1064e+00 1.0501e+01
2823 1.8343e+00 -7.2351e-01 2.9556e+00
2824 2.9732e+00 -7.0918e+00 5.0534e+00
2825 -3.9007e+00 -1.3847e+00 2.3812e+00
2826 -2.1956e+00 -3.7293e+00 1.6449e-01
2827 -1.4276e+00 3.9461e+00 8.3619e+00
2828 1.8012e+00 -5.5522e-01 8.7607e+00
2829 -6.4530e-01 -4.8670e+00 1.3420e+00
2830 1.0915e+00 -4.9548e+00 6.3013e+00
2831 -6.2576e+00 5.4336e+00 9.2424e+00
2832 3.6697e-01 4.8121e-01 6.7459e+00
2833 9.6379e-01 3.4717e+00 5.4206e+00
2834 2.5971e+00 -2.3650e+00 6.3354e+00
2835 4.3834e+00 -7.3748e+00 1.4973e+00
2836 3.0071e+00 -4.9453e+00 1.0679e+00
2837 -5.7736e+00 -3.5001e+00 7.8556e+00
2838 8.4213e-01 8.6194e+00 6.4655e+00
2839 2.9124e+00 -1.6550e+00 -2.5989e+00
2840 2.0287e-01 -2.3331e+00 -4.0639e-01
2841 -1.7879e-01 -6.1792e+00 -8.5470e-01
2842 6.1853e-01 -3.4476e+00 4.5872e+00
2843 -5.0768e-01 -2.3923e+00 6.0345e+00
2844 -3.0456e+00 -2.9888e+00 3.5583e+00
2845 -8.0148e+00 -1.7816e+00 3.5642e+00
2846 6.6775e-01 -5.4435e-01 5.4106e+00
2847 -7.3470e-01 -1.9605e+00 2.7765e+00
2848 -3.3461e+00 -3.2012e+00 1.1320e+00
2849 4.5016e-01 7.8910e-01 8.9293e+00
2850 -2.9651e+00 5.1918e+00 2.5428e+00
2851 1.7099e+00 -5.1033e+00 2.3710e+00
2852 1.0461e+00 -6.3063e+00 -1.2915e+00
2853 1.2943e+00 -1.8380e+00 6.7741e+00
2854 -6.4399e-02 -2.1848e+00 1.4572e+00
2855 1.4250e+00 -3.7123e+00 2.1045e+00
2856 -2.2171e+00 -4.3591e+00 5.2136e+00
2857 -4.6781e-01 7.4486e+00 6.5837e+00
2858 -2.6097e+00 -4.1710e+00 6.8978e+00
2859 -2.0330e-01 -7.4659e+00 4.7427e+00
2860 1.5227e+00 4.3591e+00 1.8863e+00
2861 -2.8344e+00 -3.1091e+00 6.0524e-02
2862 -7.1591e-01 -6.1730e+00 4.0520e+00
2863 1.2585e+00 -2.0006e+00 -6.4192e-01
2864 9.1395e-01 -3.4163e+00 -4.3389e+00
2865 -1.4900e+00 1.8219e+00 1.0485e+00
2866 -2.0175e+00 1.0647e+00 1.1249e+01
2867 -4.5922e+00 -3.4328e-01 6.4350e+00
2868 -2.5426e+00 3.6166e+00 5.1701e+00
2869 8.0615e-01 -1.1899e+00 4.7124e+00
2870 -3.8417e+00 3.8456e+00 4.7013e+00
2871 -4.7831e+00 -5.8118e+00 6.1101e+00
2872 -5.3184e+00 3.3318e+00 3.5019e+00
2873 1.2994e+00 -5.2734e+00 -2.3559e+00
2874 -2.7383e+00 -2.5805e+00 -3.2158e+00
2875 -3.1922e+00 -4.6754e+00 7.8008e+00
2876 -3.5011e+00 1.9098e+00 4.7136e+00
2877 -5.2084e+00 1.9782e+00 1.8512e+00
2878 -3.5989e+00 -1.8354e+00 9.4241e+00
2879 5.1781e+00 -5.7987e-01 3.8849e+00
2880 -7.8810e-01 -4.1080e+00 4.0366e+00
2881 -4.1602e-01 -3.1378e+00 1.5349e+00
2882 -2.3461e+00 -3.4358e+00 1.5743e+00
2883 -1.9452e+00 -5.7564e-01 3.3426e+00
2884 -3.4509e+00 -4.4600e+00 1.1453e+01
2885 8.6097e-01 3.6950e+00 6.4502e+00
2886 -1.9061e+00 -2.8678e+00 -6.0518e+00
2887 -8.1479e-01 -1.9524e+00 2.3581e+00
2888 1.4408e+00 4.0046e+00 4.8770e+00
2889 4.8765e+00 -5.3708e+00 2.6600e-01
2890 -1.3778e+00 -3.7493e+00 5.1438e+00
2891 3.2847e+00 3.0262e-01 8.7555e+00
2892 -1.2094e+00 3.4273e+00 1.0723e+01
2893 -8.9052e-01 -5.5341e+00 5.7654e+00
2894 -3.9882e+00 1.0540e+00 8.1336e+00
2895 -3.4851e+00 -4.4773e+00 -4.0638e-01
2896 2.8376e+00 -2.1542e-01 -1.4213e-01
2897 -5.0016e+00 4.7416e+00 7.4278e+00
2898 -1.4416e+00 -1.0830e-02 4.8070e+00
2899 1.0272e+00 -2.1562e+00 7.1314e-01
2900 -3.3794e+00 -3.1385e-01 3.4865e+00
2901 -2.2091e+00 5.4165e-01 -1.6733e+00
2902 3.8913e+00 2.5188e+00 4.7719e+00
2903 -1.2263e+00 -1.5133e-01 3.8258e+00
2904 -2.0673e+00 2.2450e-01 7.2885e-01
2905 9.5403e-01 -4.6296e+00 6.7554e+00
2906 -6.5973e+00 -3.2636e+00 6.5811e+00
2907 4.4038e+00 3.1814e+00 8.0476e+00
2908 -3.6459e-02 -1.8006e+00 8.5942e+00
2909 -1.8992e+00 -4.1406e+00 3.1262e+00
2910 -1.2403e+00 -4.3020e+00 1.0675e+01
2911 2.2091e+00 -6.0964e+00 4.5568e+00
2912 -9.1114e-01 -5.0557e-01 1.2412e+00
2913 -2.3985e-01 2.2369e+00 6.3342e-01
2914 -3.1402e+00 -5.4272e+00 3.0148e-01
2915 4.5998e-01 -2.6663e+00 8.1996e-01
2916 -1.5476e+00 -3.9192e+00 2.4150e+00
2917 2.2464e+00 1.7677e+00 3.1022e+00
2918 -5.2727e-01 -6.2627e+00 5.8042e+00
2919 3.3267e-01 1.6480e+00 1.1059e+01
2920 -2.3388e-01 -4.7563e+00 6.5841e+00
2921 3.0005e+00 -2.7105e+00 8.7581e+00
2922 -5.1059e+00 -2.6611e+00 5.0956e+00
2923 -8.2732e-01 1.2521e+00 2.4514e+00
2924 1.0042e+00 -3.9578e+00 6.4789e+00
2925 1.1675e+00 -3.6849e+00 2.9812e+00
2926 1.4513e+00 4.1083e+00 1.0302e+01
2927 3.6966e+00 -9.3194e-01 4.7171e+00
2928 1.4458e-01 1.6107e+00 9.0140e+00
2929 -1.8332e+00 -6.4304e+00 4.6819e+00
2930 -4.4504e-02 2.9517e-01 1.0667e+01
2931 3.1284e-01 1.0227e-01 1.0669e+00
2932 -2.3203e+00 -1.1543e+00 3.3250e+00
2933 1.1115e+00 1.3817e+00 1.7363e+00
2934 6.3731e-02 -1.6857e+00 3.4389e+00
2935 -2.2138e-01 -8.9443e-01 9.3231e-01
2936 1.1082e+00 -4.1746e+00 -6.4986e+00
2937 -6.5723e-01 -1.6552e+00 3.2026e+00
2938 -2.4684e+00 -5.7974e+00 6.9299e+00
2939 1.2967e+00 2.5642e+00 6.1240e+00
2940 -9.0635e-01 -4.7113e+00 5.2248e+00
2941 1.1800e+00 2.3424e+00 2.6061e+00
2942 -5.6835e+00 2.7774e-01 3.4076e+00
2943 -6.9206e-01 7.5319e-01 6.8926e+00
2944 2.1734e+00 -4.4643e+00 -1.5181e+00
2945 -2.1534e+00 -3.1913e+00 3.8683e+00
2946 -1.8000e+00 5.4736e-01 7.6602e-02
2947 -5.4612e-01 -5.5776e+00 3.4059e+00
2948 -2.9979e+00 -1.6116e+00 3.4117e+00
2949 2.3765e+00 -2.5276e-01 7.4844e+00
2950 -1.0870e+00 -3.7964e+00 6.5810e+00
2951 -3.1677e+00 1.3309e+00 9.9411e+00
2952 -2.6615e+00 -4.2111e+00 4.8350e+00
2953 1.1118e+00 -6.3308e+00 8.4298e+00
2954 2.1981e+00 -2.4113e+00 4.1625e+00
2955 -1.4059e+00 -5.1248e+00 1.8864e+00
2956 -2.6806e+00 -7.4750e+00 4.5477e+00
2957 -3.8828e+00 -7.5667e+00 -3.5332e+00
2958 1.1138e+00 -6.5540e+00 6.0987e+00
2959 5.8249e-01 -4.0994e-01 -2.1400e+00
2960 -6.9650e-01 3.0152e+00 1.5022e+00
2961 -2.9328e+00 3.2732e+00 6.9751e+00
2962 1.4246e+00 1.9443e+00 2.2741e+00
2963 -3.4708e+00 2.3393e+00 1.2764e+01
2964 1.7598e+00 7.8405e-01 2.2977e+00
2965 -3.6331e+00 -4.7014e+00 8.2341e+00
2966 -5.4545e-01 -5.2063e+00 8.5068e+00
2967 1.0321e+01 3.6807e+00 3.6140e+00
2968 -3.5278e+00 -4.9943e+00 -1.2794e-01
2969 -6.0311e+00 -1.6724e+00 -6.7207e-01
2970 2.2041e+00 -4.4089e+00 4.9013e+00
2971 1.4309e+00 -2.5732e+00 1.5704e+00
2972 4.2130e+00 2.3130e+00 3.1936e+00
2973 -5.0318e+00 -3.6278e+00 -3.0501e+00
2974 -4.3755e+00 -2.7959e+00 3.5391e+00
2975 1.5154e+00 -2.5089e+00 4.1983e+00
2976 -1.9825e+00 -2.2544e+00 9.4752e+00
2977 1.1201e+00 3.7626e-01 2.5010e+00
2978 -1.5941e+00 5.6903e-01 3.8873e+00
2979 -4.5851e-01 -5.7663e+00 3.8035e+00
2980 -2.9648e-01 1.5475e+00 8.8396e-01
2981 -5.3567e+00 1.5029e+00 8.9872e+00
2982 -5.3396e+00 -6.6786e+00 2.3806e+00
2983 -6.0582e+00 1.9599e+00 1.1396e+00
2984 -1.0759e+00 -4.0388e+00 8.6207e+00
2985 1.9638e+00 -1.5795e+00 9.2152e-01
2986 -2.2536e-01 -4.2032e+00 4.2588e+00
2987 -3.5399e+00 -7.1379e+00 2.2844e+00
2988 1.5117e+00 1.2544e+00 5.0025e-01
2989 6.0757e-02 1.9528e-01 1.0607e+01
2990 -1.0837e+00 2.2799e+00 2.8413e+00
2991 -2.8478e+00 1.1735e+00 2.7764e+00
2992 -4.4807e+00 2.7330e+00 7.0153e+00
2993 -5.5138e+00 -1.7248e+00 1.1435e+00
2994 -5.1450e+00 -2.2195e+00 5.1393e+00
2995 -8.5250e-01 -6.0447e-01 6.4364e+00
2996 -2.5263e+00 5.7254e+00 1.6646e-01
2997 9.9237e-01 -2.8062e+00 7.4441e+00
2998 -4.0782e-01 -6.0909e+00 1.9000e+00
2999 2.3145e+00 9.0851e-01 2.7024e+00
3000 1.7508e+00 -7.5856e+00 7.9929e-01
3001 1.6314e+00 -2.2674e+00 8.2572e+00
3002 -4.3800e-01 -7.2323e-01 1.3876e+00
3003 7.8821e-01 -8.8840e+00 -5.2174e-01
3004 -2.2442e+00 -7.2218e-01 4.4894e+00
3005 5.7067e+00 1.6807e+00 -7.2728e-01
3006 4.1099e+00 -5.1677e-01 1.0572e+00
3007 2.1633e+00 -5.5347e-01 1.1521e+01
3008 -5.1112e-01 -4.7452e+00 4.3729e+00
3009 1.4239e+00 -1.5058e+00 6.9693e+00
3010 -1.4869e-01 -2.4765e+00 1.9879e+00
3011 1.6741e+00 -3.8539e-01 8.4729e+00
3012 2.7540e+00 5.2602e-01 -1.7603e+00
3013 -2.4505e+00 -1.6257e+00 1.2192e+00
3014 1.1540e+00 3.7793e+00 1.0252e+01
3015 -8.6368e-01 1.4299e+00 -6.0616e+00
3016 4.2508e+00 5.8811e-01 -7.1793e+00
3017 -1.5907e+00 -4.3757e+00 -1.4275e+00
3018 1.5960e+00 1.0116e-01 -8.8054e+00
3019 4.2797e+00 -2.0829e+00 1.9622e+00
3020 -1.9354e-01 4.3680e+00 -8.4046e-01
3021 1.4739e+00 -6.8531e+00 9.9411e-01
3022 -3.8232e+00 -3.4191e-01 -4.6842e+00
3023 2.1949e+00 2.8255e+00 -7.6411e+00
3024 -3.4742e+00 3.0959e+00 6.3782e+00
3025 6.5368e-01 -1.0090e+00 1.1697e+01
3026 1.2288e+00 1.9210e+00 6.0303e-01
3027 -1.3325e+00 -1.8763e+00 7.4760e+00
3028 -4.2692e+00 2.5443e+00 -6.2547e+00
3029 -1.6933e+00 5.4976e-02 -8.7861e+00
3030 -2.9295e+00 -4.7543e-01 -6.5378e+00
3031 -4.1798e+00 2.8090e-02 -3.1213e+00
3032 1.0963e+00 4.2980e+00 -7.0939e+00
3033 4.4685e+00 1.1969e+00 9.5475e+00
3034 -9.0147e-01 1.3894e+00 7.8281e+00
3035 -3.3730e+00 4.4946e-01 -7.7370e+00
3036 1.2329e+00 3.0594e+00 1.6116e+00
3037 1.3618e+00 -4.8276e+00 6.5744e+00
3038 1.6826e+00 3.4201e+00 2.8908e+00
3039 -5.8031e+00 -3.6524e+00 -3.5959e-01
3040 1.3082e+00 8.5583e-01 -1.3153e+00
3041 -1.0303e+00 -5.5602e-01 4.7374e+00
3042 8.9564e-01 -1.2551e+00 2.2792e+00
3043 -1.1182e+00 -2.9618e+00 4.2300e+00
3044 -2.9059e+00 -1.6482e+00 -1.7779e+00
3045 -1.9311e-01 -2.1810e+00 2.0598e+00
3046 -5.4641e+00 1.5774e+00 3.7819e+00
3047 -5.2799e+00 3.8833e+00 1.8551e+00
3048 -1.8528e+00 7.5725e+00 5.7288e+00
3049 -9.8454e-01 5.3789e-01 7.0245e+00
3050 -1.6014e-01 1.3111e+00 5.9207e+00
3051 3.1201e+00 -1.4080e+00 1.2646e+01
3052 -3.8794e+00 2.3997e+00 5.2189e+00
3053 -1.8802e+00 -2.3363e+00 6.7139e+00
3054 -7.6322e-01 -4.5421e+00 6.9072e+00
3055 5.5714e+00 5.0726e+00 4.3072e+00
3056 1.2884e+00 -3.9983e+00 4.3330e+00
3057 8.9046e-01 -2.1957e+00 3.4331e-01
3058 -3.4832e-01 -8.5130e-01 4.0992e+00
3059 5.0659e-01 -1.7827e+00 2.4442e+00
3060 -2.9743e+00 -2.5695e+00 2.2553e+00
3061 -6.4991e+00 -4.5532e+00 -2.2464e-01
3062 -6.2195e-01 2.1874e+00 9.1700e+00
3063 -1.4352e+00 -4.5830e+00 2.8173e+00
3064 -8.8172e-01 -2.8151e+00 1.1032e+01
3065 1.2345e+00 -6.6739e+00 4.6985e+00
3066 8.6145e-01 -2.2502e+00 -1.3333e+00
3067 -6.6209e-01 6.9463e-01 -3.4272e+00
3068 -3.1179e+00 -3.3822e+00 8.0608e-01
3069 -9.0515e-01 -3.0120e+00 7.8420e+00
3070 1.5957e+00 -3.9264e+00 2.3231e+00
3071 9.1486e-01 -5.0568e+00 9.0453e-01
3072 -3.5232e+00 -1.2736e+00 1.1210e+01
3073 -2.8804e+00 -1.6310e+00 -2.2223e+00
3074 -1.3019e+00 9.0992e-01 2.7241e+00
3075 -6.6170e-02 -3.9974e+00 -3.6664e+00
3076 1.2903e+00 -3.7277e+00 5.8199e+00
3077 -6.8779e-01 -6.0319e-01 1.9061e+00
3078 3.2228e+00 -2.7151e-01 3.1880e+00
3079 -9.2801e-01 -5.2273e+00 5.0000e+00
3080 3.1825e+00 1.3767e+00 4.2717e+00
3081 1.1721e-01 -2.7633e+00 3.0548e+00
3082 1.3828e+00 -7.0034e-01 9.2082e-01
3083 1.5382e+00 -2.3553e+00 6.8605e+00
3084 -1.6694e+00 -5.7905e+00 7.0834e+00
3085 5.7463e-01 7.6868e-01 2.4734e+00
3086 -4.2597e+00 -2.0256e+00 6.8163e+00
3087 -3.1476e+00 -5.2299e-01 2.2247e+00
3088 3.9489e+00 -1.2479e+00 7.4599e+00
3089 3.8748e+00 -1.6820e+00 -2.2154e+00
3090 3.3930e+00 -1.2710e+00 6.4434e+00
3091 -3.2446e+00 -5.2248e-01 -8.6871e-01
3092 -5.0191e+00 -1.4049e+00 3.8682e+00
3093 3.0718e+00 4.7182e+00 4.5694e+00
3094 2.7011e+00 -2.4909e+00 -1.5553e+00
3095 1.0780e+00 -2.4590e+00 -9.8794e-01
3096 -7.4673e+00 -2.3412e+00 7.0412e+00
3097 3.6092e-01 -1.2576e+00 2.2926e+00
3098 -1.2598e+00 -3.7573e+00 5.0145e+00
3099 -1.9997e+00 -6.4123e-02 7.6944e+00
3100 -1.9009e+00 -1.9277e+00 6.8281e+00
3101 -4.6382e+00 -9.7256e-01 8.8798e+00
3102 -1.9593e+00 -3.3413e+00 5.0920e+00
3103 -2.1885e+00 -3.4920e+00 3.9961e+00
3104 3.9257e-01 -3.4614e+00 7.1022e+00
3105 -3.2793e+00 8.7179e-01 7.6728e+00
3106 -2.6757e+00 2.7896e+00 6.2929e+00
3107 -5.0766e-01 -1.1964e+00 4.5360e+00
3108 9.1439e-01 -2.2238e+00 1.3016e-01
3109 -1.1365e+00 -1.1234e+00 -4.0082e-01
3110 -4.9760e+00 -6.1337e+00 8.4101e+00
3111 -2.3978e+00 -1.7339e+00 -7.4569e-01
3112 3.1345e+00 1.1616e+00 1.0004e+01
3113 -5.9153e+00 9.0908e-01 3.6939e+00
3114 -7.4864e-01 -3.3915e-02 6.7048e+00
3115 -6.3500e+00 1.5198e+00 8.8375e-01
3116 3.0051e+00 3.9598e+00 3.4382e+00
3117 -7.3805e+00 -8.3752e-01 6.1251e+00
3118 -2.1018e+00 1.5518e+00 8.5566e-01
3119 1.1704e+00 -5.6726e+00 1.2363e+01
3120 1.1357e+00 -3.8166e+00 3.5613e+00
3121 2.6824e-01 -5.9780e+00 1.1205e+01
3122 -7.4789e+00 -2.9136e-01 8.7404e+00
3123 4.7390e-01 -2.9524e+00 7.4306e+00
3124 -9.0614e-01 -6.4568e+00 1.6765e+00
3125 -2.0505e+00 7.6915e-01 6.4499e+00
3126 -8.4654e-01 -1.7524e+00 4.6680e+00
3127 1.5230e+00 9.1528e-01 3.1409e+00
3128 -1.3573e+00 -7.5728e+00 5.7299e+00
3129 -6.3334e+00 -4.1495e+00 3.5259e-01
3130 -2.1335e+00 -3.5318e+00 1.1595e+01
3131 -4.1008e-01 -6.8890e+00 1.2250e+00
3132 2.1562e+00 1.3255e+00 7.2210e+00
3133 -2.5879e+00 8.1100e-01 7.5224e+00
3134 -2.1191e+00 -4.3090e+00 3.7586e+00
3135 1.8401e+00 -3.6819e+00 3.0007e+00
3136 -1.4517e-01 -8.2391e-01 5.1575e+00
3137 3.8901e+00 3.8667e+00 2.7374e+00
3138 -5.1840e-01 2.4195e+00 -1.9004e+00
3139 1.7134e+00 1.3115e+00 4.3854e+00
3140 1.0838e+00 -4.3899e+00 3.7229e+00
3141 -2.8461e+00 -2.0886e+00 1.7912e+00
3142 -4.8717e+00 1.4487e+00 -1.5335e+00
3143 1.7003e+00 -7.3395e+00 5.1195e+00
3144 6.6810e+00 -2.0433e+00 7.2517e+00
3145 1.4124e+00 -1.6158e-01 8.0602e+00
3146 -3.1275e+00 3.5364e+00 5.7723e+00
3147 -9.4146e-01 -3.0140e+00 -1.3351e+00
3148 -2.7830e+00 2.9501e+00 3.7250e+00
3149 -6.6753e+00 -7.5892e+00 1.6053e+00
3150 -9.6552e-01 -5.0326e+00 1.4951e+00
3151 1.1677e+00 -3.7848e+00 -5.2702e+00
3152 -2.1565e+00 -3.1605e+00 9.9460e+00
3153 -5.6406e+00 -5.5703e+00 4.5524e+00
3154 -2.7957e+00 2.2949e-01 8.2533e+00
3155 3.8688e+00 -2.0667e+00 1.4740e+00
3156 2.6978e-01 -2.9318e+00 5.0860e+00
3157 -3.1063e-01 2.6993e+00 4.4557e+00
3158 -2.5251e+00 2.8386e+00 3.7135e+00
3159 6.9580e-01 -1.5183e+00 2.3819e+00
3160 -1.5294e+00 -8.6403e+00 1.6102e+00
3161 -1.4646e+00 -1.8423e+00 -1.4527e-01
3162 2.6851e+00 3.6023e+00 9.1200e+00
3163 2.7152e+00 -5.5649e-01 2.7757e+00
3164 -4.6718e-01 -1.2901e+00 4.4229e+00
3165 2.3163e+00 7.6926e-01 8.1668e+00
3166 2.1744e+00 4.5797e+00 1.5604e+00
3167 -1.5466e-01 -6.4508e+00 2.6912e+00
3168 4.5770e-01 -1.1080e-01 4.4793e+00
3169 -1.5080e+00 -6.8715e+00 3.3584e+00
3170 -2.1938e+00 -3.3247e+00 5.7149e+00
3171 1.5248e-01 -1.3895e+00 2.1052e+00
3172 -1.0280e+00 -3.6813e+00 -7.3577e-01
3173 4.0704e+00 -6.4356e+00 -3.2964e+00
3174 -1.9979e-01 -3.4881e+00 3.4563e+00
3175 1.9046e+00 -3.4432e+00 5.5756e+00
3176 7.2858e-01 -2.2818e-01 -1.8341e+00
3177 2.6449e+00 -4.0483e+00 -3.0454e+00
3178 -7.2979e-01 1.7074e+00 5.9438e+00
3179 -3.4204e+00 2.8400e+00 3.8190e-01
3180 -3.7559e+00 1.2488e+00 5.4798e+00
3181 2.9549e+00 -4.0730e+00 3.0827e+00
3182 -2.0436e+00 -2.0739e+00 3.2821e+00
3183 -7.5209e-01 5.5144e-01 2.5473e+00
3184 -4.8165e-01 -3.7163e+00 -5.4809e+00
3185 -1.4319e+00 -8.9314e+00 8.4359e+00
3186 -3.4518e+00 -1.7973e+00 1.0987e+01
3187 -1.2056e+00 1.5513e-01 1.4968e-01
3188 -1.9162e-01 -4.9797e-01 2.1505e+00
3189 -3.4088e+00 -4.1684e+00 3.3250e+00
3190 -2.4609e+00 -5.6494e+00 -2.2924e+00
3191 -4.6684e+00 1.4528e+00 7.0187e+00
3192 -1.3007e+00 -3.0476e+00 5.7121e+00
3193 -1.0414e-01 -1.3524e+00 6.7053e+00
3194 -9.6665e-01 -2.1275e-01 1.3852e+00
3195 1.0626e+00 -1.1670e+00 3.8001e+00
3196 -6.1587e+00 4.7662e+00 6.3379e+00
3197 -3.5990e+00 -1.9657e+00 -1.9994e+00
3198 -6.7758e+00 -7.1262e+00 4.0252e+00
3199 5.1329e-01 1.5551e+00 1.1716e+00
3200 -1.1390e+00 -3.6138e+00 -5.4063e+00
3201 -1.7377e+00 -2.3376e+00 3.5244e+00
3202 -2.6181e+00 -4.6946e+00 -1.3119e+00
3203 -2.1647e+00 -7.6990e-01 4.1917e+00
3204 4.5763e+00 -3.2159e+00 1.6309e+00
3205 -1.4702e+00 2.9534e-01 4.8210e-02
3206 -2.8209e+00 3.7067e+00 -3.4273e+00
3207 3.1366e+00 -2.3300e+00 7.2200e+00
3208 -5.7813e+00 -1.7024e+00 3.0753e+00
3209 -1.5827e+00 -5.4431e+00 -8.6958e-01
3210 -2.1449e+00 9.2935e-01 -2.0630e+00
3211 -3.0085e+00 7.4978e-01 8.4078e+00
3212 -2.8473e+00 -4.2138e+00 1.5624e+00
3213 -2.4577e+00 9.5919e-01 5.4704e+00
3214 -2.0982e+00 -7.3623e+00 1.3127e+00
3215 5.9111e-01 -1.8078e+00 -3.1674e-01
3216 -4.4115e-01 2.4314e+00 3.0053e-01
3217 2.1681e-01 -6.6445e-01 -7.7889e+00
3218 1.7811e+00 -2.6687e+00 -1.9046e+00
3219 -4.8547e+00 -1.3346e+00 -5.6819e+00
3220 1.5463e+00 -4.2423e-01 4.1327e+00
3221 -2.2329e+00 5.9163e+00 -4.4911e+00
3222 -2.4874e+00 -3.0401e+00 -8.7566e+00
3223 -1.6135e+00 1.7839e-01 -6.5609e+00
3224 -2.9954e+00 -2.0556e+00 -1.5351e+00
3225 -3.8984e+00 -5.0817e+00 -1.3165e+00
3226 -6.8529e-01 2.4932e+00 -5.0319e+00
3227 2.1819e-01 4.6082e+00 -2.2348e+00
3228 5.6756e-01 2.7214e+00 -6.4053e-01
3229 -2.4125e+00 1.1708e+00 1.0796e+00
3230 -2.5219e-01 3.0716e+00 -4.0100e+00
3231 -3.2508e+00 4.0277e+00 -6.2474e+00
3232 1.4774e+00 7.6930e-01 -4.4138e+00
3233 -6.3104e-01 5.7610e+00 -5.3572e+00
3234 3.1403e+00 -1.3215e+00 1.0919e+00
3235 1.9899e+00 2.4542e+00 -7.8251e+00
3236 2.0850e+00 -4.0931e+00 -6.8972e+00
3237 2.7985e+00 3.1723e+00 -5.9291e-01
3238 -2.8806e+00 -2.3239e+00 -5.1727e+00
3239 -7.5293e-01 1.8583e+00 -7.1712e+00
3240 1.3087e+00 3.8138e+00 -2.8794e+00
3241 4.9653e-01 2.4910e-01 -1.5489e+00
3242 -2.2843e-01 4.5435e+00 -2.5761e-01
3243 8.6650e-01 6.6027e-01 -8.6590e+00
3244 -1.9461e+00 6.5426e-01 -7.1136e+00
3245 -9.9789e-01 -3.6165e+00 -5.2340e+00
3246 -2.9824e+00 -2.7520e+00 -3.8138e+00
3247 -7.6037e-01 -1.5008e+00 -1.8577e+00
3248 1.1617e+00 -1.7736e+00 -3.0455e+00
3249 6.0827e+00 2.0442e+00 -4.8528e+00
3250 -3.5933e+00 3.3582e+00 -9.2168e+00
3251 -1.5016e+00 2.8698e+00 -5.2403e+00
3252 -1.6860e+00 -9.5736e-02 -3.1706e+00
3253 -1.5139e+00 1.6669e+00 6.2862e-01
3254 -2.7770e+00 -7.2346e-01 -5.3446e+00
3255 -4.2394e-01 -1.4029e+00 -8.0778e-02
3256 -4.8051e-01 8.8099e-01 2.4868e+00
3257 -1.8302e+00 3.1935e+00 1.4908e-01
3258 -7.8517e-01 9.2915e+00 -2.3101e+00
3259 -2.8944e+00 4.5392e+00 -3.3027e+00
3260 3.6319e+00 -1.3852e+00 -1.0650e+00
3261 1.5038e+00 -3.1139e+00 -6.2741e+00
3262 9.1704e-01 3.1227e-01 -9.0886e+00
3263 3.8637e+00 6.0513e+00 -8.1377e+00
3264 3.6839e+00 -1.7529e+00 -1.5708e+00
3265 4.2286e+00 2.8985e+00 -7.2955e+00
3266 3.0673e+00 5.2832e-02 -2.2907e+00
3267 -9.0935e-01 2.3973e+00 -7.5127e+00
3268 1.5092e+00 4.1080e+00 -7.3953e+00
3269 1.0894e+00 -6.3168e-01 -8.0437e+00
3270 2.4814e+00 -2.5434e+00 -5.1115e+00
3271 2.1129e+00 2.4384e+00 -8.4154e-01
3272 5.2246e+00 3.4363e+00 -6.5553e+00
3273 5.1787e-01 4.3899e+00 3.3224e+00
3274 -1.3444e+00 3.8058e+00 -8.8624e+00
3275 1.9849e+00 3.9612e+00 -5.5595e+00
3276 1.0806e+00 3.7060e+00 -6.9361e+00
3277 -4.7169e+00 -4.5362e+00 -5.1827e+00
3278 -6.1991e-01 -2.4939e+00 -6.8418e+00
3279 -3.5027e+00 9.4794e-03 8.0875e+00
3280 -3.0255e+00 2.5341e+00 -6.2063e+00
3281 -3.1940e+00 -9.3199e-01 -9.3442e+00
3282 2.6763e+00 7.5736e-02 -7.9544e+00
3283 -3.5251e+00 4.3903e+00 -1.2269e+00
3284 -1.9471e+00 1.7995e+00 -8.1346e+00
3285 2.1699e+00 1.2097e+00 -3.1069e+00
3286 1.2473e+00 -1.2468e+00 -1.2498e+00
3287 -1.0568e+00 4.0093e+00 -5.0270e+00
3288 -1.3646e+00 4.1768e+00 -2.5430e-01
3289 -1.8227e+00 6.9449e-01 -6.2808e+00
3290 -1.7022e+00 -5.7561e+00 -3.1194e+00
3291 4.4957e+00 -3.4951e+00 -6.1700e+00
3292 2.2357e+00 -8.6455e-01 -3.5023e+00
3293 -3.7780e+00 -5.1812e+00 -7.1887e+00
3294 5.0474e-01 -8.7842e+00 -8.2061e-03
3295 -7.5241e-01 -5.8043e+00 -5.3006e+00
3296 4.4484e-01 -6.1363e-01 -1.3611e+00
3297 -1.7425e+00 -3.0612e+00 -3.0938e+00
3298 1.1035e+00 4.1700e+00 -7.1352e+00
3299 -2.1489e+00 -3.0540e+00 -6.3085e+00
3300 2.1005e+00 -1.2011e+00 2.5670e+00
3301 -3.9305e-01 1.7229e+00 7.6425e-01
3302 8.8349e-01 -1.0396e+00 -6.0490e+00
3303 3.9626e+00 3.0522e+00 -2.1905e+00
3304 -4.7088e+00 -4.9420e+00 -4.7846e+00
3305 -7.5677e-02 2.6360e+00 -8.2955e+00
3306 -8.2028e-02 5.2081e-01 -7.2041e+00
3307 -8.2687e-01 -3.2667e+00 -5.5640e+00
3308 6.0646e-01 -1.1213e+00 -4.0433e+00
3309 4.2735e+00 4.2384e+00 -8.5518e+00
3310 1.8946e+00 -1.4316e-01 -1.2348e+00
3311 3.6120e+00 4.2323e+00 -4.6600e+00
3312 3.9356e+00 7.5955e+00 -5.2461e+00
3313 1.3616e-01 4.2068e+00 -6.0492e+00
3314 -2.9187e+00 -3.0289e+00 -5.7616e+00
3315 -2.4201e+00 1.6593e+00 -5.0454e+00
3316 -9.7713e-02 3.4986e+00 -6.1654e+00
3317 2.5090e+00 -1.9526e+00 -5.3332e+00
3318 -4.6527e+00 2.1899e+00 2.3613e+00
3319 2.3992e+00 -2.9394e+00 -4.9313e+00
3320 -2.3122e+00 2.3515e+00 -5.8238e+00
3321 -1.4791e+00 -3.0107e+00 -8.2265e+00
3322 1.6494e+00 7.4417e-01 -6.0311e+00
3323 -4.0502e+00 1.7683e+00 -4.0932e+00
3324 -4.0632e-01 -4.6940e-01 -6.1767e+00
3325 8.6914e-01 -6.1004e-01 -2.5462e+00
3326 -4.2909e+00 4.1851e-01 -1.8228e+00
3327 3.7975e+00 -5.3679e+00 -6.2000e+00
3328 1.9273e+00 2.9137e+00 -6.9646e+00
3329 -7.5335e-01 -2.3125e-01 -3.7327e+00
3330 -2.3332e+00 -1.6590e+00 -8.6303e+00
3331 3.1546e+00 -2.2333e+00 3.3161e+00
3332 5.5135e-01 4.7270e+00 -3.7021e+00
3333 -3.5743e+00 -1.0340e+00 6.0333e-01
3334 3.4413e+00 -1.0785e+00 -3.9816e+00
3335 4.0217e+00 -1.9410e-01 1.0863e+00
3336 -1.5034e-01 3.5790e+00 -6.7163e+00
3337 -3.1888e+00 2.3023e+00 2.4461e+00
3338 -4.9488e-01 1.1180e+00 -1.9464e+00
3339 -3.0286e+00 2.5237e+00 -6.1714e+00
3340 -2.8771e+00 2.5294e+00 -6.8632e+00
3341 -5.3597e-01 -1.2491e-01 -4.5882e+00
3342 -3.1820e+00 5.4843e+00 -4.3884e+00
3343 4.3046e+00 2.5854e+00 -9.3057e-01
3344 -1.5139e+00 1.9449e+00 -1.8357e+00
3345 3.5133e+00 3.2269e+00 2.3461e+00
3346 1.1500e+00 -4.6667e-01 -5.7582e+00
3347 5.7986e+00 1.0209e+00 -6.3859e+00
3348 1.2826e+00 -2.0670e-01 -4.1459e+00
3349 4.3340e+00 -4.2320e+00 -4.3136e+00
3350 -8.8967e-01 -4.9853e-01 -8.5945e+00
3351 2.5387e-01 2.6659e+00 -6.5129e+00
3352 2.2809e+00 2.8130e+00 3.0059e+00
3353 -1.5169e+00 7.1746e-01 -6.3672e+00
3354 6.9417e+00 2.1012e+00 -3.6634e+00
3355 2.5935e+00 2.4518e+00 -1.6922e+00
3356 -2.5713e+00 1.2944e+00 -6.2678e+00
3357 1.1685e+00 -1.0093e+00 -2.8880e+00
3358 2.6645e+00 1.4236e+00 -1.1363e+00
3359 -1.6698e+00 4.3589e+00 -1.5557e+00
3360 3.9083e-01 3.6818e+00 -6.2045e+00
3361 6.9245e+00 -6.9345e+00 -9.3492e+00
3362 -9.3421e-01 1.7820e+00 -7.7649e+00
3363 4.3894e+00 -9.6995e-02 -1.6869e+00
3364 -5.8123e-01 2.2632e+00 -5.0661e+00
3365 6.3334e+00 -2.1708e+00 -4.0319e+00
3366 3.1869e+00 9.0327e-01 -1.3791e+00
3367 2.6409e+00 5.4795e-01 -3.7950e+00
3368 3.8104e+00 -1.0562e+00 2.8824e-01
3369 -2.4574e+00 4.5601e+00 -5.2969e+00
3370 -3.2065e-01 -8.2497e-01 -3.0448e+00
3371 2.6616e+00 -8.0352e-01 -5.0583e+00
3372 6.0709e-01 4.2136e+00 -2.8988e+00
3373 -1.0582e-01 -3.9794e+00 2.3635e+00
3374 5.8369e-01 1.7440e+00 -1.9989e+00
3375 -6.1142e-01 -4.7982e+00 -2.7887e+00
3376 1.8581e+00 3.7653e+00 -6.4203e+00
3377 -7.2073e+00 -6.4949e+00 -4.0369e+00
3378 3.4086e+00 -1.6318e+00 -8.8969e+00
3379 -8.8162e-01 7.7882e-01 6.1307e-01
3380 -8.1912e-01 -4.1547e-02 -1.3638e+00
3381 -2.1609e+00 9.7923e-01 -2.6961e+00
3382 -2.2372e+00 -2.5855e-01 -8.1094e+00
3383 4.5627e-01 -2.8945e-01 -8.5798e+00
3384 1.6596e+00 -7.1941e+00 -7.6786e+00
3385 -2.9422e+00 8.5396e+00 -3.0439e+00
3386 -3.2232e+00 2.8791e+00 -7.3339e+00
3387 7.1898e-01 -7.9309e+00 -7.9344e+00
3388 -2.9490e+00 7.5950e+00 -8.7644e+00
3389 4.1399e+00 -7.0696e-01 -1.5068e+00
3390 7.3327e-01 3.5084e+00 -7.1995e+00
3391 5.4852e+00 6.1996e-01 -4.1606e+00
3392 -2.5883e+00 4.3771e+00 3.7780e+00
3393 -3.8847e-01 6.6868e+00 -4.4806e+00
3394 9.7877e-01 3.6951e+00 1.6160e+00
3395 -2.1407e+00 3.8152e+00 2.9648e+00
3396 -3.1008e+00 -4.4035e+00 -4.4497e+00
3397 5.2004e-02 -9.5244e-01 -4.7141e+00
3398 1.4934e+00 -5.7975e-01 -6.9367e+00
3399 -3.4845e-01 5.4653e+00 -1.5517e+00
3400 6.3750e-02 -1.5810e+00 -5.4486e+00
3401 -3.0543e+00 -4.1738e-01 3.4843e-01
3402 1.8232e+00 2.1169e-01 9.6364e+00
3403 1.7111e+00 2.7658e+00 -3.7399e+00
3404 -1.4288e+00 -1.5975e+00 1.1681e+00
3405 9.1376e-01 -1.2878e+00 -4.1322e+00
3406 2.2389e+00 5.5803e-01 -1.3212e+00
3407 3.2573e+00 -2.4435e+00 9.9957e-01
3408 -1.1446e+00 4.6341e-01 2.3688e+00
3409 5.7312e+00 -1.1981e+00 6.8193e-01
3410 4.8388e+00 1.9497e+00 1.2790e+00
3411 4.8247e+00 -3.8862e+00 4.0534e+00
3412 6.0662e+00 -1.7738e+00 -4.4259e+00
3413 -4.4724e-01 9.3715e-01 -1.0122e+00
3414 2.5599e+00 2.5853e+00 -4.4033e+00
3415 5.6481e+00 -3.7970e-01 -2.5480e+00
3416 3.3114e+00 1.0140e+00 6.9299e-01
3417 3.8574e+00 7.6772e+00 -3.1223e+00
3418 3.4990e+00 -7.0826e-01 3.4936e+00
3419 -4.3671e-01 3.9906e+00 -3.9337e+00
3420 2.0794e+00 1.0441e+00 2.8361e-01
3421 5.2283e-01 -9.8023e-02 -6.7648e+00
3422 2.2949e+00 3.0510e-01 -3.4629e+00
3423 -1.3421e+00 -6.9186e-01 1.7427e+00
3424 -1.4072e+00 -8.5542e-01 -5.6499e+00
3425 2.5853e-01 2.2684e-01 -4.1351e+00
3426 -8.5394e-01 1.0161e+00 -6.0453e+00
3427 4.0417e+00 -3.0599e+00 -4.7274e+00
3428 2.6638e-02 2.1162e+00 -1.3022e+00
3429 3.0350e+00 -5.9558e-01 -4.0852e+00
3430 2.1303e+00 4.1648e+00 -6.5748e+00
3431 -4.1593e-02 -1.8492e+00 -9.9988e-01
3432 -2.6899e-01 5.2036e+00 -5.3035e+00
3433 -2.4182e+00 -3.1487e+00 -7.4275e+00
3434 2.7572e-02 2.2439e+00 -6.4599e+00
3435 8.5020e-02 6.9279e-01 -4.7579e+00
3436 2.6580e+00 -1.8400e+00 -3.9242e+00
3437 1.0199e-01 2.1677e-01 -5.7721e+00
3438 1.6842e+00 -4.1939e+00 2.7485e+00
3439 3.3891e+00 -3.2914e+00 -2.2525e+00
3440 2.6068e+00 4.3441e+00 -2.9062e+00
3441 2.8874e-01 3.5751e-01 1.4247e+00
3442 -2.6374e+00 3.6913e+00 9.7622e-01
3443 -1.8837e+00 3.6843e+00 2.4098e+00
3444 3.6707e+00 1.2850e+00 2.5344e+00
3445 5.4600e+00 7.9967e-01 -3.3393e+00
3446 1.0630e+00 1.0776e+00 -7.6151e+00
3447 -5.3717e-01 1.7288e-01 -3.2428e+00
3448 -3.3907e+00 3.9974e+00 5.1729e+00
3449 1.2884e+00 6.0771e-01 -2.0841e+00
3450 3.7652e+00 1.3588e+00 -4.7661e+00
3451 3.2770e+00 -4.7744e-01 -4.6249e+00
3452 3.0252e+00 -2.5898e+00 -2.0579e+00
3453 -7.6059e-01 6.0973e+00 -3.2309e+00
3454 -3.0273e+00 -5.8585e+00 -3.8787e+00
3455 -1.0074e-01 -3.4671e+00 -2.6466e+00
3456 -2.3544e+00 -3.7502e+00 -2.0036e+00
3457 1.3146e+00 2.7846e+00 -3.0913e-01
3458 -5.3893e-01 2.0730e+00 4.9396e+00
3459 4.5694e-01 2.1992e+00 -3.1092e+00
3460 3.2895e+00 -5.2158e+00 -1.8033e+00
3461 4.6472e+00 4.4616e+00 -3.3019e+00
3462 1.7549e+00 4.0278e+00 -3.9445e-01
3463 1.2614e+00 -1.5869e+00 1.9063e+00
3464 2.0513e+00 3.4451e+00 -3.3999e+00
3465 3.3049e+00 1.2419e+00 -2.3484e+00
3466 5.5814e-03 2.9188e+00 -6.6947e+00
3467 -1.5591e+00 -3.9184e+00 -6.5709e+00
3468 2.9445e+00 -1.6256e+00 -7.9983e+00
3469 2.9402e+00 6.6442e-01 -4.7939e+00
3470 -1.6746e+00 1.3742e+00 -5.8695e+00
3471 9.5240e-01 -1.9031e+00 -6.9310e+00
3472 4.2099e+00 3.5311e+00 -3.0631e+00
3473 -2.6708e+00 1.5357e+00 -7.0888e+00
3474 -2.4009e+00 1.4224e+00 -2.1619e-01
3475 4.1777e+00 -2.2769e+00 -7.5200e+00
3476 1.1713e+01 -5.0457e+00 1.6694e+00
3477 -4.2836e-01 1.8756e+00 -8.1778e+00
3478 5.4222e-01 1.4791e+00 -6.5122e-01
3479 3.0317e+00 3.2876e+00 -6.5842e+00
3480 -3.0490e+00 6.2084e-01 5.0424e+00
3481 -5.2050e-01 7.7811e-01 -1.2072e+00
3482 1.5023e+00 2.0193e+00 -3.7596e+00
3483 3.5254e+00 1.5831e+00 -5.6991e+00
3484 8.8219e-01 2.5787e+00 -7.9307e+00
3485 -9.5426e-01 3.8462e+00 -4.7888e+00
3486 -1.2354e+00 -4.5595e-01 -3.7405e+00
3487 2.3910e+00 1.5777e+00 -5.9245e+00
3488 3.7598e+00 3.2401e+00 -5.7717e+00
3489 3.2061e+00 2.2767e+00 -1.7305e+00
3490 -1.5248e+00 -2.9549e+00 -5.3999e+00
3491 1.8450e+00 -1.9308e-01 -3.3645e+00
3492 -2.4006e+00 -1.7535e+00 9.0191e-02
3493 -1.4537e+00 5.0081e-01 5.2893e+00
3494 8.1459e+00 1.5845e+00 6.1096e+00
3495 1.8815e+00 2.8039e+00 6.1806e+00
3496 3.6561e+00 -4.7176e+00 -4.2970e+00
3497 -1.4023e+00 -1.5764e+00 -5.5892e+00
3498 4.9328e+00 2.2979e-02 -9.6677e-01
3499 3.2349e+00 -6.1559e+00 -1.5547e+00
3500 3.4525e+00 -6.2678e-02 4.3115e+00
3501 1.4661e+00 -3.8318e+00 -6.4209e+00
3502 4.6331e+00 6.7099e+00 -8.1054e-01
3503 -6.4594e-01 5.9970e+00 4.1931e+00
3504 3.7028e+00 1.4003e+00 -1.6894e+00
3505 2.0033e+00 -1.3546e+00 -8.1143e+00
3506 -1.7429e+00 -3.5415e+00 8.2713e-01
3507 3.3399e+00 -9.3140e+00 -7.4689e+00
3508 -1.9360e+00 1.4038e+00 -4.5247e+00
3509 1.7848e+00 4.2138e+00 1.4793e+00
3510 1.9767e+00 -2.9001e+00 6.1515e-01
3511 5.7767e+00 1.5633e+00 -5.7012e+00
3512 1.8727e+00 8.2851e-01 -4.2998e+00
3513 1.1190e+00 2.9504e+00 -7.3183e+00
3514 1.4530e+00 3.4345e+00 -7.3476e+00
3515 4.3974e-01 4.9894e+00 -4.9073e+00
3516 6.8873e-01 -1.2871e+00 -4.5882e+00
3517 -4.5974e+00 -6.3966e-02 -2.3951e+00
3518 -7.1812e-01 4.6628e+00 -3.0355e+00
3519 8.8418e-02 1.9163e+00 -2.2186e+00
3520 4.0958e+00 1.5467e+00 -4.2945e+00
3521 2.2798e+00 2.5699e+00 1.4775e-01
3522 1.0313e+00 4.5414e+00 1.7496e+00
3523 1.0976e+00 4.7355e+00 -1.8129e+00
3524 -1.5245e+00 1.7097e+00 2.9105e+00
3525 5.0000e+00 -1.6542e+00 -1.1841e+00
3526 -4.5286e+00 2.1307e+00 4.5309e-01
3527 4.9983e+00 -9.6417e-02 -3.1206e+00
3528 2.2769e+00 1.5659e+00 -2.4675e+00
3529 -3.3921e+00 1.2263e+00 5.7502e-01
3530 3.6143e-01 -3.2523e+00 -4.1213e+00
3531 6.4398e+00 -6.1679e-02 3.4623e+00
3532 -3.9040e+00 -1.2164e+00 -9.0783e+00
3533 -1.2448e+00 2.6024e+00 -2.4212e+00
3534 5.7603e+00 5.7969e+00 -3.2919e+00
3535 -6.0183e-01 -1.7118e+00 2.1243e+00
3536 -7.9891e-01 -1.0585e+00 -3.1750e+00
3537 -2.2753e+00 -1.1767e+00 -3.5543e+00
3538 3.5857e-01 7.2619e-01 -4.7680e+00
3539 1.0539e+00 1.6892e+00 -3.5562e+00
3540 -3.1182e+00 -9.9240e-01 2.1053e+00
3541 -1.6285e+00 -8.2724e-01 -2.2865e+00
3542 6.9165e-01 -1.3367e+00 -5.9509e+00
3543 -9.6796e-01 8.7583e-02 -1.9249e+00
3544 -1.3724e-01 2.2810e+00 -1.4438e+00
3545 1.1575e+00 -1.1564e+00 -3.7688e+00
3546 6.3929e+00 -7.0197e+00 -1.5454e+00
3547 -2.5984e-01 -4.6554e+00 -3.8593e+00
3548 -3.5315e+00 -4.5013e+00 -2.4022e+00
3549 -2.4003e+00 5.2338e+00 -6.5996e+00
3550 -2.6379e+00 -9.0380e+00 -2.8024e+00
3551 4.4720e+00 -2.2910e+00 -9.1926e+00
3552 -1.0349e+00 -4.2086e+00 -5.0636e+00
3553 2.3494e+00 1.3630e+00 -1.9486e+00
3554 2.8859e+00 4.1026e+00 7.0521e-01
3555 3.7454e+00 3.0103e+00 -7.3482e+00
3556 -1.7231e+00 1.0412e+00 -2.4388e+00
3557 -9.0610e-01 -2.0673e+00 -6.6919e+00
3558 -6.3712e+00 1.8841e+00 6.9155e+00
3559 -6.0431e+00 -5.7605e+00 8.0447e+00
3560 -7.9356e-01 1.3915e+00 9.9025e+00
3561 -3.9777e+00 3.8558e+00 1.1396e+01
3562 -1.7935e+00 -3.5467e-01 9.1406e+00
3563 -1.1913e+00 -2.1450e+00 4.9508e+00
3564 -3.6232e+00 3.3266e+00 6.3294e+00
3565 -3.2503e+00 1.6771e+00 1.1519e+01
3566 -4.0668e-01 -3.2609e+00 6.3077e+00
3567 -5.7049e+00 -8.7636e-01 -7.3258e-01
3568 -1.6649e+00 3.0867e+00 1.0230e+01
3569 5.9777e-01 2.3408e+00 2.8567e+00
3570 -5.7473e+00 -1.3230e+00 1.2461e+01
3571 -1.1096e-01 -4.9659e+00 7.8985e+00
3572 -1.3946e+00 -5.5127e-01 8.3089e+00
3573 1.7839e+00 6.9829e-01 9.4160e+00
3574 -2.9120e+00 -1.1905e+00 5.0426e+00
3575 -1.6650e+00 1.0506e+00 1.2224e+01
3576 -2.0152e+00 2.1604e+00 2.5101e+00
3577 -3.8785e+00 -3.6926e+00 4.6203e+00
3578 -5.3029e+00 2.6049e+00 4.2805e+00
3579 -6.5750e-01 -5.8196e-01 1.0398e+01
3580 -1.5800e-01 2.0111e+00 5.9875e+00
3581 -3.6994e+00 -4.3269e+00 7.2164e+00
3582 -3.8531e+00 4.3390e-01 3.5806e+00
3583 -5.2833e-01 3.5659e+00 9.0628e+00
3584 -1.1260e+00 -8.7105e+00 9.1774e+00
3585 2.4145e+00 1.7056e-01 1.0897e+01
3586 -2.0957e-01 6.1216e+00 5.3532e+00
3587 -8.5867e-02 2.1511e+00 8.1012e+00
3588 1.1452e+00 5.2865e+00 1.1279e+01
3589 -3.3050e-01 1.2945e-01 7.3882e+00
3590 1.5777e-01 -4.5581e+00 4.5573e+00
3591 1.8640e+00 2.5289e+00 8.1172e+00
3592 4.1866e+00 2.1295e+00 5.5000e+00
3593 -6.3352e+00 3.6726e+00 8.0448e+00
3594 4.5276e+00 -2.6231e+00 9.8749e+00
3595 2.1633e+00 4.6930e+00 5.4786e+00
3596 -6.2553e+00 3.1540e+00 9.9648e+00
3597 -5.0199e+00 -5.6064e-01 3.8016e+00
3598 -2.4939e+00 5.8829e+00 6.0716e+00
3599 -3.3138e+00 1.1641e+00 8.3394e+00
3600 -3.9833e+00 4.5868e+00 7.5411e+00
3601 -1.7283e+00 3.0090e-01 6.6954e+00
3602 -4.4707e+00 3.4418e+00 7.0365e+00
3603 -5.0325e-01 2.9483e+00 1.1244e+01
3604 -1.7554e+00 -1.8150e+00 4.3286e+00
3605 5.3271e-01 3.3418e+00 4.6443e+00
3606 -1.9657e+00 2.1492e+00 7.4320e+00
3607 9.1191e-01 3.6947e+00 7.3860e+00
3608 -5.1024e+00 3.5111e+00 3.8086e-01
3609 1.9486e+00 -5.5834e-01 1.0874e+01
3610 -4.1824e+00 -5.8378e+00 2.6528e+00
3611 8.8779e-01 6.3952e+00 5.1980e+00
3612 -8.8886e-01 -3.3479e+00 5.9287e+00
3613 -2.2760e+00 7.6659e+00 1.1102e+01
3614 -3.6459e+00 5.2170e+00 7.2798e+00
3615 -3.7972e+00 4.9336e-01 7.1531e+00
3616 -2.3835e+00 -2.6857e-01 8.4081e+00
3617 -5.6744e+00 -1.3613e+00 6.5947e+00
3618 -7.8905e+00 -1.3532e+00 -6.5691e+00
3619 2.0717e+00 1.3931e+00 -5.0140e+00
3620 -2.5880e+00 -4.7463e-01 -5.8105e+00
3621 -4.4606e+00 3.0376e+00 -5.9121e+00
3622 -3.9436e+00 -4.5833e+00 -4.6287e+00
3623 6.9074e-01 1.5247e+00 -4.4300e+00
3624 2.9418e+00 2.1599e+00 -8.6998e-01
3625 1.9446e+00 1.2186e+00 -8.6665e+00
3626 1.4877e+00 2.3493e+00 -9.0778e+00
3627 -3.9479e+00 -6.0725e+00 -4.1031e+00
3628 -7.1801e-01 6.1593e-01 -4.5284e+00
3629 -1.9703e+00 4.1726e+00 -7.0323e+00
3630 1.8835e+00 -5.5992e+00 -5.4207e+00
3631 2.0994e-01 2.3676e+00 -2.5730e+00
3632 -3.9338e+00 2.9288e+00 -2.9920e+00
3633 4.0696e+00 1.3824e+00 -6.3990e+00
3634 -1.7828e+00 -2.5894e-01 -3.0605e+00
3635 2.3873e+00 1.9751e+00 -7.7900e+00
3636 2.9369e+00 1.4263e+00 2.6415e+00
3637 2.9063e+00 2.9968e+00 -2.1851e+00
3638 3.4157e+00 1.4967e-01 -5.0895e+00
3639 2.8271e+00 -4.1212e+00 -3.8223e+00
3640 4.8562e-01 2.6362e+00 -3.2657e+00
3641 -2.6218e+00 -7.4098e-01 -2.9306e+00
3642 5.0283e+00 2.5068e+00 6.3062e+00
3643 2.8953e+00 -1.7778e-01 3.0930e+00
3644 9.9716e-01 -3.6414e+00 -6.2672e+00
3645 -4.9386e+00 4.0790e+00 -4.3651e+00
3646 9.2852e-01 5.3980e+00 -5.6382e+00
3647 2.9467e+00 -3.0149e+00 -5.1973e+00
3648 -1.8863e+00 2.3397e+00 -7.8386e+00
3649 -1.6430e+00 -2.0031e+00 -5.0433e+00
3650 -2.9650e+00 -3.3003e+00 5.3244e-01
3651 3.7325e+00 2.6354e+00 -4.0034e+00
3652 4.2744e+00 -4.1695e+00 -5.6009e+00
3653 8.5804e-01 1.9937e+00 -1.8187e+00
3654 2.8125e+00 8.1274e-01 8.6907e+00
3655 -4.3907e+00 1.3776e-01 -7.8685e+00
3656 -1.1201e+00 2.0620e+00 -2.2884e+00
3657 -3.4607e+00 1.9311e+00 -4.5511e+00
3658 -7.5352e-01 6.8891e-01 -3.0436e+00
3659 -2.6500e+00 2.5800e+00 -6.6873e+00
3660 -3.4184e+00 -3.3384e+00 -7.1606e+00
3661 3.2212e+00 -2.1952e+00 -2.6879e+00
3662 -1.5447e+00 -1.7153e+00 -8.4212e+00
3663 -1.0843e+00 1.0716e+00 -8.2803e+00
3664 -1.3887e+00 -1.1677e+00 2.7255e+00
3665 6.2591e+00 -1.2560e+00 -7.3933e+00
3666 -4.9018e+00 -2.2785e+00 -8.3171e+00
3667 4.3825e+00 -2.9102e+00 -2.8971e+00
3668 9.1641e-01 4.6047e+00 -5.0011e+00
3669 1.5609e+00 1.2449e+00 2.9387e+00
3670 5.3571e+00 -8.0443e-01 1.2899e+00
3671 4.5707e+00 4.9091e-01 -5.1931e+00
3672 -4.2993e+00 2.4573e+00 -8.0319e-01
3673 -2.0631e+00 3.5009e+00 -4.7960e+00
3674 -6.4814e-01 4.4973e+00 -2.1099e+00
3675 -4.1563e-01 -1.1259e+00 -2.6439e-01
3676 3.9784e+00 -5.2033e+00 -5.9563e+00
3677 1.0180e+00 -4.4190e+00 -4.4058e+00
3678 -8.6369e-01 -7.9591e+00 7.0143e-01
3679 -1.2942e+00 -8.0169e-01 -9.5121e-01
3680 1.6103e+00 3.4998e+00 -5.5216e+00
3681 -4.0294e-01 -2.5352e+00 -7.2253e+00
3682 3.5726e+00 -1.0678e-01 -8.1145e+00
3683 -1.8278e+00 6.4976e-01 4.9259e-01
3684 -4.1587e+00 -6.9208e+00 -8.0575e+00
3685 -2.3821e+00 1.7010e+00 -8.9736e+00
3686 1.9410e+00 -1.7644e+00 -5.9985e-01
3687 -3.9644e+00 1.4028e+00 -3.8373e+00
3688 -3.2119e+00 2.4970e+00 -6.4231e+00
3689 -6.0032e+00 -1.4941e+00 -7.7244e+00
3690 1.3178e+00 -3.2486e+00 -5.0239e+00
3691 2.0867e+00 5.3165e-01 -3.7559e+00
3692 3.8210e+00 5.5465e+00 -8.7458e+00
3693 2.5875e+00 2.9818e+00 -5.5438e+00
3694 6.1540e-01 1.0374e+00 -9.3429e+00
3695 -1.8692e+00 2.6474e+00 -2.2562e+00
3696 -4.8080e+00 3.9703e+00 -8.6638e-01
3697 -2.0696e+00 1.8372e+00 -8.0374e+00
3698 -1.3057e-01 2.2812e+00 -4.9193e+00
3699 8.6497e-01 1.6598e+00 -6.3470e+00
3700 6.2097e-01 1.0720e-01 -6.8391e+00
3701 2.8153e+00 4.9313e+00 -1.3062e+00
3702 2.4303e+00 -1.2136e+00 -5.0540e+00
3703 2.2383e+00 -1.2363e+00 -7.1590e+00
3704 1.5590e+00 3.7387e+00 -6.9792e+00
3705 1.4997e+00 -9.1324e-01 -6.0364e+00
3706 1.8370e+00 4.5416e+00 -3.2962e+00
3707 2.3251e+00 9.2565e-01 -4.6984e+00
3708 5.2341e+00 5.1852e+00 8.4386e+00
3709 -2.6789e+00 2.5902e+00 -1.2054e+00
3710 2.6976e+00 1.7223e+00 -7.6656e+00
3711 -1.7811e+00 1.2799e+00 -5.0057e+00
3712 -1.7148e+00 1.3743e+00 -7.6969e+00
3713 3.7791e+00 5.9050e+00 -7.7800e+00
3714 -6.1717e+00 -4.3441e+00 -7.1308e+00
3715 1.4637e+00 2.4486e+00 -8.2279e+00
3716 2.6987e+00 -6.8850e+00 7.2570e-01
3717 1.0797e+00 2.0944e+00 -3.1547e+00
3718 -6.7499e+00 -2.3329e+00 -2.4497e+00
3719 -2.6940e+00 5.9722e+00 -5.2244e-01
3720 -4.7132e-01 -1.4243e+00 -6.9721e+00
3721 3.0540e+00 4.3648e-01 -6.9453e+00
3722 3.7701e+00 2.9461e-02 -5.6723e+00
3723 -6.1250e-01 5.6972e+00 -5.4892e+00
3724 -2.1813e+00 -1.1688e+00 -1.2469e+00
3725 1.1042e+00 -4.6351e-02 -2.4270e+00
3726 3.0748e+00 6.2602e+00 1.0309e+00
3727 -3.2745e+00 -1.2914e+00 5.9225e+00
3728 2.1392e+00 7.1290e+00 -5.6604e-01
3729 -2.1432e+00 -1.5901e+00 -2.0133e+00
3730 -2.3496e+00 -6.4417e-01 6.3924e+00
3731 6.5512e+00 -3.9167e-01 9.3213e-01
3732 -1.8137e+00 2.1685e+00 -4.4371e+00
3733 2.5955e+00 3.1299e-01 3.6392e+00
3734 1.5279e+00 2.3079e+00 2.9938e+00
3735 2.8513e+00 2.2223e-01 -2.1947e+00
3736 1.0443e+00 -1.8871e+00 -1.0846e+00
3737 2.9651e+00 -4.1407e+00 -6.7840e+00
3738 1.7476e+00 5.2434e+00 6.3322e+00
3739 8.2565e-01 2.9423e-01 2.9150e-01
3740 3.2455e+00 -1.6228e+00 1.2516e-01
3741 9.6433e-01 1.1989e+00 2.1831e+00
3742 4.0103e+00 -1.7727e+00 -2.4554e+00
3743 3.0746e-01 6.3927e-01 -2.4944e+00
3744 2.4067e+00 1.6637e+00 -8.0397e+00
3745 -1.3873e+00 -2.4384e+00 -3.6280e+00
3746 -2.9571e+00 -6.6789e-01 -4.7602e+00
3747 1.0821e+00 3.8362e+00 -2.7710e+00
3748 -5.3457e-01 -3.7681e-01 5.2174e+00
3749 2.6989e+00 -8.8306e-01 -1.9726e+00
3750 -8.1288e-01 -2.8471e+00 -7.4688e+00
3751 3.1492e+00 -1.2474e+00 3.9736e+00
3752 3.7472e+00 -1.3456e+00 2.6302e+00
3753 -1.3800e+00 -3.5316e+00 -7.4699e+00
3754 6.1992e+00 1.9122e+00 -3.8320e+00
3755 -1.1358e+00 7.6950e-01 -3.6409e+00
3756 1.0424e+00 -6.6186e-01 -6.0124e+00
3757 5.7972e-01 5.9715e+00 -1.1846e+00
3758 4.3556e+00 -3.1339e+00 -4.9292e+00
3759 3.8467e+00 -6.8498e-01 3.2035e+00
3760 6.0359e+00 3.0092e-01 -9.4426e-01
3761 5.9376e+00 -3.4639e+00 -2.7924e+00
3762 -1.7140e+00 4.0025e+00 6.0711e+00
3763 1.6850e+00 -9.3006e-01 6.9482e+00
3764 5.1764e-01 3.5905e+00 -8.8393e-01
3765 1.4498e+00 -6.1175e+00 3.8672e+00
3766 -2.1250e+00 -3.3607e+00 -2.3961e+00
3767 3.9747e+00 5.3278e+00 5.1825e+00
3768 -2.3474e-01 3.2836e+00 -7.0629e+00
3769 2.1960e+00 8.1976e+00 -4.1586e+00
3770 -7.4097e-01 -3.1264e+00 -4.0713e+00
3771 1.5004e+00 5.0994e+00 6.6845e-01
3772 1.6411e+00 3.1855e+00 -2.9787e+00
3773 4.1344e+00 4.1810e+00 -6.2121e+00
3774 4.3436e+00 8.9099e-01 -4.8092e+00
3775 -5.8503e+00 3.1110e+00 -1.4669e+00
3776 -2.4181e+00 -4.0761e-01 -6.9645e+00
3777 -1.3229e+00 9.7539e-01 6.3783e+00
3778 6.1230e+00 1.3004e+00 4.0737e+00
3779 3.4400e+00 -1.7115e+00 -3.2034e+00
3780 3.7054e+00 6.5083e-03 -1.8554e+00
3781 -7.8273e-01 1.8044e+00 -5.4089e+00
3782 -2.7724e+00 3.6160e+00 -8.3682e+00
3783 2.3474e+00 1.5852e+00 -5.8807e+00
3784 4.5389e+00 3.7850e+00 -6.5610e+00
3785 1.1048e+00 8.4084e-01 5.5129e+00
3786 -5.0806e+00 3.4556e+00 1.1967e+00
3787 -2.3119e+00 -3.8391e+00 7.1757e+00
3788 -4.6171e+00 1.8738e+00 -7.1567e+00
3789 7.4760e-03 -9.6483e-01 -4.3143e+00
3790 2.9846e-01 2.4654e+00 -4.1862e+00
3791 -4.7568e+00 3.6164e+00 -6.2664e+00
3792 -6.7041e+00 6.5456e+00 -1.5922e+00
3793 1.6959e+00 4.3757e+00 -2.0362e+00
3794 2.6033e+00 5.7004e-01 1.5206e+00
3795 -5.1615e+00 6.1024e+00 -6.9916e+00
3796 1.9870e+00 -1.3518e+00 4.1259e+00
3797 4.2635e+00 1.0715e+00 3.1113e+00
3798 -3.3053e+00 -1.6574e+00 -2.9856e+00
3799 -7.3735e+00 1.2028e+00 1.1246e+00
3800 1.2452e+00 2.0084e+00 -6.6966e+00
3801 1.2586e+00 4.1456e+00 -6.7794e+00
3802 1.9944e+00 2.6477e-01 -5.6784e+00
3803 -1.8063e+00 3.2963e+00 4.1914e+00
3804 3.0328e+00 1.9709e+00 -5.6375e+00
3805 1.1123e+00 1.9704e+00 -6.1111e+00
3806 3.5236e+00 4.7017e+00 -7.1248e+00
3807 -5.1774e+00 2.5236e+00 -5.1404e+00
3808 2.0842e+00 1.9519e+00 -8.6134e+00
3809 -1.8304e+00 -1.4962e+00 -6.3395e+00
3810 5.2738e+00 -1.5402e+00 -6.8112e+00
3811 2.3207e+00 5.4020e+00 7.4131e-01
3812 2.9978e+00 3.3063e+00 -3.7016e+00
3813 1.3952e-02 2.8460e+00 -1.2567e+00
3814 2.8246e+00 -2.0703e+00 -5.7824e+00
3815 -2.3388e-01 4.1577e+00 -7.0854e+00
3816 4.6468e+00 -3.4236e+00 -8.8596e+00
3817 3.5206e+00 -3.9142e-01 7.3804e+00
3818 3.2011e-01 5.9101e+00 -2.5730e+00
3819 -2.9322e+00 1.5780e+00 2.7664e+00
3820 -1.6556e+00 6.0117e-01 -6.2413e+00
3821 4.4590e+00 5.1079e+00 -8.2491e+00
3822 -1.9852e-02 2.4366e+00 1.1677e+00
3823 1.7588e+00 3.2379e-01 -3.9054e+00
3824 -7.2669e-01 -2.7806e+00 -8.1492e+00
3825 4.9730e-02 -2.8966e+00 -9.2847e+00
3826 -5.3316e+00 -8.3853e-01 1.1419e+00
3827 -2.3960e+00 6.6976e+00 -5.4181e+00
3828 5.7181e-02 9.3042e-01 -2.3245e+00
3829 1.0404e+00 1.7548e-01 -4.2580e+00
3830 1.1134e+00 2.3223e+00 -5.7353e+00
3831 2.2339e+00 8.2883e-01 -2.1700e+00
3832 -3.7232e+00 1.4236e-02 -4.4606e+00
3833 -3.9754e+00 1.9176e+00 4.1176e+00
3834 -1.1441e+00 -7.7946e+00 -2.3174e+00
3835 -3.8797e+00 4.0374e+00 -5.5244e+00
3836 1.9021e+00 2.8184e+00 3.4969e+00
3837 -1.8820e+00 8.3513e-01 -3.6451e+00
3838 4.1971e+00 4.7951e-01 -6.9204e+00
3839 -8.3673e-01 4.8756e+00 5.1228e+00
3840 4.5766e+00 -1.6609e+00 -4.8153e+00
3841 -1.6486e+00 2.7956e+00 -8.0897e+00
3842 -4.4229e+00 -2.3743e+00 -4.6335e+00
3843 1.2260e+00 -5.0947e+00 -8.2287e-01
3844 -3.9320e+00 -1.8267e-01 -1.9663e+00
3845 -1.8453e+00 4.9299e+00 -5.4674e+00
3846 -7.7184e-01 -4.2494e+00 -4.8465e+00
3847 2.9854e+00 -3.3609e+00 -3.3211e+00
3848 -3.9573e+00 -7.1717e+00 -6.5139e+00
3849 1.0418e+00 1.5074e+00 -8.6874e+00
3850 -1.6251e+00 3.5475e+00 1.4200e-01
3851 -5.0203e+00 1.0771e+00 -4.5131e+00
3852 7.2651e-02 -8.1791e-01 2.8875e+00
3853 5.4858e-01 4.8509e+00 -4.5904e+00
3854 -3.5343e+00 1.2333e+00 -3.6961e+00
3855 8.8039e-01 -7.3466e+00 -5.9421e+00
3856 1.9599e-01 9.8994e-01 -5.5298e+00
3857 -3.8554e+00 2.3641e-01 -5.4285e+00
3858 6.3075e-01 1.4592e+00 -4.1910e+00
3859 1.8001e+00 2.5062e-02 -5.6871e+00
3860 2.2967e+00 1.2862e+00 -3.1962e+00
3861 2.5497e+00 3.7202e+00 -4.8859e+00
3862 -4.5885e+00 -1.3520e+00 2.1950e+00
3863 -3.0032e+00 -1.1237e+00 -6.5392e+00
3864 -2.7113e+00 -3.2663e+00 -6.3328e+00
3865 1.8431e+00 -2.2413e+00 -3.9089e+00
3866 8.7599e-01 1.4693e+00 -7.1665e+00
3867 -1.7081e+00 1.3881e+00 -4.5292e+00
3868 -1.9539e+00 7.8471e-01 -7.4174e+00
3869 1.6169e+00 2.8150e+00 -5.4064e+00
3870 -2.3198e+00 3.1048e-01 -3.6542e+00
3871 6.1016e+00 -3.4604e+00 4.7979e-01
3872 2.0781e+00 -5.0613e+00 -5.1816e+00
3873 -2.4468e+00 3.2015e-01 -9.0651e+00
3874 7.9896e+00 2.3493e+00 -6.2937e+00
3875 2.4278e+00 -3.0794e-01 -1.1496e+00
3876 3.8528e+00 4.6609e+00 -1.5123e+00
3877 8.1734e-01 2.5228e+00 -6.3413e+00
3878 2.6907e+00 -1.0609e+00 -3.4309e+00
3879 -2.4606e+00 -4.1701e+00 -3.9231e+00
3880 -7.5622e+00 2.0196e+00 -6.1170e+00
3881 6.6931e-02 -1.6803e+00 -5.3265e+00
3882 -3.8655e+00 -2.2684e+00 -8.3986e+00
3883 4.3136e+00 1.5968e+00 3.3327e+00
3884 5.9001e+00 -1.5023e+00 -3.8898e+00
3885 2.0997e-01 1.4749e+00 -6.2432e+00
3886 -1.5364e-01 5.5104e+00 -6.6125e-01
3887 1.2755e+00 -2.4309e+00 -5.2895e+00
3888 -2.3132e+00 -1.5263e+00 -2.6032e+00
3889 2.2540e+00 4.4884e-01 -7.9993e+00
3890 2.5211e+00 -1.8021e-01 -3.8360e+00
3891 -1.1744e+00 1.7311e+00 -4.3984e+00
3892 -1.1744e+00 7.7782e-01 -6.9449e-01
3893 2.6386e+00 5.4034e+00 -6.7171e+00
3894 2.3294e+00 -3.9225e+00 -3.8676e-02
3895 -5.9607e-01 2.4246e+00 -6.3184e+00
3896 1.2989e+00 4.5825e-02 -4.7651e+00
3897 -1.6271e-01 -2.6625e+00 -4.3133e+00
3898 1.6489e+00 2.4196e+00 1.7900e+00
3899 -1.3892e+00 5.4488e-01 -3.6444e+00
3900 -1.2772e+00 9.6000e-01 7.2464e+00
3901 1.0362e+00 3.1667e+00 2.0467e+00
3902 -2.9465e+00 1.7205e+00 -5.3057e+00
3903 2.6843e+00 2.2791e+00 -8.6438e-01
3904 3.1816e+00 -3.1963e+00 -2.6394e+00
3905 2.9939e+00 -5.7570e-01 5.0319e+00
3906 1.8886e+00 1.7092e+00 6.6150e+00
3907 9.7234e-01 7.5493e-01 -4.6388e+00
3908 1.7807e+00 -2.4306e+00 -2.2405e+00
3909 -3.0809e+00 1.3974e+00 2.3691e+00
3910 -4.3868e+00 6.2034e-01 -4.4678e+00
3911 -4.3829e-01 -5.2222e-01 -1.3638e+00
3912 1.6891e+00 -2.4451e-01 4.1436e+00
3913 6.6197e-01 1.8069e+00 -2.3267e+00
3914 -1.0498e+00 4.7755e-01 2.2540e-01
3915 2.7986e+00 1.4094e+00 1.0744e-01
3916 -1.8939e+00 4.5314e+00 -8.6543e+00
3917 6.4953e+00 8.8771e-01 -2.6368e+00
3918 5.4600e+00 2.4765e+00 4.7234e+00
3919 5.6381e+00 5.5897e+00 -1.1922e+00
3920 3.4974e-02 4.9165e+00 -6.4744e+00
3921 2.3016e-01 -3.3774e+00 1.4875e-01
3922 4.4692e+00 -1.1127e-01 -4.9000e+00
3923 -2.9264e+00 -1.0513e+00 -1.1138e+00
3924 1.0851e+00 2.4359e+00 9.9928e+00
3925 -3.8877e-01 7.4427e+00 -4.5474e+00
3926 1.4185e+00 2.5629e+00 -4.8307e+00
3927 9.4321e-01 6.2466e+00 1.2960e+00
3928 -2.7464e+00 3.6477e-01 5.0345e+00
3929 1.1592e+00 -2.0362e+00 -2.2950e+00
3930 1.6983e+00 3.8815e+00 -1.5966e+00
3931 3.6091e+00 -1.7531e+00 -9.2213e+00
3932 -1.3257e+00 2.3283e+00 1.3992e+00
3933 -1.7951e+00 3.5916e+00 -2.8779e+00
3934 4.3913e-01 -1.4462e+00 -7.6386e+00
3935 1.2934e+00 -4.2709e+00 -4.2408e+00
3936 -2.4320e+00 -2.3498e-01 -6.2709e+00
3937 -3.1765e-01 7.4389e-01 8.4010e-01
3938 -4.7303e+00 1.0359e-01 -7.7152e+00
3939 -2.4660e+00 4.7852e-02 -8.7697e+00
3940 -2.7152e+00 -3.9788e+00 -2.3262e+00
3941 -1.3041e+00 -5.2708e-01 -3.2267e+00
3942 3.9188e+00 -1.3583e+00 -6.2091e+00
3943 -2.7844e+00 -2.8188e+00 -5.1068e+00
3944 -6.3083e+00 5.3500e+00 -2.4106e+00
3945 3.9337e-01 1.5821e+00 -6.6945e+00
3946 1.4365e+00 -3.7609e+00 -2.4039e+00
3947 1.1256e+00 -6.1101e+00 -7.6428e+00
3948 4.7164e+00 6.1511e-01 -8.1162e+00
3949 2.9940e-01 -1.1064e+00 -3.7105e+00
3950 7.4915e-03 -3.3717e+00 3.0409e-01
3951 1.3692e+00 3.2794e+00 -7.1648e+00
3952 2.9899e+00 2.2879e-01 -7.3097e+00
3953 1.6845e+00 2.3733e+00 -5.7466e+00
3954 -1.6395e+00 1.0362e+00 3.6323e+00
3955 3.7503e+00 4.3145e+00 -6.2133e+00
3956 4.7578e+00 6.6740e-01 -4.8452e+00
3957 3.0728e+00 1.0898e+00 -5.2949e+00
3958 3.3596e+00 2.7539e+00 -2.5509e+00
3959 -1.3972e+00 -2.0974e+00 -2.9685e+00
3960 4.2602e+00 4.6443e+00 -1.3268e+00
3961 2.6262e+00 -1.5607e-02 -6.4958e+00
3962 3.9069e+00 2.8877e+00 -5.8906e+00
3963 3.4425e+00 2.7239e+00 -6.2908e+00
3964 -2.2520e+00 -1.3040e-01 -2.8487e+00
3965 1.4409e+00 -3.3211e+00 -4.5926e+00
3966 2.5902e+00 -2.0586e+00 -7.1617e+00
3967 4.6123e+00 -2.3276e+00 -8.9719e+00
3968 2.8339e-02 1.8384e-01 -7.3903e+00
3969 2.3916e+00 -4.7142e-01 -6.3223e+00
3970 2.6774e-01 -1.7685e+00 -8.4094e+00
3971 1.4293e+00 7.7902e-03 -3.4217e+00
3972 -6.6620e-01 -9.0065e-01 -5.8379e+00
3973 -3.4351e+00 3.4749e+00 -8.3923e+00
3974 -9.1649e-02 1.3535e+00 -9.3686e+00
3975 1.1193e+00 1.0760e-01 8.2718e-01
3976 -2.4689e+00 -8.6971e-01 -3.4162e+00
3977 -4.5637e+00 8.9212e-01 -8.4174e+00
3978 1.3554e+00 1.6078e+00 -1.5670e+00
3979 3.4371e+00 -2.2987e+00 -9.2939e+00
3980 -3.7786e+00 3.2193e+00 -5.0086e+00
3981 -2.6679e+00 6.2961e-01 1.0200e+00
3982 2.8990e+00 -9.3889e-01 -2.0659e+00
3983 1.7774e+00 2.5285e+00 -4.4678e+00
3984 -3.2701e+00 3.0578e+00 -1.4570e+00
3985 3.6868e+00 -5.1628e+00 -4.6729e+00
3986 2.2722e+00 -8.5164e-01 -2.4404e+00
3987 -4.3644e+00 -4.2514e-01 -6.7317e+00
3988 3.1787e+00 -1.0025e+00 -7.1815e-01
3989 2.2133e+00 4.0592e+00 -5.2696e+00
3990 5.4004e+00 2.4320e+00 -3.5967e-01
3991 -5.3833e-01 -7.5143e+00 -3.9641e+00
3992 -1.0673e+00 3.0291e+00 -1.5246e+00
3993 1.7813e+00 2.2543e+00 -4.0053e+00
3994 1.2604e+00 2.6309e+00 -3.3435e+00
3995 7.0084e+00 -1.3093e+00 -4.0003e+00
3996 2.8859e-01 -3.1789e+00 4.2795e+00
3997 1.2393e+00 8.2996e-01 -4.4289e-01
3998 -2.6436e+00 8.9531e-01 -4.3719e+00
3999 1.2774e+00 -1.9012e-01 -3.8283e-01
4000 3.6297e+00 6.0374e-02 -4.2001e+00
4001 4.7088e-01 3.9838e+00 -5.3673e+00
4002 -1.6241e+00 2.8306e+00 -8.3288e+00
4003 4.4720e+00 1.4776e+00 -5.4898e+00
4004 8.3205e-01 4.0456e+00 -9.7156e-01
4005 -4.2807e+00 1.0214e+00 -1.5919e+00
4006 -1.0317e+00 -3.9818e-01 8.5502e-01
4007 3.0659e+00 6.2846e-01 -4.4328e+00
4008 1.2965e+00 4.7947e+00 1.1679e+00
4009 4.2882e+00 -1.9898e-01 -2.0232e+00
4010 2.2855e+00 2.9216e+00 4.7674e+00
4011 3.5106e+00 -1.7684e+00 -3.7911e+00
4012 3.0683e+00 -9.2503e-01 1.2694e+00
4013 3.6119e+00 2.9900e+00 -5.2306e+00
4014 6.0143e+00 2.7730e+00 1.6633e+00
4015 -2.1072e+00 5.8913e+00 3.0783e+00
4016 9.8004e-01 -5.1136e+00 -6.0551e+00
4017 -3.3962e+00 3.8314e+00 -4.3605e+00
4018 5.4922e-01 -4.8876e-01 -6.3322e+00
4019 -3.8785e+00 1.7870e+00 -6.2131e+00
4020 2.4924e-01 1.4005e+00 -7.8966e+00
4021 -2.5682e+00 1.8389e+00 -7.9087e+00
4022 2.5361e-04 7.8330e-02 -5.9155e+00
4023 -4.4589e+00 2.9644e+00 -1.2003e+00
4024 -1.7574e+00 2.5979e+00 9.1040e-01
4025 2.7890e+00 -3.4093e+00 -2.8375e+00
4026 4.4549e+00 -2.1071e-01 -6.7281e+00
4027 3.3266e+00 -2.4412e+00 -2.6322e+00
4028 1.0897e+00 -1.7131e+00 2.7487e+00
4029 -5.3362e-01 1.5730e+00 -1.5182e+00
4030 1.1341e+00 4.8517e-01 -2.3293e-01
4031 3.7965e+00 -4.7182e-01 6.2130e-01
4032 -2.6599e+00 -2.0408e+00 -5.5954e+00
4033 -7.4053e-01 1.7247e+00 -6.8118e+00
4034 -8.5486e-01 1.8820e+00 -7.3140e+00
4035 3.6789e-01 -4.8372e-01 -5.8541e+00
4036 1.3917e+00 6.9295e-01 -8.8034e+00
4037 1.5326e-01 1.3000e+00 -3.5309e+00
4038 -8.4255e-01 -1.4282e+00 -7.7088e+00
4039 -1.2978e+00 -2.8274e-01 -1.6750e+00
4040 -5.3859e-01 -1.5558e+00 -4.6944e+00
4041 -3.9714e+00 -3.5237e-01 -2.0251e+00
4042 -5.5808e+00 3.8489e+00 -2.9149e+00
4043 -3.0472e+00 -2.0811e+00 -6.4113e+00
4044 3.5823e+00 -1.0878e+00 5.2117e-01
4045 -3.0076e+00 -3.9522e+00 -3.3048e+00
4046 -3.8275e+00 8.3641e+00 1.3562e+00
4047 -6.5680e+00 1.7462e+00 -3.9980e+00
4048 -5.3002e-01 -9.2676e+00 -6.0965e+00
4049 -9.3374e-01 4.6994e+00 -2.3344e+00
4050 -4.0525e+00 8.5166e+00 -8.8472e+00
4051 -2.0613e+00 -2.0054e+00 -3.6020e+00
4052 2.5850e+00 6.7080e-01 -4.6022e+00
4053 -3.5439e-01 2.3148e+00 -5.4949e+00
4054 -4.0490e+00 8.5198e-01 2.8252e+00
4055 -3.8142e+00 -1.8020e+00 -2.6121e+00
4056 2.2340e+00 2.4677e+00 -7.9161e+00
4057 4.4899e-01 -4.4285e+00 -5.3298e+00
4058 1.8416e+00 -3.3778e+00 1.0109e+00
4059 -3.8031e+00 -5.3904e+00 -4.7904e+00
4060 3.5904e+00 -2.7014e+00 -7.1392e+00
4061 2.6987e+00 3.0519e+00 -7.8008e+00
4062 5.0106e+00 7.2173e+00 -1.7096e+00
4063 -6.5374e-02 -2.1665e+00 -4.5341e+00
4064 -1.5148e-01 -3.6427e+00 -4.6044e+00
4065 2.5952e+00 -4.6417e+00 4.5240e-02
4066 1.5858e+00 3.3884e+00 -3.7096e+00
4067 1.6245e+00 4.4976e+00 -5.6734e+00
4068 3.9984e+00 8.5803e-01 -1.1340e+00
4069 4.0584e+00 7.3939e-02 5.6062e-01
4070 -1.2000e+00 1.5667e+00 -1.6751e+00
4071 1.9123e+00 2.7182e+00 -2.2925e+00
4072 -1.5794e+00 3.8935e+00 -2.6982e+00
4073 2.9645e+00 -5.9262e+00 -4.2830e+00
4074 4.8003e+00 9.6183e-01 1.8962e+00
4075 3.3126e+00 7.5805e-01 -6.5162e+00
4076 1.0257e+00 -9.1641e-01 -2.3662e+00
4077 4.0803e+00 -1.6099e+00 1.0400e+01
4078 -1.0170e+00 1.5287e+00 1.8303e+00
4079 4.7978e+00 -7.0984e-01 -4.5227e+00
4080 -1.2325e+00 -3.4228e+00 -7.5378e+00
4081 -8.2728e-01 3.0618e+00 -4.3095e+00
4082 -1.1882e+00 5.4545e-01 -3.3935e+00
4083 -4.2286e+00 1.7584e+00 -7.8722e+00
4084 4.7181e+00 -3.0677e+00 1.0748e+00
4085 3.7979e+00 -6.8354e-01 -5.6579e+00
4086 -2.1027e+00 1.4118e+00 -3.7554e+00
4087 2.0155e+00 -3.8286e+00 -5.9366e+00
4088 -5.2568e-01 2.9416e+00 6.5598e+00
4089 -4.7943e+00 2.2643e+00 -5.9052e+00
4090 6.9609e-01 -1.8763e+00 -6.8103e+00
4091 8.6719e-01 1.2122e+00 -3.1933e+00
4092 9.3913e-01 -1.4789e+00 -3.6015e+00
4093 1.5892e+00 3.9763e-01 -6.4649e+00
4094 -1.7838e-01 1.1473e-03 -5.5756e+00
4095 2.6000e+00 3.0550e+00 3.0417e+00
4096 4.0144e+00 2.0343e+00 -8.4761e+00
4097 5.1636e+00 -1.4063e+00 -1.0852e+00
4098 3.3213e+00 4.2078e+00 -2.6015e+00
4099 -7.6801e-01 2.0926e+00 -5.2346e+00
4100 1.6758e+00 2.6632e+00 -1.5610e+00
4101 -2.2871e-01 -5.4330e+00 -2.9901e+00
4102 4.4674e-01 8.8857e-01 -1.3208e+00
4103 2.7321e+00 -7.3978e-01 -8.3684e+00
4104 2.6969e+00 6.6570e-01 -4.4514e+00
4105 -2.9263e+00 5.1033e+00 -8.4871e+00
4106 -5.3968e+00 4.2437e+00 -2.5121e+00
4107 3.3192e+00 -5.2998e-01 -6.4214e+00
4108 7.0651e-01 -9.1848e+00 -3.9151e+00
4109 -2.2200e+00 6.6285e-01 -2.9767e+00
4110 5.3605e+00 -4.2884e+00 -7.0208e+00
4111 -7.5211e-01 2.4825e+00 -4.0136e+00
4112 1.2323e+00 -1.4291e-01 -3.1345e+00
4113 -2.9443e+00 1.7443e+00 -2.6278e+00
4114 8.1442e-01 1.6501e+00 -3.3162e+00
4115 4.1252e-01 -3.5203e+00 -6.3264e+00
4116 -5.0628e+00 1.3595e+00 -7.5725e+00
4117 -1.6352e+00 -5.4650e-01 -2.7634e+00
4118 1.9526e+00 1.1581e+00 -7.5639e+00
4119 4.6952e+00 1.6095e+00 -7.6956e+00
4120 4.5199e-01 -8.5712e-01 -2.2805e+00
4121 -4.4306e-01 1.2451e+00 -4.2722e+00
4122 5.9750e-01 4.6250e-01 -4.3942e+00
4123 -6.2694e-01 -3.3510e+00 -4.4549e+00
4124 4.9474e+00 -6.3301e+00 -1.2101e+00
4125 -1.4266e+00 2.0702e-01 -6.1629e+00
4126 -1.2765e+00 4.5557e-01 -5.2937e+00
4127 5.3961e+00 1.4708e+00 -7.2848e+00
4128 2.7712e+00 4.4211e+00 -2.8493e+00
4129 1.8410e+00 3.2044e+00 -5.8386e+00
4130 -6.9212e-01 -1.5210e+00 -7.8717e+00
4131 -2.4688e+00 -1.6899e+00 -5.8104e+00
4132 -3.8024e+00 1.5422e+00 -9.1628e+00
4133 -6.6106e-01 -7.8911e+00 -6.6837e+00
4134 3.6687e+00 2.1557e+00 -3.0164e+00
4135 7.2367e+00 1.2363e+00 -7.6266e+00
4136 -3.4072e-01 -2.3566e+00 -5.0373e+00
4137 -3.6909e+00 1.5969e+00 -8.1389e+00
4138 2.2488e+00 -4.0521e+00 -6.9655e+00
4139 -4.9388e+00 -8.4600e-01 -4.7664e+00
4140 5.9199e-01 4.8261e+00 -2.5942e+00
4141 -1.2765e+00 2.3579e+00 -4.5585e+00
4142 -2.2078e+00 1.0480e+00 -7.4050e+00
4143 -4.0926e+00 -8.6819e+00 -7.0921e+00
4144 -1.3373e+00 -2.8493e+00 -6.7426e+00
4145 3.0038e+00 1.5960e+00 -7.4291e+00
4146 -4.2808e+00 -1.9565e+00 -5.3786e-01
4147 7.1955e-01 3.7481e+00 -8.5252e+00
4148 -1.7209e+00 1.4436e+00 -5.8532e+00
4149 -1.0411e+00 8.3457e-01 -3.9999e+00
4150 -2.3321e+00 -1.0543e+00 -2.4819e+00
4151 -1.1551e+00 -2.5589e+00 -6.9204e+00
4152 -2.9003e+00 -2.4137e+00 -3.3606e+00
4153 -1.1140e+00 3.6467e+00 -3.3848e+00
4154 2.5261e+00 -4.7381e+00 -5.1150e+00
4155 -8.2307e+00 -2.3984e+00 -6.2593e+00
4156 -2.7876e-01 1.4060e+00 -4.1400e+00
4157 -1.3935e+00 -4.2492e+00 -3.7437e+00
4158 3.4266e+00 2.3971e+00 -1.8375e+00
4159 1.7627e-01 2.4003e+00 -4.4440e+00
4160 -2.7598e+00 1.2445e+00 2.3389e+00
4161 -1.8376e+00 3.8797e+00 -6.5866e+00
4162 4.6141e+00 3.9007e+00 -8.7045e+00
4163 -5.4513e+00 7.6556e-01 -7.1894e+00
4164 -1.5031e+00 -3.1383e+00 -7.2594e+00
4165 3.5043e+00 -2.4868e+00 -8.8574e-01
4166 1.0640e+00 2.6878e+00 -8.5980e+00
4167 -4.0912e-01 2.0636e+00 -4.2518e+00
4168 -1.2398e+00 -1.1812e-01 -3.4433e+00
4169 4.2405e+00 -1.4028e+00 -8.7496e-01
4170 5.0054e-01 -3.1626e+00 -6.1404e+00
4171 -2.6643e+00 1.6503e+00 -7.4661e+00
4172 3.8612e+00 -9.7751e-02 6.7559e-01
4173 2.5984e-01 6.7536e+00 7.1078e+00
4174 -1.1193e+00 5.0287e-01 4.3567e+00
4175 -2.1490e+00 5.8974e-01 -2.7943e+00
4176 -3.4536e+00 -1.6656e+00 -3.0111e+00
4177 -2.1122e+00 1.1797e+00 -3.1041e+00
4178 -3.9781e+00 1.8774e+00 -2.4206e+00
4179 1.2536e+00 -1.5736e+00 -6.2645e+00
4180 -1.5837e-01 3.8582e-01 -2.6305e+00
4181 -4.6073e+00 -6.6752e-01 -7.1610e+00
4182 -1.4338e+00 4.2768e+00 -4.0276e+00
4183 -7.4941e-01 5.4648e+00 -1.5874e+00
4184 4.5356e-01 1.5914e+00 -8.3777e+00
4185 3.7215e-01 6.3429e+00 -5.6203e+00
4186 -5.3692e+00 2.3882e+00 -4.8677e+00
4187 9.0401e-02 1.6048e+00 -2.9650e+00
4188 -1.3863e+00 1.1942e+00 -3.3231e+00
4189 -7.3008e-01 -3.0789e+00 -4.3930e+00
4190 2.6602e+00 3.1110e+00 -5.4125e+00
4191 2.5471e-02 -2.0711e+00 -3.4088e+00
4192 -1.7702e+00 -2.3637e+00 1.5686e+00
4193 1.8103e+00 -2.5314e+00 -5.4968e+00
4194 -3.4280e+00 2.1265e+00 -1.8558e+00
4195 2.4974e-01 1.0019e+00 -8.3492e+00
4196 2.3811e+00 -1.2512e+00 -3.8673e+00
4197 -3.1161e+00 -4.4992e-01 -7.4229e+00
4198 1.1099e+00 -5.3930e+00 -1.0473e+00
4199 -4.1225e+00 -3.1859e+00 -9.1370e+00
4200 -7.3164e-01 -1.8665e+00 -4.2461e+00
4201 -1.7438e+00 1.5933e+00 -6.0009e+00
4202 -1.1944e+00 5.2448e+00 -3.3006e+00
4203 1.5049e+00 1.7985e+00 -3.5254e+00
4204 1.4828e+00 1.7486e+00 -3.7625e+00
4205 4.2796e+00 3.8497e+00 2.0334e+00
4206 3.5023e+00 1.6305e+00 -3.4889e+00
4207 1.4268e+00 1.7457e-01 -6.2260e+00
4208 2.1828e-01 -3.0191e+00 -6.0389e+00
4209 1.9990e+00 -2.0979e+00 -4.8674e+00
4210 -3.3595e+00 2.6599e+00 2.3384e+00
4211 1.7253e+00 -1.3997e+00 -2.3539e-01
4212 -2.9004e+00 -1.3352e+00 -1.5707e+00
4213 -1.1088e+00 5.3692e+00 -6.0475e+00
4214 3.9778e+00 3.5950e+00 -7.3555e+00
4215 1.8039e+00 -2.4019e+00 -5.8245e+00
4216 1.1218e-01 2.2981e+00 -4.7834e+00
4217 -1.2002e+00 -9.2711e-01 -8.8462e+00
4218 -3.9574e+00 9.1801e-01 -3.2372e+00
4219 7.6575e-01 7.8752e+00 -7.6363e+00
4220 -3.5244e+00 -9.1543e-01 -7.4574e+00
4221 -1.1798e-02 -3.3903e+00 -5.7623e+00
4222 7.0252e-01 1.7118e+00 -8.4926e+00
4223 5.2144e+00 -7.1851e-01 -6.1464e+00
4224 -3.4176e+00 2.3738e+00 -6.0439e+00
4225 3.3202e+00 1.6555e+00 -9.1460e+00
4226 -1.4875e+00 1.3070e+00 -3.0122e+00
4227 -3.7557e+00 2.2449e+00 4.3358e+00
4228 -9.7130e-02 -5.4506e+00 -4.8435e-01
4229 6.3896e+00 -1.3766e-01 -3.2045e+00
4230 -3.2254e+00 2.9105e+00 -7.5074e+00
4231 5.6697e+00 1.4726e+00 -1.9290e-01
4232 7.4143e-01 -3.6213e+00 -7.0061e+00
4233 1.0569e+00 -1.8571e+00 -6.2135e+00
4234 8.0935e-02 1.9334e+00 -8.3332e+00
4235 2.0265e+00 -3.0101e+00 -8.4361e+00
4236 -7.6140e-01 -3.8632e+00 -5.5945e+00
4237 1.0744e+00 4.1466e+00 -3.3427e+00
4238 4.7291e+00 -3.3299e+00 -7.6062e+00
4239 1.1464e+00 4.3732e+00 -8.6966e+00
4240 6.7924e+00 3.5483e+00 -9.3849e+00
4241 9.1777e-01 3.1418e+00 -1.5101e+00
4242 2.0343e+00 6.8119e+00 -3.0332e+00
4243 2.8607e+00 2.8378e+00 -2.9766e+00
4244 5.6515e+00 1.8118e+00 2.3251e-01
4245 4.5848e-01 -1.7482e+00 -4.7761e-01
4246 -1.3811e+00 8.9548e-01 -2.8962e+00
4247 -5.8852e-01 6.5646e+00 5.0439e+00
4248 3.0819e+00 -1.2607e+00 -5.6616e+00
4249 4.9504e+00 6.1660e+00 -6.4172e+00
4250 4.1522e+00 -1.9273e+00 -6.9131e+00
4251 -6.3506e-01 -2.7027e-01 -3.0620e+00
4252 7.5783e+00 1.3766e+00 -7.8457e-01
4253 -1.4799e+00 -1.8216e+00 7.3948e+00
4254 1.6279e+00 4.5346e+00 6.0634e+00
4255 6.2497e+00 2.7562e+00 5.6706e+00
4256 -8.0506e-01 2.2038e+00 -5.0059e+00
4257 1.9978e+00 3.8810e+00 -3.9062e+00
4258 5.3335e+00 4.1316e+00 -5.3181e+00
4259 -2.6407e+00 6.3076e+00 2.4167e+00
4260 4.9935e+00 -1.6443e-01 -2.8461e+00
4261 -9.0009e-01 1.5737e+00 5.9092e+00
4262 -3.0838e-01 -7.4929e+00 3.1889e+00
4263 4.7857e+00 1.2697e-01 -9.1477e-01
4264 2.9540e+00 3.4771e+00 -1.8578e+00
4265 9.5491e-01 -2.0718e+00 1.0921e+00
4266 1.6073e+00 2.1653e+00 -1.0136e+00
4267 -2.3266e-01 -8.2534e-01 -4.0469e-01
4268 2.5856e+00 1.8325e+00 -1.2166e+00
4269 -8.8991e-01 1.9692e+00 -2.3450e+00
4270 -6.0635e-02 3.8922e+00 3.5959e+00
4271 -1.2171e+00 8.9954e-01 2.1573e-01
4272 2.3239e+00 1.7335e+00 -3.4808e+00
4273 2.3041e+00 2.7922e+00 5.6946e+00
4274 -2.2343e+00 1.5474e+00 -2.7093e+00
4275 -2.6152e+00 -3.0207e+00 -3.8383e+00
4276 4.1225e+00 -6.6075e-01 3.7772e+00
4277 -5.3299e-01 1.4247e+00 7.3227e+00
4278 2.0167e+00 2.0288e+00 -9.0309e+00
4279 2.4018e+00 -4.0975e-01 -3.6188e+00
4280 2.3439e+00 -3.6525e+00 -5.5105e+00
4281 1.1982e+00 1.1541e+00 -5.7150e+00
4282 -4.7715e-01 4.3539e+00 1.2921e+00
4283 1.9730e+00 -7.7447e-01 -7.8722e+00
4284 4.4245e+00 4.2416e+00 -7.2043e-01
4285 6.7890e-01 1.1459e+00 -5.3597e+00
4286 -4.1209e+00 1.6444e-01 -4.9683e+00
4287 -1.3048e+00 -1.0825e-01 -6.4377e+00
4288 6.2556e-01 4.8400e-02 -9.3769e+00
4289 3.1532e+00 2.6951e+00 -3.6186e+00
4290 -6.4880e-01 1.2672e+00 5.7100e-01
4291 -3.1299e-01 -1.0255e+00 -8.1541e+00
4292 1.5747e+00 8.0881e-01 -7.9652e+00
4293 -3.3541e+00 1.2959e+00 -3.4325e+00
4294 1.3763e+00 2.4234e+00 -3.8688e+00
4295 1.9290e-01 5.1119e-01 -8.5826e+00
4296 2.9205e+00 -3.2146e-01 -6.9141e+00
4297 -3.4890e+00 -1.3416e+00 -5.2902e+00
4298 3.9043e+00 2.1437e+00 3.0467e+00
4299 -1.5564e+00 -1.4359e+00 2.0462e-01
4300 -5.8486e+00 8.7543e-01 -9.3428e+00
4301 -1.5238e+00 -1.9462e+00 -7.9125e+00
4302 -5.2799e+00 -4.7000e+00 -4.9557e+00
4303 -3.5062e-01 -3.3015e+00 -5.6469e+00
4304 -1.5478e+00 1.5721e+00 -9.0838e+00
4305 2.7613e+00 -5.6786e-01 -8.8092e+00
4306 2.1709e+00 1.1850e+00 -7.1420e+00
4307 -2.4917e+00 1.9784e+00 -9.0745e+00
4308 -2.1447e-01 3.2274e+00 -1.5924e+00
4309 5.4976e+00 -4.7315e+00 -9.3796e+00
4310 2.7271e+00 2.4781e+00 -8.7932e+00
4311 -1.9234e+00 -2.8353e-01 -4.5033e+00
4312 4.9011e+00 -8.7841e+00 -8.8993e+00
4313 1.7320e+00 2.1385e-01 -3.2290e+00
4314 -2.3623e+00 1.4675e+00 -6.0186e+00
4315 -3.4998e+00 -1.2269e-01 -8.3803e+00
4316 6.5450e-01 -1.1091e-01 -9.3792e+00
4317 4.6487e+00 2.3989e+00 -8.9562e+00
4318 -2.7921e+00 2.0389e+00 -6.3573e-01
4319 8.7888e+00 2.8759e-01 -3.4962e-01
4320 -5.6088e-01 -2.5710e+00 -4.5577e+00
4321 -1.2829e+00 2.5039e-01 1.4155e-01
4322 -1.7233e+00 -1.3042e+00 -3.9885e+00
4323 3.9303e+00 -5.8410e+00 7.9470e-01
4324 4.6744e+00 5.0348e+00 1.0171e+00
4325 4.1629e+00 2.3157e+00 -1.8249e+00
4326 -3.7844e+00 2.8264e+00 -5.0419e+00
4327 -4.5561e-01 3.2486e+00 5.2432e+00
4328 -2.4013e+00 1.3855e+00 -6.9941e-02
4329 -7.5498e-01 -5.6818e+00 -2.3942e+00
4330 -1.1039e+00 -3.3844e+00 -3.7444e-01
4331 -2.9360e-01 2.0161e+00 -3.6220e+00
4332 -4.6258e+00 -1.7263e+00 2.2442e+00
4333 -2.6654e-01 -8.6423e-01 -4.9871e+00
4334 -5.0231e+00 9.8843e-01 -3.0802e+00
4335 -9.1873e-01 -9.9562e-01 -7.9118e+00
4336 7.2581e-01 -2.3787e+00 -1.7791e+00
4337 -6.7449e-01 -2.1923e+00 -6.2880e+00
4338 1.5218e+00 -6.9849e-01 1.7389e+00
4339 -1.6494e-01 3.1515e+00 -6.9279e+00
4340 -4.5246e-01 3.5163e+00 -8.2175e+00
4341 2.3717e+00 -3.3750e+00 -9.1782e+00
4342 -6.5905e+00 5.3649e+00 -3.6224e+00
4343 -7.2630e-01 -4.0872e+00 5.0353e-01
4344 -2.6795e+00 2.8289e+00 -4.8374e+00
4345 4.8259e-01 1.7196e+00 -2.9820e+00
4346 -3.4951e-01 8.3820e-01 -3.2593e+00
4347 -1.6167e+00 3.4987e+00 2.6012e-01
4348 2.6541e+00 -2.2570e+00 -3.8649e+00
4349 -1.5628e-01 3.1216e-01 7.1548e-01
4350 3.3022e+00 -1.0371e+00 4.5335e+00
4351 -1.5828e+00 -6.8798e+00 -5.2472e+00
4352 7.5819e-01 3.4571e+00 -4.1897e+00
4353 -2.6652e+00 2.6218e+00 -6.1368e-01
4354 -3.5457e+00 -1.6216e-01 -7.4795e+00
4355 -2.5160e+00 9.3770e-01 -8.1434e+00
4356 -2.1665e+00 4.5260e+00 3.5556e+00
4357 -3.3823e+00 3.7778e+00 -2.9390e+00
4358 1.1247e-01 -2.9895e+00 -5.8553e+00
4359 -3.7104e+00 -2.0233e+00 -2.2505e+00
4360 2.3324e-01 -4.4002e+00 -4.6950e+00
4361 -1.1353e-01 -1.0206e+00 -4.3967e+00
4362 2.1778e+00 -4.6040e+00 -6.9526e+00
4363 2.6833e+00 1.6656e+00 -5.4802e+00
4364 -1.3516e+00 2.8925e+00 -1.7249e+00
4365 1.9725e+00 3.4470e+00 -5.9162e+00
4366 1.6532e+00 3.6179e+00 -2.7798e-01
4367 5.3676e+00 -5.4846e+00 -3.4434e+00
4368 7.5326e-01 -5.8685e-01 -2.0740e+00
4369 2.2204e-01 1.5219e+00 -2.0588e+00
4370 4.5746e+00 2.9729e+00 -5.9429e+00
4371 5.3297e+00 2.7810e+00 -4.8965e-01
4372 6.4894e-01 1.1950e+00 -2.8686e+00
4373 1.4548e+00 6.5855e+00 -5.0647e+00
4374 -2.3465e+00 -1.1359e+00 -7.7262e+00
4375 -2.3401e-01 7.0753e-01 -4.5978e+00
4376 6.9187e-01 -2.7009e-01 -6.6397e+00
4377 2.5733e+00 2.4298e+00 1.3382e+00
4378 3.4525e+00 1.6398e+00 8.5280e+00
4379 3.8736e+00 -1.7553e+00 -4.8112e-01
4380 1.5698e+00 -1.7788e+00 -2.2278e+00
4381 -7.1626e-01 1.9455e+00 -4.8912e+00
4382 -8.5218e-01 1.4463e+00 -6.3926e+00
4383 1.9198e+00 1.4980e+00 -5.0011e+00
4384 -9.4822e-01 -2.5693e+00 1.0410e+00
4385 8.3834e-01 1.1373e+00 6.1450e+00
4386 -1.2045e-01 3.7402e+00 1.3777e+00
4387 2.4508e-01 -2.3036e+00 -1.6740e+00
4388 2.0954e+00 -1.2874e+00 -5.8162e+00
4389 -3.2042e+00 -3.5334e+00 -2.8251e+00
4390 5.5814e-01 -4.7793e-01 -5.6198e+00
4391 -4.1592e+00 -6.6011e+00 -8.0097e+00
4392 1.1988e+00 -3.0640e+00 -9.4241e-01
4393 4.1683e+00 -7.3556e+00 -1.6418e+00
4394 -2.5747e+00 -6.0088e-01 -6.1391e+00
4395 4.2518e+00 -3.0933e+00 -6.6388e+00
4396 1.8501e+00 8.4849e-01 -6.9468e+00
4397 -6.0020e+00 4.7180e+00 -6.0807e+00
4398 7.5367e+00 5.4259e+00 -5.7148e+00
4399 -1.3077e+00 -3.8440e+00 -9.3380e+00
4400 8.0723e-01 1.8980e+00 -8.4797e+00
4401 3.0617e+00 3.8998e-01 -1.5140e+00
4402 2.4190e+00 7.8887e-01 -4.5546e+00
4403 -5.4786e-02 -1.5246e-01 -6.6635e-01
4404 2.2238e+00 2.1445e+00 -1.5171e-02
4405 -1.3952e-01 5.4514e+00 -1.6269e-01
4406 3.4557e+00 1.4066e+00 -5.8665e+00
4407 1.9166e+00 -1.3943e+00 -4.4211e+00
4408 2.0201e-01 2.5984e+00 -3.1336e+00
4409 -3.2089e+00 -1.7973e+00 -3.9998e+00
4410 -4.1487e-01 2.8972e+00 -3.0728e+00
4411 9.1541e-01 1.0937e+00 -6.3691e+00
4412 -8.1089e-01 -4.8551e-02 -7.1623e+00
4413 -2.0743e+00 7.4891e+00 -3.2809e+00
4414 6.5368e+00 3.4921e+00 7.7635e-01
4415 3.7728e+00 -1.9979e+00 -6.0839e+00
4416 2.4203e+00 6.9873e+00 -7.4795e+00
4417 1.4937e+00 2.8579e+00 -6.3186e+00
4418 -2.3707e+00 -3.7781e+00 -6.2494e+00
4419 6.2005e+00 6.0648e-02 -2.1887e+00
4420 3.3561e+00 2.8990e+00 5.9035e-01
4421 1.7231e-03 5.1300e+00 -4.4930e+00
4422 5.0963e+00 -3.6785e+00 -3.5145e+00
4423 -6.4690e-01 -9.2752e-01 -3.9887e+00
4424 6.7213e+00 3.1885e+00 -6.3004e+00
4425 -2.4205e+00 2.9203e+00 -2.4535e+00
4426 -2.5737e+00 1.1495e+00 9.9603e-02
4427 1.5408e+00 -5.9278e+00 1.2371e+00
4428 4.9198e+00 2.0104e+00 -5.6394e+00
4429 1.0530e+00 -3.2769e-01 -7.1702e+00
4430 -5.0197e+00 4.1891e+00 -6.8587e+00
4431 1.7635e+00 1.2310e-01 2.3958e+00
4432 -8.8855e-01 -3.2579e+00 -6.2461e+00
4433 4.6538e+00 -2.3233e+00 1.9972e+00
4434 5.7617e-01 5.9625e+00 -6.6631e-01
4435 -1.4415e+00 5.5139e-01 1.2076e+01
4436 -3.4628e-01 2.3833e+00 -3.3435e+00
4437 5.7458e-01 2.9591e+00 -7.4491e+00
4438 2.7589e+00 -1.5802e+00 -5.2098e+00
4439 -1.8643e-01 2.7214e+00 -5.8063e-02
4440 5.4228e+00 3.8667e+00 -4.0820e+00
4441 3.8072e-01 -5.6556e+00 -4.9959e-01
4442 -2.5267e+00 -9.4870e-01 -6.2668e+00
4443 -5.6069e+00 3.5428e-01 -1.8162e-01
4444 4.3976e+00 -1.3312e+00 -6.2537e+00
4445 2.2134e+00 -3.5054e+00 -7.6955e+00
4446 1.5978e+00 2.1744e+00 -2.8313e+00
4447 3.5074e+00 5.7222e+00 -7.4157e+00
4448 -1.2408e+00 1.3325e-01 -5.8838e+00
4449 2.1297e+00 -4.1507e+00 -4.0291e+00
4450 -1.7964e+00 2.3812e+00 8.1763e+00
4451 2.1923e+00 1.0976e-01 8.8310e+00
4452 -3.7871e+00 1.6155e+00 -5.1643e+00
4453 1.3572e+00 2.0287e+00 -6.5471e+00
4454 -1.9592e+00 -3.6511e+00 8.9003e-01
4455 -3.9404e+00 1.2886e+00 -2.7472e+00
4456 4.4138e+00 2.5682e+00 -2.2603e+00
4457 1.8369e+00 -2.7826e+00 -7.3419e+00
4458 -4.1796e+00 2.8123e+00 -2.5064e-02
4459 4.1921e+00 2.8265e-01 -2.3404e+00
4460 1.1056e+00 -1.9099e+00 -7.5031e+00
4461 -7.5674e-01 -3.6256e+00 2.7325e-01
4462 -2.9600e+00 3.3093e-01 -2.4954e+00
4463 2.5621e+00 -2.1761e+00 -5.2159e+00
4464 1.3145e+00 1.4170e+00 -3.6660e+00
4465 -7.4668e-01 8.8425e-01 1.3890e+00
4466 1.4064e+00 6.1788e-01 -7.4572e+00
4467 1.3393e+00 -3.3370e+00 -3.6949e+00
4468 1.3766e+00 3.0552e+00 -7.3765e+00
4469 2.7714e+00 -1.9724e+00 -6.3129e+00
4470 3.6657e+00 3.6469e+00 9.7812e-01
4471 4.1336e+00 1.7926e+00 5.7739e-01
4472 4.7915e+00 -7.0451e+00 1.7162e+00
4473 -3.1736e+00 -3.4444e+00 -2.2314e+00
4474 -1.9834e+00 5.9890e-01 -2.3316e+00
4475 -1.2630e+00 7.7435e+00 6.3347e-01
4476 -3.2413e+00 3.2809e+00 -1.2793e+00
4477 2.0627e+00 -2.7082e+00 -7.7661e-01
4478 -5.2595e+00 2.6675e+00 -5.0475e+00
4479 6.5283e-02 3.6652e+00 -4.2600e+00
4480 4.7544e+00 -3.3596e-01 1.0684e+00
4481 2.6549e+00 4.2250e-01 -6.7454e+00
4482 -1.2994e+00 1.7175e+00 2.2093e+00
4483 3.1541e+00 4.3897e+00 -1.6612e+00
4484 -1.9760e+00 2.5077e+00 -7.6285e+00
4485 5.7527e+00 2.8447e+00 1.2294e+00
4486 3.0763e+00 1.2795e+00 2.4462e+00
4487 -1.0587e+00 -2.0634e-01 -1.4966e+00
4488 1.0592e+00 2.7964e+00 -3.8112e+00
4489 -1.6315e+00 2.8849e+00 -6.1775e+00
4490 8.2342e-01 -1.2505e+00 -7.2509e+00
4491 8.3083e-02 1.4458e+00 -2.7053e-01
4492 2.0090e+00 3.0260e+00 -4.5169e+00
4493 -6.3910e-01 -2.4636e+00 -4.0400e+00
4494 -1.3641e+00 2.9499e+00 -4.3769e+00
4495 -8.6749e-01 -4.6649e+00 -1.1191e+00
4496 -4.3913e+00 -9.0101e-01 -1.4267e+00
4497 -3.5577e+00 4.3457e+00 -5.3573e+00
4498 -6.1776e-01 9.5532e-01 -2.5703e+00
4499 -4.0918e+00 1.0834e+00 5.7688e-01
4500 -6.7826e-01 3.7872e+00 -8.2454e-01
4501 -4.7162e+00 2.8500e+00 -2.2327e+00
4502 -3.1939e+00 3.7669e+00 -7.3692e+00
4503 2.7419e+00 -7.2180e-01 -5.4357e+00
4504 5.3039e+00 -2.7904e-01 -5.9554e+00
4505 7.3972e-01 -6.0769e+00 -5.5369e+00
4506 -5.1563e+00 -3.8990e+00 -6.6300e+00
4507 -2.7602e+00 1.0440e+00 -4.5926e+00
4508 2.1257e+00 2.2815e+00 -4.3953e+00
4509 2.2282e+00 1.3692e+00 2.5314e-01
4510 4.2329e+00 -3.7924e-01 7.9315e-02
4511 -3.7347e-01 3.3324e+00 -8.5485e+00
4512 -1.0782e+00 3.2961e-01 -1.0528e+00
4513 2.4576e+00 4.2948e+00 -7.8010e+00
4514 3.1927e+00 1.1793e+00 -3.9180e+00
4515 3.8548e+00 9.1235e-02 -6.5510e+00
4516 -2.8334e+00 -3.8655e+00 -2.4099e+00
4517 -3.1568e+00 -1.6586e+00 -6.2018e+00
4518 -1.7844e-01 -2.7611e+00 5.1253e+00
4519 -1.8247e+00 -1.2633e+00 -4.5823e+00
4520 2.5676e+00 5.1590e+00 -2.1082e+00
4521 4.6781e+00 -2.7375e-01 -7.6452e-01
4522 2.3361e+00 2.0509e-01 -5.7030e+00
4523 3.3307e+00 -2.8100e+00 2.2839e+00
4524 -2.8062e+00 -1.8051e+00 -4.1137e+00
4525 -1.2833e+00 -4.5110e+00 -4.3523e+00
4526 1.9870e+00 -6.0739e+00 -5.0322e+00
4527 3.1278e+00 -4.0662e+00 -4.2606e+00
4528 -1.1619e+00 3.4752e+00 -3.3618e+00
4529 1.3624e+00 3.5496e-02 3.5336e+00
4530 -2.2613e+00 9.9624e-01 -6.2098e+00
4531 1.8750e+00 3.2985e+00 -4.8877e+00
4532 -1.1380e-01 2.9206e+00 -5.0252e+00
4533 -1.0765e+00 2.5561e+00 -6.4164e+00
4534 2.9559e+00 5.3858e+00 -3.2323e+00
4535 3.6432e+00 -5.4311e-01 4.1208e+00
4536 2.9082e+00 3.0554e+00 2.1019e+00
4537 3.7859e-01 -3.4598e+00 3.7290e-01
4538 -4.0853e+00 2.4675e+00 -7.3961e+00
4539 -1.9630e+00 4.9223e+00 2.3698e+00
4540 4.6156e+00 -3.3048e+00 -7.2843e+00
4541 -2.9970e+00 2.4505e+00 -2.0294e+00
4542 -4.0162e+00 -1.8253e+00 -5.8382e+00
4543 -8.2551e-01 -8.3777e+00 -3.2713e+00
4544 2.3623e-01 4.3025e-01 -3.2636e+00
4545 9.8084e-01 -7.9892e-02 -3.3966e+00
4546 1.6680e+00 1.4096e+00 -5.5652e+00
4547 6.3065e-01 6.3493e+00 -6.5306e+00
4548 1.0538e+00 2.1148e+00 -9.7097e-01
4549 4.8305e+00 8.6904e-01 2.8556e+00
4550 1.4657e+00 -4.5929e+00 -2.5452e+00
4551 4.0390e-01 2.8124e+00 -2.7861e+00
4552 -2.3538e+00 -1.5156e+00 -6.4651e+00
4553 -8.0016e-01 -7.8940e+00 2.3956e-01
4554 1.4911e+00 1.0101e+00 -5.1695e+00
4555 3.7581e+00 3.9386e-01 -1.2661e+00
4556 -8.0331e-01 2.8221e+00 -2.8345e+00
4557 4.7754e-01 4.3124e+00 8.5944e-01
4558 -3.7589e+00 -4.2767e+00 -6.5276e-01
4559 4.4354e+00 -1.7544e+00 -2.9709e+00
4560 1.3323e+00 3.2570e+00 -6.6423e+00
4561 3.5684e+00 4.9324e-01 -3.6286e+00
4562 -1.1610e+00 -9.5927e-01 -8.7412e+00
4563 2.3131e+00 -1.7146e+00 -6.1080e-01
4564 3.1108e+00 -1.1721e+00 -8.0615e+00
4565 7.8542e+00 -5.3973e+00 3.4900e+00
4566 1.6361e+00 -2.8755e+00 -2.1495e+00
4567 1.6986e+00 -4.9551e-02 -9.5793e-01
4568 3.5764e+00 -7.8191e-01 8.4474e+00
4569 -1.4948e+00 5.0056e+00 -7.6914e+00
4570 5.8420e+00 -3.2891e+00 -2.0805e+00
4571 6.1654e+00 1.7075e+00 -6.9791e+00
4572 3.9055e+00 -1.9609e+00 2.0173e+00
4573 4.8526e+00 2.2214e+00 -1.3508e+00
4574 3.1826e+00 7.5750e-01 -6.6748e+00
4575 1.4772e+00 3.4943e-01 -5.3017e+00
4576 6.2058e+00 -2.8596e+00 -2.8658e+00
4577 6.7320e+00 9.3222e-01 -6.2635e+00
4578 3.4825e+00 -1.5887e+00 -7.9493e+00
4579 1.9422e+00 -1.4498e+00 -3.6214e+00
4580 -1.3745e+00 3.3198e+00 -7.3906e+00
4581 5.8104e+00 2.7513e-01 -7.8353e+00
4582 8.3019e+00 2.4329e+00 -5.8866e+00
4583 -2.0870e+00 3.7532e+00 -5.9978e+00
4584 1.1376e+00 9.0408e-01 -6.8688e+00
4585 3.6627e+00 -2.8689e+00 -8.7484e+00
4586 2.2044e+00 2.7419e+00 -5.2673e+00
4587 4.8825e+00 -1.0066e+00 -7.5548e+00
4588 2.4469e+00 2.3393e+00 -3.6450e+00
4589 2.4471e-01 4.2544e-02 -2.9816e+00
4590 2.0197e-01 2.2760e+00 -2.5623e+00
4591 -9.9357e-02 2.2544e-01 3.6231e+00
4592 -3.8902e+00 -2.8027e-01 -4.1834e+00
4593 1.1586e+00 3.1926e-01 3.0448e+00
4594 1.4941e+00 3.2950e+00 -3.7770e+00
4595 -2.7316e+00 2.1594e+00 -8.2086e+00
4596 -3.8122e-01 6.4130e+00 -4.0357e+00
4597 -2.0611e+00 -4.2385e-01 -6.0281e+00
4598 -9.5425e-01 7.8922e-01 -1.2418e+00
4599 -2.3798e+00 -2.9303e-01 -3.9164e+00
4600 -1.0501e+00 -3.4040e+00 -5.9663e-01
4601 3.1481e+00 5.6513e+00 -8.7623e+00
4602 -2.0694e+00 3.9687e+00 -1.9030e+00
4603 -3.9543e+00 2.2627e+00 -4.9619e+00
4604 -2.2679e+00 2.8150e+00 -4.2368e+00
4605 1.4336e+00 -1.8633e+00 -3.0152e+00
4606 1.7186e+00 -1.7760e+00 1.1707e-01
4607 1.2518e+00 -1.2119e+00 -6.0510e+00
4608 1.6251e+00 2.6888e+00 -5.5890e+00
4609 3.2444e+00 1.3200e+00 -5.2445e+00
4610 -3.6494e-01 -9.0096e-01 -2.5584e+00
4611 2.0379e+00 -4.2833e-01 -6.1561e+00
4612 8.0922e-01 2.0813e+00 -1.8131e+00
4613 -1.8339e+00 -1.8327e-01 2.6496e+00
4614 -1.4927e-01 1.8105e+00 1.7515e+00
4615 3.0550e-01 -2.9712e+00 -3.3322e+00
4616 4.0738e+00 -1.1721e+00 -1.8697e+00
4617 2.7575e+00 2.4429e+00 5.9731e+00
4618 -2.8166e+00 1.1184e+00 3.6489e+00
4619 -2.1927e+00 1.3016e+00 -1.9563e+00
4620 1.5235e+00 3.8634e+00 5.1326e+00
4621 5.9037e+00 -2.0136e+00 2.0352e-01
4622 1.6188e+00 4.1354e+00 -4.5411e+00
4623 4.3786e+00 2.5508e+00 -9.0597e+00
4624 -3.9381e+00 -7.2434e-01 -4.7654e+00
4625 7.4289e+00 -3.1284e+00 -6.7894e+00
4626 2.1685e+00 2.1540e+00 1.5675e+00
4627 6.3434e+00 -8.2331e+00 -2.7950e+00
4628 1.6091e+00 5.8220e-01 -5.6422e+00
4629 4.9764e-01 -4.7918e+00 -9.0825e+00
4630 -3.9843e-01 1.5702e+00 3.5717e+00
4631 4.0645e+00 4.4874e+00 -3.3085e+00
4632 9.4950e+00 -4.0074e+00 -5.1751e+00
4633 3.1028e+00 -1.4750e+00 -3.5828e+00
4634 -7.5121e-02 2.1812e+00 -6.2974e+00
4635 -1.8518e+00 3.3361e+00 2.4486e+00
4636 1.1273e-02 2.6592e+00 1.6969e+00
4637 1.5921e+00 -4.4739e+00 -1.6096e+00
4638 4.5152e+00 -7.5622e-01 -7.3687e+00
4639 -2.4717e+00 -1.1216e+00 -4.6881e+00
4640 -2.0146e+00 -5.4268e-01 -1.5988e+00
4641 -4.1586e-01 2.6405e+00 -8.6172e+00
4642 -5.2744e-02 -5.7653e-01 -7.0036e-01
4643 2.5240e+00 3.8262e+00 -5.0500e+00
4644 4.9616e+00 4.8900e+00 -1.3512e+00
4645 6.2690e+00 2.1811e+00 -7.8513e+00
4646 -1.0281e+00 3.4260e+00 -3.7604e+00
4647 2.3876e+00 9.6436e-01 -3.8414e+00
4648 5.0410e-01 3.9358e+00 -8.8982e+00
4649 3.9752e+00 3.0355e+00 -3.1911e+00
4650 2.6967e+00 -3.8604e+00 -7.9976e+00
4651 3.7610e+00 -2.8311e+00 -7.0008e+00
4652 3.5855e+00 4.4862e+00 -5.5558e+00
4653 1.7580e+00 2.3332e+00 -8.0073e+00
4654 4.5785e+00 -1.6063e+00 -2.3540e+00
4655 1.2293e+00 -4.0016e-01 -1.4255e+00
4656 -3.6011e-01 6.3133e+00 7.8839e-01
4657 3.7968e+00 3.1933e+00 -4.0667e+00
4658 6.1532e-01 2.0644e+00 -8.2681e-01
4659 -3.4445e+00 2.5111e+00 -6.8595e+00
4660 4.4214e+00 1.7660e+00 2.0115e-01
4661 2.3360e+00 -2.8339e+00 4.5341e+00
4662 1.6463e+00 -6.8789e-01 -7.1234e+00
4663 1.2231e+00 2.9564e+00 -4.5421e+00
4664 3.3250e+00 3.0838e+00 -9.1302e+00
4665 2.6992e-01 5.7881e+00 -1.5104e+00
4666 2.2615e-01 -8.0888e-02 -7.6943e+00
4667 3.4672e+00 1.5658e+00 -5.1865e+00
4668 1.9413e+00 -5.6257e+00 -4.2863e+00
4669 -6.2032e-01 -1.1945e+00 -1.6355e+00
4670 5.1307e+00 3.8644e+00 -7.3553e-01
4671 2.3363e+00 1.8157e+00 -2.4740e-01
4672 -1.3322e+00 1.8489e+00 4.2569e+00
4673 3.8815e+00 4.4293e+00 5.8174e+00
4674 4.5016e+00 4.0788e+00 -2.0409e+00
4675 5.6525e+00 2.7853e-02 5.2496e-01
4676 1.5497e+00 -3.1915e+00 2.5854e-01
4677 5.7265e+00 1.3099e+00 2.5661e+00
4678 3.4639e+00 5.7818e+00 -5.0321e+00
4679 3.2200e+00 -3.6978e+00 -4.0929e+00
4680 1.2742e+00 2.8632e-01 4.6615e+00
4681 7.7377e-01 3.2588e+00 6.2805e+00
4682 1.8295e+00 1.3902e+00 -5.7794e+00
4683 7.1709e-02 6.2753e+00 -2.5211e+00
4684 3.0227e+00 -4.8633e-01 1.1674e+00
4685 -2.6167e+00 -1.5985e+00 3.0009e+00
4686 -3.3440e+00 1.1715e+00 1.0860e+00
4687 -1.0637e-01 8.3119e-01 -6.0593e-01
4688 1.4513e+00 -1.7517e+00 -2.9968e+00
4689 2.2475e+00 2.2856e-01 -4.0311e+00
4690 3.0933e+00 -2.9529e+00 -5.8971e+00
4691 -1.7120e+00 -7.6112e-01 1.3062e+00
4692 9.5068e-01 2.5686e+00 -4.0280e+00
4693 -1.7266e+00 -4.0763e-01 -6.4388e+00
4694 4.9685e-02 3.4723e+00 -3.9101e+00
4695 2.8118e+00 -1.0567e+00 -8.0175e+00
4696 -3.2496e-01 3.4080e+00 -8.1162e+00
4697 2.2959e+00 -1.0896e+00 -2.5331e+00
4698 7.7224e-01 -7.6526e-01 -1.0069e+00
4699 4.3514e-01 3.4529e+00 -6.7450e+00
4700 4.4694e+00 3.3268e+00 -2.7476e+00
4701 1.8401e+00 -1.1613e+00 -7.3109e-01
4702 -1.7236e+00 2.0935e+00 -2.2992e+00
4703 -5.3490e-01 4.1200e+00 -4.9639e+00
4704 -6.3644e-01 -9.0971e+00 1.8590e-01
4705 1.0233e+00 1.5491e+00 -7.7282e+00
4706 -6.2308e-01 -5.1127e-01 -6.4677e+00
4707 2.8985e+00 4.4331e+00 -4.1215e+00
4708 -2.4411e-01 2.6067e+00 -1.2844e+00
4709 3.8158e+00 1.1718e+00 -5.2587e+00
4710 2.5983e+00 8.9126e-01 7.1068e-01
4711 1.9642e+00 -9.3039e-01 1.3217e+01
4712 8.5703e-01 2.6124e-01 -3.8914e+00
4713 -2.8574e-01 -2.2747e-01 -6.9039e+00
4714 -3.8173e-02 -5.7927e+00 -5.9205e+00
4715 -1.3734e-01 7.7331e-01 -1.1963e+00
4716 3.7739e-02 -1.6297e+00 -5.5207e+00
4717 -2.0493e+00 -2.1915e+00 2.2841e-01
4718 -2.1513e+00 1.7547e+00 -1.0505e+00
4719 1.5311e+00 6.1268e+00 6.3328e+00
4720 -2.2410e+00 -2.9088e-01 -3.1648e+00
4721 3.1617e+00 -6.7601e-01 -8.2754e+00
4722 3.6264e+00 1.6805e+00 -3.2237e+00
4723 5.0481e+00 -1.9243e+00 -5.5732e+00
4724 4.2098e+00 -8.5305e-02 -3.2516e+00
4725 4.6161e-01 2.7343e+00 -8.2723e+00
4726 -4.6448e-01 -6.8098e-01 5.9364e+00
4727 -2.2499e+00 2.2380e+00 -1.1274e-01
4728 -4.3826e+00 2.4346e+00 -7.8557e-01
4729 -1.1520e+00 -4.7822e-01 -4.5086e+00
4730 -1.0344e+00 2.1080e+00 -4.0238e+00
4731 3.2402e+00 3.5812e+00 -7.8051e+00
4732 -2.4758e+00 1.5651e+00 -6.1770e+00
4733 3.4794e+00 3.5162e+00 -3.1975e-01
4734 -2.9337e+00 -1.9481e+00 -3.1555e+00
4735 3.7427e+00 -4.6001e+00 -5.8253e+00
4736 -2.9269e-01 -3.5045e+00 2.4514e+00
4737 -9.8602e-02 -2.8147e+00 -8.1385e+00
4738 -1.6631e+00 2.0285e+00 -5.7507e+00
4739 -8.3897e-01 -4.9088e+00 8.0900e+00
4740 3.6857e-01 -3.9955e-01 -5.7344e+00
4741 -2.4032e+00 8.6271e-01 -6.9870e+00
4742 1.7268e+00 3.6782e+00 -6.7028e+00
4743 3.9566e+00 -3.6922e+00 -1.7692e+00
4744 4.7854e+00 5.9141e+00 1.7064e+00
4745 -3.0362e+00 2.3497e+00 -5.6619e+00
4746 2.2259e+00 -6.1570e+00 -8.6665e+00
4747 -1.1666e+00 8.6574e-01 -7.4246e+00
4748 -8.4815e-02 2.3777e+00 1.8197e+00
4749 2.4574e+00 7.0527e-01 -6.8333e+00
4750 -1.8554e+00 -2.1745e+00 -1.8195e+00
4751 -1.0846e+00 1.1787e+00 -3.8395e+00
4752 1.4286e+00 -1.1593e+00 1.4020e-01
4753 4.3640e+00 1.0087e+00 -3.4137e+00
4754 -2.5873e+00 5.8029e+00 -5.1067e+00
4755 5.4498e+00 -7.0075e-01 -2.2023e+00
4756 -5.1040e-01 -1.9420e+00 1.4781e+00
4757 3.4699e-01 -3.2673e+00 -7.4263e+00
4758 -3.0091e+00 -6.2463e-01 -7.9075e+00
4759 -3.8898e+00 -7.6757e+00 -7.5371e+00
4760 2.3327e+00 3.2826e-01 -6.5110e+00
4761 2.9156e+00 -1.6644e+00 -7.1016e+00
4762 3.5989e-01 3.6343e+00 -3.9933e+00
4763 1.6161e+00 -3.5078e-01 1.0489e+01
4764 3.3801e+00 -3.4899e-01 -1.5380e+00
4765 3.3732e+00 -3.2202e-01 -2.7961e+00
4766 2.0019e+00 2.4961e-01 1.3103e+00
4767 -2.8684e-01 3.5534e+00 3.3904e+00
4768 -3.3018e-01 -1.7375e+00 -5.0902e+00
4769 1.5512e+00 1.1098e+00 -5.3256e+00
4770 -2.3448e+00 8.0614e-01 -2.3201e+00
4771 2.8759e+00 -6.9534e-01 -4.1874e+00
4772 8.7628e-01 -1.9018e+00 -5.8374e+00
4773 -1.0129e+00 3.0056e+00 -2.0778e+00
4774 -3.2864e+00 -2.3925e+00 -7.0954e+00
4775 2.5348e+00 1.6357e+00 -7.9458e+00
4776 2.3866e+00 1.3030e+00 -6.2246e+00
4777 -2.5036e+00 5.6542e+00 -8.5636e+00
4778 -4.3385e+00 -2.0787e+00 -6.9985e+00
4779 -1.4843e+00 1.4334e+00 4.9817e+00
4780 -2.8399e+00 -7.9581e-03 -5.5750e+00
4781 -1.1416e-01 2.6005e+00 -4.9007e+00
4782 5.1604e+00 1.3615e+00 -5.3101e+00
4783 -2.2095e-01 -2.5638e+00 -3.7257e+00
4784 1.6625e+00 -2.6732e+00 -4.3357e+00
4785 -4.0165e+00 -6.8148e-01 -4.6054e+00
4786 -8.6568e-01 4.2994e+00 -4.5061e+00
4787 4.1593e+00 1.3200e+00 -1.6913e+00
4788 2.1837e+00 1.4704e+00 1.1602e+00
4789 -4.2056e+00 -1.0092e+00 -5.8804e+00
4790 1.5716e+00 -4.2571e-01 -6.3552e+00
4791 9.5084e-01 1.4312e+00 -8.3932e-01
4792 2.3495e+00 3.9351e+00 -7.6204e+00
4793 -1.0343e+00 -1.3125e-02 -2.0272e+00
4794 -4.0515e+00 -3.1028e+00 -7.7889e+00
4795 2.2521e-01 -2.9276e+00 -4.0131e+00
4796 -5.6028e+00 4.4094e+00 -2.8975e+00
4797 -4.1811e+00 3.4967e+00 -1.8757e+00
4798 4.6589e+00 4.8077e+00 -3.4435e+00
4799 -2.5821e+00 2.1731e+00 1.3290e-01
4800 3.1721e-01 2.9375e+00 -3.4005e+00
4801 7.3326e-01 -2.5447e+00 -5.5141e+00
4802 1.5799e+00 -1.4740e+00 -6.9840e+00
4803 1.0447e+00 -2.0439e+00 -3.6719e+00
4804 -2.3938e+00 5.6102e+00 3.1086e+00
4805 3.0735e+00 5.3825e+00 8.4582e+00
4806 -1.1430e+00 6.4810e-01 9.8996e+00
4807 -1.6784e+00 -5.4332e+00 -1.9139e+00
4808 4.9406e+00 8.7119e-01 -1.8570e+00
4809 -4.6381e+00 5.3205e+00 7.3616e-01
4810 -2.8578e+00 -1.5595e+00 1.5729e+00
4811 1.9592e+00 2.8424e+00 -2.2611e+00
4812 -3.5811e+00 2.3042e+00 -1.0808e-01
4813 -1.6818e-01 5.9046e+00 3.1917e+00
4814 6.2172e+00 1.7645e+00 2.5348e+00
4815 -8.9717e-01 1.6794e+00 -5.1901e+00
4816 2.8131e-01 -6.4133e+00 -5.0187e+00
4817 -2.3061e+00 2.5647e+00 -5.7109e-01
4818 1.9274e+00 1.6983e+00 -9.9795e-02
4819 -4.6833e-01 2.8775e+00 -2.3444e+00
4820 3.7051e+00 -2.8675e+00 -1.0560e+00
4821 6.8082e-01 4.1791e-01 -4.1047e+00
4822 2.3492e+00 -3.0039e-01 -2.6196e+00
4823 1.9582e+00 3.0906e+00 -4.5171e+00
4824 4.1200e+00 3.9556e-02 -5.4807e+00
4825 -2.6188e+00 2.7881e+00 2.8170e+00
4826 1.0937e+00 3.1601e+00 -4.4229e+00
4827 7.5843e+00 2.3153e+00 -5.6862e+00
4828 4.0913e+00 2.6601e+00 -8.8310e+00
4829 -1.1269e+00 -4.4961e+00 -5.1495e+00
4830 7.5611e+00 2.7649e+00 -7.1748e+00
4831 1.0522e+00 1.4734e+00 -5.7910e+00
4832 2.8060e+00 -3.4124e+00 -5.0066e+00
4833 9.4609e-01 -7.9037e-01 1.7790e+00
4834 2.3591e-01 -6.8701e-02 3.3261e+00
4835 1.7481e+00 1.6606e+00 -6.7741e-01
4836 6.9665e-01 5.8506e-01 -2.7380e+00
4837 -3.2672e+00 -1.8699e+00 -1.5306e+00
4838 3.4779e+00 -3.4246e+00 -6.5703e+00
4839 5.6927e+00 -1.9372e+00 -6.3453e-01
4840 2.3580e+00 2.3980e+00 -7.0872e+00
4841 4.4131e+00 -4.1058e+00 -2.0585e+00
4842 1.7158e+00 7.1564e+00 8.6373e+00
4843 -7.4271e-01 2.0280e+00 -3.8176e-01
4844 7.3728e-01 3.4155e-01 -4.4689e+00
4845 -3.2741e+00 2.3415e+00 -3.8185e+00
4846 7.0604e-01 -1.5537e+00 2.1768e+00
4847 2.2133e+00 3.5815e+00 2.0382e+00
4848 -7.2611e-01 -1.9383e+00 -2.0256e+00
4849 4.0572e+00 -2.8256e+00 -4.7960e-01
4850 -3.6152e+00 -7.0203e-01 -8.5138e+00
4851 3.1659e+00 -6.6307e-01 -5.2810e+00
4852 8.2469e-01 4.2932e-01 2.3488e+00
4853 -3.4830e+00 -7.0735e-01 -3.2729e-01
4854 -1.4857e+00 5.0859e+00 -5.8603e+00
4855 -3.7005e+00 2.1528e+00 -7.3267e+00
4856 -3.5831e-01 3.1450e+00 -4.6482e+00
4857 -1.0329e+00 -2.0715e-01 -6.5731e+00
4858 -1.4433e+00 3.2570e+00 -5.7940e+00
4859 5.3267e+00 -4.0682e-01 -3.7516e+00
4860 -2.3315e-01 -3.6613e+00 -2.4465e+00
4861 -1.7485e+00 -2.8679e-01 -6.2857e+00
4862 -1.7946e+00 1.8189e+00 -6.8788e-03
4863 1.6386e+00 -8.5223e+00 -6.4644e+00
4864 1.1279e+00 -8.5660e-01 -6.1693e+00
4865 2.5206e+00 1.7385e+00 -5.7888e+00
4866 6.3268e-01 3.6192e-01 -4.5229e+00
4867 -3.1170e+00 4.8095e+00 -9.1417e+00
4868 -1.2898e+00 5.8434e-01 -7.6725e+00
4869 3.2251e+00 -4.6431e-01 -6.5701e+00
4870 5.8044e+00 -2.4204e+00 -5.9916e+00
4871 6.9090e-01 8.7809e-01 -7.6264e+00
4872 -5.9690e+00 9.4978e-01 -8.4552e-01
4873 9.2842e-01 2.3569e+00 -2.6379e+00
4874 -1.4893e-01 -2.5322e+00 -7.2426e-01
4875 -3.4290e+00 -4.1329e+00 -4.0188e+00
4876 -2.8008e+00 -1.8376e+00 -6.4149e+00
4877 2.2815e+00 1.3553e+00 -3.4588e+00
4878 -7.9183e-01 3.7203e+00 -4.0891e+00
4879 2.5500e+00 6.3185e-01 -7.1133e+00
4880 -3.3655e-01 -1.7128e+00 -1.7350e+00
4881 -1.5035e+00 4.0590e+00 -5.5009e+00
4882 1.6466e+00 9.1310e-01 2.4479e+00
4883 3.0224e+00 -6.5816e+00 -3.6617e+00
4884 -1.7747e+00 7.0048e-03 -7.2074e+00
4885 -3.0897e+00 1.6088e-01 -4.8282e+00
4886 -3.1582e+00 1.1033e+00 -1.3152e+00
4887 3.3071e+00 -2.2714e+00 -5.4195e+00
4888 1.1842e+00 -7.2588e-01 2.8891e+00
4889 7.1617e-01 -1.3045e+00 1.1300e+00
4890 -1.8324e+00 1.5957e+00 -4.4280e+00
4891 -2.1198e+00 -2.6936e-01 -8.6437e-01
4892 1.6222e+00 -1.1471e+00 -7.6069e+00
4893 3.7727e+00 6.9287e+00 1.5559e+00
4894 7.0360e+00 5.1628e-01 9.7409e+00
4895 1.0853e+00 1.4244e+00 -1.7836e+00
4896 3.4678e+00 1.1855e+00 -1.0342e+00
4897 6.4814e+00 6.0191e-01 5.0504e+00
4898 2.9401e+00 -1.5369e+00 -5.4120e+00
4899 1.3111e+00 -5.9839e+00 2.3303e+00
4900 3.6724e+00 3.8464e+00 1.0688e+00
4901 1.3802e+00 -2.7427e+00 4.3555e+00
4902 -5.4457e+00 -1.5387e+00 1.2211e+00
4903 3.0698e+00 -1.1934e+00 -3.7986e+00
4904 1.4719e+00 1.7414e+00 -6.3915e+00
4905 3.7339e+00 -2.4624e+00 -5.6895e+00
4906 5.8546e+00 1.2230e+00 -5.1089e+00
4907 -1.2032e+00 -2.8573e+00 -5.7656e+00
4908 -3.8034e+00 -1.8504e+00 -5.3391e+00
4909 -2.7258e+00 1.9854e+00 -7.8874e+00
4910 1.6334e+00 -2.8922e+00 -4.3301e+00
4911 -2.2154e+00 1.9182e+00 -3.4753e+00
4912 -2.6488e-01 -1.8778e+00 -7.2850e-01
4913 -1.7000e+00 1.2918e+00 -2.9763e+00
4914 -1.4837e+00 -2.0561e+00 -6.8935e+00
4915 2.4202e+00 -8.5072e-01 -7.4586e+00
4916 -2.1757e+00 -1.1614e+00 -8.5897e+00
4917 1.8140e+00 6.2229e-01 -6.9124e+00
4918 -2.3201e+00 7.4602e+00 -4.5600e+00
4919 -1.3113e+00 2.2408e+00 -5.9038e+00
4920 -4.1491e+00 -2.3014e-01 -5.9608e+00
4921 1.7391e+00 3.6562e+00 -6.5587e+00
4922 -3.3823e+00 -1.4936e-01 -3.7006e+00
4923 -4.1326e+00 -2.1483e+00 -7.2610e+00
4924 2.0693e+00 1.2091e+00 -2.0250e+00
4925 -2.3797e+00 -9.9344e-01 -7.3731e+00
4926 5.2450e-01 -2.7311e+00 -2.7411e+00
4927 -1.7542e+00 6.7851e+00 -3.8701e+00
4928 1.7889e+00 6.4828e+00 -8.9519e+00
4929 -8.5619e-01 2.3930e+00 -1.2048e+00
4930 -1.7309e+00 -1.3520e+00 -1.1446e+00
4931 4.6857e-02 1.8532e+00 -4.6626e+00
4932 -4.5055e+00 3.5321e+00 -5.0086e-01
4933 5.7921e+00 1.0535e+00 2.1951e+00
4934 4.1599e+00 3.4102e+00 -1.2433e+00
4935 9.9647e-01 2.9456e+00 1.5694e+00
4936 -2.0579e+00 3.3379e+00 -5.0482e+00
4937 -2.5102e+00 3.8280e+00 -6.2950e+00
4938 1.0724e+00 -1.4583e+00 -4.5747e+00
4939 -4.1604e+00 1.4717e+00 -7.8504e+00
4940 -2.2422e+00 5.1252e+00 -2.3529e+00
4941 1.4526e+00 -2.6567e+00 4.4882e-01
4942 -1.5554e+00 1.5296e+00 -5.0714e+00
4943 3.0144e+00 2.1190e+00 -8.2539e+00
4944 -2.4016e+00 -3.7628e-01 -9.0456e-01
4945 -9.0296e-02 1.4911e+00 -3.3760e+00
4946 7.9000e+00 1.4791e-01 -7.1046e+00
4947 -7.8295e-01 3.2451e+00 -6.1617e+00
4948 9.0248e-01 -4.1558e+00 -4.8367e+00
4949 1.8588e+00 7.8375e-01 -1.6621e+00
4950 3.4260e+00 -1.2536e+00 -8.0179e+00
4951 1.0061e+00 1.3325e+00 -7.9772e+00
4952 1.1968e+00 -2.0492e-01 6.2452e+00
4953 2.1082e+00 -1.8999e+00 -2.9076e+00
4954 4.3476e-01 2.7244e+00 1.0657e+00
4955 -5.9157e-04 -1.0520e+00 -3.5020e+00
4956 -1.2762e+00 1.2526e+00 -3.2946e+00
4957 6.5421e+00 1.4304e+00 -4.3078e+00
4958 1.1695e+00 3.9613e+00 -1.2245e+00
4959 3.1959e+00 2.6723e+00 -1.4942e+00
4960 7.7151e-01 1.8107e-01 -6.4845e+00
4961 6.1091e+00 2.0270e+00 -8.1475e+00
4962 -3.3377e+00 4.5600e-01 -5.8736e+00
4963 -3.9579e-01 -1.0452e+00 -7.0059e+00
4964 -2.6964e+00 -1.8980e+00 1.6994e+00
4965 -7.2814e+00 1.1576e+00 -3.4323e+00
4966 7.6319e-01 -8.5395e+00 -2.8142e+00
4967 2.7006e+00 2.8862e+00 -7.5862e+00
4968 -2.3859e+00 -2.8376e-01 -7.1281e+00
4969 1.7400e+00 -3.1012e+00 -5.0420e+00
4970 -2.1604e+00 4.8749e+00 -5.6712e+00
4971 -2.9532e+00 4.8205e+00 -8.9673e+00
4972 -6.6306e-01 1.6341e+00 -2.7012e+00
4973 3.2596e+00 3.8682e+00 -2.1958e+00
4974 1.0579e+00 -9.5285e-01 -1.6992e+00
4975 -4.5885e+00 -1.2766e+00 -3.3070e+00
4976 -1.8057e-01 -2.0595e-01 -2.4874e+00
4977 -3.2644e+00 2.2656e+00 -5.6329e+00
4978 1.6724e-01 1.5362e+00 -5.1044e+00
4979 -1.3956e+00 1.0883e+00 -2.8449e+00
4980 -2.2604e+00 -9.9727e-01 -4.0514e+00
4981 1.2590e+00 9.5526e-01 5.7610e-01
4982 1.5967e+00 2.9348e-01 -9.0283e-01
4983 4.1206e+00 -3.6993e+00 -2.0854e+00
4984 -6.4176e-01 -1.1868e-01 -3.7363e+00
4985 3.3723e+00 -2.2418e+00 -1.4991e+00
4986 5.0577e+00 -1.4887e+00 -6.8288e+00
4987 -1.9406e-01 2.3730e+00 -8.2845e+00
4988 7.5296e-01 4.0378e+00 -5.0537e+00
4989 -1.0444e+00 -2.4054e+00 -3.2956e+00
4990 -3.8757e+00 -1.1247e+00 -4.8066e+00
4991 1.4799e+00 4.4225e+00 -6.1765e+00
4992 -2.3802e+00 -7.3167e+00 -8.6611e+00
4993 -2.6447e-01 3.5000e+00 -6.1132e+00
4994 1.2599e+00 -2.3630e+00 -5.0862e+00
4995 -2.4637e+00 -1.7900e+00 -6.6762e+00
4996 3.7549e+00 7.1825e-01 -3.6538e+00
4997 2.1314e+00 -1.2956e+00 -5.7319e-01
4998 1.0635e+00 5.3930e-01 -4.8444e+00
4999 3.8457e+00 -9.7722e-01 -5.4423e+00
5000 3.6243e-01 -8.0692e+00 -5.5526e+00
5001 -4.7327e-01 -4.7412e+00 -7.2328e+00
5002 2.9823e+00 -1.9536e+00 3.1844e+00
5003 -4.2795e+00 1.8595e+00 -4.7874e+00
5004 -3.2171e+00 1.2618e+00 -3.6867e+00
5005 -5.1629e-01 2.5883e+00 2.5213e+00
5006 8.1005e-01 3.0487e+00 -9.4448e-01
5007 -4.7419e+00 -8.4122e-01 1.5075e+00
5008 -1.2521e+00 -4.4793e+00 3.6550e+00
5009 -2.9275e+00 -3.7796e+00 6.0717e+00
5010 -3.8001e+00 -1.0332e+00 2.3169e+00
5011 -3.8782e+00 -1.6609e+00 8.9556e+00
5012 5.4264e-01 -1.1228e+00 2.3561e+00
5013 -4.0486e+00 3.1092e+00 6.9286e+00
5014 -1.3917e+00 2.6367e-01 9.0603e+00
5015 -3.9502e+00 6.1665e-01 5.0706e-01
5016 1.7461e+00 1.7980e+00 -2.1012e+00
5017 5.0952e-01 4.3571e+00 9.5327e+00
5018 5.1650e-01 -3.3407e+00 5.3235e+00
5019 -4.3452e+00 -1.2831e+00 6.5856e+00
5020 -2.5251e+00 -3.3883e+00 4.0953e+00
5021 1.9106e+00 -3.1885e-01 -1.6809e+00
5022 3.8060e-02 -1.0313e+00 4.1921e+00
5023 -6.3772e+00 -6.7160e-01 1.3926e+00
5024 -3.6394e+00 1.4122e+00 7.2137e+00
5025 6.9625e+00 -4.3751e+00 -6.2912e+00
5026 -2.7079e+00 -2.4324e+00 -8.7943e+00
5027 3.1570e-01 -5.5107e+00 -5.5267e+00
5028 -9.0754e-01 -6.1359e+00 3.4167e+00
5029 -3.3125e+00 -2.9367e-01 4.8225e+00
5030 3.1751e+00 -7.2427e+00 1.6590e+01
5031 -3.9076e+00 -1.5547e+00 1.7283e+01
5032 2.4627e+00 -6.0091e+00 -3.1004e+00
5033 -3.5734e+00 -2.9889e+00 1.7491e+01
5034 -5.2052e+00 -5.8388e+00 -9.0977e+00
5035 -5.0888e+00 -5.4995e+00 -4.4934e+00
5036 3.3768e+00 -7.5413e-01 -2.7146e+00
5037 -5.1092e+00 -4.5275e+00 -2.2367e+00
5038 -5.7428e-01 -1.8068e+00 -8.4316e+00
5039 8.7903e+00 2.2190e+00 -1.1149e+00
5040 7.8156e-01 -2.1336e+00 3.8774e+00
5041 -1.0050e+00 -1.2677e+00 -9.2635e+00
5042 -1.0633e+00 -6.7524e+00 5.7637e+00
5043 2.4006e+00 -1.5279e+00 8.0732e+00
5044 -2.4017e+00 2.1234e+00 1.5927e+00
5045 -1.2150e+00 -2.5227e+00 8.0884e+00
5046 -6.0155e+00 -6.7798e+00 -5.7480e+00
5047 4.7477e-01 -2.3213e+00 2.2245e+00
5048 9.6360e-02 -4.2028e+00 5.4146e+00
5049 -1.2432e+00 -1.4746e+00 4.4120e+00
5050 -1.5776e+00 -1.2519e+00 8.3853e+00
5051 -3.5987e+00 3.2584e+00 4.6924e+00
5052 -2.4693e+00 -6.4549e+00 7.7454e+00
5053 -1.5987e+00 -5.8982e+00 6.8536e+00
5054 2.0999e+00 -3.2543e+00 5.0584e+00
5055 -1.7348e+00 -6.0622e+00 8.3284e+00
5056 -3.2156e+00 -2.5180e-01 -8.2010e+00
5057 3.1371e-01 -2.6922e+00 -3.3822e+00
5058 -3.6494e-02 -8.4635e-01 -9.3871e+00
5059 -3.0235e+00 1.2369e+00 1.9616e-01
5060 4.1437e-01 1.9571e+00 2.0255e+00
5061 -8.8597e-01 -5.8374e-01 -3.7271e+00
5062 3.5916e+00 4.1341e-01 8.0582e+00
5063 -1.1074e-01 3.7280e+00 8.6630e+00
5064 -4.0112e+00 -7.8011e+00 5.8048e+00
5065 -1.2362e+00 -3.2389e+00 1.0978e+01
5066 -2.4958e+00 -2.6497e+00 8.1790e-01
5067 -4.3053e+00 -9.3437e+00 -8.0750e+00
5068 -1.8441e+00 3.4338e+00 -5.9373e+00
5069 1.7560e+00 1.9385e+00 -8.1791e+00
5070 6.1358e-01 -3.6612e+00 -8.8307e+00
5071 -1.1335e+00 7.4809e+00 -9.3856e+00
5072 4.9119e+00 3.1985e+00 -8.6311e+00
5073 2.8817e+00 6.4879e+00 -9.0338e+00
5074 -7.8256e-01 4.6701e+00 -8.4188e+00
5075 -8.2402e-01 5.1744e-01 -6.0539e+00
5076 2.9427e+00 -1.6270e+00 4.4739e+00
5077 5.2697e-01 -3.1899e-01 8.4430e+00
5078 -4.0235e+00 4.7531e+00 4.2493e+00
5079 -3.7833e+00 5.1402e+00 4.8895e+00
5080 -4.2581e+00 -4.1375e+00 3.2480e+00
5081 -2.7572e+00 7.3245e-01 6.3845e+00
5082 -1.7803e+00 1.9527e+00 5.0364e+00
5083 1.2584e+00 4.1201e+00 -8.6430e+00
5084 3.1481e+00 4.1274e+00 2.7181e+00
5085 -9.8781e-02 5.3568e+00 2.9500e+00
5086 -1.9254e+00 3.0427e+00 -2.1265e+00
5087 2.3658e-01 4.7812e+00 -4.7093e+00
5088 -1.0562e-01 -2.0348e+00 5.2721e+00
5089 -1.3376e+00 -5.6342e+00 -9.2512e+00
5090 4.1459e-01 3.5734e+00 2.4042e+00
5091 -2.3937e+00 -6.4674e+00 3.0567e+00
5092 -3.2008e+00 -5.0047e+00 5.2871e+00
5093 4.0225e+00 -1.8031e+00 -6.8955e-01
5094 1.4307e+00 4.7399e+00 8.2393e+00
5095 -8.0425e-01 -2.1587e+00 1.0117e+01
5096 -3.2860e+00 -2.3421e+00 7.2218e+00
5097 -6.1513e+00 -1.0751e+00 1.1192e+00
5098 2.6477e+00 -3.8795e+00 -6.3635e+00
5099 -5.8398e-01 1.8790e+00 -8.8484e+00
5100 -4.8374e+00 -2.9411e+00 -7.3936e+00
5101 2.6784e+00 -7.2253e+00 -2.2682e+00
5102 4.4549e-03 -3.7806e+00 -8.5989e+00
5103 8.5897e-01 -2.9577e+00 9.0090e+00
5104 1.2702e+00 2.4770e-01 -7.1390e+00
5105 5.0021e-01 -2.8208e+00 5.7372e+00
5106 4.8445e-01 -7.6611e+00 3.9639e+00
5107 -1.5486e+00 -1.5798e+00 -7.1228e+00
5108 -1.0865e+00 2.2914e+00 3.1613e+00
5109 -9.9915e-01 -5.8165e-01 7.1064e+00
5110 4.8883e+00 -4.8253e+00 2.8982e+00
5111 -2.0563e+00 1.2935e+00 1.7577e+01
5112 -2.0626e-01 -7.2094e+00 1.4848e+01
5113 1.9844e+00 -6.5063e-01 1.8202e+01
5114 1.3954e+00 3.5392e+00 1.3689e+01
5115 -6.0671e+00 5.0861e-01 1.6736e+01
5116 -6.7426e-01 6.1223e+00 1.5740e+01
5117 -6.3559e+00 -1.7186e+00 1.6579e+01
5118 -4.6843e+00 1.7344e+00 1.8760e+01
5119 -2.7840e+00 3.4438e+00 1.8687e+01
5120 -1.3891e+00 2.7764e+00 1.8509e+01
5121 -8.7923e-02 -1.0913e+00 1.8618e+01
5122 1.4088e+00 -1.0577e+00 6.2467e+00
5123 -4.1210e+00 -3.5864e+00 1.8767e+01
5124 2.7212e+00 -6.8810e-01 1.8632e+01
5125 -2.7414e+00 1.8250e+00 1.7469e+01
5126 8.5380e-01 -1.8080e-01 1.6536e+01
5127 -3.2056e+00 1.1248e+00 1.7374e+01
5128 -7.2798e+00 -3.1878e+00 1.6031e+01
5129 -2.4633e+00 -6.1679e+00 3.2525e+00
5130 -6.0615e-01 -3.1648e+00 8.6109e+00
5131 -4.8228e-01 -2.6926e+00 8.5727e+00
5132 7.5967e-02 4.3969e+00 2.2327e+00
5133 2.8887e+00 -2.2842e+00 9.5867e+00
5134 2.3898e+00 -3.4339e+00 9.8557e+00
5135 -1.9094e-01 -5.8307e-02 6.6838e+00
5136 -4.4512e+00 -3.8213e+00 6.8905e+00
5137 -7.4115e-01 2.7304e+00 7.4762e+00
5138 -4.0876e-01 1.2555e+00 3.4186e+00
5139 7.0758e-02 7.9130e-01 3.0283e+00
5140 -2.4741e+00 1.1874e-01 2.0290e+00
5141 -3.2060e+00 -2.0876e+00 7.2047e+00
5142 4.5799e-01 -5.8049e-01 -6.2550e+00
5143 9.9045e-01 2.6257e+00 -4.8447e+00
5144 -1.3769e+00 5.5828e-01 4.9584e+00
5145 -1.8967e+00 -6.3566e+00 3.9982e+00
5146 -1.6377e+00 -2.7158e-01 -6.8541e+00
5147 -6.0514e+00 1.5890e+00 3.3017e+00
5148 2.7751e+00 -4.4380e+00 1.0469e+01
5149 -9.7849e-01 1.6064e+00 3.8413e+00
5150 -5.5333e+00 -3.8308e+00 -3.0959e+00
5151 -2.7751e+00 1.3194e+00 1.8394e+01
5152 -3.2383e+00 -1.5644e+00 1.7692e+01
5153 -2.2948e+00 -4.7233e+00 1.8722e+01
5154 -2.9810e+00 -2.5795e+00 1.2181e+00
5155 -3.3706e+00 -9.5885e-01 -9.3442e+00
5156 -1.5185e+00 -5.6405e+00 -8.9695e+00
5157 7.9870e+00 -2.0989e+00 1.0277e+01
5158 -4.6027e+00 2.2192e+00 1.0684e+01
5159 -5.1163e+00 -1.9681e+00 6.4450e+00
5160 2.0536e+00 -4.2279e+00 -5.7320e+00
5161 -2.2965e+00 5.9954e-01 -2.6517e+00
5162 -4.7671e+00 3.2385e+00 1.0203e+01
5163 -6.0365e+00 1.7515e+00 6.3637e+00
5164 -5.1233e+00 -5.0515e-01 1.0870e+01
5165 -6.3811e+00 1.8941e+00 1.1244e+01
5166 2.4820e+00 1.8028e+00 3.8960e+00
5167 -3.1283e+00 3.5407e+00 8.0286e+00
5168 -2.8705e-01 2.3023e+00 1.7908e+00
5169 -2.0249e+00 1.9326e+00 9.3560e+00
5170 -3.1448e+00 3.5561e+00 -1.3276e+00
5171 2.2399e-01 4.6450e+00 3.0047e+00
5172 4.9898e-01 4.9411e+00 -7.9543e+00
5173 2.9944e+00 3.9924e+00 -7.6346e+00
5174 -4.0585e+00 5.2151e+00 -1.4089e+00
5175 -3.8868e+00 6.1929e+00 -7.0284e+00
5176 -2.4115e+00 -5.8905e+00 4.1808e+00
5177 -2.0992e+00 4.1929e+00 9.4917e+00
5178 -1.1613e+00 -6.4778e+00 5.5893e+00
5179 -3.9646e+00 2.6580e+00 2.3902e+00
5180 -5.2044e+00 9.4550e-01 1.3818e+00
5181 5.2058e-01 -1.3629e+00 5.1261e+00
5182 3.8001e+00 1.4903e-01 7.6735e+00
5183 -5.5262e-01 2.1937e+00 3.5127e+00
5184 -3.8129e+00 4.9476e+00 6.9689e+00
5185 6.6098e-01 -6.0349e+00 4.7478e+00
5186 -1.3853e+00 -2.4284e+00 -2.8352e+00
5187 -3.8534e+00 -3.2170e+00 5.2947e+00
5188 -4.5980e+00 2.1811e+00 9.0943e+00
5189 -1.3542e+00 3.0776e+00 -6.4118e-01
5190 -4.6336e+00 2.8020e+00 5.8480e+00
5191 -6.6483e-01 -7.1121e+00 5.8915e+00
5192 -7.4421e-01 2.5899e+00 5.9703e+00
5193 -4.7815e+00 4.7820e+00 3.4414e+00
5194 5.6016e-01 4.0889e-01 6.7700e+00
5195 -3.1160e+00 4.1788e+00 4.6269e+00
5196 -2.8533e+00 -6.1914e+00 -4.4309e+00
5197 -6.3258e+00 -5.3329e-01 -6.1927e+00
5198 7.3546e+00 -2.2415e+00 1.0479e+01
5199 -1.8471e+00 1.8664e+00 -1.2700e+00
5200 2.7458e+00 -4.0668e+00 6.5407e+00
5201 8.6046e-01 -1.2996e+00 1.2515e+00
5202 -4.2330e+00 5.0290e+00 -9.3105e+00
5203 -3.7755e+00 -2.5912e+00 -5.1066e-01
5204 -4.8731e+00 -8.0779e+00 -8.2464e+00
5205 -2.1069e+00 -3.7759e+00 5.2431e+00
5206 5.6980e-01 -2.2647e+00 2.2877e+00
5207 -3.2198e+00 7.1806e-01 5.6439e+00
5208 6.4080e+00 4.7798e+00 1.1164e+01
5209 9.3210e-01 1.2866e+00 8.1794e+00
5210 1.4028e+00 2.1190e+00 1.6911e+00
5211 1.9897e+00 4.3473e+00 1.1221e+01
5212 3.6259e+00 5.3594e+00 7.0710e+00
5213 -2.9089e+00 3.6948e+00 1.5455e+00
5214 -2.0671e+00 -2.4460e+00 -2.3130e+00
5215 1.6875e+00 8.2474e-01 -6.2341e+00
5216 -5.9612e+00 3.2429e+00 -1.1647e+00
5217 -5.8798e+00 -1.6097e+00 5.1289e+00
5218 -5.4239e+00 -9.2649e+00 5.0245e+00
5219 1.8328e+00 2.3284e+00 9.0710e+00
5220 -5.3196e+00 4.0880e-01 6.5757e+00
5221 -1.0205e+00 6.4295e+00 8.3733e+00
5222 2.6805e+00 1.5682e+00 1.1309e+01
5223 -3.7351e+00 2.5086e+00 -1.2507e+00
5224 -1.2712e+00 -2.7526e+00 9.1532e+00
5225 3.1372e-01 3.3750e-02 9.7270e+00
5226 -1.0992e+00 -2.3378e+00 2.7309e+00
5227 -5.2829e+00 5.3199e+00 -3.0380e+00
5228 -3.5943e+00 -8.7960e+00 -8.1370e+00
5229 1.0251e+00 -9.3860e+00 -4.3384e+00
5230 -2.9948e-01 -3.8621e+00 -2.7012e+00
5231 -1.5128e+00 1.0340e+00 -2.5505e+00
5232 -3.5256e+00 -7.1305e+00 -8.0219e+00
5233 -5.9163e-02 1.0069e-01 1.4137e+01
5234 3.2141e+00 -9.2518e+00 7.8323e+00
5235 -2.6312e+00 -8.0927e+00 4.6528e+00
5236 -9.8792e-01 -4.4459e+00 -7.6401e-01
5237 -1.8933e+00 -1.6696e+00 -3.6911e+00
5238 1.0010e+00 -3.8285e+00 1.5641e+00
5239 -2.5418e+00 -5.5239e+00 -9.1062e+00
5240 4.0244e-01 -4.0042e+00 1.8016e+01
5241 -2.6094e+00 -4.8277e+00 1.6491e+01
5242 -3.2433e+00 4.2667e-01 1.6858e+01
5243 -1.9982e+00 6.5978e-02 1.8413e+01
5244 2.6136e+00 -7.8708e+00 1.8081e+01
5245 -1.4555e+00 -8.0013e+00 1.7880e+01
5246 4.5327e+00 -3.8138e+00 1.5273e+01
5247 3.6056e+00 -2.6211e+00 1.8372e+01
5248 -2.4451e+00 -3.9869e+00 1.8611e+01
5249 -5.1558e+00 -5.2651e-01 1.6024e+01
5250 -5.5647e+00 -5.6353e+00 1.8546e+01
5251 -7.2021e-01 -3.8910e+00 1.4295e+01
5252 1.6306e+00 -6.6454e-02 1.8231e+01
5253 -1.4280e+00 -2.0773e+00 1.8720e+01
5254 -1.6448e+00 -1.9833e+00 1.7081e+01
5255 -4.8906e+00 -6.1823e+00 1.7814e+01
5256 4.1417e+00 -4.1871e+00 1.8765e+01
5257 -9.2150e-02 -2.6722e+00 1.8081e+01
5258 8.1334e-01 -4.4895e+00 1.8478e+01
5259 2.5796e+00 -1.2458e+00 1.7957e+01
5260 -1.3942e+00 -2.3366e+00 1.7624e+01
5261 -2.3895e+00 -2.5756e+00 1.1965e+01
5262 3.9067e+00 -3.6812e+00 1.6684e+01
5263 -3.5798e+00 -7.7308e+00 1.4658e+01
5264 -3.8950e+00 -1.0242e+00 1.7824e+01
5265 -3.4030e+00 -1.7181e+00 1.7837e+01
5266 -6.1141e+00 -2.4607e+00 4.3653e+00
5267 -1.9366e+00 -4.5699e+00 -7.8898e+00
5268 -1.7307e+00 -6.2205e+00 -5.9181e+00
5269 -1.2867e+00 4.5847e+00 -9.2741e+00
5270 9.9401e-01 2.9075e-01 -9.2251e+00
5271 1.0618e+00 3.8742e-02 3.9604e+00
5272 -3.7788e+00 3.5089e+00 -8.3887e+00
5273 -2.6576e+00 1.8585e-02 -8.4989e+00
5274 -1.6638e+00 -5.2659e+00 -3.6989e+00
5275 -5.5244e+00 -5.8410e+00 5.9388e+00
5276 -5.4366e+00 -5.3078e+00 4.6171e+00
5277 5.9066e-01 -6.1398e+00 -9.0353e+00
5278 2.8547e+00 4.2530e-01 -9.1575e+00
5279 1.5922e+00 3.5042e+00 2.9950e+00
5280 -1.9891e+00 -1.8104e+00 3.4848e+00
5281 4.5781e-02 -1.4124e+00 -3.4853e+00
5282 1.2947e+00 -5.6709e+00 7.8736e+00
5283 -1.2848e+00 3.8060e-01 -3.4197e+00
5284 -3.8650e+00 1.9884e+00 -4.6802e+00
5285 -1.2062e+00 9.3299e-01 3.4866e-01
5286 -2.8225e+00 -1.6285e+00 7.6038e+00
5287 -4.3353e+00 6.5402e+00 -6.1905e+00
5288 4.9284e+00 -1.8435e+00 2.4843e+00
5289 -2.3172e+00 5.1829e-01 -6.8709e+00
5290 -2.0560e+00 -5.0811e+00 3.3155e+00
5291 -1.6793e+00 -1.5277e+00 4.8501e+00
5292 -1.9155e+00 5.2689e+00 7.7328e-01
5293 -4.9743e+00 2.5780e+00 1.0395e+01
5294 -2.6932e+00 5.2368e+00 9.3154e+00
5295 -3.9231e-01 1.4779e+00 8.4971e+00
5296 -4.9915e-01 -1.1480e+00 8.9564e+00
5297 6.8669e+00 2.7361e+00 9.8907e+00
5298 -9.0873e-01 2.6052e+00 5.4238e+00
5299 -2.4080e+00 2.6346e+00 1.1789e+01
5300 -3.7431e+00 -1.2439e+00 3.7067e+00
5301 -2.6993e+00 1.4717e+00 5.9060e+00
5302 -1.0820e+00 2.3468e+00 9.8944e+00
5303 -1.9867e-01 3.5095e+00 3.1390e+00
5304 -4.4935e+00 -1.1828e+00 1.7748e+00
5305 -6.2685e+00 -2.8724e+00 -4.0779e+00
5306 -3.7435e+00 -5.8109e+00 -4.2288e+00
5307 -3.7852e+00 -6.2527e-01 -2.5292e+00
5308 6.1698e-02 -3.4856e+00 -9.1700e-01
5309 -4.2602e+00 1.2029e+00 1.0193e+00
5310 2.9117e+00 3.3120e+00 2.7538e+00
5311 -4.6649e+00 -5.8112e+00 2.8647e+00
5312 -1.8128e+00 1.8446e+00 5.1606e+00
5313 2.6127e+00 -9.3871e+00 8.5983e+00
5314 -9.4255e-01 7.7431e-01 7.2726e+00
5315 2.6638e+00 -1.6981e+00 8.7223e+00
5316 5.7118e+00 -2.5358e+00 7.4691e+00
5317 -2.0314e+00 -2.3496e+00 3.7309e+00
5318 -6.2521e-02 6.8659e-01 1.0118e+01
5319 2.3354e+00 -9.5416e-01 7.4654e+00
5320 1.4070e+00 -8.0350e-01 9.6139e+00
5321 -2.9968e+00 -3.1001e+00 6.7518e+00
5322 -6.9447e-01 -6.4077e-01 1.4532e+00
5323 -2.7947e+00 2.5066e-01 8.8480e+00
5324 -6.9937e+00 -1.5440e+00 -2.4791e+00
5325 -6.5150e+00 2.9760e+00 -4.5853e-01
5326 -5.8163e+00 4.5744e+00 5.4786e+00
5327 -4.3821e+00 3.2147e+00 5.3633e+00
5328 -4.7226e+00 -2.8309e+00 7.2813e+00
5329 -3.3386e+00 -9.8972e-01 -8.2239e+00
5330 -5.3359e+00 -2.9994e+00 -5.8272e+00
5331 -2.0368e+00 3.9279e+00 9.6257e+00
5332 -4.9653e+00 1.5989e-01 1.8562e+01
5333 -1.6552e+00 4.4357e+00 -9.3549e+00
5334 -2.0948e+00 4.2616e+00 9.4260e+00
5335 -6.1667e-01 -6.9845e+00 1.2164e+01
5336 -1.7328e+00 9.7136e-02 -2.2423e+00
5337 8.4201e-01 7.5775e+00 6.9752e+00
5338 -1.9015e+00 2.1748e+00 1.2513e+00
5339 -2.6057e+00 -6.9227e+00 1.7759e+01
5340 4.7200e+00 1.1834e+00 1.4335e+01
5341 -1.9157e+00 1.6760e+00 1.8678e+01
5342 -1.8471e+00 4.5083e-01 1.8379e+01
5343 -5.8665e+00 1.2467e+00 1.7377e+01
5344 -1.9717e+00 -7.5824e-01 1.8761e+01
5345 -3.4505e-01 -4.3829e+00 1.8544e+01
5346 -2.5333e+00 -1.9285e-01 1.6787e+01
5347 -8.9123e-01 1.4412e+00 1.4575e+01
5348 5.7241e-01 -3.7714e+00 1.3217e+01
5349 -6.9624e+00 1.4009e+00 1.7668e+01
5350 1.6421e+00 -1.1118e+00 1.6711e+01
5351 2.9256e-01 -2.4433e+00 1.7995e+01
5352 -1.0139e-01 -5.5787e+00 1.7749e+01
5353 -4.5050e+00 -7.9057e+00 1.8659e+01
5354 -1.0778e+00 1.8515e+00 1.5709e+01
5355 -2.9695e+00 -1.0547e+00 1.8303e+01
5356 4.4095e-01 -8.1758e+00 1.6235e+01
5357 -3.0637e+00 -1.7621e+00 1.7563e+01
5358 -1.0668e+00 3.9252e+00 1.7175e+01
5359 7.3151e-01 -8.9941e+00 1.8460e+01
5360 -2.3261e+00 2.6572e-01 1.7241e+01
5361 4.1697e-01 2.3676e+00 7.7401e+00
5362 -3.3459e+00 3.8297e+00 1.2078e+01
5363 -2.1106e+00 -3.8840e+00 1.5944e+01
5364 -4.0166e+00 -1.6327e-01 1.8566e+01
5365 -1.1203e+00 -2.8441e+00 1.7811e+01
5366 -4.5788e+00 -6.3191e+00 1.8227e+01
5367 -1.7651e+00 4.4893e-01 -8.6302e+00
5368 -1.8527e+00 -1.9527e+00 4.8733e+00
5369 -2.6571e-01 -2.1176e+00 6.0503e+00
5370 -7.1694e+00 -8.9908e-01 1.0756e+01
5371 -5.2650e+00 -1.6623e+00 5.4601e-01
5372 3.2571e-01 -1.9631e+00 7.3296e+00
5373 3.6908e+00 5.2836e+00 5.8342e+00
5374 -3.8950e+00 4.2580e+00 4.1390e+00
5375 -3.3984e+00 6.7901e-01 6.9794e+00
5376 -3.1926e+00 -2.6375e+00 7.3441e+00
5377 -4.5708e+00 4.3466e+00 4.6835e+00
5378 -2.1903e+00 -2.8896e+00 4.4645e+00
5379 1.8030e-01 -7.7913e-01 2.3274e+00
5380 -3.0815e+00 1.0334e+00 1.6465e+01
5381 -4.3390e-01 -7.1287e+00 1.6893e+01
5382 1.4450e-01 -5.7073e+00 1.8550e+01
5383 -3.1857e+00 1.7184e+00 1.8561e+01
5384 2.4158e+00 2.4683e+00 1.6330e+01
5385 -6.9641e-03 -7.3788e+00 1.7780e+01
5386 -2.1234e+00 -3.1656e+00 1.0086e+01
5387 4.8472e-02 -4.9580e+00 1.0233e+01
5388 -2.1604e+00 -6.5612e+00 1.7682e+01
5389 3.4057e+00 6.7393e-01 1.7622e+01
5390 4.5953e+00 -5.9441e+00 1.7972e+00
5391 -6.5076e+00 -4.3304e+00 1.7812e+01
5392 -3.2657e+00 -1.1698e+00 1.8158e+01
5393 -5.8316e+00 4.3363e+00 1.8517e+01
5394 -4.2001e+00 -4.2586e+00 1.8444e+01
5395 -3.9336e+00 -5.4878e-01 1.7434e+01
5396 3.5874e+00 1.4271e+00 1.7843e+01
5397 1.8786e+00 -4.6014e+00 1.6901e+01
5398 -5.7662e+00 -1.8817e+00 1.8759e+01
5399 -2.8714e+00 2.5588e+00 1.0677e+01
5400 -5.1386e+00 3.9733e+00 1.4515e+01
5401 -5.5699e-01 -2.1831e+00 1.7920e+01
5402 -3.4208e+00 3.3002e+00 1.8061e+01
5403 3.0645e+00 -7.2708e+00 1.8082e+01
5404 -2.6186e+00 -8.7507e+00 9.7457e+00
5405 4.6566e-02 -2.2907e+00 1.2306e+01
5406 -2.6565e+00 -3.4741e-01 3.9466e+00
5407 -6.1491e-01 1.0438e-01 8.2745e+00
5408 8.1029e-01 -8.0327e+00 4.4804e+00
5409 -2.5272e+00 -1.5639e+00 8.4585e+00
5410 3.6757e-01 -3.6270e+00 9.6788e+00
5411 -1.6496e+00 -4.9452e+00 6.7269e+00
5412 -5.0701e+00 2.8962e+00 6.5820e+00
5413 1.4614e+00 5.4032e-01 4.6285e+00
5414 -1.7604e+00 1.2933e+00 1.1807e+00
5415 3.3163e+00 2.5819e-03 5.5798e+00
5416 8.8965e-01 4.2123e+00 7.8419e+00
5417 -7.7713e+00 -5.3523e-01 8.7828e+00
5418 -4.4654e+00 6.5242e+00 1.0176e+01
5419 -2.1770e+00 5.2609e+00 1.0853e+01
5420 1.0087e+00 -8.0905e+00 1.1315e+01
5421 -2.9250e+00 -5.3017e+00 7.0418e+00
5422 -7.6011e-01 -3.7676e+00 7.4207e+00
5423 -3.2927e-01 -9.7898e-01 1.0967e+01
5424 -6.0508e+00 3.0784e+00 1.1672e+00
5425 2.2320e+00 -4.8894e+00 6.9772e+00
5426 -3.2273e+00 -1.0079e+00 1.2283e+01
5427 1.3233e+00 -4.0935e+00 5.5718e+00
5428 -4.4938e+00 3.8983e-01 5.5668e+00
5429 -2.2249e+00 1.8663e+00 4.4964e+00
5430 -1.8464e+00 2.7051e+00 1.3469e+01
5431 3.5999e+00 -5.3955e+00 -6.9604e+00
5432 -2.4059e+00 -8.3546e+00 2.7346e+00
5433 1.9857e-01 7.4588e-01 -3.0102e+00
5434 -4.2731e+00 -4.4029e+00 -3.0404e+00
5435 -1.9915e+00 -6.3222e+00 1.8690e+01
5436 4.2261e+00 -2.8261e+00 1.6306e+01
5437 -5.6381e+00 7.5157e+00 1.8342e+01
5438 1.1349e+00 1.4681e+00 1.8644e+01
5439 -3.4579e+00 -5.6904e+00 1.8185e+01
5440 1.1193e-01 -3.4797e+00 8.7809e+00
5441 -1.0689e+00 6.3816e+00 1.8596e+01
5442 5.0230e-01 3.6285e+00 1.1386e+01
5443 -5.9166e+00 -1.8040e+00 1.6809e+01
5444 -1.2847e+00 2.0187e+00 1.8524e+01
5445 -1.0390e+00 -3.5547e+00 1.6212e+01
5446 -1.0117e+00 -1.1927e+00 1.8646e+01
5447 -2.2205e+00 4.0280e+00 1.6888e+01
5448 -8.1919e-01 1.9111e+00 1.7771e+01
5449 -3.6009e+00 5.1017e+00 1.8507e+01
5450 -3.0214e+00 4.6378e+00 1.8178e+01
5451 -1.3237e+00 4.7626e+00 9.2861e+00
5452 -2.1095e+00 5.0467e+00 1.8456e+01
5453 5.1613e-02 5.1406e+00 1.7513e+01
5454 -2.3849e+00 4.9940e+00 1.8420e+01
5455 -1.8817e+00 2.9652e+00 1.8394e+01
5456 1.0417e+00 9.6141e-01 1.8631e+01
5457 -6.8369e+00 4.3251e+00 1.7200e+01
5458 2.5583e+00 5.6192e+00 1.8660e+01
5459 1.3108e+00 2.3921e+00 1.8172e+01
5460 -9.8142e-01 4.0548e+00 1.8525e+01
5461 1.4298e+00 -8.7429e-01 9.2581e+00
5462 -3.4939e+00 1.0445e+00 1.8737e+01
5463 -4.5597e+00 -3.1459e-01 1.7998e+01
5464 7.2122e+00 1.3684e+00 1.8368e+01
5465 -1.2608e+00 6.6843e+00 1.7382e+01
5466 -4.7038e+00 -1.5511e+00 1.8576e+01
5467 -2.8181e+00 3.7024e+00 1.4748e+01
5468 -2.5435e+00 -8.3887e-01 1.8448e+01
5469 -4.0689e+00 3.6108e+00 1.8126e+01
5470 -8.1097e+00 2.5608e+00 1.7400e+01
5471 -3.8986e-01 -2.0967e-01 1.8397e+01
5472 2.0608e+00 -1.1214e+00 1.7974e+01
5473 -3.7112e+00 5.1154e+00 1.8756e+01
5474 -5.6549e+00 5.6161e+00 1.8535e+01
5475 -4.5087e+00 2.9660e+00 1.6394e+01
5476 -1.8987e+00 2.5096e+00 1.4012e+01
5477 -5.0268e+00 2.2486e+00 1.8366e+01
5478 -4.5720e+00 2.5237e+00 1.8569e+01
5479 1.3015e+00 7.0100e+00 1.8288e+01
5480 7.2092e+00 4.7843e+00 1.7905e+01
5481 5.7728e-01 3.9059e+00 1.6298e+01
5482 4.3632e+00 3.2196e+00 1.6426e+01
5483 -3.8149e+00 3.2036e+00 1.7492e+01
5484 -5.2233e+00 5.9057e+00 1.8412e+01
5485 1.7539e+00 3.1288e+00 1.6581e+01
5486 2.0749e+00 7.6284e-01 1.8543e+01
5487 -4.8437e+00 5.3125e+00 1.5429e+01
5488 3.4185e+00 -2.9997e-01 1.8187e+01
5489 2.4004e+00 4.8201e+00 1.7549e+01
5490 8.5361e-01 4.3957e+00 1.5941e+01
5491 -1.6546e+00 1.2111e+00 1.8665e+01
5492 2.4078e-01 3.6661e+00 1.7817e+01
5493 -4.3006e+00 5.7865e+00 1.8585e+01
5494 1.7681e+00 5.5936e+00 1.8119e+01
5495 -2.8580e+00 7.9948e-02 1.8089e+01
5496 -3.6040e+00 7.9210e-01 1.8307e+01
5497 -3.0674e+00 1.0101e-01 1.8079e+01
5498 8.8875e-01 7.0137e-01 1.8424e+01
5499 -1.2802e+00 4.5958e+00 1.8116e+01
5500 -2.9329e+00 -1.9442e+00 1.8734e+01
5501 2.3615e+00 1.5821e+00 1.8460e+01
5502 -4.0471e+00 3.0165e+00 8.4054e+00
5503 -1.8566e+00 5.8024e+00 7.0637e+00
5504 3.1477e-01 3.3134e-01 9.5132e+00
5505 -1.9398e+00 2.4449e+00 9.8758e+00
5506 -2.3229e+00 2.1713e+00 1.1972e+01
5507 -2.6901e-01 -1.2252e-01 1.4980e+01
5508 -6.6912e+00 5.3202e+00 5.0476e+00
5509 -3.0820e+00 -8.4832e-01 4.0744e+00
5510 6.6929e-01 -6.3272e-01 1.4956e+01
5511 -1.1876e+00 -9.3505e-01 6.3135e+00
5512 3.5370e+00 -2.4733e-01 3.5225e+00
5513 -8.8671e-01 6.5987e+00 6.5935e+00
5514 -5.8060e+00 5.5833e+00 8.9414e+00
5515 -3.4256e+00 8.3841e-01 -1.8664e+00
5516 -1.8827e+00 2.7429e+00 2.3405e-01
5517 -4.2848e+00 9.9817e-01 4.3819e+00
5518 -1.8812e-01 1.6674e+00 6.1550e-01
5519 -1.2359e+00 -4.7062e+00 3.8203e+00
5520 -1.5280e+00 2.6852e+00 7.7190e+00
5521 -4.8679e+00 2.3044e+00 8.1750e+00
5522 1.6898e+00 -7.2767e-01 1.5056e+00
5523 -4.7974e+00 7.1643e-01 8.7930e+00
5524 -3.3032e+00 5.1612e+00 4.4465e+00
5525 -1.8694e+00 5.3953e+00 2.6677e+00
5526 -2.3326e+00 3.2035e+00 8.4373e+00
5527 -8.2289e+00 2.1419e+00 1.0806e+01
5528 -4.7697e+00 8.5203e-01 8.2658e+00
5529 5.8320e-01 3.8501e+00 7.0702e+00
5530 -6.1309e-01 2.5113e+00 1.2401e+01
5531 -4.0292e+00 -3.2471e+00 1.4270e+00
5532 -3.6229e+00 1.0155e+00 2.3146e+00
5533 -3.1974e+00 -6.9710e-01 7.6955e+00
5534 6.4463e+00 3.3348e+00 1.1662e+01
5535 -3.1520e+00 5.3508e+00 9.2773e+00
5536 -1.1175e+00 -4.0477e+00 -5.7140e+00
5537 2.4689e+00 1.4391e+00 6.8378e+00
5538 -2.3276e+00 5.3003e+00 3.3892e+00
5539 -6.4430e+00 5.8805e+00 1.7807e+00
5540 1.5270e+00 -5.3351e-01 -1.7001e+00
5541 -1.4607e+00 2.4293e+00 2.6516e+00
5542 -4.7215e+00 -1.0060e+00 -6.1385e+00
5543 -3.6448e+00 3.6927e+00 2.2936e+00
5544 -8.5176e-01 -2.5868e+00 5.5931e+00
5545 -5.0370e+00 2.7583e+00 7.3039e+00
5546 -2.0953e+00 -6.2238e-01 -4.3165e+00
5547 -3.5022e+00 1.4852e+00 5.4826e+00
5548 -4.2639e+00 9.3814e-01 7.5931e+00
5549 1.2127e+00 -8.1232e+00 5.5537e+00
5550 -1.6610e+00 -2.2821e+00 1.1813e+01
5551 3.9339e+00 1.1877e+00 1.0298e-02
5552 -8.4594e+00 -3.1516e+00 1.3944e+00
5553 3.7574e+00 3.4801e+00 1.0080e+01
5554 2.0425e+00 -1.9166e+00 6.7972e-01
5555 -7.8332e+00 5.9535e-01 2.5210e+00
5556 -7.1630e+00 1.8923e+00 1.2675e+00
5557 5.9933e+00 -5.8089e+00 1.7167e+00
5558 2.9562e+00 3.2129e+00 4.5177e+00
5559 -9.2612e-01 2.5414e+00 -9.3193e+00
5560 -3.7597e+00 -1.8907e+00 9.1270e+00
5561 1.3371e+00 -6.6123e+00 7.2049e+00
5562 -9.5180e-02 -2.6193e+00 5.5850e+00
5563 -7.4011e-01 -5.5716e-01 -1.4870e+00
5564 -9.0117e+00 -1.2707e+00 1.0132e+01
5565 -7.5512e-01 -3.3713e+00 -1.4260e+00
5566 5.0963e+00 -6.4323e+00 1.8405e+00
5567 -5.5239e-01 7.4581e+00 7.5558e+00
5568 -5.1986e+00 -3.6865e+00 8.8476e+00
5569 5.2878e-01 -6.5663e+00 7.5522e+00
5570 -4.5567e+00 6.5058e-01 1.8426e+01
5571 -1.4542e+00 -7.2916e+00 1.8723e+01
5572 -3.0251e+00 -2.3427e+00 1.4577e+01
5573 2.4871e+00 -4.8445e+00 1.6368e+01
5574 -1.2862e+00 2.5952e+00 1.8443e+01
5575 -3.5036e+00 -2.0115e+00 2.6564e+00
5576 -4.3753e+00 3.3443e+00 4.4278e+00
5577 -6.7453e+00 -2.7405e+00 8.2175e+00
5578 3.1739e+00 -7.7066e+00 1.0570e+01
5579 -1.2645e+00 -1.3203e+00 1.5136e+00
5580 2.5423e+00 -1.6951e+00 -3.3200e+00
5581 -6.6442e+00 -5.3197e+00 -4.9411e+00
5582 2.1684e+00 -4.2394e+00 3.5330e+00
5583 -1.0351e+00 -1.8006e+00 9.8464e+00
5584 2.9104e+00 -6.8717e+00 8.3155e+00
5585 -6.6252e-01 -3.8626e+00 2.8491e+00
5586 -3.1663e+00 -6.8004e+00 8.8403e+00
5587 -2.0647e+00 -7.8704e+00 9.8887e+00
5588 1.4848e+00 -7.1107e+00 2.6345e+00
5589 3.2143e+00 -2.7939e+00 7.6601e+00
5590 1.7981e+00 -6.7041e+00 9.4061e+00
5591 -6.7022e+00 2.2044e+00 1.1267e+01
5592 -3.1461e+00 -8.4372e+00 6.4207e+00
5593 9.1138e+00 -8.8941e+00 8.1628e+00
5594 3.3348e+00 -7.7499e+00 1.1365e+01
5595 1.6075e+00 -4.7116e+00 -3.0743e-01
5596 -6.6120e+00 -4.4251e+00 -4.4169e+00
5597 1.0337e+00 -7.7639e+00 3.8510e+00
5598 -2.2486e+00 -2.5227e+00 1.8221e+01
5599 3.2068e-01 -1.7475e+00 1.8258e+01
5600 9.0185e-01 -3.6790e+00 7.9981e+00
5601 -2.9263e+00 -7.7425e+00 6.8774e+00
5602 -1.1059e+00 -7.2624e+00 7.6466e+00
5603 -5.3901e+00 1.0450e+00 3.4025e+00
5604 1.3521e+00 -2.5247e+00 4.8796e+00
5605 -2.4107e+00 -2.2745e+00 -3.6141e+00
5606 -1.5904e+00 -2.5036e+00 1.0725e+01
5607 -2.7834e+00 -2.1426e+00 -7.5212e+00
5608 -6.4194e-01 6.7952e-01 -8.2091e+00
5609 7.1051e+00 -1.3053e+00 5.7381e+00
5610 -2.7372e+00 -2.3071e+00 5.1691e+00
5611 -2.8385e+00 -1.4357e+00 8.6365e+00
5612 3.1804e+00 -2.3951e+00 1.0057e+01
5613 1.0386e+00 6.4433e-01 9.5599e+00
5614 -6.5936e-01 -8.4133e-01 8.3229e+00
5615 -5.6451e+00 -4.1423e+00 1.6344e+00
5616 -1.9821e+00 -3.8638e-01 6.5064e+00
5617 -4.9149e-01 -2.9926e+00 5.4922e+00
5618 6.1163e-01 -4.2038e+00 1.0038e+01
5619 2.7335e+00 -4.1036e+00 5.1723e+00
5620 8.7804e-01 -4.8964e+00 8.4673e+00
5621 1.5707e-01 -6.1486e+00 4.4816e+00
5622 8.1238e-01 7.1692e-01 8.2445e+00
5623 -1.5187e+00 4.0969e+00 7.6963e+00
5624 -6.5196e+00 6.1301e+00 1.6643e-02
5625 -4.5500e+00 -1.1955e+00 -3.8610e+00
5626 6.8491e-02 -8.8361e-01 6.7578e+00
5627 -2.1630e+00 1.8462e+00 4.4933e+00
5628 4.4111e+00 -8.1001e+00 -6.8284e+00
5629 -1.4307e+00 -7.5686e+00 9.4898e+00
5630 -3.0773e+00 2.8273e-01 1.0705e+01
5631 -2.8413e+00 -3.5806e+00 -4.2155e+00
5632 -2.5035e+00 -3.8921e+00 1.9929e+00
5633 -3.6486e+00 5.3736e-01 -5.2907e+00
5634 -7.3996e+00 -4.0895e+00 3.8262e+00
5635 -3.4322e+00 -6.2131e-01 -9.3501e+00
5636 2.1524e-01 3.1968e+00 -6.8651e+00
5637 3.8675e+00 9.4197e+00 -8.5287e+00
5638 -2.6077e+00 -4.1250e+00 -9.2301e+00
5639 -6.0047e+00 3.5568e+00 1.5860e+00
5640 4.1300e+00 -1.4905e+00 5.2930e+00
5641 5.2354e+00 -7.9826e+00 3.5804e+00
5642 -1.9354e+00 5.3166e-01 1.2434e+01
5643 -6.2228e+00 -1.3128e+00 -9.2358e+00
5644 -5.7607e+00 2.6872e+00 1.6823e+01
5645 -3.7380e+00 -1.4644e+00 -3.1324e+00
5646 -1.0823e+00 -5.6704e-01 -9.0329e+00
5647 -4.9435e+00 2.5723e+00 -5.8102e+00
5648 -2.4735e+00 5.1500e+00 1.7341e+01
5649 -7.2889e+00 -2.7223e+00 1.8058e+01
5650 9.1455e-01 -2.9031e+00 1.8577e+01
5651 -2.3877e+00 -7.0272e-01 9.1691e+00
5652 -2.1692e-01 -3.1343e+00 1.7547e+01
5653 -2.3402e+00 -7.0416e-01 1.6375e+01
5654 -5.9549e-01 -3.2490e-01 1.8133e+01
5655 3.2447e+00 -5.6493e+00 1.7812e+01
5656 3.1658e+00 -7.0000e-01 1.0972e+01
5657 2.0797e+00 5.2079e+00 1.6263e+01
5658 -2.2125e+00 -1.3179e+00 -3.6837e+00
5659 -2.8148e+00 2.8759e+00 -8.8190e-01
5660 -1.7440e+00 6.0072e-01 2.5317e+00
5661 -3.1779e+00 -1.1980e+00 -1.6149e+00
5662 4.0720e+00 -6.9331e-01 -5.3538e+00
5663 -1.4618e+00 -4.5973e+00 7.6699e+00
5664 -3.7498e+00 1.9850e+00 5.0934e+00
5665 -1.7174e-01 1.9865e-01 4.3886e+00
5666 -6.9526e+00 -2.6455e+00 -8.8120e+00
5667 -2.9649e+00 3.6229e+00 -8.0267e+00
5668 -2.7107e+00 6.0683e-01 -8.7438e+00
5669 9.5941e-01 2.8638e+00 1.7140e+01
5670 -3.5483e-01 3.6496e+00 1.8572e+01
5671 1.2394e+00 3.7627e+00 1.5767e+01
5672 -5.4283e-01 7.1215e+00 1.8703e+01
5673 -2.6308e+00 9.9079e-01 1.7413e+01
5674 -3.5312e+00 8.3861e-01 1.6640e+01
5675 -1.8889e+00 9.9256e-01 1.7007e+01
5676 -2.6599e+00 -9.0835e+00 1.8687e+01
5677 -1.0587e+00 4.7682e+00 1.8404e+01
5678 -1.8928e+00 -3.5737e+00 1.8475e+01
5679 -3.0860e+00 1.2125e+00 1.8320e+01
5680 -3.9797e+00 1.1929e+00 1.5503e+01
5681 -2.8163e+00 7.9551e+00 1.2982e+01
5682 -1.3020e+00 3.5898e+00 1.6100e+01
5683 -6.7087e-01 2.9186e+00 1.8140e+01
5684 -5.8595e+00 -8.2886e-01 1.8576e+01
5685 -4.7528e+00 4.9582e+00 1.7224e+01
5686 6.6455e+00 8.9680e+00 1.8671e+01
5687 -3.2205e+00 2.7523e+00 1.8473e+01
5688 -6.7671e-01 1.4631e+00 1.6717e+01
5689 -4.3535e+00 6.3168e-01 1.7549e+01
5690 -5.3988e+00 5.4471e+00 1.7493e+01
5691 -2.9435e-02 2.0042e+00 1.7010e+01
5692 -2.4490e+00 6.2785e+00 1.8600e+01
5693 -8.1481e-01 1.5912e+00 1.8013e+01
5694 -7.8185e+00 5.3913e-01 1.3265e+01
5695 5.1370e-01 -1.3690e+00 1.6761e+01
5696 -6.2997e+00 -9.2058e-01 1.8314e+01
5697 -1.2324e+00 -2.6487e-01 1.7230e+01
5698 -8.2792e-01 9.8324e-01 1.7992e+01
5699 -6.0345e-01 -6.9370e-01 1.0207e+01
5700 5.9171e+00 1.6513e+00 1.8423e+01
5701 -2.5108e+00 4.0804e+00 1.8729e+01
5702 -1.7649e+00 1.7588e+00 1.8688e+01
5703 6.2720e-01 3.5885e+00 1.7488e+01
5704 -1.1296e-01 1.6847e+00 1.7868e+01
5705 -3.8414e+00 3.8094e+00 1.7230e+01
5706 -4.7743e+00 -7.4031e+00 1.8704e+01
5707 -3.7733e+00 2.3601e+00 1.7247e+01
5708 -2.5037e+00 -6.3772e+00 1.8438e+01
5709 -6.2329e-01 -4.7983e+00 1.7786e+01
5710 -3.0395e-01 -5.1504e+00 1.8111e+01
5711 -3.4229e+00 5.0629e+00 1.2786e+01
5712 1.1454e-03 -5.0297e+00 1.7096e+01
5713 -3.4616e-01 6.3408e+00 1.8525e+01
5714 -4.9660e+00 2.0967e+00 1.7105e+01
5715 1.6679e-01 -2.4873e+00 1.8776e+01
5716 -5.7137e+00 1.3977e+00 1.8371e+01
5717 -8.2784e-01 4.0281e+00 1.2674e+01
5718 8.2388e-01 -5.8867e+00 1.3993e+01
5719 -6.3743e+00 3.7345e+00 1.7237e+01
5720 1.4956e+00 4.2025e+00 1.8536e+01
5721 3.4550e-01 1.2919e+00 1.7905e+01
5722 -3.5822e+00 2.1076e+00 8.0059e+00
5723 -2.1278e+00 7.0219e-02 5.5179e+00
5724 4.4396e+00 -1.6581e+00 4.6905e+00
5725 -6.1779e+00 5.9372e+00 7.1845e+00
5726 1.4466e+00 4.0943e+00 -6.9773e+00
5727 -1.7245e+00 -8.4690e-01 2.8340e+00
5728 2.1269e+00 -4.0883e-01 1.0576e+01
5729 -1.0460e+00 3.1694e+00 -2.9435e+00
5730 -4.8085e+00 -2.7796e+00 -9.4884e-01
5731 -2.1204e+00 6.4742e-01 8.5357e+00
5732 -1.0355e-03 2.5788e+00 1.8591e+01
5733 -5.6966e+00 -3.0411e+00 6.3931e+00
5734 -3.0717e+00 8.6512e-02 7.6596e+00
5735 -1.1743e+00 1.5423e-01 7.1939e+00
5736 -3.4887e+00 2.5587e+00 4.5516e+00
5737 2.1785e+00 1.7421e+00 7.4189e+00
5738 -4.0635e-01 -1.3893e+00 1.0142e+01
5739 2.6686e+00 1.1836e+00 5.4518e+00
5740 4.8321e-01 -8.3719e-01 7.5273e+00
5741 -1.2839e+00 1.1611e+00 -1.3850e+00
5742 -5.3036e-01 3.4843e-01 6.6357e+00
5743 -3.7144e-02 -6.1931e+00 -6.4068e-01
5744 1.3307e+00 -2.6270e+00 1.0036e+01
5745 -6.2286e+00 -5.5428e+00 6.6531e+00
5746 2.4339e-01 1.6352e+00 5.2209e+00
5747 -7.0608e-01 5.5327e-01 1.0386e+01
5748 1.8331e+00 -1.5473e+00 9.2471e+00
5749 3.9393e-01 -2.7956e+00 1.0409e+01
5750 1.3558e-01 2.9358e+00 -3.9089e+00
5751 -2.5960e+00 2.9362e+00 -6.5182e+00
5752 -1.5075e+00 2.1446e+00 1.6583e+01
5753 -1.8127e+00 -1.6731e+00 1.8368e+01
5754 -4.5752e+00 1.0669e+00 -5.6136e+00
5755 -5.0779e+00 7.6772e-01 3.2456e+00
5756 6.3328e-01 5.1401e-01 1.5859e+00
5757 -2.3389e+00 -5.0252e-01 2.4119e+00
5758 -5.6509e+00 2.3681e+00 6.2291e+00
5759 -2.9452e+00 2.9520e+00 3.2325e+00
5760 -3.7171e+00 -7.9110e+00 -8.3966e+00
5761 -4.7812e+00 4.7585e+00 -9.2298e+00
5762 1.6179e+00 2.9569e+00 -9.3025e+00
5763 -8.9064e-02 3.5432e+00 -9.1951e+00
5764 -5.1814e-01 3.0109e+00 2.1737e+00
5765 -1.4601e+00 5.8837e+00 -7.9108e+00
5766 -2.9937e+00 -1.9507e-01 -9.3250e+00
5767 -1.0325e+00 -3.5347e+00 -8.6241e+00
5768 1.5753e+00 1.6086e+00 -8.4285e+00
5769 -4.2284e+00 3.0834e-01 -2.7072e+00
5770 -2.9466e+00 -3.9680e+00 2.5781e+00
5771 -4.0503e+00 5.8186e-01 7.0320e+00
5772 -2.6394e+00 -6.6869e-01 8.2780e+00
5773 1.3144e+00 -4.3676e+00 3.6058e+00
5774 -3.9787e+00 -6.3770e+00 5.9193e+00
5775 2.2364e+00 -2.1595e+00 9.6321e+00
5776 3.0091e+00 3.6223e+00 8.6154e+00
5777 -3.8465e+00 6.3320e+00 7.5424e+00
5778 4.2903e+00 -1.2796e+00 6.7588e+00
5779 -1.6641e-01 -9.1042e-01 -9.3167e+00
5780 -3.9178e+00 5.5021e+00 1.2075e+01
5781 -3.8027e+00 -5.5449e+00 1.1020e+01
5782 -1.7013e+00 9.0347e-01 9.5140e+00
5783 -1.4943e+00 -1.7606e+00 1.0394e+01
5784 -3.5288e-01 2.3342e+00 -1.0620e+00
5785 5.8027e-02 2.4862e+00 9.0727e+00
5786 -4.0438e+00 1.7648e+00 6.4713e+00
5787 4.0297e-01 8.8973e+00 4.2259e+00
5788 -1.3735e+00 1.0791e-01 1.2627e+00
5789 1.6334e+00 5.0488e+00 9.0689e+00
5790 1.2791e+00 5.1534e+00 6.8739e+00
5791 -1.5784e+00 1.6890e+00 8.0638e+00
5792 1.7169e+00 6.0761e-02 6.3722e+00
5793 4.5244e+00 4.1771e+00 -7.8779e+00
5794 2.5832e+00 1.3531e+00 2.9209e+00
5795 -4.1472e+00 9.3893e-01 3.7421e+00
5796 -1.3767e+00 4.7763e+00 -2.5133e-01
5797 5.0100e-01 -1.5826e+00 -1.3957e-01
5798 7.1341e+00 2.2960e+00 7.2601e+00
5799 -4.4847e+00 -2.4550e+00 6.7369e+00
5800 -4.9797e-01 -5.7261e+00 7.6868e+00
5801 -4.2410e+00 8.4797e-01 9.7516e+00
5802 -3.0273e+00 3.7485e+00 -7.7181e+00
5803 -4.2967e+00 1.5760e+00 7.9686e-01
5804 -1.9452e+00 1.0495e+00 6.5696e+00
5805 1.7403e+00 -2.5831e+00 7.7148e-01
5806 1.2754e+00 -3.1570e+00 6.7016e+00
5807 1.5954e+00 -1.2887e+00 8.7362e+00
5808 -3.0917e+00 -6.5760e+00 4.9823e+00
5809 -4.4960e+00 -5.4458e+00 -2.0557e+00
5810 -8.4533e-01 -7.2132e+00 -5.3297e-01
5811 -4.4218e+00 -2.3681e+00 2.6451e+00
5812 2.1229e+00 4.7102e+00 1.8749e+00
5813 1.1015e+00 5.8512e+00 -9.1305e-01
5814 3.5665e-01 3.8293e+00 1.5930e+00
5815 6.7415e-01 6.0049e-01 6.4968e+00
5816 2.9884e-02 3.0583e+00 4.9369e+00
5817 6.5711e-01 -5.9814e+00 1.5250e+00
5818 -8.8355e-01 6.9652e+00 1.1020e+01
5819 -4.7607e+00 5.7884e-01 4.1883e+00
5820 -3.1739e+00 4.4427e+00 8.3285e+00
5821 -5.0686e+00 2.3423e+00 7.5140e+00
5822 -1.9413e-01 -1.5095e+00 7.9201e+00
5823 -4.2930e+00 -5.9662e-01 4.2521e+00
5824 -1.3790e+00 -4.2248e+00 5.6605e+00
5825 3.7341e+00 3.7107e+00 4.1102e+00
5826 -1.7104e+00 1.5302e+00 5.6688e+00
5827 9.9866e-01 4.3598e+00 8.3853e+00
5828 4.4003e-01 6.4299e-01 4.7073e+00
5829 -4.0115e+00 -8.3643e+00 -2.1053e+00
5830 -3.6446e+00 6.6927e-01 -7.5369e+00
5831 -7.7921e+00 -8.4852e-01 -2.7274e+00
5832 4.0366e-01 9.8675e-01 -9.5128e-01
5833 -2.7768e+00 3.8929e+00 -4.3147e+00
5834 -4.8589e+00 -6.5990e+00 -3.7659e-01
5835 -2.7583e+00 9.0846e-01 1.2634e-01
5836 9.6855e-01 -2.8126e-01 -5.0990e+00
5837 -9.6592e-01 2.8954e+00 -4.5094e+00
5838 -5.9829e-01 -3.8427e+00 2.1110e-01
5839 1.9416e+00 -4.3973e+00 -2.7990e+00
5840 3.5706e+00 2.7594e+00 -1.0022e+00
5841 -2.8005e+00 1.1358e+00 2.6370e+00
5842 -1.3953e+00 -6.4172e+00 5.0335e+00
5843 -5.3749e+00 -4.9179e+00 8.4442e+00
5844 -1.4488e+00 3.2768e+00 2.1213e-01
5845 -4.7341e+00 -1.1310e+00 -6.6945e+00
5846 -2.9593e+00 -8.3033e+00 4.4298e+00
5847 -3.3443e+00 -5.6937e+00 -2.3541e+00
5848 9.0228e-01 -9.3874e+00 1.0376e+00
5849 2.4551e+00 8.1674e-01 6.9286e+00
5850 -5.0397e+00 -2.9678e+00 -6.0294e+00
5851 1.4275e+00 -8.8885e+00 -3.7767e+00
5852 -1.9374e+00 -2.2341e+00 -2.4997e+00
5853 2.7076e+00 4.1631e-01 5.1667e+00
5854 -4.9381e+00 2.6962e-01 -6.6957e+00
5855 -3.1300e+00 -8.5137e+00 -2.2426e+00
5856 3.7082e-01 5.6619e+00 1.8324e+00
5857 2.6247e+00 -4.9264e+00 -6.4720e+00
5858 4.7263e-02 -5.7445e+00 1.2387e+00
5859 -2.8783e+00 -5.5175e+00 4.2439e+00
5860 -1.1778e+00 -9.8278e-01 -4.1536e+00
5861 -3.0388e-01 -1.8098e+00 -6.4773e+00
5862 4.9896e-01 -2.8925e+00 1.0764e+00
5863 -5.8864e-01 -9.2131e+00 -2.1950e+00
5864 -2.4453e+00 -2.8571e+00 3.4953e+00
5865 -2.9642e+00 -5.6858e+00 5.5125e+00
5866 2.7775e-01 -7.8521e+00 -4.0974e+00
5867 -4.2493e+00 3.8516e+00 -7.4043e+00
5868 4.5108e+00 1.5687e-02 2.2789e+00
5869 4.2735e+00 1.5432e+00 -2.1286e+00
5870 -2.9767e+00 2.9856e+00 4.9387e+00
5871 -1.0961e+00 2.2392e+00 2.9090e+00
5872 -2.1734e+00 2.7191e+00 6.1642e+00
5873 1.5865e+00 -6.6116e+00 5.1542e+00
5874 -3.8221e+00 -1.4852e+00 2.4218e-01
5875 -4.5143e+00 4.1342e+00 4.6199e-01
5876 -2.4285e+00 3.0958e+00 -3.7118e+00
5877 7.6129e+00 -1.3409e+00 4.7958e-01
5878 -3.7663e+00 4.8646e+00 -1.3826e-01
5879 1.3041e+00 3.9252e-01 -5.3990e+00
5880 2.2947e+00 -3.7325e+00 1.3937e-01
5881 -9.2989e-02 8.1507e+00 6.8737e+00
5882 -3.1215e+00 -3.2213e-01 5.8347e+00
5883 -2.1922e+00 8.7660e-01 1.1090e+00
5884 3.3871e+00 3.2486e+00 1.8240e+00
5885 -5.6552e-01 -1.6122e-01 5.0404e+00
5886 -1.5430e+00 -1.9188e+00 2.6559e-01
5887 1.0561e+00 -2.3066e+00 -4.3097e+00
5888 -2.0478e+00 1.0001e+00 3.5428e+00
5889 3.0665e-02 -4.5138e+00 -5.4121e+00
5890 1.6240e+00 -1.0282e+00 6.7945e+00
5891 -3.0048e+00 -4.4651e+00 2.2337e+00
5892 2.6258e+00 -1.3291e+00 2.8065e+00
5893 2.5724e+00 -2.1935e+00 1.2499e+00
5894 1.8317e-01 -2.2519e+00 1.6368e+00
5895 -3.9343e+00 -6.4226e+00 -6.0080e+00
5896 6.1174e-01 -5.4894e-01 4.4946e+00
5897 -4.8715e+00 -2.8909e+00 1.3920e+00
5898 -8.9160e-01 2.8736e+00 -4.1527e+00
5899 -3.6560e+00 1.6419e+00 -2.0776e+00
5900 2.4096e+00 -7.6598e-01 7.1652e+00
5901 1.2784e+00 4.9025e+00 2.4597e+00
5902 -7.8802e+00 -9.0118e+00 3.8693e+00
5903 -4.5981e+00 -3.4456e+00 6.1648e-01
5904 1.1498e+00 -8.7790e+00 6.7829e+00
5905 -1.7920e+00 -5.9954e+00 7.2342e-01
5906 -4.4401e+00 -3.0745e-02 -2.9107e+00
5907 -1.0517e+00 2.0446e+00 -8.1027e+00
5908 -3.1367e+00 -8.1722e+00 -8.3285e+00
5909 -3.4429e+00 8.2993e-01 -1.3385e+00
5910 -6.0968e+00 -6.8791e-01 -4.1763e+00
5911 -2.1946e-03 -9.0716e+00 6.3832e+00
5912 -3.8732e+00 -5.0570e+00 -1.4188e+00
5913 -7.7729e+00 9.0054e-01 -7.6984e+00
5914 1.0250e-01 -2.9198e+00 -3.6684e+00
5915 -9.3314e-01 -2.8055e+00 -4.6333e+00
5916 -4.2581e+00 3.5824e-03 -8.0566e+00
5917 -1.7393e+00 -1.8498e+00 5.1378e+00
5918 -5.9104e+00 -1.6737e+00 3.5803e+00
5919 -1.7517e+00 3.7785e+00 5.8049e+00
5920 -3.7496e+00 1.8487e+00 4.5951e+00
5921 3.8668e+00 1.5009e+00 -8.8666e-01
5922 2.9964e-01 -1.7979e+00 4.1020e+00
5923 -4.1142e+00 2.4770e+00 -4.5613e+00
5924 1.6472e+00 -3.9388e+00 -4.6617e-01
5925 2.7291e+00 1.5418e+00 -3.9826e+00
5926 2.2032e+00 6.0097e-01 -4.3233e+00
5927 -1.0605e+00 2.9137e+00 1.0303e+01
5928 -3.7807e-01 3.6247e-01 -4.4255e+00
5929 -1.8178e+00 -8.0536e+00 -6.4801e-01
5930 2.4444e+00 -5.7837e+00 2.8856e+00
5931 -3.1083e+00 -1.5247e+00 -2.1789e+00
5932 -6.3525e+00 -6.1815e+00 -1.3703e+00
5933 -1.8279e+00 -3.5572e+00 5.6691e+00
5934 -2.5925e-01 -6.2197e+00 5.0404e+00
5935 -1.7940e-01 -1.1330e+00 7.4225e+00
5936 3.1128e+00 -6.3209e+00 -4.3194e+00
5937 -3.4529e+00 -1.4060e+00 -3.4540e+00
5938 -6.2724e+00 -3.1751e-01 -5.4884e+00
5939 -5.4537e+00 -8.6204e+00 2.1740e+00
5940 -2.2819e+00 1.1611e+00 7.1763e+00
5941 -2.0365e+00 -4.8113e+00 4.2482e+00
5942 -8.4008e-01 -4.7898e+00 -6.0053e+00
5943 1.8778e-01 -7.0489e+00 3.4492e-02
5944 -3.7135e+00 2.0256e+00 -1.0468e+00
5945 2.8926e+00 -2.5722e+00 -2.9037e+00
5946 -2.4975e+00 -2.0556e+00 5.9456e-02
5947 8.3262e-01 -1.2450e+00 4.5315e+00
5948 -1.8737e+00 -3.4668e+00 4.7402e+00
5949 -2.4205e+00 -1.0634e+00 8.2473e+00
5950 -5.7691e+00 -9.3762e+00 4.6525e+00
5951 -5.7801e-03 3.9830e+00 -5.2474e+00
5952 4.6621e+00 -5.4249e+00 5.0023e+00
5953 1.9512e+00 5.3552e-01 4.1843e+00
5954 -5.3216e-01 -5.5702e+00 1.2249e+00
5955 -2.0012e+00 7.5728e-01 1.6892e+00
5956 -2.3637e+00 3.4525e+00 4.9340e+00
5957 -4.1629e+00 -5.7367e+00 -5.8452e+00
5958 3.7334e+00 -6.9525e-01 9.3392e+00
5959 1.1013e+00 -5.3616e+00 -5.6395e-01
5960 3.7518e+00 -9.2610e+00 5.3902e+00
5961 -6.6897e-01 -4.9521e+00 -5.1208e+00
5962 -3.4514e-01 -1.4214e+00 -1.1672e+00
5963 -5.3780e-02 -4.4122e+00 -1.9647e+00
5964 -4.0548e+00 5.6924e+00 -8.7808e+00
5965 -6.1593e+00 2.4174e+00 8.0022e+00
5966 -2.8068e+00 -5.6832e+00 5.5652e+00
5967 -2.9944e+00 -9.2428e+00 8.7299e+00
5968 8.7771e-01 -4.0864e-01 4.8076e+00
5969 -1.1839e+00 4.6681e+00 -3.2754e+00
5970 -3.2838e+00 -5.0269e+00 5.3771e+00
5971 -2.7911e+00 -4.8293e+00 -4.0805e+00
5972 -1.8306e+00 -4.6146e+00 -7.8746e+00
5973 1.4792e-01 2.8242e+00 1.2197e+00
5974 7.4340e-01 -7.8773e+00 -9.1084e+00
5975 -1.1956e+00 -5.6406e+00 -4.2939e+00
5976 -1.4200e+00 -7.2194e+00 -4.6139e+00
5977 -3.4597e-01 -7.6540e+00 -5.4832e+00
5978 -7.3790e+00 -3.3051e+00 -5.7205e+00
5979 -6.2275e+00 -4.0354e+00 5.2371e+00
5980 -3.4837e+00 3.8207e+00 -1.6958e+00
5981 -5.6072e+00 -7.0023e+00 -4.4679e-01
5982 -4.2762e+00 -9.1445e-01 -5.5121e+00
5983 -6.0440e+00 3.4547e+00 -3.7639e+00
5984 -2.6057e+00 -5.5296e+00 7.0317e+00
5985 -1.2383e+00 -4.3660e+00 5.8037e+00
5986 3.4528e+00 -6.6030e+00 -4.5580e+00
5987 7.6093e-01 -6.5233e+00 -4.0130e+00
5988 7.3881e-02 -5.5993e-02 2.7377e+00
5989 -1.3529e+00 -2.6128e+00 -1.4127e+00
5990 -4.2057e+00 -2.5104e+00 -5.7672e+00
5991 1.2598e+00 -7.6728e-01 2.0990e+00
5992 -6.0977e+00 -9.2460e+00 -3.4041e+00
5993 1.3103e+00 -1.3071e+00 9.7675e+00
5994 -8.0719e+00 -8.5749e+00 1.4340e+00
5995 -3.3981e-01 -2.1765e+00 3.8776e+00
5996 -2.0321e+00 2.9502e+00 1.2715e-01
5997 1.7391e+00 9.1033e-01 -9.5897e-01
5998 4.3226e-01 -2.6459e+00 -4.1188e-01
5999 -3.8403e+00 3.3368e+00 2.9743e-01
6000 -1.9009e+00 -6.8747e+00 -1.0636e+00
6001 -2.2515e+00 1.6494e+00 9.2781e-01
6002 5.3001e+00 -9.3863e+00 1.7597e+00
6003 -1.3684e+00 -4.4215e+00 6.6383e-03
6004 2.3809e+00 3.4043e-02 1.3966e+00
6005 -3.6519e+00 -9.2827e+00 -4.2679e+00
6006 -1.1302e+00 -3.3604e+00 7.4690e+00
6007 -4.3787e+00 -6.3818e+00 -2.1831e+00
6008 -4.1568e-01 -2.3740e+00 -5.1031e+00
6009 -2.0714e+00 2.0392e+00 1.3974e+00
6010 -3.6620e+00 2.5378e-01 3.7539e+00
6011 1.3078e+00 -3.6309e+00 -8.1413e+00
6012 -1.4661e+00 -1.4480e+00 -2.2951e+00
6013 -1.3616e+00 -3.0444e+00 1.9377e+00
6014 -1.6377e+00 -9.7797e-01 -3.6609e+00
6015 -3.5850e+00 -7.6296e+00 3.1357e+00
6016 -5.2553e+00 -2.5143e+00 -4.0093e+00
6017 -1.3153e+00 -6.9170e+00 -6.8224e+00
6018 2.2339e+00 -5.8084e-01 8.5796e+00
6019 -8.9108e-01 1.7839e+00 8.5930e+00
6020 -6.9197e+00 2.3237e-01 -1.7055e+00
6021 2.3813e+00 -6.1904e+00 -2.1940e-01
6022 3.6336e-01 3.5949e+00 -8.4535e-01
6023 -6.5200e+00 -1.0829e-01 2.0391e-01
6024 -3.6324e+00 -7.4015e+00 -2.8603e-01
6025 -1.2855e+00 -1.6731e+00 -1.0275e-02
6026 -4.8765e+00 1.9861e-01 -1.8423e+00
6027 -4.4931e+00 2.1313e+00 -6.5080e+00
6028 -1.3446e+00 1.7009e-01 -7.9421e+00
6029 -3.7002e+00 8.8669e-01 2.5352e+00
6030 -7.4529e+00 1.3913e-01 5.6870e+00
6031 -5.2503e+00 -1.6803e+00 -3.0063e+00
6032 -2.2484e+00 1.0633e-01 8.0410e+00
6033 -2.8527e+00 -1.4522e+00 1.0325e+01
6034 -2.2669e+00 1.7246e+00 4.6801e+00
6035 -1.4594e+00 -9.3743e+00 9.3227e+00
6036 2.5345e+00 -2.5481e+00 5.6739e+00
6037 1.0259e+00 4.1865e-01 8.2044e+00
6038 -1.8635e-01 -2.3433e+00 9.0435e+00
6039 1.3709e+00 -2.1799e+00 4.0412e+00
6040 9.9939e-01 -7.6141e+00 4.4610e+00
6041 -5.4283e+00 -2.0156e+00 6.5910e+00
6042 -2.5151e+00 -7.3060e-01 3.6316e+00
6043 -2.2832e+00 2.9970e-01 4.2891e+00
6044 1.2428e+00 -4.3858e+00 8.5773e+00
6045 -1.6277e-01 -4.3349e+00 3.0352e+00
6046 1.1202e+00 -5.5141e+00 1.2219e+00
6047 -1.2631e+00 -3.4542e+00 7.7780e+00
6048 -1.7116e+00 1.7541e+00 1.6845e+00
6049 1.9169e+00 -5.9284e+00 2.0348e+00
6050 -8.2119e-01 3.1880e+00 -6.3705e+00
6051 4.4425e+00 -2.9651e+00 -4.5142e+00
6052 1.7391e+00 -1.8988e-02 7.3465e+00
6053 -9.4171e-03 -3.2068e+00 4.9346e+00
6054 7.5025e-01 2.8227e+00 3.7970e+00
6055 -6.5393e+00 -2.1892e+00 6.1421e-01
6056 -4.6744e+00 -4.6651e+00 1.2898e+00
6057 6.6860e-01 -7.5899e+00 -2.7966e+00
6058 -2.9144e-01 9.1503e-01 1.1545e+00
6059 -1.1797e+00 7.7934e-01 3.2775e+00
6060 2.6568e+00 -4.9896e+00 7.7623e+00
6061 8.6184e+00 -2.4796e+00 5.3891e-01
6062 2.8031e+00 -3.9486e+00 6.6261e+00
6063 6.1920e-01 -3.4460e+00 -8.6482e-01
6064 -1.6952e+00 8.1754e+00 5.7295e+00
6065 -5.2763e+00 -5.0253e+00 4.5688e+00
6066 -1.2709e+00 -1.2091e+00 -6.4974e+00
6067 8.0886e-01 6.1818e-01 4.8356e+00
6068 -2.6858e-01 -6.6740e+00 -2.5931e+00
6069 -2.7395e-02 -5.7193e+00 5.7221e+00
6070 3.8582e+00 -8.1308e+00 3.7208e+00
6071 -7.0789e+00 -1.4316e+00 8.6120e+00
6072 -3.1693e+00 -2.0111e-01 5.6242e+00
6073 -3.3647e+00 1.9324e+00 3.1581e+00
6074 -2.2417e+00 -1.5314e-01 1.7000e+00
6075 8.6257e-01 -2.5887e-01 5.2042e-01
6076 -1.1570e+00 -2.9961e+00 6.6730e-01
6077 3.6567e+00 -2.0086e+00 -3.7183e+00
6078 2.6332e+00 -4.6212e+00 -5.8796e-01
6079 -2.6057e+00 -5.4702e+00 9.7943e+00
6080 -2.8749e+00 3.1694e+00 5.4016e+00
6081 -9.3842e-01 -4.4357e+00 -1.4614e+00
6082 1.4418e+00 8.4245e-01 5.2783e-01
6083 -4.3252e+00 -4.3137e+00 3.5796e+00
6084 -7.4091e+00 2.4150e+00 8.2208e+00
6085 1.1037e+00 -6.1954e-01 4.1924e+00
6086 -9.6735e-01 -4.5231e+00 4.3914e+00
6087 6.5366e-01 -1.2597e+00 2.1153e+00
6088 -1.0170e+00 -8.7702e-01 4.8447e-01
6089 6.2487e-01 -1.9593e+00 7.2786e+00
6090 -2.8612e+00 2.0848e+00 5.1362e+00
6091 -1.3181e+00 -4.3195e+00 6.1551e+00
6092 2.0796e+00 -3.1528e+00 6.7827e+00
6093 -1.4654e+00 5.9058e-01 2.8871e+00
6094 -2.9919e+00 -3.8834e+00 8.3320e+00
6095 -3.4773e+00 -6.6155e-01 7.2908e+00
6096 -1.9642e-01 -1.3365e+00 3.6127e+00
6097 -7.4235e+00 9.3347e-01 8.4284e+00
6098 -5.5682e-01 1.1088e+00 4.3867e+00
6099 -3.1746e-01 -4.1913e+00 7.5497e+00
6100 -4.9518e+00 1.3747e+00 -1.6516e+00
6101 -5.4339e+00 4.4903e+00 3.4968e+00
6102 -5.6493e+00 -2.3334e+00 1.9927e+00
6103 2.7608e+00 -4.2381e+00 9.6662e+00
6104 1.2916e+00 2.9749e+00 8.3707e+00
6105 5.6867e+00 2.7779e+00 7.1680e-02
6106 -9.8637e-01 -3.7641e+00 6.1108e+00
6107 -2.6358e+00 -2.1490e-01 4.0377e+00
6108 3.1899e+00 -5.8700e-01 1.1576e+01
6109 1.5896e+00 3.1913e+00 2.6336e+00
6110 1.6490e+00 8.5334e-01 4.7461e-01
6111 1.8783e+00 -5.7446e-01 4.4453e+00
6112 -2.1347e+00 -1.3303e+00 1.2123e+00
6113 3.0773e+00 -4.9905e+00 1.7113e+00
6114 -4.8156e+00 -3.9023e+00 -5.1397e+00
6115 -2.1104e+00 -3.7095e+00 7.5320e+00
6116 -3.5483e+00 -7.1244e+00 -2.2892e+00
6117 8.8759e-01 2.3772e+00 6.3481e+00
6118 -2.3598e+00 -1.6692e+00 8.7035e+00
6119 -4.9509e+00 1.8435e+00 2.1023e+00
6120 3.6929e-01 -3.7224e+00 4.0189e+00
6121 1.4007e+00 -1.6143e-01 2.7237e+00
6122 -4.4201e+00 -1.6013e+00 8.1253e+00
6123 1.4680e+00 -2.5302e+00 3.7131e+00
6124 -2.3330e+00 -1.9831e+00 8.8126e+00
6125 2.2055e+00 -2.2169e+00 2.2162e+00
6126 2.3394e+00 1.8848e+00 1.8598e+00
6127 -2.2491e+00 -4.1507e+00 4.4457e+00
6128 -4.1392e+00 7.0943e-01 4.7099e+00
6129 9.5918e-02 5.8466e+00 6.3184e+00
6130 -2.4778e+00 6.6395e-01 2.8894e+00
6131 -1.7953e+00 -1.1890e+00 3.9183e+00
6132 5.0731e-01 9.9539e-01 2.5169e+00
6133 -9.0645e-01 -3.7252e+00 3.7919e+00
6134 2.1938e+00 -4.2187e+00 3.7839e+00
6135 -5.2274e+00 -3.3568e+00 5.1939e-01
6136 -1.2234e+00 1.8392e+00 2.8736e+00
6137 -4.2455e+00 -2.3056e+00 3.7086e+00
6138 4.6948e+00 -2.7220e+00 -2.2106e+00
6139 -3.7060e+00 -2.6367e+00 5.3340e+00
6140 1.8529e+00 -4.5862e+00 4.6429e+00
6141 -1.0681e+00 -2.0756e+00 6.7059e+00
6142 -4.2961e+00 -5.2328e+00 7.3115e+00
6143 -4.3673e+00 -9.2600e-02 5.2808e+00
6144 -3.8753e+00 -5.1065e+00 3.7197e+00
6145 -1.4732e+00 -3.1887e-01 2.2742e+00
6146 -5.7850e+00 -8.8822e+00 3.5891e+00
6147 3.8332e+00 -1.2957e+00 2.4644e+00
6148 -2.3966e+00 -2.8534e+00 2.4880e+00
6149 -2.3171e+00 -4.3810e+00 9.7042e+00
6150 1.9408e+00 -1.3934e+00 4.5399e+00
6151 1.3751e+00 -6.2869e+00 2.1806e+00
6152 -2.2682e+00 -2.9242e-01 5.1937e+00
6153 -3.9629e+00 -3.4096e+00 -8.8181e-01
6154 2.3534e+00 -5.7197e+00 1.1243e+00
6155 -5.7447e+00 -1.1414e+00 5.5009e+00
6156 -3.1487e+00 1.7342e+00 7.3134e-02
6157 -1.5739e-01 -4.7334e+00 7.4495e-01
6158 3.6852e-01 -4.3442e+00 1.6813e+00
6159 -3.2264e+00 -8.2894e+00 -7.3827e-01
6160 3.9588e+00 -6.5993e+00 -5.4148e-02
6161 -2.8040e+00 -8.7155e+00 -1.0057e+00
6162 2.9189e+00 -4.2249e+00 6.0068e+00
6163 -4.0476e-01 1.1672e+00 -7.2779e-02
6164 -2.6361e+00 -7.7378e+00 8.3643e-01
6165 3.0048e-01 -2.1177e+00 1.9420e+00
6166 -7.4427e-01 1.2146e-02 2.8327e+00
6167 4.0804e+00 -6.7670e-01 4.9822e+00
6168 -1.7801e+00 -1.9061e+00 4.6217e+00
6169 3.3340e+00 4.1441e+00 4.1280e+00
6170 -6.3664e-01 -2.6540e+00 6.1745e+00
6171 1.2530e+00 -1.4260e+00 4.7764e+00
6172 -4.1205e+00 -5.5628e+00 4.7897e+00
6173 -4.4993e+00 6.9405e-01 6.8167e+00
6174 -1.3828e+00 -3.3209e+00 3.8456e+00
6175 1.2237e+00 1.5501e+00 5.6124e+00
6176 -1.2923e-01 3.1837e+00 7.6008e-01
6177 1.5468e+00 -2.1473e+00 3.1625e+00
6178 3.3379e+00 -1.2025e+00 -2.1427e+00
6179 -6.3694e+00 -5.0659e-01 -5.6445e-01
6180 2.5218e+00 8.0639e-01 1.1679e+01
6181 -4.1179e+00 3.2029e-01 7.5972e+00
6182 -2.9788e+00 -5.6103e+00 5.6864e+00
6183 2.1652e-01 -2.6305e-01 6.1508e+00
6184 4.5982e-01 5.2101e-01 4.9739e+00
6185 8.4517e-01 -4.7372e-01 7.0159e+00
6186 -2.5891e+00 -3.3246e+00 3.1729e-02
6187 5.2882e-01 3.1653e-01 4.8767e+00
6188 4.6474e+00 -2.4013e+00 3.5548e+00
6189 5.4541e-02 4.2905e+00 1.3613e+00
6190 1.1557e+00 5.0306e+00 2.4340e+00
6191 -1.2065e+00 -8.0684e-01 1.0725e+01
6192 -3.0926e+00 -5.7224e+00 -3.5178e+00
6193 -1.3705e+00 -3.9422e+00 4.7715e+00
6194 -3.1639e+00 -6.9783e-01 4.4441e-01
6195 -1.1557e+00 -2.3031e+00 6.6092e+00
6196 -3.2063e+00 -3.9748e+00 3.7601e+00
6197 -1.0331e+00 -2.9720e+00 2.6403e+00
6198 3.6969e+00 -3.8790e+00 -4.9522e-02
6199 -6.6655e+00 1.2657e+00 1.8690e+00
6200 1.7060e+00 -3.0733e+00 4.4122e+00
6201 3.4642e-01 -5.2177e+00 -2.9749e+00
6202 -5.9302e+00 -1.5806e+00 -6.0751e-01
6203 -4.2238e+00 1.1765e+00 9.7801e+00
6204 -5.7555e+00 -3.1249e+00 8.5428e+00
6205 4.6121e+00 1.7836e+00 2.2085e+00
6206 -2.5769e+00 -3.5518e+00 -1.6433e+00
6207 3.1673e+00 -4.8437e+00 -7.9845e-01
6208 -1.9253e+00 -3.9267e+00 6.9189e+00
6209 1.3809e+00 -6.4830e-01 3.6339e+00
6210 5.2650e+00 2.7621e+00 -2.5380e+00
6211 4.4601e-02 1.4509e-01 3.8950e+00
6212 2.0732e-02 -4.1982e+00 8.1681e+00
6213 4.2589e-01 -3.9844e+00 -1.5404e+00
6214 -1.5046e+00 1.5853e+00 3.9640e+00
6215 -2.7118e+00 -4.1801e+00 4.6603e+00
6216 -1.3868e+00 8.9923e-01 8.3450e+00
6217 -3.0784e+00 6.7484e-01 3.2394e+00
6218 -4.9110e+00 -3.1073e+00 3.6302e+00
6219 1.1647e+00 -4.1826e+00 -1.0356e+00
6220 -5.2106e+00 4.0047e-01 3.4805e+00
6221 -3.7981e+00 5.4046e+00 9.3247e+00
6222 -2.7691e+00 -5.5241e-01 5.2994e+00
6223 -2.6945e+00 -7.5819e+00 2.2382e+00
6224 5.5471e-01 -5.6252e+00 2.9517e+00
6225 -2.2150e+00 -2.0739e+00 1.3547e-01
6226 2.9835e+00 -2.1841e+00 1.0613e+01
6227 6.9427e-01 1.3080e+00 2.1014e+00
6228 2.9428e+00 6.2961e-01 2.6751e+00
6229 -3.6902e+00 -2.5783e+00 -1.3699e+00
6230 -1.6290e-01 4.7394e-02 4.3325e+00
6231 -5.6898e+00 -1.6313e+00 6.1759e+00
6232 1.1663e+00 -1.4022e+00 1.0737e+01
6233 -8.0436e-01 5.9239e-01 8.8076e+00
6234 1.1126e+00 -1.0505e+00 6.6886e+00
6235 -3.9445e+00 -1.6793e+00 -3.6545e-01
6236 -3.3447e-01 -1.7915e+00 4.4080e+00
6237 -3.7011e+00 -1.6820e+00 2.9623e+00
6238 -7.2716e-01 -7.4018e+00 -2.6791e-02
6239 4.4614e+00 7.5603e-01 -1.9169e+00
6240 -6.4273e+00 -3.8076e+00 1.3633e+00
6241 -2.3253e+00 2.3241e-01 3.3651e+00
6242 6.8695e-01 -4.9837e+00 -1.0521e+00
6243 -3.7958e+00 -5.8806e+00 -2.3008e+00
6244 -4.3933e+00 4.3866e-01 7.6878e+00
6245 -3.8003e+00 -4.3833e+00 -1.2390e+00
6246 -1.0460e+00 -4.0641e+00 3.1525e-01
6247 -2.6573e+00 -3.6076e+00 8.1425e+00
6248 2.1507e+00 2.0623e+00 9.9114e+00
6249 6.3350e+00 -5.1307e+00 -2.6009e+00
6250 1.9817e+00 -4.2030e+00 -9.3765e-01
6251 -4.3117e+00 -2.3889e-02 4.8085e+00
6252 5.9858e+00 -7.6424e+00 -3.3251e-01
6253 -3.0840e+00 1.3542e+00 7.3826e+00
6254 -4.3616e+00 3.9332e+00 5.1107e+00
6255 -1.4364e+00 -1.1983e+00 4.9531e+00
6256 -6.6583e-01 5.0922e+00 8.1900e+00
6257 -3.8593e+00 -2.1504e+00 -5.6739e-01
6258 -3.7261e+00 -3.3610e+00 -1.6539e+00
6259 -3.1517e+00 2.9864e+00 1.0446e+01
6260 1.0808e-01 -2.8221e+00 -4.1526e-01
6261 -4.6324e+00 2.1747e+00 2.7007e+00
6262 3.7662e+00 2.0581e+00 -4.6353e+00
6263 -3.3893e+00 -3.0442e+00 -1.4361e-01
6264 -5.2764e+00 3.3798e+00 1.6619e+00
6265 -2.4264e-01 3.8721e+00 -2.2722e+00
6266 1.9044e+00 -6.0438e-01 1.0248e+00
6267 -2.0096e+00 -3.9650e+00 4.1455e+00
6268 -6.1635e+00 -1.7284e+00 6.6257e+00
6269 -1.0143e+00 -1.7782e+00 1.2838e+01
6270 2.6945e+00 -2.6281e+00 4.8777e+00
6271 -2.1269e+00 -2.1765e+00 4.8769e+00
6272 -3.0585e+00 4.7349e+00 7.8745e+00
6273 -2.9322e+00 -2.0437e+00 -9.4872e-01
6274 3.6432e+00 -4.4261e+00 9.7061e+00
6275 -3.0438e+00 1.5031e+00 1.4373e+00
6276 -5.6913e+00 1.1621e+00 3.6459e-01
6277 -7.1778e-01 -4.9619e+00 -1.0623e+00
6278 -4.1248e-01 1.1756e+00 8.5346e+00
6279 9.9257e-01 -8.3671e-01 4.1074e+00
6280 7.0195e-01 -5.5383e+00 1.2424e+00
6281 1.8842e+00 -2.8660e+00 6.6692e+00
6282 -1.1747e+00 -1.2642e+00 6.3391e+00
6283 -2.6842e+00 7.2735e+00 6.7156e+00
6284 1.2697e+00 -2.3804e+00 2.8712e+00
6285 2.3610e+00 5.7593e+00 4.2053e+00
6286 1.6145e+00 -4.4849e+00 3.8741e+00
6287 8.1142e-01 -1.7596e+00 8.6433e-01
6288 -5.5641e+00 -6.0853e+00 3.8590e+00
6289 -1.4017e+00 2.3737e+00 -7.8420e-01
6290 3.8502e+00 1.9648e+00 4.6943e-01
6291 -1.4883e+00 -2.6539e+00 1.0109e+00
6292 -4.5652e-01 -4.4215e+00 -5.6146e-02
6293 -6.2296e+00 -7.2332e+00 2.4232e+00
6294 1.5911e+00 -3.5284e-01 3.1703e+00
6295 1.9107e+00 -7.7398e+00 -3.5572e+00
6296 2.7268e+00 -2.0324e+00 5.3104e+00
6297 -3.3662e+00 -4.2726e+00 4.6054e+00
6298 -1.0397e+00 -4.7748e+00 2.0054e+00
6299 -2.3247e-01 2.0212e+00 8.7365e+00
6300 -5.0021e+00 -4.1222e+00 9.9161e+00
6301 -2.9738e+00 -4.0559e+00 -1.5769e-01
6302 -1.0455e+00 -3.0854e+00 8.5676e-01
6303 -6.1193e-01 1.7673e+00 7.1402e+00
6304 -6.2442e+00 -2.1534e-01 7.3313e+00
6305 -1.3405e+00 -1.2337e+00 1.3551e+00
6306 -4.8944e-01 -4.8044e+00 1.7642e+00
6307 1.1611e+00 -6.9505e+00 -5.1894e-02
6308 -2.5154e+00 -2.4028e+00 -4.8303e+00
6309 -2.8249e+00 -3.4864e+00 -3.7705e+00
6310 8.7339e-01 1.4920e-01 6.9984e-01
6311 1.0723e+00 -4.4656e+00 9.6759e+00
6312 2.0591e+00 2.3944e+00 6.3895e+00
6313 5.2426e+00 4.5013e-01 -2.2980e+00
6314 2.3514e+00 -1.7554e+00 1.5462e+00
6315 -4.7058e+00 -1.7881e-01 4.6312e+00
6316 1.6126e+00 -1.4660e-01 7.6611e+00
6317 -2.7683e+00 1.5147e+00 7.5110e+00
6318 -6.2990e+00 3.0461e-02 6.4926e+00
6319 1.6030e+00 -3.4595e+00 -2.8791e+00
6320 9.9940e-01 -3.8855e+00 6.3316e+00
6321 -5.6375e+00 -3.2830e-01 2.3883e+00
6322 1.5494e+00 3.4509e+00 7.0632e+00
6323 -9.6540e-01 1.9438e+00 4.7444e+00
6324 -2.6601e+00 -3.6122e+00 5.7458e+00
6325 -1.0467e+00 -3.7167e+00 -7.6361e-01
6326 7.8869e-01 9.3918e-01 -1.3774e+00
6327 -2.2535e+00 -4.2855e+00 2.9874e+00
6328 -2.9012e+00 -2.7944e+00 4.0130e+00
6329 2.6566e-01 -9.6349e-01 7.0116e+00
6330 2.2880e+00 -1.0630e+00 7.0974e+00
6331 1.8944e+00 -3.4221e+00 7.7359e+00
6332 1.0662e+00 -2.8673e+00 3.8792e+00
6333 2.8551e+00 -5.7621e-01 9.2344e+00
6334 -1.5101e+00 -2.0459e+00 4.8362e+00
6335 -2.2000e+00 -1.4683e+00 1.2314e+00
6336 -3.0039e+00 -5.1813e+00 -4.6530e+00
6337 -2.9479e+00 -7.5449e+00 1.7173e+00
6338 -1.7902e+00 -6.0098e+00 9.2381e-01
6339 -7.8801e-01 2.0957e+00 5.1355e+00
6340 5.2408e+00 4.4682e+00 6.7127e-02
6341 -1.4362e+00 -3.8722e+00 -1.2543e+00
6342 -3.3908e+00 -2.2050e+00 2.1479e+00
6343 3.9531e+00 1.4094e+00 3.3405e+00
6344 8.9909e-01 2.6182e+00 4.0868e+00
6345 4.7294e-01 2.9905e+00 1.0105e+01
6346 -8.8225e-01 -4.5392e+00 -8.9842e-01
6347 -4.8174e+00 -5.0264e+00 3.8616e+00
6348 -2.3885e+00 -3.3008e+00 1.1814e+00
6349 -4.4008e-01 -8.1452e+00 8.0230e+00
6350 1.0381e+00 -4.6288e+00 4.7493e+00
6351 -1.6659e+00 -5.6922e+00 3.6641e+00
6352 1.4944e+00 1.4219e+00 5.2356e+00
6353 4.1110e-01 3.1980e+00 9.5402e+00
6354 -6.1442e+00 -2.8890e+00 4.3044e+00
6355 -1.7142e+00 -1.4086e+00 9.9816e-01
6356 -3.1866e+00 1.6078e+00 9.3529e+00
6357 4.1575e+00 3.7298e+00 6.5943e+00
6358 -2.0203e+00 2.4872e+00 5.4463e+00
6359 3.7522e+00 1.0534e+00 7.8664e+00
6360 2.4621e+00 -9.1780e-01 3.9386e+00
6361 -6.8703e-01 -3.4430e+00 9.2040e+00
6362 -3.4714e+00 -2.2381e-01 8.4287e+00
6363 -5.7764e-01 3.1969e-01 9.3213e+00
6364 -1.3233e+00 7.5238e-01 4.9593e+00
6365 -3.8081e+00 -2.0712e-01 4.5200e-02
6366 2.2444e+00 4.3049e+00 3.6660e+00
6367 -2.6982e+00 -6.2502e-01 7.0875e+00
6368 -6.6192e-01 -4.4467e+00 1.0408e+01
6369 8.0442e-03 -2.5324e+00 3.3906e+00
6370 -1.2474e+00 5.4440e+00 5.7974e+00
6371 2.0808e+00 -2.3578e+00 -7.8811e-02
6372 -3.3995e+00 2.0456e+00 1.0710e+01
6373 -3.5079e+00 2.9964e-01 5.1615e+00
6374 -8.7070e-01 -5.4946e+00 5.8049e+00
6375 -3.0655e+00 -2.7820e+00 2.6603e+00
6376 2.2562e-01 -1.0234e+00 -6.2927e-02
6377 -4.5394e+00 2.7240e+00 -1.7860e+00
6378 6.2509e-01 -5.3825e+00 3.8412e+00
6379 -3.7375e+00 -4.1932e+00 9.3966e+00
6380 -6.1735e+00 -4.7545e+00 3.2885e+00
6381 -6.0391e+00 -5.4603e+00 -3.5259e+00
6382 9.9661e-01 3.1660e+00 8.1873e+00
6383 -1.8673e+00 -2.2789e+00 6.5505e+00
6384 -2.5744e+00 -2.9355e+00 1.6712e+00
6385 6.3912e+00 -5.3631e+00 9.0715e-01
6386 3.7889e-01 -3.3152e+00 -2.3232e+00
6387 -1.5728e+00 -2.9956e+00 7.7561e+00
6388 -2.1791e+00 3.8144e+00 4.6991e+00
6389 -3.8214e+00 5.3804e+00 3.7722e+00
6390 -1.5292e+00 4.1419e+00 4.0634e+00
6391 -1.6169e+00 2.9076e+00 -9.1104e-01
6392 -9.7573e-01 -5.9126e+00 2.3210e+00
6393 -2.5766e+00 1.6352e+00 9.6401e-01
6394 -2.9640e+00 -2.6584e+00 2.8174e+00
6395 -4.9127e-01 -3.2266e+00 3.2372e+00
6396 6.5079e+00 -3.8552e-01 -9.1964e-01
6397 -3.7372e-01 2.4673e-01 7.0771e-01
6398 5.6102e-02 6.9538e-01 9.7506e+00
6399 1.6718e+00 -3.6878e+00 -1.0559e-01
6400 -3.6970e+00 -1.0067e+00 4.0220e+00
6401 1.0006e+00 -3.4617e+00 1.0619e+01
6402 2.5361e+00 -4.9237e+00 1.5654e+00
6403 4.5149e+00 -4.8224e+00 4.4150e+00
6404 -4.5057e+00 -6.4965e+00 -6.6408e+00
6405 3.1745e-01 -5.0238e+00 -1.8960e+00
6406 -1.2538e+00 -2.9378e+00 3.5003e+00
6407 1.1409e+00 -3.6396e-01 7.8255e+00
6408 -9.6923e-01 -1.8058e+00 1.0049e+00
6409 1.2959e-01 2.6794e+00 4.2574e+00
6410 -5.5849e+00 3.8573e-01 -5.5384e+00
6411 3.3160e+00 4.4176e-01 2.1838e+00
6412 3.4286e+00 2.2036e-02 -7.5280e-02
6413 1.2433e-01 -2.1313e+00 9.1396e-01
6414 -2.7146e-01 -3.8263e+00 1.8956e-01
6415 3.8188e+00 2.4578e+00 3.1395e+00
6416 -3.6517e+00 -2.4365e+00 3.1586e+00
6417 -5.6989e+00 -6.2770e+00 5.0066e+00
6418 4.8614e+00 -1.1650e+00 -4.0271e+00
6419 -1.3832e+00 -1.2201e+00 7.1788e+00
6420 -6.2723e+00 -4.9312e+00 -7.2687e+00
6421 -2.3701e+00 -7.5747e+00 -1.2375e-01
6422 -3.7959e+00 3.2793e-01 -6.6754e-02
6423 -1.6856e+00 -5.5217e+00 1.2420e+00
6424 -2.9163e-01 -4.6648e+00 2.8903e+00
6425 4.7911e-01 -5.9483e-01 8.2647e+00
6426 -5.6311e+00 -2.1689e+00 1.0942e+00
6427 -1.7926e+00 -3.5616e+00 5.7465e-01
6428 -3.9677e+00 3.5626e+00 3.6543e+00
6429 1.3838e+00 2.9080e+00 2.6876e+00
6430 2.4702e+00 -7.2938e-02 1.6734e+00
6431 -1.0705e+00 -3.4212e+00 8.5829e+00
6432 7.1508e-01 1.2169e+00 1.3122e+00
6433 -3.4591e+00 3.6455e+00 8.5331e+00
6434 -4.9276e+00 4.2834e+00 9.6750e+00
6435 -2.2820e+00 7.0816e-01 -2.0856e-01
6436 3.6595e+00 -9.6102e-01 3.8616e+00
6437 9.8566e-01 -4.8480e+00 9.8322e-01
6438 -4.0015e+00 2.1903e-01 7.4058e+00
6439 3.0868e+00 -7.4795e+00 6.5688e-01
6440 1.2214e+00 5.9544e+00 1.8645e+00
6441 2.7337e+00 -3.7404e+00 8.6197e+00
6442 -1.8056e+00 4.6307e+00 9.5043e+00
6443 -1.0950e+00 1.8302e+00 2.9666e+00
6444 -6.2856e+00 -5.9459e+00 1.9541e+00
6445 -4.8266e+00 3.7737e+00 3.2825e+00
6446 -2.8018e+00 -1.3794e+00 -2.2331e-01
6447 -3.7795e+00 -6.7630e+00 3.2294e+00
6448 7.3719e-01 -5.3444e+00 2.9844e+00
6449 -2.5462e+00 3.5076e+00 4.2345e+00
6450 -2.3024e+00 -2.9566e-01 5.0611e+00
6451 -3.8238e+00 -3.2757e+00 1.0057e+01
6452 4.4846e-01 -6.2032e+00 6.5156e+00
6453 -4.3676e+00 -7.3006e+00 6.0044e+00
6454 4.6091e+00 -7.3868e+00 3.5365e-01
6455 2.3572e-01 -1.8663e+00 -2.0349e+00
6456 -4.3678e+00 -8.0701e+00 1.8259e+00
6457 8.9279e-02 -6.9446e+00 -2.3573e+00
6458 8.4603e-02 2.6955e+00 8.0331e-01
6459 -4.4073e+00 -3.4264e+00 7.8843e+00
6460 2.4954e+00 -6.2040e+00 5.5821e+00
6461 -3.6036e+00 -6.5296e-01 6.2577e+00
6462 -8.0580e-01 5.3216e+00 8.7003e+00
6463 4.7100e+00 -4.5787e+00 2.5803e+00
6464 -3.9114e+00 -1.8615e+00 4.1678e+00
6465 1.3270e+00 -3.6224e+00 -1.1775e+00
6466 4.1888e+00 -9.6618e-01 4.4696e+00
6467 -3.7541e-01 5.6165e+00 -1.4551e+00
6468 8.7626e-01 -4.8995e+00 -1.8148e+00
6469 -5.4937e-01 -4.5695e+00 1.2341e+01
6470 -1.0493e+00 -6.7984e+00 2.9711e+00
6471 -3.7782e+00 -5.0720e+00 7.6735e+00
6472 -8.6715e-01 -8.4600e-03 1.7350e+00
6473 2.3364e+00 -1.7641e+00 -5.0392e-01
6474 -2.6817e+00 8.7049e-01 1.7610e+00
6475 -2.8803e+00 -3.9088e+00 -8.9034e-01
6476 -2.6119e+00 -1.4371e+00 1.2287e+01
6477 -1.4882e+00 -2.2191e-02 7.3495e+00
6478 -2.5376e+00 -4.6340e+00 7.8837e+00
6479 -4.2201e-01 -8.8984e+00 5.9594e+00
6480 -2.5685e+00 -1.2569e+00 1.2795e+01
6481 3.0196e+00 -4.0021e+00 7.2761e+00
6482 5.8864e+00 1.2549e+00 1.1513e+01
6483 3.3169e-01 -6.6587e+00 6.4356e+00
6484 3.8673e+00 -4.3486e+00 -3.1219e+00
6485 -1.5059e+00 -4.2544e+00 1.1155e+01
6486 -1.5259e+00 -7.1094e+00 -2.3497e-01
6487 -3.1387e+00 -4.2761e+00 2.2356e+00
6488 -1.9203e-02 -5.7863e+00 1.7905e+00
6489 -1.1907e+00 -4.3402e+00 3.0853e+00
6490 -9.4465e-01 -1.8253e+00 1.0329e+00
6491 3.8537e+00 -4.7469e+00 -1.6462e-01
6492 -2.4214e+00 -5.8522e+00 6.8632e+00
6493 -4.1491e+00 4.1429e+00 9.0497e+00
6494 1.9786e-01 -1.6447e+00 8.9884e-01
6495 -4.4638e+00 -5.4224e+00 1.2906e+00
6496 -4.1371e+00 2.9316e+00 6.5728e+00
6497 -6.5925e+00 -4.4398e+00 7.2442e+00
6498 -2.9220e+00 -6.8563e-01 -3.4125e+00
6499 -2.9944e+00 8.0932e-01 1.0606e+01
6500 4.4763e+00 3.3061e+00 -6.5178e+00
6501 3.9993e+00 2.5961e+00 6.9780e-01
6502 -6.4818e-01 -7.1662e+00 -6.2751e+00
6503 -5.0177e+00 2.5289e+00 -7.3199e+00
6504 -1.6606e+00 5.6292e+00 -6.0803e+00
6505 -5.4899e+00 -9.3443e-01 -7.0593e+00
6506 -1.5487e+00 1.4052e+00 -5.0348e+00
6507 1.6801e+00 4.4578e+00 6.2378e+00
6508 -1.9399e-02 -5.7435e-02 6.5764e+00
6509 -7.3467e+00 -8.2501e-01 -1.0370e+00
6510 1.6666e+00 -4.5244e-01 -4.6975e-02
6511 -6.2602e+00 1.7582e+00 4.0656e+00
6512 -3.7572e+00 2.8030e+00 1.2569e+00
6513 -3.5278e+00 4.1007e-01 7.5106e-01
6514 2.1951e+00 -1.7763e+00 5.7370e+00
6515 1.5628e+00 4.5778e+00 -3.7234e+00
6516 4.2104e+00 -3.2042e+00 3.7898e+00
6517 -2.7890e-01 2.3152e+00 -8.7236e-01
6518 2.8619e-01 6.3982e-01 9.3611e+00
6519 8.9291e-01 5.5335e-01 7.3810e+00
6520 -3.2049e-02 -6.4697e+00 -7.2778e-01
6521 -2.1311e+00 1.5403e+00 -1.7061e+00
6522 -1.1297e-01 -1.9240e+00 5.2831e+00
6523 -3.7716e+00 -4.5576e+00 4.1394e+00
6524 1.1415e+00 -5.4452e+00 9.8771e-02
6525 -1.7004e+00 3.1873e+00 7.4354e+00
6526 -1.9263e+00 -2.7444e+00 2.1239e+00
6527 1.0404e+00 -9.1474e-01 -1.1594e+00
6528 -1.7763e+00 -1.7406e+00 4.2732e+00
6529 9.6670e-01 5.3755e+00 6.0153e+00
6530 2.7519e+00 -3.0818e+00 2.0561e+00
6531 -2.7464e-02 1.0760e+00 -3.8055e+00
6532 -4.3204e+00 -4.4476e+00 3.1183e+00
6533 -1.6905e+00 -2.4911e+00 1.9147e+00
6534 9.7877e-01 -5.6623e+00 2.8340e+00
6535 -3.3038e+00 -1.4364e+00 3.0914e+00
6536 1.5080e+00 -4.2643e+00 9.9703e+00
6537 -1.2947e+00 -5.1042e+00 5.3750e+00
6538 6.9760e-02 -2.1550e+00 1.0266e+01
6539 -2.2362e+00 3.4887e+00 6.0310e+00
6540 9.9010e-01 -3.9191e+00 8.0275e+00
6541 -1.7788e+00 4.5386e-01 5.3085e+00
6542 1.7370e+00 -3.2150e+00 -8.7748e-02
6543 1.3183e+00 1.9525e+00 9.5418e+00
6544 3.7964e+00 -2.8903e+00 7.0505e+00
6545 1.3211e+00 4.4474e+00 3.6377e+00
6546 1.1692e+00 -4.0884e+00 6.3072e+00
6547 1.3188e+00 -5.8021e+00 5.2839e+00
6548 -2.6196e-01 -8.8444e+00 3.6124e+00
6549 -3.8419e+00 -3.0817e+00 5.3614e+00
6550 -5.1976e+00 3.2727e+00 6.6348e+00
6551 6.9415e+00 -2.4845e+00 6.2849e+00
6552 -1.4723e-01 4.5824e-01 -2.6430e-01
6553 4.2548e-01 8.8710e-01 5.0084e+00
6554 2.8796e+00 -2.7059e+00 2.9703e+00
6555 -5.0520e+00 -1.3969e-01 6.5982e+00
6556 2.9460e+00 4.3739e-01 -3.4935e-01
6557 1.3828e+00 2.5245e+00 1.5106e+00
6558 -2.6114e+00 -5.3344e+00 3.6538e+00
6559 -6.2611e+00 -4.5645e+00 9.8979e+00
6560 -3.8636e-01 -2.3101e+00 8.9005e+00
6561 1.1618e+00 -2.4243e-01 7.3696e+00
6562 7.9727e+00 1.0713e+00 -2.7077e+00
6563 7.7923e-01 1.3751e+00 9.0507e+00
6564 -3.9838e+00 8.8231e-01 3.6496e+00
6565 -2.8832e-01 -1.1908e+00 -1.8215e-01
6566 -2.3462e+00 -5.1346e+00 -2.5888e+00
6567 1.7109e-02 3.8038e+00 7.8820e+00
6568 9.1622e-02 -6.2068e+00 2.5507e+00
6569 -4.1822e+00 -6.1732e-01 2.0034e+00
6570 -5.4357e+00 5.3313e-03 7.2768e+00
6571 -5.0153e+00 2.9240e+00 9.9426e+00
6572 -4.5186e+00 -3.9835e+00 7.7207e+00
6573 2.6110e+00 -3.0095e+00 1.1511e+01
6574 -2.4841e+00 -4.5301e+00 -2.1252e+00
6575 -3.1960e-01 -5.5362e+00 2.9758e+00
6576 4.7713e+00 -1.1116e+00 2.5283e+00
6577 1.1189e+00 -3.3738e+00 2.2333e+00
6578 -2.8535e+00 2.7051e+00 -6.6443e-01
6579 5.6019e+00 -6.6516e+00 -3.2420e-01
6580 -2.2218e+00 -5.3192e+00 2.7724e+00
6581 -1.7890e+00 -6.2392e+00 -6.0541e-01
6582 2.8038e+00 -2.0321e-01 2.4962e+00
6583 3.9585e+00 -1.8601e-01 1.9315e+00
6584 4.7695e+00 5.4996e+00 1.5338e+00
6585 6.9103e+00 -4.1281e-01 1.6013e+00
6586 4.4887e+00 -5.2768e+00 3.9766e+00
6587 -6.8204e-02 -3.4925e+00 2.5242e+00
6588 1.8859e+00 -1.3772e+00 2.1164e+00
6589 3.3802e+00 -2.5703e-01 1.9518e+00
6590 2.2277e+00 6.3381e-01 6.1066e+00
6591 2.2930e-01 -6.4248e+00 3.5753e+00
6592 -2.1906e+00 -1.9528e+00 2.8838e+00
6593 2.0666e+00 -7.4246e-01 4.7435e-01
6594 1.9318e+00 -2.4991e+00 5.1105e+00
6595 5.4153e-01 -3.3760e+00 2.9558e+00
6596 1.3652e+00 3.5031e+00 8.5836e+00
6597 3.6180e+00 3.2175e-01 5.9382e+00
6598 -4.6540e+00 -2.6179e+00 4.4319e+00
6599 -7.6070e+00 -4.4343e+00 4.5595e+00
6600 -3.5167e+00 -1.4000e+00 3.7262e+00
6601 -2.8471e+00 -3.0936e+00 4.8666e+00
6602 -2.8810e-01 1.0726e+00 4.1601e+00
6603 -2.9697e+00 -1.9516e+00 -1.4884e+00
6604 -3.8213e+00 5.1924e-01 5.0376e+00
6605 1.3741e-01 6.7556e+00 7.2864e+00
6606 1.1918e+00 3.5699e+00 3.1894e+00
6607 -2.6316e+00 -7.7887e-01 7.5895e+00
6608 -3.3345e+00 -2.3872e+00 4.3876e+00
6609 -3.8061e+00 7.2813e+00 2.4729e+00
6610 -1.1483e+00 3.7337e+00 4.3277e+00
6611 -2.4393e-01 -5.7330e+00 2.9908e+00
6612 7.7031e+00 -3.0630e+00 3.1306e+00
6613 -2.9551e+00 -4.4654e+00 2.3313e+00
6614 8.2616e-01 -2.9514e+00 7.9269e+00
6615 -1.7628e+00 -1.9185e+00 3.2002e+00
6616 -7.2783e+00 6.1033e+00 4.5730e+00
6617 1.8808e+00 -6.1133e+00 5.5316e+00
6618 2.9095e-01 -3.3897e+00 2.1615e+00
6619 -3.2483e+00 -1.4102e+00 1.8975e+00
6620 2.3848e+00 -2.5731e-01 8.4826e-01
6621 -1.7585e+00 -1.0886e+00 9.3216e+00
6622 -4.5702e+00 -4.9194e+00 8.6452e-01
6623 2.4284e+00 -2.9845e+00 6.1711e-01
6624 -2.8690e+00 -6.1143e+00 -1.2023e+00
6625 -2.3249e+00 3.2262e-01 -2.5943e+00
6626 -5.8946e-01 -3.9774e-01 -4.3327e-01
6627 2.5817e+00 2.2079e-01 9.0376e-01
6628 -2.5103e+00 2.8322e+00 2.5111e+00
6629 3.3217e+00 4.0956e+00 5.3938e+00
6630 1.6042e+00 1.0050e+00 8.7367e+00
6631 -2.9179e+00 -3.6737e+00 3.3764e+00
6632 -8.7568e-01 6.7476e-02 1.0474e+00
6633 2.8505e+00 4.4310e+00 9.0836e+00
6634 7.0511e-02 -1.1443e+00 5.4863e+00
6635 -1.2290e+00 -6.7351e+00 9.1897e+00
6636 -3.5069e+00 7.6594e-02 1.0087e+01
6637 2.8993e-01 1.5687e+00 1.2745e+00
6638 -2.2845e+00 -3.3285e+00 9.9467e-01
6639 1.6039e+00 -2.2360e+00 -1.1671e+00
6640 2.5935e+00 -4.0033e+00 -4.0070e+00
6641 -2.3613e+00 -4.2824e+00 3.6328e+00
6642 -3.1185e+00 -5.4447e+00 1.1776e+01
6643 -5.5465e+00 -1.2829e+00 6.0040e+00
6644 -1.6587e+00 1.0549e-01 1.0170e+01
6645 -1.2374e+00 -4.4330e+00 6.6923e+00
6646 -4.6908e+00 -3.4333e+00 4.2434e+00
6647 -4.1989e+00 -2.8937e+00 8.3054e+00
6648 -3.9331e-01 -1.2069e+00 -4.3280e+00
6649 1.6048e+00 -5.3747e-01 3.2721e+00
6650 -2.2441e-01 -2.3014e+00 3.4359e+00
6651 2.6099e+00 5.1140e+00 9.4325e+00
6652 -6.4358e+00 -3.9626e+00 2.2596e+00
6653 -1.4455e+00 -6.0555e-01 8.6228e+00
6654 -5.3768e-01 -6.6308e+00 1.4917e+00
6655 -2.7977e+00 1.0665e+00 4.7054e+00
6656 2.0954e+00 1.0577e+00 2.9706e+00
6657 -2.0545e+00 -2.4006e+00 3.5694e+00
6658 -2.2909e+00 -1.6476e+00 3.0557e+00
6659 6.8727e-01 4.2563e+00 7.3502e+00
6660 2.1438e+00 -1.9269e+00 4.3702e+00
6661 3.1072e+00 6.5132e+00 8.9691e+00
6662 -7.5608e-02 7.6404e-01 -2.2991e+00
6663 -1.8910e+00 -3.1100e+00 -9.6725e-02
6664 -1.9543e+00 5.0553e+00 7.0354e+00
6665 3.9318e+00 1.9010e+00 2.0408e+00
6666 -9.9355e-01 -4.6600e-01 4.4901e+00
6667 5.3687e+00 -1.0360e+00 4.7905e+00
6668 -3.6551e+00 -6.6664e-01 -3.2552e+00
6669 -1.7763e+00 -3.3849e+00 2.2239e+00
6670 2.0665e+00 5.2585e+00 1.2715e+01
6671 -9.1729e-01 1.6728e+00 7.5464e+00
6672 -2.2051e+00 1.6676e+00 2.3337e+00
6673 1.0803e+00 -5.0226e+00 -1.4768e+00
6674 5.3356e+00 -7.4153e+00 8.4296e+00
6675 -4.5074e-02 -6.6740e+00 2.8668e+00
6676 -4.3821e+00 -4.3268e-02 1.4174e+01
6677 6.2643e+00 5.1604e-01 3.9292e+00
6678 5.8371e-01 -4.1057e+00 9.9730e+00
6679 -2.0024e+00 -4.9881e+00 3.3314e-01
6680 -1.2669e+00 -4.2307e+00 3.4292e+00
6681 -1.4333e+00 5.2182e+00 7.9011e+00
6682 -5.4798e-01 -1.4575e+00 -7.9925e-01
6683 -3.1228e-01 -5.4580e-01 6.4783e+00
6684 -2.0046e+00 -4.9593e+00 4.8596e+00
6685 -2.1030e+00 2.2772e-01 3.0207e+00
6686 -6.8892e-01 9.8133e-02 3.4787e+00
6687 1.4673e+00 2.0981e+00 8.1000e+00
6688 2.6429e+00 -4.0087e+00 4.4208e+00
6689 -2.6568e+00 2.4897e+00 5.6610e+00
6690 8.4057e-01 3.2464e-01 1.7922e+00
6691 -1.3029e+00 -4.4048e+00 1.4043e+00
6692 1.2290e+00 -5.6314e-02 9.4793e+00
6693 1.5016e+00 2.1439e+00 3.4405e+00
6694 -7.7679e-01 4.3905e+00 2.1338e+00
6695 1.2012e+00 -5.2352e+00 -1.5130e+00
6696 3.3789e+00 -3.4969e+00 8.6045e+00
6697 2.0907e+00 -4.6988e+00 -6.9026e+00
6698 -3.0871e+00 -7.8592e-01 3.2653e+00
6699 3.2362e+00 1.9654e+00 9.2053e+00
6700 -3.4985e+00 -3.9150e+00 8.5843e-01
6701 -3.0081e-01 -5.0815e-01 6.0417e+00
6702 -3.7805e+00 -3.2135e+00 1.9913e+00
6703 -5.0299e-01 4.3768e+00 4.1159e+00
6704 -1.1868e+00 -4.2837e+00 5.0617e+00
6705 -4.7047e-01 -4.8746e+00 7.7257e+00
6706 5.8303e+00 4.8029e-02 6.1028e+00
6707 -7.3592e-01 -2.8118e-01 2.4291e+00
6708 -1.3728e-01 -3.1039e+00 7.5204e+00
6709 -1.8528e+00 -1.2583e+00 5.2667e+00
6710 -6.4730e-01 -6.4700e-01 5.8225e+00
6711 -2.3850e+00 -9.2447e+00 5.4718e+00
6712 -6.9655e+00 -5.6850e-01 8.2448e+00
6713 4.7800e+00 -1.5101e+00 2.1639e+00
6714 -4.5577e+00 -4.8477e+00 -2.0035e+00
6715 -5.8580e+00 -5.1927e+00 5.3981e+00
6716 5.2331e+00 -7.1558e+00 -2.4057e+00
6717 -3.5235e-01 -1.4915e+00 9.7007e+00
6718 -9.5761e-01 2.6201e-02 -2.2863e+00
6719 -5.9485e-01 7.2272e-01 8.0598e+00
6720 2.0012e+00 -3.3031e+00 5.6003e+00
6721 -2.4989e+00 2.5375e+00 6.3755e+00
6722 -2.1993e+00 -4.5899e+00 -1.3629e+00
6723 -4.3428e+00 -1.0639e+00 1.9524e+00
6724 -1.5070e+00 -1.1760e+00 6.3100e-01
6725 1.3967e+00 -7.8864e-01 3.1234e+00
6726 -8.0691e-01 -3.5071e+00 8.2227e+00
6727 2.9679e+00 -3.5608e+00 7.0558e+00
6728 -2.7178e+00 -3.0548e+00 5.0295e+00
6729 -4.7986e+00 -3.6202e+00 7.4264e+00
6730 -9.2681e-01 -5.4124e+00 9.8515e+00
6731 -2.9299e+00 -5.7576e+00 7.1260e+00
6732 6.8156e-01 -1.8189e-01 2.9803e+00
6733 -1.2233e+00 1.4558e+00 6.5172e+00
6734 2.1950e+00 -2.3691e+00 1.7345e+00
6735 -9.5371e-01 -2.9259e+00 5.4289e+00
6736 -3.6237e+00 -1.6548e-01 9.2227e+00
6737 -7.1773e+00 3.4266e+00 9.4771e+00
6738 -3.8672e-01 3.6263e-01 1.7803e+00
6739 -2.3889e+00 3.5238e+00 7.9488e+00
6740 -3.4018e+00 -1.2888e+00 6.9949e+00
6741 -1.9367e+00 -2.9271e+00 -1.2056e+00
6742 -5.2711e+00 -4.0457e+00 -5.3646e-01
6743 -5.7730e+00 6.1257e-01 5.5638e+00
6744 -2.4261e+00 2.4375e-02 2.8317e+00
6745 6.9213e-01 -2.2189e+00 9.6367e+00
6746 -8.7651e-01 6.2338e+00 1.4349e+00
6747 -9.8933e-01 1.8013e+00 5.4262e+00
6748 -1.1667e+00 5.0323e+00 1.5564e+00
6749 -1.1337e+00 3.1955e+00 5.9939e+00
6750 -1.7678e+00 -4.1814e-01 1.2387e+00
6751 -2.8166e+00 1.3977e+00 9.5275e+00
6752 -3.0203e+00 2.7641e+00 3.5792e+00
6753 -1.0091e+00 8.2073e-01 5.0630e+00
6754 -2.2188e-01 4.4360e+00 8.6479e+00
6755 -6.4239e-01 1.9981e+00 8.4933e+00
6756 1.1864e-01 -4.6421e+00 6.3271e+00
6757 -2.0562e+00 -4.5116e+00 7.3416e+00
6758 -1.5386e-01 -4.6131e+00 3.3533e+00
6759 1.1138e+00 5.3810e-02 -1.9891e+00
6760 -6.5284e+00 -3.4386e+00 6.8482e+00
6761 -1.7687e+00 -3.4013e+00 7.5286e-02
6762 1.8515e-01 -6.5178e+00 3.4855e-01
6763 5.0411e+00 -7.7511e+00 5.0219e+00
6764 -5.5799e+00 -6.1141e+00 3.7805e+00
6765 -1.9369e+00 -2.5449e+00 -2.7654e+00
6766 -4.1186e+00 2.3169e-01 4.8484e+00
6767 2.1782e+00 -2.5007e+00 6.0446e-01
6768 -1.5535e+00 4.2409e-01 1.2589e+00
6769 1.2191e+00 -3.7830e+00 1.4291e+00
6770 3.0067e-01 -5.5879e+00 1.5861e-01
6771 -1.8281e+00 -2.3794e+00 3.6319e+00
6772 -6.3840e-01 -2.1174e+00 6.7328e+00
6773 -1.4868e+00 -1.0657e+00 -2.5652e+00
6774 -3.6437e+00 3.8588e+00 6.0040e+00
6775 -2.4976e+00 -1.7974e+00 1.1567e+00
6776 -7.7106e-01 -8.0618e+00 -8.1243e+00
6777 8.3236e-01 3.2850e+00 2.5587e+00
6778 -4.0767e-01 -7.0573e-01 8.5827e+00
6779 -2.4257e+00 1.1505e-01 4.7400e+00
6780 -1.7284e+00 1.2962e+00 8.2802e+00
6781 5.0845e-02 -3.0098e+00 2.1933e+00
6782 2.0126e+00 1.6096e-02 4.2839e+00
6783 6.1567e-01 1.8201e+00 1.0360e+01
6784 -1.0098e+00 2.0133e+00 2.0139e+00
6785 -4.0134e-01 -1.3696e+00 6.2664e+00
6786 -2.5053e-01 -3.6352e-01 8.6205e+00
6787 -7.0804e+00 -4.5711e+00 3.3491e+00
6788 1.1899e+00 -2.4444e+00 8.4661e+00
6789 -3.0166e+00 -1.7944e-01 1.8837e+00
6790 -5.5988e-01 1.1327e+00 -9.1240e-01
6791 -2.3037e+00 -2.8431e+00 8.5852e+00
6792 1.3789e+00 1.0361e+00 2.0240e+00
6793 -2.9444e+00 -4.4474e+00 -2.8521e+00
6794 -2.8576e+00 -2.6579e+00 3.8612e+00
6795 -9.8553e-01 -4.2342e+00 2.1290e+00
6796 1.6710e+00 -3.2874e+00 9.2208e+00
6797 7.6305e-01 -4.3184e+00 4.1665e+00
6798 9.3261e-01 -2.9744e+00 6.6112e+00
6799 -3.4117e+00 -4.3112e+00 4.1295e+00
6800 -7.2472e-01 -1.2254e+00 7.4965e+00
6801 3.7935e+00 -1.3851e+00 3.0119e-02
6802 3.4718e+00 -2.0105e+00 3.8574e+00
6803 4.6786e+00 -4.5580e+00 2.6199e+00
6804 -2.9753e+00 1.8619e+00 1.0097e+01
6805 -9.8501e-01 5.4389e+00 1.0199e+01
6806 -5.0997e+00 2.9566e+00 7.4015e-01
6807 -2.0559e-01 -6.1496e+00 4.8692e-01
6808 7.5785e-01 9.5219e-01 2.6569e+00
6809 -1.2833e+00 -6.5893e+00 5.1579e+00
6810 2.5617e+00 -5.5548e+00 2.2830e+00
6811 2.8101e+00 -6.9732e+00 -9.7059e-01
6812 -5.0432e-01 -4.6812e+00 4.0824e+00
6813 -4.5070e+00 -2.7081e+00 9.8892e+00
6814 1.3375e+00 -2.3868e+00 2.9877e+00
6815 -4.4034e+00 -1.7251e+00 6.1783e+00
6816 -1.2078e+00 -1.6772e+00 9.4367e-01
6817 -7.4210e-01 -5.9368e+00 -3.5568e+00
6818 -1.9979e+00 -4.7341e+00 -6.2327e-01
6819 1.4591e+00 -5.1481e+00 4.8007e+00
6820 2.1679e+00 4.8389e+00 1.1005e+00
6821 -3.0351e+00 -4.0696e+00 -1.6141e+00
6822 1.3470e-01 3.5259e+00 1.0468e+00
6823 -3.7753e+00 -4.9251e+00 8.6021e+00
6824 3.7198e+00 -6.1805e-01 -6.0303e-01
6825 1.0901e+00 2.5066e+00 2.3746e+00
6826 4.2790e+00 -1.9026e+00 -9.1423e-02
6827 -9.5540e-01 -3.7598e+00 -2.0990e+00
6828 2.7835e-01 -2.6707e+00 2.6774e+00
6829 -2.6975e-01 -2.1967e+00 5.7478e+00
6830 -2.5432e+00 -1.1551e+00 1.8091e+00
6831 -1.3794e+00 -4.8788e+00 4.6055e+00
6832 1.1755e+00 4.8536e+00 1.0624e+01
6833 -1.2734e+00 -1.6443e+00 1.6520e+00
6834 -2.8140e+00 4.8409e+00 -1.4848e+00
6835 2.8932e-01 1.8862e+00 9.8503e+00
6836 -5.8668e-01 4.6750e+00 7.1156e+00
6837 -6.7119e+00 1.9814e+00 4.9304e+00
6838 -4.7319e+00 5.3876e+00 3.7875e+00
6839 -1.6887e+00 -2.8911e+00 1.3857e+01
6840 -9.0768e-01 -6.9155e+00 3.5551e+00
6841 -4.5625e+00 -1.0552e+00 6.6633e-01
6842 -2.0822e+00 -1.1275e+00 1.0874e+01
6843 -3.8882e+00 -2.6076e+00 2.3031e-01
6844 -1.5269e+00 1.9466e+00 2.3985e+00
6845 -2.5007e+00 5.1150e-01 -5.5925e+00
6846 3.9910e+00 -2.6149e+00 -4.3560e-01
6847 -3.4463e+00 -1.5128e+00 -2.8087e+00
6848 -6.1117e+00 1.7910e+00 2.8864e+00
6849 2.5651e+00 2.3609e+00 1.0838e+00
6850 -3.8246e+00 -4.8434e+00 2.7749e+00
6851 3.3536e+00 1.2690e-01 7.3009e+00
6852 2.7535e+00 -1.2057e+00 2.4048e+00
6853 -4.7632e+00 -3.6387e+00 1.0302e+01
6854 -3.8159e+00 -2.8494e+00 8.2572e+00
6855 3.5861e-01 -2.5230e+00 2.8292e+00
6856 -4.5108e+00 -4.7067e+00 7.9055e+00
6857 1.1942e+00 9.0729e-01 -3.0440e+00
6858 1.2625e-01 -6.6026e+00 2.3969e+00
6859 -1.2261e+00 -5.6810e+00 4.7178e+00
6860 -3.3660e+00 -3.9284e+00 2.8933e+00
6861 -3.7098e+00 -3.5132e+00 6.2623e+00
6862 -3.0055e-01 -3.7700e+00 9.6704e-01
6863 -1.0577e+00 1.1995e+00 3.9586e+00
6864 1.1879e+00 2.6977e+00 4.1348e+00
6865 -2.2957e+00 -4.3468e+00 9.8870e+00
6866 -2.3783e-01 -1.1784e+00 7.3517e+00
6867 1.1248e+00 -2.6970e+00 1.2225e+01
6868 -1.8644e+00 -2.2232e+00 9.5857e+00
6869 6.2917e+00 -6.2003e+00 -5.2824e+00
6870 -5.1996e+00 -3.3236e+00 -6.4876e+00
6871 -5.5589e+00 2.0264e+00 2.2756e+00
6872 1.1000e+00 -3.6981e-01 6.0102e+00
6873 -2.5162e+00 -5.0502e+00 3.9662e+00
6874 -1.4536e-01 1.1273e+00 4.2635e+00
6875 1.1132e+00 4.4402e+00 8.7828e+00
6876 1.6962e+00 1.6454e+00 6.1550e+00
6877 -8.3484e+00 -4.4514e+00 8.4249e+00
6878 1.1916e+00 -1.7111e-01 5.2482e+00
6879 -2.2237e+00 -5.5540e+00 -8.7802e-01
6880 -2.6563e+00 -1.5968e+00 4.8526e+00
6881 -2.2307e+00 -3.7789e+00 3.5205e+00
6882 -5.3118e+00 2.0473e+00 5.0262e-01
6883 4.3801e+00 -4.0801e+00 6.0348e+00
6884 -1.5695e+00 -2.0947e+00 -5.2863e-01
6885 -2.8767e+00 -8.9798e+00 -4.1770e+00
6886 -1.9655e+00 3.8286e+00 4.5337e+00
6887 -3.9105e+00 3.8455e+00 3.1975e+00
6888 -5.1043e-01 1.7635e+00 -4.8751e-01
6889 1.3228e+00 -6.8205e+00 4.7757e+00
6890 -2.0167e+00 8.7845e-01 5.6863e+00
6891 -4.6864e-01 -3.1986e+00 4.6578e-01
6892 4.3783e+00 -6.0835e+00 1.7816e+00
6893 -8.7481e-01 -2.2775e+00 7.8629e+00
6894 -2.3462e+00 -4.7747e-01 3.5361e+00
6895 -2.9164e+00 1.1218e+00 3.0039e+00
6896 1.3052e+00 -7.9019e+00 -8.7013e+00
6897 -2.2792e+00 1.6776e+00 1.7104e+00
6898 -5.3707e+00 2.2855e+00 6.8674e+00
6899 5.5782e+00 1.0900e+00 -7.3542e-01
6900 -3.4222e+00 -1.5232e+00 1.1324e+01
6901 -2.9307e+00 2.4199e+00 9.3689e+00
6902 -8.0299e-01 -9.2090e+00 7.4128e+00
6903 -1.6666e+00 2.8979e+00 2.4437e+00
6904 -1.8012e+00 2.9689e-01 8.5228e+00
6905 -3.4891e+00 -1.5816e-01 3.3599e-01
6906 -1.1253e+00 -1.1661e+00 1.1307e+01
6907 -2.7786e-01 -7.0119e+00 3.6478e+00
6908 2.2079e+00 -2.6718e+00 7.5453e+00
6909 2.2526e+00 2.0857e+00 1.0350e+01
6910 -4.6605e+00 -1.0767e+00 -1.1845e-01
6911 -2.1322e+00 -5.0547e+00 2.0429e+00
6912 5.2650e+00 -5.2737e+00 -1.5338e-01
6913 -2.9160e+00 -3.3521e+00 6.8911e-01
6914 -1.6101e+00 -6.4068e+00 3.9579e+00
6915 -4.2052e+00 -1.0272e+00 3.6029e+00
6916 -2.9256e+00 1.1460e+00 2.8550e+00
6917 4.0068e-01 -7.9631e+00 -3.0944e+00
6918 -1.4534e+00 -5.5350e+00 4.5102e+00
6919 4.8680e+00 -3.7234e+00 1.8844e+00
6920 1.1118e+00 -2.8343e+00 7.7594e+00
6921 2.9937e+00 -4.9241e+00 2.6213e+00
6922 -2.1177e-01 -3.0796e-01 7.5466e+00
6923 2.9547e+00 -6.8162e+00 2.3325e+00
6924 2.2364e+00 1.6331e+00 1.0249e+01
6925 -1.4311e+00 1.1391e-01 5.4881e+00
6926 6.5065e-02 -1.7924e+00 8.1057e+00
6927 -4.7768e-02 -4.6520e+00 1.1294e+01
6928 -2.8869e+00 5.4678e+00 6.4450e+00
6929 -1.4267e+00 2.8097e+00 -7.9970e-01
6930 2.0193e+00 2.2405e+00 1.9399e+00
6931 -1.3601e+00 -2.9181e-01 -8.9482e-01
6932 -2.7261e+00 -4.0782e+00 -6.3871e-01
6933 1.3526e+00 -2.5651e+00 3.9649e+00
6934 -2.2223e+00 -4.4016e+00 3.5235e+00
6935 5.4532e+00 -4.8643e-01 2.8316e+00
6936 -2.4280e+00 -6.4185e-01 1.0006e+01
6937 -2.9330e+00 -4.1771e+00 9.4470e+00
6938 1.5300e+00 -2.6641e+00 2.4615e+00
6939 9.4629e-01 7.2353e+00 1.0873e+00
6940 4.3461e+00 -1.9345e+00 4.9449e+00
6941 -4.1378e+00 -2.0235e+00 5.9878e+00
6942 -2.1543e+00 2.1547e+00 6.2462e+00
6943 -3.3944e+00 -3.8270e+00 -4.1647e-01
6944 9.0560e-01 -1.2534e+00 4.5947e+00
6945 -4.5409e+00 -8.3107e-01 2.6213e+00
6946 -1.7041e-01 -3.8731e+00 5.4610e+00
6947 -1.1005e-01 1.2114e+00 -1.7357e+00
6948 -7.5119e-01 1.1797e+00 1.6127e+00
6949 3.3856e+00 1.2587e+00 1.0505e+00
6950 2.2476e+00 -1.5292e-01 3.9589e+00
6951 -1.9591e+00 -8.4263e+00 -2.5720e+00
6952 -3.5125e+00 -9.5011e-01 8.3902e+00
6953 -5.4596e+00 -3.0733e+00 -1.6210e+00
6954 -2.8385e+00 -2.7281e+00 1.4936e+00
6955 -1.1395e+00 -3.2661e+00 1.1390e+01
6956 -2.4354e+00 -2.8887e+00 8.6650e+00
6957 -4.3831e+00 9.1340e-01 9.3567e+00
6958 -2.9545e+00 -1.3664e+00 7.6269e-01
6959 -4.8310e+00 -1.6305e+00 6.3034e+00
6960 1.4414e+00 1.0054e-01 6.6144e+00
6961 1.2281e+00 -1.8911e+00 7.7003e+00
6962 -2.9142e+00 3.4688e+00 2.5136e+00
6963 -3.9245e+00 2.6038e+00 2.8794e-01
6964 -2.3690e+00 1.1320e+00 1.5249e+00
6965 1.5931e+00 -5.3583e+00 5.0740e+00
6966 -2.9176e+00 -5.9042e+00 -3.7920e+00
6967 -2.5912e+00 -1.4629e+00 9.1819e+00
6968 2.0969e+00 -5.8543e+00 1.3046e+00
6969 -2.9140e+00 4.4168e-01 3.7720e+00
6970 8.7632e+00 7.8499e-01 6.6260e+00
6971 1.4114e+00 -4.2492e+00 7.0965e+00
6972 -6.7093e+00 -2.9335e+00 5.2831e+00
6973 2.0365e+00 -4.5260e+00 5.5243e+00
6974 4.3323e+00 -1.4558e+00 -9.3135e+00
6975 -1.9926e+00 -4.3179e+00 7.4202e+00
6976 3.4832e+00 -2.9661e+00 3.4353e+00
6977 -3.3364e+00 -1.9869e+00 3.1179e+00
6978 -4.3000e+00 -3.4657e+00 8.7629e+00
6979 -8.7634e-01 6.5791e+00 9.8984e+00
6980 -5.7423e+00 1.6681e+00 5.6644e+00
6981 -2.1332e+00 -5.0747e+00 5.5098e+00
6982 -1.0067e-01 -1.5720e+00 8.0147e+00
6983 -5.5306e-01 -4.2001e+00 3.3550e+00
6984 1.6479e+00 -6.3991e+00 -9.7167e-01
6985 3.3042e+00 4.5101e-01 8.1676e+00
6986 1.1411e+00 -4.1051e+00 5.1168e+00
6987 9.3441e-01 1.4301e+00 4.7784e+00
6988 8.1679e+00 -8.2134e+00 -2.8711e+00
6989 1.3966e+00 -2.2704e+00 5.6551e+00
6990 -4.0448e+00 -4.4695e+00 8.0579e+00
6991 -3.3088e+00 -1.0749e+00 1.5284e+00
6992 -3.6740e+00 -3.5262e+00 5.5077e-01
6993 8.7673e-01 -2.2893e+00 7.3796e+00
6994 -1.1962e+00 2.3870e+00 3.1608e+00
6995 8.6133e-01 3.3371e+00 1.9126e+00
6996 -1.9853e+00 1.2773e+00 8.9239e+00
6997 6.3670e-01 1.5038e+00 6.8903e-01
6998 6.0457e-01 2.9770e+00 2.1713e+00
6999 -1.0534e+00 -2.8594e+00 3.5715e+00
7000 -1.8985e+00 -3.6658e+00 -1.1799e+00
7001 -3.6312e+00 -4.7144e+00 8.3149e+00
7002 -5.8669e+00 -7.1762e+00 1.0349e-01
7003 -2.5620e+00 -6.4971e+00 5.5755e+00
7004 3.2355e+00 -2.6495e+00 1.1235e+01
7005 -4.0455e+00 8.1727e-01 6.4957e+00
7006 -1.2331e+00 -3.4623e-02 9.1098e+00
7007 -1.2824e+00 -1.7496e-01 9.6933e+00
7008 1.6500e+00 7.6611e-01 5.2999e+00
7009 6.1888e+00 -4.2722e-01 -1.3964e+00
7010 -3.1318e-02 1.1382e-01 9.6187e+00
7011 -2.5287e+00 -1.7855e+00 6.6363e+00
7012 -9.3404e-01 -3.7413e+00 3.6260e+00
7013 -6.3499e-02 -2.4409e+00 -3.3420e+00
7014 -6.9719e-01 -1.6495e+00 4.3640e-01
7015 9.2400e-01 -1.6760e+00 -3.1693e+00
7016 -8.1954e-01 -7.8339e+00 -2.7904e+00
7017 -1.9737e+00 -4.2598e+00 -4.1575e+00
7018 4.6978e+00 1.1742e+00 1.6504e+00
7019 1.6554e+00 -9.7179e-01 -4.9257e-01
7020 1.0734e+00 -2.4567e+00 -1.0432e+00
7021 -3.2451e+00 -5.3532e-01 2.0122e+00
7022 7.7266e-01 -2.5072e+00 7.1493e+00
7023 -2.5099e+00 2.6627e+00 1.2627e+00
7024 -3.1135e+00 -3.7056e+00 1.3903e+00
7025 -2.5920e+00 -7.0530e-01 6.5010e+00
7026 1.0143e+00 -2.2442e+00 4.4519e+00
7027 -1.9860e+00 -5.3209e+00 -3.6224e+00
7028 -3.2607e+00 -2.7302e+00 8.0172e+00
7029 -4.8047e+00 3.0481e+00 1.9763e+00
7030 -2.1011e+00 4.1014e+00 8.2666e+00
7031 1.5072e+00 -6.2353e+00 9.5169e-01
7032 -1.8145e+00 -2.4932e+00 -2.5056e+00
7033 -3.8215e+00 -3.1903e+00 7.6762e-02
7034 8.0818e+00 2.3113e+00 1.8388e+00
7035 -3.3607e+00 -6.6245e+00 2.1509e+00
7036 -1.5445e+00 -7.8279e+00 1.7439e+00
7037 7.3762e-02 -1.0323e+00 8.7937e-01
7038 -5.4049e-01 -2.6882e+00 6.0563e+00
7039 4.6239e+00 -4.1608e+00 2.6753e+00
7040 9.6908e-01 9.2175e-01 6.0510e+00
7041 -3.0041e+00 1.6499e+00 7.8454e+00
7042 9.0992e-01 -2.8373e+00 7.7896e-01
7043 -2.7141e+00 2.2641e+00 -1.8634e+00
7044 -1.4455e-01 -1.9686e+00 -9.9693e-01
7045 -1.6182e+00 -7.5562e-01 5.0522e+00
7046 4.2762e-01 -3.8122e+00 3.0600e+00
7047 2.0456e+00 -7.3262e-01 4.8962e+00
7048 8.4449e-01 -1.2097e+00 1.4831e+00
7049 1.0673e+00 -4.3670e+00 6.0676e+00
7050 -9.4129e-01 -3.4662e+00 4.4170e+00
7051 -3.5527e+00 -4.4155e+00 2.9577e+00
7052 -1.1616e-01 -4.0653e+00 -7.2150e+00
7053 3.2903e+00 -2.6656e+00 -1.7938e+00
7054 -1.3017e+00 -3.3919e+00 5.8074e-01
7055 -1.7577e+00 -2.2720e+00 1.2681e+00
7056 -4.8126e+00 -4.5925e+00 1.7278e+00
7057 -1.7044e+00 -4.7906e+00 2.5890e+00
7058 2.3353e+00 5.0040e+00 -2.0030e+00
7059 9.0095e-01 -4.6329e+00 -4.2424e+00
7060 -2.2450e+00 -4.5910e+00 4.3619e+00
7061 1.0871e+00 -4.1079e+00 1.6641e+00
7062 -2.8170e+00 -1.9498e+00 -3.2734e-01
7063 -1.9437e+00 -4.5213e+00 4.8361e+00
7064 -1.7014e+00 -1.9821e+00 4.6686e+00
7065 -1.1046e-01 -1.6657e+00 -1.2875e+00
7066 -3.2050e+00 -7.3551e-01 5.4903e+00
7067 1.9366e+00 -2.5382e+00 1.1206e+01
7068 3.8817e+00 -3.9573e+00 1.8420e+00
7069 2.8177e+00 -4.3680e+00 -3.8507e+00
7070 1.8081e+00 1.8584e+00 -1.9547e+00
7071 -6.1054e+00 5.3244e+00 9.8109e+00
7072 -6.0229e-01 2.8745e+00 8.6080e+00
7073 -1.6096e+00 3.5854e+00 2.7327e+00
7074 3.4191e-01 -4.7878e+00 3.7776e+00
7075 -2.4149e+00 -7.3046e+00 6.1860e+00
7076 1.3049e+00 -1.6179e+00 5.4765e+00
7077 6.1167e-01 1.1697e+00 -5.0808e+00
7078 1.7331e+00 -6.0025e+00 4.4401e+00
7079 -1.3286e+00 -3.1953e+00 5.0052e+00
7080 -3.9590e+00 -2.0601e+00 1.3261e+00
7081 7.8007e-01 5.2707e+00 3.5047e+00
7082 1.3913e+00 -2.8469e+00 8.0459e+00
7083 3.9030e-01 -4.7178e+00 3.0914e+00
7084 -3.6830e+00 6.9075e-01 2.8627e+00
7085 1.6542e+00 -4.0122e+00 5.4253e+00
7086 -4.7017e-01 -4.1304e+00 3.5952e-01
7087 1.8531e+00 -4.9601e+00 2.9762e+00
7088 -6.6220e+00 -7.0511e+00 -1.3985e+00
7089 -1.9938e+00 -7.3313e+00 1.9694e+00
7090 -1.8224e+00 -1.5138e+00 5.4111e+00
7091 2.0724e+00 -2.3313e+00 3.3964e+00
7092 -1.0859e+00 -1.8547e+00 3.7735e+00
7093 1.3170e+00 9.4615e+00 8.1067e-01
7094 -2.6403e+00 -7.9941e-01 4.3084e+00
7095 -5.0338e+00 -4.0981e+00 -2.9345e+00
7096 -4.6589e+00 -2.0702e+00 3.5854e+00
7097 -5.3885e-01 -3.1217e+00 7.3244e-01
7098 -4.3330e+00 2.3033e+00 4.1922e+00
7099 -3.1654e+00 -1.7706e+00 7.2634e+00
7100 -1.2361e+00 -2.6200e+00 6.6058e+00
7101 1.3268e-01 -4.3718e+00 2.4772e+00
7102 -5.7315e+00 -6.1582e+00 6.4701e+00
7103 -3.6295e+00 -2.2931e+00 -4.0001e+00
7104 -4.4640e-01 1.6394e+00 6.5139e+00
7105 1.0600e+00 -9.7843e-01 2.8437e+00
7106 -1.4118e-01 -3.5706e+00 9.1034e-01
7107 3.8300e-01 3.4852e+00 1.1477e+01
7108 -1.1212e+00 -5.3502e+00 6.4771e+00
7109 -2.2258e-01 -5.8024e-01 -3.7029e-01
7110 5.2076e+00 -5.6538e+00 -3.9494e-01
7111 -1.4427e+00 -1.0287e+00 4.5281e+00
7112 -1.6769e+00 -5.8832e+00 5.6044e+00
7113 -1.4257e+00 -4.8657e+00 5.4178e+00
7114 -5.4466e+00 -7.8759e-02 1.6360e+00
7115 1.2590e+00 -3.7071e+00 4.1038e+00
7116 -4.0794e+00 1.9404e+00 2.1343e+00
7117 2.7280e+00 -1.6692e+00 -8.5165e-01
7118 6.4329e+00 -4.3706e+00 5.1757e+00
7119 9.6762e-01 2.3202e+00 -1.4007e+00
7120 -3.5520e+00 -8.6733e-01 7.5667e-01
7121 2.5098e+00 -4.5749e+00 -8.5534e-01
7122 -4.9947e+00 4.2213e-01 3.5116e+00
7123 -5.0870e+00 1.0456e+00 6.9932e+00
7124 -1.6979e+00 -7.0216e+00 9.0198e+00
7125 1.9536e+00 -1.1678e+00 1.8662e+00
7126 -2.7377e+00 3.5609e+00 -4.4782e+00
7127 -2.8200e+00 1.6609e+00 9.2605e-01
7128 -1.1705e+00 4.9077e-01 3.0653e+00
7129 -2.1806e+00 -5.0911e+00 4.5804e+00
7130 4.3907e+00 -4.4244e+00 6.8052e+00
7131 1.7488e+00 -5.7836e-01 1.5726e+00
7132 -1.4558e+00 1.3141e+00 1.0656e+01
7133 -4.2341e+00 -1.7439e+00 5.6555e+00
7134 -1.6276e+00 -3.7590e+00 8.3016e-01
7135 -1.1473e+00 -7.5918e+00 5.0270e+00
7136 -2.8308e+00 8.2010e-02 6.3662e+00
7137 -3.6129e+00 -6.0578e+00 -1.3108e+00
7138 -3.1120e+00 6.9685e-01 2.6177e+00
7139 1.8845e+00 5.5487e-01 1.6994e+00
7140 -2.1865e+00 -8.1622e+00 5.8139e-01
7141 -1.3247e+00 -2.0731e+00 -1.0656e+00
7142 -5.3179e-01 -6.0022e+00 1.9477e+00
7143 3.2645e+00 2.0090e+00 6.7375e-01
7144 -5.9281e-02 -6.5264e+00 1.0840e+01
7145 -2.9851e+00 1.6730e+00 8.9041e+00
7146 7.3378e-01 7.8521e+00 9.0666e+00
7147 -5.0833e+00 -7.6129e-01 6.6884e+00
7148 7.6406e-01 -7.4598e-01 6.2685e-01
7149 1.9232e+00 2.4483e-01 -1.0325e+00
7150 1.5278e-01 3.1062e+00 6.1441e-01
7151 6.1148e+00 3.7295e-01 3.5364e-01
7152 -1.4314e+00 -3.4763e+00 3.0891e+00
7153 2.8716e-01 -5.4977e+00 1.3505e+00
7154 1.7184e+00 -7.2413e+00 1.8959e+00
7155 7.3177e+00 1.1073e+00 7.3262e+00
7156 -4.6484e+00 2.3553e+00 1.9975e-01
7157 -3.4255e+00 -5.3556e+00 2.5311e+00
7158 -3.7688e+00 -3.6181e+00 -1.0317e+00
7159 1.4334e+00 2.5774e+00 2.9099e+00
7160 2.4241e+00 -3.7462e+00 7.4704e+00
7161 1.3887e+00 1.3569e+00 -9.1150e-01
7162 1.7705e-01 -2.4391e+00 4.8918e+00
7163 7.7139e-02 -1.6676e+00 -8.8639e-01
7164 -4.2775e-02 -3.8690e+00 4.6628e+00
7165 6.6960e-01 -7.0193e+00 1.2249e+00
7166 6.4334e-01 -5.6092e+00 -1.3280e+00
7167 -3.8188e+00 -5.2834e+00 4.5696e+00
7168 -2.0973e+00 -3.8156e+00 2.4218e+00
7169 1.6887e+00 5.5368e-01 7.8615e+00
7170 -3.8551e+00 3.2641e+00 5.4511e+00
7171 1.1739e+00 -1.0146e+00 4.3076e+00
7172 2.7182e+00 -3.1631e+00 1.2126e+01
7173 1.2712e+00 -2.3308e+00 2.3191e+00
7174 -1.0872e+00 1.5693e+00 -5.3536e-01
7175 6.1775e-01 -6.2141e+00 1.7745e+00
7176 -1.3760e+00 2.0138e+00 4.6202e+00
7177 -2.1425e+00 2.6121e+00 -7.2931e-01
7178 -3.5404e+00 -7.6817e+00 2.5615e+00
7179 -1.0654e+00 2.5869e-01 7.1906e+00
7180 3.1831e+00 -4.2822e+00 2.6283e+00
7181 -3.2604e+00 7.0522e-01 3.7795e+00
7182 2.4092e-01 -7.1007e+00 -4.2015e+00
7183 -1.0583e+00 -3.0937e+00 3.4655e+00
7184 -1.0396e+00 -4.6333e+00 1.9284e+00
7185 5.3204e+00 6.6685e-01 6.8115e+00
7186 3.9554e+00 -3.6086e+00 1.2191e+00
7187 -4.8450e+00 -4.4640e+00 2.9114e+00
7188 -3.0081e+00 -2.3362e+00 2.6846e+00
7189 -5.1818e+00 -4.0843e-01 7.9675e+00
7190 -6.3063e+00 -5.7282e+00 4.1973e+00
7191 6.4072e+00 -1.0493e+00 -8.1320e-01
7192 3.7770e+00 6.0296e-01 5.5507e+00
7193 -4.3161e+00 -1.7533e+00 5.6849e+00
7194 -1.3341e+00 -2.4128e+00 -5.2385e+00
7195 -1.8821e+00 -2.3086e+00 5.3796e+00
7196 1.4487e+00 -9.2881e+00 1.0139e+00
7197 -3.9293e-01 4.7258e+00 -8.3127e-01
7198 -8.1768e-02 -2.5124e+00 5.2339e+00
7199 3.2953e+00 -6.0114e+00 3.0000e+00
7200 -7.7033e-01 -4.3201e-01 -1.1659e+00
7201 -8.3985e-01 -3.0261e+00 6.1722e+00
7202 1.4086e+00 2.7173e+00 3.3566e+00
7203 2.7084e+00 -8.4535e-01 5.1607e+00
7204 -1.3292e+00 -7.5776e+00 -5.2691e-01
7205 8.7841e-01 3.4943e+00 -1.4547e+00
7206 1.8885e+00 1.8676e+00 8.4414e+00
7207 3.2994e+00 -1.7896e+00 6.6080e+00
7208 1.2222e+00 -3.7624e+00 6.0404e+00
7209 2.5054e-01 -3.6020e+00 1.1512e+00
7210 -6.3226e-01 -5.6951e+00 3.5017e+00
7211 2.1671e+00 -2.1665e+00 4.2516e+00
7212 -5.9018e+00 -4.1944e+00 3.8202e+00
7213 -1.6410e+00 -8.2496e-01 5.4496e+00
7214 4.2674e+00 3.0261e+00 1.0119e+01
7215 4.4071e+00 6.6964e-01 -1.2870e+00
7216 -2.6665e+00 2.3377e+00 5.6534e+00
7217 -5.9789e+00 7.4978e-01 4.1071e+00
7218 -6.2575e+00 -5.6302e+00 -2.4379e+00
7219 -1.4308e+00 -2.6671e+00 5.9233e+00
7220 -3.6668e+00 -8.0920e+00 4.7574e+00
7221 1.5508e+00 -6.8625e+00 -3.5345e+00
7222 -4.5083e-01 -3.8092e+00 1.1197e+00
7223 -4.9111e+00 2.3945e-01 8.9480e+00
7224 -7.7313e-01 -8.0630e-01 5.5596e+00
7225 5.8577e-01 5.0981e+00 1.3374e+00
7226 -4.9082e-01 -5.8157e+00 5.0324e-01
7227 -7.2356e+00 -6.7493e+00 2.0591e+00
7228 -2.9662e+00 -8.7850e-01 5.1919e+00
7229 -2.6002e+00 -3.3025e+00 3.2165e+00
7230 1.7961e+00 8.9318e-01 3.8528e+00
7231 -3.0396e+00 -2.1024e+00 1.0435e+01
7232 -8.7873e-02 -6.5385e+00 -6.4045e-01
7233 2.2068e+00 -2.1724e+00 -1.2716e-01
7234 -3.3007e+00 -8.4986e+00 8.0727e-01
7235 2.2033e-01 -4.6028e+00 -3.9560e-01
7236 -1.1890e+00 -7.1028e+00 3.3414e+00
7237 -3.1378e+00 7.8717e-01 7.2360e+00
7238 2.6627e+00 1.1774e+00 -4.9654e+00
7239 8.0716e-01 -1.7749e-02 6.0192e+00
7240 1.7102e+00 3.1168e+00 1.4075e+01
7241 -4.3105e+00 -9.4188e-01 6.5370e+00
7242 1.5253e+00 -5.2341e+00 5.9269e+00
7243 -2.6026e+00 2.1814e-01 -3.2780e+00
7244 -2.0963e+00 -6.7760e+00 1.9695e+00
7245 -2.7510e+00 -6.4317e+00 7.6127e+00
7246 -1.2426e+00 -9.3264e-01 -1.0573e+00
7247 -1.5288e+00 -2.9384e+00 3.7709e+00
7248 -3.5458e+00 -6.7487e+00 9.0289e+00
7249 1.5406e+00 3.1575e+00 7.3120e+00
7250 1.2256e+00 -7.8836e-01 6.3473e+00
7251 1.5098e+00 -1.6087e+00 8.2399e+00
7252 1.3706e+00 8.7129e-01 6.1350e+00
7253 -3.6428e+00 -2.8314e+00 8.4006e+00
7254 2.1665e+00 -5.2990e+00 4.9806e+00
7255 -2.2290e+00 -2.2177e+00 2.4763e+00
7256 -2.8913e+00 -4.6566e+00 5.6266e+00
7257 -1.7214e+00 -6.9888e+00 1.2665e+00
7258 -5.3455e+00 -7.9627e+00 7.8506e+00
7259 -1.5270e-01 -4.1472e+00 2.4620e+00
7260 2.3978e+00 -4.3403e+00 9.8556e+00
7261 6.8907e-01 -5.2128e+00 1.0851e+00
7262 -1.5646e+00 -5.3694e+00 6.1299e+00
7263 2.6127e+00 -1.5318e+00 8.1287e+00
7264 9.1673e+00 -1.8716e+00 4.3857e-01
7265 -6.3295e+00 1.1055e-01 1.5588e+00
7266 6.9331e-01 -4.0637e+00 -2.3125e+00
7267 5.3047e-01 -6.3390e+00 4.2377e+00
7268 4.9658e+00 -5.6290e+00 -8.8124e-01
7269 -4.8130e+00 -4.0966e+00 1.5886e+00
7270 -2.7763e+00 -7.4066e+00 6.1215e+00
7271 -5.9111e+00 8.2015e-01 8.6868e+00
7272 8.2620e-01 1.7852e+00 4.5559e+00
7273 -1.9975e+00 -2.8973e+00 7.9048e+00
7274 -2.3256e+00 -3.0219e+00 2.4404e+00
7275 -7.5224e+00 -3.3133e+00 1.5003e+00
7276 5.2579e-01 7.5341e+00 2.2047e+00
7277 -1.5263e+00 -6.7398e-01 9.6528e-01
7278 -1.2360e+00 -3.8154e+00 1.5350e+00
7279 1.5461e-01 -5.6211e+00 -1.4589e+00
7280 -2.9967e+00 1.1016e+00 8.1048e+00
7281 1.6931e+00 1.4973e+00 8.4952e+00
7282 1.4013e+00 -4.0949e+00 1.5515e+00
7283 2.0075e-01 -1.4621e+00 4.6508e+00
7284 1.0382e+00 -3.4662e+00 7.0799e+00
7285 -6.8844e+00 1.6332e+00 4.8558e+00
7286 8.9121e-01 3.8452e-02 6.5062e+00
7287 -1.2468e-01 -6.9550e+00 1.5842e+00
7288 -1.7982e+00 1.0829e+00 -5.7297e+00
7289 -1.3809e+00 3.1898e-01 -3.5345e-01
7290 1.3462e+00 -4.9246e-01 2.2316e+00
7291 -3.4254e+00 1.0109e+00 5.9816e+00
7292 3.0855e-02 1.3242e+00 -3.1206e+00
7293 2.0547e+00 -7.6380e+00 3.5515e+00
7294 -7.5257e-01 -3.1829e-01 3.8660e+00
7295 -4.8397e+00 -5.8870e+00 4.0061e+00
7296 1.1466e+00 -3.7071e+00 5.7356e+00
7297 -7.8034e-01 -4.7373e-01 -2.4746e-01
7298 2.0421e+00 -3.0490e-01 4.0846e+00
7299 -3.6014e+00 3.1192e+00 8.5161e+00
7300 -2.3057e+00 -1.2858e+00 6.0288e+00
7301 -8.6047e-01 -2.3836e+00 4.6812e+00
7302 -1.3091e+00 2.8332e-01 7.1064e+00
7303 -2.5439e+00 1.8855e+00 6.0135e+00
7304 -3.2382e-02 -5.0111e+00 3.8953e+00
7305 -2.7944e+00 3.0286e+00 2.4223e+00
7306 -8.6837e-01 -3.5156e+00 -2.1826e+00
7307 -1.8992e+00 -6.4719e+00 9.7155e-01
7308 9.6723e-02 -6.1603e+00 -4.1298e+00
7309 -8.2028e-01 -5.0445e+00 5.1688e+00
7310 -1.3619e+00 3.4616e+00 6.2024e+00
7311 -4.4791e+00 1.5516e+00 -1.3783e-01
7312 4.4655e+00 -3.5561e+00 -1.2159e+00
7313 -1.9584e+00 -7.4879e-01 4.8619e+00
7314 2.2230e+00 -2.4323e+00 4.0202e+00
7315 -3.0716e+00 -1.1978e+00 7.2334e-01
7316 -2.5170e+00 -3.9847e+00 1.7953e+00
7317 -2.1104e+00 -5.6231e+00 5.2428e+00
7318 -6.7738e+00 -3.0021e+00 6.7464e+00
7319 -4.7089e+00 -3.2922e+00 -7.2859e-01
7320 -2.5330e+00 1.6904e+00 -1.8718e-01
7321 2.1860e+00 -5.0815e+00 5.0122e+00
7322 -1.1829e+00 -6.2065e-01 -1.2150e+00
7323 3.6681e-01 -6.6441e+00 4.8776e+00
7324 4.7790e+00 1.1137e+00 3.4395e+00
7325 5.6436e-01 -2.2042e-01 -1.3373e+00
7326 -2.3032e+00 1.3765e+00 7.0215e+00
7327 7.3686e-01 -4.6273e+00 1.2925e+00
7328 -2.7088e+00 -7.1481e+00 6.7676e-01
7329 1.5026e-01 -4.5889e+00 2.8831e+00
7330 -7.7206e+00 8.5815e-01 1.1629e+00
7331 -1.7903e-01 -4.8352e+00 -1.1809e+00
7332 -2.8775e+00 -7.5957e+00 6.5179e-01
7333 4.4894e+00 8.7750e-01 5.0787e+00
7334 2.5982e-01 -2.9195e+00 5.3041e+00
7335 -4.6290e+00 2.5513e+00 -1.4347e+00
7336 -4.1377e+00 -4.0037e+00 4.8389e+00
7337 -3.9969e+00 -4.5459e+00 4.9815e+00
7338 -1.5489e+00 -1.8073e+00 5.9948e+00
7339 -1.1302e+00 -1.9239e+00 -6.5002e-01
7340 -1.2186e-01 -2.5661e+00 -2.7506e+00
7341 4.9130e+00 1.1051e+00 7.4292e+00
7342 4.6241e+00 -1.8888e+00 3.1785e+00
7343 1.8238e+00 -2.5890e+00 4.6017e+00
7344 1.6825e+00 -3.5061e+00 3.4987e-02
7345 -9.6451e-01 -6.1229e+00 3.2274e+00
7346 -5.2801e+00 -4.1469e+00 -2.6991e-01
7347 4.9276e+00 -3.7366e+00 -2.6620e+00
7348 3.0924e+00 -3.0089e-01 3.1141e+00
7349 -1.8741e-01 -2.7334e+00 6.8869e+00
7350 -2.1731e+00 -7.7162e+00 -4.1009e+00
7351 4.2140e+00 -2.1223e+00 2.6857e+00
7352 -8.1859e-01 6.8072e-01 5.6661e+00
7353 -2.7005e+00 4.1531e+00 5.7815e+00
7354 3.5251e-02 6.0448e-01 2.1242e+00
7355 -3.4297e+00 1.6287e+00 1.8611e+00
7356 9.1973e-01 -1.6116e+00 2.5122e+00
7357 -5.8046e+00 -1.3000e+00 2.1980e+00
7358 -5.8044e-01 2.9123e+00 4.9985e+00
7359 -6.3677e+00 4.6379e+00 8.2318e+00
7360 3.2622e+00 4.4257e+00 7.6987e+00
7361 -3.7845e+00 -2.7987e+00 6.5575e-01
7362 1.5228e+00 -6.4485e+00 -5.8364e+00
7363 -3.7754e+00 -4.7791e+00 4.3844e+00
7364 -3.2386e+00 -1.8243e-01 4.1423e+00
7365 -9.2727e-01 8.9694e-01 3.4385e+00
7366 -3.3213e-01 -1.7678e+00 6.8508e+00
7367 -4.9676e+00 -3.2468e+00 4.6236e-03
7368 -9.2169e-01 -7.5173e-01 7.6204e+00
7369 -4.9492e+00 -6.2442e+00 2.2342e+00
7370 -1.7699e+00 3.4982e+00 7.4257e+00
7371 -1.9380e+00 -1.6743e+00 3.5622e+00
7372 -3.9487e+00 -7.7694e-01 3.4912e+00
7373 -3.7989e+00 3.4249e+00 -2.5556e+00
7374 -1.1704e+00 -3.3259e+00 5.7290e+00
7375 -3.7198e+00 -3.5215e+00 4.0394e+00
7376 -3.6228e+00 -2.0264e+00 2.1901e+00
7377 -1.0448e+00 -2.0804e+00 -1.6114e-02
7378 -1.5038e+00 -3.3072e+00 6.2380e+00
7379 -3.7307e+00 1.5601e+00 5.5128e+00
7380 -1.1825e+00 -1.7282e+00 3.1587e+00
7381 2.2789e+00 2.4162e+00 8.6580e+00
7382 1.6493e+00 7.1351e+00 3.0079e+00
7383 -4.0149e-01 2.5387e+00 -3.1148e+00
7384 1.0465e+00 -3.5956e+00 8.8350e+00
7385 -5.3059e+00 9.6852e-01 9.2367e+00
7386 -4.3459e+00 -2.2653e+00 -1.3025e+00
7387 1.0713e+00 -2.8287e-01 -3.4667e-01
7388 -2.1497e+00 -2.3863e+00 4.4716e+00
7389 9.7226e-01 -2.7131e-01 7.2114e+00
7390 4.2811e+00 -1.3702e+00 -3.2990e+00
7391 1.1242e+00 3.2578e+00 3.9688e+00
7392 -4.9794e+00 -8.3809e+00 6.9525e+00
7393 7.5711e+00 -2.5530e+00 -4.2287e-01
7394 -2.2138e+00 -5.3369e+00 4.6933e+00
7395 -3.2282e+00 -2.6651e+00 9.6929e+00
7396 -6.8275e-01 5.3526e-01 4.3516e+00
7397 5.5280e-01 -4.0965e+00 1.8184e+00
7398 8.0538e-01 -1.9732e-01 6.6602e+00
7399 1.2078e+00 2.9368e+00 5.5044e+00
7400 -4.5968e+00 -7.3337e+00 2.5874e+00
7401 -1.4435e+00 1.8005e+00 4.7845e+00
7402 3.6364e+00 3.7459e+00 2.4565e+00
7403 9.9632e-01 -1.3837e+00 -4.1572e+00
7404 -3.0689e+00 4.7687e+00 3.9162e+00
7405 1.3946e+00 -2.1287e+00 -1.3441e+00
7406 3.7243e+00 -3.0686e+00 6.1888e+00
7407 -2.9340e-01 1.3283e+00 2.4390e+00
7408 -1.2718e+00 -5.2351e+00 4.1084e+00
7409 -3.1081e+00 2.3953e+00 5.8387e+00
7410 1.0904e+00 -5.4747e+00 -1.9557e+00
7411 -4.3988e+00 -6.7731e+00 -1.6477e+00
7412 3.1251e+00 -3.8324e+00 8.7805e+00
7413 -2.6175e+00 2.1082e+00 -4.1489e-01
7414 3.1255e+00 1.6679e+00 3.9084e+00
7415 -6.0284e-01 -4.4021e+00 4.2073e+00
7416 -9.0449e-01 -4.2409e+00 -7.1859e-01
7417 -7.1383e-01 1.1474e-01 8.5411e+00
7418 -2.5370e+00 7.2588e-03 4.5843e+00
7419 -7.8430e-01 5.3813e-01 -3.0353e-01
7420 -7.5337e+00 -1.0171e+00 -2.6683e+00
7421 1.7713e+00 -4.1456e+00 7.8803e+00
7422 4.1834e-01 -3.0178e+00 -1.1316e+00
7423 -4.1163e+00 -2.6347e+00 5.5366e+00
7424 -4.5279e+00 -5.2344e+00 -1.9589e-01
7425 -2.8911e-01 -4.5127e+00 7.9007e+00
7426 2.3036e+00 3.3181e-01 2.8971e+00
7427 -5.2324e+00 4.8963e+00 2.1798e+00
7428 -1.6401e+00 -6.4606e+00 5.0799e+00
7429 -1.3379e+00 1.3145e-01 -6.4071e-01
7430 -1.6525e+00 3.8341e+00 8.2201e+00
7431 -4.7630e+00 -5.0342e+00 7.0487e+00
7432 8.7991e-01 -2.5479e-01 3.8949e+00
7433 1.7517e+00 1.7002e+00 5.9104e-01
7434 4.1807e-02 -1.7791e+00 2.5025e+00
7435 -4.8590e+00 7.4495e-01 -3.9130e+00
7436 -5.6175e+00 -3.9164e+00 -1.1851e-01
7437 -1.2668e+00 1.5747e+00 3.9700e+00
7438 -6.5106e+00 -1.2855e+00 9.4741e+00
7439 -2.4204e+00 -2.4975e+00 6.8067e-01
7440 -3.8790e+00 -2.7247e+00 3.8961e+00
7441 -4.5136e+00 -2.7217e+00 3.0676e+00
7442 2.4669e+00 -7.6331e+00 6.1362e+00
7443 8.6060e-02 -9.2061e+00 -7.4753e-01
7444 2.9103e+00 -1.8916e+00 5.8174e-01
7445 -4.5091e-01 -1.4874e+00 9.1621e+00
7446 -2.8052e+00 -5.8912e-02 9.1277e+00
7447 -3.0617e+00 -1.0103e-01 6.8799e+00
7448 -3.2686e+00 3.3644e-01 1.6467e+00
7449 -1.5366e+00 -2.1873e+00 5.5940e+00
7450 4.0243e+00 3.3278e+00 4.7015e+00
7451 -1.4163e+00 -2.0093e+00 -1.3592e+00
7452 -2.2601e-01 -7.1465e+00 7.5990e+00
7453 -2.1138e+00 -6.5683e+00 -1.1449e+00
7454 2.6206e+00 1.1939e-01 9.4869e+00
7455 -3.1070e-01 -1.1790e+00 5.0670e+00
7456 -6.8220e+00 1.9947e+00 1.6921e+00
7457 -7.9147e-01 -1.1071e+00 1.1255e+00
7458 4.9835e+00 1.3101e+00 8.2122e+00
7459 1.0901e+00 -4.0929e+00 2.5975e+00
7460 5.5476e+00 -3.1055e+00 9.9937e+00
7461 9.8460e-01 1.4341e+00 9.6442e-03
7462 -3.8911e+00 -1.7019e+00 5.2413e+00
7463 -6.5157e-01 -1.0614e+00 4.1042e+00
7464 5.5308e+00 -4.1105e+00 4.1436e+00
7465 -8.1157e-01 -8.4554e+00 2.4314e+00
7466 -1.9224e+00 1.1343e+00 3.8700e+00
7467 -2.0647e+00 2.7106e+00 7.4795e+00
7468 -1.3583e+00 1.9776e-01 4.9707e+00
7469 -3.1993e+00 -4.2750e+00 5.1808e+00
7470 7.8723e-01 -4.9457e+00 -1.5398e+00
7471 -4.6776e+00 -6.4951e-01 1.5092e+00
7472 -9.2452e-01 -7.6575e+00 6.7441e+00
7473 3.7054e+00 -3.5333e+00 -4.0205e+00
7474 -3.3495e+00 -4.0095e+00 6.7572e+00
7475 2.1702e+00 -6.8204e+00 3.7858e+00
7476 -1.0866e+00 5.5167e-01 3.6891e+00
7477 -1.0007e+00 -3.9962e+00 1.4485e+00
7478 -1.0497e+00 5.7053e+00 8.7389e+00
7479 -2.8752e+00 4.0791e-02 -5.5886e-01
7480 -2.4371e-01 -3.7056e+00 6.7365e-01
7481 -4.0266e+00 -4.2977e+00 5.7116e+00
7482 -4.6726e+00 -4.5552e+00 7.3891e+00
7483 -2.2308e+00 -6.2588e+00 4.9468e+00
7484 5.1372e+00 1.2588e+00 1.4943e+00
7485 -4.2733e+00 -5.9195e+00 3.8726e+00
7486 1.0232e-01 7.9362e-01 2.2602e+00
7487 -3.4905e+00 -1.4465e+00 2.8199e+00
7488 -5.4979e-01 -2.9846e+00 -2.3241e+00
7489 1.8199e+00 4.0887e-01 3.0617e+00
7490 2.9614e+00 4.9438e+00 5.0932e+00
7491 2.0881e+00 -2.4867e+00 -2.3403e-01
7492 5.5832e+00 -7.1371e-01 6.5339e+00
7493 1.8713e+00 -4.9456e+00 5.2166e+00
7494 -1.9789e+00 -1.7985e-02 1.0321e+01
7495 -4.4687e+00 -5.3816e+00 3.8672e+00
7496 1.6047e-01 1.6523e-01 -1.2864e+00
7497 -1.2810e+00 -7.1449e+00 8.5997e+00
7498 -3.8541e+00 3.9570e+00 -8.4249e+00
7499 2.5727e+00 -4.1541e+00 3.8843e+00
7500 -9.1891e-01 6.2488e-01 2.2042e+00
7501 1.8304e+00 -3.0469e+00 6.1588e+00
7502 3.8207e-02 1.3200e+00 6.3507e+00
7503 7.0355e+00 1.4681e+00 8.5019e+00
7504 3.6798e+00 6.1046e-01 7.2316e+00
7505 -4.2431e+00 -2.1689e+00 7.8580e+00
7506 -3.2697e+00 -3.1403e+00 6.7622e+00
7507 -2.3789e-01 -1.9790e+00 2.6894e+00
7508 7.9760e-01 1.5119e+00 8.8589e+00
7509 1.3319e+00 -2.8415e+00 2.6695e+00
7510 -6.2804e+00 7.2667e-01 3.9976e+00
7511 -1.2679e+00 -3.5975e+00 2.5130e+00
7512 -1.4979e+00 2.1367e+00 1.0886e+01
7513 -2.5618e+00 -3.8855e+00 -3.0052e+00
7514 -7.9348e-01 -6.1226e+00 5.2917e+00
7515 -1.6425e+00 -5.5481e+00 1.2342e+00
7516 -4.7214e-01 -6.8270e+00 1.0849e+00
7517 -4.8839e+00 -1.2354e+00 6.6530e+00
7518 -4.7413e+00 -5.0682e-01 4.1345e+00
7519 -3.3261e+00 1.3341e+00 2.4847e+00
7520 -1.4497e+00 -6.1808e+00 2.3252e+00
7521 1.4934e+00 -6.3243e+00 3.1380e+00
7522 -2.6078e+00 2.5113e+00 7.7984e+00
7523 -3.3776e+00 1.8067e+00 1.6629e+00
7524 2.6043e+00 -2.7785e+00 -2.0910e+00
7525 -9.9761e-01 1.4197e+00 3.9555e+00
7526 2.9902e+00 -2.2716e+00 4.6325e+00
7527 -3.7562e+00 -1.7325e+00 7.6477e+00
7528 1.5146e+00 -6.4853e-01 1.2740e+00
7529 3.9149e+00 -6.3151e+00 3.9707e+00
7530 -1.2784e+00 -2.0551e+00 1.1651e+00
7531 6.0128e-01 4.9721e+00 5.5088e+00
7532 -2.6736e+00 -1.0936e+00 9.5629e-01
7533 -4.5304e-01 7.3640e-01 2.3162e+00
7534 -1.8101e+00 -2.2929e+00 4.5479e+00
7535 -1.5691e+00 3.3547e+00 9.0086e+00
7536 -6.2384e-02 -6.1732e+00 3.2891e+00
7537 -2.6570e+00 -9.5106e-01 6.2713e+00
7538 5.5960e-01 -7.0183e-01 7.7967e+00
7539 -1.1392e+00 8.8299e-02 5.0935e+00
7540 2.3064e+00 3.9663e+00 1.5199e+00
7541 1.8730e-01 -7.5087e+00 2.6650e+00
7542 -3.3963e+00 -3.1975e+00 8.3628e+00
7543 -6.9445e-01 -6.8241e+00 -9.4721e-01
7544 -6.2432e+00 -2.7404e+00 1.0905e+01
7545 3.6700e+00 -5.5138e+00 4.3443e-01
7546 -5.9875e+00 -6.3137e+00 1.7798e+00
7547 -3.4445e+00 -6.8751e+00 -5.7524e-01
7548 -6.4980e+00 -7.2794e+00 6.8167e+00
7549 -4.0961e+00 -8.0696e-01 4.2501e+00
7550 -6.6858e+00 -1.0561e+00 2.6616e+00
7551 -1.8046e+00 -2.6247e+00 8.2035e+00
7552 -7.2528e+00 2.9349e+00 8.4524e+00
7553 -2.8655e+00 1.9502e+00 2.0851e+00
7554 9.8634e-01 -1.2885e-01 4.2401e-01
7555 2.8021e+00 -7.5497e+00 4.5229e+00
7556 3.9066e+00 -3.5928e+00 4.4663e+00
7557 2.8600e+00 -4.6928e+00 6.3961e+00
7558 2.4782e+00 -7.8485e+00 9.3208e-01
7559 -1.2285e+00 -8.6130e-01 4.5112e+00
7560 -2.8039e+00 -3.1215e-02 2.9169e+00
7561 -8.7449e-01 1.6371e+00 4.7558e+00
7562 4.0551e+00 -2.3697e+00 -6.0499e-01
7563 4.1086e+00 -1.4018e+00 7.6284e+00
7564 -5.0222e-01 2.7500e+00 3.5183e+00
7565 -1.3199e+00 -6.6125e+00 9.5509e+00
7566 -2.5466e+00 3.7781e+00 8.0120e+00
7567 -6.5849e+00 -1.6141e+00 -5.3481e+00
7568 -3.7750e+00 -6.0393e-01 -1.0388e+00
7569 -4.1044e+00 -5.4786e+00 -1.2472e-01
7570 -6.4587e-01 -3.5085e-01 4.9816e+00
7571 -3.9262e+00 -5.2379e-01 2.3989e+00
7572 2.0800e+00 1.6834e+00 5.2277e+00
7573 -1.5082e-01 -6.2865e+00 5.7814e+00
7574 8.9361e-01 -6.2512e-01 3.8496e+00
7575 2.9266e-01 -1.2443e+00 8.2419e-01
7576 -1.1536e+00 -2.1795e+00 6.0283e+00
7577 1.5279e+00 4.6909e-01 3.5934e-01
7578 1.2187e-01 -4.6071e+00 6.2699e+00
7579 1.9008e+00 -5.7975e-01 6.4879e+00
7580 -5.3523e+00 -5.8490e+00 -1.0814e-02
7581 -9.5318e-01 1.7385e+00 6.5296e+00
7582 -2.8219e+00 -4.9469e+00 2.9824e+00
7583 -1.9593e+00 2.9245e+00 7.2868e+00
7584 -9.3470e-01 2.4749e+00 6.7048e+00
7585 -1.5945e+00 -7.4221e+00 5.6014e+00
7586 -7.9632e-01 -5.5799e+00 8.4546e+00
7587 -2.4035e+00 -4.0080e+00 5.2450e+00
7588 -3.8424e-01 -2.9355e+00 2.2057e+00
7589 -2.3393e+00 -2.1518e+00 6.1068e+00
7590 -7.5922e-01 -3.8557e+00 6.0363e+00
7591 -4.5156e+00 1.1501e+00 3.8155e-01
7592 -6.1756e+00 -4.1130e+00 7.3051e+00
7593 -1.1642e+00 -3.8863e+00 7.1343e+00
7594 -4.0280e+00 -6.3953e+00 2.6809e+00
7595 -3.1892e-01 3.8319e+00 2.3944e+00
7596 3.3350e+00 2.6773e+00 5.5510e+00
7597 -3.2161e+00 -1.4501e+00 -4.8746e+00
7598 -5.9466e-02 3.0161e-01 5.8315e+00
7599 -1.5026e+00 -4.7090e+00 -5.3873e-02
7600 2.8438e+00 -1.7991e+00 6.6638e+00
7601 -2.0245e+00 -3.4579e-01 2.1407e-01
7602 -4.8506e+00 -2.1541e+00 -3.7543e+00
7603 -5.7213e-02 -4.6568e+00 2.3629e+00
7604 -1.1468e+00 -1.4725e+00 4.3649e+00
7605 7.0254e+00 -4.4888e+00 3.2165e+00
7606 1.5487e+00 2.7422e+00 8.8659e+00
7607 -4.5592e+00 -2.9075e+00 5.9768e+00
7608 2.3342e+00 -6.3850e+00 5.2500e+00
7609 4.4617e+00 -3.5683e+00 9.4066e+00
7610 -2.8379e+00 -5.3604e+00 -5.6439e-01
7611 -6.2753e+00 8.7431e-01 9.6757e-01
7612 3.8824e+00 1.0870e+00 7.7746e+00
7613 2.5820e+00 -3.0272e+00 5.3866e+00
7614 -2.8547e+00 -2.9005e+00 3.6587e+00
7615 1.5683e+00 4.4467e-01 5.6741e+00
7616 -6.5847e+00 -3.1530e+00 7.0370e+00
7617 -2.6871e+00 -3.3935e+00 2.6256e-01
7618 -4.5946e+00 -9.3576e-02 1.1662e+00
7619 2.5862e+00 -4.4039e-01 9.3616e+00
7620 1.8585e+00 2.7997e-01 3.5865e+00
7621 -4.9543e+00 -5.1826e+00 -1.4507e+00
7622 -2.2096e+00 -8.4091e+00 1.2064e+01
7623 -3.8179e+00 -9.3662e-01 7.3035e+00
7624 1.6866e+00 -1.2390e+00 4.1931e+00
7625 1.4131e+00 -9.1885e-01 3.3252e+00
7626 1.5142e-01 -3.4137e+00 9.9694e+00
7627 5.7278e-01 6.9612e+00 5.1425e+00
7628 -4.6195e-01 -2.4587e+00 -3.7304e+00
7629 3.1571e+00 8.1833e-01 9.9579e+00
7630 1.2939e+00 -2.6032e+00 7.6247e-01
7631 1.6483e+00 2.0703e+00 7.3642e+00
7632 -2.7978e-01 -2.1515e+00 3.7301e+00
7633 -2.6993e+00 -5.6087e+00 7.2052e+00
7634 -4.1007e+00 -8.8256e+00 7.0854e+00
7635 3.1171e+00 2.3913e+00 3.3340e+00
7636 9.8817e-01 1.6227e+00 6.5955e+00
7637 -6.0973e+00 -3.6642e+00 2.7699e+00
7638 -3.1716e+00 -3.3325e+00 5.7932e+00
7639 8.0060e-01 4.2721e+00 8.7280e+00
7640 2.6514e+00 -1.4276e+00 -1.4615e+00
7641 -9.7328e-01 9.1129e-01 -3.3164e+00
7642 4.8151e-01 -2.1490e-01 1.6460e+00
7643 -4.8276e+00 -4.8605e+00 3.2528e+00
7644 -2.5648e+00 -5.2650e+00 -6.3732e+00
7645 -3.0258e-01 4.7987e-01 -1.3884e+00
7646 -2.3138e-01 -8.7839e-01 5.6312e+00
7647 -2.1295e+00 -9.7576e-01 4.8901e+00
7648 -3.1448e-01 -2.5121e+00 8.8271e+00
7649 -1.7341e+00 4.5422e+00 7.8798e+00
7650 7.7266e-01 -2.7478e+00 -5.4968e-01
7651 3.3199e+00 7.1804e+00 5.5599e+00
7652 1.5230e+00 -5.4491e+00 2.5039e+00
7653 2.2408e+00 -7.7981e+00 -1.2491e+00
7654 -1.6677e+00 -5.5240e+00 7.9861e+00
7655 -9.5765e-01 2.6951e-01 8.8517e+00
7656 -4.3234e+00 -3.2425e-01 6.2674e+00
7657 -3.0948e+00 -7.5776e+00 -3.4993e+00
7658 -6.7172e-01 -1.0085e+00 1.0628e+01
7659 -4.5074e-01 3.4672e+00 -9.8863e-01
7660 -6.0768e+00 -3.4790e+00 -7.1330e-01
7661 -2.5281e+00 -5.1880e-01 1.7991e+00
7662 5.2066e+00 3.8496e+00 4.2384e-01
7663 -2.3619e+00 -4.2153e+00 8.0669e+00
7664 -2.8452e+00 -8.4409e+00 -4.3490e+00
7665 -5.5762e+00 -4.6383e+00 6.0078e+00
7666 4.8349e+00 -2.1822e+00 7.3704e+00
7667 3.1995e+00 -2.2598e+00 5.6009e+00
7668 3.6799e+00 -3.8628e+00 -6.8936e-01
7669 -3.8609e+00 2.3484e+00 1.0232e+01
7670 1.1857e-02 -7.2464e+00 -4.2817e-01
7671 -1.2563e+00 -4.5418e+00 -6.5330e-01
7672 -3.7150e+00 -4.2991e+00 2.3355e+00
7673 -1.1449e+00 -4.3925e+00 -1.9292e+00
7674 2.7797e-03 3.5032e+00 7.3790e+00
7675 4.5600e+00 -4.0597e+00 -1.5346e+00
7676 -3.8782e+00 -1.8806e+00 1.0324e+01
7677 -3.0440e+00 -2.3732e+00 -8.5553e-01
7678 -3.5783e+00 -2.6914e+00 4.8561e+00
7679 -4.9463e+00 -4.1472e-01 2.7895e+00
7680 6.1399e-01 -3.2142e+00 1.1490e+00
7681 -2.2273e+00 1.9763e+00 4.2674e+00
7682 -2.3277e+00 4.2217e-02 3.6206e+00
7683 5.4785e+00 1.0628e-04 4.9110e+00
7684 -1.6716e+00 -3.4767e+00 7.0411e+00
7685 1.5488e+00 -7.5971e+00 7.0540e+00
7686 -1.8406e+00 -1.4471e+00 7.4237e+00
7687 -4.7604e+00 -5.8460e+00 1.5060e+00
7688 -2.7262e+00 4.1454e+00 1.6623e+00
7689 -6.5097e+00 1.0462e+00 7.1477e+00
7690 -5.1513e+00 -6.7135e+00 2.2419e+00
7691 -1.7879e+00 -1.6650e+00 1.0497e+01
7692 -1.8310e+00 3.1380e+00 9.3525e-01
7693 -3.1707e+00 2.1467e+00 7.9200e+00
7694 -2.8870e+00 -7.3804e-01 9.0790e-01
7695 5.1371e+00 -7.6645e+00 4.4499e+00
7696 -3.4073e+00 -7.9179e-01 7.6931e+00
7697 2.0118e-01 -3.9312e+00 7.3228e-01
7698 -2.3963e+00 -2.7964e+00 1.0837e+01
7699 -2.9092e+00 -3.8970e+00 -1.2242e+00
7700 2.1540e+00 -1.1300e+00 8.7258e+00
7701 -1.6845e+00 -5.1656e+00 5.3927e+00
7702 -1.5959e-01 -4.3853e+00 2.0404e+00
7703 2.0011e+00 -5.8824e-01 7.0087e+00
7704 -2.9065e-02 -2.2945e+00 8.6909e+00
7705 -1.3897e+00 -7.0239e+00 1.1766e+01
7706 -2.9644e+00 -5.4129e+00 1.1329e+01
7707 4.2762e+00 1.2756e+00 7.3501e+00
7708 -5.4686e-01 3.6818e+00 8.3902e+00
7709 1.5887e+00 4.4346e+00 1.0141e+01
7710 -4.0286e+00 -1.7953e+00 3.1995e-01
7711 3.4415e+00 -4.1413e-01 6.8117e-01
7712 -1.0586e-01 -3.1571e+00 4.0477e+00
7713 -3.4869e+00 -9.1418e-01 1.7415e+00
7714 -6.8218e+00 -2.0326e-01 7.9041e-01
7715 -1.0975e+00 -4.2830e-01 6.9266e+00
7716 -5.0849e+00 -3.4671e+00 1.6030e+00
7717 -2.7494e+00 -1.0813e+00 8.3594e-01
7718 -2.5887e+00 -2.2797e+00 -3.9960e+00
7719 -3.5985e-01 5.5939e-01 -5.5861e-01
7720 3.2683e-03 -1.7881e+00 7.9842e+00
7721 4.0333e+00 -1.1203e-01 6.0160e+00
7722 2.8763e+00 -3.3356e+00 5.5166e+00
7723 -1.9338e+00 -2.8667e+00 7.4722e+00
7724 3.8279e-02 -4.0665e+00 7.5606e+00
7725 2.5997e+00 -3.4162e-01 6.3822e+00
7726 1.4301e-01 -2.2947e+00 3.9968e-01
7727 1.1116e+00 -3.1165e+00 3.1770e+00
7728 -1.5449e+00 7.0006e-01 5.7276e-02
7729 -4.1949e+00 -1.0785e+00 6.3935e+00
7730 -1.5128e+00 3.6403e+00 3.7150e+00
7731 1.1833e+00 1.0713e+00 1.6469e+00
7732 -5.3877e+00 -6.7264e+00 1.2336e-01
7733 -1.9332e+00 1.4620e+00 7.7628e+00
7734 -8.2128e-01 -2.4247e-01 2.7272e+00
7735 -9.6732e-01 -1.5371e+00 9.2165e+00
7736 -4.4635e+00 -1.9534e+00 -3.1620e+00
7737 -6.8290e+00 -8.2434e+00 2.8643e+00
7738 5.2719e+00 -4.1959e+00 -1.2321e+00
7739 -6.1597e+00 -2.3000e+00 4.7811e+00
7740 6.3424e-01 6.8217e-02 5.3737e+00
7741 -1.3053e-01 -2.2987e+00 4.9022e-01
7742 3.8174e+00 -3.5567e+00 9.1766e+00
7743 -3.5345e+00 3.1471e+00 4.1788e+00
7744 5.0733e-02 -8.3651e+00 5.8194e+00
7745 5.1986e-01 5.0591e+00 3.3661e+00
7746 -7.2861e-01 -1.4318e+00 4.5556e+00
7747 -2.4941e+00 -2.9827e+00 9.5204e-01
7748 -4.5351e-01 -2.8180e+00 6.2447e+00
7749 -1.2158e-01 -1.3105e+00 -3.0226e+00
7750 -4.7923e+00 5.6357e-03 5.9683e+00
7751 -5.0255e-01 -3.2410e+00 4.9372e+00
7752 -6.0142e-01 -5.3826e+00 3.5242e+00
7753 6.9487e-01 -4.9681e+00 7.7601e+00
7754 6.1911e-01 3.2583e+00 6.4109e+00
7755 7.3069e+00 -6.4883e-01 1.6405e+00
7756 -4.1365e+00 -1.6371e+00 -2.7042e+00
7757 3.5341e+00 -1.7526e+00 3.5020e+00
7758 -8.2745e-01 8.3861e-01 1.6183e+00
7759 2.9528e+00 -5.4847e+00 3.0436e+00
7760 1.9052e+00 3.4744e-01 7.4191e+00
7761 -1.0034e+00 -4.3587e+00 4.4926e+00
7762 5.7307e-01 1.4346e+00 5.6584e+00
7763 -3.0612e+00 1.5946e-01 5.5032e+00
7764 -3.3098e+00 1.5803e+00 6.9965e+00
7765 -3.0502e+00 -5.5980e+00 5.0646e+00
7766 4.5558e-01 -3.7019e+00 4.1135e+00
7767 -4.0880e+00 2.2448e+00 7.5017e+00
7768 -1.2574e+00 -1.7248e+00 -8.6908e-01
7769 -6.5598e+00 -1.1330e+00 1.8445e+00
7770 2.1664e+00 -4.0360e+00 5.5912e+00
7771 -1.4975e+00 1.3352e+00 -5.9894e-01
7772 -5.3699e+00 -7.3871e+00 4.1630e+00
7773 -1.6108e-01 -4.4062e+00 4.2563e+00
7774 -1.6041e+00 6.7295e+00 1.0234e+01
7775 1.0574e+00 -2.1950e+00 7.1035e-01
7776 -6.2903e+00 -4.0181e+00 6.3370e+00
7777 4.5369e+00 2.0723e+00 6.0730e+00
7778 5.8623e+00 -3.3655e+00 1.8435e+00
7779 -4.9358e+00 1.1975e+00 5.3260e+00
7780 -2.7679e+00 -4.5124e+00 -3.9328e+00
7781 -2.3601e-01 -4.2422e+00 5.7482e+00
7782 5.6414e+00 -3.8018e+00 4.9981e+00
7783 3.9192e+00 -5.9696e+00 3.5539e+00
7784 -1.6596e+00 -5.8046e+00 9.3495e-01
7785 -1.7647e+00 -1.1782e+00 7.8855e+00
7786 -2.6495e+00 -7.0549e+00 7.5055e+00
7787 4.2883e+00 -1.9833e+00 1.0223e+01
7788 -4.8016e+00 7.6640e-01 9.0376e+00
7789 -1.7180e+00 -1.9018e+00 7.0215e+00
7790 -2.0872e+00 -3.0374e+00 8.8113e-01
7791 4.4292e+00 2.5630e+00 6.9894e+00
7792 -3.6163e+00 5.7521e+00 4.0381e+00
7793 -3.8365e+00 9.3363e+00 7.8565e+00
7794 -7.2373e-03 -8.5174e+00 -1.5800e+00
7795 2.0695e+00 -4.4185e+00 5.6024e+00
7796 8.0692e-01 -1.6324e+00 -1.9285e-01
7797 1.7966e-01 1.7173e+00 4.8163e+00
7798 1.8977e+00 -3.2649e+00 4.7516e+00
7799 1.9336e+00 -7.5964e+00 1.9858e+00
7800 -2.7787e+00 3.0464e+00 2.1319e+00
7801 -5.6462e+00 -4.4665e+00 -8.7362e-01
7802 -1.7304e+00 -5.9589e+00 6.3086e+00
7803 9.8314e-01 1.9720e+00 -1.0911e+00
7804 -4.6222e-01 3.2063e-02 4.8180e+00
7805 -3.3975e+00 -3.3804e+00 1.1883e+00
7806 -2.0246e+00 -1.0441e+00 5.9423e+00
7807 4.9126e+00 2.3376e+00 3.2288e+00
7808 -3.9534e+00 -1.1503e-01 2.7175e+00
7809 -1.7339e+00 4.3978e+00 6.1580e+00
7810 1.8475e+00 -6.0905e+00 1.8294e+00
7811 -3.0094e+00 3.8909e-01 1.7860e+00
7812 -4.1665e+00 -7.8531e+00 1.7465e+00
7813 2.0313e+00 4.5449e+00 2.7521e+00
7814 -1.1460e+00 -6.2087e-01 3.9379e+00
7815 -1.3321e+00 -4.9807e+00 -1.7496e+00
7816 4.0702e+00 -7.9339e+00 -7.4027e+00
7817 -3.1437e+00 -2.9897e-01 7.0754e+00
7818 -4.2889e+00 6.2859e+00 7.2022e+00
7819 2.3855e+00 1.0872e+00 5.3919e+00
7820 3.3617e+00 -5.8056e-01 2.4368e+00
7821 -2.6186e+00 1.0419e+00 -2.8219e+00
7822 1.6019e+00 1.7171e+00 2.3318e+00
7823 -3.4825e+00 -4.6287e+00 -1.8824e+00
7824 -4.1701e+00 -3.4513e+00 2.6837e+00
7825 4.2030e+00 8.5335e-01 -2.3506e+00
7826 -3.9163e+00 -8.6695e-01 3.4770e+00
7827 -2.2075e+00 -3.1594e+00 9.2204e-01
7828 -1.0805e+00 -1.5681e+00 -2.6300e+00
7829 -1.7176e+00 -4.9204e+00 3.0093e+00
7830 -2.3931e+00 -4.8243e+00 4.9091e+00
7831 -4.7298e+00 4.8908e-02 -1.3160e+00
7832 -1.8521e+00 5.0667e+00 4.9521e+00
7833 -1.7512e+00 4.9767e+00 6.8180e+00
7834 -2.3461e+00 -2.2693e+00 1.2811e+00
7835 2.7466e+00 3.9543e+00 3.3125e+00
7836 -1.6633e+00 -1.3055e+00 7.8419e+00
7837 -2.9832e+00 2.5569e+00 6.0149e+00
7838 -1.8535e-01 -6.1485e+00 3.3732e+00
7839 -1.5740e+00 3.1073e-01 -2.5378e+00
7840 -1.3268e+00 -1.2275e+00 1.1086e+01
7841 -2.2368e+00 -3.3029e+00 3.3663e-01
7842 9.8906e-01 -3.4231e+00 -2.5572e+00
7843 -3.1603e+00 -5.0863e+00 2.5229e+00
7844 -2.4632e+00 4.5020e+00 2.8061e+00
7845 4.6728e+00 -2.7340e+00 7.1052e+00
7846 -4.7951e+00 -1.8338e+00 5.8407e+00
7847 -4.6862e+00 -1.7246e+00 -2.2729e-01
7848 -7.6873e-01 6.8836e-01 8.2199e+00
7849 -2.7360e+00 -1.5204e-01 6.4997e+00
7850 4.8387e+00 -1.7067e+00 9.4418e+00
7851 -3.5888e+00 -4.0716e+00 7.2945e+00
7852 -3.9897e+00 -3.1480e+00 3.6615e+00
7853 -2.2269e+00 3.0875e+00 7.1876e+00
7854 1.9735e+00 4.4587e+00 8.5455e+00
7855 -2.8388e-02 1.3442e+00 8.7934e+00
7856 -1.4112e+00 -2.6634e+00 4.2352e+00
7857 -1.5916e+00 -7.1063e+00 3.7022e+00
7858 1.2741e+00 -1.2241e+00 1.8131e+00
7859 -3.0438e+00 -9.5744e-02 3.8474e+00
7860 1.1542e-01 -3.1199e-01 3.5998e+00
7861 -4.9337e+00 -4.0927e+00 9.5188e-01
7862 -2.3828e-01 -5.3624e+00 -3.7608e-01
7863 -1.5767e+00 -1.5575e+00 -3.4097e+00
7864 -1.9242e+00 -1.0097e+00 2.2364e+00
7865 -1.2368e+00 -5.7563e+00 1.4949e-01
7866 -1.3555e+00 3.0082e+00 4.7942e+00
7867 -4.8510e+00 -1.7522e+00 -8.4104e-01
7868 -3.9509e+00 -4.5203e+00 6.0165e+00
7869 -2.7753e+00 -5.3718e-01 8.7873e+00
7870 -2.0741e+00 -3.1441e+00 5.8855e+00
7871 6.3271e+00 -5.8087e+00 -7.0095e-01
7872 1.2189e+00 -3.1918e+00 2.8893e+00
7873 -3.0148e+00 -3.4373e+00 4.7275e+00
7874 -2.2477e+00 -1.4569e+00 -4.2295e-01
7875 -3.0307e+00 -8.6651e+00 -3.7647e+00
7876 4.2372e+00 1.4733e-01 6.3194e+00
7877 -6.1893e+00 -4.9249e+00 -3.3160e-01
7878 2.0390e-01 -4.3797e+00 7.3379e+00
7879 -3.3094e+00 3.3187e-01 8.8665e+00
7880 -1.1883e+00 -1.8688e-01 1.0983e+01
7881 6.6368e-01 -6.7078e+00 6.6742e-02
7882 1.5865e+00 1.4308e+00 3.7180e+00
7883 -1.0519e+00 -3.0276e-01 3.4733e-01
7884 -1.4073e+00 -2.9716e-01 2.4499e+00
7885 -2.9650e+00 -2.0266e+00 9.2681e+00
7886 -8.6852e-01 -3.4711e+00 -8.0538e-02
7887 8.5649e-01 5.0347e+00 5.1149e+00
7888 5.8504e+00 -4.5893e-01 8.4749e+00
7889 1.6801e+00 1.7140e+00 8.4245e+00
7890 6.3655e-02 9.0099e-01 1.1222e+01
7891 -1.2827e+00 5.0716e+00 9.1675e+00
7892 -2.7413e+00 -4.2662e+00 -6.6577e+00
7893 -2.1712e+00 -1.2330e+00 1.8895e-01
7894 -2.6214e+00 4.5162e+00 4.3763e+00
7895 -1.6745e+00 -3.9970e+00 3.7231e+00
7896 -2.5048e+00 -1.2157e+00 -2.6438e-02
7897 4.8983e-02 1.5067e+00 4.3179e+00
7898 -2.6940e+00 -8.4005e-01 9.2091e+00
7899 -3.6600e+00 -4.3329e+00 8.4091e+00
7900 -1.4853e+00 -4.6654e+00 1.0701e+01
7901 9.8664e-01 5.6548e-01 8.2636e+00
7902 -1.6991e+00 3.1874e+00 3.9311e+00
7903 -7.7386e+00 -4.9195e-01 -1.1248e+00
7904 2.6126e+00 -8.5056e+00 2.3894e+00
7905 -5.0949e+00 8.7990e-02 3.9048e+00
7906 -1.7803e+00 -3.1654e+00 8.0869e-01
7907 -2.1310e+00 3.2337e+00 9.0561e+00
7908 -2.6718e+00 7.2147e-01 4.6360e+00
7909 3.1509e-01 -5.0708e+00 -5.5783e-01
7910 1.5517e-01 -4.2291e+00 1.5540e+00
7911 -2.9074e+00 -3.0391e+00 8.1007e+00
7912 -6.8378e+00 2.7120e+00 1.1053e+01
7913 -3.6668e+00 -2.2272e+00 -7.2934e-01
7914 -1.9948e+00 4.4502e+00 -4.0362e+00
7915 7.6510e+00 -4.3925e+00 3.7748e+00
7916 -8.6483e-01 -2.1609e+00 -1.2277e+00
7917 -3.1352e+00 -1.9594e+00 5.6713e+00
7918 2.5434e+00 -2.5141e+00 4.4738e+00
7919 9.8152e+00 -4.3869e+00 5.6396e+00
7920 -5.6941e+00 -3.8747e+00 1.7217e+00
7921 -3.3450e+00 -8.0276e+00 3.2128e+00
7922 -5.8930e+00 2.1744e+00 2.0618e+00
7923 -4.7316e+00 -3.3194e+00 2.8237e+00
7924 -1.0365e-01 -6.8729e-01 6.9195e+00
7925 -2.6557e+00 -5.5466e+00 6.6603e+00
7926 -4.5199e+00 -8.3158e-01 4.6309e+00
7927 2.0101e+00 -5.3295e+00 8.3241e+00
7928 5.1612e+00 -4.4033e-01 9.2332e+00
7929 -4.6681e+00 2.0055e+00 6.4847e+00
7930 -3.5347e+00 -6.5403e-01 8.3015e+00
7931 1.5508e+00 -6.7949e-01 1.0852e+01
7932 -1.4963e-01 -9.6328e-02 1.0216e+01
7933 2.4867e+00 -4.0462e+00 3.2510e+00
7934 1.1402e+00 -6.5791e-01 5.9784e+00
7935 -2.6173e+00 -5.7402e-01 -4.6003e-01
7936 -6.8913e+00 -4.0727e+00 6.1571e+00
7937 1.7562e+00 -2.4037e+00 3.6491e+00
7938 -1.9783e+00 -2.6337e+00 7.8907e-01
7939 1.3101e+00 -3.3800e+00 -9.1170e-01
7940 -6.0786e+00 -4.0711e+00 -6.6581e+00
7941 -1.7793e+00 -3.7993e+00 9.7296e+00
7942 4.3262e+00 2.3689e+00 4.9336e+00
7943 -1.4147e+00 -4.3707e+00 -3.3036e-01
7944 3.1669e+00 1.2032e+00 8.1822e+00
7945 -4.4723e+00 -1.3995e+00 1.2396e+01
7946 3.3351e+00 -3.0836e-01 2.5098e+00
7947 -5.3268e-01 -5.6055e+00 5.2658e+00
7948 -6.2720e-01 -1.5255e+00 2.1160e+00
7949 -5.8602e-01 -5.9522e+00 1.0567e+01
7950 -9.2055e-01 3.8356e-01 4.5296e+00
7951 2.5163e+00 -3.7717e+00 4.9479e+00
7952 -7.0845e-01 1.9337e+00 4.2435e+00
7953 -4.8035e+00 -5.8243e+00 -4.7989e+00
7954 -3.6048e+00 -5.4921e+00 3.9313e+00
7955 -9.3823e-02 -2.4254e+00 -5.0916e-01
7956 -4.1749e-01 1.2138e+00 9.5049e+00
7957 -5.1026e+00 2.7789e-01 6.6642e+00
7958 -3.1466e+00 -1.1552e+00 4.4547e+00
7959 2.4350e+00 -1.7876e+00 1.7474e+00
7960 -4.2721e-01 1.0038e+00 7.4050e+00
7961 1.0511e+00 -3.6585e+00 2.0054e+00
7962 1.8613e+00 2.4679e+00 1.5061e+00
7963 1.1915e+00 -6.7559e+00 -1.4246e+00
7964 5.8671e-01 -3.4259e+00 7.6081e+00
7965 5.4797e+00 -7.4097e+00 1.1163e+00
7966 3.8398e+00 -4.9804e+00 3.9415e+00
7967 2.2460e+00 -6.4270e+00 6.4724e+00
7968 1.2306e+00 -3.7086e+00 9.0645e+00
7969 -2.0561e+00 2.0190e+00 1.0253e+01
7970 4.7433e+00 1.8802e+00 6.4592e+00
7971 -1.2485e+00 9.7768e-01 1.5080e+00
7972 4.9297e-01 -5.0090e+00 -3.8294e-01
7973 -4.6587e+00 -2.7980e+00 4.2728e+00
7974 -7.2826e+00 -3.5425e+00 4.9256e+00
7975 8.1020e-01 -7.0969e-01 8.2643e+00
7976 -7.1923e-01 -3.7459e+00 6.2110e+00
7977 -1.8142e-02 -7.8877e+00 -1.9043e-01
7978 -2.4151e+00 1.2395e+00 9.7666e-02
7979 -2.9535e+00 9.5377e+00 8.2761e+00
7980 -4.2923e+00 -1.8870e+00 6.9453e+00
7981 -4.1877e+00 5.2467e-02 4.1774e-02
7982 -3.5718e-01 8.1006e-01 5.0606e+00
7983 -3.8365e+00 -2.9606e+00 1.0027e+01
7984 2.1476e+00 -3.0997e+00 -3.3163e+00
7985 6.2920e-01 7.6360e-01 -1.4957e+00
7986 -2.3939e+00 -1.5449e+00 8.9962e+00
7987 -4.1521e+00 -4.1169e+00 1.0888e+01
7988 1.8686e+00 -1.7533e+00 3.5304e+00
7989 2.4844e-01 1.3117e+00 -1.0349e+00
7990 3.1262e-01 1.7026e+00 3.3515e+00
7991 2.9990e+00 -1.5493e+00 -2.6535e-01
7992 2.3819e+00 2.4148e-01 6.9171e+00
7993 9.9922e-01 -4.5668e+00 4.1525e+00
7994 2.0388e+00 -7.7762e-01 6.2997e+00
7995 4.2141e+00 -2.4693e+00 2.1568e+00
7996 -1.3568e+00 -6.1468e+00 -3.2569e+00
7997 3.7683e-01 -3.1674e+00 2.7511e+00
7998 -2.8635e+00 3.1533e+00 5.5799e+00
7999 -5.6385e+00 -5.7122e+00 7.0258e+00
8000 -2.0655e+00 2.5439e+00 -3.6917e+00
8001 1.8988e+00 -2.1404e+00 2.2563e+00
8002 -4.7672e-01 -7.6031e+00 -3.2128e+00
8003 4.0958e+00 -6.9794e+00 2.0096e-01
8004 5.5969e-01 -6.8237e+00 -3.0336e+00
8005 -2.8811e+00 -4.4939e+00 4.8338e+00
8006 -1.6227e+00 -1.6317e+00 1.0219e+01
8007 -2.7325e+00 -3.3507e+00 3.1701e+00
8008 -2.0445e-01 -2.8966e+00 2.4185e+00
8009 9.8690e-01 2.3045e+00 -3.6071e+00
8010 -2.5698e+00 -5.3721e+00 -3.8282e-01
8011 -2.2678e-01 -2.9718e+00 2.8624e+00
8012 4.4176e-01 -4.3232e+00 3.1487e+00
8013 3.6602e-01 -5.1338e+00 -8.9235e-01
8014 2.1915e+00 -2.5052e-01 8.5456e+00
8015 -1.2457e+00 1.7379e+00 3.6467e-02
8016 -4.6037e-01 -3.7618e+00 4.4891e+00
8017 -2.7550e+00 -5.1128e+00 7.1167e+00
8018 3.2408e+00 -8.6602e+00 1.4839e-01
8019 -3.1191e+00 -5.8617e+00 2.8044e+00
8020 -1.1482e+00 -4.5610e+00 2.0218e+00
8021 4.7163e-01 -6.6397e-01 4.7733e+00
8022 -5.6965e-01 -2.2196e+00 1.4702e+00
8023 2.5292e-01 -3.8254e+00 -2.9599e-01
8024 2.0837e+00 -5.0429e+00 3.0663e-01
8025 8.2502e-01 -2.3557e+00 1.0016e+01
8026 3.6953e+00 2.1467e+00 4.2132e+00
8027 -5.1799e+00 -4.0305e+00 9.0559e-01
8028 -3.8224e+00 -8.8671e+00 1.9712e+00
8029 -5.1489e+00 3.7496e+00 9.1987e-02
8030 -4.4234e+00 -3.5766e+00 3.5132e+00
8031 7.4706e-01 1.0310e-01 -2.0722e-01
8032 5.9386e+00 -6.1837e-01 2.6670e+00
8033 -2.0999e+00 -2.7156e-01 -1.7179e+00
8034 -3.4417e+00 -3.5398e+00 6.3104e+00
8035 6.9030e+00 -1.4479e+00 2.9976e+00
8036 -3.8754e+00 1.8591e+00 9.6694e+00
8037 -4.6457e-01 6.2940e-01 4.4513e+00
8038 -6.8343e+00 -1.3875e+00 9.0817e+00
8039 -6.4381e+00 2.9118e+00 7.9503e+00
8040 -3.2819e+00 -1.0910e+00 6.1133e-01
8041 -3.5496e+00 -3.5689e+00 2.9007e+00
8042 -2.2593e+00 -1.4278e+00 1.5614e+00
8043 -2.3849e+00 -7.9797e+00 -1.1066e+00
8044 1.5236e+00 -4.9951e+00 7.0094e+00
8045 -2.4764e+00 -1.8256e+00 3.6076e+00
8046 9.4618e-01 -5.3780e+00 4.0913e+00
8047 -5.1520e+00 1.1012e+00 -1.2635e+00
8048 1.0461e+00 -1.8335e+00 2.5451e+00
8049 -1.1014e+00 2.5044e+00 9.7694e+00
8050 -2.4413e-01 -2.0832e+00 2.8230e+00
8051 -4.3050e+00 -3.9590e+00 8.9526e-02
8052 1.1995e+00 -3.3663e+00 5.9784e+00
8053 -7.5067e-01 7.7898e-01 5.8193e+00
8054 1.2477e+00 -1.9690e+00 5.7368e+00
8055 2.4435e+00 -9.4611e-01 -1.8323e+00
8056 -4.7726e+00 -2.0105e+00 2.2286e+00
8057 1.1601e+00 -4.3380e+00 -3.8021e+00
8058 2.8092e+00 3.3970e+00 5.4991e+00
8059 -3.3277e+00 9.6614e-02 5.0457e+00
8060 -4.4354e-01 -2.5803e+00 -2.8316e+00
8061 -1.0878e+00 -6.2387e+00 5.7673e+00
8062 3.3922e+00 -4.1479e+00 5.3338e+00
8063 -3.8925e+00 -1.6261e+00 2.2568e+00
8064 -6.4305e+00 -1.1052e+00 7.2295e+00
8065 -3.5203e+00 8.4391e-02 3.9599e-01
8066 2.0437e+00 -9.2529e+00 7.3613e+00
8067 -3.4379e+00 1.1277e+00 1.1380e+01
8068 1.3476e+00 -3.1965e+00 3.1753e+00
8069 -2.7741e+00 -5.6286e+00 4.2718e-01
8070 -3.3740e-01 -7.7803e+00 -8.5183e-01
8071 -4.6373e+00 -4.4601e+00 4.1189e+00
8072 -3.9403e+00 1.4170e-01 5.1554e+00
8073 -9.8103e-01 1.9131e+00 1.4520e+00
8074 1.2869e-01 8.2879e-01 5.6316e+00
8075 2.3174e-01 -6.1356e+00 -1.9546e+00
8076 -3.2044e+00 -5.6448e+00 4.4452e+00
8077 3.4936e-01 1.6546e+00 4.5688e+00
8078 -2.0165e+00 4.2053e-01 3.8524e+00
8079 1.3349e+00 -3.0360e+00 2.8535e+00
8080 -1.6911e+00 4.3725e+00 2.8420e+00
8081 -1.8598e+00 -2.4267e+00 3.9531e+00
8082 -5.8416e+00 -2.8770e+00 7.9162e+00
8083 -3.1812e+00 -1.0546e+00 7.8107e+00
8084 1.1973e+00 -6.8471e+00 7.2648e-01
8085 2.7345e-01 1.3542e+00 -4.2123e-01
8086 -2.3548e+00 -2.2217e+00 1.0085e+01
8087 4.6090e+00 -6.1596e-01 2.2063e+00
8088 3.3051e+00 -7.5308e+00 2.3103e+00
8089 -3.4903e+00 -1.9620e+00 2.6829e+00
8090 -3.2367e+00 2.7693e+00 7.1836e+00
8091 -1.7775e+00 -1.1533e+00 4.0508e+00
8092 6.6925e-01 3.4156e+00 3.2079e+00
8093 6.8696e-01 -3.0025e+00 5.2964e+00
8094 -3.7586e+00 1.1729e+00 2.6299e+00
8095 -1.3523e+00 -2.9550e+00 -3.2953e+00
8096 4.0541e+00 -2.8233e+00 3.8643e+00
8097 7.2843e+00 9.3194e-01 1.7337e+00
8098 -5.4639e+00 -3.8142e+00 5.0160e+00
8099 1.0587e+00 -7.0671e+00 -4.2360e+00
8100 -1.1161e+00 -1.2010e+00 -2.9695e+00
8101 -1.7405e-01 -8.8920e-01 6.3077e+00
8102 -1.4382e+00 -5.6836e+00 9.5090e-01
8103 2.8947e-01 -6.5642e+00 2.1473e+00
8104 -3.0970e+00 -2.8472e+00 8.4395e+00
8105 3.1715e+00 -3.7618e+00 1.7488e+00
8106 1.6277e+00 -4.2772e+00 2.9416e-01
8107 3.6131e-01 -4.3255e+00 -4.9006e-01
8108 -3.4679e+00 -1.2801e+00 2.1515e+00
8109 -2.8678e+00 -9.8889e-01 -3.1940e+00
8110 1.7323e+00 -4.7852e+00 5.9533e+00
8111 -3.7756e+00 -4.3696e+00 1.9545e+00
8112 -2.9113e-02 -1.4582e+00 2.0925e+00
8113 4.5338e-02 3.8121e+00 8.4330e+00
8114 -3.7003e+00 -7.5035e+00 -1.0722e-01
8115 -2.9254e+00 7.7596e-01 8.8178e+00
8116 -2.3800e+00 -1.5032e+00 -3.4405e+00
8117 -3.0623e+00 -5.5985e+00 -1.7392e+00
8118 -9.4750e-01 -5.5681e+00 -3.2592e+00
8119 -1.0592e+00 2.9394e+00 5.6743e+00
8120 -6.5714e-01 -2.1692e+00 -3.6177e-01
8121 2.1098e-01 4.1167e-01 1.0975e+00
8122 -2.5540e+00 -6.4281e+00 5.6596e+00
8123 -2.8708e+00 -1.8342e+00 -3.0611e+00
8124 -2.6436e-01 -2.9855e+00 -2.1421e+00
8125 -3.0653e+00 -3.4678e+00 6.3745e+00
8126 -3.1195e+00 -7.5534e+00 -6.0480e-01
8127 -4.2770e+00 -5.6488e+00 8.9713e+00
8128 -2.0093e+00 -4.1562e+00 5.8166e+00
8129 -1.3746e+00 -1.7476e+00 4.7020e-01
8130 -5.2157e-02 -1.0462e+00 -8.2492e-01
8131 -1.2218e+00 -3.0925e+00 -1.7620e+00
8132 1.4153e+00 1.2669e+00 5.7224e+00
8133 -2.8537e-01 -4.0346e+00 4.0209e+00
8134 6.9013e-01 -2.8807e+00 4.0975e+00
8135 -1.0214e+00 -4.2258e+00 7.8801e-02
8136 -1.7952e+00 -2.9909e+00 5.2921e+00
8137 1.0800e+00 -9.4370e-01 4.1177e+00
8138 -2.7523e+00 7.9839e+00 1.4725e+00
8139 3.1786e+00 -5.6895e+00 2.0509e+00
8140 -3.9101e+00 -7.3470e+00 3.0027e+00
8141 -2.7743e+00 -1.9209e+00 -2.3501e+00
8142 -8.7437e-01 1.5409e+00 7.2469e+00
8143 -2.5410e+00 -7.6178e-01 5.7160e+00
8144 -5.2081e+00 -6.4548e+00 -1.6346e+00
8145 3.8817e+00 -7.5932e-01 2.7408e+00
8146 2.0216e-01 -2.1257e-01 6.3315e+00
8147 2.9863e+00 -4.9426e+00 4.1774e+00
8148 -1.0938e+00 3.6298e+00 6.1392e+00
8149 -4.8841e+00 -1.8142e+00 3.9634e+00
8150 9.8670e-01 -8.5196e-01 5.9973e+00
8151 1.3284e+00 -2.1274e+00 3.6438e+00
8152 -3.8877e+00 4.2865e-01 3.8900e+00
8153 -1.6801e+00 2.1754e+00 7.2678e+00
8154 1.4747e+00 -6.8144e-01 9.4606e+00
8155 -9.8686e-01 2.4739e+00 1.8178e+00
8156 1.4978e+00 3.3277e-01 1.8545e+00
8157 8.7155e-01 -2.6163e+00 7.0212e+00
8158 1.2930e+00 -5.0593e+00 -2.5090e+00
8159 -6.0459e-01 -2.2896e+00 5.6893e+00
8160 2.3918e+00 -1.9954e+00 2.0988e-01
8161 -2.6361e+00 4.4008e+00 1.0772e+01
8162 -4.5604e+00 -4.2632e+00 3.5833e+00
8163 1.0888e+00 -3.0577e+00 6.3277e+00
8164 -3.3518e+00 -8.1516e+00 6.5576e+00
8165 1.0404e+00 -3.3878e+00 1.4464e+00
8166 -8.0862e-01 -8.6407e-01 -1.4409e-01
8167 -5.8886e+00 -4.3268e+00 2.9731e+00
8168 4.1668e+00 -4.3920e+00 3.4448e+00
8169 -3.8742e+00 7.6264e-01 8.9647e+00
8170 -1.2025e+00 -4.5420e+00 7.6290e-01
8171 -5.5991e-01 -1.3386e+00 4.4804e+00
8172 -5.9234e+00 -4.8956e-01 5.7933e+00
8173 2.1726e+00 2.3784e+00 5.1340e+00
8174 1.7144e-01 -2.2459e-01 7.9362e+00
8175 -1.2187e+00 -6.9943e+00 4.6976e+00
8176 2.8081e+00 -1.0273e+00 7.1281e+00
8177 -1.3807e+00 -3.0229e+00 7.8561e-01
8178 -2.6149e+00 -3.3373e+00 5.6647e+00
8179 -3.6263e+00 7.3980e-01 -1.1518e+00
8180 -1.9708e+00 -3.6007e+00 2.0983e+00
8181 -3.8546e+00 -3.8065e+00 8.6319e+00
8182 -2.8603e+00 -6.2558e+00 -1.8943e+00
8183 -1.6565e+00 -1.2232e+00 6.4715e+00
8184 -1.9858e+00 -1.3706e+00 1.9031e+00
8185 -4.1173e+00 -1.1929e+00 -6.0068e+00
8186 -1.9635e+00 -9.0848e+00 8.1402e+00
8187 4.7633e+00 -1.2507e+00 6.4165e+00
8188 5.7306e-02 3.9949e+00 -1.3742e-01
8189 -2.1986e+00 -1.5723e+00 4.9109e+00
8190 6.3560e-01 -3.5610e+00 -5.8079e+00
8191 -3.2271e+00 2.8049e+00 7.9156e+00
8192 -2.6049e+00 2.1052e-02 4.9521e+00
8193 -5.2226e+00 -3.4804e+00 3.5811e+00
8194 -5.5765e+00 1.7765e+00 2.9499e+00
8195 1.7254e+00 -4.7691e-02 4.3398e+00
8196 -2.6450e+00 1.4334e+00 -4.7315e+00
8197 1.1240e-01 3.4376e+00 8.6745e-02
8198 -2.2102e+00 -5.6243e+00 3.1074e+00
8199 1.2442e+00 -2.5194e+00 2.0254e+00
8200 -9.4750e-01 -5.6948e+00 6.6205e+00
8201 -3.1349e+00 -2.7742e+00 2.3826e+00
8202 4.7036e-01 1.2796e+00 4.7949e+00
8203 2.0507e+00 -4.4750e+00 2.8519e-01
8204 -2.2677e+00 2.1217e+00 4.2002e+00
8205 1.1592e+00 6.7122e-01 2.2298e+00
8206 2.3555e+00 -6.0611e+00 1.3922e-01
8207 -6.7975e-01 -9.9772e-01 -1.5732e+00
8208 -2.7469e+00 -4.3345e+00 2.9097e+00
8209 -9.5968e-01 -2.5659e+00 2.8143e+00
8210 -3.4704e-01 -4.2975e+00 -2.6544e+00
8211 6.4368e-01 -6.9875e+00 1.0153e+00
8212 1.6585e+00 7.7046e-01 -3.2444e+00
8213 -6.9106e-02 -3.5803e-01 9.3081e-01
8214 1.0956e+00 -7.3132e+00 6.0085e+00
8215 -5.2684e+00 1.9470e+00 9.7705e+00
8216 3.0251e+00 -1.5636e+00 -6.9400e-01
8217 -4.1933e+00 -2.9011e+00 3.2452e-01
8218 -1.1157e+00 4.2556e-01 6.2247e-02
8219 1.5277e+00 -2.6613e+00 -5.4034e+00
8220 -3.5893e-01 -7.6463e-01 7.7004e+00
8221 -6.3395e-01 2.5509e+00 4.0053e+00
8222 1.1644e+00 1.3127e+00 1.1224e+01
8223 -1.8203e+00 -3.9751e+00 4.6266e+00
8224 -3.3853e+00 -4.6877e-01 8.3923e-01
8225 2.7788e-01 -3.0319e+00 -1.0890e+00
8226 -4.8909e+00 -4.6948e+00 2.6166e+00
8227 -3.1348e+00 -1.5230e+00 -3.1462e+00
8228 2.4640e+00 -6.0970e+00 -4.1378e-01
8229 -5.0070e+00 -1.3024e+00 2.9578e+00
8230 1.1306e+00 1.5295e+00 5.1457e+00
8231 -1.6184e+00 -1.6342e+00 7.3759e+00
8232 3.4633e+00 3.6050e+00 1.2864e+00
8233 2.0894e+00 -2.9909e+00 3.5991e+00
8234 4.3492e-01 -2.3072e+00 1.1034e+00
8235 -1.2025e+00 -4.3642e+00 1.6177e+00
8236 7.1176e+00 -5.7842e+00 4.0824e+00
8237 2.6837e+00 3.6624e+00 5.6517e+00
8238 -3.1315e+00 -5.6875e+00 5.7097e+00
8239 -4.2048e-02 -1.9528e+00 3.7056e+00
8240 2.4217e+00 -1.5091e+00 -3.6815e-01
8241 4.2819e-01 -1.2386e-01 6.9284e+00
8242 4.3577e+00 -4.8943e+00 -1.7621e+00
8243 -1.0535e-01 -8.3888e+00 -1.2844e+00
8244 1.6470e-01 -2.6944e+00 -1.3324e+00
8245 1.6009e+00 -3.8234e+00 4.4848e+00
8246 8.9123e-01 2.1954e+00 2.1642e-02
8247 1.5919e+00 -2.5115e+00 1.0216e+01
8248 -7.7329e+00 5.8486e+00 2.0480e-01
8249 -1.9512e+00 3.4435e+00 6.6135e+00
8250 -1.4967e+00 3.8524e+00 2.3995e+00
8251 -7.5029e-02 3.1466e+00 1.1052e+01
8252 2.3649e+00 2.2462e+00 7.0275e+00
8253 -2.3570e+00 -2.2665e-02 6.9045e+00
8254 -1.4994e+00 -8.1177e+00 5.8725e+00
8255 -4.0125e+00 -3.4971e+00 1.0866e+00
8256 -3.0584e+00 5.4940e-01 4.3510e+00
8257 -1.5628e+00 -4.7068e-01 3.1271e+00
8258 -5.5508e+00 2.1383e+00 1.0300e+01
8259 -6.2590e+00 -2.1967e+00 -1.6315e+00
8260 -3.3151e+00 1.3072e+00 7.6706e+00
8261 -1.9424e-01 5.5260e-01 8.1247e+00
8262 -4.9245e+00 2.8634e+00 -3.0528e+00
8263 3.0182e-01 1.9709e+00 1.2491e+01
8264 -2.6503e+00 8.6310e-01 3.1135e+00
8265 -4.3902e+00 -3.4854e+00 -6.4426e-02
8266 -5.8126e+00 3.7289e+00 6.6637e+00
8267 -1.5198e+00 6.8552e+00 1.1602e+01
8268 -4.5027e+00 -4.8006e+00 2.9791e+00
8269 1.5145e+00 3.1138e+00 1.3960e+00
8270 -1.1100e+00 -8.5031e+00 5.3403e+00
8271 -3.5690e+00 2.7298e+00 7.2432e+00
8272 -4.2045e+00 3.0746e+00 3.1510e+00
8273 -3.9581e+00 -3.9400e-01 6.1571e+00
8274 -5.7190e+00 2.5490e+00 5.6573e+00
8275 4.8397e-01 3.0044e+00 7.6316e+00
8276 -5.0473e+00 1.4625e-01 9.1133e+00
8277 -1.8208e+00 1.4310e+00 1.1048e+01
8278 4.0784e-01 2.7299e-01 9.1746e+00
8279 -5.1814e+00 1.4593e+00 7.1769e+00
8280 2.6128e-01 -3.9177e+00 1.0141e+01
8281 -2.6112e+00 -1.5764e+00 6.3066e+00
8282 2.5228e+00 -8.7247e+00 1.0908e+00
8283 -1.4609e+00 -5.3079e-01 8.9955e+00
8284 4.7804e+00 -2.1801e+00 5.5081e+00
8285 -1.1054e+00 -9.2406e+00 6.7013e+00
8286 -4.9651e+00 -1.4134e+00 1.1922e+01
8287 -9.4105e-01 3.2885e+00 -2.5169e+00
8288 -4.2417e+00 5.7746e+00 -2.3456e+00
8289 6.5004e-01 -7.1551e+00 7.6576e+00
8290 1.9629e+00 -1.2376e-01 8.3141e+00
8291 -5.9673e-02 5.2856e+00 5.6400e+00
8292 -1.1019e+00 1.5186e+00 9.4270e-01
8293 -3.7128e+00 2.1436e-01 4.8894e+00
8294 1.2006e-01 -9.0116e+00 7.5576e+00
8295 -4.0910e-01 -9.2616e+00 7.2622e+00
8296 2.0941e+00 -9.1555e+00 1.3721e+00
8297 6.2520e-01 -4.5678e+00 4.8286e+00
8298 2.0082e+00 1.4185e+00 7.2508e+00
8299 1.8100e+00 4.1875e-01 6.6278e+00
8300 2.4210e+00 3.8109e+00 7.6779e+00
8301 5.5207e-01 5.3391e-01 1.0039e+01
8302 -3.8688e+00 3.2274e-01 3.2331e+00
8303 5.4533e-02 -3.4996e+00 7.0094e+00
8304 -1.5275e+00 1.4928e+00 -6.5471e+00
8305 -1.7903e+00 -4.4232e+00 1.1043e+01
8306 3.1468e+00 8.4850e-01 7.3282e+00
8307 -6.4195e-01 -1.6628e+00 -7.0425e+00
8308 -1.1263e+00 5.0936e-01 -7.7835e+00
8309 8.2018e-01 4.0141e+00 -3.7227e-01
8310 -5.4811e+00 2.6586e+00 9.7757e+00
8311 -1.4135e+00 3.3277e+00 8.0424e+00
8312 -2.9932e-01 5.2141e+00 -8.7646e-01
8313 2.3571e+00 4.3933e+00 5.6601e+00
8314 3.5244e-01 -7.7319e-01 2.9257e+00
8315 -2.8042e+00 2.2590e+00 6.2196e+00
8316 -3.3807e+00 -1.0841e+00 7.8839e+00
8317 -3.3352e+00 3.6779e+00 8.6905e+00
8318 -5.5744e+00 -2.1072e+00 -5.1307e+00
8319 -3.6309e+00 6.8069e+00 1.0910e+01
8320 -1.1366e-02 -4.6572e+00 -8.6821e+00
8321 -4.5545e+00 -4.7936e+00 6.4890e+00
8322 -4.3056e+00 -7.3612e+00 7.3313e+00
8323 5.8878e+00 -6.3370e+00 3.4964e+00
8324 -1.7659e+00 -6.3068e+00 4.1286e+00
8325 6.9510e-01 -6.8197e+00 7.2920e+00
8326 -5.4876e+00 -8.5194e+00 8.7325e+00
8327 7.0810e-01 -7.3432e-01 7.8070e+00
8328 -8.3852e-01 -8.0378e+00 -4.7495e+00
8329 6.9851e-01 -1.5927e+00 5.9076e+00
8330 -4.1185e+00 -6.3992e+00 1.0869e+01
8331 -2.4798e+00 4.2638e+00 3.0905e+00
8332 -5.8993e+00 2.1572e+00 -8.7656e+00
8333 -6.2803e+00 -1.5544e+00 1.2851e+00
8334 -5.8882e+00 -1.8394e+00 -2.3236e+00
8335 -5.3077e-01 6.9187e+00 -9.2493e-01
8336 -2.0648e+00 -4.3761e+00 4.2200e+00
8337 -2.8614e+00 2.4477e+00 6.9426e+00
8338 9.2859e-01 -3.7338e+00 -8.0355e-02
8339 -4.8118e+00 4.1176e+00 1.2237e+00
8340 1.8250e+00 1.9397e-01 -1.3100e+00
8341 -5.5581e+00 8.6945e-01 7.9692e+00
8342 -5.4777e+00 -3.7096e+00 4.4777e+00
8343 -1.2260e+00 -6.1468e+00 5.8137e+00
8344 -6.9268e+00 -5.3419e+00 1.0832e+01
8345 -3.5792e+00 -5.4702e+00 -7.2014e+00
8346 -7.7028e-01 4.0095e+00 1.2706e+01
8347 4.2572e-01 -6.5331e+00 -8.5811e+00
8348 -3.6747e+00 -3.3348e+00 -6.2725e+00
8349 4.4093e+00 9.3096e-01 -6.1038e+00
8350 -3.4421e+00 -3.6143e-01 -3.2105e+00
8351 -1.5627e+00 1.3795e+00 5.0284e+00
8352 9.0934e-03 -1.7499e+00 1.1410e+01
8353 -3.3693e+00 -3.2894e+00 -1.8383e+00
8354 1.0870e+00 3.6284e+00 -6.2728e+00
8355 -3.3595e-01 -4.7092e+00 -8.9880e+00
8356 -1.9723e+00 3.5113e-01 9.7725e+00
8357 -3.5145e+00 1.4627e+00 1.5926e+00
8358 1.1968e+00 2.4834e+00 3.5090e+00
8359 -5.5245e+00 -1.1738e+00 4.8037e+00
8360 -3.2355e+00 3.5109e+00 -6.8036e+00
8361 -4.6409e+00 -1.2828e+00 -9.3507e+00
8362 -1.6927e+00 -2.7711e+00 5.4298e+00
8363 -3.8749e+00 4.5085e+00 1.8698e+01
8364 -3.6178e+00 -3.9538e+00 1.8632e+01
8365 -2.3764e+00 -5.2779e+00 1.8405e+01
8366 -1.9107e+00 3.2566e+00 1.3632e+01
8367 1.2122e+00 -1.6197e+00 1.7314e+01
8368 -2.7288e+00 -2.5900e+00 1.7898e+01
8369 1.9845e+00 4.4081e+00 1.8181e+01
8370 2.7321e+00 2.3312e+00 1.7844e+01
8371 -1.1392e+00 1.9794e+00 1.2259e+00
8372 -5.4557e-01 -3.3315e+00 7.1814e+00
8373 -1.0217e+00 -8.0454e+00 1.7015e+00
8374 -6.1716e+00 -6.7240e+00 1.2274e+01
8375 -3.1868e+00 3.4066e+00 5.9709e+00
8376 -8.7066e-01 2.9840e+00 4.0525e+00
8377 -1.2975e+00 -5.2377e+00 2.9553e+00
8378 -3.1795e+00 1.2164e-01 -2.9624e+00
8379 -2.1106e+00 4.0134e+00 -3.9987e+00
8380 1.9992e+00 -1.0610e-01 4.3809e+00
8381 -3.1227e-01 1.5334e+00 1.6423e+00
8382 -1.9832e+00 8.2341e-02 2.7809e+00
8383 4.2990e+00 -3.4316e+00 8.4898e+00
8384 -2.3782e+00 2.0069e+00 -5.8263e+00
8385 -6.1087e-01 4.3116e+00 3.7321e+00
8386 -5.7269e+00 6.3267e-01 -8.6050e-01
8387 -6.4404e+00 6.0332e+00 -6.8244e-01
8388 -7.2204e+00 3.2610e+00 -6.3417e+00
8389 -3.8348e+00 3.4428e-01 7.3678e+00
8390 2.3146e+00 8.2054e-01 5.7892e+00
8391 -7.5536e-02 -4.5427e+00 -4.4910e+00
8392 -5.1041e+00 -2.6077e+00 -5.8548e+00
8393 1.3507e+00 9.8624e-01 4.8283e+00
8394 -8.0619e-01 -7.8285e-01 9.5483e+00
8395 -4.9219e-01 3.4881e-01 4.8874e+00
8396 -1.1060e+00 7.3645e+00 3.8244e+00
8397 -3.8348e+00 3.1514e+00 -8.6109e-01
8398 -5.8004e+00 2.8190e+00 5.0998e+00
8399 -2.8696e+00 -4.2725e+00 -8.6398e+00
8400 -1.4521e+00 1.1499e+00 -1.3569e+00
8401 -1.1115e+00 1.1627e+00 -9.0790e+00
8402 -2.2855e+00 1.6255e+00 -9.0110e+00
8403 -7.4305e+00 -1.3819e+00 -4.2115e+00
8404 2.5046e-01 -2.9968e-01 -9.3884e+00
8405 -1.4941e+00 -1.3278e+00 -2.4959e+00
8406 -4.2165e+00 3.6845e+00 -5.8593e+00
8407 -5.1994e+00 3.1893e+00 1.9872e-01
8408 -3.9161e+00 -5.9016e+00 -6.0860e+00
8409 -8.1326e-01 2.5824e+00 -9.0973e+00
8410 -5.1395e+00 6.1008e+00 -4.6520e+00
8411 3.7971e+00 4.2972e+00 2.7062e+00
8412 2.8266e-01 -2.1235e-01 2.7423e+00
8413 -3.0974e+00 -6.6350e+00 4.7272e+00
8414 -6.9382e-01 -2.9155e+00 -6.0125e+00
8415 -3.7457e-01 -2.3701e+00 6.5944e+00
8416 -2.9711e+00 -5.9208e+00 -3.0141e+00
8417 -3.4144e+00 -4.0967e+00 1.7767e+00
8418 -2.2202e+00 -1.0336e+00 5.2548e+00
8419 1.8217e-01 -7.9952e+00 1.6826e+00
8420 -3.5343e+00 2.8960e-01 1.8379e+00
8421 3.2580e+00 -3.2673e+00 1.2070e-01
8422 5.4003e+00 -4.0907e+00 -7.2367e+00
8423 2.7901e+00 -4.0497e+00 2.6778e+00
8424 2.9587e+00 -6.8475e+00 4.7348e-01
8425 -2.3822e+00 1.0220e+00 -1.5387e+00
8426 -1.1850e+00 -7.0326e+00 -3.2872e+00
8427 -1.5709e+00 -1.5168e+00 -4.5085e+00
8428 1.6845e-01 7.8790e-02 5.5552e+00
8429 2.9527e+00 -6.6942e+00 -2.6995e+00
8430 -2.4418e+00 6.1184e+00 8.9842e+00
8431 -4.7579e+00 -3.5543e+00 1.6454e+00
8432 -2.1570e+00 2.6265e-01 -4.0821e+00
8433 -1.2348e+00 -3.4175e-01 4.1205e+00
8434 -1.3334e+00 -5.6261e+00 2.6564e+00
8435 6.2302e+00 1.9307e+00 4.4147e+00
8436 -2.1448e-01 7.6592e-01 3.1617e+00
8437 1.3127e+00 -7.0525e+00 7.0493e+00
8438 -2.5411e-01 -3.0970e+00 -1.9747e+00
8439 -1.4244e+00 -4.9455e+00 4.0162e-02
8440 -3.1156e-01 8.4772e-01 2.7538e+00
8441 -7.5931e+00 -5.5437e+00 4.7936e+00
8442 -1.0462e-01 2.5562e-01 3.7635e+00
8443 -7.4684e-01 -1.9935e+00 2.4487e+00
8444 -3.9120e+00 -5.7076e-01 -4.2788e+00
8445 -2.1338e+00 3.8459e+00 -1.5335e+00
8446 -7.9570e-01 1.6410e+00 -3.3874e+00
8447 9.1948e-01 2.2423e+00 2.8858e+00
8448 -4.8161e+00 5.0301e-01 7.3071e+00
8449 -4.8096e+00 -1.1358e+00 -3.5337e+00
8450 -4.2325e-01 4.6364e+00 5.3172e+00
8451 1.4057e-01 1.1939e+00 6.0219e+00
8452 6.9567e-01 1.8416e+00 3.4031e+00
8453 -2.3966e+00 3.0191e-01 3.7247e+00
8454 -3.4510e+00 3.8789e+00 7.7026e+00
8455 -1.0221e+00 3.4239e+00 1.7857e-01
8456 2.3581e+00 -1.6475e+00 1.7856e-01
8457 -9.8777e-01 1.2743e+00 4.2686e+00
8458 -2.2961e+00 -9.4191e-01 -1.4002e+00
8459 -4.7467e-01 6.5754e+00 5.1096e-01
8460 5.1377e-01 -1.3428e+00 8.1624e+00
8461 -1.3844e+00 -1.6953e-02 1.2419e+00
8462 3.3050e+00 -4.9245e+00 3.6792e+00
8463 4.2731e-01 -6.9819e+00 -7.4126e-01
8464 -2.4904e+00 3.5069e+00 7.0353e+00
8465 9.7400e-01 -6.6691e+00 2.8367e+00
8466 -1.3150e+00 4.7490e-01 -4.1084e+00
8467 -2.0229e-01 -7.5722e+00 1.6329e+00
8468 2.4766e+00 4.1321e+00 5.7401e+00
8469 -1.8021e+00 1.5307e+00 -3.4888e+00
8470 2.0914e+00 -2.6578e+00 6.9257e+00
8471 5.5295e+00 2.4478e+00 1.1183e+01
8472 -2.7051e+00 9.2998e-01 4.8387e+00
8473 -1.6586e+00 2.2364e-02 9.6021e+00
8474 -2.1842e+00 -6.4606e+00 6.4795e-01
8475 2.0816e-01 1.1740e+00 4.1871e+00
8476 2.1297e-01 -4.5217e+00 -8.3038e-01
8477 -5.3025e-01 -2.1262e+00 3.5778e+00
8478 -1.5074e+00 4.4657e-01 2.2264e+00
8479 -3.3796e+00 -7.9823e+00 6.7110e+00
8480 -9.1971e-01 -7.0601e+00 4.8423e+00
8481 -1.8485e-01 -3.1235e+00 -1.8001e+00
8482 5.7345e-01 7.5150e-01 5.7814e+00
8483 -2.5304e+00 3.5509e+00 4.1396e+00
8484 2.9041e+00 5.5811e+00 9.9176e+00
8485 1.9174e-01 -5.3601e+00 6.5237e+00
8486 -5.6908e+00 -5.6242e+00 3.6623e+00
8487 -5.1195e+00 6.0979e+00 8.5945e+00
8488 -7.8715e-01 1.8000e+00 6.3590e+00
8489 -3.6125e+00 3.1516e+00 5.5958e+00
8490 8.0041e-01 2.4553e-01 1.0153e+01
8491 1.6186e+00 8.8903e-01 8.5645e+00
8492 1.3938e+00 -1.0505e+00 6.3827e+00
8493 2.2033e+00 2.6478e+00 6.2464e+00
8494 8.4392e-01 6.7051e-01 8.3011e+00
8495 -1.9853e+00 -6.3507e+00 7.3333e+00
8496 3.4701e+00 1.0247e+01 6.7564e+00
8497 -5.9142e+00 1.8887e+00 7.7301e+00
8498 -3.2365e-02 1.9717e+00 2.9719e+00
8499 -1.6261e-01 1.2386e+00 1.2764e+01
8500 1.1142e+00 3.2747e+00 -7.9931e+00
8501 -4.2512e+00 -1.9474e+00 6.0864e-01
8502 3.0079e+00 6.5480e-01 5.2606e+00
8503 -9.4820e-01 -2.3777e+00 -1.3815e+00
8504 -8.3815e-01 4.9104e+00 1.7900e+00
8505 -1.3580e+00 1.2227e+00 -6.8655e+00
8506 4.7731e+00 1.2362e+00 -2.4263e+00
8507 -4.1808e+00 2.2833e+00 3.1479e+00
8508 -7.3297e-01 3.5026e+00 -8.1583e+00
8509 -2.6396e+00 2.8024e+00 -9.2788e+00
8510 -3.8661e+00 1.6676e+00 1.9868e+00
8511 -3.4666e+00 -1.6388e-01 -3.8382e+00
8512 -1.9242e+00 4.6591e+00 4.6993e+00
8513 -6.5996e+00 2.0833e+00 -5.6832e+00
8514 -3.3786e+00 3.5934e+00 5.8830e+00
8515 5.6651e+00 -5.9365e+00 -8.3505e+00
8516 2.2949e+00 -4.4771e+00 -6.9354e+00
8517 -2.2988e+00 -8.5808e+00 -9.3582e+00
8518 1.1825e+00 3.7798e+00 1.8038e+01
8519 -2.4084e+00 9.8053e-01 1.8567e+01
8520 -1.7654e+00 4.8163e+00 1.7877e+01
8521 -3.0819e+00 4.6011e+00 1.6978e+01
8522 -1.8207e+00 -4.4957e+00 1.8467e+01
8523 -1.0558e+00 -9.9120e-02 1.8575e+01
8524 3.6733e-01 -1.4670e-01 1.5543e+01
8525 -8.1115e-02 1.6144e+00 1.8679e+01
8526 -1.2215e+00 -9.9662e-01 1.7433e+01
8527 2.9195e-01 5.9239e+00 1.8459e+01
8528 -4.5400e+00 -3.3599e+00 1.8602e+01
8529 -3.0907e+00 3.4688e+00 1.7206e+01
8530 1.1055e+00 5.2969e+00 1.6948e+01
8531 -6.1126e+00 2.1133e+00 1.7229e+01
8532 1.5504e+00 4.3322e+00 1.8448e+01
8533 2.5807e+00 -7.2684e+00 1.8288e+01
8534 -7.0748e+00 3.2694e+00 1.8306e+01
8535 4.8313e+00 8.5220e+00 1.7953e+01
8536 -1.6011e+00 6.9835e+00 1.5202e+01
8537 -5.0538e+00 3.2844e+00 1.8052e+01
8538 -1.7956e+00 -4.7396e+00 1.3549e+01
8539 8.2010e-02 7.0040e-02 6.8447e+00
8540 -1.8082e+00 4.7464e+00 1.6904e+01
8541 1.3334e+00 1.5295e-01 1.8613e+01
8542 2.5542e+00 1.5086e+00 1.8884e+00
8543 -2.3950e+00 4.4301e+00 1.6955e+01
8544 -8.4136e+00 3.9849e-01 1.8755e+01
8545 -5.6601e+00 -4.0720e+00 1.7889e+01
8546 3.4087e+00 -1.5508e+00 1.8594e+01
8547 -4.4153e+00 1.3432e+00 1.8076e+01
8548 -6.8359e+00 -3.3019e+00 9.6495e+00
8549 1.4724e+00 1.8701e+00 5.8064e+00
8550 4.5694e+00 -3.0326e+00 1.8432e+01
8551 -4.0478e+00 -2.9358e+00 1.8263e+01
8552 -3.4343e+00 4.9378e+00 1.7940e+01
8553 4.5837e+00 1.0647e+00 1.8061e+01
8554 -7.4445e-01 9.9919e-01 1.7198e+01
8555 1.6859e+00 1.7716e+00 -8.8098e+00
8556 1.5319e+00 -6.2605e+00 8.0086e+00
8557 -5.3614e+00 -1.0328e+00 -1.6016e+00
8558 -3.9835e-01 -3.0056e-01 -3.9311e+00
8559 -2.4200e+00 9.1153e-01 9.7263e+00
8560 -4.5697e+00 -5.8345e+00 2.6738e+00
8561 -4.0209e+00 -1.4712e+00 9.6138e+00
8562 -4.1361e+00 3.6532e+00 -4.0298e+00
8563 1.3464e+00 -2.4679e+00 1.1129e+01
8564 3.6020e-01 -1.6339e+00 -7.3067e+00
8565 -4.4227e+00 -6.9655e-01 7.4860e+00
8566 -1.5796e+00 -2.7212e+00 2.9588e+00
8567 -1.8396e+00 -7.4424e+00 7.5151e+00
8568 1.3241e+00 -2.4423e+00 6.3955e+00
8569 2.3038e+00 9.5745e-01 1.4585e+00
8570 -2.1560e+00 1.9155e+00 8.5685e+00
8571 -5.7060e+00 1.3644e+00 4.9218e+00
8572 -2.0996e+00 6.8767e-01 -3.6623e+00
8573 4.8003e-01 -3.5362e+00 -7.0359e-01
8574 -4.4741e-01 1.7256e+00 1.9971e+00
8575 -2.5084e+00 -4.2050e-01 2.8866e-01
8576 -6.2132e+00 2.0908e+00 6.9249e+00
8577 -4.9186e+00 2.9445e+00 3.6226e+00
8578 -4.6120e+00 -7.3281e+00 6.7222e+00
8579 2.8200e-01 2.9769e+00 3.5219e+00
8580 -8.5515e-01 4.2520e+00 1.3300e+01
8581 -5.2148e+00 -3.2501e+00 5.9713e+00
8582 8.1085e-01 3.5713e+00 2.2077e-02
8583 -6.6603e-01 -8.2582e+00 -8.3355e-01
8584 -2.8338e-01 3.0336e+00 2.8919e+00
8585 -1.7606e+00 2.9323e+00 3.1437e-01
8586 -1.7909e+00 1.0064e+00 -3.9535e+00
8587 9.9732e-01 2.7749e+00 7.4059e+00
8588 -5.7526e-01 -6.1713e+00 5.3658e+00
8589 3.6048e+00 -3.2434e+00 1.5286e+00
8590 1.5467e+00 -6.5583e+00 3.0178e+00
8591 1.9524e+00 -4.2001e+00 1.1998e+01
8592 -9.2962e-01 1.6557e+00 2.3505e+00
8593 2.1493e-01 1.2134e+00 3.8355e+00
8594 -3.4096e+00 -4.6383e-01 4.3337e+00
8595 1.7542e+00 5.0891e-01 2.4809e+00
8596 -3.1769e+00 4.6406e+00 1.2085e+00
8597 2.1584e+00 7.1602e-02 -6.9141e-01
8598 -4.1549e+00 6.7673e-01 -1.7047e+00
8599 -1.9783e+00 -3.4298e+00 -7.6740e+00
8600 1.1852e+00 -3.8810e+00 1.6852e+00
8601 -5.2176e+00 -1.7915e+00 2.7229e+00
8602 3.6445e+00 7.1923e-02 2.4193e+00
8603 5.2384e-01 3.7503e+00 -1.9434e-01
8604 1.2146e+00 1.4702e+00 -1.1174e+00
8605 -2.5618e+00 2.6648e+00 4.0264e+00
8606 -3.6732e+00 -1.5770e+00 4.6161e+00
8607 3.6303e+00 4.7998e+00 5.8162e+00
8608 -3.2992e+00 -7.0777e-02 9.6277e-01
8609 -4.3368e+00 6.1339e+00 -3.6526e+00
8610 2.8704e+00 -2.2403e+00 8.3600e+00
8611 -2.2420e+00 1.8050e+00 5.1649e+00
8612 -2.6691e+00 8.4372e+00 2.0659e+00
8613 -4.3815e+00 3.8151e+00 6.1970e+00
8614 -1.8679e+00 3.9307e+00 8.4206e-02
8615 -1.2318e+00 1.3630e+00 3.7993e+00
8616 -7.0949e+00 2.1743e+00 -4.5008e+00
8617 1.1335e+00 8.2119e-01 6.9958e-01
8618 -2.1742e+00 -1.8675e+00 2.1703e+00
8619 -1.8179e+00 3.0519e+00 -3.8010e+00
8620 -1.3692e+00 6.4218e+00 -4.7998e+00
8621 2.0595e+00 1.1441e+00 -3.8689e+00
8622 -6.1428e+00 -1.7561e+00 -1.6476e+00
8623 -2.8235e+00 2.6043e+00 7.8955e-01
8624 -5.4309e-01 -5.4286e-01 1.6063e+00
8625 2.1469e+00 5.9421e-01 9.4830e+00
8626 1.7947e-01 7.2456e-01 1.0127e+01
8627 -3.2073e-01 4.0802e+00 7.3156e+00
8628 -3.1436e+00 1.7101e+00 4.8032e+00
8629 -3.1906e+00 -6.4688e-01 2.9330e+00
8630 -5.0678e+00 -2.0164e+00 5.9820e+00
8631 -4.1806e+00 -2.8416e+00 2.4995e+00
8632 -2.8707e+00 7.1549e+00 3.3389e+00
8633 -2.4321e+00 3.2079e-01 -5.2816e+00
8634 -5.5832e+00 8.1214e-01 2.5517e+00
8635 -1.7566e+00 1.7573e+00 -3.8318e+00
8636 -5.7915e+00 1.0248e+00 3.1801e+00
8637 -9.5318e-01 1.1292e+00 -4.1710e+00
8638 -6.5590e+00 5.0102e+00 5.3253e+00
8639 6.1427e-01 2.5080e+00 2.2047e+00
8640 -1.7248e+00 -1.7415e+00 1.2650e+00
8641 5.0982e-01 4.3506e+00 1.1445e+00
8642 1.4724e+00 4.1888e+00 1.6240e+00
8643 -2.5007e-01 4.3999e+00 2.8315e+00
8644 -2.8117e+00 6.7907e+00 7.8076e+00
8645 -8.6459e-01 -4.4114e+00 6.3105e+00
8646 7.0033e-01 -4.7910e+00 5.3814e+00
8647 -7.1944e+00 -1.4584e+00 8.7259e+00
8648 -3.5879e+00 2.2933e-01 8.7156e+00
8649 6.8232e+00 3.4224e-02 1.6921e+00
8650 -5.5331e+00 1.5110e-01 5.5350e+00
8651 -3.8765e-01 2.1313e+00 9.1247e+00
8652 -4.8091e+00 4.6550e+00 3.1819e+00
8653 -3.0240e+00 3.6877e+00 6.0569e+00
8654 9.2216e-01 2.5892e+00 8.9757e+00
8655 -5.2549e+00 -2.0531e+00 6.2561e+00
8656 -2.4539e+00 2.1956e+00 8.8922e+00
8657 -1.5057e+00 -1.2640e+00 9.4507e+00
8658 2.0207e+00 4.3880e+00 9.2675e+00
8659 -4.1111e+00 3.0219e-01 1.2374e+01
8660 -3.7597e-02 5.3836e+00 8.5076e+00
8661 -4.7932e-01 -2.3032e+00 9.2005e+00
8662 -3.9008e+00 -3.2487e+00 9.5908e+00
8663 -5.9909e+00 4.4072e+00 6.0161e+00
8664 -6.8469e+00 2.2372e+00 7.7953e+00
8665 -3.2847e+00 -7.6099e-01 8.7020e+00
8666 3.7057e+00 5.9713e+00 1.2105e+00
8667 5.5648e+00 4.1193e-01 7.4666e+00
8668 -8.4681e-01 1.5514e+00 5.9982e+00
8669 1.3502e-01 5.3242e+00 5.1016e+00
8670 2.1082e+00 -1.1557e+00 6.5174e+00
8671 -5.3201e+00 4.0917e+00 8.5695e+00
8672 -2.0494e+00 -1.2720e+00 1.4771e+00
8673 9.6093e-01 1.4032e+00 3.7339e+00
8674 -1.9483e+00 -1.5397e+00 9.0866e+00
8675 -3.9333e+00 -4.3055e-01 1.0901e+01
8676 -2.9113e+00 -6.3330e+00 5.8542e+00
8677 -1.9304e+00 5.5380e+00 7.8107e+00
8678 -5.7722e-01 1.8670e+00 4.8865e+00
8679 -1.7122e+00 -5.6610e+00 1.1925e+01
8680 -4.6039e+00 2.3974e-01 7.1704e+00
8681 -5.3146e-01 2.6045e+00 4.6917e+00
8682 1.7918e+00 -3.7894e-01 7.3286e+00
8683 1.3639e+00 2.4212e+00 6.5922e+00
8684 -1.2084e+00 2.9737e+00 8.7086e+00
8685 -2.1387e+00 -2.3536e+00 2.4279e+00
8686 -7.8127e-01 2.8293e+00 7.5616e+00
8687 2.3836e+00 2.2932e+00 7.3869e+00
8688 -6.9469e-01 -2.2291e-01 6.9170e+00
8689 -3.1173e+00 -3.6560e+00 7.5879e+00
8690 -1.3891e+00 -6.0278e-01 4.4728e+00
8691 -4.4996e+00 -6.4953e+00 6.2637e+00
8692 -2.2663e-02 1.1470e+00 9.0263e+00
8693 -3.2924e+00 -3.3866e-01 9.3488e+00
8694 -1.0718e-01 -1.6550e+00 -3.7494e-01
8695 -1.4548e+00 8.7266e-01 3.4981e+00
8696 -5.4994e+00 7.0747e-01 1.0992e+01
8697 -8.1144e-01 -3.3598e+00 3.4281e+00
8698 -8.9484e-02 -7.3421e-01 5.6127e+00
8699 2.3099e+00 -1.4485e+00 8.1081e+00
8700 -1.7155e+00 1.2850e+00 8.8539e+00
8701 3.9494e-01 -4.4244e+00 8.4135e+00
8702 -1.3185e+00 6.0443e-01 9.9660e+00
8703 -1.6771e+00 5.4828e+00 6.6468e+00
8704 5.7443e+00 6.9541e-01 4.2803e+00
8705 -5.1843e+00 -3.9511e+00 5.4533e+00
8706 -3.8948e+00 1.7835e+00 7.8680e+00
8707 -2.5292e-01 1.2557e+00 7.1662e+00
8708 6.4435e-01 5.5382e-01 9.1075e+00
8709 -6.4371e+00 -3.5123e+00 8.4445e+00
8710 -4.1852e+00 1.5504e+00 1.0038e+01
8711 2.8844e-01 5.4671e+00 9.2707e+00
8712 -4.8755e+00 -1.0371e+00 8.3446e+00
8713 -5.7690e+00 4.8691e+00 6.2755e+00
8714 -1.2720e+00 3.7987e+00 8.8180e+00
8715 -1.7549e+00 3.0121e+00 9.1319e+00
8716 -4.1902e+00 2.5000e+00 9.2387e+00
8717 1.0623e+00 -1.2993e-01 1.1058e+01
8718 -4.8192e-01 -4.0659e+00 3.7425e+00
8719 -1.4825e+00 5.5306e+00 8.7595e+00
8720 -2.1888e+00 1.3642e+00 5.6230e+00
8721 -1.7636e+00 1.1105e-01 6.8270e+00
8722 -3.2701e+00 7.3460e+00 1.6895e+00
8723 3.4850e-01 2.0242e+00 6.8759e+00
8724 -1.5133e+00 1.6941e+00 -1.0607e+00
8725 -1.4414e+00 2.1703e+00 3.4356e+00
8726 -2.3149e+00 -2.2981e+00 8.0586e+00
8727 -2.0767e+00 -2.2520e+00 8.2276e+00
8728 -5.4745e+00 4.2449e+00 4.2074e+00
8729 -3.6344e+00 3.6397e-02 1.0176e+01
8730 8.8476e-01 -2.5002e-01 4.3144e+00
8731 -4.2438e+00 4.3359e+00 8.4761e+00
8732 -1.1141e+00 2.5379e+00 5.8559e+00
8733 -3.2507e+00 1.3442e+00 3.4217e+00
8734 -1.9770e+00 -3.4368e+00 1.0210e+01
8735 -3.1158e+00 -4.9006e-01 4.0429e+00
8736 -3.3000e+00 5.1528e+00 6.4260e+00
8737 -1.2431e+00 -1.3749e+00 5.3132e+00
8738 -2.5006e+00 -1.6551e+00 1.2109e+01
8739 2.9588e+00 1.2904e+00 7.9852e+00
8740 -2.6778e+00 3.3024e-01 9.9108e+00
8741 -2.5262e+00 -1.9727e-01 2.1896e+00
8742 -3.8836e+00 4.4821e-01 1.2161e+01
8743 -3.6605e+00 1.4977e+00 5.6055e+00
8744 2.6018e+00 2.1010e+00 9.8382e+00
8745 -1.1519e+00 -3.1613e+00 7.7124e+00
8746 -5.4976e+00 -7.3586e+00 2.6516e+00
8747 5.4880e+00 -9.9206e-01 4.9197e+00
8748 -4.9516e+00 -2.6131e+00 1.0699e+01
8749 -4.4725e+00 -1.2942e+00 5.4786e+00
8750 -2.4120e+00 -1.4166e+00 7.1372e+00
8751 -4.1710e+00 8.2821e+00 1.1894e+01
8752 1.2437e+00 -2.2957e+00 5.7124e+00
8753 -1.1425e+00 -4.6311e+00 1.0899e+01
8754 5.9691e-02 3.7218e+00 1.1922e+01
8755 -2.2777e+00 5.3604e-01 6.5204e+00
8756 -3.3430e+00 2.9315e+00 1.4036e+00
8757 -2.0722e+00 -1.9074e+00 9.1432e+00
8758 1.3991e+00 9.2842e-01 9.1219e+00
8759 -3.5972e+00 5.0994e+00 7.6929e+00
8760 -4.1714e+00 4.3575e+00 4.0306e+00
8761 1.8269e+00 -9.4153e-01 5.5617e+00
8762 -2.6380e+00 4.7668e+00 9.2788e+00
8763 -4.9994e+00 2.3914e+00 2.9855e+00
8764 -4.5209e+00 -1.7407e+00 7.7947e+00
8765 -5.2085e+00 6.3522e-01 8.3284e+00
8766 -5.6257e+00 4.7039e-01 8.1707e+00
8767 -3.3937e+00 3.6319e-01 5.4930e+00
8768 2.8190e+00 6.6424e-01 7.1702e+00
8769 -3.6215e-02 1.2058e+00 6.3092e+00
8770 2.4588e+00 5.3617e-02 8.7747e+00
8771 -2.3632e+00 2.2707e-01 7.5538e+00
8772 -1.9463e+00 1.9183e+00 6.7061e+00
8773 -5.6575e+00 3.6846e+00 2.3520e+00
8774 -7.9781e+00 3.1971e+00 7.2679e+00
8775 1.5328e+00 -2.2178e+00 8.6017e+00
8776 -4.1590e+00 5.9610e-01 5.0637e+00
8777 2.3463e+00 -3.8359e+00 1.0600e+01
8778 -3.1624e+00 -2.6484e-01 7.5982e+00
8779 -4.2997e+00 1.0679e+00 8.7858e+00
8780 -2.0268e+00 4.2233e+00 8.5759e+00
8781 -1.3251e+00 3.2515e+00 4.6006e+00
8782 -2.1911e+00 -5.5828e-01 2.9037e+00
8783 -2.6205e+00 2.2011e+00 7.4455e+00
8784 -5.7168e+00 2.7566e-01 9.3984e+00
8785 -4.0377e+00 -2.6963e-01 1.1779e+01
8786 -1.2624e+00 -1.7737e+00 2.6574e+00
8787 -2.9953e+00 2.7704e+00 9.0881e+00
8788 -1.0973e+00 -1.5445e+00 9.6908e+00
8789 5.9887e+00 -1.8677e+00 1.0342e+01
8790 -1.0962e+00 -2.7146e+00 6.9608e+00
8791 -3.0392e+00 -5.5690e-01 2.5755e+00
8792 -3.5236e+00 5.2398e+00 7.6161e+00
8793 -4.4388e+00 -3.0935e-01 5.4574e+00
8794 6.5522e-01 4.0189e+00 1.1238e+01
8795 -2.6519e+00 -1.1738e+00 5.4631e+00
8796 -3.2446e+00 2.9941e+00 7.2849e+00
8797 -4.4284e+00 3.5272e+00 6.8803e+00
8798 4.9015e+00 -3.9260e+00 5.8743e+00
8799 8.5826e-02 2.7143e-01 -6.9988e-01
8800 -6.7412e-01 1.3791e+00 -1.7531e+00
8801 -4.9208e+00 2.9829e+00 8.8052e+00
8802 1.8516e+00 -2.5253e+00 1.0074e+01
8803 3.8324e+00 -2.3092e-01 9.2923e+00
8804 -4.1162e+00 -2.3122e+00 9.4828e+00
8805 -1.1314e+00 7.0038e+00 2.6869e+00
8806 -5.0332e-01 -1.8684e-01 4.4707e-01
8807 -2.7908e+00 -2.7395e+00 9.6583e+00
8808 -1.1996e+00 4.7856e+00 1.0797e+01
8809 -8.6911e-01 2.5095e+00 3.7199e+00
8810 -3.4248e+00 2.6144e+00 6.3553e+00
8811 -5.9736e-01 4.7279e-01 5.5423e+00
8812 3.3603e+00 -3.7554e-01 3.8509e+00
8813 3.8471e+00 -3.1919e+00 7.5846e+00
8814 3.3622e+00 -3.7188e+00 5.1105e+00
8815 4.6886e-01 -5.2025e-01 3.3812e+00
8816 6.3887e+00 -7.2862e-01 1.6313e+00
8817 -1.1346e-01 -2.1149e+00 -4.0054e-01
8818 -5.8540e-01 -4.2308e-01 3.2199e+00
8819 2.6010e+00 -5.5824e+00 4.0818e+00
8820 8.1024e-01 9.4936e-01 7.7116e-01
8821 -6.2501e+00 -4.9897e+00 2.6416e+00
8822 -2.8196e+00 -8.1615e+00 6.2238e+00
8823 -3.9082e-01 1.4257e+00 4.3641e+00
8824 -1.2819e-01 6.1470e-01 7.3847e+00
8825 1.6784e+00 -7.0112e-01 2.2951e+00
8826 -1.5234e+00 1.3564e+00 7.9137e+00
8827 1.2509e+00 2.0204e-01 2.9087e+00
8828 -3.5465e+00 -7.9392e+00 -1.3929e+00
8829 -6.9126e-01 -5.3079e+00 7.4877e+00
8830 -6.3300e+00 -2.3831e+00 3.3627e+00
8831 2.7537e+00 -2.5630e+00 3.5593e+00
8832 -2.9750e+00 -2.1847e+00 1.2599e-01
8833 3.5991e+00 -1.2761e+00 7.3381e-02
8834 3.5111e+00 -3.0123e+00 1.5948e+00
8835 1.8754e+00 -9.7942e-02 9.7839e-02
8836 -2.4744e+00 2.2378e+00 4.7344e+00
8837 -5.4576e+00 -2.6920e+00 -1.3802e+00
8838 1.7379e+00 -4.2411e+00 -2.8573e+00
8839 2.8697e+00 5.3753e+00 9.3416e+00
8840 4.8527e-01 -5.6747e+00 7.3485e+00
8841 -2.0608e+00 -5.4821e+00 1.5558e+00
8842 -4.0403e+00 1.7828e+00 6.5874e+00
8843 -2.3997e-01 -4.9556e+00 4.8433e+00
8844 -2.1676e+00 1.6101e+00 -9.3045e+00
8845 2.6932e+00 2.9969e-01 -5.7713e+00
8846 5.5241e+00 2.1224e-01 -4.1492e+00
8847 5.3458e+00 -1.5096e+00 -6.9150e+00
8848 1.9436e+00 -2.0308e-01 -7.1375e+00
8849 2.7985e+00 -1.3161e+00 -5.3197e+00
8850 -2.3410e+00 -2.8724e+00 -7.1776e+00
8851 1.5285e+00 -1.4334e+00 -6.9484e+00
8852 4.5179e+00 -4.0315e-02 -6.9711e+00
8853 -6.0091e+00 9.8495e-01 -2.5530e+00
8854 6.7715e+00 4.4628e+00 -4.2672e+00
8855 -3.6339e+00 -2.8411e+00 -1.0541e+00
8856 -3.0959e+00 2.9498e+00 -9.1091e-02
8857 -2.0446e+00 -5.9297e+00 -9.0279e+00
8858 -7.7809e-01 1.4515e+00 -1.5320e+00
8859 -4.0975e+00 -2.6246e+00 2.3468e+00
8860 3.9458e+00 2.4236e+00 -4.4373e+00
8861 -1.0928e+00 -1.9144e+00 -3.7285e+00
8862 5.9349e-01 1.5400e+00 1.3055e-01
8863 -2.8858e-01 3.1398e+00 -6.5295e+00
8864 -8.7352e-02 1.7190e+00 9.8612e-01
8865 1.0519e+00 2.4407e+00 1.4712e-01
8866 4.8603e+00 1.7521e+00 -5.9619e+00
8867 -1.6972e+00 -1.5732e+00 -7.8771e+00
8868 -5.4826e-01 4.7786e+00 -4.3135e+00
8869 -2.2991e-01 1.6774e+00 -7.2941e+00
8870 3.7810e+00 6.8231e-01 -6.8734e+00
8871 2.6210e+00 8.2611e-01 -6.2106e+00
8872 -5.2465e+00 8.6686e-01 -2.4918e+00
8873 4.2418e+00 5.1950e+00 -1.2529e+00
8874 1.4794e+00 9.4506e-01 -3.2873e+00
8875 7.1576e-01 1.8329e+00 -1.9874e+00
8876 5.0818e-01 -1.5207e+00 -1.9900e+00
8877 6.5381e+00 2.3180e+00 8.0069e-01
8878 2.4225e+00 1.6929e+00 -6.1622e+00
8879 2.6814e+00 -1.7943e+00 -7.9804e+00
8880 -1.3227e+00 2.3552e+00 -7.4542e+00
8881 5.6498e+00 -1.3651e+00 -3.4545e+00
8882 3.6210e+00 5.4230e-01 -3.8470e+00
8883 5.4703e+00 1.7255e+00 -5.0088e+00
8884 6.1149e+00 3.2132e+00 -5.4159e+00
8885 2.2617e+00 9.4747e-01 -8.4604e+00
8886 1.1418e+00 -4.3627e-01 -1.3600e+00
8887 -2.8996e+00 1.6013e+00 -1.6793e+00
8888 6.4199e-01 3.5979e+00 1.0181e+00
8889 1.7132e+00 6.5016e-01 -5.7920e+00
8890 5.2525e+00 2.7757e+00 -7.9207e+00
8891 3.5115e+00 9.8702e-01 -6.7474e+00
8892 -5.1775e-01 -4.0181e-01 -2.5807e+00
8893 -1.4843e+00 -1.9545e+00 -5.2101e+00
8894 5.2484e+00 2.2337e-01 -8.1549e+00
8895 -1.6337e+00 -3.0389e+00 -4.9007e+00
8896 1.2695e+00 3.2809e+00 -2.8066e+00
8897 1.8306e+00 -1.5890e+00 -1.8020e+00
8898 3.4422e-01 4.6979e-01 -7.0185e+00
8899 -9.5607e-01 -2.1050e+00 -1.1430e+00
8900 4.1255e-02 -7.7898e-01 -8.5723e+00
8901 -3.2264e+00 -3.8465e+00 -6.4673e+00
8902 1.3359e+00 1.9405e+00 -6.5804e+00
8903 -3.0292e+00 4.0144e+00 -1.5126e+00
8904 -2.3056e+00 -1.3919e+00 -4.5415e+00
8905 3.2176e+00 8.7061e-01 -3.1586e+00
8906 -8.6919e-01 8.4565e-01 -6.7381e+00
8907 -5.6152e-02 6.9956e-01 1.8712e+00
8908 2.7959e+00 8.6667e-01 -3.0886e+00
8909 8.9843e-01 1.8528e+00 -6.5248e+00
8910 2.2624e+00 -7.1122e-01 -3.7534e+00
8911 2.4065e+00 6.6180e-02 -5.1205e+00
8912 1.3507e+00 -9.2370e+00 -3.8755e+00
8913 1.7857e+00 -2.1264e+00 -8.2565e+00
8914 4.1841e+00 1.9168e+00 -4.2453e+00
8915 -3.4325e+00 2.6498e+00 -6.4848e+00
8916 2.1381e+00 -4.1773e+00 -6.0082e+00
8917 -1.9084e+00 6.3478e-01 -3.6066e+00
8918 5.6974e-01 -9.3813e+00 -1.2140e+00
8919 -2.9090e-01 -4.0201e+00 -4.8362e+00
8920 1.5952e+00 -1.5825e+00 -6.8574e+00
8921 2.8366e+00 -6.8884e-01 -3.6096e+00
8922 2.8116e+00 -1.4007e+00 1.1922e+00
8923 3.6754e+00 -3.5886e+00 4.8366e+00
8924 1.3421e+00 3.1963e-01 -3.2438e+00
8925 2.8875e+00 -7.6101e-01 -3.4064e+00
8926 1.7572e-01 -4.6900e+00 2.3459e+00
8927 4.0389e-01 -3.6774e+00 -1.3638e+00
8928 3.8035e+00 -2.1095e+00 -1.4868e+00
8929 4.3601e+00 3.7017e+00 -1.7601e+00
8930 4.3340e+00 2.4424e+00 -1.4699e+00
8931 4.1910e+00 -8.8427e-01 -1.7634e+00
8932 6.8760e+00 -1.2106e-01 -2.6309e-02
8933 4.5057e+00 -2.5736e+00 -5.8325e+00
8934 3.0034e+00 -7.3306e+00 -1.5234e+00
8935 -2.4659e+00 -4.0239e+00 -6.6137e+00
8936 -2.2188e+00 -2.3093e+00 -5.5864e+00
8937 3.0003e+00 2.1496e+00 4.7113e+00
8938 -3.9231e+00 1.4458e+00 -9.9943e-01
8939 1.4421e-01 3.4551e+00 -4.0518e+00
8940 3.5669e+00 -4.5994e+00 1.9986e+00
8941 -1.6851e+00 3.8899e+00 -6.5656e+00
8942 -6.9167e-01 3.5019e+00 4.2762e+00
8943 -5.1509e+00 1.4636e+00 -4.3501e+00
8944 -1.6019e-01 6.1544e-01 -1.0125e+00
8945 -6.2059e-01 3.0254e+00 -1.0825e+00
8946 3.2764e-01 3.1251e+00 2.3136e+00
8947 -1.5786e-01 -5.0161e+00 -7.6153e+00
8948 -2.2891e+00 -1.3730e+00 -2.4658e+00
8949 3.8734e+00 -2.3155e-02 -7.7838e+00
8950 1.7217e+00 1.2329e+00 -3.1607e+00
8951 2.0641e+00 -3.2148e+00 -6.4362e+00
8952 -5.1969e-01 1.4785e+00 -1.2045e+00
8953 1.9448e+00 4.0244e+00 -5.0421e+00
8954 -3.9860e+00 2.5711e-01 -6.7644e+00
8955 -5.8546e-01 -4.8431e+00 2.9325e+00
8956 -4.0533e+00 2.5785e+00 -1.6650e+00
8957 -2.4873e+00 2.3616e+00 -7.4301e+00
8958 -3.8599e-01 6.3351e-01 -5.5579e+00
8959 1.3025e+00 -7.0990e-01 -2.1491e+00
8960 1.4583e-01 6.1153e-01 -9.1643e+00
8961 1.7468e+00 2.4133e+00 -9.1625e+00
8962 3.1338e+00 -3.1897e+00 -4.2237e+00
8963 2.2507e-01 2.8983e+00 -7.4174e-01
8964 -2.6907e+00 1.0774e+00 -6.8982e+00
8965 4.7643e+00 -1.2438e+00 -1.1255e+00
8966 1.2685e+00 2.2218e+00 -6.8122e+00
8967 2.5620e+00 -9.6538e-01 -5.2503e+00
8968 6.6995e+00 2.4530e+00 -5.2169e+00
8969 3.0052e+00 1.6542e+00 -5.0287e+00
8970 3.7284e-01 5.0952e-01 -4.1390e+00
8971 1.6773e+00 3.5581e+00 7.0816e+00
8972 3.2740e+00 -5.9524e-02 -2.9731e-01
8973 -2.4759e+00 1.4911e+00 -4.2119e+00
8974 7.1351e-01 1.0190e-01 -6.2437e+00
8975 -1.0160e+00 7.3307e-01 4.7391e-01
8976 -5.9638e-01 -7.7043e-01 -3.0366e+00
8977 -2.5931e+00 1.2443e+00 -3.9561e+00
8978 -2.1193e+00 -2.9722e+00 -2.0024e+00
8979 -5.6049e+00 -4.2889e+00 -1.9797e+00
8980 -1.1619e+00 2.4534e+00 -5.1812e+00
8981 2.8517e+00 8.6632e-02 -3.4793e-01
8982 -1.2196e+00 3.2847e+00 -8.7003e+00
8983 4.5156e+00 -3.6984e+00 -1.0326e+00
8984 4.4431e+00 2.0088e-01 -1.4688e+00
8985 4.9834e+00 -4.2033e-01 -5.3184e+00
8986 5.0935e+00 4.0989e+00 -6.5149e+00
8987 -2.5406e+00 2.1727e+00 2.8816e-01
8988 2.6392e-01 1.3335e+00 -6.3457e+00
8989 -6.6127e+00 -2.1719e+00 -4.6458e-01
8990 6.9751e-01 3.2657e+00 -4.0582e+00
8991 5.7519e+00 3.4495e+00 -4.2043e+00
8992 -3.5024e-01 2.8031e+00 -6.8093e+00
8993 2.0829e+00 2.2405e+00 -3.1707e+00
8994 -3.1661e-01 -5.2524e-01 -8.3915e+00
8995 -6.4246e-01 1.5302e+00 -1.5357e+00
8996 6.9517e+00 3.3234e-01 -2.7094e+00
8997 2.8391e+00 4.0655e+00 2.6553e+00
8998 1.3417e+00 2.5323e+00 -6.8852e-01
8999 -3.9109e-01 7.1257e+00 -8.5355e-01
9000 4.4147e+00 -3.9328e-01 -4.7484e+00
9001 -4.0049e+00 3.8197e+00 -5.0227e+00
9002 1.2882e+00 -2.6746e+00 -2.2962e+00
9003 4.7197e+00 2.9593e+00 -5.7247e+00
9004 1.8328e+00 -4.1622e+00 4.0032e+00
9005 1.7506e+00 2.5937e+00 2.2428e+00
9006 -1.2365e-01 7.5580e+00 -5.6077e-01
9007 -4.5371e-01 -7.1323e+00 3.8164e+00
9008 -1.2873e+00 2.0533e+00 -7.2278e+00
9009 -4.1284e+00 -2.8189e+00 -1.7293e+00
9010 1.7092e+00 1.3041e+00 1.2615e+00
9011 -5.2641e-01 3.4533e+00 -8.4211e+00
9012 3.9928e-01 2.4315e+00 -6.5888e+00
9013 -7.2435e-01 -1.8633e+00 -6.6658e+00
9014 4.7503e+00 -2.0096e+00 3.9215e-01
9015 5.2781e+00 1.7758e-01 -1.7151e+00
9016 -2.8391e+00 9.4607e-01 -4.5435e+00
9017 3.4487e-01 2.5562e-01 -3.3030e+00
9018 3.1694e+00 -3.2830e-01 -3.7713e+00
9019 7.3210e-01 1.4196e+00 -1.3936e+00
9020 -4.7108e-01 1.0410e+00 -2.4514e+00
9021 -8.0526e-01 -1.9430e+00 -6.4837e+00
9022 -4.5231e+00 6.3614e-01 -1.3032e+00
9023 -9.5896e-01 3.1774e+00 -2.7356e+00
9024 -2.8146e+00 3.3098e+00 -4.1908e+00
9025 -1.0747e+00 -2.9441e+00 5.5232e+00
9026 5.1668e+00 -3.6205e-01 -3.6836e+00
9027 -1.1770e-01 3.1721e+00 -2.7232e+00
9028 3.0028e+00 3.7205e+00 -4.1616e+00
9029 5.3050e+00 6.2734e+00 -2.1723e+00
9030 -1.5031e-01 3.8655e+00 -3.3234e+00
9031 2.4147e+00 6.0776e+00 1.2160e+01
9032 -5.1480e+00 6.9460e-02 1.4888e+00
9033 -6.9763e-01 -1.6967e-01 -4.6026e+00
9034 -4.5731e-01 6.1087e+00 -4.9201e+00
9035 -1.9739e+00 2.5468e-01 -3.6930e+00
9036 2.6270e+00 -1.6513e+00 -5.5417e+00
9037 -4.8246e+00 1.6329e+00 -4.9202e+00
9038 -2.8875e+00 9.6411e-02 -4.0604e-01
9039 -3.1445e+00 -3.7357e+00 -3.6753e+00
9040 -7.0154e-01 -4.4743e+00 -1.5583e+00
9041 -6.4315e+00 -3.2418e+00 -1.8951e+00
9042 3.6617e+00 -3.6821e+00 -4.5912e+00
9043 -1.5624e+00 -6.7744e+00 -2.7485e+00
9044 4.5429e+00 -1.6651e-01 -5.5309e+00
9045 -3.4832e+00 -8.6066e-01 7.5281e+00
9046 1.3636e+00 2.9614e+00 1.2556e+01
9047 6.8429e-01 4.8661e+00 1.7307e+01
9048 2.1987e-01 -2.9233e+00 1.8314e+01
9049 6.6765e-01 3.2421e-01 1.6867e+01
9050 -4.2935e+00 3.9890e-01 5.3009e+00
9051 -4.0807e+00 6.9353e+00 1.6270e+01
9052 4.9048e-01 1.7823e+00 1.2537e+01
9053 2.0548e+00 -2.8229e+00 1.7601e+01
9054 2.0515e+00 1.0775e-01 1.7230e+01
9055 1.6468e+00 1.6201e+00 1.8543e+01
9056 6.7258e+00 -9.5914e-01 1.8563e+01
9057 1.8242e+00 1.6017e+00 9.5497e+00
9058 1.1174e+00 -1.1037e+00 1.4376e+01
9059 2.6333e+00 1.1258e-02 8.4185e+00
9060 4.6267e+00 1.6506e+00 3.9607e+00
9061 -1.1182e+00 3.1222e+00 2.0699e+00
9062 -1.5810e+00 1.7205e+00 2.8895e+00
9063 -1.0112e+00 9.1980e-01 1.6131e+01
9064 -3.6821e+00 -4.0568e+00 -2.8084e+00
9065 -2.1508e-01 3.0977e+00 1.1706e+01
9066 -1.8205e+00 3.2957e+00 1.3471e+01
9067 -5.5640e+00 2.8002e+00 1.7865e+01
9068 -7.2505e-01 -1.3465e-01 1.7460e+01
9069 -3.5718e+00 4.4224e-01 1.3830e+01
9070 -4.8751e-01 1.0026e+00 1.7007e+01
9071 -3.6401e+00 1.6982e+00 1.4844e+01
9072 -4.9123e+00 6.8383e-01 1.2249e+01
9073 1.9582e+00 4.7075e-01 1.7478e+01
9074 2.0684e+00 -2.3700e-01 1.1622e+01
9075 -1.1573e+00 -3.6870e+00 1.5172e+01
9076 -3.2046e+00 4.6933e-01 1.3835e+01
9077 -1.1165e+00 2.8751e+00 1.2036e+01
9078 -6.5813e+00 1.3860e+00 1.8551e+01
9079 5.6406e+00 1.3679e+00 1.5784e+01
9080 -1.3994e+00 -3.0797e+00 1.3457e+01
9081 -6.1551e+00 -9.8183e-02 -3.9026e-01
9082 -6.0958e+00 3.0081e+00 7.0060e+00
9083 2.0986e+00 1.3859e+00 3.6625e+00
9084 -8.9377e-01 -4.6130e+00 5.2377e+00
9085 1.9990e+00 2.8066e+00 9.3738e+00
9086 -7.9071e+00 1.3501e+00 1.7079e+01
9087 -4.7835e-01 1.7414e+00 1.4693e+01
9088 -4.2314e-01 2.1386e+00 1.8009e+01
9089 9.2905e-01 2.0449e+00 7.2853e+00
9090 -1.8951e+00 -3.5205e+00 4.2516e+00
9091 -4.5924e+00 1.6345e+00 1.6943e+01
9092 -4.8559e+00 6.2733e-01 6.9511e+00
9093 -5.6442e+00 2.5456e+00 1.2116e+01
9094 -2.4956e+00 6.6191e-01 1.8000e+01
9095 -4.4155e+00 4.3686e+00 7.0892e+00
9096 -3.7304e-01 -1.7680e+00 1.4947e+01
9097 -4.4888e+00 -1.5932e+00 1.4485e+01
9098 -5.0949e+00 -1.1664e+00 1.6287e+01
9099 8.4233e-01 1.8630e+00 1.5280e+01
9100 -1.0481e+00 1.1629e+00 1.8233e+01
9101 -7.3764e-01 3.2089e+00 1.2518e+01
9102 1.8217e+00 2.0096e+00 1.7830e+01
9103 -1.2062e-02 -4.2305e-01 1.1603e+01
9104 3.2049e+00 1.8586e+00 1.5825e+01
9105 2.9813e-01 -2.9663e-01 1.5746e+01
9106 -3.8219e+00 2.7815e+00 4.6682e+00
9107 -2.4912e-01 2.9805e+00 1.4723e+01
9108 -4.3417e+00 -5.1329e-01 5.3874e+00
9109 -1.1167e+00 -6.3971e-01 5.2206e+00
9110 -4.2771e+00 1.7225e+00 1.1800e+01
9111 5.0647e-01 -2.8400e+00 1.5363e+01
9112 -4.1065e+00 -3.5459e+00 8.5478e+00
9113 -1.9829e+00 -8.8981e-01 8.6828e+00
9114 -6.8304e-01 -4.9336e+00 -4.9929e+00
9115 4.8565e-01 2.4719e+00 5.1200e+00
9116 3.5701e+00 4.1080e-01 1.6686e+01
9117 -1.4293e+00 4.0892e+00 1.2749e+01
9118 -4.5067e+00 2.0640e+00 9.5796e+00
9119 -6.6635e+00 -3.8935e+00 1.8385e+01
9120 -5.5047e+00 1.6841e-01 1.0955e+01
9121 -4.3407e+00 2.8761e+00 1.4934e+01
9122 -2.4561e+00 1.3681e+00 1.1886e+01
9123 -2.8767e+00 -2.7045e-01 1.8325e+01
9124 -1.4177e+00 4.4044e-01 1.8757e+01
9125 -7.0035e+00 2.6550e+00 1.3456e+01
9126 -2.2575e-01 1.7855e+00 1.6899e+01
9127 -2.0644e+00 -2.3161e+00 1.4219e+01
9128 1.1717e+00 -6.6343e-01 1.3341e+01
9129 -2.0323e+00 4.9662e+00 9.2651e+00
9130 2.2925e+00 4.4008e+00 1.4859e+01
9131 -3.5650e+00 -2.6416e+00 1.6110e+01
9132 -1.6909e+00 1.7930e+00 1.1451e+01
9133 -4.1238e+00 -2.2800e+00 9.6792e+00
9134 -4.0825e+00 -6.4201e-01 1.0425e+01
9135 -3.4740e+00 2.8720e+00 1.2201e+01
9136 -2.4490e+00 2.8457e+00 1.6044e+01
9137 4.0552e+00 3.9249e+00 1.6156e+01
9138 -5.1904e+00 2.9517e+00 1.1664e+01
9139 -2.0857e+00 5.9247e+00 1.8019e+01
9140 -2.5162e+00 -1.8525e+00 1.5893e+01
9141 -1.1525e+00 -9.2919e-01 1.6700e+01
9142 -1.8484e+00 6.5406e+00 8.4164e+00
9143 -5.5169e+00 4.4400e+00 1.8443e+01
9144 -3.1240e+00 2.5523e+00 1.7808e+01
9145 -2.0208e+00 2.2623e+00 1.6600e+01
9146 -5.4096e+00 3.6891e+00 1.7761e+01
9147 1.3674e+00 1.4399e+00 1.5374e+01
9148 -1.1712e+00 -2.8375e+00 1.3189e+01
9149 -1.0922e+00 6.6732e-01 1.7051e+01
9150 1.9357e+00 5.4647e+00 1.4785e+01
9151 -3.3638e+00 2.2871e+00 1.6706e+01
9152 -9.4720e-01 4.9465e+00 1.7505e+01
9153 -2.1564e+00 2.9499e+00 1.5747e+01
9154 2.8853e+00 4.4374e+00 1.8641e+01
9155 -3.1207e+00 7.5613e-01 1.5690e+01
9156 -1.9478e+00 7.4944e+00 1.7771e+01
9157 -2.3310e+00 4.7199e+00 1.4134e+01
9158 -1.6700e+00 2.7336e+00 1.8284e+01
9159 -4.3553e-01 5.0324e+00 9.5717e+00
9160 -5.4388e+00 5.8820e+00 1.6863e+01
9161 -1.0385e+00 4.1663e+00 1.5915e+01
9162 -3.4365e-01 7.2940e+00 1.6183e+01
9163 1.6547e+00 5.3822e+00 1.8511e+01
9164 -2.6581e+00 3.3768e+00 1.8372e+01
9165 -2.0777e+00 -9.6063e-01 1.4484e+01
9166 -3.0738e+00 2.6606e+00 1.6646e+01
9167 -4.3375e+00 4.0423e-01 1.4945e+00
9168 -3.0380e+00 -5.1921e+00 1.1034e+01
9169 -6.4085e+00 1.8200e+00 1.8681e+01
9170 -3.7859e+00 -4.7990e+00 1.4031e+01
9171 2.0350e+00 4.5083e+00 1.2837e+01
9172 -1.1327e+00 1.5721e+00 1.5117e+01
9173 -7.6590e-01 -1.9135e+00 9.7181e+00
9174 -1.4149e+00 4.4816e+00 9.6778e+00
9175 -5.3649e+00 -6.4820e-02 1.8241e+01
9176 9.9361e-01 2.4362e+00 1.2481e+01
9177 -6.3217e+00 5.3859e-01 1.3208e+01
9178 -3.5733e+00 -1.7999e+00 1.3287e+01
9179 -6.3943e+00 2.6383e-01 -2.0893e+00
9180 2.8444e+00 1.8365e+00 -3.0299e+00
9181 -2.2961e+00 5.8460e+00 1.7815e+01
9182 -2.6804e+00 9.3057e-01 9.1957e+00
9183 -4.5850e+00 2.7345e+00 -2.6163e+00
9184 -5.8974e+00 -3.2558e-01 1.2614e+01
9185 -1.9982e+00 -1.3102e+00 1.0613e+01
9186 -3.9287e+00 1.1457e+00 1.6913e+01
9187 -5.3191e+00 -3.7859e-01 1.7086e+01
9188 -6.6038e+00 3.7555e+00 1.7070e+01
9189 -4.1819e+00 -2.8204e+00 1.3218e+01
9190 -2.8241e+00 -2.6237e+00 1.6307e+01
9191 -1.3051e+00 2.1077e+00 1.1569e+01
9192 -5.3314e-01 -7.6681e-01 7.4260e+00
9193 -4.6912e+00 3.9888e+00 1.5746e+01
9194 -7.7576e-01 -5.6619e-01 1.6455e+01
9195 -6.5524e+00 -3.4963e+00 6.1487e+00
9196 8.5811e-01 -9.3291e-01 1.4375e+01
9197 -3.8849e+00 -2.9195e+00 1.1659e+01
9198 -2.6760e+00 -1.8159e+00 1.4486e+01
9199 -2.1178e+00 -2.9443e+00 1.7617e+01
9200 -5.5955e-01 2.6002e+00 1.0677e+01
9201 -2.6589e+00 5.9176e+00 1.6670e+01
9202 8.1523e-02 5.5659e+00 1.5775e+01
9203 -1.7545e+00 6.2703e+00 8.6374e+00
9204 -2.0331e+00 -3.1671e+00 1.3235e+01
9205 -2.8895e+00 3.1790e+00 1.2687e+01
9206 -5.3803e+00 7.1954e+00 1.5837e+01
9207 5.9321e-01 -8.3432e-01 2.8830e-01
9208 -7.0587e+00 -3.8925e-01 1.8427e+01
9209 -5.5477e+00 1.3379e+00 1.7277e+01
9210 1.1202e+00 3.3010e-01 1.7530e+01
9211 2.5700e+00 -6.2092e+00 1.7531e+01
9212 -6.5825e-01 -2.3515e-01 1.5526e+01
9213 -6.5332e+00 1.6522e+00 1.7047e+01
9214 -3.1512e+00 6.2860e-01 1.6158e+01
9215 1.2841e+00 -6.1427e-01 1.8337e+01
9216 2.5094e+00 -3.1010e-02 1.8110e+01
9217 -7.2420e+00 1.0131e+00 1.7424e+01
9218 -1.3645e+00 -5.0906e+00 1.7806e+01
9219 8.5619e-01 5.7107e+00 1.8574e+01
9220 -2.2503e+00 2.2521e+00 1.8294e+01
9221 4.6767e-01 2.1954e-01 1.7964e+01
9222 -9.6412e-01 -5.4119e+00 1.6710e+01
9223 1.3339e+00 5.2722e+00 1.8755e+01
9224 -4.1957e+00 4.3615e-01 1.5752e+01
9225 -5.0102e+00 -2.8893e+00 1.8204e+01
9226 2.8924e+00 -2.6979e+00 1.8727e+01
9227 4.3732e+00 -1.9811e+00 1.8678e+01
9228 -1.9970e+00 2.6341e-01 1.7917e+01
9229 -1.8965e+00 1.8335e+00 1.7592e+01
9230 -9.3409e-01 5.1696e+00 1.4393e+01
9231 4.2897e-01 -5.5710e-01 1.6656e+01
9232 -5.6438e+00 2.4626e+00 1.8108e+01
9233 -2.4834e+00 3.3696e-01 1.6937e+01
9234 -3.1511e+00 -1.7470e+00 1.8564e+01
9235 -1.9965e+00 4.4088e-01 1.6458e+01
9236 -2.5818e+00 -8.1330e-01 1.8527e+01
9237 -6.5803e-01 2.7702e-01 1.8485e+01
9238 8.6298e-01 -6.5155e-01 1.8684e+01
9239 -2.5814e+00 2.2369e+00 1.7248e+01
9240 -3.8488e+00 -9.3577e-01 1.8258e+01
9241 -2.2305e+00 3.5360e+00 1.8744e+01
9242 -2.2458e+00 -5.0158e+00 1.6656e+01
9243 -3.5699e+00 -3.9485e-01 1.7007e+01
9244 4.2506e-01 -8.4923e-02 1.8194e+01
9245 -4.2067e+00 -4.7558e+00 1.7984e+01
9246 -2.5808e+00 5.3252e-01 2.9318e+00
9247 1.9640e+00 -6.2874e+00 1.1042e+01
9248 -4.2261e+00 1.3948e+00 1.4932e+01
9249 -2.6601e+00 1.2530e+00 1.5575e+01
9250 2.3567e-02 2.0209e+00 1.3702e+01
9251 -1.5929e+00 4.0678e+00 1.8357e+01
9252 4.1756e-01 1.9441e+00 7.5837e+00
9253 -4.5528e-01 1.9298e-01 -7.7837e+00
9254 -2.3178e-01 2.2033e+00 -1.0324e+00
9255 2.5088e+00 4.2993e+00 3.0380e+00
9256 -3.5432e+00 -9.2000e-01 9.5964e+00
9257 -3.7311e+00 -1.9316e+00 1.0102e+01
9258 -5.8012e+00 4.9656e+00 8.1637e+00
9259 -4.4282e-01 1.6914e+00 1.1976e+01
9260 3.4301e+00 -3.0129e+00 1.0994e+01
9261 -6.1772e-01 -7.7657e+00 6.6203e+00
9262 -8.8263e-01 -4.7507e+00 8.3404e+00
9263 1.9433e+00 -5.8685e+00 -8.3120e-01
9264 -3.4242e+00 5.6078e-01 5.6685e+00
9265 -7.6512e-01 -1.8161e+00 4.5375e+00
9266 -9.5333e-01 1.0104e+00 5.5792e+00
9267 9.9411e-01 -6.1959e+00 9.4947e+00
9268 -1.4213e+00 -4.0493e+00 1.4522e+00
9269 -4.0338e+00 -8.6621e+00 6.1108e+00
9270 3.9252e+00 -3.1128e+00 4.3942e+00
9271 -2.7659e+00 -5.9231e-02 9.7238e-01
9272 -8.2466e-01 -1.4384e+00 7.3901e+00
9273 -4.4323e-01 -7.8912e+00 4.2372e+00
9274 -9.5550e-01 -4.4987e+00 2.9424e+00
9275 -2.7118e+00 -1.1415e+00 1.0818e+01
9276 -2.4289e+00 -8.5318e+00 6.6918e+00
9277 2.5518e+00 -1.2323e+00 8.3507e+00
9278 1.6045e+00 -4.6162e+00 5.8427e+00
9279 6.2294e-01 -1.1239e+00 9.3433e+00
9280 -4.2823e-01 -6.4448e+00 1.0132e+01
9281 -2.9009e+00 -9.5396e-01 8.7677e+00
9282 -4.9766e-01 3.4280e+00 8.9480e+00
9283 7.8035e-01 -1.9400e+00 8.9901e+00
9284 7.0488e+00 -1.3340e+00 9.9653e+00
9285 2.3384e+00 -7.4407e+00 3.9470e+00
9286 -2.7056e+00 3.3928e+00 1.4264e+01
9287 -4.9075e+00 2.5850e+00 4.6999e+00
9288 -2.7726e+00 -3.9072e+00 8.3395e+00
9289 -6.9597e-01 -2.7608e+00 2.5902e+00
9290 -8.6964e-01 4.3259e+00 6.2542e+00
9291 3.7962e+00 4.2887e+00 8.7092e+00
9292 3.6470e+00 4.1414e-01 3.6601e+00
9293 -4.5248e+00 1.9421e+00 6.8782e+00
9294 1.6653e-01 6.0084e+00 6.6729e+00
9295 1.3458e+00 3.5537e-01 5.9636e+00
9296 -7.5544e-01 4.0096e+00 6.4224e+00
9297 -7.1936e-01 1.8195e+00 9.8113e+00
9298 -4.5300e+00 3.2480e+00 8.4339e+00
9299 -1.7799e+00 5.3743e+00 4.0666e+00
9300 1.6377e+00 3.7133e+00 4.3223e+00
9301 -2.4429e+00 5.1197e+00 5.5841e+00
9302 -6.6923e+00 -1.5401e+00 4.6051e+00
9303 -4.4294e+00 1.4144e+00 4.7584e+00
9304 -8.5957e-01 -5.1681e+00 1.0523e+01
9305 -2.4254e+00 -1.0564e+00 2.8429e+00
9306 8.7949e-02 3.9823e+00 -2.2622e+00
9307 -2.1448e+00 7.7359e-01 1.7474e+00
9308 1.5748e+00 8.0236e+00 7.1404e+00
9309 -5.9689e+00 6.7906e-01 3.2588e+00
9310 3.7959e+00 3.8124e+00 7.5575e+00
9311 -1.6147e+00 -9.6808e-02 5.8214e+00
9312 -1.8696e+00 2.0899e+00 -3.7016e+00
9313 3.2444e+00 5.0023e+00 9.7051e+00
9314 -5.6968e+00 5.5548e+00 6.6364e+00
9315 -3.5085e+00 4.0109e+00 -1.3267e+00
9316 -1.4456e+00 2.0579e+00 7.8428e-01
9317 -2.8427e+00 7.5389e-01 2.6447e+00
9318 1.1671e+00 1.9605e+00 6.8175e+00
9319 -3.0519e+00 -4.2184e+00 4.8918e+00
9320 -4.5224e+00 -4.7760e+00 4.6918e+00
9321 -7.7999e-01 2.5860e+00 3.4786e+00
9322 -3.5727e+00 2.0533e-01 5.3121e+00
9323 -2.8453e+00 3.4961e+00 3.1885e+00
9324 -4.3482e+00 7.4130e-01 -7.0515e+00
9325 -1.5602e+00 5.4883e+00 8.7266e+00
9326 -4.6813e+00 1.2174e+00 7.5200e+00
9327 -5.1987e+00 3.2011e+00 -3.2881e+00
9328 3.3818e+00 1.9483e+00 3.5820e+00
9329 -3.4532e+00 7.5179e+00 1.2007e+00
9330 -2.4615e+00 -2.0107e+00 5.7987e+00
9331 -2.4086e+00 1.5624e+00 -1.1348e+00
9332 -1.5523e+00 3.3050e+00 -1.0429e+00
9333 -1.8030e+00 4.5466e+00 4.3662e+00
9334 -2.1545e-01 3.3068e+00 6.5177e+00
9335 -4.8015e+00 -6.1332e+00 1.0341e+01
9336 2.8274e-01 1.6052e+00 -1.7750e+00
9337 1.0211e-01 -1.0123e+00 6.0487e+00
9338 -8.1535e+00 2.0408e+00 1.1738e+01
9339 3.4834e+00 1.7125e+00 6.0817e+00
9340 1.1187e+00 -1.1166e+00 -6.9689e+00
9341 -3.7476e+00 -1.5941e+00 8.2826e+00
9342 -2.5921e+00 6.8638e-01 6.3729e+00
9343 3.6930e-01 -1.9538e-01 -5.9936e+00
9344 -6.2765e+00 -3.3983e+00 8.4258e+00
9345 -3.4004e+00 -5.5828e+00 -8.4014e+00
9346 4.4582e+00 -5.5188e+00 -8.8497e+00
9347 -2.2859e+00 -2.3145e+00 1.8015e+01
9348 -1.5425e+00 -6.4790e+00 1.6412e+01
9349 -5.8098e-01 7.9568e-02 1.8749e+01
9350 -3.9863e+00 2.7358e+00 1.2297e+01
9351 -3.2666e+00 -5.1978e+00 1.6344e+01
9352 -4.6319e+00 -1.4690e+00 1.6881e+01
9353 2.3017e+00 8.2909e-01 1.7201e+01
9354 -3.8099e+00 -9.3705e+00 3.7000e+00
9355 2.9396e+00 -6.8190e+00 -5.1433e+00
9356 -1.7419e+00 -3.5010e-02 6.3758e+00
9357 -3.1787e+00 -9.2616e+00 -6.2149e+00
9358 -4.1716e+00 -2.4602e-01 -1.0110e+00
9359 -1.1075e+00 -4.4383e+00 4.5657e+00
9360 1.1269e+00 -8.3079e+00 -4.2619e+00
9361 -5.4363e+00 -8.8674e+00 5.2981e+00
9362 -5.8141e+00 -8.1521e+00 -5.4536e+00
9363 -1.3141e+00 6.1327e+00 5.2555e+00
9364 -5.0053e+00 1.2424e+00 3.1728e-01
9365 -9.2020e-01 -3.9789e+00 -7.4874e+00
9366 -6.5351e+00 2.5148e+00 2.6838e+00
9367 -2.6404e+00 -7.1937e+00 6.7672e+00
9368 -1.4203e+00 8.4610e+00 3.1114e+00
9369 -3.9874e+00 1.1002e+00 7.5063e+00
9370 -4.5472e+00 -8.0778e+00 6.4212e+00
9371 -2.2338e+00 4.8410e+00 1.3265e-01
9372 -6.1140e+00 -1.8145e+00 8.3314e+00
9373 -1.2730e+00 -1.6265e+00 3.5571e+00
9374 -8.8426e-01 -4.0281e+00 1.0199e+01
9375 1.9245e+00 -3.9216e+00 1.1399e+01
9376 4.2671e+00 4.5714e+00 1.2665e+01
9377 1.6615e+00 -3.3612e+00 1.1542e+01
9378 3.4366e-01 -8.5614e+00 -1.1513e+00
9379 -3.8510e+00 -7.2821e+00 -3.9646e+00
9380 -5.7140e+00 -6.0211e-01 1.0270e+01
9381 -4.3580e-01 -4.6262e+00 6.2560e+00
9382 -5.9777e+00 2.4480e+00 5.1236e+00
9383 -1.6710e+00 -4.1760e-01 8.9523e+00
9384 2.3332e+00 -2.8314e+00 6.0126e+00
9385 -3.1568e+00 -3.8820e+00 7.0331e-01
9386 3.0452e+00 -2.0295e+00 -1.6712e-03
9387 -1.7585e+00 -1.3110e+00 1.1938e+01
9388 1.2329e+00 -1.8173e+00 -1.3015e+00
9389 -4.1778e+00 -5.1132e+00 7.7199e+00
9390 -2.9968e+00 1.1767e+00 6.1474e+00
9391 6.2453e+00 -9.3459e+00 5.6672e+00
9392 -3.5381e+00 -2.1760e+00 9.0463e+00
9393 -3.9720e+00 -1.5311e+00 -8.9590e+00
9394 -5.3406e-01 -9.8344e-01 -7.6689e+00
9395 2.4951e+00 2.4060e-01 5.5611e+00
9396 1.8379e+00 -4.5934e+00 1.2331e+01
9397 2.4216e-01 -6.2502e+00 4.2143e+00
9398 -3.0474e+00 -3.5448e+00 1.1681e+01
9399 9.6293e-01 -8.4146e+00 4.1528e+00
9400 -3.1494e+00 -7.4073e-01 6.4964e+00
9401 -7.1183e-01 -5.8059e+00 1.0461e+01
9402 6.6682e-01 -1.3393e+00 9.3037e+00
9403 4.8163e-01 4.9337e+00 1.0149e+01
9404 -9.0151e-01 -2.9823e+00 1.0046e+01
9405 3.2740e+00 -4.0982e+00 1.7904e+01
9406 -7.4038e+00 -1.0477e+00 1.1735e+01
9407 8.3467e-01 1.8484e+00 6.8083e+00
9408 -4.2680e+00 -8.5242e+00 1.5648e+01
9409 -2.1645e+00 6.5904e+00 1.8549e+01
9410 1.2312e+00 2.6394e-01 1.8068e+01
9411 -7.7370e-01 -6.1293e-01 1.8522e+01
9412 2.9889e+00 -4.9713e+00 1.7523e+01
9413 6.3870e-01 -1.4959e+00 1.8055e+01
9414 -3.5109e+00 1.1540e-01 1.7724e+01
9415 -3.3490e+00 -6.0807e+00 1.7475e+01
9416 -4.1354e+00 4.6216e+00 1.8326e+01
9417 2.3291e+00 -3.1276e+00 1.8574e+01
9418 1.4046e+00 -5.6672e+00 1.8185e+01
9419 4.8649e-01 -1.9992e+00 1.8664e+01
9420 2.1718e+00 -9.3722e+00 1.6888e+01
9421 -2.0365e+00 5.0646e+00 1.7757e+01
9422 -1.2692e+00 3.0756e+00 1.5846e+01
9423 -2.4241e+00 7.1329e-01 1.8171e+01
9424 -1.0379e+00 4.8816e+00 1.0177e+01
9425 -3.3937e+00 -4.2471e+00 1.8594e+01
9426 -3.1992e+00 -3.8182e+00 1.5069e+01
9427 -1.3490e+00 -6.1955e+00 1.7071e+01
9428 4.6800e+00 -4.4110e+00 1.8691e+01
9429 3.2755e-01 7.7540e-01 1.4717e+01
9430 3.3731e+00 1.8339e-01 1.8212e+01
9431 1.0331e+00 -9.2406e+00 8.0328e+00
9432 2.9553e+00 9.3177e-01 1.7084e+01
9433 -4.3756e+00 -5.8855e+00 1.4665e+01
9434 -1.1182e+00 6.8776e-01 1.7628e+01
9435 -1.9537e+00 -2.7391e+00 1.8776e+01
9436 1.1201e+00 -6.1632e+00 1.6303e+01
9437 -1.3558e+00 -8.5607e-01 1.7931e+01
9438 -7.0636e+00 -3.6565e+00 1.0870e+01
9439 -5.5119e+00 6.5554e+00 9.2705e+00
9440 -1.2369e+00 4.4690e+00 -3.5206e+00
9441 -1.6717e+00 2.9739e+00 -3.4081e+00
9442 -2.4331e-01 4.6640e+00 -8.9666e-01
9443 -2.6829e+00 3.1102e+00 4.0153e+00
9444 -7.8043e-01 -4.2571e-01 5.3473e+00
9445 -3.6419e+00 9.2407e-01 -8.0591e+00
9446 4.5485e-01 4.2813e+00 1.1308e+01
9447 2.3951e+00 -9.0311e-01 1.8422e+00
9448 2.1682e+00 3.5436e+00 1.1674e+01
9449 -3.2718e+00 -1.5791e+00 1.0511e+01
9450 5.0789e+00 -5.8045e-01 1.7832e+01
9451 -1.4718e+00 -3.7172e+00 1.5766e+01
9452 -1.4313e+00 5.3888e-01 1.7743e+01
9453 9.3342e-01 1.4002e+00 9.6862e+00
9454 1.2862e+00 -9.9237e-01 8.8599e+00
9455 -2.8577e+00 2.2128e+00 1.7116e+01
9456 -1.4518e+00 -2.8159e+00 1.1658e+01
9457 -3.4895e+00 1.3628e+00 1.6054e+01
9458 -3.1270e+00 -1.4427e+00 1.5583e+01
9459 1.2997e+00 1.5302e+00 1.5882e+01
9460 -1.2179e+00 -5.4741e-01 1.4157e+01
9461 3.2346e+00 2.7861e+00 1.4380e+01
9462 1.6569e+00 -2.8390e-01 1.5850e+01
9463 8.2426e-01 3.2776e+00 1.8500e+01
9464 -3.7381e-01 4.7392e+00 1.8376e+01
9465 8.5500e-01 1.7780e+00 1.6004e+01
9466 4.9954e+00 6.5421e+00 1.4208e+01
9467 -4.4534e-01 -1.8913e+00 9.3956e+00
9468 1.8247e+00 4.4888e-01 -9.1773e+00
9469 -2.0023e+00 7.3363e-01 1.2430e+01
9470 4.5025e-01 4.5700e+00 1.8731e+01
9471 -1.5032e+00 1.3119e+00 1.8502e+01
9472 1.8256e+00 -1.1595e+00 1.7071e+01
9473 2.4368e+00 -1.6742e+00 1.8471e+01
9474 2.8401e+00 8.1549e-01 1.8354e+01
9475 -3.2864e+00 4.1740e+00 1.0460e+01
9476 3.4249e+00 1.6438e+00 1.6623e+01
9477 1.7683e+00 -4.2457e+00 -4.0647e+00
9478 -5.1471e+00 2.8586e+00 5.4828e+00
9479 -1.6449e+00 1.6332e+00 7.1171e+00
9480 1.7140e+00 5.1971e+00 3.1439e+00
9481 8.4219e-01 -2.9097e+00 1.0446e+01
9482 -4.2963e+00 3.6901e+00 5.5997e+00
9483 7.6346e-01 -6.8945e+00 6.9294e+00
9484 -1.7922e+00 -3.0560e+00 8.8913e-01
9485 5.3626e+00 -2.4236e+00 6.3255e+00
9486 -2.8619e+00 -5.9272e-01 9.1453e+00
9487 -5.3441e+00 3.1137e+00 2.9505e-01
9488 -2.6607e+00 2.7528e+00 6.8719e+00
9489 -5.2195e+00 -4.6379e-01 3.3510e+00
9490 -3.4864e+00 2.4955e+00 5.1171e+00
9491 -9.0815e-01 6.2576e-01 1.7793e+00
9492 -2.1467e+00 2.7975e+00 4.2340e+00
9493 -1.3656e+00 -4.2138e+00 6.5092e+00
9494 4.4714e+00 -8.4817e+00 6.7720e+00
9495 6.2443e-02 -6.1596e+00 1.0508e+01
9496 1.4579e+00 -7.9996e+00 7.1786e+00
9497 -1.5506e+00 -2.7324e+00 7.9036e+00
9498 3.0835e+00 -7.4816e+00 1.0590e+01
9499 -2.4361e+00 -3.4123e+00 6.6673e+00
9500 -2.3324e+00 -5.4522e+00 4.6017e+00
9501 -1.7502e+00 2.4709e+00 6.7776e+00
9502 -3.6550e+00 -4.3238e+00 -2.4595e+00
9503 -6.8577e-02 -1.8949e+00 1.1896e+01
9504 -4.0195e+00 8.9575e-01 1.8069e+00
9505 -2.3018e+00 -5.5410e+00 9.9775e+00
9506 -4.1699e+00 -4.2235e+00 8.6905e+00
9507 1.0104e+00 -9.3127e+00 8.0453e+00
9508 -5.0551e-01 -6.9313e+00 6.2342e+00
9509 -1.0009e+00 -3.4275e+00 1.1496e+01
9510 -5.3230e-01 -6.2922e+00 8.0807e+00
9511 -1.4032e+00 2.5028e-01 1.1218e+01
9512 1.5939e+00 -5.3866e+00 4.5517e+00
9513 3.2370e+00 -1.7765e+00 2.2819e+00
9514 -2.4360e-01 1.5344e+00 2.3493e+00
9515 2.0730e+00 1.1465e-01 2.7974e+00
9516 1.2259e-01 -8.6105e-01 8.8083e+00
9517 8.8754e-01 1.2241e+00 6.2878e-01
9518 -1.7950e+00 -9.8178e-01 1.0857e+01
9519 1.3122e+00 -1.9128e+00 3.1095e+00
9520 2.4423e-03 -1.4547e-01 8.6255e-01
9521 1.0917e+00 1.0732e+00 5.6870e+00
9522 1.4330e+00 4.4763e+00 1.0597e+01
9523 1.0112e-01 -3.6924e+00 3.0240e+00
9524 3.4710e+00 -5.0469e+00 2.9984e+00
9525 -5.2480e+00 -5.3431e+00 1.6015e+00
9526 2.5136e+00 7.1388e-01 -3.5581e+00
9527 3.8928e+00 3.2502e+00 2.9387e+00
9528 2.6390e-01 -3.8975e+00 6.8667e+00
9529 -6.2987e+00 -3.5382e+00 3.5735e+00
9530 3.0526e-01 -6.4932e+00 5.2209e+00
9531 -1.0959e+00 3.6216e+00 8.1741e+00
9532 -9.0020e-01 -2.6663e+00 2.1428e+00
9533 -4.4460e+00 4.1435e+00 6.3286e+00
9534 -8.5927e-01 -6.5160e-01 3.3168e+00
9535 -3.1707e-01 -4.0573e+00 1.0619e+01
9536 -6.6443e+00 -2.2134e+00 6.3188e+00
9537 -1.3623e+00 -1.6700e+00 3.8567e-01
9538 -2.6400e+00 -6.2689e+00 5.6226e+00
9539 8.2144e+00 -1.2332e+00 2.9205e+00
9540 -2.9438e+00 -2.3817e-01 1.0070e+01
9541 -3.0117e+00 -8.1647e+00 5.2905e+00
9542 -9.3360e-01 1.5678e+00 1.6715e+00
9543 2.8763e+00 2.0494e+00 2.6575e+00
9544 -1.4865e+00 -2.6617e+00 2.6166e+00
9545 1.1542e+00 -1.8310e+00 1.3291e+01
9546 5.6522e+00 1.1393e+00 3.9026e+00
9547 -2.0879e+00 -2.0861e+00 2.1509e+00
9548 -1.5227e+00 -1.6693e+00 4.2239e+00
9549 -6.7593e+00 1.0156e-01 2.9747e+00
9550 2.0163e+00 -5.1856e-01 -1.7576e+00
9551 4.3961e+00 -9.7675e-01 3.1641e+00
9552 8.6342e-01 -7.1953e-01 4.4130e-01
9553 1.6703e+00 1.3308e-01 7.6898e+00
9554 1.7028e+00 7.4369e-01 -5.8325e-01
9555 2.0427e+00 1.9070e+00 7.9404e+00
9556 -5.1403e-01 3.0536e+00 3.6173e+00
9557 -1.2172e+00 2.1292e+00 6.4091e+00
9558 -1.9709e+00 -3.8586e+00 3.8658e+00
9559 -1.6856e+00 -2.0811e-01 3.0700e+00
9560 3.3970e+00 -3.4956e+00 1.1427e+00
9561 -1.9303e+00 -2.4225e+00 1.0975e+00
9562 4.8936e-01 -8.2578e-01 4.7219e+00
9563 -2.5750e+00 1.6598e+00 6.3982e+00
9564 -6.3076e+00 1.7701e+00 3.7763e+00
9565 2.8603e+00 2.3347e+00 6.9070e+00
9566 -3.8011e+00 -3.1272e+00 7.6369e+00
9567 -5.9210e+00 1.9517e+00 6.5951e+00
9568 -3.8555e+00 4.7246e+00 4.2095e+00
9569 -2.3120e+00 1.5237e+00 5.7569e+00
9570 -4.5927e+00 7.1812e-03 5.4029e+00
9571 -4.4742e+00 -1.2110e+00 2.2084e+00
9572 -6.4101e+00 -2.9205e+00 4.0768e+00
9573 -2.7154e+00 1.3641e-01 7.1039e+00
9574 -1.2969e+00 -3.2260e-02 1.1618e+01
9575 -7.6116e+00 -4.8445e+00 4.3757e+00
9576 -4.6393e+00 5.5307e+00 1.2926e+00
9577 -2.4049e+00 -1.4120e+00 5.3850e+00
9578 -2.7502e+00 -2.4669e+00 7.0426e+00
9579 -6.3026e+00 -1.5149e+00 8.7089e+00
9580 -2.6808e+00 -5.7216e+00 1.6271e+00
9581 -1.9044e+00 4.8994e-01 6.1110e+00
9582 5.4031e-01 -1.4710e+00 6.6313e+00
9583 2.9463e-01 3.1429e+00 2.1117e+00
9584 -2.2030e+00 6.6073e+00 4.1063e-01
9585 -2.4512e+00 6.6739e-01 4.6543e+00
9586 -4.7429e+00 -5.4611e-01 9.9999e+00
9587 -1.8221e+00 -1.8579e+00 8.3740e+00
9588 -9.0931e-01 -5.4262e-02 1.4509e+00
9589 -1.9964e+00 1.9612e+00 5.0914e+00
9590 2.7932e-01 -3.3099e+00 7.9512e+00
9591 2.4914e-01 -8.0140e+00 5.9443e+00
9592 -8.0030e-01 -1.7400e-01 8.4915e+00
9593 -3.5352e+00 -9.8762e-01 3.6518e+00
9594 -6.3229e+00 2.2062e+00 5.6252e+00
9595 2.6652e+00 -2.2087e+00 2.1562e+00
9596 7.2281e-01 5.8638e+00 9.8024e+00
9597 1.9870e+00 6.7107e-01 5.9115e+00
9598 -4.0336e+00 -1.0994e+00 4.3399e+00
9599 -4.5044e+00 -7.8372e+00 1.1276e+01
9600 -3.2619e+00 -1.2759e-01 3.3601e+00
9601 -4.1267e+00 -3.9513e+00 4.5632e+00
9602 -7.2078e-01 -2.6540e+00 -1.2046e+00
9603 5.0758e-02 -5.0348e-01 3.6616e+00
9604 -2.5505e+00 3.5693e+00 8.2233e+00
9605 -1.3033e+00 2.6146e+00 6.0398e+00
9606 -6.4172e+00 -3.5718e+00 6.0972e+00
9607 -7.2148e+00 -5.7713e+00 2.9058e+00
9608 -2.3486e+00 2.0780e+00 4.2087e+00
9609 1.8492e+00 -3.3207e+00 4.8548e+00
9610 6.0573e+00 2.1298e+00 8.3887e-01
9611 -5.9839e+00 1.4360e+00 5.3062e+00
9612 -3.4742e+00 -2.4123e+00 6.7671e+00
9613 -1.7323e+00 -7.0816e-01 -1.9342e+00
9614 -1.3849e+00 1.4995e+00 1.5174e+00
9615 1.5324e+00 -1.7524e+00 -2.7131e+00
9616 -4.7227e+00 -7.6666e+00 9.9684e+00
9617 9.1619e-01 -8.1052e-01 8.2715e+00
9618 2.1505e-01 -7.0772e+00 4.1840e+00
9619 -1.4138e+00 1.4094e+00 -3.0740e+00
9620 -1.0389e+00 2.2299e+00 6.9267e+00
9621 -3.5306e+00 2.9196e-01 9.1402e+00
9622 -2.3765e+00 2.0998e+00 4.3204e+00
9623 -2.7076e+00 4.4556e-01 7.9240e+00
9624 -7.7025e-02 9.7131e-01 3.9850e+00
9625 -7.9502e+00 -1.3282e+00 5.1655e+00
9626 1.3278e+00 2.1721e+00 -3.2513e+00
9627 -8.5653e-01 8.8827e-01 4.3373e+00
9628 3.0057e-01 -9.8921e-01 2.7245e+00
9629 -1.9673e+00 8.2010e-01 6.6910e+00
9630 1.4847e+00 1.8529e+00 9.5971e+00
9631 1.9123e+00 2.8510e+00 8.9367e+00
9632 -9.4382e-01 -2.1322e-01 4.4267e+00
9633 -7.0218e-01 -2.1186e+00 6.2358e+00
9634 -3.3710e+00 -2.3172e+00 -2.7854e+00
9635 -1.2242e+00 1.6964e+00 -8.3904e+00
9636 -1.1611e+00 3.4697e+00 7.4475e+00
9637 -3.6748e+00 4.1736e+00 4.2287e+00
9638 -9.4920e-01 -1.1836e-01 7.1591e+00
9639 1.4187e+00 2.7374e+00 1.2159e+01
9640 -1.1221e+00 3.4634e+00 5.4788e+00
9641 -5.3418e+00 4.7376e+00 2.0046e+00
9642 -4.1000e+00 5.3481e+00 -9.3885e+00
9643 -5.1438e+00 5.0576e+00 -9.1811e+00
9644 -2.9220e+00 1.4673e+00 -9.3384e+00
9645 -3.9094e+00 -5.4619e+00 -1.4019e+00
9646 3.6064e-01 7.8796e-02 7.3680e+00
9647 -1.9753e+00 8.3986e-02 1.0209e+01
9648 -2.4028e+00 -1.7612e+00 1.4096e+01
9649 -3.0665e+00 -6.4193e+00 1.4911e+01
9650 2.0651e-01 -2.2658e+00 1.4974e+01
9651 -1.6454e+00 -6.7182e+00 1.7979e+01
9652 1.0086e+01 -5.1770e+00 1.8001e+01
9653 1.5971e+00 -4.2167e-01 1.7776e+01
9654 -1.1913e+00 -2.0571e+00 1.7567e+01
9655 1.0405e+00 -4.5626e+00 1.6725e+01
9656 -3.5256e+00 2.3154e-01 6.4093e+00
9657 -1.1704e+00 2.8590e+00 1.7954e+01
9658 3.4906e+00 2.2127e+00 1.4697e+01
9659 -6.1397e-02 4.6585e+00 1.8302e+01
9660 4.5536e-01 5.6742e+00 1.7612e+01
9661 -4.8855e+00 1.7594e+00 1.6148e+01
9662 -3.0393e-01 3.0054e+00 1.0048e+01
9663 -1.6462e+00 7.5019e-01 1.8506e+01
9664 2.1744e+00 4.0224e-01 1.8037e+01
9665 3.7091e-01 4.4494e+00 1.3125e+01
9666 2.2197e-02 6.9489e-01 1.8458e+01
9667 -1.9289e+00 3.6024e+00 8.0401e+00
9668 4.2170e-01 -7.7513e-01 1.4412e+01
9669 5.3218e+00 3.2168e+00 1.8721e+01
9670 -8.3465e+00 -5.4318e-01 7.7240e+00
9671 -5.2713e+00 -1.6955e+00 1.7932e+01
9672 -6.2649e-02 1.2270e+00 1.8535e+01
9673 3.2829e+00 5.1005e-01 1.8719e+01
9674 5.2494e+00 -7.1141e+00 1.5124e+01
9675 -2.9988e+00 1.0912e+00 1.8336e+01
9676 1.0891e+00 3.0297e+00 1.8391e+01
9677 5.9567e+00 4.4369e+00 1.6847e+01
9678 -3.1751e+00 5.4953e+00 1.6835e+01
9679 2.6120e+00 2.4102e+00 1.6861e+01
9680 7.9418e-01 -1.1934e+00 1.1981e+01
9681 -2.1749e+00 -3.0451e+00 1.8523e+01
9682 7.6137e+00 -8.2836e-01 1.7823e+01
9683 2.9009e+00 -1.4663e+00 1.6536e+01
9684 7.7729e-01 2.6336e+00 1.4126e+01
9685 6.6354e+00 1.6605e+00 1.3899e+01
9686 3.1104e-01 1.3175e+00 1.8574e+01
9687 3.6646e+00 1.1765e+00 1.8518e+01
9688 -1.9398e+00 1.8509e+00 1.7795e+01
9689 7.1979e-01 -1.4144e+00 1.8518e+01
9690 7.4863e-01 3.0144e+00 1.5593e+01
9691 6.6501e+00 -5.8321e-01 1.6448e+01
9692 5.1523e-01 2.4621e+00 1.7310e+01
9693 -5.7645e+00 4.1797e-01 7.7270e+00
9694 3.9460e+00 -6.0069e-01 1.8401e+01
9695 1.9312e+00 4.5501e-01 1.8648e+01
9696 -2.8618e+00 3.6258e+00 1.4130e+01
9697 1.4906e+00 3.2680e+00 1.8140e+01
9698 -2.8660e+00 9.6837e-01 1.5859e+01
9699 -2.2367e+00 -3.1790e+00 1.4886e+01
9700 8.6671e-01 -3.3305e-01 1.7826e+01
9701 3.2785e+00 1.8707e+00 1.1334e+01
9702 1.1363e+00 6.0282e+00 1.7765e+01
9703 3.8617e+00 2.5045e+00 1.8766e+01
9704 3.6785e+00 -8.1836e-01 1.8160e+01
9705 1.9567e+00 -8.5067e-01 1.8047e+01
9706 2.1866e+00 -1.1541e+00 1.8738e+01
9707 -6.0747e-02 -1.4147e+00 1.8544e+01
9708 -1.7526e+00 5.7002e-02 9.6780e+00
9709 2.1413e+00 -1.8143e+00 6.1775e+00
9710 -3.8583e+00 2.6903e-01 1.5855e+01
9711 1.3259e+00 -5.1948e+00 1.6172e+01
9712 3.6556e+00 3.8189e-01 1.5791e+01
9713 3.0770e+00 6.9525e-01 1.8227e+01
9714 5.2587e-02 -1.1642e+00 1.5054e+01
9715 3.2876e+00 1.7380e+00 1.8641e+01
9716 3.0056e+00 -4.3779e-02 1.2426e+01
9717 2.2977e+00 -1.5866e+00 1.6118e+01
9718 1.0259e+00 -5.7211e+00 1.8668e+01
9719 -4.5451e+00 3.2559e+00 1.8631e+01
9720 4.1779e+00 -2.0831e+00 1.7883e+01
9721 -2.7030e+00 2.3437e+00 1.6738e+01
9722 2.2363e+00 3.6381e+00 1.6085e+01
9723 3.9831e-01 -2.4930e+00 1.8128e+01
9724 -2.5874e+00 3.4941e-01 1.6360e+01
9725 -3.5921e+00 3.9505e+00 1.6860e+01
9726 1.4445e+00 5.0584e+00 1.5485e+01
9727 1.9102e+00 4.3961e+00 1.8172e+01
9728 1.0288e+00 1.1977e+00 1.8624e+01
9729 -1.8431e+00 -3.5464e+00 3.6383e+00
9730 -5.4770e+00 4.4161e+00 1.6140e+01
9731 -3.7635e+00 -1.4927e+00 5.7618e+00
9732 -5.9671e+00 6.7405e+00 1.7736e+01
9733 3.2121e+00 2.0196e+00 9.1433e+00
9734 -6.7843e-01 4.9039e+00 1.4637e+01
9735 3.7046e+00 9.0502e-01 1.6217e+01
9736 -5.5074e+00 1.6978e-01 1.7532e+01
9737 -4.6870e-01 3.8188e+00 1.4377e+01
9738 -1.7955e+00 -5.6028e-01 4.9287e+00
9739 -3.1939e+00 -1.2115e+00 1.6131e+01
9740 -1.9067e+00 -3.0144e+00 1.7587e+01
9741 -1.0830e+00 5.3146e+00 1.0066e+01
9742 -2.8433e+00 2.4298e+00 1.6350e+01
9743 3.9167e+00 -2.5254e+00 1.4053e+01
9744 -2.7385e-01 2.7171e+00 5.8113e+00
9745 -1.5292e+00 4.8335e+00 2.6677e+00
9746 -1.3395e+00 -1.1826e+00 1.3256e+01
9747 -2.2422e+00 3.0982e+00 9.9432e+00
9748 -5.7019e+00 3.7793e+00 8.4009e+00
9749 5.8622e-01 -3.8422e+00 1.6904e+01
9750 -4.2259e+00 3.8197e+00 1.1728e+01
9751 -4.4648e+00 5.9687e+00 1.1241e+01
9752 -4.9012e+00 9.1290e+00 1.3627e+01
9753 -7.3174e+00 -4.0529e-01 1.7619e+01
9754 -3.0269e+00 2.6108e+00 8.4361e-01
9755 2.3281e+00 2.2752e+00 1.2664e+01
9756 -5.9618e+00 -2.7462e+00 1.2858e+01
9757 3.4714e-01 1.4778e+00 1.2320e+01
9758 -8.6965e-02 -2.5579e+00 1.5165e+01
9759 -3.4447e+00 1.8970e+00 1.2423e+01
9760 -9.8509e-01 1.4301e-01 5.6191e+00
9761 2.7012e+00 3.4803e-01 1.5420e+01
9762 -6.0057e+00 2.9518e+00 2.7227e+00
9763 -6.8681e-01 4.4768e+00 1.8719e+01
9764 -5.3444e-02 1.1893e+00 1.7082e+01
9765 -1.7388e+00 4.1720e-01 1.2902e+01
9766 -1.8974e+00 -4.1280e-01 7.4226e+00
9767 -2.7654e+00 2.0756e+00 1.0028e+01
9768 -1.4721e+00 1.5032e+00 1.5269e+01
9769 2.0379e-01 3.5956e+00 4.2521e+00
9770 -7.8294e+00 2.7050e-01 1.5804e+01
9771 -8.0951e-01 5.9864e+00 3.7084e+00
9772 -3.5450e+00 1.6123e+00 1.6274e+01
9773 -6.5914e+00 -7.6769e-01 1.5938e+01
9774 -3.6769e+00 2.4787e+00 1.5065e+01
9775 2.7029e-01 -3.1236e+00 1.0752e+01
9776 -3.9410e+00 2.5666e+00 1.6048e+01
9777 -1.4843e+00 5.1580e+00 9.1275e+00
9778 -1.8428e+00 4.1158e-01 1.5991e+01
9779 -2.2205e+00 2.8879e+00 -5.6977e-01
9780 -1.3450e+00 3.7703e+00 1.3401e+01
9781 -7.1135e-01 -1.4602e+00 5.0337e+00
9782 2.0253e-01 2.4030e+00 1.7272e+01
9783 -3.3657e+00 -1.6770e+00 1.6370e+01
9784 6.1346e-01 -2.1934e+00 1.3248e+01
9785 -4.9223e+00 -1.1721e+00 1.7461e+01
9786 -2.2963e+00 4.1578e+00 1.8771e+01
9787 -4.4501e+00 4.4608e-01 1.8475e+00
9788 -4.3822e+00 6.2002e+00 1.2587e+01
9789 -4.6809e+00 1.7247e-01 9.9053e+00
9790 1.5321e+00 5.7249e+00 1.0118e+01
9791 9.1713e-01 2.3120e+00 1.5065e+01
9792 -1.4716e+00 1.1080e+00 1.8381e+01
9793 -1.4949e+00 -3.2415e-01 1.4363e+01
9794 -3.9412e+00 -1.3136e+00 9.7753e+00
9795 -1.4837e+00 1.6999e+00 1.6388e+01
9796 -2.1694e-01 -3.0548e+00 1.6210e+01
9797 1.1429e+00 2.2029e-01 1.5975e+01
9798 -4.6251e+00 4.0553e+00 1.3563e+01
9799 -4.6914e+00 1.6346e+00 3.8350e+00
9800 6.2372e-01 -3.3383e-01 9.8882e+00
9801 -2.8061e+00 -3.6629e+00 1.3606e+01
9802 -3.4992e+00 -3.0837e+00 1.8442e+01
9803 -2.2313e+00 2.7056e+00 1.5417e+01
9804 1.2126e+00 2.1650e+00 1.0484e+01
9805 -2.2324e+00 4.0753e+00 1.6032e+01
9806 -4.9585e+00 1.2928e+00 1.5399e+01
9807 2.5172e+00 3.2415e+00 1.8095e+01
9808 -3.0298e+00 4.8096e+00 6.6152e+00
9809 -5.4020e+00 4.4274e+00 1.3540e+01
9810 -1.9370e+00 6.5599e+00 1.2955e+01
9811 -1.2854e+00 -4.8338e+00 1.6514e+01
9812 -5.1981e+00 1.6411e+00 4.6900e+00
9813 -3.4231e+00 2.6037e+00 1.1887e+01
9814 -1.2512e+00 7.1677e+00 1.2839e+01
9815 1.9960e-01 4.0762e+00 9.0726e+00
9816 -7.2563e-01 -4.9667e-01 6.0137e+00
9817 2.5750e+00 -1.3084e+00 1.6262e+01
9818 1.7493e+00 3.8793e+00 7.7078e+00
9819 -9.2565e-02 -1.0951e+00 1.2776e+01
9820 -1.9705e+00 2.1930e+00 1.2284e+01
9821 -6.2019e+00 4.8770e+00 1.5560e+01
9822 -5.1945e+00 -1.2000e+00 7.4639e+00
9823 -5.6661e+00 2.7238e-02 9.1840e+00
9824 2.0254e+00 -4.4329e-01 3.1825e+00
9825 -2.7145e+00 1.6798e+00 1.4053e+01
9826 -5.5441e+00 1.5494e+00 1.4547e+01
9827 -1.4091e-01 1.0320e-01 6.7550e+00
9828 -3.4598e+00 -9.7291e-01 1.0053e+01
9829 -2.2419e+00 -3.5708e+00 1.1493e+01
9830 -1.3844e+00 2.9137e+00 1.3688e+01
9831 -6.8676e+00 -1.6261e+00 1.2740e+01
9832 -2.6588e+00 1.3727e+00 1.5919e+01
9833 2.1983e+00 -6.6760e-01 1.4711e+01
9834 -3.7889e-01 3.5355e+00 1.7675e+01
9835 -1.0359e+00 1.7037e+00 1.7791e+01
9836 -5.7535e+00 2.6624e+00 1.4016e+01
9837 -5.4347e-02 -1.9055e-01 8.4109e+00
9838 -2.6850e+00 -1.3940e+00 1.6334e+01
9839 -2.1282e+00 -1.8198e+00 1.0694e+01
9840 -1.8094e+00 2.3129e+00 3.5984e+00
9841 2.2307e+00 -3.2047e-01 1.4799e+01
9842 -4.0986e+00 1.6833e-01 1.5371e+01
9843 -1.3388e+00 1.2330e+00 1.5011e+01
9844 3.4333e-01 -6.6847e-01 4.7487e+00
9845 -3.6114e+00 1.0192e+00 1.1519e+01
9846 -1.5039e+00 6.0661e+00 1.7682e+01
9847 -4.2640e+00 3.2756e+00 1.8364e+01
9848 -7.1298e+00 2.1079e+00 1.2001e+01
9849 3.8887e+00 5.8707e+00 3.0844e+00
9850 4.4012e+00 3.9161e+00 1.8257e+01
9851 -2.7472e+00 1.5440e-01 1.7875e+01
9852 4.9521e+00 3.9337e+00 1.8643e+01
9853 2.0138e+00 5.6560e+00 1.7147e+01
9854 7.5087e+00 -8.4422e-01 1.8132e+01
9855 3.0298e+00 -3.8007e+00 1.8758e+01
9856 -3.5963e+00 1.4584e+00 1.4281e+01
9857 4.2957e+00 2.0809e+00 1.8371e+01
9858 -3.6945e-01 -3.6696e-01 1.8232e+01
9859 3.9214e+00 -6.1396e+00 1.8374e+01
9860 4.2970e+00 -3.5136e+00 1.7169e+01
9861 3.1290e+00 6.1260e-01 1.5867e+01
9862 3.3670e+00 -2.1849e+00 1.2616e+01
9863 2.1594e+00 5.8962e-02 1.8134e+01
9864 1.9712e+00 -3.8498e+00 1.4650e+01
9865 -4.0532e+00 -1.3174e+00 1.1966e+01
9866 -4.8899e+00 2.6180e+00 1.8188e+01
9867 -1.4890e+00 7.5030e-01 7.8325e+00
9868 4.3133e+00 3.1205e+00 1.4304e+01
9869 -3.6900e+00 2.7351e+00 1.8516e+01
9870 3.6054e+00 -4.8043e+00 1.6849e+01
9871 1.2054e+00 6.1924e+00 1.2342e+01
9872 2.4747e+00 -2.7440e+00 1.6708e+01
9873 1.2849e+00 -2.0576e+00 1.6396e+01
9874 -1.4843e+00 -7.2195e+00 8.0044e-01
9875 -1.0013e-01 -2.0941e+00 -9.0758e+00
9876 -7.9466e-01 2.7964e+00 8.0420e+00
9877 4.0516e-03 -1.0862e+00 -7.1929e+00
9878 -2.2997e+00 -6.5648e+00 -7.3194e+00
9879 1.4948e+00 -1.4094e+00 -9.3848e+00
9880 8.2237e-01 3.0664e+00 -8.9829e+00
9881 -6.0651e+00 1.1890e+00 1.1883e+01
9882 3.6075e+00 2.5670e+00 4.5093e+00
9883 -9.3384e-01 -6.0409e+00 -3.9909e+00
9884 3.3180e+00 -2.8756e+00 1.7287e+01
9885 2.3842e+00 -5.8475e+00 2.6132e+00
9886 -6.3946e+00 -2.8501e+00 2.5967e-01
9887 -6.5337e-01 -1.6268e+00 4.8389e-01
9888 2.2682e+00 -1.4390e+00 -2.0507e+00
9889 3.0916e+00 4.5940e-02 -9.3428e+00
9890 7.0329e+00 -1.7670e+00 -9.0977e+00
9891 -8.3832e-01 2.5708e+00 -5.9953e-01
9892 7.6127e+00 2.5102e+00 1.5954e+01
9893 4.3679e+00 -7.1148e+00 1.8482e+01
9894 -3.5756e+00 3.7929e+00 1.8695e+01
9895 4.3888e+00 -4.6823e+00 1.7094e+01
9896 -5.2042e+00 5.4844e+00 1.6810e+01
9897 -3.4602e-03 -5.8354e+00 1.8543e+01
9898 3.1768e+00 -7.3932e+00 1.7686e+01
9899 -9.1769e-01 -8.7476e-01 1.6892e+01
9900 2.8106e+00 3.6193e+00 1.4257e+01
9901 -2.1528e+00 -2.6602e-01 1.8160e+01
9902 1.0287e+00 -1.9571e+00 1.7808e+01
9903 -5.2148e+00 -7.6791e+00 1.5697e+01
9904 -3.6185e+00 -5.6988e+00 1.8344e+01
9905 -3.1981e+00 7.0532e-01 1.8449e+01
9906 1.9658e+00 -2.6297e+00 1.8460e+01
9907 3.0797e-02 3.2611e+00 1.7404e+01
9908 -3.4979e+00 7.1444e-01 1.7358e+01
9909 -5.8926e+00 8.8467e-01 1.5946e+01
9910 -3.0827e+00 3.8235e+00 1.8000e+01
9911 -2.2338e+00 3.3513e-01 1.7525e+01
9912 -6.1141e+00 -8.9965e+00 1.2563e+01
9913 -5.3676e+00 -5.8295e+00 1.6698e+01
9914 -8.3732e+00 1.7786e+00 1.6414e+01
9915 3.1261e+00 6.6820e-01 1.8427e+01
9916 -4.6451e+00 -4.7573e+00 1.8649e+01
9917 -7.7967e-01 2.7094e+00 1.1971e+01
9918 -1.3030e+00 1.5832e-01 1.8766e+01
9919 -2.1661e+00 -4.1258e+00 1.8178e+01
9920 2.6769e+00 -5.6256e+00 1.7141e+01
9921 3.3453e-02 -1.8776e+00 1.8214e+01
9922 2.4049e+00 -1.9028e+00 1.6860e+01
9923 -3.1353e+00 2.0345e+00 1.8623e+01
9924 -4.7831e-01 1.9189e+00 1.5684e+01
9925 -7.5052e-01 -3.1738e+00 1.6638e+01
9926 2.4018e+00 -2.5570e+00 1.8652e+01
9927 1.0726e+00 -5.5362e+00 1.6209e+01
9928 -5.3674e+00 -1.6466e+00 1.4841e+01
9929 -1.9581e+00 4.6600e+00 1.8534e+01
9930 6.2697e-01 -9.6331e-01 1.7187e+01
9931 1.0867e+00 3.3327e+00 1.8045e+01
9932 1.3920e+00 1.6169e+00 -1.8756e-02
9933 -3.2796e+00 -1.6075e-01 -2.5069e+00
9934 -3.8193e+00 1.5301e+00 6.1801e+00
9935 1.7706e+00 9.9198e-01 -3.6185e+00
9936 3.4216e+00 4.5724e+00 -2.2047e+00
9937 4.7776e-01 3.7600e+00 1.1527e+01
9938 1.1512e+00 1.2953e+00 1.1468e+01
9939 -3.5556e+00 3.3682e+00 8.5684e+00
9940 1.5784e+00 8.8521e-01 7.4413e+00
9941 -3.4505e-01 3.8977e+00 -7.3319e+00
9942 -2.5377e+00 3.0652e+00 6.3520e+00
9943 -6.4840e+00 4.2991e-01 1.1231e+01
9944 -6.7673e-02 3.0892e+00 1.1925e+01
9945 -4.5037e+00 2.9929e+00 -6.2872e+00
9946 -2.3410e+00 3.8956e+00 2.0677e+00
9947 2.6379e+00 1.6039e+00 1.6502e+01
9948 9.9364e-01 -4.9381e+00 2.6730e+00
9949 4.8370e+00 5.2859e+00 1.1258e+01
9950 3.7417e+00 2.3964e+00 6.0210e+00
9951 6.1023e+00 3.4685e+00 2.3891e+00
9952 -2.0406e+00 1.9186e+00 4.3014e+00
9953 -1.4436e+00 1.7026e+00 7.1109e+00
9954 3.5366e+00 2.2982e+00 9.0331e+00
9955 2.3216e+00 2.6263e-01 -9.1853e-01
9956 3.7547e+00 7.6744e-01 1.6336e+01
9957 1.2778e-01 3.9881e+00 1.0763e+01
9958 2.9531e+00 3.2662e+00 6.7347e-01
9959 -7.1970e+00 3.8937e+00 6.8986e+00
9960 1.9109e+00 5.4591e-01 1.6587e+01
9961 3.7665e+00 7.7320e+00 1.3902e+01
9962 -1.4940e+00 9.7205e-01 1.2942e+01
9963 2.2819e+00 -1.3610e-01 8.9434e+00
9964 -2.7883e+00 4.3117e+00 7.4727e+00
9965 -4.5088e+00 4.8577e+00 1.0591e+00
9966 4.0972e+00 4.5844e+00 1.1396e+01
9967 2.1575e-01 3.4315e+00 1.0017e+01
9968 1.7052e+00 -4.3838e+00 -3.5528e+00
9969 -1.2626e-01 -5.2998e+00 4.2444e+00
9970 -1.7764e-01 7.0825e+00 6.8654e+00
9971 9.8069e-02 3.2461e+00 4.6764e+00
9972 -1.1408e+00 -1.6376e+00 1.5444e+01
9973 -5.2954e+00 4.2093e+00 -2.6384e+00
9974 -1.5397e-01 -3.2252e+00 5.5989e+00
9975 3.4995e+00 4.8697e+00 9.0185e+00
9976 -1.7256e+00 -5.5194e+00 1.0506e+01
9977 1.8410e+00 -5.4995e+00 1.3175e+01
9978 -6.6686e-01 -8.4868e+00 1.7768e+01
9979 -3.7804e+00 6.2868e+00 -1.5551e+00
9980 -3.5973e+00 -3.1828e+00 6.6004e+00
9981 -1.3121e+00 -2.5243e+00 1.2426e+01
9982 1.4468e+00 -9.0979e+00 1.5219e+01
9983 -4.5907e+00 7.3772e+00 9.6329e+00
9984 -1.5048e+00 3.9602e+00 1.3904e+01
9985 -4.2062e+00 -3.1077e+00 -1.9864e+00
9986 -4.1713e+00 -3.7722e+00 -9.3960e-01
9987 -8.0589e-01 1.4306e+00 4.7636e-01
9988 -8.2117e-01 -4.1676e-01 7.2912e+00
9989 -2.0047e+00 4.5035e+00 5.9072e+00
9990 -4.7493e-02 3.3832e+00 1.1433e+01
9991 -1.0009e+00 -2.9295e-02 8.4022e+00
9992 -1.1716e+00 -6.7187e+00 1.1607e+00
9993 -2.4829e+00 -7.1751e+00 1.3042e+01
9994 1.2479e+00 -8.4856e+00 1.1156e+01
9995 -2.5091e-01 -3.3704e+00 -8.7137e+00
9996 -6.9034e-01 7.9616e-01 9.2425e+00
9997 -5.4177e+00 -1.1669e+00 6.9373e+00
9998 -6.4465e+00 -1.2298e+00 -5.6917e+00
9999 -1.5951e+00 2.1537e+00 -8.3367e+00
10000 -3.9170e+00 4.5500e-01 -1.7745e+00
10001 -6.0825e+00 -3.3280e+00 9.8447e-01
10002 -4.6307e+00 4.4295e+00 2.5041e+00
10003 3.5324e+00 1.4015e+00 4.1632e+00
10004 -5.4958e+00 -2.4253e+00 -8.7561e-01
10005 -3.3004e+00 -1.1127e+00 -3.6201e+00
10006 -1.7553e+00 1.5968e+01 -2.4413e-01
10007 6.8940e-01 1.5147e+00 1.3593e+01
10008 -4.4623e+00 -8.2042e+00 1.2325e+01
10009 -2.2161e+00 1.4913e+00 5.7506e+00
10010 -9.5594e-01 2.8345e+00 5.4406e+00
10011 2.0051e+00 -5.1551e+00 7.7627e+00
10012 -3.2763e-02 -6.9371e+00 7.4001e+00
10013 -3.3423e+00 -3.1229e+00 9.0893e-01
10014 5.9233e-01 -2.3066e+00 5.1013e+00
10015 -2.7895e+00 -8.6908e+00 1.1089e+01
10016 1.0655e+00 -9.2637e+00 1.0292e+01
10017 -5.6008e+00 -1.6562e+00 1.3241e+01
10018 9.2563e-01 -5.1626e+00 1.2886e+01
10019 -5.2050e+00 2.6197e+00 6.5215e+00
10020 4.0267e-01 4.0472e+00 1.3824e+01
10021 -1.5433e+00 -8.2888e+00 -5.7120e+00
10022 -3.3729e+00 -1.6036e+00 1.0203e+00
10023 -2.8081e+00 1.6419e+00 6.1405e+00
10024 -1.3547e+00 1.8713e-01 7.5386e+00
10025 7.4894e-01 1.0149e+00 -3.6792e+00
10026 -2.2605e+00 5.2095e+00 2.6929e+00
10027 2.2246e-01 -6.3989e-02 5.2456e+00
10028 6.6939e+00 1.5144e+00 1.2978e+01
10029 -5.5604e+00 1.9719e-01 4.8155e+00
10030 -2.1421e+00 -9.3457e-01 -2.1325e-01
10031 -1.2359e+00 -7.2503e+00 1.7616e+01
10032 -4.6676e+00 -1.4060e+00 8.0846e+00
10033 1.9170e+00 -5.8448e+00 -1.7271e+00
10034 4.2029e+00 1.7821e+00 1.1929e+01
10035 -7.0240e+00 8.1367e-02 6.0262e+00
10036 -9.5604e-01 -3.8653e+00 4.0680e-01
10037 -4.6242e-02 -6.3127e-01 -2.2427e+00
10038 -4.9814e+00 2.0109e+00 3.5294e+00
10039 3.6791e+00 1.1415e-01 6.9668e+00
10040 1.1761e+00 -4.1160e+00 7.8383e+00
10041 1.3723e+00 -4.6260e+00 3.8428e+00
10042 7.3702e+00 -7.3991e+00 1.0947e+01
10043 -1.5324e+00 3.3009e-01 1.4377e+00
10044 -1.3297e+00 -6.7993e+00 1.1563e+01
10045 -1.1325e-01 -6.3631e-01 1.2321e+01
10046 -1.7519e+00 -8.4805e+00 2.8572e+00
10047 -2.9636e-02 -7.6218e+00 1.9147e+00
10048 -1.8165e+00 -7.5079e-01 1.3997e+01
10049 -4.7510e+00 4.5357e+00 1.4949e+00
10050 -2.2524e+00 -4.3163e+00 4.2075e+00
10051 -3.0482e+00 2.5040e+00 5.4646e+00
10052 -9.6955e-01 -5.9634e+00 5.6810e+00
10053 -3.1533e+00 -9.3815e+00 9.4875e+00
10054 4.2711e-01 3.5642e+00 1.0146e+01
10055 -2.8740e+00 -9.1117e+00 9.9123e-01
10056 -3.1086e+00 -5.8296e+00 3.2738e+00
10057 -1.2694e+00 -6.3948e+00 1.0138e+01
10058 4.3393e-01 -6.6542e+00 1.1133e+01
10059 1.2164e+00 -6.4191e+00 7.4940e+00
10060 -4.3539e+00 1.6198e+00 6.1305e+00
10061 -1.0025e+00 -5.6373e+00 -5.6421e+00
10062 -2.5601e+00 -7.4440e+00 -5.1223e+00
10063 -3.7487e+00 -6.5850e+00 6.4131e+00
10064 9.2695e-01 -2.6156e+00 5.7836e+00
10065 -6.8245e-02 5.4357e-01 6.1755e+00
10066 -6.5577e-02 -6.1926e+00 3.0403e+00
10067 -4.0482e+00 -8.9294e+00 8.0006e+00
10068 -3.8306e+00 -7.8255e+00 -2.6205e+00
10069 -2.3314e+00 -9.3881e+00 -4.1739e+00
10070 -5.9980e+00 -9.3284e+00 4.1692e+00
10071 -1.8434e+00 -4.1871e+00 2.2931e+00
10072 6.5161e+00 -2.4746e+00 -6.1413e+00
10073 -6.5859e-01 -9.3825e+00 4.6855e+00
10074 -1.5051e+00 -8.9803e+00 -4.0504e+00
10075 -2.6600e+00 -2.3211e+00 -3.6125e+00
10076 -3.5575e+00 -3.4357e+00 -5.9623e+00
10077 1.7212e+00 -3.1858e+00 -3.1922e+00
10078 -8.6181e+00 -6.3020e+00 -6.5626e-01
10079 -2.8581e+00 -5.9887e+00 -7.6723e+00
10080 -1.7405e+00 6.9470e-01 9.2851e+00
10081 -1.0442e-01 -2.3872e+00 -3.7168e+00
10082 -2.8685e+00 -5.7097e+00 -3.5186e+00
10083 4.1498e-02 3.6462e+00 -8.0888e+00
10084 2.7951e+00 -8.2369e+00 9.0915e+00
10085 -4.4779e+00 -8.5540e+00 -7.9583e+00
10086 2.2404e+00 -9.3557e+00 -9.3875e+00
10087 -2.2599e+00 -9.3121e+00 -7.3253e+00
10088 2.2882e+00 -8.9007e+00 -9.1896e+00
10089 -3.5511e-01 -7.4908e+00 1.7484e+01
10090 -2.3825e+00 -9.3752e+00 -5.6245e+00
10091 -4.5767e+00 -9.3829e+00 1.0132e+01
10092 -7.4129e-01 -8.5221e+00 -8.6359e+00
10093 -6.1354e+00 -8.0779e+00 1.6131e+01
10094 4.7215e-01 -7.9593e+00 1.8001e+01
10095 1.5430e+00 -6.9893e+00 -6.9477e+00
10096 2.3727e+00 -6.2806e+00 -7.6881e+00
10097 -7.0958e-03 -1.3819e+00 -3.7063e-01
10098 -2.0405e+00 4.5821e+00 -1.2460e+00
10099 3.1198e+00 -6.8487e-01 -2.2591e+00
10100 -1.4743e+00 -2.7141e-01 -9.2423e+00
10101 4.0271e+00 3.2344e+00 1.8746e+01
10102 -6.2060e+00 1.2553e+00 2.6256e+00
10103 -1.9370e+00 -2.1705e+00 5.3048e+00
10104 -1.3445e+00 4.9278e+00 2.9902e+00
10105 -2.7875e+00 -2.8295e+00 -1.0480e-01
10106 2.8365e+00 7.4323e-01 -7.9078e-01
10107 -1.7754e+00 2.2179e+00 6.9512e+00
10108 -2.7168e+00 -1.9519e+00 -5.3445e+00
10109 1.8110e+00 -9.3412e+00 -3.0461e+00
10110 1.6175e+00 2.9550e+00 3.7484e+00
10111 -2.2567e+00 -8.4207e+00 4.7110e+00
10112 -1.4095e+00 -8.6430e+00 1.0667e+01
10113 -2.0404e+00 -8.8316e+00 8.0762e+00
10114 -3.4317e+00 -9.1264e+00 9.5557e+00
10115 -6.0158e-01 -8.7018e+00 6.5580e+00
10116 -4.6865e+00 -9.3456e+00 9.7343e+00
10117 -5.3642e+00 -6.8302e+00 3.8744e+00
10118 -5.0881e+00 -5.9125e+00 1.7700e+00
10119 -3.9586e+00 -8.0825e+00 7.7266e+00
10120 -3.6353e+00 -7.5035e+00 1.0388e+01
10121 -5.5630e+00 -7.1779e+00 6.9137e+00
10122 -1.3489e+00 -9.1616e+00 3.4994e+00
10123 -4.2169e+00 -7.9932e+00 7.3377e+00
10124 -3.3507e+00 -9.3177e+00 2.4523e+00
10125 -6.3981e+00 -9.2642e+00 4.4351e+00
10126 -2.3574e+00 -8.8450e+00 4.5526e+00
10127 -7.7651e-01 -5.9076e+00 4.3185e+00
10128 -2.6061e+00 -9.0939e+00 7.1838e+00
10129 6.6405e+00 -6.8798e+00 3.2386e+00
10130 -1.3417e+00 -8.0076e+00 2.1705e+00
10131 -3.7926e+00 -6.9693e+00 8.3894e-03
10132 -3.4587e+00 -9.0484e+00 2.1887e+00
10133 -4.1034e+00 -9.3875e+00 4.4034e+00
10134 -9.3151e-01 -8.4308e+00 5.0030e+00
10135 -3.7351e+00 -8.7561e+00 7.2879e+00
10136 -4.8845e+00 -8.7048e+00 8.1555e+00
10137 -3.0566e+00 -8.9213e+00 5.8964e-01
10138 -4.7933e+00 -9.2397e+00 3.6053e+00
10139 -2.2217e+00 -8.3154e+00 2.5224e+00
10140 -6.7191e-01 -7.3538e+00 3.1269e+00
10141 -1.5724e+00 -9.3804e+00 4.3078e+00
10142 -8.2081e-01 -8.2463e+00 7.4621e+00
10143 -2.1913e+00 -9.2935e+00 6.1239e+00
10144 -4.0538e+00 -1.7801e+00 1.1586e+00
10145 -2.0232e+00 -8.8850e+00 1.8888e+00
10146 -2.3554e+00 -3.1470e+00 3.1925e+00
10147 3.7735e+00 -7.4862e+00 6.2941e+00
10148 -7.0880e+00 -6.7499e+00 1.0401e+01
10149 -1.2661e+00 -9.0141e+00 2.9723e+00
10150 -6.4522e+00 -8.0549e+00 -1.4532e+00
10151 -7.1834e+00 -6.9478e+00 3.8533e+00
10152 -6.2424e-01 -8.2562e+00 2.3762e+00
10153 -4.3409e-02 -9.3874e+00 2.7766e+00
10154 1.3624e+00 -8.9886e+00 6.3322e+00
10155 2.4816e+00 -8.9204e+00 2.8475e+00
10156 -1.3455e+00 -9.3332e+00 2.4105e+00
10157 -1.9054e+00 -7.0623e+00 8.5705e-01
10158 -3.7498e+00 9.7506e-02 3.1852e+00
10159 -4.0455e+00 -7.4245e+00 3.6790e+00
10160 -3.0287e+00 -8.9996e+00 1.4523e+00
10161 9.4511e-01 -9.0070e+00 2.8202e+00
10162 -2.4828e+00 -7.0907e+00 -5.9607e+00
10163 3.1810e+00 -7.1134e+00 -1.0317e+00
10164 4.5760e+00 -9.3462e+00 3.2080e-01
10165 -5.6687e+00 -9.1733e+00 6.3257e+00
10166 -6.7157e+00 -8.5054e+00 8.5649e+00
10167 -2.8461e+00 -1.7792e+00 -9.3707e+00
10168 -1.1624e+00 -9.2377e+00 -9.3463e+00
10169 -1.1021e+00 -4.9776e+00 4.0007e+00
10170 -2.2549e+00 -9.3763e+00 2.3705e+00
10171 5.3382e+00 -8.5175e+00 -2.0312e+00
10172 -1.4891e+00 -9.1836e+00 9.2790e-01
10173 -2.8672e+00 -9.3768e+00 3.4466e+00
10174 -4.0375e+00 1.4206e+00 6.3411e+00
10175 -2.2803e+00 -3.1967e+00 4.0688e+00
10176 -4.8201e+00 1.0282e+00 1.1122e+01
10177 -2.8041e+00 -4.4720e-02 1.1256e+01
10178 -1.0966e+00 1.7564e+00 1.5119e+00
10179 2.1631e+00 2.1600e+00 6.6251e+00
10180 -7.0202e-01 -2.0963e+00 -6.4845e-01
10181 4.2352e+00 -3.6125e+00 3.4648e+00
10182 -6.0455e+00 -1.5723e-01 7.1791e+00
10183 -1.0259e+00 3.9382e+00 9.4290e+00
10184 -2.1043e+00 -7.0545e+00 7.1674e+00
10185 1.4876e-01 -5.3420e+00 4.2819e+00
10186 -1.1481e+00 2.2092e+00 2.0148e+00
10187 2.9496e+00 -3.7005e+00 7.1646e+00
10188 4.6492e+00 -5.9347e+00 -4.3740e+00
10189 -7.3646e-02 4.1373e+00 4.1094e+00
10190 -9.5154e-01 -8.0138e+00 9.1002e-01
10191 -2.1810e+00 -3.1304e+00 4.0612e+00
10192 -6.3842e+00 -1.2717e+00 -7.6834e-01
10193 1.8278e+00 6.7051e-01 5.6455e+00
10194 -8.2201e-01 -3.4811e+00 5.6636e+00
10195 -3.8494e-01 -1.2039e+00 6.9673e+00
10196 -2.3964e+00 4.9745e+00 1.7687e+00
10197 5.3368e-01 -9.0750e-01 5.0632e+00
10198 1.9879e+00 1.8576e+00 5.9450e+00
10199 -1.2325e+00 -5.2028e+00 -4.0783e+00
10200 -4.1313e+00 2.6140e+00 5.9959e+00
10201 2.8470e-01 1.0667e+00 1.2028e+00
10202 -3.5955e+00 4.9660e+00 1.0437e+01
10203 -4.0836e+00 -6.1586e+00 9.5880e-03
10204 -3.3139e+00 -6.6658e+00 7.9267e+00
10205 -4.8013e+00 2.9477e+00 2.3355e-01
10206 -1.5969e+00 1.4309e+00 7.3936e+00
10207 -5.6887e+00 3.2808e-02 1.8319e+00
10208 -3.6794e+00 4.0788e+00 -6.2841e+00
10209 -9.1053e-01 -2.0979e+00 5.5144e+00
10210 -4.5350e+00 3.1047e+00 -2.5509e+00
10211 -1.4564e+00 6.3366e+00 -3.5249e+00
10212 -4.0370e+00 -5.8989e-01 8.5359e+00
10213 -2.6244e+00 4.3996e-01 3.2303e+00
10214 1.2123e-01 1.3652e+00 -3.3169e+00
10215 -4.8688e+00 7.4018e-01 -6.0578e+00
10216 -5.2843e+00 2.7510e+00 4.8424e+00
10217 -9.1268e+00 6.6110e+00 4.7830e+00
10218 -4.6562e+00 4.4227e+00 -3.0063e+00
10219 -3.5222e+00 -1.3585e+00 4.3116e+00
10220 4.5778e-01 -9.1957e+00 1.2026e+01
10221 -2.1206e+00 1.1278e+00 1.0522e+01
10222 -6.2919e+00 -3.6663e+00 -7.8787e+00
10223 1.4892e+00 -2.6039e-01 5.3561e+00
10224 -1.8900e+00 2.1832e+00 1.8481e+00
10225 1.1123e+00 7.6788e+00 6.4871e+00
10226 -2.0574e+00 7.0142e+00 1.3287e+01
10227 1.7413e+00 -5.3266e-03 1.0258e+01
10228 2.4176e+00 -1.6838e+00 5.9177e+00
10229 -4.1356e-01 3.5742e+00 -9.1162e+00
10230 -3.6398e+00 -5.0773e+00 8.8886e+00
10231 -5.3630e+00 1.4751e+00 1.0968e+01
10232 -4.4898e+00 -4.2853e-01 1.0025e+01
10233 -1.0558e+00 9.8087e-02 5.6833e+00
10234 1.1851e+00 8.9934e-01 -6.6917e+00
10235 2.6425e+00 -6.5077e-01 3.5052e+00
10236 -6.0050e+00 3.3735e+00 4.9799e+00
10237 -6.0573e+00 -5.4513e+00 8.2043e+00
10238 2.9067e+00 2.0992e-01 5.1259e+00
10239 1.1459e+00 5.5605e+00 -2.7304e-02
10240 -9.1837e-01 6.1744e+00 -2.0148e+00
10241 3.0510e+00 1.8667e+00 -9.3489e+00
10242 2.3330e-01 3.4031e+00 -1.0329e+00
10243 -3.2517e+00 3.9898e+00 -6.5786e+00
10244 -6.7162e-01 5.9095e+00 -8.2464e+00
10245 1.7275e+00 3.1944e+00 1.0870e+01
10246 -7.0323e+00 1.2792e+00 3.1909e-01
10247 -5.1797e+00 2.3617e-01 3.6955e+00
10248 -2.6007e-01 8.6499e+00 -3.7010e+00
10249 1.8953e+00 6.6023e+00 3.8338e+00
10250 1.7176e+00 3.1502e+00 -5.8493e+00
10251 1.6287e+00 -3.4238e+00 -6.9948e+00
10252 1.8706e+00 2.5330e+00 -8.4924e+00
10253 -3.1043e+00 -3.8803e-04 -3.8523e+00
10254 -2.7042e-02 -6.6421e+00 -7.2295e+00
10255 -1.5425e+00 1.3912e-01 -5.2028e+00
10256 6.9030e-01 -2.8372e+00 2.2849e+00
10257 2.0575e+00 -8.3208e+00 -4.3287e+00
10258 -5.8876e-01 -8.0314e+00 -4.5671e+00
10259 -2.7757e+00 1.1586e+00 -6.0593e+00
10260 3.0794e+00 -3.3673e-01 -7.7608e+00
10261 3.8956e+00 -3.4212e+00 -8.9183e+00
10262 -1.5049e+00 3.5213e+00 -9.1537e+00
10263 -4.4048e+00 -3.4258e+00 -4.9187e+00
10264 -6.7131e+00 -4.1528e+00 -4.1589e+00
10265 -1.3199e+00 1.2869e+00 -7.7635e+00
10266 1.1041e+00 5.2335e+00 -4.0701e+00
10267 2.0567e+00 4.7557e+00 -9.2778e+00
10268 -7.3363e-01 5.2161e-01 1.2486e+00
10269 -8.0415e-01 -2.8815e+00 -2.7256e+00
10270 -4.8298e-01 2.4911e+00 -7.1052e+00
10271 -4.6347e+00 1.6960e+00 -8.7936e+00
10272 -5.2944e+00 4.5253e+00 -4.3700e+00
10273 -2.8735e+00 2.4186e+00 -8.4628e+00
10274 -3.1966e+00 1.5257e+00 -9.3401e+00
10275 -2.2653e+00 -1.0590e+00 -1.2690e+00
10276 -1.5148e+00 -2.7848e+00 -6.7102e+00
10277 -3.4013e+00 -2.2466e+00 2.9979e-01
10278 4.0729e+00 -3.7362e+00 -1.1583e-02
10279 6.2778e-01 4.1253e+00 -4.6151e+00
10280 6.4926e-01 5.9100e+00 -8.8291e+00
10281 -6.1014e+00 -3.4180e+00 -4.4163e+00
10282 -1.9009e+00 1.5820e+00 -6.2056e+00
10283 -6.9614e-01 6.3044e-02 -1.1935e+00
10284 1.0064e+00 4.8111e+00 -5.9309e+00
10285 5.9614e+00 -4.3441e+00 -1.5750e+00
10286 -4.7017e-01 -5.1246e+00 -4.4409e+00
10287 1.6085e+00 2.2191e-02 5.9105e+00
10288 -3.8427e-01 3.5592e+00 -8.2749e+00
10289 2.0146e+00 2.3842e+00 -8.1120e+00
10290 -4.4934e+00 1.1183e+00 -6.9501e+00
10291 -1.4225e+00 -3.0114e+00 -4.3127e+00
10292 4.9291e-01 1.8009e+00 -8.7968e+00
10293 -4.3579e+00 -9.2708e-01 -6.4036e+00
10294 1.4281e+00 1.9264e+00 -6.5941e+00
10295 -5.8138e+00 1.2585e+00 -5.1547e-01
10296 1.4873e+00 8.1914e-02 -9.2363e+00
10297 -1.0100e+00 -5.4673e-01 -8.5042e+00
10298 -8.9796e-01 3.0416e+00 -8.2906e+00
10299 -2.3934e+00 -5.9104e-01 -7.4390e+00
10300 1.3110e+00 -5.6246e+00 8.8024e+00
10301 1.2990e+00 5.3439e+00 4.5552e-01
10302 -1.0572e+00 -6.0282e+00 5.3523e+00
10303 -8.9141e-01 1.8004e+00 1.1320e+01
10304 -1.8316e+00 1.2120e+00 8.6994e+00
10305 5.1739e+00 -5.7529e+00 2.7555e+00
10306 8.0877e+00 1.5386e+00 5.7929e+00
10307 -3.2786e-01 -1.2350e+00 -7.7566e+00
10308 3.0623e-01 -3.7492e+00 -7.4508e+00
10309 -3.2782e+00 -2.0881e+00 -3.2180e+00
10310 4.5408e-01 -7.1372e-01 -4.5631e+00
10311 -2.1936e+00 4.5550e-01 -4.9530e+00
10312 1.7974e+00 8.3923e+00 -1.7803e+00
10313 7.5342e-01 2.1274e+00 -4.0738e+00
10314 2.8543e-01 4.0389e+00 -1.3794e+00
10315 1.3646e+00 -8.4804e-01 -1.4567e+00
10316 7.8790e-02 5.4746e+00 1.0478e+01
10317 -2.7261e-01 -8.9108e-01 1.4485e+01
10318 -1.7332e+00 1.5885e+00 4.8323e+00
10319 -3.7646e+00 1.1800e+00 4.6617e+00
10320 -8.7106e-01 1.5978e+00 -3.0260e+00
10321 -6.2864e-01 6.7781e-02 1.0997e+01
10322 -8.0277e-01 -2.7712e+00 1.2008e+01
10323 -5.0842e-01 -5.9105e+00 5.0787e+00
10324 -3.6372e+00 3.4543e+00 7.7147e+00
10325 -2.7320e+00 -8.2416e-01 1.0303e+01
10326 -3.2141e+00 -2.8558e-01 7.4717e+00
10327 3.6120e+00 2.5627e+00 9.7520e+00
10328 -1.9299e+00 -3.7686e+00 1.1777e+01
10329 1.5781e+00 -6.4394e+00 9.7903e+00
10330 -3.1742e+00 -2.6222e+00 7.3336e+00
10331 5.0828e-01 -5.2208e-01 1.0988e+01
10332 3.2275e+00 2.2365e+00 7.7639e+00
10333 6.4132e-01 -1.5689e+00 6.8709e+00
10334 -2.7943e+00 -1.8132e+00 8.1158e-01
10335 -2.1554e+00 -5.4309e+00 1.4961e+00
10336 3.6141e+00 -4.3092e+00 7.8928e-01
10337 -4.7024e+00 -9.3884e+00 -3.6722e+00
10338 -3.0661e+00 -1.7830e+00 5.2041e+00
10339 -3.2277e+00 -5.1659e+00 2.0262e+00
10340 5.5175e-02 3.1733e+00 -5.7590e+00
10341 4.3111e+00 1.0928e-01 5.5731e+00
10342 7.0380e-01 3.3161e+00 1.0271e+01
10343 -7.0251e+00 -4.3462e+00 9.9750e+00
10344 -3.2198e+00 -4.1925e+00 3.1953e+00
10345 2.0794e+00 -4.4017e+00 2.1433e+00
10346 -3.1841e+00 -2.7135e+00 5.7488e+00
10347 -3.4946e+00 -5.5860e-01 3.5516e+00
10348 1.9225e+00 3.6505e+00 1.3809e+01
10349 -7.6906e-01 4.2909e+00 9.9554e+00
10350 -5.5207e+00 -5.4763e-01 9.6071e-01
10351 4.6802e+00 -8.6182e+00 9.7000e+00
10352 -2.3912e+00 4.2067e+00 1.7858e+00
10353 -3.1963e+00 4.8731e+00 6.4849e-02
10354 -4.7474e+00 -2.2723e+00 1.9044e+00
10355 4.1925e+00 -4.0661e+00 6.6403e+00
10356 -2.0717e-01 -1.3891e+00 1.7999e+00
10357 4.8762e+00 -3.6013e+00 6.4342e+00
10358 2.8036e+00 2.2876e+00 8.1682e+00
10359 -2.7040e+00 -8.6467e+00 9.6240e+00
10360 -2.8173e+00 1.2559e+00 5.7905e+00
10361 1.2372e+00 -6.1673e+00 2.5931e+00
10362 -1.3739e+00 -5.2483e+00 2.3712e+00
10363 3.1142e+00 -5.0185e+00 1.4932e+00
10364 1.2007e+00 -5.4056e+00 5.6623e+00
10365 3.6376e+00 -5.6952e+00 9.3633e+00
10366 -8.4941e-01 -8.4177e+00 6.2115e+00
10367 2.3245e+00 -6.6135e+00 7.8043e+00
10368 -1.4700e+00 -9.0696e+00 6.2960e+00
10369 -4.6890e+00 -5.4462e+00 1.1364e+01
10370 -9.6661e-01 -4.5368e+00 1.1601e+01
10371 3.9627e+00 -3.6979e+00 1.1305e+01
10372 -1.3705e+00 -3.0481e-01 7.8508e+00
10373 5.1271e-01 -2.9566e+00 6.1635e+00
10374 5.4126e-01 -3.9138e+00 8.3957e+00
10375 1.9942e+00 -5.2731e+00 9.7353e+00
10376 5.5784e+00 3.8482e+00 2.6865e+00
10377 -3.5793e+00 1.1570e+00 4.1851e+00
10378 2.9456e+00 4.7095e-01 7.5599e+00
10379 -5.1821e+00 -6.1879e+00 6.8882e+00
10380 1.6136e+00 3.3583e+00 -3.0608e+00
10381 6.3299e+00 -4.8421e+00 -4.5471e+00
10382 7.1450e-01 -4.1021e+00 -1.5729e+00
10383 -1.8544e+00 4.9647e+00 3.2150e+00
10384 1.3913e+00 4.7769e-01 3.7018e+00
10385 3.2293e+00 1.2550e+00 1.8808e+00
10386 2.9286e+00 -2.6340e+00 -4.9745e+00
10387 4.4206e-01 -3.4742e-01 -8.3955e+00
10388 5.4364e-01 3.3633e+00 -8.0001e+00
10389 5.5288e+00 1.0066e+00 -9.1844e+00
10390 3.1499e+00 3.9560e+00 5.7914e+00
10391 2.1877e+00 2.5200e+00 3.5473e+00
10392 2.6065e+00 5.6486e-01 4.2519e+00
10393 3.2736e+00 -5.2548e+00 -8.1382e+00
10394 3.1355e+00 -1.6818e+00 -5.6248e+00
10395 -1.1443e+00 -5.6368e+00 -1.7981e+00
10396 2.3359e-01 -7.7032e+00 -7.1833e+00
10397 -2.0420e+00 -1.3193e+00 8.4387e+00
10398 2.9459e+00 5.1434e+00 3.9589e+00
10399 1.4996e+00 3.1847e+00 6.4735e-02
10400 3.8143e+00 -1.2627e+00 -6.6011e-01
10401 2.0695e-01 -2.2347e+00 5.0318e+00
10402 -2.7524e+00 1.8199e+00 3.5889e-01
10403 -9.5334e-01 -8.7522e+00 1.6897e+00
10404 -2.3077e+00 -1.7344e+00 6.1912e+00
10405 2.8588e+00 2.5382e+00 7.9366e+00
10406 -6.8857e-01 -5.9405e+00 4.9102e+00
10407 -4.4375e+00 -1.7981e+00 7.1159e+00
10408 2.8762e+00 -5.2281e+00 9.3406e+00
10409 1.6795e+00 -3.6334e+00 4.3709e+00
10410 2.7223e+00 1.3941e+00 8.6106e+00
10411 2.2818e+00 -1.0062e+00 5.9217e+00
10412 2.9474e+00 -2.8661e-01 4.6068e-01
10413 -3.2988e+00 -2.3132e+00 4.0381e+00
10414 1.1025e+00 2.3219e+00 -3.4767e+00
10415 -7.1916e-02 3.9014e-01 -6.8551e+00
10416 5.5107e+00 2.2708e-01 -6.9944e+00
10417 -1.8550e+00 -2.2163e-01 -6.6204e+00
10418 4.5504e+00 3.6136e+00 -4.2621e-01
10419 1.5450e+00 -3.0766e-01 -7.2748e-01
10420 -1.0241e+00 -1.4701e+00 9.3675e+00
10421 3.3418e+00 2.4457e+00 -5.9868e+00
10422 4.1115e+00 4.5226e+00 2.3743e+00
10423 -3.6022e+00 -1.1930e+00 5.4957e+00
10424 -2.3157e+00 -2.8686e+00 5.3753e+00
10425 -4.6047e-01 1.4373e+00 1.1154e+01
10426 2.4367e-01 2.9337e-01 1.1637e+01
10427 -1.6103e+00 -3.4656e+00 1.2205e+01
10428 2.1280e+00 -7.8972e+00 1.3838e+01
10429 1.7547e-01 1.9127e+00 1.0066e+01
10430 -3.5048e+00 1.3578e-01 6.9241e+00
10431 7.5642e-01 1.7229e+00 1.9727e+00
10432 -8.7313e-01 -6.2026e+00 -7.7922e+00
10433 4.9446e+00 -7.3550e+00 -6.1301e+00
10434 -3.9684e+00 -4.8541e+00 -5.7553e+00
10435 2.1519e+00 -2.9980e+00 -6.3539e+00
10436 3.1132e+00 7.6063e-01 -8.2133e+00
10437 7.4713e+00 -3.3034e+00 -8.8328e+00
10438 3.0048e+00 -5.2316e-01 -8.7324e+00
10439 1.9976e+00 -1.4203e+00 -6.4092e+00
10440 2.4250e+00 9.0459e-01 -9.0942e+00
10441 5.5479e+00 -6.6064e+00 -5.6048e+00
10442 3.3284e+00 -9.0497e+00 -2.5964e+00
10443 6.9980e-01 1.5523e+00 5.8451e+00
10444 2.3403e+00 7.4312e+00 8.3952e+00
10445 2.3080e+00 6.3290e+00 3.6871e+00
10446 5.4578e+00 -5.7856e+00 -3.0716e+00
10447 -3.6957e+00 5.1179e-01 5.9213e+00
10448 -8.8472e-01 1.6383e-01 8.5850e+00
10449 3.6496e+00 -8.6459e+00 -6.1565e+00
10450 -5.7059e-01 -1.3833e+00 8.0633e+00
10451 -9.3078e-01 7.9321e+00 3.8599e+00
10452 6.2146e-01 -4.7857e+00 5.8213e+00
10453 1.9689e+00 -1.5942e-01 -5.2385e+00
10454 4.1177e+00 -5.7348e-01 -5.0181e+00
10455 -4.3252e+00 -8.9262e+00 -5.9498e+00
10456 -2.8368e+00 -3.4291e+00 -6.4610e+00
10457 4.7190e+00 4.6331e-01 2.1855e+00
10458 -2.7609e-01 -2.5651e+00 -6.4804e+00
10459 -3.6306e+00 7.6965e-01 -6.7612e+00
10460 -3.9751e+00 -4.6361e+00 -5.8346e+00
10461 -7.0491e+00 -3.1141e+00 -1.3483e+00
10462 -1.3416e+00 -1.9910e+00 -8.5564e+00
10463 3.8186e+00 -5.5163e+00 -4.0347e+00
10464 -4.7877e+00 -4.9432e+00 -3.8770e+00
10465 -1.2259e+00 2.1893e+00 -6.7404e+00
10466 1.2743e+00 -2.2423e+00 -7.3341e+00
10467 1.5324e-01 -1.7913e+00 -1.3347e+00
10468 2.6418e+00 -3.0619e+00 -2.8481e+00
10469 -6.0655e-01 1.1478e-01 7.2537e+00
10470 -1.6732e+00 2.0820e+00 -3.9856e+00
10471 5.3147e+00 -1.2409e+00 2.1932e+00
10472 -3.5449e-01 -1.2096e+00 -1.5514e+00
10473 4.2325e+00 -5.9481e+00 -1.7578e-02
10474 -9.1458e-01 -2.7037e+00 -5.4820e+00
10475 -3.5669e+00 -1.0185e+00 -2.2071e+00
10476 -1.2133e+00 -3.9175e+00 -3.2459e+00
10477 5.4286e+00 4.3060e-01 3.1122e+00
10478 -6.3109e-01 1.4138e-01 -1.2420e+00
10479 6.2098e-01 -2.8077e-01 -4.8647e+00
10480 3.8967e-02 -2.1654e+00 6.5922e+00
10481 -7.1418e-01 -2.3314e+00 1.3611e+01
10482 1.7795e+00 -8.8759e+00 7.9491e+00
10483 -4.7284e+00 -9.3826e+00 3.2350e+00
10484 3.0871e+00 -8.8212e+00 7.9719e+00
10485 -4.1305e-01 -6.2880e+00 3.5662e+00
10486 -3.2218e+00 -2.5025e+00 -1.0113e+00
10487 1.6398e+00 -6.7980e+00 6.1242e+00
10488 9.0717e-02 1.6844e+00 7.8344e+00
10489 3.1278e+00 4.2019e+00 8.5313e+00
10490 7.1724e-01 -1.9157e+00 5.7151e+00
10491 -5.2656e+00 3.1350e+00 1.7203e+00
10492 -1.7552e+00 5.8268e-01 9.1379e+00
10493 -2.6704e+00 4.0535e+00 8.1136e+00
10494 -4.2244e+00 7.2359e+00 9.7110e+00
10495 -2.1006e-01 9.8762e-01 9.1335e+00
10496 -2.7416e+00 -2.8271e-01 8.7453e+00
10497 -1.9462e+00 5.7640e+00 9.9772e+00
10498 -4.6643e+00 -1.4313e+00 6.3302e+00
10499 2.2370e+00 4.2231e+00 1.2173e+01
10500 -4.6332e+00 -1.5246e+00 9.0504e-01
10501 -2.7556e+00 3.5843e+00 5.0168e+00
10502 3.0436e+00 4.3893e+00 1.1740e+01
10503 9.3104e-01 6.9422e-01 1.1743e+00
10504 1.7128e+00 -3.7857e+00 6.2072e+00
10505 -9.5079e-01 2.3609e+00 4.0227e+00
10506 3.9679e+00 2.8620e-01 3.3642e+00
10507 -5.6530e+00 2.5296e+00 -7.5630e+00
10508 -2.2769e+00 7.5502e+00 4.8514e+00
10509 -4.4688e-01 -2.8905e+00 9.7375e+00
10510 -3.5110e+00 -4.7177e+00 1.0470e+01
10511 -2.1073e+00 1.9940e+00 5.7846e+00
10512 -1.4058e+00 -1.4445e+00 9.1261e+00
10513 -7.0342e+00 -4.9283e-01 7.2739e+00
10514 3.2442e+00 4.2540e+00 8.5445e+00
10515 -2.3725e+00 5.6330e+00 4.4945e+00
10516 -8.8479e+00 5.5160e+00 6.9548e+00
10517 -3.0401e+00 9.3933e-01 6.0993e+00
10518 -2.1498e+00 2.4596e+00 3.9424e+00
10519 2.1338e+00 3.5360e+00 8.7759e+00
10520 -7.5173e-01 6.1433e+00 4.5516e+00
10521 3.9718e+00 -1.9702e+00 4.6201e+00
10522 -1.6111e+00 -3.1120e+00 1.2526e+01
10523 -1.3324e+00 3.1323e-01 1.1699e+01
10524 -2.5783e+00 1.8103e+00 4.4255e+00
10525 -8.0282e+00 -3.4820e+00 5.6742e+00
10526 -8.0634e-01 1.0396e+00 8.7552e+00
10527 -9.0068e-01 5.0831e+00 4.4788e+00
10528 -4.5851e+00 5.3017e+00 8.1402e+00
10529 3.6426e+00 3.7663e+00 1.0589e+01
10530 1.3616e+00 4.2607e+00 1.1316e+01
10531 -3.6850e+00 1.8736e+00 1.1469e+01
10532 1.3048e+00 -1.3607e+00 -2.4832e+00
10533 -4.4417e+00 4.2176e+00 6.9237e+00
10534 -4.9738e+00 1.2631e+00 8.7013e-01
10535 2.3190e+00 7.7920e+00 6.0686e+00
10536 5.8392e+00 3.9138e+00 3.8878e+00
10537 -2.6024e+00 1.1197e+00 4.6334e+00
10538 -6.7185e-01 1.4006e+00 3.2419e+00
10539 -3.6201e+00 2.4335e+00 -3.6417e-01
10540 4.9763e-01 -6.4049e-01 4.1261e+00
10541 -2.4378e+00 9.5947e-01 6.4407e+00
10542 -2.2628e+00 3.0710e+00 9.2539e+00
10543 -1.3936e+00 -4.3633e-01 8.6445e+00
10544 9.3350e-01 2.1604e+00 6.4638e+00
10545 1.6589e-02 3.1754e+00 6.7950e+00
10546 7.4192e-01 3.5578e+00 8.0363e+00
10547 -5.5756e+00 3.1749e+00 1.9637e+00
10548 -2.7736e+00 2.2223e+00 3.2159e+00
10549 -4.6728e-01 -8.3516e+00 2.2725e+00
10550 -1.0918e+00 2.0337e+00 4.9005e+00
10551 -4.4831e-01 4.4215e+00 6.5085e+00
10552 -4.4698e+00 6.1179e+00 4.0357e+00
10553 -3.9832e+00 9.8860e-01 2.3081e+00
10554 -6.8821e+00 2.2956e+00 2.7566e+00
10555 -5.2571e+00 5.5182e+00 2.9966e-02
10556 -5.8583e+00 2.5933e+00 3.7725e+00
10557 -4.7349e+00 1.5396e+00 6.6830e+00
10558 -7.5567e-01 4.3913e+00 4.9562e+00
10559 1.8844e+00 5.2605e-01 6.7069e+00
10560 2.8240e+00 -4.1091e+00 1.2792e+01
10561 3.8196e+00 -3.0970e+00 6.3187e+00
10562 -1.0559e+00 -3.0681e+00 8.1628e+00
10563 -7.7027e-01 3.4951e+00 8.5719e+00
10564 -2.4624e+00 2.1282e+00 1.1560e+01
10565 -1.2824e-01 2.0028e+00 3.1104e+00
10566 -2.1532e+00 1.7846e+00 -1.9946e+00
10567 3.1636e+00 1.6273e+00 2.2063e-01
10568 8.7177e-01 9.3989e-01 3.3194e+00
10569 -8.4967e-01 1.2012e+00 2.8705e+00
10570 -4.5766e-03 5.9629e+00 1.8240e+00
10571 -2.1049e+00 2.3141e+00 2.6803e+00
10572 -8.1693e-03 8.0737e-01 6.5734e-01
10573 -5.9298e+00 5.3849e+00 8.8983e+00
10574 -3.1057e+00 -9.6768e-01 2.2065e+00
10575 -4.3024e-01 2.3143e+00 2.6804e+00
10576 -4.6168e-01 2.3084e+00 1.1514e+01
10577 -2.5912e+00 -1.5398e+00 5.1178e+00
10578 -4.4019e+00 1.5958e+00 3.4152e+00
10579 4.3862e+00 -4.1628e+00 5.5123e+00
10580 -4.7917e+00 5.2818e-01 7.4209e+00
10581 9.1751e-01 -2.3014e+00 7.2773e+00
10582 2.7095e+00 -1.8190e-01 3.0218e+00
10583 3.9458e+00 3.2809e+00 3.7154e+00
10584 -3.0726e-01 5.2681e-01 5.0051e+00
10585 1.3971e+00 1.6144e+00 1.8463e+00
10586 9.7494e-01 -4.0059e+00 6.5295e+00
10587 -2.2355e-01 3.8666e+00 2.2805e-01
10588 -7.0383e-01 2.2075e+00 -4.7703e+00
10589 -3.3512e+00 1.1830e+01 -1.3597e+00
10590 4.7733e-01 -2.7007e+00 -9.2547e+00
10591 4.5608e+00 -2.6751e+00 6.2523e+00
10592 1.5095e+00 2.5011e+00 9.5322e+00
10593 -5.0560e-01 2.9114e+00 5.0825e+00
10594 -2.5189e+00 -2.0340e+00 1.0327e+00
10595 -1.9540e+00 5.8279e+00 7.0642e+00
10596 -6.5458e-01 -2.8179e+00 5.9641e+00
10597 -9.9024e-01 1.3196e+00 1.7235e+00
10598 -3.9810e+00 3.4392e-01 6.7552e+00
10599 -5.4319e-01 5.5379e+00 -9.1085e+00
10600 -3.6880e+00 -1.4759e+00 -8.5229e+00
10601 -3.6032e+00 -5.1442e+00 3.2677e+00
10602 -2.3285e+00 -1.2445e+00 6.4373e+00
10603 -3.7357e+00 4.2020e+00 -1.1495e+00
10604 6.9621e-01 4.5051e+00 -2.8483e+00
10605 -1.9967e+00 1.1132e+00 -6.8638e+00
10606 -2.7201e+00 1.6671e+00 -7.9197e-01
10607 -3.5753e+00 7.6139e+00 6.2170e+00
10608 -4.0440e+00 -7.8939e-01 8.9478e+00
10609 -4.2618e+00 4.9120e-01 4.8449e+00
10610 8.5602e-02 -2.6960e+00 -5.9992e+00
10611 -5.8889e-01 2.2982e+00 -1.7458e+00
10612 -3.6307e+00 -3.0045e+00 8.1019e+00
10613 4.8644e+00 2.4506e+00 6.3980e-01
10614 2.3405e+00 -7.7672e+00 4.9387e+00
10615 4.1588e+00 -3.1227e+00 -2.2908e+00
10616 2.4915e+00 -8.6309e+00 -7.7781e+00
10617 -1.5380e+00 -1.1653e-01 1.3792e+00
10618 -4.5995e-01 4.5666e+00 4.8247e+00
10619 -5.1109e+00 -6.2181e+00 1.7754e-03
10620 -5.3896e+00 1.1114e+00 8.2955e+00
10621 -2.0920e+00 -8.4767e-01 2.0062e+00
10622 3.4195e-01 -5.7032e+00 2.7355e+00
10623 8.2442e-01 -3.7864e+00 2.6086e+00
10624 -2.3412e+00 -3.3507e+00 7.3880e+00
10625 2.1401e+00 -4.5844e-01 7.6910e+00
10626 -3.5321e+00 -2.5587e-01 4.4922e+00
10627 4.5456e-01 3.3645e+00 5.6056e+00
10628 -3.9572e+00 -1.4393e+00 -6.4342e+00
10629 -4.4930e+00 -2.2651e+00 -1.0604e+00
10630 3.2563e+00 -3.3609e+00 5.8856e+00
10631 4.8950e+00 -4.1270e+00 -1.4294e+00
10632 -3.6905e+00 -4.7946e+00 2.3792e-01
10633 4.8146e+00 -4.1785e+00 4.6518e-01
10634 -2.5463e+00 -3.9070e+00 7.3853e+00
10635 -5.1219e+00 4.0970e+00 8.2915e+00
10636 -1.4961e+00 -1.2623e-01 -5.5087e-03
10637 -2.2507e-01 -3.7327e+00 3.4711e+00
10638 -2.3976e+00 -4.8037e+00 3.0018e+00
10639 3.0439e+00 -1.5026e+00 6.2500e+00
10640 -4.1120e-01 2.8323e+00 7.4002e+00
10641 -4.8620e+00 -1.8113e+00 4.3399e+00
10642 1.1658e+00 -6.3005e+00 4.3361e+00
10643 -3.3460e+00 -7.6976e+00 -2.0271e+00
10644 -2.1602e+00 6.3416e-02 6.8475e+00
10645 -4.2045e+00 1.4742e+00 6.5725e-01
10646 -1.0652e+00 -2.0725e+00 2.6044e+00
10647 -6.1157e+00 1.9114e+00 3.2388e+00
10648 -1.6372e+00 -4.1726e+00 9.1938e+00
10649 4.6075e+00 -6.9537e+00 4.3952e+00
10650 1.1269e+00 -2.5582e+00 -2.1100e+00
10651 8.9434e-01 -4.5958e+00 -7.4156e-01
10652 -3.1370e+00 -8.5713e+00 1.0629e+01
10653 3.1087e+00 -6.8169e+00 -3.4477e+00
10654 1.7744e+00 7.6216e-01 -3.2585e+00
10655 -4.7208e-01 2.6466e+00 4.1224e+00
10656 1.4841e+00 1.5917e+00 -4.9763e+00
10657 2.1711e-01 3.2687e+00 -5.6147e+00
10658 -2.5904e+00 5.7192e+00 -9.0780e+00
10659 -1.4077e+00 3.0090e+00 -8.8885e+00
10660 -4.6136e+00 5.1871e+00 -7.7029e+00
10661 1.2554e+00 3.3446e+00 1.0539e+00
10662 -5.8527e+00 6.0734e-01 -4.7108e-01
10663 -2.3369e+00 1.8817e+00 -4.7202e+00
10664 -3.2727e+00 -6.6833e-01 -7.7655e+00
10665 2.6382e+00 1.3956e+00 -8.2299e+00
10666 -1.7221e+00 1.3856e+00 -8.5536e+00
10667 -6.8801e+00 3.4435e+00 -9.0222e+00
10668 -1.7864e+00 3.2272e+00 -9.1139e+00
10669 -3.2062e+00 2.9229e+00 -9.3589e+00
10670 -3.4515e+00 -2.3123e+00 -8.2186e+00
10671 -3.3540e+00 7.3435e+00 -9.3721e+00
10672 -3.7460e+00 1.2676e+00 -6.5968e+00
10673 -1.8972e+00 3.0627e+00 -7.9343e+00
10674 -6.6582e+00 3.0808e+00 -8.0497e+00
10675 -1.6692e+00 1.7599e+00 -9.2276e+00
10676 -4.7172e+00 7.6417e-01 -8.8398e+00
10677 -4.7285e+00 1.8787e+00 -8.8785e+00
10678 -4.2445e+00 3.4493e+00 -8.5555e+00
10679 -2.1689e+00 4.6501e+00 -9.2643e+00
10680 4.8720e+00 -1.5614e+00 -8.9171e+00
10681 -6.3746e+00 3.8369e+00 -7.7557e+00
10682 -7.9053e+00 2.3799e+00 -9.3638e+00
10683 -2.9080e+00 -3.0608e+00 -7.7274e-01
10684 -1.4901e+00 -2.0992e+00 8.7546e+00
10685 -5.3758e+00 4.3058e+00 -1.7547e-01
10686 -1.2848e+00 3.0767e+00 9.0273e+00
10687 4.6914e+00 9.7768e-01 7.9053e+00
10688 1.8139e+00 4.7307e+00 6.5191e+00
10689 -1.8326e-01 3.7888e+00 1.8565e+01
10690 -4.5323e+00 6.3728e-01 1.8408e+01
10691 3.9446e+00 -7.5657e-01 1.8425e+01
10692 -5.1462e+00 3.3785e+00 1.8087e+01
10693 -9.7943e-01 5.1561e+00 1.8588e+01
10694 -3.2992e-01 3.5185e+00 1.8259e+01
10695 -4.9026e-01 4.7231e+00 1.6237e+01
10696 -1.2932e+00 -6.5555e-01 1.8640e+01
10697 -6.3338e+00 5.1917e+00 1.8249e+01
10698 1.9691e+00 3.3017e+00 1.8701e+01
10699 -2.3370e+00 4.2027e+00 1.8757e+01
10700 5.3921e+00 -2.6391e+00 -6.7179e+00
10701 -1.7289e+00 4.9821e+00 -6.4642e+00
10702 -2.1910e+00 2.2581e+00 -9.3860e+00
10703 1.0176e+00 1.6831e+00 -6.6949e+00
10704 -1.2200e+00 4.2347e+00 -5.9410e+00
10705 -2.0730e-01 1.7449e+00 -7.8045e+00
10706 -3.9217e+00 2.6681e+00 -9.2506e+00
10707 -3.3772e+00 3.3039e+00 -6.9248e-01
10708 -1.0604e+00 1.4271e+00 -6.4813e+00
10709 -4.1757e+00 2.7324e+00 2.9801e+00
10710 -1.8054e+00 2.7217e+00 -9.0119e+00
10711 -9.1905e-01 5.7067e-01 6.8677e+00
10712 -3.3525e+00 3.4071e+00 -2.8473e+00
10713 2.8044e-02 4.4445e+00 -9.1855e+00
10714 4.8284e+00 2.6159e-01 -4.5297e+00
10715 4.2801e+00 -6.7208e-02 1.5847e+00
10716 -2.2299e+00 -3.9450e-01 6.4599e+00
10717 -3.3077e-02 3.1393e+00 6.0265e-01
10718 4.7933e-01 3.2077e+00 -5.2514e+00
10719 -3.4564e+00 2.5446e+00 -1.5705e+00
10720 -3.8810e+00 8.0488e+00 1.4620e-01
10721 -2.9853e+00 3.5539e+00 -6.0500e+00
10722 -3.2147e+00 3.1420e+00 6.9781e+00
10723 -4.5928e+00 4.0489e+00 5.1408e+00
10724 -3.1895e-01 2.3574e+00 7.9574e+00
10725 -5.2042e+00 3.2641e-01 3.0177e+00
10726 -1.6041e+00 6.1682e+00 6.3633e+00
10727 -2.2247e+00 -3.7048e+00 6.4010e+00
10728 -3.4823e+00 -7.6019e+00 1.7528e+01
10729 -5.0379e+00 -8.4478e+00 1.6824e+01
10730 -4.7072e+00 -6.1799e+00 1.7516e+01
10731 -6.0219e+00 1.0730e+00 -7.9367e+00
10732 -3.6013e+00 -6.9541e+00 3.3603e+00
10733 -2.8840e+00 9.9329e-01 -9.2391e+00
10734 -3.2674e+00 -2.5699e+00 -5.1663e+00
10735 -1.3505e+00 2.3678e+00 -8.8841e+00
10736 1.5791e+00 -2.0262e-01 6.6106e+00
10737 -2.6391e-01 -4.6685e+00 -9.1700e+00
10738 2.9897e+00 5.3562e+00 -9.3514e+00
10739 4.1290e+00 4.8325e+00 -8.7322e+00
10740 -7.2050e-01 -7.3092e-01 -8.8211e+00
10741 -3.6939e+00 -3.4579e-01 2.7645e+00
10742 -3.6539e+00 3.7904e+00 -4.3914e+00
10743 2.0399e+00 1.6011e+00 5.6656e+00
10744 -5.4887e-01 -3.4897e+00 -8.0142e+00
10745 -4.5785e+00 6.2494e-01 -9.2286e+00
10746 -2.0640e+00 8.0252e-01 -2.9520e+00
10747 2.5910e+00 1.8978e+00 7.7284e+00
10748 -1.4353e-01 3.0760e+00 -9.1319e+00
10749 -6.0265e+00 5.8019e+00 -8.6422e+00
10750 -1.0789e+00 3.0966e+00 1.5674e+00
10751 -1.2908e+00 6.5658e+00 1.7340e+00
10752 -3.2046e-01 -1.2277e+00 9.6009e+00
10753 -5.2973e+00 -9.3943e-01 7.0186e+00
10754 -1.4747e+00 2.4747e-02 2.6384e+00
10755 3.3807e-01 1.6711e+00 5.3373e+00
10756 -3.5454e+00 3.3630e+00 -3.7541e-01
10757 -4.0172e+00 1.8930e+00 1.7017e+00
10758 -1.4616e-01 1.3645e+00 -4.7838e-01
10759 2.0387e-01 -6.0676e-01 2.2204e+00
10760 -1.1956e+00 1.4430e+00 3.7459e+00
10761 -3.0238e+00 3.5470e+00 9.8630e+00
10762 2.3371e+00 3.0377e+00 9.0320e+00
10763 -3.2815e+00 -3.9579e+00 2.5105e+00
10764 -6.7562e+00 1.5983e+00 -1.4318e+00
10765 -5.7888e+00 -5.6468e-01 6.4957e+00
10766 1.1690e+00 5.1620e+00 1.1762e+01
10767 8.9613e-01 1.1192e+00 -5.6330e+00
10768 -6.4841e+00 6.4642e-01 -9.3873e+00
10769 -5.9150e+00 -3.5913e+00 6.9658e+00
10770 -5.4919e+00 3.0995e+00 1.0258e+01
10771 3.3252e+00 1.5975e+00 -1.2867e+00
10772 -1.3039e+00 -1.6822e+00 1.0231e+01
10773 -4.2963e+00 -8.9055e-01 -7.5991e+00
10774 -3.1639e+00 -2.0872e+00 9.0248e+00
10775 -6.0877e+00 -5.5478e+00 -6.3622e+00
10776 -3.5964e+00 -1.7214e+00 7.3669e+00
10777 -5.7824e+00 2.8091e+00 8.1136e+00
10778 1.9883e+00 2.5848e-02 -5.9992e+00
10779 -1.7454e+00 5.0479e+00 8.2312e+00
10780 9.4024e-01 -9.0238e-03 1.1803e+01
10781 -2.3654e+00 1.0888e+00 -2.8528e+00
10782 1.2674e+00 2.8243e+00 -1.9705e+00
10783 2.2596e+00 1.6965e+00 1.2636e+01
10784 -2.1346e+00 3.1118e+00 8.1749e+00
10785 6.7844e-01 3.9443e+00 2.7068e+00
10786 -4.7918e+00 4.4630e+00 4.5977e+00
10787 -4.4604e+00 5.4121e+00 1.4810e+00
10788 -3.0564e+00 3.9097e+00 6.3079e+00
10789 7.1687e-01 3.9180e+00 3.9310e+00
10790 -7.8308e-01 -1.1945e+00 8.6590e+00
10791 1.6108e+00 -3.9269e+00 6.1686e+00
10792 -4.9530e-01 -5.9288e+00 7.4990e+00
10793 -3.5370e+00 -2.9997e+00 6.1249e+00
10794 -5.8648e-01 5.4251e+00 9.4093e+00
10795 -2.1978e+00 1.3387e+00 8.2945e+00
10796 -1.1387e-01 2.8304e+00 -4.4543e+00
10797 -5.4799e+00 -8.5076e+00 3.8178e+00
10798 -6.6830e+00 3.2029e+00 -4.5712e+00
10799 2.9478e-02 2.2032e+00 5.8083e+00
10800 -8.0200e-01 -2.6548e+00 8.7115e+00
10801 4.5095e+00 1.8256e+00 1.1944e+00
10802 -1.6997e+00 -5.2388e-01 5.6249e+00
10803 -3.0972e+00 3.7651e+00 3.7433e-01
10804 -1.4494e+00 2.0046e+00 1.5345e+00
10805 1.6186e+00 3.4921e+00 7.9518e+00
10806 -6.4131e-01 2.4088e+00 -7.4928e+00
10807 -1.1414e+00 2.7595e+00 3.7053e+00
10808 2.4772e+00 3.6113e+00 1.1238e+01
10809 -5.9279e-01 -1.1282e+00 8.5340e+00
10810 -3.5077e+00 9.2507e-01 6.6771e+00
10811 2.7827e+00 -1.1495e+00 3.0846e+00
10812 -3.9542e+00 4.0259e+00 2.0893e+00
10813 -1.1996e+00 2.1442e+00 1.0776e+01
10814 3.8315e+00 -8.0260e-01 1.4601e+00
10815 1.3226e+00 -9.2295e+00 1.6582e+00
10816 -2.7105e+00 -1.0965e+00 -6.7920e+00
10817 2.3385e+00 -3.7833e+00 7.7380e+00
10818 -1.3979e+00 -3.9329e+00 -6.3583e+00
10819 -5.9110e+00 5.4508e+00 -3.3431e+00
10820 -2.9324e+00 -1.7240e+00 -2.2008e+00
10821 -5.1336e+00 -4.9801e+00 -2.7382e+00
10822 -5.8401e-02 -1.4931e+00 -6.3242e+00
10823 -5.9943e+00 -1.3944e+00 1.3149e+01
10824 -1.1284e+00 3.9018e+00 -6.5827e-01
10825 -1.3108e+00 -2.6654e+00 7.9969e+00
10826 1.4033e+00 3.6769e+00 -9.1643e+00
10827 -1.1134e+00 2.9556e-01 -3.9566e+00
10828 -3.1243e+00 -4.1565e+00 -6.1397e+00
10829 -4.3025e+00 -3.3649e+00 1.8593e+01
10830 1.2796e+00 -6.6340e+00 1.6991e+01
10831 2.6364e+00 2.5285e+00 1.4283e+01
10832 -7.6852e+00 -1.6446e+00 1.8045e+01
10833 -3.8476e+00 -3.5564e+00 1.7295e+01
10834 -3.2957e+00 3.0047e+00 1.2560e+01
10835 -6.4080e-01 -6.8323e-01 1.8291e+01
10836 8.8083e-01 1.4020e-01 1.8080e+01
10837 -3.4303e+00 5.3537e+00 1.7903e+01
10838 -1.5792e+00 3.3293e+00 1.8228e+01
10839 4.0743e+00 1.6411e+00 1.7730e+01
10840 2.5215e-01 3.6444e+00 8.7219e+00
10841 -5.7692e+00 2.4202e+00 1.8665e+01
10842 -2.2124e+00 1.5272e+00 1.3544e+01
10843 1.3890e-01 4.4540e+00 1.8271e+01
10844 -3.9406e+00 -1.4223e+00 1.7772e+01
10845 -4.6103e-01 5.8877e+00 1.7521e+01
10846 -2.9504e+00 3.8729e+00 1.7186e+01
10847 -7.3799e-01 5.4285e+00 1.7863e+01
10848 -2.0915e+00 1.6124e+00 1.3935e+01
10849 -3.8577e+00 3.0695e+00 1.8720e+01
10850 5.4510e+00 3.7481e+00 1.8764e+01
10851 2.9867e+00 2.9990e+00 1.8180e+01
10852 -1.4937e+00 8.3096e-01 1.2727e+01
10853 2.4280e-01 5.6027e+00 1.8337e+01
10854 -1.4792e+00 -7.4561e+00 -8.6245e+00
10855 2.0372e+00 1.5811e+00 -3.1068e+00
10856 -2.2962e+00 1.1439e+00 -6.8145e+00
10857 -8.8485e-01 2.9642e+00 -9.2235e+00
10858 3.8716e+00 -2.2841e+00 -7.6590e+00
10859 -1.8214e+00 -4.0080e+00 -3.1901e+00
10860 -1.3947e+00 -2.1717e+00 -9.0913e+00
10861 1.0254e+00 -1.5454e-01 -6.8363e+00
10862 3.1983e+00 5.1434e+00 -8.3010e+00
10863 4.3856e+00 -1.6689e+00 -5.6305e+00
10864 -1.2739e-03 1.3598e+00 -6.9176e+00
10865 3.1834e+00 2.7163e+00 -8.9748e+00
10866 -4.1698e+00 4.4385e+00 -5.9896e+00
10867 7.0246e+00 2.3618e-01 -7.2265e+00
10868 1.5872e+00 1.3396e+00 -3.9296e+00
10869 5.7582e+00 3.0350e+00 -6.5860e+00
10870 8.4411e-01 1.1897e+00 -4.7395e+00
10871 1.3689e+00 -2.2622e+00 -7.4798e+00
10872 5.3306e+00 1.0317e+00 -9.3275e+00
10873 -3.0543e+00 2.1153e+00 -8.9489e+00
10874 -4.0435e+00 -1.4643e+00 -9.3831e+00
10875 4.6180e+00 -1.8306e-01 -7.4139e+00
10876 1.5100e+00 -5.1401e+00 -8.1898e+00
10877 2.8401e+00 -3.7551e+00 -7.0560e+00
10878 5.6578e-02 2.0361e+00 -9.3884e+00
10879 1.0371e-01 -1.9788e+00 -7.8643e+00
10880 3.4890e+00 -1.6982e+00 -3.8128e+00
10881 2.7480e+00 4.2031e-01 -8.1908e+00
10882 -1.3306e-01 3.2852e+00 -1.9765e+00
10883 -1.2609e+00 -6.8123e-01 -8.7670e+00
10884 5.5990e-01 -3.7760e-01 -5.9126e+00
10885 -5.3934e+00 -8.1069e-01 -9.2787e+00
10886 9.3328e-01 -9.3059e-01 -7.4905e+00
10887 -3.1843e+00 -3.9233e+00 -7.6440e+00
10888 -4.7305e+00 -3.5248e+00 -3.5366e+00
10889 -2.1859e+00 -2.0340e+00 -6.8242e+00
10890 6.7869e+00 5.1623e-01 -2.0723e+00
10891 -3.0423e+00 3.8613e+00 -6.2452e+00
10892 1.6106e+00 4.3617e+00 -9.1966e+00
10893 4.3874e+00 1.5538e+00 -8.5554e+00
10894 1.5129e+00 7.4600e+00 -8.2846e+00
10895 -1.7026e+00 -2.4294e+00 -8.0489e+00
10896 3.3899e+00 4.6709e+00 -9.2605e+00
10897 -1.7917e-01 -2.3893e+00 -9.3884e+00
10898 -1.7206e-01 8.0930e-01 7.6448e-01
10899 3.1717e+00 2.3961e+00 -7.5885e+00
10900 1.5842e+00 -2.1252e+00 -7.7761e+00
10901 -7.2022e-01 5.8266e-01 -8.1204e+00
10902 -2.0491e+00 -1.8175e+00 -7.1339e+00
10903 -2.3848e-01 2.9808e+00 -7.9596e+00
10904 -2.0804e+00 -1.0969e+00 -8.8420e+00
10905 -1.8843e+00 -2.8717e+00 -7.0409e+00
10906 -1.6135e+00 4.7520e+00 -9.2665e+00
10907 -4.4171e+00 -4.2683e+00 -2.3237e+00
10908 1.9522e+00 -1.7231e+00 -1.0921e+00
10909 -1.4373e+00 3.9828e+00 -7.5648e+00
10910 -5.0618e+00 3.0961e+00 -8.0512e+00
10911 -5.7199e+00 6.9192e-01 -9.3716e+00
10912 -6.4782e-01 4.9889e+00 -7.6157e+00
10913 4.3369e+00 -8.2416e-01 -7.1435e+00
10914 -3.1895e+00 6.4709e+00 -9.3844e+00
10915 -6.4847e+00 1.9708e+00 -9.3599e+00
10916 -7.9953e+00 1.1961e+00 -5.1017e+00
10917 -4.4347e+00 -5.8416e-01 -7.7950e+00
10918 -6.5250e+00 2.5423e+00 -7.5570e+00
10919 -4.5741e+00 1.9459e+00 -8.8460e+00
10920 -1.2279e+00 3.8916e-01 -8.7687e+00
10921 -7.1262e+00 3.4238e+00 -9.2893e+00
10922 -1.9932e+00 2.9382e+00 -6.5708e-01
10923 -2.9946e+00 1.8979e+00 1.1344e+01
10924 -1.6667e+00 -5.9603e+00 2.2126e+00
10925 -4.5910e+00 4.1785e+00 7.2708e+00
10926 -2.9343e-01 5.6757e+00 2.8832e+00
10927 -3.0841e+00 2.5887e+00 -3.9968e+00
10928 -1.2437e+00 6.0520e+00 6.7482e-01
10929 5.0548e-01 6.2442e-01 -3.5988e+00
10930 -6.1956e-01 -9.3861e+00 6.0715e+00
10931 -3.4203e+00 -3.8105e+00 3.5366e+00
10932 -6.1589e+00 -5.5202e+00 2.9038e+00
10933 -1.5867e+00 -6.3960e+00 4.8701e+00
10934 -3.5758e-01 1.0799e+00 3.2644e+00
10935 -2.1178e+00 -6.5690e+00 -7.1781e-01
10936 -3.3248e+00 4.1629e+00 5.8815e+00
10937 -7.7206e+00 2.6736e+00 1.6361e+00
10938 -3.8758e+00 -4.0805e+00 2.8625e+00
10939 -5.2832e+00 6.5238e+00 6.5943e+00
10940 -8.8717e-01 2.4678e+00 -8.4135e+00
10941 -3.2482e+00 1.6354e+00 -6.9806e+00
10942 -2.7985e+00 1.6031e+00 -4.2944e+00
10943 -6.9763e+00 -3.3004e-01 2.9769e+00
10944 -4.1773e+00 -1.0415e+00 7.5187e+00
10945 4.3480e-01 -6.6460e+00 -2.9459e+00
10946 -4.4786e+00 -6.9648e+00 1.8489e+00
10947 -5.0289e+00 -1.1612e-01 5.7511e+00
10948 1.3696e+00 -2.2822e+00 -1.2416e-01
10949 3.4370e+00 -1.5995e+00 1.3523e+01
10950 4.6201e+00 8.0219e-01 7.7596e+00
10951 1.0766e+00 -7.8167e-01 7.8877e+00
10952 -1.1855e+00 -1.4108e+00 8.3665e+00
10953 8.5795e-01 -3.3281e+00 5.7486e+00
10954 5.4961e-01 8.8039e+00 2.5248e+00
10955 8.3439e-01 1.5289e+00 5.4529e+00
10956 -3.6050e+00 -3.3613e-01 3.9178e+00
10957 -1.2746e+00 -3.5186e+00 3.4934e+00
10958 -1.2440e+00 3.5318e+00 1.9113e+00
10959 -4.3636e+00 -8.9197e-01 8.5479e+00
10960 4.1713e+00 -2.3655e+00 -1.0033e+00
10961 -7.0466e+00 -1.6659e+00 6.1449e+00
10962 -1.5547e+00 1.4713e+00 4.8851e+00
10963 2.2946e+00 2.0291e+00 3.7145e+00
10964 2.7222e+00 2.7638e+00 2.3934e+00
10965 -6.1913e+00 -2.6977e+00 3.8184e+00
10966 2.6397e+00 5.4361e+00 4.7284e+00
10967 -2.8008e+00 -4.0329e-01 -1.6127e+00
10968 -2.3644e+00 4.9362e+00 1.2619e+01
10969 -4.6213e+00 4.5012e+00 7.2300e+00
10970 -2.5836e+00 3.1736e+00 3.9376e-01
10971 3.1629e+00 3.2065e+00 4.8332e+00
10972 5.2280e-01 1.4701e+00 4.5671e+00
10973 -3.8856e+00 3.0707e+00 7.3344e-01
10974 -3.7280e+00 5.4891e+00 8.3698e+00
10975 -9.2282e-01 4.6717e+00 1.0348e+01
10976 -3.1346e+00 2.9716e+00 4.4872e+00
10977 -6.4706e-02 -5.6418e+00 6.4441e+00
10978 -5.8795e-01 -2.7112e+00 2.8231e+00
10979 -1.0617e+00 -7.4849e+00 9.1706e+00
10980 -3.7531e+00 -5.8642e+00 -2.6286e+00
10981 -2.6638e+00 5.3024e+00 8.9890e+00
10982 -4.0897e+00 -4.3602e+00 7.8242e+00
10983 -4.5690e+00 -2.9182e+00 3.9425e+00
10984 -3.6584e+00 -7.4511e+00 -1.9663e+00
10985 -7.4872e+00 -1.3660e+00 2.9474e+00
10986 1.2739e+00 3.4525e+00 5.7658e+00
10987 -2.3037e+00 1.9996e+00 3.4111e-01
10988 5.3697e+00 -1.5542e+00 6.8194e+00
10989 -3.2271e+00 -2.1828e+00 1.5145e+00
10990 -5.7351e+00 -3.0288e+00 8.1025e+00
10991 -3.7768e+00 4.4888e-01 2.7433e+00
10992 -2.1225e+00 -2.3986e+00 1.4578e+00
10993 -4.3327e+00 1.2947e+00 1.0772e+00
10994 -3.1575e+00 -5.0566e+00 6.2469e+00
10995 -6.5791e+00 -2.8748e-01 5.1000e+00
10996 -5.3986e+00 -2.2273e+00 9.5139e+00
10997 1.3258e+00 -1.0030e+00 1.0318e+01
10998 -3.5410e+00 -2.4866e+00 3.2607e+00
10999 -1.5620e+00 -1.0184e+00 9.2354e-01
11000 -2.6078e+00 -6.0718e+00 4.9068e-01
11001 2.1026e+00 -3.6465e+00 -5.1753e+00
11002 -2.4705e+00 2.4980e+00 3.6484e+00
11003 5.2199e-01 4.6685e+00 4.2798e+00
11004 -3.2095e+00 -9.4089e-01 8.4611e+00
11005 3.5966e+00 -4.4141e+00 2.8049e+00
11006 -1.3901e+00 -7.7033e+00 1.5514e+00
11007 -1.9088e-01 -4.4882e+00 7.4085e+00
11008 -5.5600e+00 2.3075e+00 4.1367e+00
11009 2.1519e+00 -6.4128e+00 4.4916e+00
11010 -3.8709e+00 5.0562e-01 9.2348e-01
11011 -6.3451e-01 -2.7869e+00 -5.5557e+00
11012 -4.7849e+00 -8.3981e+00 6.9301e-01
11013 -2.5497e+00 4.3212e+00 -7.0947e-01
11014 8.2046e-01 1.2153e+00 4.5811e+00
11015 -1.0881e+00 -3.1447e+00 5.6382e+00
11016 -2.1582e+00 5.6690e-01 3.7422e+00
11017 -6.2710e+00 -1.5570e+00 6.4305e+00
11018 -4.8507e+00 -4.2538e-01 -4.0560e+00
11019 -4.3716e+00 2.0590e+00 6.0770e+00
11020 2.3642e-01 4.0733e+00 8.3532e+00
11021 -1.4465e+00 -3.4148e+00 5.0371e+00
11022 -4.2212e+00 -1.1543e+00 3.0339e+00
11023 -2.9623e+00 -4.0666e+00 1.3184e+00
11024 -3.4918e+00 -5.7738e+00 8.4839e+00
11025 6.6787e-01 -3.7330e+00 5.5378e+00
11026 3.0158e+00 5.6456e+00 1.1677e+01
11027 -8.8939e-01 -1.3226e+00 1.8888e+00
11028 3.2036e+00 -3.7600e+00 1.7621e+00
11029 -4.9461e+00 -2.0081e+00 1.1654e+00
11030 -3.3260e+00 1.0616e+00 9.9033e+00
11031 -2.4839e+00 2.0337e+00 8.0506e+00
11032 -3.2494e+00 1.9638e+00 1.2365e+00
11033 -2.2405e+00 -6.9838e+00 3.3486e+00
11034 -7.4970e-01 -3.2733e+00 4.2125e+00
11035 -1.8209e+00 1.3816e+00 1.1825e+01
11036 4.8002e-01 -3.9124e+00 5.0002e+00
11037 -3.6807e+00 -5.4609e+00 9.7253e+00
11038 1.9617e+00 2.9040e+00 6.5359e+00
11039 2.8634e+00 -4.7344e+00 1.0676e+01
11040 -9.7009e-01 -2.6520e+00 7.7487e+00
11041 5.3356e+00 7.3865e+00 7.1893e+00
11042 -1.7233e+00 -5.4011e-01 -3.8655e+00
11043 -3.6584e+00 3.5501e+00 1.1040e+00
11044 -2.0388e+00 -5.8239e+00 5.0808e+00
11045 -2.5918e+00 -1.0471e+00 5.3179e-01
11046 -2.0187e+00 -3.2248e+00 -4.6930e+00
11047 -1.7034e+00 -2.4223e+00 -7.9237e-02
11048 -3.4477e+00 5.1122e+00 2.2836e+00
11049 -2.1074e+00 -1.2663e+00 -4.6132e+00
11050 -1.8423e+00 -1.8802e+00 3.5348e+00
11051 3.0960e+00 -4.2079e+00 4.8606e+00
11052 3.2564e-01 1.7574e+00 -2.6247e+00
11053 -4.5416e-01 2.4500e+00 -2.2867e+00
11054 -4.5335e+00 2.1329e+00 8.5653e-01
11055 2.2238e+00 4.7564e+00 -1.6302e+00
11056 3.0633e+00 3.2652e+00 5.3381e+00
11057 3.9860e+00 -7.9508e-01 -1.9630e+00
11058 4.4340e+00 -7.0012e+00 8.7689e+00
11059 2.9310e+00 -4.7172e+00 -3.2236e+00
11060 1.5012e-01 1.2731e+00 -6.6229e+00
11061 -3.4654e+00 -7.8699e+00 1.4680e-01
11062 3.9092e+00 1.4333e+00 -1.2793e+00
11063 2.5331e+00 -2.2813e+00 -3.1283e+00
11064 -6.9049e-01 -1.4519e+00 -7.5639e+00
11065 -1.2074e+00 -3.4389e+00 -1.4784e+00
11066 1.0511e+00 7.3259e-01 3.8628e+00
11067 2.1097e+00 1.8252e+00 -9.1275e+00
11068 -3.1825e-04 -9.3611e-01 -6.0856e+00
11069 -1.1774e+00 1.4337e+00 -3.0104e+00
11070 2.1791e+00 -5.6705e+00 -5.8652e+00
11071 1.2457e+00 9.4985e-02 6.9741e+00
11072 1.7441e+00 -3.5476e+00 -8.0794e+00
11073 -9.0354e-01 -1.3979e-01 -5.8564e-01
11074 7.5298e+00 -8.7507e+00 -2.4147e+00
11075 6.3326e+00 -8.3638e-01 -7.4930e+00
11076 -2.5072e-01 1.7492e+00 -9.3237e+00
11077 -1.3132e+00 -9.9713e-01 -5.9523e+00
11078 2.1154e+00 -3.1875e+00 -4.1171e+00
11079 -9.1424e-01 7.5007e+00 -7.5432e+00
11080 7.8027e-02 -6.0103e-01 -2.0626e+00
11081 -5.1960e+00 1.2642e+00 -1.7448e+00
11082 1.3926e+00 -6.6587e+00 -5.4241e-01
11083 -4.5683e+00 1.8544e+00 1.1314e+00
11084 2.8961e+00 5.6840e+00 5.3551e-01
11085 1.7202e+00 -6.7156e-01 -2.2776e+00
11086 1.4318e+00 -3.1360e+00 1.0083e+00
11087 5.7168e+00 -7.1506e+00 -4.2646e+00
11088 -6.0975e+00 -2.5267e+00 -3.9662e+00
11089 4.5019e+00 -2.6440e+00 -3.9472e+00
11090 -5.5874e+00 6.0032e-01 -4.8627e+00
11091 2.3178e+00 -2.6911e+00 -6.0274e+00
11092 3.3113e-01 2.2307e+00 -4.0835e+00
11093 8.6927e-01 -1.4596e+00 1.3003e+00
11094 -3.2313e-01 7.6616e-01 2.5756e+00
11095 6.9763e-01 -1.3089e+00 4.6988e+00
11096 2.0450e-01 -8.2378e+00 2.0101e-01
11097 -1.3134e+00 -3.2264e-01 2.4041e+00
11098 1.7304e+00 4.0312e+00 -3.4631e+00
11099 -4.4884e-01 3.5904e-01 -1.4852e-01
11100 -8.2011e-01 9.9141e-01 9.1873e-01
11101 -3.4991e+00 -2.8592e-01 1.5850e-01
11102 -2.7688e+00 2.9757e-01 -7.5778e+00
11103 7.8127e+00 -8.0837e+00 1.8406e+00
11104 -6.3447e+00 -6.9987e+00 -4.9786e+00
11105 2.4224e+00 2.5816e-01 9.7797e+00
11106 -4.8028e-01 8.0778e+00 -8.3693e-01
11107 3.4449e+00 3.3179e+00 -9.0632e+00
11108 -2.0016e+00 7.0165e-01 -9.3871e+00
11109 1.7039e+00 -4.3372e-01 -8.6059e+00
11110 1.9913e+00 -4.9160e+00 -7.4581e+00
11111 3.9267e-01 4.3662e+00 -8.2763e+00
11112 -2.8220e+00 -1.5104e+00 -8.4261e+00
11113 -4.8208e+00 1.8473e+00 -2.9208e+00
11114 2.3008e+00 1.8706e+00 -2.5066e+00
11115 3.4105e+00 2.4602e+00 -3.6038e+00
11116 -2.1053e+00 -3.2459e-01 -9.3225e+00
11117 2.4295e+00 1.7370e+00 -3.1397e+00
11118 -1.4018e+00 2.2994e+00 -8.1597e+00
11119 7.7682e-01 -9.3991e-01 -2.1335e+00
11120 6.4350e-01 1.7857e+00 2.1658e+00
11121 -6.0469e+00 3.2688e+00 3.0378e-01
11122 -1.6187e+00 -5.4087e+00 -5.9117e+00
11123 -6.6302e+00 -5.3250e-01 -5.2092e+00
11124 -4.0999e+00 1.7918e+00 -3.6036e+00
11125 -8.6687e-01 -7.8616e+00 -9.0036e+00
11126 -2.7591e+00 -3.4628e+00 -3.6802e+00
11127 -1.3594e+00 7.5650e-01 -6.3929e+00
11128 3.1858e-01 -2.2119e+00 -7.2620e+00
11129 -5.3770e+00 1.5847e+00 -2.6262e+00
11130 -1.7734e+00 5.8803e+00 -5.4154e+00
11131 -1.0632e+00 1.2899e+00 6.3304e-01
11132 -3.1162e+00 -5.0887e+00 -7.8828e+00
11133 -2.5346e+00 -2.6388e+00 -8.9130e+00
11134 5.6079e+00 2.8339e+00 -6.0601e+00
11135 -4.1753e+00 6.3748e-01 -5.8379e+00
11136 -1.6869e+00 2.6724e+00 2.3690e+00
11137 3.1780e+00 1.0913e+00 -7.0113e+00
11138 1.8065e+00 -2.9735e+00 -3.5046e+00
11139 1.5079e-01 -1.3260e+00 -7.1056e+00
11140 3.4320e-01 6.2922e-01 -5.7921e+00
11141 -3.8992e+00 8.3107e+00 -1.6933e+00
11142 5.6194e-01 1.8594e-01 -9.3103e+00
11143 -1.8679e+00 5.6541e+00 -4.3144e+00
11144 -3.2669e+00 6.5056e+00 -2.2477e+00
11145 -3.7645e+00 6.4411e+00 -5.5262e+00
11146 -2.2995e+00 -8.8647e+00 -6.1064e+00
11147 -1.9052e+00 -6.1150e-01 -4.0494e+00
11148 -4.3608e+00 -1.4604e-01 -4.2989e+00
11149 -1.8767e+00 4.8710e-01 -7.6877e+00
11150 -5.5337e+00 3.6296e+00 -7.1134e+00
11151 -1.2639e+00 1.7823e+00 -5.8288e+00
11152 5.8246e+00 3.6614e+00 2.3446e+00
11153 -6.4262e+00 3.6896e+00 -3.1135e-01
11154 6.6872e-01 7.4557e+00 -9.8177e-02
11155 -1.6765e+00 -2.2149e+00 1.8817e+00
11156 1.4440e+00 1.2610e+00 -6.0907e+00
11157 -6.0909e+00 -3.2958e+00 -2.8388e+00
11158 -4.3228e+00 3.5635e+00 -6.4730e+00
11159 5.7868e-01 -2.4800e-01 -6.1972e+00
11160 -1.1060e+00 -1.4176e+00 6.8790e+00
11161 1.1889e+00 -1.5619e+00 -5.1578e+00
11162 2.2319e-01 -7.9969e-01 -2.8980e-02
11163 8.6406e-01 -5.5792e+00 6.6496e+00
11164 1.6824e+00 -1.1297e+00 -1.1544e+00
11165 6.5319e-01 8.8197e-01 1.6860e-01
11166 -3.8486e+00 5.2280e+00 -3.7259e+00
11167 4.2225e+00 3.2389e-02 -7.1342e+00
11168 -3.3626e+00 4.6685e+00 -1.5294e+00
11169 1.0908e+00 -1.7422e-01 -2.4656e+00
11170 -2.6511e+00 4.3478e+00 -1.8175e+00
11171 -2.2210e+00 1.3998e+00 -3.1655e+00
11172 5.7659e+00 2.6489e+00 -7.1886e-01
11173 -3.1908e+00 -3.2804e-01 -9.0194e+00
11174 -5.4159e-01 2.9024e-01 -4.0170e+00
11175 1.0375e+00 -2.9492e-01 -3.7528e+00
11176 5.9579e-01 2.7949e-01 -7.4483e-01
11177 -1.0323e+00 -7.7654e-02 5.9385e+00
11178 -7.9545e-01 -4.8644e+00 3.3612e-02
11179 -8.4233e-01 -4.6932e+00 -7.4811e+00
11180 1.1592e+00 1.2474e-01 -4.0149e-01
11181 -1.2755e+00 1.5402e+00 -8.2820e-01
11182 -1.2186e+00 2.7583e+00 -5.3856e+00
11183 -3.8776e+00 -3.5773e+00 -6.1909e+00
11184 -2.8293e+00 -1.9737e+00 -7.6527e+00
11185 -5.2961e+00 6.1006e+00 -4.9253e+00
11186 2.4318e+00 -2.5220e-01 -1.1926e+00
11187 -7.9323e-01 -9.3403e+00 5.1692e+00
11188 -1.4208e+00 -8.4892e+00 -5.7888e+00
11189 -3.8743e+00 -5.3363e+00 -1.8195e+00
11190 -9.4428e-01 4.0149e+00 -6.1912e+00
11191 7.2756e-01 4.7530e+00 -1.0136e-02
11192 -4.9892e+00 -2.4933e+00 -2.0103e+00
11193 6.3040e+00 -2.2014e+00 -4.2177e+00
11194 -3.1876e+00 -5.1459e+00 -3.0604e+00
11195 -2.1452e+00 -4.3852e+00 -4.1487e+00
11196 -4.1136e+00 -3.1411e+00 -8.1161e-01
11197 -2.6908e+00 4.2380e+00 -3.3278e+00
11198 1.5166e+00 2.1628e+00 -3.6136e+00
11199 2.2441e+00 -6.4148e+00 -1.7249e+00
11200 -1.1369e+00 2.7464e+00 -7.1041e+00
11201 -4.2134e+00 5.0560e+00 -7.9964e+00
11202 -9.7134e-02 -5.7730e+00 -4.0924e-02
11203 3.7771e+00 1.9414e+00 -3.6953e+00
11204 -3.4450e+00 -8.9439e+00 -6.3784e+00
11205 -6.0409e+00 5.3955e-01 -3.8119e+00
11206 -5.0671e+00 -8.4424e+00 -1.8863e+00
11207 -2.2285e+00 -2.5324e+00 -4.8258e+00
11208 8.4569e-01 -2.2089e+00 -1.5604e+00
11209 3.7286e+00 3.0309e+00 -7.0890e+00
11210 -5.7987e+00 4.1746e+00 -3.8590e+00
11211 -4.7676e+00 2.7450e-01 -9.1022e+00
11212 -2.4608e+00 -3.4791e+00 -5.9515e+00
11213 -4.4939e+00 5.1119e+00 7.6276e-01
11214 3.5765e-01 1.1319e+00 -7.9400e+00
11215 3.2845e+00 4.2743e+00 -7.3618e+00
11216 3.4067e+00 9.9775e-01 -4.0429e+00
11217 2.9533e+00 2.2769e+00 6.7385e+00
11218 -1.0063e+00 -2.0919e+00 -2.9681e+00
11219 9.1139e-02 -1.3108e+00 6.5825e+00
11220 -7.3595e-01 1.1269e+00 1.0648e+00
11221 1.6051e+00 1.5042e+00 -8.2321e+00
11222 5.7097e-01 8.5997e-01 -2.4694e+00
11223 -2.7945e+00 3.7392e+00 -5.9913e+00
11224 3.3082e-01 -4.3782e-01 -7.8566e+00
11225 1.2335e+00 1.8671e+00 -7.1138e+00
11226 -7.3793e-01 -3.9790e-01 6.6630e+00
11227 1.0262e+00 -9.4869e-01 -2.0527e+00
11228 4.1772e+00 3.2236e+00 3.4592e+00
11229 3.0590e+00 1.6293e-01 -3.1701e+00
11230 2.0911e+00 -3.0359e+00 -5.5947e+00
11231 -5.6918e-01 -1.5810e-01 -8.0094e-01
11232 3.9588e+00 3.1620e+00 8.1500e-02
11233 9.5843e-01 -1.5930e+00 -7.4326e+00
11234 -2.8398e+00 7.4513e+00 -9.8939e-01
11235 2.3028e+00 -2.3996e+00 4.0587e-01
11236 -8.0591e-01 -3.9397e+00 -5.6763e-01
11237 2.4433e+00 1.9176e+00 2.5281e+00
11238 -4.0348e+00 -2.3404e+00 -8.1504e+00
11239 2.7688e+00 -2.6755e+00 -5.8336e+00
11240 -3.2321e+00 -1.0103e+00 -8.7517e-01
11241 -1.3776e+00 2.2457e+00 -8.8407e+00
11242 1.7066e+00 -5.9173e+00 -4.5136e+00
11243 5.2200e+00 -7.4784e-01 -6.0838e+00
11244 1.2413e+00 2.1536e+00 2.1480e+00
11245 -2.2098e+00 -4.2788e+00 -6.3509e+00
11246 4.5550e+00 -1.9684e+00 -9.1004e+00
11247 -5.1560e-01 8.0513e-01 -4.1139e+00
11248 5.1748e-01 -4.1243e+00 -9.3234e+00
11249 -6.9102e+00 2.3225e+00 -6.3630e+00
11250 1.5633e+00 5.7692e+00 -6.8555e+00
11251 4.4696e+00 3.2866e+00 -2.2533e+00
11252 2.2182e+00 7.4666e-01 -2.6158e+00
11253 -5.7268e-01 -4.0470e+00 6.6740e-01
11254 1.7023e+00 -7.3100e-01 -4.8510e+00
11255 2.6862e+00 3.7135e+00 -1.6464e+00
11256 -2.9276e+00 3.7998e+00 3.0274e+00
11257 -2.4615e+00 -4.4415e-01 -9.3840e+00
11258 1.2308e+00 3.7226e+00 -9.2347e+00
11259 1.5733e+00 3.9696e+00 -3.6851e+00
11260 -9.8100e-01 3.9486e-01 -1.3453e+00
11261 -8.1043e-01 3.5579e+00 -5.6478e+00
11262 1.5316e+00 -3.5090e+00 -3.8933e+00
11263 3.1158e-01 -3.6455e+00 7.5492e-01
11264 -3.1783e+00 4.9900e-01 -3.7988e+00
11265 -3.9389e+00 2.9718e+00 1.1039e+00
11266 -9.6327e-01 1.1015e-01 6.5733e+00
11267 3.3728e+00 5.2458e-01 -1.2805e+00
11268 6.5480e-01 -4.6495e+00 -5.0994e+00
11269 1.1938e+00 -9.8721e-01 -7.8216e-01
11270 -1.3935e+00 3.9503e-01 -5.2068e+00
11271 4.4730e-01 2.1912e+00 9.0093e-01
11272 9.5070e-01 -1.9100e-01 -7.0316e+00
11273 -1.6277e+00 -2.6385e+00 -3.5134e+00
11274 -1.9183e+00 3.2009e+00 -9.1112e+00
11275 6.4335e+00 2.4584e+00 -7.0627e+00
11276 3.9863e+00 -1.3757e+00 -7.3897e+00
11277 1.3701e+00 1.4151e+00 -6.0573e+00
11278 -7.8883e-01 -2.9668e+00 -8.1083e+00
11279 8.2893e-01 2.7515e+00 -6.2254e+00
11280 3.8727e+00 1.2435e+00 2.6838e-01
11281 -2.9228e+00 -2.7123e+00 3.4854e+00
11282 3.8014e+00 3.4303e+00 7.5187e-01
11283 -1.9631e-01 1.5770e+01 -5.7212e+00
11284 -2.1184e+00 1.4828e+01 -6.0973e+00
11285 5.9485e+00 1.7171e+01 1.9129e+00
11286 3.1204e+00 1.3628e+01 -9.0660e+00
11287 -9.5078e-01 1.8191e+01 -2.5934e+00
11288 -8.7721e-02 1.2818e+01 -4.4326e-01
11289 -2.7653e+00 1.4835e+01 -2.2816e+00
11290 -7.6023e-02 1.7133e+01 2.4730e-02
11291 -3.3442e+00 1.6409e+01 8.3322e-02
11292 3.2665e+00 1.3411e+01 -6.6398e+00
11293 5.5877e+00 1.6241e+01 8.3949e-01
11294 9.8211e-01 1.5372e+01 -9.5503e-02
11295 1.4423e+00 1.7700e+01 -8.7747e-01
11296 -2.4771e+00 1.6233e+01 7.5140e-01
11297 1.3480e+00 1.7442e+01 2.3249e+00
11298 2.8647e+00 1.3255e+01 -1.5145e+00
11299 -1.8463e+00 1.6444e+01 3.0127e+00
11300 -1.1956e+00 1.1570e+01 -1.5123e+00
11301 -3.2658e+00 1.8214e+01 -4.3922e+00
11302 -2.8721e+00 1.7937e+01 -9.2811e+00
11303 -3.9917e+00 1.7054e+01 -5.8320e+00
11304 -1.0269e+00 1.6906e+01 -8.0046e+00
11305 -1.5770e+00 1.6605e+01 -8.4696e+00
11306 -2.9814e+00 1.5228e+01 -5.3754e+00
11307 -4.7022e+00 1.5745e+01 -7.1773e+00
11308 2.3414e+00 1.5542e+01 -5.4681e+00
11309 3.6497e+00 1.6278e+01 -4.1296e+00
11310 -3.6545e+00 1.7249e+01 -5.2519e-01
11311 -5.3355e+00 1.6762e+01 -8.0818e+00
11312 -2.7356e+00 1.7536e+01 -8.0375e+00
11313 -2.6247e-01 1.4255e+01 2.4844e+00
11314 3.4021e+00 1.6129e+01 -8.6667e+00
11315 -1.3571e+00 1.6378e+01 -7.6860e+00
11316 3.9734e+00 1.6039e+01 -2.5078e+00
11317 4.5219e+00 -8.0067e-01 -6.6217e+00
11318 -2.9149e+00 2.4582e+00 -9.3541e+00
11319 5.7811e-02 1.2461e+00 -9.3884e+00
11320 6.1837e-01 2.9068e+00 -4.9771e+00
11321 -3.4295e+00 6.7081e+00 -4.4285e+00
11322 -3.0559e+00 9.3068e-01 -6.7566e+00
11323 8.9883e-01 -4.4204e+00 -7.8031e+00
11324 -4.5976e+00 -7.6672e+00 -5.2368e-01
11325 -2.3982e+00 9.6072e-01 1.0217e+00
11326 -7.2346e-01 -1.3945e+00 -4.9222e+00
11327 -2.0217e+00 -5.8978e+00 1.0531e+00
11328 -1.2840e+00 -5.3208e+00 1.1950e+00
11329 5.5028e+00 6.0712e+00 -8.5135e+00
11330 3.5817e+00 -7.6466e+00 -6.4734e-01
11331 -9.9544e-01 -2.8730e+00 -6.5229e+00
11332 -4.3422e+00 -3.3362e+00 -6.3954e+00
11333 -1.2861e+00 -6.0963e+00 -4.3326e+00
11334 -6.7297e-01 6.5213e-01 2.3494e+00
11335 -5.3384e-01 -7.0894e-01 -7.2097e+00
11336 -2.1505e+00 -9.1494e+00 -2.5220e+00
11337 -4.5887e+00 4.4852e-01 -3.0506e+00
11338 -8.0608e-01 3.3045e+00 1.7461e+00
11339 4.8273e+00 -3.5972e+00 -5.2637e+00
11340 -4.2957e-01 -1.7423e-01 -3.9223e+00
11341 -2.6419e+00 6.5132e+00 -9.3191e-01
11342 1.7295e+00 -1.8929e+00 -6.0341e+00
11343 -1.9761e+00 -2.7880e+00 -3.3458e+00
11344 -7.5870e-01 -1.5741e+00 -2.1396e+00
11345 2.3268e+00 1.6720e+00 -7.7712e+00
11346 -4.0889e-02 -7.2420e-01 -4.7606e+00
11347 -1.1788e+00 1.8601e+00 -5.1778e+00
11348 3.6936e+00 -2.4511e+00 -6.3954e+00
11349 4.2009e+00 1.6039e+00 -1.6169e+00
11350 3.0026e+00 2.7555e+00 -5.3907e+00
11351 -2.4118e+00 -8.7347e-02 -3.7074e+00
11352 1.4442e+00 6.8860e-01 4.2338e-01
11353 1.6950e+00 -1.0815e+00 -4.6942e+00
11354 1.6991e+00 3.6643e+00 -2.0115e+00
11355 7.0492e-01 -3.9894e+00 -6.8160e+00
11356 -3.6257e+00 -2.5603e+00 -8.6854e+00
11357 -3.5068e+00 -1.9107e+00 -3.4861e+00
11358 -9.0021e-01 1.7419e+00 -5.7660e+00
11359 -8.0096e-01 2.8649e+00 -4.9295e+00
11360 -1.0354e+00 3.4717e+00 -7.5170e+00
11361 7.4573e-01 -2.8957e+00 7.8588e+00
11362 2.3029e+00 1.2224e+00 -3.9966e+00
11363 2.7246e+00 -4.2760e-01 -8.6226e+00
11364 1.0019e+00 -2.0362e+00 7.0366e+00
11365 2.2482e+00 3.8158e+00 -4.6014e+00
11366 -2.5738e+00 3.0152e+00 -2.4729e+00
11367 -7.8662e-01 4.4540e+00 4.0023e+00
11368 -2.0554e+00 1.2328e+00 -1.7497e+00
11369 -4.7343e+00 1.8190e+00 -2.9873e+00
11370 3.6842e+00 6.9979e-01 -2.6948e+00
11371 6.0444e+00 -6.4373e-01 -2.2614e+00
11372 3.0017e+00 3.5428e+00 -8.7334e+00
11373 -3.5220e-01 -1.6997e+00 -4.9347e+00
11374 3.3130e+00 2.6981e+00 -8.9952e+00
11375 -1.7606e+00 4.9553e-01 -1.2761e+00
11376 2.0677e+00 2.6486e+00 2.0662e+00
11377 -3.7868e+00 -4.6797e+00 8.3954e-01
11378 -1.4818e+00 3.8137e+00 1.8676e+00
11379 3.5856e+00 1.3821e-01 -4.7069e+00
11380 3.0429e+00 -5.8198e-01 -1.8450e+00
11381 -1.3395e+00 2.0936e+00 -5.5868e+00
11382 6.0848e+00 3.3096e+00 6.9505e-01
11383 4.5486e+00 2.5528e+00 -1.3028e+00
11384 1.6015e+00 -2.6685e+00 2.0312e+00
11385 9.6669e-01 -2.4775e+00 3.9768e+00
11386 7.4714e-01 -1.8650e+00 -5.0186e+00
11387 -4.6010e+00 -3.1426e+00 -8.5084e+00
11388 2.1413e+00 -4.1798e+00 -2.4546e+00
11389 -1.6261e+00 1.8270e+00 3.9217e+00
11390 -2.5439e+00 -4.8041e-01 -2.2312e+00
11391 3.0484e+00 2.1580e+00 -4.1474e+00
11392 -1.2981e+00 -2.4511e+00 -7.8451e+00
11393 2.4873e+00 4.2267e+00 7.2302e+00
11394 2.2221e-01 -3.1081e+00 1.3616e+00
11395 -5.6736e+00 -3.3246e+00 4.4608e+00
11396 3.1098e+00 -6.4343e+00 -8.2436e+00
11397 -5.2336e-01 6.0378e+00 1.0270e-01
11398 -5.1538e-01 -8.0663e+00 3.4256e+00
11399 -1.0347e+00 1.5263e+00 -3.1490e+00
11400 -1.9004e+00 -1.2088e+00 -8.1169e-01
11401 1.3374e+00 2.2947e+00 -1.1827e+00
11402 -1.6952e+00 2.1848e+00 -6.9868e+00
11403 1.2926e+00 2.2165e+00 -6.3285e+00
11404 -4.3142e+00 1.7547e-02 -8.0991e+00
11405 -4.1910e+00 4.1749e-01 -9.2729e+00
11406 -3.4658e+00 3.0055e-01 -3.4513e+00
11407 2.4832e+00 1.0859e+00 -1.5345e+00
11408 -1.7783e+00 -3.5747e+00 -3.8715e+00
11409 -4.6246e+00 -1.3627e+00 -3.8810e+00
11410 -4.8066e+00 2.0883e+00 -3.0379e+00
11411 -8.0252e-01 -3.3712e+00 1.1771e+00
11412 -4.7793e+00 -2.2890e+00 -2.4338e+00
11413 3.8613e-02 -7.8324e-02 1.1830e+00
11414 6.4149e-02 3.5990e+00 1.6939e+00
11415 5.4044e+00 2.1266e+00 -8.3666e+00
11416 3.3983e+00 4.0174e+00 5.5348e-01
11417 -1.0327e+00 -3.8407e+00 -8.4899e+00
11418 -5.2334e-01 5.7796e-01 -1.6555e+00
11419 1.3242e-01 5.5878e-01 -2.9172e+00
11420 4.2989e+00 3.6846e+00 1.4014e-01
11421 2.4470e+00 -3.3567e+00 -9.3817e+00
11422 -2.1616e+00 -1.6554e+00 -6.6994e+00
11423 5.3845e-01 1.4761e+00 -5.9076e+00
11424 1.8371e+00 4.1392e+00 -6.8823e+00
11425 -3.1977e+00 5.0807e+00 -4.3660e+00
11426 -9.1142e+00 2.5133e+00 -3.2264e+00
11427 6.7950e-01 3.3539e-01 -5.9226e+00
11428 -2.0432e+00 -1.0364e-01 4.2191e+00
11429 8.9206e-01 -5.1265e+00 -1.9757e+00
11430 1.1108e+00 4.5449e-01 -6.8673e+00
11431 -8.9805e-01 -4.4377e+00 -9.0291e+00
11432 -3.9120e-01 -2.2965e+00 -6.3614e+00
11433 -1.6153e+00 -2.3143e+00 -4.6391e+00
11434 -1.4590e+00 -2.5568e+00 -7.1891e+00
11435 -2.9387e-01 -9.3885e+00 -1.7693e+00
11436 7.8467e-01 2.4659e+00 4.7060e+00
11437 8.8734e-01 -1.9075e+00 7.4462e+00
11438 4.8703e+00 -8.3976e-02 -3.7737e+00
11439 -6.7966e-01 -1.1441e-01 -6.1429e+00
11440 3.5317e+00 2.4823e+00 -7.0974e-02
11441 2.6175e+00 1.8377e+00 -1.3294e+00
11442 1.5732e+00 3.0226e+00 -1.5555e+00
11443 -1.1218e+00 -2.2114e+00 -5.1058e+00
11444 1.3917e+00 3.1339e+00 -5.5654e+00
11445 -6.3135e-01 1.5179e+00 -2.8897e+00
11446 1.9921e+00 1.7916e-01 -5.1076e+00
11447 -1.4836e+00 2.3436e+00 -6.0056e+00
11448 -1.2267e+00 2.8953e+00 3.4740e+00
11449 -2.1037e+00 -3.4575e+00 -1.2510e+00
11450 -4.6325e-01 -2.0886e+00 8.5207e+00
11451 -2.0899e+00 -1.6229e+00 4.2747e+00
11452 4.4212e+00 -1.1301e+00 5.4734e+00
11453 2.1577e+00 -1.3642e+00 6.6436e+00
11454 4.6961e+00 -4.5695e+00 -1.7166e+00
11455 -8.0079e-01 -1.5565e+00 6.1818e-01
11456 2.7014e+00 3.3931e+00 2.2949e-01
11457 -1.7594e+00 1.4505e-01 -5.7716e+00
11458 -3.1197e+00 2.2744e+00 -5.2408e+00
11459 -7.0902e-01 7.8085e-01 -6.1935e+00
11460 -1.7892e+00 -4.0104e+00 -7.5260e+00
11461 1.9747e+00 -6.8366e+00 -4.0853e+00
11462 6.5591e+00 7.4802e-01 -5.5209e+00
11463 -6.4605e+00 -9.0437e+00 -1.1098e+00
11464 -2.7321e+00 1.4965e+00 -1.1543e+00
11465 1.8783e+00 -4.5069e+00 -2.7863e+00
11466 -1.8279e+00 -5.9704e-02 -8.4609e+00
11467 7.3105e-02 3.3286e+00 -7.3393e+00
11468 -6.1514e+00 -8.2805e-01 -5.2597e+00
11469 -1.7700e+00 2.3514e+00 5.1555e+00
11470 -6.1414e-01 7.9551e-01 4.0247e-01
11471 1.6033e+00 -1.0639e+00 -1.6688e+00
11472 -1.6164e-01 -3.5272e-01 1.6194e+00
11473 -1.5939e+00 -4.6337e+00 -2.4883e+00
11474 -6.3797e-01 8.5828e-02 -4.6680e+00
11475 1.8174e+00 -5.4530e+00 -1.2123e+00
11476 -2.6294e+00 1.8171e+00 -5.0378e+00
11477 2.9035e+00 6.0001e+00 -1.5590e+00
11478 4.2029e+00 -7.4579e-01 -3.2755e+00
11479 8.8190e-01 4.9512e+00 -8.7925e+00
11480 2.9940e-01 5.1718e+00 -3.0103e+00
11481 -1.4569e+00 1.1073e+00 -5.4287e+00
11482 -7.4635e+00 -1.8939e+00 -3.3935e+00
11483 5.6235e-01 4.5001e+00 1.5132e+00
11484 6.8661e-01 1.4862e+00 -3.3609e+00
11485 -4.6193e+00 1.7385e+00 -1.4452e-02
11486 1.6476e+00 -1.2564e+00 1.3215e+00
11487 -1.4118e+00 1.2181e+00 3.7562e+00
11488 4.4946e+00 -2.8001e-01 -5.1047e-01
11489 2.6413e+00 2.9587e+00 -3.2647e+00
11490 -6.9454e+00 -6.7110e-01 -9.3742e+00
11491 -5.7899e-02 3.4015e+00 -8.8707e+00
11492 -1.8088e+00 5.9250e+00 -1.3373e+00
11493 -1.6850e+00 -5.2100e+00 -9.3436e+00
11494 -5.1778e-01 9.0911e-01 -7.6125e+00
11495 3.9262e+00 1.8063e+00 -2.9827e+00
11496 2.8894e+00 1.2959e-01 -5.4696e+00
11497 7.3688e+00 2.9363e+00 3.8639e+00
11498 -3.6673e+00 1.2589e+00 -7.5533e+00
11499 -1.5135e+00 -1.2478e+00 -1.3024e+00
11500 3.6049e+00 1.6780e+00 -5.7493e+00
11501 1.8159e+00 -4.0304e+00 -1.1945e+00
11502 1.1669e+00 4.4256e+00 -8.5593e+00
11503 -5.2605e-01 -5.2838e+00 -7.7497e+00
11504 1.6099e+00 4.8537e+00 -9.0439e+00
11505 -1.5058e-01 3.7064e+00 -8.6842e+00
11506 -6.9283e+00 5.9594e+00 -8.3061e+00
11507 -2.7949e+00 4.8702e+00 -6.2226e-01
11508 -6.8162e+00 -7.3276e-01 -4.3946e+00
11509 -5.0474e+00 2.6111e+00 -4.3573e+00
11510 6.5135e-01 -1.6648e-01 -8.1786e+00
11511 -9.8673e-01 4.5134e+00 -1.8624e+00
11512 -3.2940e+00 4.1652e+00 -8.7459e+00
11513 6.3491e-01 3.4793e+00 -4.7932e+00
11514 -3.4201e+00 3.8150e+00 -5.1433e+00
11515 -5.1343e+00 -6.7577e+00 -2.7153e+00
11516 -3.4696e+00 -2.5418e+00 -6.8393e+00
11517 -4.4178e-01 -5.4122e+00 -8.3383e+00
11518 -2.9036e+00 1.9597e+00 -7.5980e+00
11519 2.0318e+00 -3.4614e+00 -6.5558e+00
11520 -2.2353e+00 -4.7005e+00 -1.7933e-01
11521 -4.7602e+00 -7.6242e-01 -6.4527e+00
11522 -1.1800e+00 -6.1323e-01 -9.0821e+00
11523 -5.8921e-01 5.7269e+00 3.1179e-01
11524 -4.3417e-01 -1.6133e+00 4.9600e+00
11525 -5.0367e+00 2.8991e-01 -2.0389e+00
11526 -2.6361e+00 -7.3802e+00 -8.3548e+00
11527 2.1387e+00 -1.0302e+00 -3.8080e+00
11528 4.1322e+00 -1.5194e+00 -6.4173e+00
11529 -3.3732e+00 3.2726e+00 3.7585e-01
11530 3.9742e+00 -4.3644e+00 -4.1093e+00
11531 -2.1257e+00 -3.6400e+00 -2.9810e+00
11532 -1.6325e+00 -1.7014e+00 -7.1084e+00
11533 -2.9823e+00 -5.0373e-01 -8.8166e+00
11534 -6.5959e-01 -3.3384e+00 1.3148e-01
11535 -3.8159e+00 3.2474e+00 -3.0367e+00
11536 -3.8377e+00 2.6067e+00 -8.5553e+00
11537 3.8957e+00 4.7612e+00 -6.5271e+00
11538 -2.6666e+00 5.8434e-01 -2.3426e+00
11539 3.5154e+00 -3.5107e+00 -6.6872e+00
11540 -4.1457e+00 5.1575e+00 -8.3040e+00
11541 7.8858e-01 1.0869e+00 -8.9835e+00
11542 1.4113e+00 -3.9769e+00 -3.7199e+00
11543 -1.8310e+00 -4.3138e+00 2.7590e+00
11544 -2.0459e-01 3.0197e+00 9.2893e-01
11545 -3.6014e-02 -1.6081e+00 -1.5075e+00
11546 1.4079e+00 3.9665e+00 -5.9019e+00
11547 -2.2795e-01 -3.8888e+00 2.2594e+00
11548 -8.7664e-01 -1.6924e+00 -9.3826e+00
11549 -1.1170e+00 4.1139e+00 -2.7472e+00
11550 1.4498e+00 3.5368e-02 -7.8534e+00
11551 6.7551e-01 2.4609e+00 -6.3962e+00
11552 -1.3362e+00 -1.6748e-01 -2.5382e+00
11553 2.9334e+00 2.5767e+00 1.3001e+00
11554 2.3048e-01 4.4485e+00 -8.7113e+00
11555 -5.6473e-01 3.3704e+00 -3.2453e+00
11556 -3.6148e+00 -6.5926e+00 2.9611e+00
11557 -1.4303e+00 3.3029e+00 -6.6985e+00
11558 -3.1901e+00 1.0242e+00 -8.3323e+00
11559 2.6267e-01 3.0437e+00 -8.2905e+00
11560 -1.3239e-01 -5.0821e-01 -5.9078e+00
11561 2.7497e-01 1.7288e+00 4.4722e+00
11562 6.0843e+00 -3.9062e-01 -6.2310e+00
11563 -1.2572e+00 1.6277e+00 2.2182e+00
11564 1.2055e+00 -1.1625e+00 -3.1567e+00
11565 -1.4178e+00 8.3518e-01 -1.7999e+00
11566 7.0722e-01 -8.1046e-01 3.5614e+00
11567 2.5612e+00 2.9138e+00 -2.3367e+00
11568 3.7549e+00 5.7307e+00 -8.0473e+00
11569 1.9519e-01 6.1405e+00 -2.8305e+00
11570 5.8561e+00 -3.5485e+00 -3.0317e+00
11571 1.4439e+00 -6.3730e+00 9.8090e+00
11572 -8.7854e-01 4.0206e+00 -4.0988e+00
11573 3.6402e+00 4.2023e+00 -5.1380e+00
11574 4.9972e-01 -3.8101e+00 -4.2271e+00
11575 -8.9531e-01 2.1364e+00 -5.4805e+00
11576 5.9999e+00 6.0884e+00 -2.1913e-01
11577 -3.4236e+00 2.3686e+00 -2.2200e+00
11578 -1.9489e+00 2.4634e+00 -4.6266e+00
11579 -1.2360e+00 3.0685e+00 -5.5441e+00
11580 -2.3620e+00 -3.1299e-01 -4.2001e+00
11581 -3.6590e+00 -4.3230e+00 -7.5335e+00
11582 -6.8711e+00 2.0050e+00 -1.9790e+00
11583 -1.0403e+00 -3.3657e+00 1.2934e+00
11584 -3.4953e+00 4.6987e+00 7.6566e-01
11585 -9.4502e-01 2.6587e+00 -4.4840e+00
11586 -1.7618e+00 -8.2445e+00 -6.8719e+00
11587 -5.6448e+00 -4.5935e-01 -8.9739e+00
11588 -3.7016e+00 7.7207e-01 -8.7098e+00
11589 -2.5081e+00 -1.8286e+00 -7.4324e+00
11590 -3.2714e+00 2.8942e+00 -7.9032e+00
11591 5.2301e+00 -5.9752e+00 -8.5707e+00
11592 -2.2274e+00 -5.0501e-01 -8.4134e+00
11593 -1.1239e+00 6.1584e+00 -4.3742e+00
11594 1.3498e+00 -3.2777e+00 -7.6496e+00
11595 2.5540e+00 -5.7175e-01 3.7819e+00
11596 -3.3152e+00 2.9573e-01 -7.4971e+00
11597 3.1518e+00 1.8229e-01 -9.1137e+00
11598 -3.4510e+00 3.0196e-01 -9.3815e+00
11599 -7.2225e-01 -2.5018e+00 -5.1704e+00
11600 -2.7821e+00 -4.3705e-01 -8.0908e+00
11601 -3.6189e+00 -9.1184e+00 1.9789e+00
11602 8.7505e-01 -3.6224e+00 3.7632e+00
11603 2.3977e+00 -9.3873e+00 1.5231e+00
11604 -1.9265e+00 -2.4157e+00 2.3153e+00
11605 1.1860e+00 2.5184e+00 -9.7757e-01
11606 8.5093e-01 2.9232e-01 -6.2366e+00
11607 1.5037e+00 4.1323e+00 1.4265e+00
11608 2.9151e+00 3.3230e+00 -2.4341e+00
11609 -1.5790e+00 2.8282e+00 1.1253e+00
11610 2.7111e+00 1.8889e+00 1.8496e+00
11611 5.2552e-01 -1.9139e+00 -2.1637e+00
11612 6.3279e-01 -3.2176e-01 -2.9983e+00
11613 9.6840e-01 -7.0232e-01 7.4316e+00
11614 1.6717e+00 -2.8523e+00 -1.5656e+00
11615 1.7041e+00 -4.9304e-01 2.0049e+00
11616 -3.0656e-01 8.7304e-01 1.3872e+00
11617 4.3888e+00 3.2161e+00 -5.7918e+00
11618 -3.7426e+00 -9.3321e+00 -3.3909e+00
11619 2.0199e+00 2.1461e-01 -9.7523e-01
11620 2.8599e+00 2.7098e-01 -5.2273e+00
11621 -1.5850e+00 8.2900e-01 1.6481e+00
11622 -3.5598e-01 -1.1098e+00 -5.6866e+00
11623 -4.1782e+00 -3.0086e+00 -4.8417e+00
11624 -4.3315e+00 -1.5342e+00 -9.4864e-01
11625 -4.9191e+00 -3.9254e-01 1.4345e-01
11626 5.1358e+00 2.1981e+00 -3.2117e+00
11627 -3.0046e-01 -6.2306e-01 8.2812e-01
11628 -3.5723e+00 5.3661e-01 1.3900e+00
11629 8.6506e-01 1.2130e+00 -3.5112e+00
11630 3.1702e+00 -5.5314e-01 -2.0814e+00
11631 -1.0865e+00 3.5340e-01 2.2265e+00
11632 6.9354e-01 7.3775e+00 -1.9400e-01
11633 3.3298e-01 -8.9501e-01 3.2154e+00
11634 -1.7541e+00 -3.0049e+00 2.8499e+00
11635 -4.4756e-01 1.4197e+00 -1.6040e+00
11636 -2.6862e+00 -3.5814e+00 -1.7902e+00
11637 -3.5059e+00 1.0539e+00 1.2424e+00
11638 -6.8313e-01 2.4274e+00 1.1612e+00
11639 -3.8270e-01 7.6349e-01 -5.5093e+00
11640 3.5782e+00 4.3081e+00 -3.6984e+00
11641 1.5249e+00 2.4497e+00 -2.7712e+00
11642 -4.8043e+00 3.8131e+00 -4.4979e+00
11643 6.8723e-01 2.9419e+00 -1.8477e+00
11644 -2.0640e+00 -5.0871e+00 -1.0496e+00
11645 -5.5245e+00 1.8027e+00 -6.1016e+00
11646 3.0393e+00 9.0373e-01 -2.5581e-01
11647 4.5996e+00 3.6430e+00 -7.7979e+00
11648 -2.6396e+00 -1.0192e+00 1.5584e-01
11649 5.2021e+00 2.6388e-01 -2.0660e+00
11650 -4.4109e-02 1.8087e+00 -6.7376e+00
11651 2.2546e+00 -2.5928e+00 -8.2406e+00
11652 2.0449e+00 3.6295e+00 -2.2376e-01
11653 -7.9868e-01 -2.2196e+00 -3.9319e+00
11654 3.9507e+00 2.3283e+00 3.2754e+00
11655 7.1336e+00 -5.8654e+00 -3.2540e+00
11656 -2.3333e+00 4.9096e-01 -8.8511e+00
11657 -3.5024e+00 -9.3702e+00 1.2213e+00
11658 -4.6508e+00 -1.6537e+00 -3.1128e+00
11659 1.7881e+00 7.6773e-02 -3.3077e-01
11660 4.2255e+00 4.2182e-01 6.7655e+00
11661 -7.6173e-01 -2.1509e+00 5.5057e+00
11662 2.4360e+00 4.7687e+00 5.6436e+00
11663 2.4613e+00 5.9151e+00 -3.9323e-01
11664 -2.2684e+00 -1.8721e+00 3.3287e+00
11665 -2.1088e+00 -4.8748e-01 4.0002e+00
11666 -1.0968e+00 -2.7834e+00 -1.8099e+00
11667 -2.4150e+00 -8.1234e-01 3.6917e+00
11668 -7.4734e-01 2.8512e+00 -3.4977e-01
11669 2.1270e-01 -2.7983e+00 -1.9110e+00
11670 2.1352e+00 -5.0613e+00 2.9309e+00
11671 3.7320e+00 2.4186e+00 -2.0197e+00
11672 3.6582e-01 -9.8320e-01 7.7644e+00
11673 1.9686e+00 3.8754e+00 8.3211e+00
11674 3.0140e+00 2.1880e+00 9.9613e-01
11675 3.7357e-01 -2.4235e+00 1.6648e+00
11676 -3.6852e+00 1.4962e+00 -9.3003e+00
11677 1.4247e+00 4.9066e+00 -8.9960e+00
11678 3.5710e+00 1.5243e+00 -7.6708e+00
11679 -5.2524e+00 -3.3831e+00 -8.7697e+00
11680 1.3192e+00 -1.6212e+00 -8.9007e+00
11681 2.5883e+00 1.6197e+00 -8.8266e+00
11682 6.3175e+00 -3.4758e+00 5.1299e+00
11683 2.3646e+00 5.0899e+00 1.6216e+00
11684 -1.5481e+00 2.1383e+00 1.6569e+00
11685 -8.1957e-01 7.1823e-01 2.0501e+00
11686 2.6921e+00 9.0570e-01 -7.0319e+00
11687 7.2019e-01 4.7235e-01 -5.2075e+00
11688 5.5715e+00 4.6835e+00 -9.3885e+00
11689 -8.2336e-01 4.0489e+00 -8.1097e+00
11690 9.3152e-01 1.3544e+00 -8.5211e+00
11691 -1.4803e+00 2.1856e+00 -9.1440e+00
11692 6.5705e+00 2.8240e+00 -8.1709e+00
11693 1.6072e-01 4.5488e+00 -5.5301e+00
11694 -6.3088e-01 4.4641e+00 -9.3878e+00
11695 -3.1527e-01 -3.9041e+00 -7.0255e+00
11696 -7.1253e-01 2.0763e+00 -7.4411e+00
11697 -6.7053e-01 1.1968e+00 -2.0695e+00
11698 -9.2644e-01 -7.4764e+00 8.1128e-01
11699 4.4580e-01 1.2592e-02 -9.3700e+00
11700 -2.8386e-01 5.3396e+00 -9.3657e+00
11701 3.6511e+00 1.6877e+00 -9.3843e+00
11702 6.0955e+00 1.4392e+00 -9.3401e+00
11703 5.7824e-01 -7.7678e+00 4.6770e-01
11704 -1.8584e+00 -2.0679e+00 4.2070e+00
11705 -1.7034e-01 2.3067e+00 -9.3526e+00
11706 5.0076e+00 2.2300e+00 -9.3732e+00
11707 2.6538e+00 1.8396e+00 -9.2699e+00
11708 2.5640e+00 -2.3553e+00 -9.1014e+00
11709 8.1516e+00 1.6049e+00 -9.0055e+00
11710 4.0728e+00 1.5628e+00 -8.1755e+00
11711 2.5967e+00 -5.5551e+00 -4.0332e-01
11712 2.7095e+00 4.0483e+00 -9.2393e+00
11713 -8.3342e-01 5.0847e+00 -8.2423e+00
11714 -1.2452e+00 1.9400e+00 -7.0186e+00
11715 2.6991e+00 4.5208e+00 -9.3583e+00
11716 2.5376e+00 1.0370e+00 -8.6445e+00
11717 4.1466e+00 4.8858e+00 -8.5655e+00
11718 1.1444e+00 5.0116e+00 -9.0461e+00
11719 -2.9203e+00 5.3925e+00 -8.5526e+00
11720 -6.0448e-01 4.4896e+00 -4.4170e+00
11721 3.7540e+00 1.6099e+00 -8.5166e+00
11722 3.7498e+00 -3.9396e-01 -9.3859e+00
11723 3.0528e+00 -3.8874e+00 -7.8604e+00
11724 -6.0780e-02 2.1236e+00 -7.7134e+00
11725 1.1246e-01 9.8757e-01 -9.3581e+00
11726 6.6052e+00 3.9111e+00 -9.2594e+00
11727 5.9694e-01 3.2292e+00 -9.3430e+00
11728 1.1332e+00 -1.0118e+00 -8.1601e+00
11729 -1.9906e+00 1.3799e+00 -9.3429e+00
11730 -4.2761e-01 5.5179e+00 -9.3850e+00
11731 -4.0707e+00 -1.8569e+00 -9.3877e+00
11732 -2.1872e+00 -1.6064e+00 -9.3877e+00
11733 7.6171e-01 -6.9158e-01 -8.5620e+00
11734 4.9915e+00 1.9540e+00 -7.7160e+00
11735 5.7970e-01 4.5845e+00 -5.8474e+00
11736 4.1380e+00 3.7571e+00 -9.2081e+00
11737 -5.8694e-01 -7.5173e+00 -4.8532e-01
11738 2.0298e+00 1.0021e+00 -9.2054e+00
11739 5.9675e-01 3.0005e+00 -8.7463e+00
11740 -3.8735e+00 3.4449e+00 -7.5122e+00
11741 9.5906e-01 7.3731e+00 -7.1755e+00
11742 4.1269e+00 1.0946e+00 1.4035e-01
11743 6.3599e-01 1.0433e+00 9.0274e-01
11744 2.2582e+00 4.9363e+00 -9.0768e+00
11745 2.1726e+00 2.0799e+00 -8.3233e+00
11746 4.7338e+00 2.5902e-01 -7.4543e+00
11747 1.1335e+00 2.1131e+00 -9.0946e+00
11748 2.8227e-01 -8.3023e+00 4.1020e+00
11749 -2.1309e+00 2.4711e+00 -4.9347e+00
11750 -1.7647e+00 -6.4667e+00 5.0056e-01
11751 -2.9370e+00 -9.3244e+00 3.4308e+00
11752 -3.6611e-01 -1.2111e+00 -3.2263e+00
11753 3.5789e+00 3.8206e+00 6.6515e-01
11754 -6.2860e+00 -5.4117e-01 -7.9908e+00
11755 1.6238e+00 3.6333e-01 -2.1894e+00
11756 4.4997e+00 4.2928e+00 5.3131e+00
11757 2.4178e+00 -2.9714e-01 3.9462e-01
11758 6.6390e-01 2.7423e+00 7.5741e-01
11759 1.5192e+00 -6.5145e+00 -7.8424e-01
11760 3.2519e+00 1.5623e+00 -2.6851e+00
11761 5.2361e+00 2.9894e+00 1.9364e+00
11762 2.0100e+00 1.4665e+00 -1.2399e+00
11763 1.3863e+00 1.9269e+00 6.0237e+00
11764 3.8117e-01 -7.6746e-01 1.0999e+00
11765 -2.0729e+00 6.2597e+00 5.6261e-01
11766 -9.2016e-01 1.2952e+00 8.4954e+00
11767 3.3937e+00 -9.3883e+00 4.1202e+00
11768 2.7616e+00 -3.1833e+00 -3.2145e-01
11769 -3.1900e-02 -7.2270e+00 -3.6046e+00
11770 1.3471e+00 4.0781e+00 2.4843e+00
11771 -2.1783e+00 1.7403e+00 -9.1006e-02
11772 9.9744e-01 -1.7918e+00 6.3392e+00
11773 3.1681e+00 1.7691e+00 4.4247e+00
11774 3.4206e+00 -3.9165e+00 4.9132e+00
11775 5.2742e+00 2.0352e+00 3.4810e+00
11776 3.6700e-01 4.6323e+00 -2.2178e+00
11777 1.9876e+00 1.0310e+00 -4.6568e+00
11778 -2.0164e+00 -8.2679e+00 2.9918e+00
11779 -1.4460e-01 -4.8547e+00 -3.4776e+00
11780 -1.6930e+00 2.6105e+00 5.4776e+00
11781 6.6844e+00 1.1221e+00 9.1926e-01
11782 1.1261e-01 -7.0751e+00 -4.8519e+00
11783 5.6783e-01 1.3810e+00 1.9129e-02
11784 9.4494e-02 2.8262e+00 -1.4256e-01
11785 4.3281e+00 -3.4815e+00 -5.6825e+00
11786 5.7598e+00 3.6545e-01 -5.5999e+00
11787 1.6476e+00 -1.2006e+00 3.3860e+00
11788 -2.1986e+00 1.8752e+00 -5.0504e+00
11789 -3.9189e+00 4.8169e+00 -8.1179e+00
11790 -6.7722e-01 -8.4412e+00 -6.3833e+00
11791 4.0143e+00 -5.8291e+00 1.2237e+00
11792 -4.8924e+00 -4.1892e+00 -4.6855e+00
11793 -2.9600e+00 3.4508e+00 -1.1059e+00
11794 2.2567e-01 -3.8511e+00 -3.7358e+00
11795 1.2404e+00 4.0394e+00 -1.8837e+00
11796 4.2741e+00 -9.2365e+00 -2.4629e+00
11797 4.4988e+00 -1.2014e+00 1.6005e+00
11798 4.2582e+00 -8.0930e+00 -6.4802e+00
11799 2.8563e+00 -5.8980e-01 -8.8058e+00
11800 -7.6942e+00 -1.6563e+00 -6.7544e+00
11801 -1.6164e+00 -1.0814e+00 -3.1128e+00
11802 -4.9779e-02 3.6754e+00 -7.9664e+00
11803 -2.6500e+00 2.9199e+00 -8.4737e+00
11804 -1.8259e+00 -5.2461e+00 -9.2529e+00
11805 -6.1649e-01 -5.5733e-01 -5.1798e+00
11806 -4.4046e+00 -7.1420e-01 -4.9408e+00
11807 -2.9233e+00 -1.7968e+00 8.3637e-01
11808 -1.5931e+00 2.5400e+00 -6.0034e+00
11809 -2.9936e+00 -1.4704e+00 -4.8464e+00
11810 -4.3109e+00 -1.0342e+00 -6.3446e+00
11811 5.2794e-01 -2.3048e-02 -5.6035e+00
11812 -3.4719e+00 -4.5893e+00 8.1404e+00
11813 -9.0780e-01 -4.3763e+00 -8.3735e+00
11814 5.0120e+00 3.1711e+00 8.8082e+00
11815 5.3229e+00 -5.3124e-01 -6.3519e+00
11816 -3.9277e-01 -1.1140e+00 1.5998e+00
11817 5.4641e-01 5.2496e-02 -4.1059e+00
11818 1.0498e+00 6.1329e+00 1.5571e+00
11819 1.5921e+00 2.4246e+00 1.0541e+00
11820 2.9703e+00 -5.6802e+00 -5.5637e+00
11821 -2.6699e+00 -1.7384e+00 -2.9566e+00
11822 4.4894e+00 5.2422e+00 -2.1181e+00
11823 1.0538e+00 3.2727e-01 5.1254e+00
11824 5.0026e+00 3.9810e+00 -1.2647e+00
11825 4.4545e-01 2.4284e+00 -5.8210e+00
11826 2.4826e+00 1.7098e+00 -5.8198e+00
11827 3.8074e+00 -1.4637e+00 -3.1180e-01
11828 -1.8485e+00 -2.6133e+00 1.4070e+00
11829 -4.4723e+00 -4.2432e+00 -9.3675e+00
11830 9.9073e-01 4.3682e-01 2.9359e+00
11831 -5.6314e+00 -3.1631e+00 -9.0051e+00
11832 -4.5458e+00 -1.6697e+00 -2.2789e+00
11833 2.5142e-01 -4.1815e+00 2.0638e-01
11834 -1.0117e+00 -4.8144e+00 -8.0676e+00
11835 -2.9519e+00 7.4485e-01 -4.0294e+00
11836 -1.9728e+00 -5.3826e+00 -8.3736e+00
11837 -2.2890e+00 1.3593e-01 -6.2967e+00
11838 1.5811e+00 5.1854e+00 -1.4416e+00
11839 4.8068e+00 -2.9761e-01 -7.6603e+00
11840 2.6916e+00 4.3874e-01 -4.6293e-02
11841 5.3661e+00 1.0404e+00 3.8081e+00
11842 4.1531e+00 3.6441e+00 -8.8843e-01
11843 -1.3816e+00 -3.0274e+00 3.5529e+00
11844 2.1261e+00 1.9908e-01 8.9894e-01
11845 -2.1663e+00 1.9039e+00 3.3289e+00
11846 4.3304e+00 6.7581e-01 -3.8061e+00
11847 -8.2691e-01 -1.0635e+00 4.9877e+00
11848 -3.0713e+00 5.9701e+00 -3.5614e+00
11849 1.8627e+00 -1.4082e+00 -7.4034e+00
11850 4.8815e+00 6.2867e+00 -5.9793e+00
11851 -2.0708e-01 -2.4379e-01 -5.6369e+00
11852 3.1640e+00 6.9044e-01 -2.8310e+00
11853 -2.2394e+00 -3.2041e+00 -6.6876e+00
11854 4.9243e+00 3.3279e+00 -3.3379e+00
11855 -1.3719e+00 -8.2879e-02 -7.5869e+00
11856 7.1642e-01 -3.4875e+00 -2.6392e+00
11857 5.9353e+00 -9.3829e-01 -4.0413e+00
11858 -1.3258e+00 2.1029e+00 -7.2019e+00
11859 -2.3240e+00 4.3232e-01 -7.4097e+00
11860 -4.4961e+00 8.9736e-01 -4.6334e+00
11861 -8.6156e+00 -4.9163e-01 -2.3482e+00
11862 -2.1038e+00 -1.1202e+00 -7.8165e+00
11863 4.9628e+00 -9.3413e-01 -8.7266e+00
11864 2.0798e-03 4.6635e+00 -8.1361e+00
11865 -3.4396e+00 -2.7440e+00 -6.2323e+00
11866 2.1693e+00 2.4762e-01 -4.4039e+00
11867 -5.2574e+00 -5.8408e+00 -3.6428e+00
11868 5.9782e+00 -2.4017e+00 -2.1203e-01
11869 1.6776e+00 5.3623e+00 -5.1314e+00
11870 -3.2539e-01 -9.1850e-01 -1.1822e-01
11871 1.7031e+00 -7.6735e-01 1.1617e+00
11872 4.1612e+00 6.8575e+00 -2.4557e+00
11873 1.8230e+00 3.4179e+00 4.6182e+00
11874 -1.9497e+00 1.2661e+00 -4.7831e+00
11875 -1.4458e-01 2.0992e+00 4.2108e-02
11876 -2.0134e+00 4.4605e+00 -3.8262e+00
11877 -1.4519e-01 -3.4255e+00 -6.4054e+00
11878 4.3535e+00 3.7197e+00 -2.6639e+00
11879 2.7924e+00 2.9873e+00 -4.1133e+00
11880 -1.5880e+00 2.8954e+00 -6.1909e+00
11881 3.3341e-01 -1.1611e+00 -3.4084e+00
11882 -1.0883e+00 5.6343e+00 1.7347e+00
11883 2.4424e+00 4.2178e+00 -5.2200e+00
11884 6.0573e+00 -2.1498e+00 2.5440e+00
11885 6.8735e+00 1.5144e+00 -3.6805e+00
11886 -1.8920e+00 -5.5152e-01 -7.9977e+00
11887 -3.3164e+00 -7.4829e-01 1.6186e+00
11888 4.9012e+00 -4.9174e-01 -4.1052e+00
11889 4.0267e+00 5.2780e-01 9.6647e-01
11890 9.5636e-01 -1.6949e+00 -9.2241e-02
11891 -3.5517e-01 4.2292e+00 -4.1369e+00
11892 7.0768e-01 3.1945e+00 -3.0699e-01
11893 -3.9139e+00 -9.4396e-01 -4.6685e+00
11894 -1.4844e+00 3.5877e+00 3.3749e+00
11895 -6.9170e-01 1.4957e+00 2.2923e+00
11896 4.3591e+00 6.0736e-01 8.7754e-01
11897 2.5045e+00 -4.7888e-01 4.2517e+00
11898 1.9209e+00 9.8137e-01 -8.1543e+00
11899 2.7269e+00 -4.9216e+00 -2.2431e+00
11900 8.3733e-02 3.3441e-01 -2.9541e+00
11901 4.1895e+00 5.7658e-01 -2.2463e+00
11902 4.9606e+00 9.8687e-02 -3.8917e+00
11903 1.4733e+00 1.1603e+00 -1.4531e+00
11904 -3.2747e+00 3.0331e+00 -6.4700e+00
11905 -2.1315e+00 2.1638e+00 1.3913e+00
11906 -1.9992e+00 2.3579e-01 4.9394e+00
11907 1.4341e+00 2.6614e+00 -4.5215e+00
11908 2.4144e-01 -5.4550e+00 -7.6974e+00
11909 2.0418e+00 -1.4944e+00 1.6398e+00
11910 7.6677e-01 -2.0903e+00 1.0317e+00
11911 -9.9319e-01 1.4359e+00 -8.1485e+00
11912 -1.3583e+00 -5.1087e+00 -5.6055e+00
11913 -8.5007e-01 1.5518e+00 -7.8836e-02
11914 -7.9011e-01 1.5997e+00 -6.1529e+00
11915 -9.1585e-01 -3.9386e+00 -3.4473e-01
11916 -3.4769e+00 -1.3259e+00 9.5671e-02
11917 -2.0286e+00 7.4340e+00 1.1943e+00
11918 -1.7189e+00 5.2750e-01 -2.4432e+00
11919 -2.0071e+00 -1.1097e+00 -6.0074e+00
11920 9.0447e-01 -3.8565e+00 -5.5380e+00
11921 -1.8628e+00 1.4345e+00 -1.9286e-02
11922 -5.3702e+00 -5.1899e+00 -4.1181e+00
11923 7.5907e-02 -5.4120e+00 -3.1252e+00
11924 -1.1091e+00 5.2370e-01 -9.3877e+00
11925 1.0972e+00 -2.0834e+00 -6.8955e+00
11926 -4.2112e+00 -7.5962e+00 1.0852e+00
11927 1.1617e-01 -1.1948e+00 -5.5998e+00
11928 2.6880e+00 -5.3179e+00 -4.2625e+00
11929 -1.1956e+00 8.9974e-01 -1.8884e+00
11930 -3.6810e+00 -8.9121e+00 -2.7870e+00
11931 -1.7927e+00 -3.0340e+00 -1.8407e+00
11932 -2.1570e+00 2.2684e-02 -9.3871e+00
11933 -7.5613e-01 -6.0658e+00 -4.1596e+00
11934 -5.7352e+00 -2.0778e+00 -2.6830e+00
11935 -1.8341e-01 -4.1554e+00 -4.9619e+00
11936 -2.5413e+00 -1.3603e+00 -6.1492e+00
11937 -1.6148e+00 -5.6330e+00 -1.0569e+00
11938 2.5883e+00 -5.2800e+00 -5.8054e+00
11939 8.7520e-02 -5.4138e+00 2.6649e-01
11940 1.2728e+00 -7.7948e+00 -9.0359e+00
11941 4.8722e+00 -2.2646e+00 -1.9773e+00
11942 -4.9679e+00 -8.0100e+00 -1.8688e-01
11943 -3.6289e+00 4.4692e+00 -2.2807e+00
11944 -3.2941e+00 -4.2186e+00 -5.6780e+00
11945 3.0455e+00 -5.1887e-01 -2.3387e+00
11946 1.8716e+00 -9.3883e+00 -4.7996e-01
11947 1.4977e+00 2.2332e-01 -2.3256e+00
11948 -2.7969e+00 7.0163e-01 -7.5961e+00
11949 -8.2605e-01 -6.7577e+00 -7.7708e+00
11950 -8.7032e+00 1.5064e+00 -6.8643e+00
11951 4.1547e+00 -1.9842e+00 -8.8600e+00
11952 -1.5586e+00 -4.0026e+00 -2.1141e+00
11953 1.4535e+00 -2.8353e+00 -1.8174e+00
11954 -3.4421e+00 -1.3322e+00 -8.3939e-01
11955 7.1158e-01 1.7278e+00 -6.9619e+00
11956 -9.7085e-01 8.4287e-01 -7.8457e+00
11957 5.4917e+00 -7.2840e-01 7.9036e-01
11958 -5.7543e+00 -1.4655e+00 -1.4497e+00
11959 -1.1901e+00 1.6179e+00 -4.7550e+00
11960 1.8877e+00 1.6090e+00 -3.1432e+00
11961 -7.2529e-01 5.3530e+00 -9.2248e+00
11962 2.0526e+00 -6.1246e-01 6.9509e+00
11963 -1.0579e-01 7.3907e-01 -4.0865e+00
11964 9.4962e-01 -1.9798e+00 -2.7250e+00
11965 1.2023e-01 -1.0081e+00 5.3305e+00
11966 1.1087e+00 1.9864e+00 1.2026e-01
11967 -1.7260e+00 4.3679e+00 -3.1496e+00
11968 2.1941e+00 -2.3233e+00 3.4004e+00
11969 4.7216e+00 6.1217e-01 -3.3209e+00
11970 -5.4081e+00 -5.9319e+00 -7.9608e+00
11971 -2.9780e+00 -7.6586e+00 -9.3425e+00
11972 -2.9464e+00 -1.8426e+00 -1.1895e+00
11973 3.3228e+00 -1.4262e+00 -7.0792e+00
11974 -1.1616e-01 -4.0960e+00 -5.3082e+00
11975 -7.2588e-01 -6.7314e+00 -5.0042e+00
11976 -8.7359e-01 -1.6903e+00 -7.5843e-01
11977 3.3028e+00 5.9036e+00 -4.2054e+00
11978 4.8940e+00 -3.5034e-01 -7.8973e+00
11979 3.2939e+00 7.6737e-01 2.5957e+00
11980 -4.2279e+00 9.2885e-01 -1.3439e+00
11981 -2.5082e+00 3.4933e+00 -2.5571e+00
11982 -2.0090e+00 5.7963e+00 -3.1288e+00
11983 5.1788e+00 -5.1041e+00 -2.2578e+00
11984 4.2270e+00 3.1688e+00 -6.4020e+00
11985 7.0581e-01 1.7577e+00 -6.2720e+00
11986 2.5944e+00 -2.7898e+00 6.2123e+00
11987 -5.2624e+00 3.7454e-01 -5.3924e+00
11988 -1.9937e+00 -9.1092e+00 -3.4472e-01
11989 3.4557e+00 -4.3590e+00 -3.7789e+00
11990 3.1865e+00 1.8391e+00 1.6789e+00
11991 -1.2400e+00 1.5626e+00 8.5176e+00
11992 -2.9451e-01 1.8088e+00 -5.0907e+00
11993 -1.1720e+00 -1.4406e+00 6.1634e+00
11994 -3.2357e+00 -2.0905e+00 1.0271e+01
11995 -5.9003e+00 7.9385e-01 -6.7723e+00
11996 -4.5520e+00 5.6356e+00 -5.2565e+00
11997 1.9390e+00 -3.0196e+00 -4.7230e-01
11998 1.2148e+00 -9.0250e-01 -5.4037e+00
11999 1.0005e+00 -2.2812e+00 1.9362e+00
12000 -6.4557e+00 1.4984e-01 -7.7811e+00
12001 -4.1147e+00 -3.4844e+00 -9.0722e+00
12002 3.4907e+00 -2.4883e+00 -1.7627e+00
12003 -6.0861e+00 -2.5450e+00 -4.5501e+00
12004 -3.5289e+00 -9.8000e-02 -8.9802e+00
12005 -3.1307e+00 1.2725e-01 -8.4870e+00
12006 -2.8654e+00 1.9832e+00 2.3171e+00
12007 -3.9572e+00 -1.4444e+00 -8.7318e+00
12008 3.1561e+00 -5.1023e+00 -3.0021e+00
12009 -1.4853e+00 7.2178e-02 -5.8354e+00
12010 -3.8664e+00 -4.9832e-01 -3.2617e+00
12011 -5.2896e+00 -2.1413e+00 -7.5294e+00
12012 4.6935e-02 -1.4940e+00 -6.9424e+00
12013 -5.2640e+00 2.1362e-01 -2.6069e+00
12014 -4.6518e+00 -2.5119e+00 -9.3273e+00
12015 -2.0008e+00 -1.6249e+00 -5.7217e+00
12016 -1.5403e+00 -1.7385e+00 -2.8023e+00
12017 -1.3947e-02 -1.7634e+00 -4.5915e+00
12018 -1.8356e+00 -3.5165e+00 -5.7874e+00
12019 2.7862e+00 -2.7659e+00 -2.9347e+00
12020 5.8602e-01 8.1617e-01 -9.1156e+00
12021 3.9311e+00 -4.7356e-02 -5.7479e+00
12022 -6.6520e-01 -2.3578e-01 -7.7878e+00
12023 3.7510e-01 -1.4402e+00 -7.1848e+00
12024 -4.5082e-01 -8.8953e+00 -7.4506e+00
12025 1.0071e+00 1.7456e+00 -6.3961e+00
12026 2.0871e+00 3.3072e+00 -5.2089e+00
12027 -7.5746e+00 6.1924e+00 -5.2388e+00
12028 -2.2380e+00 -8.1407e-01 4.5527e+00
12029 -1.3964e+00 -1.1827e+00 -9.3331e+00
12030 -6.8411e-01 3.8751e+00 -1.5059e+00
12031 -2.8708e+00 -2.0223e+00 -7.1001e+00
12032 -4.9874e+00 1.4614e+00 1.1757e+00
12033 3.7773e-01 5.8481e+00 -8.8548e+00
12034 -5.0289e-01 -6.3595e+00 -3.8928e+00
12035 3.3423e+00 -6.5561e+00 -4.3570e+00
12036 1.7005e-01 -4.2709e-01 2.5978e+00
12037 -4.8253e-01 -1.2443e+00 -4.8767e+00
12038 -3.5189e+00 -3.1476e+00 -4.5400e+00
12039 -1.4648e+00 6.8535e-01 -2.2867e+00
12040 7.3556e-01 -1.2245e+00 -1.3968e+00
12041 -1.7135e+00 -2.3316e+00 -9.3753e+00
12042 -1.8700e+00 -1.0542e+00 -7.5929e+00
12043 1.6697e+00 4.5317e+00 1.4259e+00
12044 -1.3790e+00 -2.6359e+00 -1.9021e+00
12045 1.8985e+00 8.9477e-01 -5.4082e-01
12046 2.7166e-01 1.5968e+00 -2.6920e+00
12047 -2.3944e-01 -5.7061e+00 -8.1379e+00
12048 6.3081e+00 1.3342e+00 8.8864e+00
12049 1.4677e+00 -2.1822e+00 -3.7200e+00
12050 -2.1105e+00 -4.3871e+00 2.2904e+00
12051 6.2070e-01 2.6896e+00 -3.2813e+00
12052 2.6218e+00 -1.2873e+00 1.5825e+00
12053 2.2928e-01 5.7952e+00 -7.2184e+00
12054 5.9450e+00 2.1685e-01 -5.9378e+00
12055 1.3705e+00 -2.3169e-01 1.0460e+00
12056 -1.4131e+00 1.5082e+00 3.8745e+00
12057 -1.3243e+00 9.3744e-01 -4.1971e-01
12058 1.8140e+00 -2.1874e+00 -2.2314e+00
12059 1.9088e+00 -8.1672e-01 -4.2370e+00
12060 -2.6689e+00 -2.8984e+00 -7.6557e+00
12061 1.8172e+00 2.8513e-01 -5.3887e+00
12062 8.9854e-01 -7.4983e+00 9.5386e-01
12063 4.7251e+00 4.4146e+00 -1.6905e+00
12064 -3.8739e+00 8.9476e-01 -9.2254e+00
12065 2.9342e+00 -1.6695e+00 -8.2969e+00
12066 -6.1729e+00 -6.4713e+00 -9.3644e+00
12067 3.5926e+00 2.6993e-01 -9.3542e+00
12068 -1.0818e+00 -1.7947e+00 1.8116e+01
12069 -4.4552e+00 2.0354e+00 1.7632e+01
12070 -1.2129e-01 -1.9334e+00 1.8423e+01
12071 -1.0514e+00 -1.1703e+00 1.7581e+01
12072 1.8235e+00 -7.9265e-01 1.8423e+01
12073 -3.3341e+00 -3.1890e+00 1.8037e+01
12074 -4.2668e-01 -8.0153e+00 1.8748e+01
12075 -4.0535e+00 -2.5213e+00 1.8658e+01
12076 -1.7202e+00 2.5011e+00 -9.3164e+00
12077 1.0307e+00 -4.3199e+00 4.9287e+00
12078 -4.1500e+00 -4.8796e+00 -3.2794e-02
12079 6.4853e-01 -1.6256e+00 -8.2282e+00
12080 -2.9523e+00 -2.4044e+00 8.9447e+00
12081 -2.2717e+00 -5.5762e+00 -4.0603e+00
12082 -2.7826e+00 5.0008e-01 6.1227e+00
12083 -1.1405e+00 -5.9700e-01 5.0569e+00
12084 -6.8204e-01 -1.9993e+00 -7.5802e+00
12085 -2.9777e+00 -2.8928e+00 -6.1264e+00
12086 1.1816e+00 -6.4986e+00 -2.0714e+00
12087 -6.3523e+00 -5.1456e+00 -8.8477e+00
12088 7.2554e-01 -5.8533e+00 -6.0303e+00
12089 -2.4679e+00 -2.0437e+00 -4.9169e+00
12090 1.1402e+00 -2.5202e+00 -5.3035e-01
12091 -3.1236e+00 5.1964e-01 -4.7011e+00
12092 -6.0057e+00 -4.8257e+00 -3.5669e+00
12093 5.9216e-01 -1.0755e+00 -4.8553e+00
12094 2.4262e+00 -1.6359e+00 4.0301e+00
12095 -6.3843e+00 -8.5439e+00 1.9412e+00
12096 7.1284e-01 -4.0259e+00 -6.0488e+00
12097 9.8313e-01 -1.1271e+00 6.7818e+00
12098 5.9159e-01 1.2314e+00 -2.0147e+00
12099 4.7276e+00 -2.9756e+00 -5.7970e+00
12100 3.1707e+00 -6.1201e+00 -4.7901e+00
12101 -2.6012e+00 -5.1265e+00 -5.3428e+00
12102 -5.3092e+00 6.3833e+00 -9.3581e+00
12103 -4.7735e+00 4.2474e+00 -7.2035e+00
12104 -1.3430e+00 1.1298e-01 -3.8723e+00
12105 1.7718e-02 -2.1563e+00 6.6228e+00
12106 -1.6609e+00 4.6925e+00 4.2935e-01
12107 -4.5186e+00 2.0657e+00 -6.0671e+00
12108 -6.5465e+00 3.7826e+00 -9.0969e+00
12109 -1.0376e+00 2.4825e+00 -2.4827e+00
12110 1.3415e+00 1.5304e+00 -5.8309e+00
12111 1.9084e+00 -4.4122e-01 -3.8927e+00
12112 -8.1006e+00 3.7998e+00 1.2036e+00
12113 -2.2462e+00 -6.3361e+00 -2.0829e+00
12114 -4.4984e+00 -1.3576e+00 -6.1501e+00
12115 -8.0639e+00 -9.3496e-01 -2.2582e+00
12116 -3.1723e+00 -2.7116e+00 2.3596e-01
12117 -5.8110e+00 -6.3209e+00 -5.0938e+00
12118 -2.9020e+00 3.2973e+00 9.4117e+00
12119 -2.4522e+00 1.5752e+00 -7.2512e+00
12120 -1.4794e+00 -3.5247e+00 5.2063e+00
12121 -6.2825e+00 3.4125e+00 4.2579e+00
12122 -8.9491e-01 -4.8175e+00 -2.0261e+00
12123 -5.4138e+00 3.5199e+00 4.8756e+00
12124 -1.0244e+00 -2.3812e+00 4.8683e+00
12125 -4.0494e+00 7.6120e-01 3.7500e+00
12126 -4.3509e+00 6.0949e+00 -8.3868e-01
12127 -3.1355e+00 1.6766e+00 -8.5100e+00
12128 2.9386e+00 8.7553e-01 -9.3675e+00
12129 -1.8599e+00 -4.8644e-01 -9.2598e+00
12130 -2.6510e+00 4.6537e+00 4.9601e+00
12131 2.9650e+00 2.3210e-01 -6.6877e+00
12132 -3.5137e+00 1.5731e+00 -9.3866e+00
12133 1.3268e+00 -1.5994e+00 5.6306e+00
12134 -2.0630e+00 1.3205e+00 2.1966e+00
12135 1.3708e-01 3.0259e+00 -8.5811e+00
12136 3.2183e+00 -3.1867e+00 -7.3216e+00
12137 -3.9841e+00 4.2353e-01 -6.8231e+00
12138 1.1223e+00 -3.7286e+00 1.0832e+01
12139 -8.5806e-01 -9.7662e-01 -1.6257e+00
12140 -1.1093e+00 3.6678e+00 8.4353e+00
12141 -2.0518e+00 1.9503e-01 5.3790e+00
12142 -4.7341e+00 6.8591e-01 -8.8815e+00
12143 -2.6279e+00 -1.0652e-01 -8.0177e+00
12144 -1.2816e+00 2.7974e+00 4.4762e+00
12145 -3.8753e+00 2.2070e+00 -6.2070e+00
12146 -5.5597e+00 3.5300e+00 -5.0931e+00
12147 -2.4703e+00 1.9069e+00 -9.2143e+00
12148 -6.1610e+00 1.5879e+00 -3.5934e+00
12149 -2.3599e+00 -4.6801e-01 -5.8561e+00
12150 9.3159e-01 -1.1248e+00 -6.8559e+00
12151 -7.0161e+00 3.3054e+00 -9.3874e+00
12152 -9.0936e+00 2.8740e+00 -8.6342e+00
12153 -2.7799e+00 7.4159e+00 2.3329e-01
12154 -3.2803e+00 5.3865e+00 -9.3071e+00
12155 -5.5879e+00 -2.3483e+00 1.1156e+01
12156 1.1293e+00 -3.4759e+00 -9.3819e+00
12157 -3.6434e+00 1.5300e+00 3.9209e+00
12158 -1.8756e+00 -3.4864e+00 -9.3863e+00
12159 -2.8712e+00 -6.5999e-01 2.0993e+00
12160 -8.1732e-01 -7.4946e-01 -9.3235e+00
12161 -6.5123e+00 -2.1240e-02 -8.7995e+00
12162 -6.9016e-01 2.9625e+00 5.9080e+00
12163 -1.0636e+00 -3.9965e+00 -9.1315e+00
12164 -3.8346e+00 -5.6631e-01 -7.5840e+00
12165 -4.5668e+00 -2.0973e+00 -7.1537e+00
12166 -6.1080e+00 -7.4924e-01 1.6455e+01
12167 3.1386e+00 4.1113e+00 1.6674e+01
12168 -4.7981e+00 6.1490e+00 1.8728e+01
12169 -8.9327e-01 -2.5762e+00 1.1520e+01
12170 4.6296e+00 4.0915e+00 1.0916e+01
12171 -4.5805e+00 2.7674e+00 -7.0047e+00
12172 1.9825e+00 -9.0459e-01 -6.0189e+00
12173 -5.8631e+00 -2.8090e+00 -1.2646e+00
12174 2.5757e+00 1.9664e+00 -4.9948e+00
12175 2.2868e+00 1.5302e+00 1.8773e+01
12176 -2.5673e+00 -3.7402e+00 -2.7393e+00
12177 -2.0985e+00 1.9448e+00 -6.6228e+00
12178 -7.5225e-01 1.6794e-01 -8.5411e+00
12179 -9.2900e-01 -5.7835e+00 -9.3885e+00
12180 -4.8133e+00 -1.7094e+00 -1.6476e+00
12181 -3.4352e+00 -4.6973e+00 -8.1530e+00
12182 -1.5095e+00 2.0617e+00 -9.3879e+00
12183 -4.4428e+00 2.8092e+00 -3.2321e+00
12184 2.2233e+00 4.3793e+00 -8.9033e-01
12185 -6.8051e+00 3.3835e+00 -4.7984e+00
12186 -4.0777e+00 -1.4120e+00 -2.2465e+00
12187 -1.4855e+00 8.3905e-04 -9.1930e+00
12188 -1.1467e+00 -2.4510e+00 -9.3736e+00
12189 -1.6003e+00 1.2248e+00 -8.1758e+00
12190 -4.7084e+00 2.1332e+00 -8.3488e+00
12191 -7.4821e+00 1.7984e+00 -6.4210e+00
12192 -3.0035e+00 -2.7982e+00 4.0078e+00
12193 -3.7641e+00 -3.5346e+00 -4.7545e+00
12194 -4.2709e+00 -8.4982e-01 -4.7274e+00
12195 -8.0561e-01 9.1109e-01 -6.9006e+00
12196 -4.2750e+00 4.1336e-01 -9.0571e+00
12197 -4.8372e+00 4.2793e+00 -8.2690e+00
12198 2.7383e+00 2.0964e+00 -3.7527e+00
12199 3.2402e+00 1.3138e+00 8.7515e+00
12200 -4.2478e+00 -2.3741e+00 -6.0792e+00
12201 -2.5364e+00 1.7156e+00 -9.3823e+00
12202 -1.2148e+00 -2.4074e+00 -7.8490e+00
12203 -4.5093e+00 3.0051e+00 -3.7613e+00
12204 -4.2242e+00 3.1487e+00 5.8382e-01
12205 -2.7489e+00 3.4533e-01 -6.0317e+00
12206 -3.5790e+00 1.6967e-01 -6.6993e+00
12207 1.9009e+00 -1.7264e+00 -7.5407e+00
12208 -2.9320e+00 5.5765e+00 -9.3861e+00
12209 2.2632e+00 -2.1925e+00 4.3440e+00
12210 -2.7745e+00 2.1172e+00 -8.0637e+00
12211 1.9138e+00 2.9746e+00 -9.0807e+00
12212 -7.5281e+00 -8.0230e-01 -9.3668e+00
12213 -2.9191e+00 -3.6326e+00 1.7572e+01
12214 -1.0066e+00 -5.3093e-01 -7.9613e+00
12215 -2.6986e+00 -1.9356e+00 1.7829e+01
12216 -1.3298e+00 -3.1302e-01 1.8469e+01
12217 -3.7218e+00 3.4513e+00 1.8313e+01
12218 -7.0541e+00 -1.3996e+00 1.2197e+01
12219 -4.4822e+00 6.1901e-01 1.7135e+01
12220 -1.6995e+00 2.8185e+00 1.8379e+01
12221 -2.9996e-01 -1.4675e+00 1.8622e+01
12222 -7.1015e+00 -2.8624e+00 1.8229e+01
12223 -7.3016e+00 -1.6707e+00 1.8730e+01
12224 -6.1927e+00 4.1641e-01 -2.9057e-02
12225 -2.2369e+00 6.9307e-01 -6.5882e+00
12226 -3.7307e+00 9.5457e-01 1.8319e+01
12227 -2.6809e+00 -5.5327e-01 1.7923e+01
12228 2.1465e+00 -6.3801e-01 1.8108e+01
12229 -4.9651e+00 8.3192e-01 1.7941e+01
12230 -6.6704e+00 -4.1985e+00 1.8706e+01
12231 -1.5510e+00 1.1558e+00 8.0159e+00
12232 2.5767e+00 6.4468e-02 1.7640e+01
12233 -9.1070e-01 3.0985e+00 1.8310e+01
12234 7.7666e-01 1.2755e+00 1.7800e+01
12235 -3.2302e+00 -5.0043e+00 1.2126e+01
12236 -4.2956e+00 3.0132e-01 2.9925e+00
12237 -4.3903e+00 -2.9094e+00 -5.4334e+00
12238 3.2314e+00 -1.8590e+00 1.3317e+00
12239 -2.6385e+00 4.2959e+00 -4.9494e+00
12240 -1.8506e+00 6.9337e-01 -9.3831e+00
12241 -3.1710e+00 -1.3493e+00 1.7807e+01
12242 1.4230e+00 -2.3967e+00 -8.6374e+00
12243 4.3249e-01 4.3112e+00 -4.3249e+00
12244 3.1337e+00 3.8776e+00 -2.4512e+00
12245 -2.9767e+00 2.8262e+00 -6.3962e+00
12246 -5.3753e+00 1.6658e+00 1.8144e+01
12247 1.9427e+00 -1.1013e+00 1.8215e+01
12248 -1.1074e+00 1.3559e+00 1.8606e+01
12249 -3.9005e+00 -1.0728e+00 1.5994e+01
12250 -1.9043e+00 -1.2426e+00 -1.2421e+00
12251 5.0719e-01 2.0186e+00 -3.9337e+00
12252 1.4067e+00 9.1010e-01 -9.1770e+00
12253 -8.2437e+00 -3.4175e-01 1.1156e+01
12254 1.3978e+00 -7.2184e-01 -5.9979e+00
12255 -1.0651e+00 2.7004e+00 -7.2247e+00
12256 7.5104e-01 2.6045e+00 8.7738e+00
12257 5.3564e-01 9.6092e+00 -2.2118e+00
12258 -3.9323e-01 -8.0521e-01 -4.4951e+00
12259 2.1720e+00 -3.1485e-01 -9.2567e+00
12260 -4.7147e+00 -1.9022e+00 -3.3147e+00
12261 1.8054e+00 -3.5535e-01 -8.0099e+00
12262 -3.0547e+00 2.3294e+00 1.6777e+00
12263 -3.8228e+00 5.5160e-01 5.9035e+00
12264 8.6573e-01 -2.2035e+00 -5.6973e+00
12265 -4.1725e+00 -1.6320e+00 -3.6845e+00
12266 -2.4855e+00 1.7010e+00 7.1240e+00
12267 -1.4144e+00 -2.3661e-01 -6.0539e-01
12268 -4.6114e+00 -9.1523e-01 1.0026e+01
12269 3.7121e+00 1.8721e+00 1.0262e+01
12270 -3.9451e+00 9.1781e-01 -8.9792e+00
12271 -2.3597e+00 5.7524e+00 3.5881e+00
12272 -4.7424e+00 2.3676e+00 7.8393e+00
12273 -2.2925e+00 9.9158e-01 7.4813e+00
12274 -6.5703e+00 1.5629e+00 8.1199e+00
12275 -1.2235e+00 5.4651e+00 -6.3444e-01
12276 1.8865e+00 6.4308e-01 7.4634e+00
12277 -2.1059e+00 4.5496e+00 5.5799e+00
12278 -2.1571e+00 4.9112e-01 5.8363e+00
12279 1.1866e+00 1.1129e+00 7.1531e+00
12280 3.8048e+00 4.6093e+00 -7.2794e-01
12281 -5.0551e+00 2.5513e+00 2.1103e+00
12282 -1.9939e+00 -1.5747e+00 9.9604e+00
12283 1.2936e-01 5.5014e+00 9.0216e+00
12284 -5.3076e+00 -1.0453e+00 6.5360e+00
12285 -1.7946e+00 -6.9253e-01 2.1739e+00
12286 -1.2621e+00 4.8990e-01 8.6371e+00
12287 1.0933e+00 -1.6123e+00 6.6281e+00
12288 1.5110e+00 3.4107e+00 2.3882e+00
12289 -6.2168e+00 5.8866e-01 -3.2825e-01
12290 -1.9706e+00 1.5003e+00 -7.4389e+00
12291 7.1791e-01 -5.3759e-01 9.9758e+00
12292 -4.1486e+00 5.4826e+00 8.5336e+00
12293 -9.3587e-01 -3.7828e-01 8.2432e+00
12294 -1.5186e+00 2.6918e+00 4.8005e+00
12295 -7.8401e+00 3.6900e+00 -7.5069e+00
12296 -1.7666e+00 5.1260e-01 5.7437e+00
12297 -1.6759e+00 1.4968e+00 9.4414e+00
12298 2.8322e+00 3.3561e+00 2.6971e+00
12299 -2.1921e+00 6.0766e+00 1.0009e+01
12300 3.0023e+00 1.7674e+00 5.7846e+00
12301 1.0036e-01 2.0501e+00 5.7436e+00
12302 -5.5725e-01 3.1980e+00 7.0345e+00
12303 -5.2152e-01 1.1533e-02 2.1516e+00
12304 4.7696e+00 -1.6425e+00 1.0094e+01
12305 3.2927e-01 2.2253e+00 1.0432e+01
12306 -5.7271e-01 8.3941e-02 4.6430e+00
12307 -3.7313e+00 -4.4109e-01 -5.0981e+00
12308 7.4435e-01 -1.9141e+00 -4.2354e+00
12309 -5.0377e+00 2.9253e+00 7.7873e+00
12310 -1.9785e+00 4.4656e-01 6.7052e+00
12311 -6.5290e-01 -1.8984e-02 1.9578e+00
12312 4.2362e-01 -1.6932e+00 4.8453e+00
12313 -3.6960e+00 7.4206e+00 6.6474e+00
12314 -2.3129e+00 -1.9160e+00 6.1965e+00
12315 -1.0960e+00 -1.4263e+00 7.1007e+00
12316 -1.5016e+00 2.7174e-01 3.0401e+00
12317 -1.0948e+00 -2.8528e+00 6.9972e+00
12318 -2.2205e+00 -2.5409e-01 3.8828e+00
12319 -1.6309e+00 3.8931e+00 2.9665e+00
12320 -2.2013e+00 2.2893e+00 8.6156e+00
12321 -4.7427e-01 2.3692e+00 4.1484e+00
12322 4.7723e+00 1.0058e+00 7.8271e+00
12323 -6.7396e+00 -1.1872e+00 1.1962e+01
12324 -4.3992e+00 2.1689e+00 1.4025e+01
12325 -1.2318e+00 -1.1316e+00 1.0064e+01
12326 -3.1940e+00 -6.2289e-01 6.4982e+00
12327 -2.6215e+00 -7.1803e-01 1.0113e+01
12328 -5.5793e-01 3.3074e-01 -1.5254e+00
12329 -2.6328e+00 5.4335e+00 5.1878e+00
12330 -1.7361e+00 2.6495e+00 -6.4358e+00
12331 -2.9826e+00 2.2045e+00 8.4433e+00
12332 -1.2709e+00 -9.1338e-01 7.6880e+00
12333 -4.6464e+00 4.4869e+00 1.5134e+01
12334 -4.0717e+00 1.2361e+00 1.3204e+01
12335 3.1468e+00 -3.8161e+00 1.1460e+01
12336 -3.2966e+00 3.1565e+00 8.1993e+00
12337 1.4344e+00 -3.6546e+00 7.6552e-01
12338 -7.2703e+00 2.0526e+00 5.4733e+00
12339 -5.4643e+00 3.1903e+00 5.5060e+00
12340 -1.6148e+00 2.9417e+00 5.0700e+00
12341 1.1241e+00 -1.6475e+00 1.1744e+01
12342 -1.4061e+00 1.3376e+00 6.4247e+00
12343 -1.8185e+00 1.4682e+00 -8.6262e-01
12344 -9.5449e-01 -1.9066e+00 6.5708e+00
12345 -4.1492e+00 -2.0573e+00 5.8458e+00
12346 -1.5632e+00 2.0828e+00 -2.1532e+00
12347 -3.0737e+00 1.5650e+00 1.8731e+01
12348 -5.3442e+00 2.5119e+00 1.6954e+01
12349 -1.0069e+00 -1.2897e+00 1.6928e+01
12350 -1.2749e+00 4.8974e+00 1.0971e+01
12351 -2.6146e+00 1.7328e+00 1.6293e+01
12352 -2.3195e+00 -2.8546e+00 1.0179e+01
12353 -2.2256e+00 6.8911e+00 1.8340e+01
12354 -3.5353e+00 -1.0559e+00 1.7163e+01
12355 3.8888e+00 -1.6355e+00 1.8566e+01
12356 2.1618e+00 -4.6665e+00 1.8763e+01
12357 8.1655e-01 -1.9397e+00 1.6948e+01
12358 6.5841e-01 -1.9161e+00 1.8063e+01
12359 -5.7433e+00 5.2654e-01 1.8696e+01
12360 -6.5727e+00 -1.3777e+00 1.8593e+01
12361 -1.9994e+00 -3.7833e+00 1.6730e+01
12362 -5.3608e+00 -7.9482e-01 1.6250e+01
12363 2.9212e+00 3.1220e+00 1.6413e+01
12364 -9.2034e-01 2.5380e+00 1.8220e+01
12365 -6.2436e+00 -3.5080e+00 1.8596e+01
12366 -1.1197e+00 -4.2862e-01 1.8421e+01
12367 3.9491e+00 2.1199e+00 1.7727e+01
12368 -3.5281e+00 1.0097e+00 9.8510e+00
12369 -2.5343e+00 7.8601e-01 1.7241e+01
12370 -4.2078e+00 2.9539e+00 9.4912e+00
12371 -3.6992e+00 7.1146e+00 6.3085e+00
12372 -2.4783e+00 1.0869e+00 9.3204e+00
12373 4.2945e+00 3.8202e-01 1.3302e+01
12374 -2.3466e+00 -1.8130e-01 9.3164e+00
12375 -1.5995e+00 4.1764e-01 8.9854e+00
12376 -6.6352e-01 5.9519e+00 4.5570e+00
12377 -2.3393e+00 2.3532e+00 8.6960e+00
12378 -5.5564e+00 -1.1805e+00 -4.0718e+00
12379 -6.4199e+00 8.6053e-01 -5.5452e+00
12380 -3.9528e+00 1.3653e+00 8.3881e+00
12381 -4.0974e+00 -3.1672e-02 1.2606e+01
12382 -4.2551e+00 7.7798e+00 4.9764e+00
12383 -2.1917e+00 -1.5841e+00 1.2106e+01
12384 9.0650e-01 7.9738e-02 7.3202e+00
12385 -1.2409e+00 -3.2000e+00 6.1607e+00
12386 -2.1033e+00 1.4998e-01 3.2265e+00
12387 -4.3416e+00 -3.4188e+00 7.8049e+00
12388 -2.9702e+00 2.2824e-01 2.9292e+00
12389 -3.0708e-02 4.4497e+00 8.4181e+00
12390 -5.7251e+00 3.0293e-01 -2.5675e+00
12391 -5.6611e+00 -2.3672e+00 1.1851e+01
12392 -4.3207e+00 3.0895e+00 2.6726e+00
12393 1.3171e+00 4.5555e+00 8.3502e-01
12394 -7.3416e+00 2.0268e-01 7.1609e+00
12395 -2.3343e+00 6.6120e-01 9.0551e+00
12396 4.7571e-01 -3.2213e-01 8.8688e+00
12397 3.1473e-01 -4.5329e+00 9.8614e+00
12398 -5.3993e-01 1.1879e+00 5.5713e+00
12399 -3.6745e+00 1.9793e-01 2.2420e+00
12400 -9.7004e-01 -7.8554e-01 1.0452e+01
12401 -4.5404e-01 3.4078e+00 1.4433e+00
12402 -2.0122e+00 4.0700e+00 -5.8061e-01
12403 -1.6147e+00 5.1666e+00 3.9757e+00
12404 -4.2906e+00 6.3469e+00 8.1356e+00
12405 -4.9797e+00 3.1094e+00 3.4673e+00
12406 -1.8760e+00 -4.7604e-01 9.4441e+00
12407 -1.6496e+00 1.3886e+00 -5.5818e+00
12408 1.7175e+00 2.7710e+00 4.3610e+00
12409 -2.6030e+00 1.7877e+00 5.8318e+00
12410 2.9637e-02 -6.0671e-01 -1.5730e+00
12411 -3.3666e+00 -1.7077e+00 4.2330e+00
12412 8.3249e-01 -1.7288e+00 -4.9889e+00
12413 -9.1941e-01 2.9545e+00 4.9440e+00
12414 1.1247e+00 -9.0393e-03 9.8030e+00
12415 -1.0023e+00 5.6538e+00 8.1556e-01
12416 3.8469e-01 2.3866e+00 1.0119e+00
12417 -4.9172e+00 8.4946e-01 8.6822e+00
12418 -4.6592e+00 -2.3001e+00 -2.2253e+00
12419 -1.3076e+00 1.9089e+00 9.3646e+00
12420 -4.5587e+00 -3.1095e+00 9.7107e+00
12421 -7.1465e+00 -3.3127e+00 1.0661e+01
12422 6.1574e-01 -1.0253e+00 1.0117e+01
12423 -5.2506e+00 4.2952e+00 2.3507e+00
12424 3.2688e+00 1.7146e-01 6.5244e+00
12425 -2.9201e+00 5.2721e-01 9.1519e-01
12426 -8.6258e+00 5.4636e-01 -9.1827e-01
12427 1.9558e+00 1.6112e+00 7.9555e+00
12428 -5.2642e+00 2.7232e+00 -3.1386e+00
12429 -2.8429e+00 -1.5513e+00 1.1432e+01
12430 -5.1664e+00 -1.0999e+00 6.5230e+00
12431 -2.1893e+00 1.7776e+00 -2.3321e+00
12432 -4.0553e+00 -3.8492e-01 -5.7747e+00
12433 -4.2701e+00 -4.2007e+00 -3.7666e+00
12434 1.9271e+00 2.6485e+00 9.8704e+00
12435 -7.1872e-01 -4.4582e+00 6.8718e+00
12436 1.4699e+00 -6.6143e-02 2.0915e+00
12437 -3.1880e+00 -1.6225e+00 5.0728e+00
12438 2.3312e+00 2.0842e+00 -1.3178e+00
12439 1.7846e-01 -6.3844e-01 6.7094e+00
12440 -3.1478e+00 3.5883e+00 1.1377e+01
12441 2.3936e+00 4.1537e+00 7.4815e+00
12442 -3.0899e+00 3.6262e+00 -6.3383e-01
12443 -6.8849e-01 3.2958e+00 -4.6446e+00
12444 -6.0467e+00 2.8903e-01 2.1747e+00
12445 3.3449e-02 -1.2771e+00 -1.7428e-01
12446 -4.9913e+00 1.9097e+00 7.7111e+00
12447 -4.7939e+00 -5.3041e-01 8.9696e+00
12448 -5.1803e+00 3.9691e-01 2.5086e+00
12449 -2.3191e+00 2.9296e+00 6.6526e+00
12450 -4.7662e-01 4.3525e-01 1.0951e+01
12451 -4.1835e-01 -3.8101e+00 2.7605e+00
12452 1.3524e+00 5.5802e+00 6.5642e+00
12453 -3.4792e+00 4.7407e+00 1.2166e+01
12454 -3.2746e+00 1.0942e+00 4.8273e+00
12455 -1.0078e+00 3.4531e+00 -9.3851e+00
12456 1.5487e-01 4.6403e+00 -4.0008e+00
12457 -1.7942e+00 1.8547e+00 1.9171e+00
12458 -3.1386e+00 5.1934e+00 -4.7948e+00
12459 -6.3221e+00 2.8910e+00 6.0913e+00
12460 -6.9878e-01 -6.4718e-01 7.7210e+00
12461 -5.9506e+00 1.9268e+00 -3.6523e+00
12462 -2.5941e+00 -7.6733e+00 -9.3539e+00
12463 -1.6099e+00 -4.6595e+00 -2.0178e+00
12464 -5.1495e-01 -2.9955e+00 -6.3875e+00
12465 -7.1244e-01 1.3496e+00 -4.3958e+00
12466 3.0879e+00 -1.6525e+00 -1.4721e+00
12467 -2.5039e+00 -5.2530e+00 2.3368e+00
12468 -2.5841e+00 -5.5086e+00 -2.2442e+00
12469 -8.1037e-01 -2.3317e+00 -6.2505e+00
12470 1.8743e+00 -4.7418e+00 -5.8605e+00
12471 -8.2077e-01 -3.1640e-01 -4.9275e-01
12472 -9.0864e-01 -2.9445e+00 -7.8559e+00
12473 -3.7687e-01 -5.6518e+00 -6.2223e+00
12474 1.8946e-01 -3.8471e+00 -2.8652e+00
12475 -1.6580e+00 -4.1515e-01 7.0444e+00
12476 -3.9630e+00 -5.0198e+00 -2.1982e+00
12477 1.0961e+00 -9.1837e+00 4.1027e-01
12478 -4.5878e-01 -4.4963e+00 -4.4286e+00
12479 -7.9517e-01 -8.1680e+00 -6.7326e+00
12480 -3.5752e+00 -4.4205e+00 -1.0120e+00
12481 3.7772e+00 -3.3819e+00 -3.8103e+00
12482 -1.7313e+00 -4.2006e+00 -9.3283e+00
12483 2.5349e-02 -5.1127e+00 -3.2442e+00
12484 -2.6422e-01 5.2668e-01 -5.7780e+00
12485 7.1410e-01 -6.5263e+00 3.8066e+00
12486 -4.0471e+00 -7.6747e+00 -8.9484e+00
12487 -1.9859e+00 5.8865e-01 6.9139e-01
12488 3.4206e+00 2.6367e+00 -8.0416e+00
12489 -2.2996e-01 -2.5391e+00 -6.9333e+00
12490 -5.8213e+00 6.1630e-01 -5.3607e+00
12491 -1.7111e+00 1.0787e+00 -5.9436e+00
12492 -6.5105e-01 -6.6663e-01 2.4897e+00
12493 -2.8085e+00 -7.5049e-01 -2.2126e+00
12494 -6.9626e+00 -9.7687e-01 -8.0548e+00
12495 -2.5044e+00 2.2225e+00 -7.8459e+00
12496 1.0457e+00 -1.4041e+00 -6.8923e+00
12497 -2.8721e+00 -4.1307e+00 -3.3963e+00
12498 -2.4770e+00 1.2288e+00 -9.4416e-01
12499 -3.6385e+00 1.6140e+00 -8.3863e-01
12500 5.5158e-01 -8.5048e+00 -4.3879e+00
12501 -1.0113e-01 -3.1405e+00 -7.1732e+00
12502 -2.3771e-01 1.6901e+00 -9.0628e+00
12503 -1.0951e+00 6.4414e+00 -2.9087e+00
12504 2.9387e-03 -2.6568e+00 -1.0818e+00
12505 -4.8327e+00 -7.4333e+00 -5.3586e+00
12506 -4.5166e+00 -2.5211e+00 -7.1382e+00
12507 7.2527e-01 6.3924e-01 -9.3571e+00
12508 -5.8204e+00 1.6190e+00 -4.2065e+00
12509 -1.0266e+00 5.5194e-03 -3.4082e+00
12510 -2.6675e+00 -1.1390e+00 7.3587e+00
12511 -4.6067e+00 -8.2414e-01 1.2648e+01
12512 1.4134e-01 -1.9327e+00 9.6672e+00
12513 -2.8666e+00 4.1565e+00 3.2070e-01
12514 -2.0589e+00 -2.8833e+00 5.2299e+00
12515 2.2071e+00 -5.1700e+00 8.4444e+00
12516 -5.8636e+00 -4.3540e+00 1.6907e+00
12517 -1.6050e+00 -4.0187e+00 -7.7309e-01
12518 -3.6790e+00 -2.6479e+00 9.1671e+00
12519 3.2982e+00 6.7158e-01 6.6182e+00
12520 -8.9021e+00 -6.0275e-01 2.2786e+00
12521 -2.8651e+00 8.7534e-01 6.5577e+00
12522 -7.3593e+00 -4.2351e+00 1.0435e+01
12523 3.3300e+00 -5.2864e-01 1.4195e+00
12524 -4.1463e+00 -5.2585e+00 -5.2703e+00
12525 -3.3426e+00 -7.1725e-01 1.0583e+01
12526 -1.3752e+00 -6.2523e+00 4.3803e+00
12527 -1.3537e+00 -2.0423e+00 8.8727e+00
12528 -8.3375e+00 5.2079e+00 3.7908e+00
12529 -8.9618e-01 3.7506e+00 1.8043e+00
12530 -5.7105e-01 1.7350e+00 -3.7925e+00
12531 -6.8778e+00 7.3658e-01 1.1352e+01
12532 1.0044e+00 -2.3775e+00 1.7949e+01
12533 -1.4974e+00 3.6975e+00 -6.7988e+00
12534 -1.0049e+00 7.2213e-01 1.1605e+01
12535 -3.0301e+00 3.0938e+00 2.2013e+00
12536 2.1784e+00 1.7450e+00 -2.8521e+00
12537 -5.2286e-01 2.8012e+00 -3.7765e+00
12538 -3.8955e+00 3.2989e+00 -7.0822e+00
12539 2.9600e+00 -5.8239e-01 -9.3092e+00
12540 -4.4959e+00 1.5304e+00 -3.4166e+00
12541 3.0580e+00 -2.2834e+00 -1.6138e+00
12542 4.0680e+00 -1.6652e+00 3.3587e+00
12543 -1.5512e+00 -3.3432e-01 1.1078e+01
12544 -4.1558e-01 -1.7441e+00 -1.2555e+00
12545 -3.9258e+00 -1.8369e+00 7.8151e+00
12546 -3.3496e+00 -3.6963e+00 8.9258e+00
12547 -2.0609e+00 -2.3463e+00 7.5559e+00
12548 -8.2519e+00 -6.5073e+00 8.9448e+00
12549 -1.3067e+00 2.4602e+00 5.1373e+00
12550 -4.4480e+00 -2.0691e+00 -6.4617e+00
12551 -6.2292e+00 -3.2340e+00 -4.1475e+00
12552 2.1050e+00 2.2601e+00 -2.9807e+00
12553 -5.8192e+00 1.7008e-01 -4.8900e+00
12554 -1.2106e+00 1.5969e+00 8.1344e-02
12555 1.1470e-01 2.9102e+00 -1.1867e-01
12556 5.3777e+00 -7.3426e-01 6.9881e+00
12557 1.6700e+00 -5.2722e+00 4.2427e+00
12558 -1.5143e+00 -2.5294e+00 2.4348e+00
12559 2.3938e+00 -5.1298e+00 -9.1891e+00
12560 -1.4970e+00 -6.7577e+00 -7.2246e+00
12561 -3.0320e+00 -4.0272e+00 -8.2905e+00
12562 1.2487e+00 3.7365e+00 3.8408e+00
12563 -1.0873e+00 -5.8379e+00 1.9141e+00
12564 -1.7575e+00 -3.5649e+00 9.4775e+00
12565 -4.6691e+00 -3.5218e+00 5.1806e+00
12566 -6.7752e-01 2.8704e+00 -2.6755e+00
12567 -1.2775e+00 -2.4158e+00 -9.3885e+00
12568 -2.2441e+00 -2.9755e-01 -9.3291e+00
12569 -1.6075e+00 -1.5184e-01 -8.8463e+00
12570 -1.2638e+00 -4.2296e+00 -9.3884e+00
12571 -2.2207e+00 7.6073e-02 -2.2137e+00
12572 1.5600e+00 -5.8390e+00 -6.7628e+00
12573 3.3100e+00 -4.8480e+00 4.8769e+00
12574 -1.6310e+00 -3.9427e+00 3.4267e-01
12575 5.9026e-01 -1.0051e+00 8.4742e+00
12576 -2.2748e+00 8.7197e-01 -9.2693e+00
12577 -5.9576e+00 1.4027e+00 -4.2988e+00
12578 -2.7749e+00 -3.1415e+00 -9.3562e+00
12579 4.0331e+00 -6.2593e+00 -5.8677e+00
12580 -2.1959e+00 8.9283e-01 -8.8753e+00
12581 -2.7918e+00 1.4530e+00 -8.9286e+00
12582 -4.2254e+00 8.6715e-01 -9.3835e+00
12583 -1.3284e+00 -3.0597e+00 -3.0761e+00
12584 -2.4408e+00 -2.0980e+00 -9.3739e+00
12585 -7.9109e-01 -7.3775e+00 -4.0653e+00
12586 -3.3170e+00 -6.1774e+00 -9.2307e+00
12587 -3.0909e+00 -1.5168e+00 -8.0396e+00
12588 4.1380e+00 5.0170e+00 -5.0730e+00
12589 1.3158e+00 -5.6524e+00 -7.7228e+00
12590 -4.8386e+00 -2.5395e+00 -3.6185e-01
12591 1.6780e+00 1.1211e+00 -1.2335e+00
12592 -1.8492e+00 -6.5884e+00 -5.9273e+00
12593 -2.9140e+00 -2.0652e+00 -8.4048e+00
12594 4.9903e+00 -7.2340e+00 -8.0168e+00
12595 -1.3549e+00 -7.8015e+00 -5.8457e-01
12596 4.2686e-01 -2.0396e-01 -6.3826e+00
12597 -1.9425e+00 -6.8534e-01 8.5716e-01
12598 1.8151e-01 -2.4960e+00 -4.3751e-01
12599 -3.0607e+00 -1.7904e+00 -9.3236e+00
12600 3.6047e+00 -3.7057e+00 -6.8838e+00
12601 -7.9991e+00 -1.5376e-02 3.0356e+00
12602 2.6833e+00 -2.2775e-01 -5.6801e+00
12603 1.3566e+00 6.9330e+00 -3.6384e+00
12604 1.7319e+00 5.0569e+00 3.3484e-01
12605 3.4169e+00 1.3189e+00 1.4693e+00
12606 -1.6130e+00 -8.2941e-02 -2.5399e+00
12607 -3.5054e+00 2.5455e+00 1.6696e+00
12608 -1.7412e+00 -3.3639e-01 -1.9089e+00
12609 2.6132e+00 7.8119e+00 1.4658e+00
12610 -6.5581e-01 4.6405e-01 1.6730e+00
12611 -4.3540e+00 1.2443e+00 1.1777e+00
12612 -8.9245e-01 -4.0257e-01 5.8673e+00
12613 -1.9434e+00 5.3232e+00 1.3871e+00
12614 1.6054e-01 3.0109e+00 -2.9839e+00
12615 -9.7778e-01 -8.4089e-01 -7.9966e+00
12616 3.7098e+00 1.3245e+00 -4.4420e+00
12617 5.3532e+00 -7.9634e-01 -6.8701e+00
12618 5.2351e-01 4.3829e+00 -5.8355e+00
12619 1.5324e+00 1.9190e+00 -4.9437e+00
12620 -6.3217e-01 4.4887e+00 -4.2593e-01
12621 -2.2463e+00 -1.7468e+00 -4.1020e+00
12622 -2.7232e+00 2.9567e+00 -1.2844e+00
12623 -1.1460e+00 3.7109e+00 -2.3932e+00
12624 -3.7693e-01 9.1250e+00 -1.3685e+00
12625 -2.7401e+00 -4.5438e-01 -8.5539e-01
12626 5.8413e+00 2.7744e+00 -3.1728e+00
12627 7.1032e+00 3.0487e+00 -6.5915e+00
12628 -1.4685e+00 2.3879e+00 -6.6095e-01
12629 -2.0413e+00 4.1107e+00 -2.7395e-02
12630 -1.0211e+00 4.4549e+00 -7.4089e+00
12631 8.4706e-01 3.3786e+00 -2.2379e+00
12632 -1.9472e+00 -8.3469e-01 1.4050e+00
12633 1.3836e+00 7.1911e-01 4.4203e+00
12634 -6.3321e-01 4.8642e+00 -5.3118e+00
12635 -3.6943e+00 -2.4164e+00 -5.9029e+00
12636 3.3674e-01 4.5351e+00 -4.6718e+00
12637 -4.4105e+00 1.4184e-01 3.0474e+00
12638 -4.1121e+00 -2.0437e+00 -4.5142e+00
12639 -1.5895e-01 -6.0636e-01 1.5101e+00
12640 3.9033e+00 2.9816e+00 -7.4160e+00
12641 -2.5639e+00 2.5974e+00 3.5808e+00
12642 9.2902e-01 5.4439e-01 -1.2103e+00
12643 1.7200e+00 4.6171e+00 1.7810e+00
12644 6.6619e-01 4.7103e+00 -3.9477e+00
12645 3.3191e+00 6.2611e+00 -3.1315e+00
12646 1.0376e+00 4.8344e+00 -7.1306e-01
12647 3.3952e-02 4.2427e+00 5.2040e+00
12648 -2.2064e+00 1.4012e+00 -3.8443e+00
12649 8.3162e-01 1.1910e-02 -4.4868e+00
12650 -3.2395e+00 3.9517e+00 -1.0912e+00
12651 2.0873e+00 1.0206e+00 5.6409e-01
12652 -4.0399e+00 2.0792e+00 -7.6961e+00
12653 -1.6086e+00 3.1467e+00 -1.6255e+00
12654 1.1359e+00 2.8765e+00 -2.9867e+00
12655 1.1975e+00 5.3477e+00 -5.7854e+00
12656 5.3039e+00 -9.0136e-01 1.0671e+00
12657 3.3734e+00 2.7654e+00 3.2738e+00
12658 -1.3193e-02 2.4795e+00 -2.7426e+00
12659 -4.1557e+00 -9.5458e-01 -1.7123e-01
12660 -2.0035e+00 -1.5778e+00 -5.0604e+00
12661 3.0812e+00 3.2838e+00 -5.2226e+00
12662 -1.0621e+00 1.8723e-01 1.0922e+00
12663 -3.9869e-01 -5.5188e+00 -5.9990e+00
12664 4.7131e+00 1.5617e+00 1.0133e+01
12665 2.8411e+00 -5.6427e+00 -7.2259e+00
12666 6.5839e-01 -7.3220e+00 -5.7423e+00
12667 -3.2664e+00 -4.9786e+00 9.2677e-01
12668 2.6729e+00 -1.9036e+00 -7.7208e+00
12669 -5.9232e-02 -6.8856e-01 -4.3004e+00
12670 2.1143e+00 -1.7566e+00 -5.7522e+00
12671 8.1968e-01 1.9435e+00 -9.3116e+00
12672 -7.1433e+00 3.0408e+00 -6.9568e+00
12673 -3.3793e+00 -1.8888e+00 -6.4953e+00
12674 6.5636e-01 1.4901e+00 -5.0150e+00
12675 -4.0468e+00 -2.8761e+00 -6.5189e+00
12676 -2.0724e+00 -4.0989e-01 -7.6929e+00
12677 2.9752e+00 -6.2202e-01 -4.8199e+00
12678 2.5086e-01 -7.5706e-01 3.6796e+00
12679 -1.1094e+00 -1.4835e+00 9.7747e+00
12680 -3.6955e+00 1.9946e+00 7.2701e-01
12681 -4.8835e+00 8.5448e-01 2.8036e-01
12682 3.1611e+00 -4.6994e-01 5.5740e+00
12683 -4.0015e+00 -6.0844e+00 5.9516e+00
12684 1.5142e+00 -6.7849e+00 3.7547e+00
12685 1.6645e+00 4.9228e+00 8.0873e+00
12686 -2.3026e+00 -4.4742e+00 1.0658e+01
12687 -3.0246e+00 -4.0793e+00 7.9978e+00
12688 -2.5428e+00 -6.8764e+00 8.9686e+00
12689 -3.7352e+00 -1.0138e+00 1.2090e+01
12690 -3.6355e+00 5.0142e-01 4.3257e+00
12691 -8.8347e-01 -3.4427e+00 7.5454e+00
12692 -3.4735e+00 -1.8508e+00 8.5029e+00
12693 3.4239e-01 -4.5127e+00 7.1709e+00
12694 -4.8014e-01 -2.1879e+00 1.6078e-01
12695 -1.5170e+00 2.1276e+00 -9.3665e+00
12696 -2.1148e+00 1.9340e+00 -8.9204e+00
12697 -3.4301e+00 1.1840e+00 3.0544e+00
12698 -3.5130e+00 1.8851e+00 3.4655e+00
12699 -4.9490e+00 2.8951e+00 5.7999e+00
12700 -3.1192e+00 -1.6290e-01 4.7766e+00
12701 -4.3705e+00 1.9997e+00 4.3683e+00
12702 -6.3786e+00 -2.9709e+00 -6.8440e+00
12703 1.2163e+00 -4.6878e-01 2.0859e+00
12704 -3.5024e+00 7.9119e-01 5.9561e+00
12705 1.3619e+00 5.9783e+00 3.4888e+00
12706 -6.5061e+00 2.0816e+00 1.0528e+01
12707 -2.9290e+00 4.1211e+00 -3.5248e+00
12708 -2.6926e+00 3.8467e+00 -4.4396e+00
12709 -3.8365e+00 -5.1176e+00 5.9359e+00
12710 -2.1150e+00 5.4426e+00 8.7385e+00
12711 1.2238e+00 -8.6939e+00 4.4132e+00
12712 -9.4284e-01 -6.0675e+00 6.7184e+00
12713 -4.2998e+00 -2.9500e+00 -6.0160e+00
12714 -3.3286e+00 -3.3534e-01 -3.7208e+00
12715 -1.7524e+00 1.1490e+00 -5.6850e+00
12716 -4.9457e+00 -2.5320e+00 4.2284e+00
12717 -3.1282e+00 -3.3572e-01 1.0451e+01
12718 1.3971e+00 4.5577e+00 8.3570e-01
12719 -1.1475e+00 -2.0691e-01 3.4559e+00
12720 -5.6045e+00 -5.3095e-01 9.8731e-01
12721 -4.2798e+00 3.8247e+00 -5.5833e+00
12722 1.0471e-01 -1.1586e-01 -2.3056e+00
12723 -1.9679e+00 -3.8245e+00 -3.8248e+00
12724 -4.9252e+00 2.7278e+00 8.7855e+00
12725 -1.6256e+00 -1.1485e+00 3.9912e+00
12726 -7.6298e-01 -2.9095e+00 6.9878e+00
12727 3.3568e+00 -7.4760e+00 8.6791e+00
12728 -2.3264e+00 -1.0562e+00 5.8221e+00
12729 -3.5173e+00 -2.7996e+00 4.5848e+00
12730 -7.8055e-01 -6.7172e+00 6.0376e+00
12731 -3.6707e+00 -6.7703e+00 3.6984e+00
12732 -5.5272e-01 1.0849e+00 9.2823e+00
12733 -4.6826e+00 -5.7013e+00 -1.8489e+00
12734 4.0828e-01 5.5233e-01 -2.2374e+00
12735 -2.9174e+00 3.4066e+00 5.0989e+00
12736 -1.2697e-01 4.3464e-01 1.6745e-01
12737 -2.8763e+00 -4.2309e+00 2.1282e+00
12738 -2.1637e+00 -2.5811e+00 1.7152e+00
12739 -2.8973e+00 -4.5592e+00 -8.7381e+00
12740 -4.3821e+00 2.5105e+00 -8.3384e+00
12741 -1.5749e-01 -2.4232e+00 -2.2825e+00
12742 3.5754e+00 -1.2122e+00 5.1554e+00
12743 -2.0149e+00 -4.4690e+00 -5.2944e+00
12744 -9.0595e-01 -1.8333e+00 -6.5764e+00
12745 -6.6205e-01 2.8454e-01 -8.8153e+00
12746 3.1389e+00 -3.5444e+00 -7.8058e+00
12747 2.7739e-01 -2.4521e+00 -9.3882e+00
12748 2.2946e+00 5.0579e+00 1.9877e+00
12749 -1.2727e+00 2.1050e+00 4.8714e+00
12750 -2.5812e+00 -5.0557e+00 1.0032e+01
12751 -4.5754e+00 -4.6557e+00 6.9229e+00
12752 -3.9365e+00 2.3998e+00 6.9716e+00
12753 1.0615e+00 9.5232e-01 1.5583e+01
12754 7.7932e-01 -1.4059e+00 -2.7084e+00
12755 -1.0073e+00 -5.0037e+00 6.8938e+00
12756 -4.0593e+00 5.8986e-01 8.0764e+00
12757 -3.6605e+00 1.6366e+00 6.4032e+00
12758 -3.9412e+00 -9.8765e-01 1.8671e+01
12759 1.8607e+00 4.3222e-02 1.8347e+01
12760 -4.1324e+00 -6.3042e+00 1.7834e+01
12761 -2.2309e+00 -1.6965e+00 1.8461e+01
12762 -2.1729e+00 -4.7119e+00 1.5736e+01
12763 8.5027e+00 1.3013e+00 1.5448e+01
12764 5.7461e+00 -5.5927e+00 1.8592e+01
12765 -2.4599e+00 -1.8857e+00 1.6144e+01
12766 2.2944e+00 -1.5998e+00 1.8194e+01
12767 -3.9103e+00 -1.1969e+00 4.3302e+00
12768 -2.9190e+00 -6.8372e+00 -9.0828e+00
12769 -6.1137e+00 -2.6570e+00 -8.4639e+00
12770 -7.0551e+00 -7.5653e+00 -6.9273e-03
12771 2.6843e+00 -5.9561e+00 -4.7691e+00
12772 -4.3350e+00 -3.5053e+00 -9.1749e+00
12773 -1.7454e+00 -7.2637e+00 -9.2363e+00
12774 2.6097e+00 -7.3472e+00 -9.0171e+00
12775 -1.0362e-01 -2.4151e+00 -4.8228e+00
12776 -8.2338e-01 -4.7910e+00 -5.3908e+00
12777 6.2011e+00 -3.8974e+00 -9.1389e+00
12778 -4.7167e+00 5.1021e-01 -9.0529e+00
12779 -1.4614e-01 2.6080e-01 -8.0043e+00
12780 -2.4801e+00 -3.3001e-01 1.0288e+01
12781 -2.8300e+00 4.7025e+00 -6.9602e+00
12782 -2.6991e+00 -1.8044e+00 -6.9061e+00
12783 1.4654e+00 1.2162e+00 1.3320e+00
12784 -2.1189e+00 -1.0220e+00 1.7611e+01
12785 -8.2320e-01 -8.4817e-02 1.8425e+01
12786 -3.5581e-02 2.1234e+00 -4.9173e+00
12787 -2.7715e+00 -6.7281e+00 1.0583e+01
12788 -1.3604e+00 1.1428e+00 9.0308e+00
12789 2.8226e+00 -2.4697e+00 3.2195e+00
12790 -4.6257e-01 -3.6617e+00 -7.8762e+00
12791 -1.2487e+00 -1.4152e+00 -8.7633e+00
12792 -1.1213e+00 3.6993e+00 -7.9924e+00
12793 -1.8031e+00 2.5617e+00 -8.2475e+00
12794 -4.1974e-01 -4.1967e+00 -8.3839e+00
12795 -5.8260e+00 5.5559e+00 -9.1330e+00
12796 1.4887e+00 9.3204e-01 -7.0813e+00
12797 -4.9303e+00 -4.4837e+00 -4.5097e-01
12798 2.8349e+00 -2.2467e+00 1.0488e+01
12799 -3.1978e+00 -5.2447e+00 8.8800e-01
12800 -1.9063e+00 -4.6148e-01 2.3816e+00
12801 -6.7544e+00 -8.8068e-03 -1.8128e+00
12802 -4.4348e+00 -3.8742e+00 1.0846e+01
12803 -4.2978e+00 1.6624e+00 2.6766e+00
12804 -4.1926e+00 -6.0732e+00 7.6651e+00
12805 -4.0619e+00 1.3393e+00 7.2722e+00
12806 -3.6900e+00 -1.7427e+00 -8.8103e+00
12807 -1.2255e+00 -6.5310e+00 5.9098e+00
12808 -4.6927e+00 6.2136e-01 9.5820e+00
12809 -5.9059e-01 8.5127e-01 4.9257e+00
12810 2.0660e+00 -5.3732e-02 3.7934e+00
12811 -3.8439e+00 -5.3316e+00 3.0629e+00
12812 -6.0783e+00 -5.5145e+00 -8.7133e+00
12813 -2.3628e+00 -3.4264e+00 5.8859e+00
12814 1.3198e+00 4.9607e+00 6.2255e+00
12815 -5.1125e+00 -8.0386e+00 1.1173e+01
12816 -3.0271e+00 -5.0666e-02 8.1001e+00
12817 -4.2867e+00 -6.7744e-01 6.8008e+00
12818 -3.8999e-01 -2.0329e+00 4.0475e+00
12819 -3.3571e+00 -5.3959e-01 -8.4538e+00
12820 -3.4590e-01 7.0312e-01 -3.7074e+00
12821 -3.2181e+00 -5.1782e+00 -8.2589e+00
12822 6.9059e-02 4.9860e-01 -8.7181e+00
12823 -5.2803e+00 8.0823e-01 -5.7666e+00
12824 1.8231e+00 1.9738e-01 -9.0507e+00
12825 -4.1149e+00 -4.9974e+00 -8.4879e+00
12826 -2.5362e+00 -3.1533e+00 -9.3824e+00
12827 -1.0197e+00 1.0044e+00 -7.6333e+00
12828 -1.5817e+00 4.1480e+00 -7.7068e+00
12829 -1.5325e+00 1.1295e-01 -8.2488e+00
12830 -2.9626e+00 -6.9665e+00 -9.3464e+00
12831 -2.9554e+00 -2.1364e+00 -6.8364e+00
12832 -1.3350e+00 -2.0285e+00 -9.1113e+00
12833 -8.6922e-02 3.1464e+00 -9.2924e+00
12834 -3.1408e+00 -5.3581e+00 -8.9429e+00
12835 -1.9934e+00 -1.7799e+00 -8.2756e+00
12836 -8.7074e-01 -2.0935e+00 -8.9073e+00
12837 -1.8152e+00 -1.2040e+00 -8.4447e+00
12838 -2.8139e+00 -4.7417e+00 -9.0411e+00
12839 -4.3459e+00 -1.9910e+00 -6.1683e+00
12840 4.2159e+00 -1.9445e+00 -9.2597e+00
12841 -4.2106e+00 -7.7232e+00 -6.8174e+00
12842 6.0029e+00 1.9960e+00 -8.4030e+00
12843 1.8816e+00 -6.6361e-01 -5.0189e+00
12844 2.7103e+00 -3.0853e+00 -8.5543e+00
12845 -8.7464e-01 3.2426e+00 -8.9008e+00
12846 -1.4865e+00 -8.0418e-01 -9.1531e+00
12847 1.3839e-01 -3.2103e+00 -4.6966e+00
12848 -1.3561e+00 -3.7193e+00 -8.2787e+00
12849 -4.9413e-01 -2.7884e+00 -8.2118e+00
12850 -4.1875e+00 -2.3960e+00 -6.2259e+00
12851 -2.5487e+00 2.2538e+00 -9.0412e+00
12852 -2.7738e+00 -4.7954e+00 -9.2531e+00
12853 -8.1072e+00 -8.1995e-01 -8.3766e+00
12854 -2.4923e+00 -5.2432e+00 -5.1987e+00
12855 3.9872e-01 -1.7377e+00 1.1243e+01
12856 -3.9036e+00 -3.9936e+00 3.6505e-01
12857 -3.4660e+00 -2.0977e+00 -9.3427e+00
12858 -5.5684e+00 5.7152e-01 5.5808e+00
12859 -1.1447e+00 3.6103e+00 7.1960e+00
12860 -3.2949e+00 2.7158e+00 3.9349e+00
12861 5.8684e-01 2.0169e-02 9.9537e+00
12862 -1.0971e+00 -4.4559e+00 8.9445e+00
12863 -1.5390e+00 -7.4772e-01 1.0842e+01
12864 2.1977e+00 -3.7393e+00 -5.8596e+00
12865 2.2358e+00 -2.9681e+00 -4.2207e+00
12866 8.9961e-01 -3.9609e+00 -6.5973e+00
12867 -3.2484e+00 1.9672e-01 1.3112e+00
12868 9.4528e-01 1.0456e+00 6.3465e+00
12869 -3.8318e+00 -8.1217e+00 -4.4814e+00
12870 -2.8971e+00 -6.6640e+00 -3.8983e+00
12871 -2.1599e+00 1.8270e+00 -4.2436e+00
12872 -5.7426e+00 1.8930e-01 1.0793e+01
12873 2.0155e+00 -4.6813e-01 -4.2795e+00
12874 1.0706e-01 -2.4565e+00 7.2388e+00
12875 3.0810e+00 -1.5208e-01 -2.7853e+00
12876 -2.7572e+00 -5.2356e+00 -5.9076e+00
12877 -4.7045e+00 -5.4400e-01 -7.1749e+00
12878 -1.9228e+00 -2.8897e+00 -6.1713e+00
12879 -3.8680e+00 -3.9437e+00 -5.3457e+00
12880 -7.4862e+00 7.7504e-01 5.6446e+00
12881 1.0489e+00 2.3630e+00 -4.7580e+00
12882 -3.7749e+00 1.1516e+00 -5.1881e-01
12883 -3.1350e+00 -4.6482e-01 -7.2269e+00
12884 2.3700e-01 2.2045e+00 -7.5990e-01
12885 -3.8231e+00 -1.8092e+00 -4.3534e+00
12886 -4.8300e-01 6.7591e-01 -9.3649e+00
12887 -3.0579e+00 1.6470e-01 1.3841e+00
12888 -9.3842e-01 2.9806e+00 -5.8225e+00
12889 -5.1701e+00 1.4351e+00 -8.8568e+00
12890 -5.0386e+00 3.7674e+00 -3.9181e+00
12891 -6.4162e-01 -5.7392e-01 3.6238e+00
12892 -5.2200e+00 -1.5429e+00 -6.4155e+00
12893 6.4812e-01 -3.0157e+00 -1.3333e+00
12894 1.4911e+00 5.0447e+00 -9.2949e+00
12895 -3.0587e+00 -3.0525e+00 -9.3857e+00
12896 -1.4619e+00 -2.4603e+00 -1.3852e+00
12897 -3.1200e+00 -2.4738e+00 -3.1762e+00
12898 2.1459e+00 -1.5849e-01 -2.1477e+00
12899 -2.0803e+00 -5.9388e+00 -7.6391e+00
12900 3.0829e+00 -5.9818e+00 -6.2845e+00
12901 -6.4059e+00 1.3036e+00 -8.9548e+00
12902 -2.0972e+00 1.0513e+00 -5.8262e+00
12903 2.0387e+00 -2.3750e+00 -7.9400e+00
12904 -1.9424e+00 -1.3715e+00 -2.3389e+00
12905 -2.4770e+00 -1.3778e+00 2.3116e+00
12906 7.4913e-01 5.1089e+00 -7.6849e+00
12907 -3.5849e+00 1.9373e+00 -9.2853e+00
12908 -8.9688e-01 2.6057e+00 -8.2317e+00
12909 -3.9408e+00 4.9537e+00 -6.7290e+00
12910 -4.0732e+00 7.2122e-01 -5.9707e+00
12911 -3.7700e+00 1.6206e+00 1.2951e-01
12912 -1.5825e+00 2.9747e+00 -3.2251e+00
12913 -7.7844e+00 2.3227e+00 -6.0755e+00
12914 2.7815e+00 -2.7894e-01 -1.9299e+00
12915 2.0072e+00 1.3901e+00 -9.1532e+00
12916 2.6895e-01 -1.9392e+00 -8.0577e+00
12917 -3.3554e+00 -3.0497e+00 6.3931e+00
12918 -5.1424e+00 2.5871e+00 1.1808e+01
12919 -1.7372e+00 -5.8511e+00 1.1276e+01
12920 -3.0318e+00 7.8498e-01 6.2572e+00
12921 -6.2302e+00 -2.6320e+00 1.1011e+00
12922 3.8678e-02 3.5674e+00 5.9778e+00
12923 -5.6260e+00 3.8320e+00 4.4164e-02
12924 -6.3585e+00 1.2702e-01 4.2833e+00
12925 -8.4473e-01 -2.7331e-01 7.0329e+00
12926 -2.3328e+00 -4.4334e-02 -8.7810e+00
12927 -4.5072e+00 2.3099e+00 2.5478e+00
12928 -4.1175e+00 3.9822e+00 -3.3880e+00
12929 -4.2782e+00 -4.0325e-01 -7.1832e+00
12930 -3.3888e+00 4.5749e+00 -1.0768e+00
12931 1.5147e+00 5.9473e+00 -3.8280e+00
12932 -6.0921e+00 -4.1002e-01 -6.6187e+00
12933 -1.3787e+00 2.6498e+00 -2.2655e+00
12934 1.3722e+00 1.5970e+00 3.4085e+00
12935 -7.2454e+00 1.1388e+00 -4.2346e+00
12936 3.2533e+00 2.7313e+00 -8.2000e+00
12937 -3.8468e-01 5.3013e-01 -8.1781e+00
12938 -4.3385e+00 1.7066e+00 -1.0568e+00
12939 2.1054e+00 3.9714e+00 -5.0246e+00
12940 -2.7341e+00 3.7859e-01 -2.5921e+00
12941 6.2111e-01 -1.9285e+00 -7.1221e+00
12942 -1.3620e+00 4.5012e+00 8.5720e+00
12943 -5.9680e-01 -6.1713e+00 -3.7506e+00
12944 -2.4338e+00 1.2438e-01 1.9635e+00
12945 -8.2577e+00 1.4930e+00 6.8652e+00
12946 3.3148e+00 5.0011e-01 1.0136e+01
12947 -2.8788e+00 6.0102e+00 5.0649e+00
12948 2.0754e+00 -1.4119e+00 -8.3652e+00
12949 -4.8026e+00 6.0119e-01 2.4542e-01
12950 1.9820e+00 4.6949e+00 6.0477e+00
12951 -5.2839e+00 5.1022e+00 -1.8866e+00
12952 -2.1707e+00 -3.0908e+00 1.0929e+01
12953 -5.1264e+00 5.3660e-01 7.0259e+00
12954 8.2877e-01 2.7768e+00 2.4723e+00
12955 -2.8840e+00 -3.7301e+00 -9.1012e+00
12956 -5.5078e+00 2.0798e-01 9.4635e+00
12957 2.7876e+00 -2.5027e+00 1.6495e+00
12958 1.0728e+00 1.3983e+00 6.5765e+00
12959 -3.4208e+00 2.0795e+00 -6.8549e+00
12960 -3.9576e+00 1.5550e+00 -7.8049e+00
12961 -5.8494e+00 7.4102e-01 8.6718e+00
12962 -4.0041e+00 4.8030e+00 4.1272e+00
12963 -4.0620e+00 4.2460e+00 5.6356e+00
12964 -6.1238e-02 -1.0410e+00 7.1602e+00
12965 -6.8669e+00 -7.3847e-01 7.9021e+00
12966 7.8835e-01 -2.6562e+00 1.1423e+01
12967 -4.9658e-01 5.5281e+00 -2.1492e+00
12968 -5.1721e+00 5.5866e+00 -5.4302e+00
12969 -8.1047e-01 -2.3454e+00 4.6784e+00
12970 4.9379e-01 3.5735e+00 1.4099e+00
12971 -3.3483e+00 -1.0330e+00 5.2773e+00
12972 -1.7135e+00 -2.8352e+00 5.0294e+00
12973 3.5136e+00 3.7171e+00 1.1210e+01
12974 1.3135e+00 4.8893e+00 7.9343e+00
12975 -6.7057e-02 3.3492e+00 -7.2437e+00
12976 -2.4112e+00 7.2401e-01 1.0263e+01
12977 4.6207e+00 -7.4819e-01 1.3545e+00
12978 -4.3375e+00 -1.2996e+00 -5.2162e+00
12979 -7.7288e+00 -4.0896e-01 9.5736e+00
12980 -2.0968e+00 3.2656e+00 7.5388e+00
12981 4.3707e+00 -6.1158e+00 9.1399e+00
12982 -7.4777e+00 -5.0777e-01 1.1060e+01
12983 -9.5165e-01 1.7812e+00 4.3592e+00
12984 -1.3922e+00 6.4616e-01 8.8526e+00
12985 -6.2268e+00 2.7247e+00 -7.4048e+00
12986 -1.5891e-01 2.5426e+00 4.5867e+00
12987 -6.6424e-01 5.5060e+00 5.1141e+00
12988 3.7579e-01 6.0541e+00 9.0559e+00
12989 -4.3290e+00 1.8527e+00 5.1035e+00
12990 -1.5112e+00 5.1057e+00 6.1917e+00
12991 -2.9696e+00 3.7927e+00 5.4485e+00
12992 -2.2943e+00 5.5676e-01 5.3364e+00
12993 -2.2028e+00 -1.7668e+00 1.1621e+01
12994 -6.0468e+00 -1.8190e+00 7.6012e+00
12995 -2.2282e+00 4.1079e+00 -1.9533e+00
12996 -2.7271e+00 2.7781e+00 7.1983e+00
12997 -5.1606e+00 -1.7918e+00 1.2412e+00
12998 -2.7006e+00 3.2679e+00 2.6870e+00
12999 -2.2472e+00 2.8591e+00 7.6144e+00
13000 -4.5532e+00 4.2604e-01 6.5449e+00
13001 2.5323e+00 -8.6896e-01 7.5372e+00
13002 -3.6556e+00 -8.3688e-01 4.5209e+00
13003 -5.6452e-01 6.5028e-01 6.6034e+00
13004 -1.7137e+00 2.4979e+00 1.2862e-01
13005 -3.7148e+00 3.6281e-01 6.5367e+00
13006 -1.0022e-01 1.7505e+00 8.0627e+00
13007 -4.3996e+00 2.4989e+00 2.2223e+00
13008 1.1203e+00 -2.6400e+00 1.3018e+01
13009 1.9997e-01 -1.4603e+00 -2.0372e+00
13010 -1.5468e+00 6.5396e-01 9.7872e+00
13011 -6.6081e-01 6.2167e+00 2.6165e+00
13012 -3.5485e+00 -3.8112e+00 -6.2541e+00
13013 -4.0589e+00 -5.9783e-01 -6.4234e+00
13014 -5.0648e+00 6.1194e+00 -1.6197e+00
13015 -3.5762e+00 8.6604e+00 5.7416e+00
13016 -3.8866e-02 2.0663e+00 7.4349e+00
13017 -3.4830e+00 -6.8422e-01 5.4453e+00
13018 6.1547e-02 3.0935e-01 -6.0574e-01
13019 -3.0300e+00 1.3010e+00 -4.7317e+00
13020 -8.8031e-01 -4.3216e-01 -6.3529e+00
13021 -2.5746e+00 3.0606e+00 -4.2391e+00
13022 2.4828e+00 6.1251e-01 -7.6227e+00
13023 -1.8192e+00 2.9692e+00 -4.3188e+00
13024 -2.3469e+00 2.2781e+00 2.7350e+00
13025 -2.6229e+00 1.8704e+00 1.7917e+00
13026 2.4077e+00 3.9784e+00 2.6150e-01
13027 2.9535e+00 3.8197e+00 -4.7730e+00
13028 -7.5711e+00 6.8208e+00 -9.0874e+00
13029 1.1725e+00 2.9666e+00 4.6514e+00
13030 -3.6275e+00 2.7586e+00 -6.1323e+00
13031 -1.8521e+00 5.6615e+00 1.8470e+01
13032 -3.5879e+00 4.7760e+00 -4.5074e+00
13033 -6.4669e-02 5.7727e-01 -6.9448e-01
13034 1.9509e+00 2.6162e+00 6.6510e+00
13035 -8.2379e+00 5.3959e+00 -8.3515e+00
13036 1.7175e+00 2.7938e+00 7.7100e+00
13037 -3.3914e+00 -1.2545e+00 6.7812e+00
13038 -1.0848e+00 5.0675e+00 -7.3380e+00
13039 1.7900e+00 8.6847e-01 3.0715e+00
13040 9.1199e-01 1.5018e+00 4.1832e+00
13041 -3.3065e+00 2.9144e+00 -3.7218e+00
13042 -2.6830e+00 2.8416e+00 6.2445e+00
13043 -2.1438e+00 3.7986e+00 3.0037e-01
13044 -4.6050e+00 2.0410e-01 4.6264e+00
13045 -2.2457e+00 3.0037e+00 9.9810e+00
13046 -4.1771e+00 2.8352e+00 8.7747e+00
13047 4.7856e-01 5.0165e-02 4.0107e-01
13048 3.3658e+00 1.7997e+00 1.0613e+00
13049 6.1973e-02 -3.1183e-01 6.4272e+00
13050 -3.7904e+00 2.1050e+00 7.4462e+00
13051 -1.1968e+00 1.7777e+00 6.9489e+00
13052 -7.6043e-01 1.0443e+00 -2.8902e+00
13053 -1.7486e+00 3.6062e+00 4.8120e+00
13054 3.3595e-01 3.7651e+00 1.7097e+00
13055 -4.9608e+00 3.1502e+00 5.5518e+00
13056 -3.3850e+00 2.8665e+00 -6.9029e+00
13057 -1.2501e-01 -1.3068e+00 3.0789e+00
13058 -1.5473e+00 -3.9684e+00 7.5809e+00
13059 -1.0006e+00 2.5589e+00 2.0424e+00
13060 -1.1687e+00 -1.1130e+00 9.1961e+00
13061 8.0408e-01 4.4493e-01 7.9540e+00
13062 -6.2530e+00 1.5268e+00 1.0712e+00
13063 -7.0240e-02 -1.9846e+00 8.2631e+00
13064 -4.6025e+00 1.2171e+00 6.8782e+00
13065 -7.5984e-01 -2.8635e-01 9.6234e+00
13066 -8.2641e-01 -2.0894e+00 4.0199e+00
13067 -4.5352e+00 -3.5071e-01 -2.7560e-01
13068 -3.3842e+00 -5.2463e+00 6.8729e+00
13069 -1.0996e+00 1.2541e+00 4.2388e+00
13070 -4.8262e-01 -1.9419e+00 -5.6373e+00
13071 -5.8146e+00 -6.1259e-01 -3.5127e+00
13072 -1.9496e+00 -1.3460e+00 7.4015e+00
13073 -3.6339e-01 6.2931e-01 3.2416e+00
13074 -4.5168e-01 -6.0786e+00 -4.8952e+00
13075 2.8016e-01 3.4996e-01 -5.1341e+00
13076 3.6450e+00 5.0394e+00 6.0693e+00
13077 -8.2160e-01 -2.9974e-01 -7.3313e+00
13078 5.0999e+00 5.8141e+00 1.4676e+00
13079 -3.3918e+00 5.3352e-01 -4.7620e+00
13080 -6.1145e-01 -5.9052e-01 4.0575e+00
13081 2.0394e+00 7.1096e-01 9.5965e-01
13082 2.7991e+00 2.0601e-01 -2.3366e+00
13083 -2.3160e+00 4.3392e+00 3.8077e+00
13084 3.9616e-02 2.0598e+00 6.9438e+00
13085 1.0307e+00 -5.3546e+00 -2.0254e+00
13086 1.5564e+00 6.5368e-01 -3.1136e+00
13087 2.7076e+00 -4.3083e-01 1.0109e+01
13088 4.8071e+00 7.8103e-01 1.2495e+00
13089 2.2938e+00 4.4652e+00 6.7332e-01
13090 -1.0273e+00 7.2764e-01 5.8609e-01
13091 1.2720e+00 1.9948e+00 -6.9185e+00
13092 5.3349e+00 1.0576e+00 -3.3417e-01
13093 -1.0897e+00 -3.4529e-01 -2.8092e+00
13094 1.6562e+00 2.3465e+00 -5.5295e+00
13095 -3.8692e+00 -2.1391e+00 3.0983e+00
13096 3.1455e-01 1.8450e+00 -8.4258e+00
13097 -1.3266e-01 -2.4698e-02 -4.5159e+00
13098 -1.7084e+00 4.3218e+00 -8.1852e+00
13099 2.2343e-01 9.7715e-01 -2.1881e+00
13100 -5.9323e-01 9.3525e-01 4.1866e+00
13101 7.4423e-01 2.1337e+00 -1.7424e+00
13102 -4.3482e-01 1.3732e+00 7.5248e+00
13103 -1.1308e+00 8.7338e-01 2.3533e+00
13104 3.3709e+00 2.0520e+00 7.0245e+00
13105 3.0447e+00 3.8438e+00 -2.5502e+00
13106 -1.0501e+00 4.0069e+00 -3.2551e+00
13107 3.6678e+00 4.1032e-02 1.4681e+00
13108 7.9302e-01 2.9842e+00 -8.0479e+00
13109 3.3824e+00 2.4866e+00 -6.6434e+00
13110 -1.2863e+00 -2.5798e-01 -4.5469e+00
13111 2.0947e+00 -7.5759e-02 -4.2515e+00
13112 1.4281e+00 -3.8802e+00 -7.0888e+00
13113 -5.0736e+00 7.9904e-01 -5.6723e+00
13114 -2.8896e+00 1.1846e+00 -5.9872e+00
13115 5.3221e+00 1.1811e+00 -6.0997e+00
13116 1.9551e+00 -4.1123e-01 -3.7696e+00
13117 1.9827e+00 4.0576e+00 -7.3730e+00
13118 2.4272e+00 2.7505e+00 -8.1946e-01
13119 7.6884e-01 -1.6338e+00 -7.0540e+00
13120 2.6218e+00 -9.2435e-01 1.4949e+00
13121 -9.0351e-01 1.2057e+00 -1.1224e+00
13122 3.6911e+00 -2.7373e+00 -6.8014e+00
13123 -1.5378e+00 -2.3919e+00 1.2936e+00
13124 2.6668e+00 3.1032e+00 4.3305e-01
13125 3.8090e+00 7.0478e-01 -6.7996e+00
13126 3.0203e+00 -1.3067e+00 -4.2566e+00
13127 5.8437e+00 -3.0937e+00 -1.2879e+00
13128 3.5247e-04 -1.7180e+00 -1.7420e+00
13129 2.7988e+00 -3.0658e+00 -1.2989e+00
13130 3.7748e+00 1.9782e+00 -3.7669e+00
13131 5.5261e+00 1.7113e+00 -5.0955e+00
13132 3.7664e+00 3.7172e+00 -9.3602e+00
13133 9.2587e-01 -3.4974e+00 -2.3310e+00
13134 -1.6956e+00 1.5264e+00 -4.4231e+00
13135 -1.1061e+00 -2.2629e+00 -4.4104e+00
13136 4.3163e+00 4.3623e+00 -1.7109e+00
13137 3.8152e+00 5.1622e-01 -5.9304e+00
13138 -8.0066e-03 -1.1787e+00 -7.3250e-01
13139 3.6230e+00 1.4438e+00 -7.4911e+00
13140 -3.2359e+00 -1.9751e+00 1.0960e+00
13141 2.7572e+00 2.9006e+00 -3.8722e+00
13142 -2.4588e+00 3.4423e+00 -5.1194e+00
13143 1.0014e+00 -1.6212e+00 -7.2295e+00
13144 -1.4633e+00 3.3586e+00 -8.7346e+00
13145 -1.3043e+00 3.1103e+00 -6.2757e+00
13146 2.7864e+00 -4.7861e+00 -2.0593e+00
13147 4.5839e+00 1.2294e+00 -6.2313e+00
13148 4.7537e-01 1.3733e+00 -7.3458e+00
13149 2.5286e+00 -3.3880e+00 -1.8898e+00
13150 -2.2108e+00 4.6923e-01 -4.4661e+00
13151 5.8399e-01 2.5484e+00 -2.2857e+00
13152 -5.5957e-02 2.0029e+00 -3.8763e+00
13153 3.4393e+00 -3.2333e+00 2.0671e+00
13154 -9.9776e-01 1.5353e+00 -7.9877e+00
13155 -2.9911e+00 5.5167e-01 -8.3013e+00
13156 1.5385e+00 -1.1595e+00 -7.6380e+00
13157 2.1014e+00 2.9121e+00 6.6914e-01
13158 -2.4613e+00 2.5398e-01 -6.1845e+00
13159 -3.2657e+00 -2.9149e+00 -3.4957e+00
13160 3.2986e+00 7.0048e+00 -7.8130e+00
13161 -3.2818e+00 2.9678e+00 -6.1840e+00
13162 9.3100e-01 4.6296e-01 -5.3830e+00
13163 2.8727e+00 -4.6599e+00 -4.5596e+00
13164 3.0944e+00 2.0473e+00 -3.7182e+00
13165 4.7348e-01 -2.5641e+00 -2.3829e+00
13166 -5.8032e+00 -8.3962e-02 -6.8607e-01
13167 5.3604e+00 1.2870e+00 -8.3826e+00
13168 7.6817e+00 1.4240e+00 -7.9785e+00
13169 3.4769e+00 2.9292e+00 -6.7080e+00
13170 1.4396e-01 -6.5875e-01 -4.2869e+00
13171 -2.6549e+00 -1.2164e+00 -6.7787e-01
13172 6.6657e+00 2.1632e+00 -3.6107e+00
13173 -4.0707e-03 1.3369e+00 1.2017e+00
13174 -1.4791e+00 5.8874e-01 -6.2284e+00
13175 1.4668e+00 -2.8798e+00 -1.2579e+00
13176 -1.2472e+00 -1.2945e+00 1.7709e+00
13177 1.7926e+00 3.1314e+00 -6.7479e+00
13178 2.6000e+00 1.3833e+00 -8.1366e-01
13179 7.6152e+00 3.2716e+00 -7.7480e+00
13180 -1.0077e+00 4.5654e+00 -7.9981e+00
13181 4.1211e+00 -2.1437e+00 -4.2737e+00
13182 4.7972e+00 4.3136e-01 5.3737e+00
13183 2.5465e+00 2.0189e+00 8.5700e-01
13184 2.1397e+00 7.4623e-01 -5.5155e-01
13185 -2.2271e-01 3.6727e+00 1.1852e+00
13186 5.8854e+00 9.4213e-01 -2.6625e+00
13187 8.2944e-01 -2.4250e+00 1.7436e+00
13188 6.1968e-01 1.5488e+00 2.3822e-01
13189 1.5182e+00 -2.2578e+00 -2.2061e+00
13190 -1.5293e+00 2.7955e+00 -6.1209e+00
13191 1.4870e+00 -1.9160e-01 -2.5229e+00
13192 2.6031e+00 1.5890e+00 -9.1830e-01
13193 -1.0830e+00 3.4414e-01 1.4051e+00
13194 7.2001e-01 4.5181e-01 -2.7045e+00
13195 2.4998e+00 -1.9093e+00 -1.2822e+00
13196 9.3434e-02 1.5031e+00 3.8641e-01
13197 6.3483e+00 -2.2359e-02 -3.4435e+00
13198 4.8345e+00 3.0326e+00 -4.6888e-02
13199 9.7833e-02 1.0048e+00 8.6683e-01
13200 -1.7140e+00 -1.8853e+00 -2.2614e+00
13201 -2.0350e+00 6.9123e-01 -2.4784e+00
13202 3.9830e+00 4.1543e-01 2.9780e+00
13203 -1.0643e+00 -3.9378e+00 4.0634e+00
13204 2.2686e+00 -5.8374e+00 -2.0397e+00
13205 -1.9112e+00 -2.7097e+00 1.8543e+00
13206 -4.5939e-01 -3.7312e+00 4.3670e+00
13207 2.1347e+00 -4.0054e-01 3.1365e+00
13208 -1.6375e+00 -6.7512e+00 -1.4919e+00
13209 -1.5780e+00 4.0738e+00 7.5712e+00
13210 3.0319e+00 -2.8322e+00 3.0824e-01
13211 6.2974e+00 -2.7883e+00 7.5295e+00
13212 7.5529e-01 -2.2456e+00 4.2791e+00
13213 3.7106e+00 -3.0910e+00 1.5897e+00
13214 -4.8374e-01 1.6403e+00 5.9352e+00
13215 1.3301e+00 5.8605e-01 1.6214e+00
13216 9.9065e-01 -2.6442e+00 -2.6305e-01
13217 -4.6427e+00 -9.0981e+00 8.9798e+00
13218 -6.9657e-02 -7.1377e-01 1.8374e+00
13219 3.1902e+00 -3.8611e+00 9.5147e-01
13220 -3.6435e+00 1.7866e+00 -1.3316e+00
13221 -1.2700e+00 2.5578e+00 4.4812e+00
13222 -5.9088e+00 -8.7657e+00 3.5596e+00
13223 8.8096e-01 -2.1993e+00 6.6506e+00
13224 -2.3007e+00 -4.5035e+00 2.2573e+00
13225 2.4366e+00 3.4128e-01 4.1680e+00
13226 -1.0991e+00 -7.5697e+00 1.2564e+01
13227 6.2119e+00 2.6227e+00 6.0122e+00
13228 -2.0142e+00 -7.6562e-01 2.2388e+00
13229 -3.0869e+00 -3.8269e+00 -1.9840e+00
13230 3.5711e-01 4.2862e-01 -9.6839e-01
13231 2.0108e+00 -4.9028e+00 2.7004e+00
13232 -9.3651e-01 -3.5732e+00 2.0748e+00
13233 -7.4043e-01 7.7271e-01 2.4240e-01
13234 1.9046e+00 1.9578e+00 1.4558e+00
13235 2.3890e+00 -7.4861e+00 1.9124e+00
13236 -8.9003e-01 2.8333e+00 3.7290e+00
13237 -3.9654e+00 -5.4455e+00 7.5279e+00
13238 -7.9219e-01 -8.1045e+00 1.5782e+00
13239 1.3937e+00 -4.3882e+00 2.7667e+00
13240 4.7053e+00 -4.8499e+00 1.6064e+00
13241 -1.3465e+00 -4.4336e+00 1.1037e+00
13242 6.5094e-01 -7.0373e+00 4.3912e+00
13243 -1.7943e+00 -2.4923e-01 7.0927e+00
13244 -2.9760e+00 -1.3659e+00 -1.9178e+00
13245 2.9338e+00 -2.3367e+00 2.4239e+00
13246 -4.5942e-01 3.3680e-01 1.1338e+00
13247 -2.7666e+00 -1.4056e+00 3.4039e+00
13248 -7.2220e-01 -4.6006e+00 6.2854e+00
13249 -1.8566e+00 -6.2014e-01 3.2828e+00
13250 -4.5189e+00 -4.5605e+00 3.9304e+00
13251 -6.1093e-01 -3.8753e+00 -5.1377e+00
13252 -2.6892e+00 1.5751e+00 3.6419e+00
13253 1.0426e+00 -6.4661e+00 6.0618e-01
13254 -1.3059e+00 -3.1555e+00 4.4259e+00
13255 -3.4120e+00 3.6024e+00 5.7884e+00
13256 2.4658e+00 -2.8748e+00 -3.4094e-01
13257 1.4241e+00 -2.4039e+00 9.4940e+00
13258 -3.2763e+00 9.8356e-01 2.1870e+00
13259 1.1975e+00 3.4283e+00 9.0395e+00
13260 -4.1126e+00 -5.3737e+00 5.3646e+00
13261 -4.3157e+00 1.6502e+00 3.8948e+00
13262 9.6180e-01 -4.1963e+00 1.8463e+00
13263 2.2958e+00 -2.7425e+00 8.1685e+00
13264 2.2347e+00 -1.3507e+00 9.8004e-01
13265 -3.0303e+00 -4.9521e+00 -5.0095e+00
13266 1.9409e+00 -7.2317e+00 7.8347e+00
13267 -1.2797e+00 2.6650e+00 5.7298e+00
13268 9.7050e-02 -2.7711e+00 4.5911e+00
13269 4.1136e+00 -8.0465e-01 6.2865e+00
13270 9.9326e-01 8.3682e-01 5.7678e+00
13271 6.1227e-01 2.0519e+00 1.0231e+01
13272 -3.4914e+00 -1.7413e+00 2.3196e+00
13273 -1.5904e+00 -6.0914e+00 4.0276e+00
13274 2.7966e+00 -1.7196e+00 1.3326e+00
13275 2.2447e+00 3.6322e+00 5.5592e+00
13276 -3.6307e+00 1.7815e+00 8.6659e+00
13277 1.4219e+00 2.0915e+00 -5.5335e+00
13278 -4.2825e+00 1.1622e-01 -1.2461e+00
13279 -1.1216e+00 -3.5310e-01 5.1123e+00
13280 2.7236e+00 -3.5989e+00 7.5366e+00
13281 2.0360e+00 -2.5505e-02 8.8257e+00
13282 -5.7663e+00 5.9177e+00 1.1217e+01
13283 -2.6782e-01 -2.8784e+00 5.4861e+00
13284 2.1722e+00 -7.9026e-01 1.1232e+00
13285 -1.3631e+00 1.7698e+00 1.7063e+00
13286 -2.3867e+00 1.5767e+00 5.4865e+00
13287 -4.5899e+00 -3.3838e+00 4.4897e+00
13288 -4.7727e-01 5.0322e-01 8.2882e+00
13289 2.9835e-01 3.2452e+00 9.1437e+00
13290 1.3689e-01 1.6987e+00 8.4063e+00
13291 -1.9838e+00 -3.6324e+00 5.8908e+00
13292 2.3312e+00 2.5686e+00 9.4406e+00
13293 -2.6814e+00 -9.1339e+00 4.0250e+00
13294 -3.5120e-01 7.5185e-01 5.7435e+00
13295 7.2575e-01 -7.0925e-02 6.1526e+00
13296 2.7149e+00 -6.1721e+00 -2.7032e+00
13297 -1.2015e+00 3.0046e+00 6.8150e-01
13298 -2.1144e+00 -3.6971e+00 1.8765e+00
13299 1.1312e+00 -4.5701e+00 1.1897e+01
13300 -2.4860e+00 -6.1696e-01 4.0191e+00
13301 -3.3464e+00 -7.5406e-01 -5.0469e-01
13302 3.8759e+00 -2.6369e+00 1.9898e+00
13303 4.4158e+00 -4.5324e+00 1.4708e+00
13304 1.7582e+00 -5.8592e+00 -2.6429e+00
13305 4.6849e+00 -4.1902e+00 3.1655e+00
13306 1.0000e+00 -5.3422e+00 2.0736e+00
13307 2.8227e+00 -1.0239e+00 5.0553e+00
13308 -2.1187e+00 -6.4925e+00 7.5695e+00
13309 -4.5150e+00 -3.1744e+00 3.9564e+00
13310 -5.1713e+00 -3.5534e+00 4.6811e+00
13311 -1.8506e+00 -5.0460e-01 5.6221e+00
13312 -1.4199e+00 -2.4157e+00 1.6505e+00
13313 -1.2557e+00 -5.8384e+00 9.5305e-01
13314 -1.4488e+00 -2.4670e+00 6.9582e+00
13315 -3.5546e-01 -1.7719e+00 1.6850e+00
13316 -1.6902e+00 1.7945e-01 6.5500e+00
13317 -1.6656e+00 -4.8876e+00 3.2126e+00
13318 1.7708e+00 -2.2652e+00 -1.3036e+00
13319 -1.8581e+00 -5.1176e+00 1.2686e+00
13320 -3.8986e+00 -3.4831e+00 5.5012e+00
13321 1.2646e+00 -3.4233e+00 1.0951e+00
13322 6.8391e-01 -9.1226e+00 -5.4385e+00
13323 -3.6275e+00 -6.0300e+00 8.2299e+00
13324 -2.2089e+00 -1.0897e+00 1.3343e-01
13325 -5.3235e+00 1.9557e+00 4.0014e+00
13326 -3.5362e+00 4.5420e+00 -6.4735e-02
13327 6.5342e-01 -1.3281e+00 6.0363e+00
13328 3.4493e+00 -3.6018e+00 -4.7737e-01
13329 3.8184e+00 -1.3508e+00 6.7100e+00
13330 6.9044e-01 3.3989e-01 6.4024e+00
13331 -1.0961e+00 -8.0014e+00 7.5720e+00
13332 -2.9262e+00 -5.2722e+00 6.4600e+00
13333 -3.0193e+00 -7.2143e+00 2.1233e+00
13334 -7.0577e+00 2.1526e+00 9.4076e-01
13335 5.1212e-01 2.3231e+00 2.3008e+00
13336 5.7736e-01 3.5993e+00 7.8980e+00
13337 2.9395e+00 -4.1842e-01 3.4671e+00
13338 1.6200e+00 -4.8437e+00 -8.8216e-01
13339 -4.1895e+00 -2.5918e+00 -6.2656e-01
13340 -1.4999e+00 2.6051e-01 2.5612e+00
13341 -4.5875e+00 -4.1685e+00 6.8308e+00
13342 3.7822e+00 -2.2136e+00 7.0122e+00
13343 2.3765e+00 -2.5158e+00 5.9647e+00
13344 1.1988e+00 -4.3513e+00 -1.7763e-01
13345 -2.6483e+00 1.1343e+00 1.0792e+01
13346 -3.3093e+00 8.2946e-01 8.7913e+00
13347 8.4280e-02 -3.2713e+00 4.5259e+00
13348 7.1824e-01 -6.6682e+00 5.4172e+00
13349 -2.4344e+00 -3.5423e+00 9.0198e-01
13350 -3.2437e+00 -3.4850e+00 1.2548e+01
13351 -3.1609e+00 -5.2459e+00 3.2967e+00
13352 -2.4708e+00 -3.4060e+00 5.1689e+00
13353 6.3760e-01 -6.6614e+00 8.8680e+00
13354 1.7379e+00 -1.0572e+00 1.5485e+00
13355 -1.7635e-01 -2.5022e+00 8.3132e+00
13356 -1.7556e-01 -1.3889e+00 3.4841e+00
13357 -1.8981e+00 -6.4238e+00 3.2853e+00
13358 1.8174e+00 4.8885e+00 6.0338e+00
13359 -2.9179e-02 -4.3595e+00 6.6908e+00
13360 2.0437e+00 4.9973e+00 3.7738e+00
13361 -6.1040e-01 -1.4730e+00 7.7278e+00
13362 2.8734e-01 -1.9069e-01 -4.9308e-01
13363 -7.9187e-01 -2.6727e+00 2.4964e+00
13364 -1.8704e+00 1.4804e+00 1.8844e+00
13365 2.7606e+00 -4.2754e+00 2.6543e+00
13366 -5.5976e+00 -4.5633e+00 -3.0194e+00
13367 7.3038e-01 3.5639e+00 7.9445e+00
13368 -1.4469e+00 -5.9375e+00 3.8644e+00
13369 3.9477e-01 1.6012e+00 7.2157e+00
13370 -4.0843e+00 -5.2166e+00 3.4374e+00
13371 -5.0088e+00 5.3320e+00 4.0453e-01
13372 -8.7046e-01 -7.8484e+00 3.0179e+00
13373 3.4035e+00 4.3600e+00 4.9621e+00
13374 1.2043e+00 1.8496e+00 3.1275e+00
13375 -3.7237e+00 6.2277e-01 9.6377e+00
13376 1.4572e+00 -6.2389e+00 -2.8099e+00
13377 9.2136e-01 -4.8700e+00 2.3045e-01
13378 -1.3059e+00 -2.3235e+00 -3.5057e+00
13379 -1.4690e+00 1.7511e+00 5.8519e+00
13380 3.5655e+00 -4.0106e-01 4.8320e+00
13381 1.8636e+00 -6.5533e+00 7.9410e+00
13382 -2.5369e+00 -1.2372e+00 1.0066e+01
13383 -3.1208e+00 2.1522e+00 7.6059e+00
13384 -3.0327e-01 -6.1022e+00 -6.2108e-01
13385 -4.7862e-01 -5.0943e+00 -4.4155e-01
13386 -3.1407e+00 -1.1383e+00 3.8745e+00
13387 -1.3349e+00 4.5656e+00 5.4912e+00
13388 -8.5509e-01 -5.6124e-01 9.3865e+00
13389 2.1504e+00 -4.2368e+00 7.3593e+00
13390 3.4486e+00 -4.1891e+00 2.7409e+00
13391 -2.2363e+00 -3.0367e+00 1.5319e-01
13392 2.6035e+00 -2.5283e+00 1.0259e+01
13393 -5.5003e+00 -2.3930e+00 3.0624e+00
13394 -3.4220e+00 1.5997e+00 -3.2843e+00
13395 2.2464e+00 -2.1570e+00 1.6209e+00
13396 2.7497e+00 -5.8220e-02 2.6155e+00
13397 -4.0121e+00 -2.4326e+00 2.4694e+00
13398 -1.2320e+00 -1.2149e+00 -2.1369e+00
13399 -1.9554e+00 -3.5392e+00 6.9439e+00
13400 6.6989e+00 2.0207e+00 7.6997e+00
13401 -3.2147e+00 -3.6542e+00 8.4336e+00
13402 8.1194e-01 -2.7528e+00 1.2348e+00
13403 -1.8133e+00 -2.9974e+00 3.9971e+00
13404 1.1064e-01 2.9550e+00 -1.9659e+00
13405 4.2353e+00 1.1411e+00 8.5131e+00
13406 -3.1070e+00 -1.5356e+00 -2.5575e+00
13407 -2.6367e+00 3.2787e+00 4.3365e+00
13408 -3.8382e-01 -4.0346e+00 8.1367e+00
13409 3.3392e+00 -7.6778e-01 6.0555e+00
13410 -1.8373e+00 9.3206e-01 7.6265e+00
13411 1.2422e+00 3.1717e+00 5.8465e+00
13412 -4.9942e+00 -4.6442e+00 5.3857e+00
13413 -4.3725e+00 -2.2405e+00 2.1905e+00
13414 -2.8130e-01 1.0106e+00 5.4075e+00
13415 -3.4098e-01 -2.9366e+00 2.0890e+00
13416 4.0805e+00 -2.2376e+00 7.0657e-01
13417 -1.5350e+00 -3.5569e+00 7.3293e+00
13418 -2.8883e+00 6.2932e-01 9.1106e-01
13419 -1.4681e+00 -6.9365e+00 4.2058e+00
13420 1.7130e+00 -5.4378e-01 5.9891e+00
13421 -8.0372e-01 2.3076e+00 -2.3246e+00
13422 -1.2472e+00 -4.6775e+00 2.7441e+00
13423 -2.7556e+00 -2.6597e+00 4.7684e+00
13424 -5.8868e+00 4.8990e+00 7.4562e+00
13425 -1.9794e+00 -9.5255e-01 2.7305e+00
13426 -1.1801e+00 -2.5579e+00 -2.3813e+00
13427 -1.4364e+00 1.0761e+00 1.0319e+01
13428 1.6030e+00 -7.3058e+00 5.0850e-01
13429 -5.3307e+00 -2.4893e+00 1.0880e+00
13430 1.4524e+00 4.1806e-01 -4.8438e+00
13431 2.0046e+00 -1.5179e+00 5.7191e+00
13432 2.6488e+00 6.6916e-01 5.9664e+00
13433 1.2162e+00 3.5302e+00 7.4461e+00
13434 -3.7902e-01 4.5775e+00 3.9675e+00
13435 1.6808e+00 -5.9447e-01 6.9044e+00
13436 2.3317e+00 2.5948e+00 6.6652e+00
13437 2.9323e+00 3.8218e+00 6.4993e+00
13438 -4.4766e-01 -2.4290e-01 2.0822e+00
13439 -2.7745e+00 -5.6120e-01 8.6453e+00
13440 1.6081e+00 3.0602e+00 5.3358e+00
13441 3.7273e+00 -3.4307e+00 6.0730e-01
13442 -3.2549e-01 4.2283e-02 1.9828e+00
13443 -1.6463e+00 -4.5758e+00 1.1353e+01
13444 3.6413e+00 3.6774e+00 1.0122e+01
13445 5.0756e-01 -1.7009e-01 -1.1668e+00
13446 -1.4846e+00 -4.0680e+00 8.6023e-01
13447 -1.1700e+00 4.0129e-01 6.3155e+00
13448 4.1329e+00 4.6875e-03 -2.6373e+00
13449 -5.2652e+00 -5.5743e+00 -2.6447e+00
13450 -3.8070e+00 -3.6616e+00 4.9384e+00
13451 -1.1100e+00 -5.4920e-01 4.8986e+00
13452 -3.9774e+00 2.1337e+00 7.9516e+00
13453 -4.5768e+00 -3.1507e+00 2.3656e+00
13454 3.0391e+00 7.6422e+00 1.0260e+01
13455 -4.6105e+00 -2.5537e+00 7.2711e+00
13456 3.8584e-01 4.5796e+00 5.1175e+00
13457 -2.8104e+00 -2.5539e+00 -5.2673e-02
13458 1.3578e+00 2.7431e+00 7.7487e+00
13459 3.4281e+00 -1.7227e+00 6.7667e+00
13460 -5.6657e+00 -5.6588e+00 -1.0597e+00
13461 -1.2159e+00 1.4816e+00 4.7230e+00
13462 -5.6205e+00 1.0439e+00 6.0637e+00
13463 -2.4020e+00 -3.6564e+00 -1.5238e+00
13464 -2.0232e+00 -4.9071e+00 5.9541e-01
13465 -1.9038e+00 -2.8341e+00 3.7818e+00
13466 -4.3329e+00 -6.1121e+00 4.3517e+00
13467 -1.5638e+00 1.1713e+00 6.3707e+00
13468 -5.2560e+00 -7.3808e-02 5.0125e+00
13469 -2.6226e+00 2.5773e+00 9.0388e-01
13470 3.3779e+00 -2.0471e-01 5.4290e+00
13471 -3.1851e+00 4.1791e+00 8.1420e+00
13472 -4.8528e+00 -1.0620e+00 6.5453e+00
13473 -1.4366e+00 1.5201e+00 2.6996e+00
13474 -1.3105e+00 -5.8497e+00 1.4448e+00
13475 1.3090e+00 -3.4702e+00 -3.0782e+00
13476 -1.4994e+00 -1.0582e-01 2.6918e+00
13477 2.9379e+00 -3.8650e+00 7.4939e+00
13478 -1.4300e+00 -4.5250e+00 -7.2566e-01
13479 -1.5727e+00 4.1649e+00 6.9013e+00
13480 -2.9327e+00 5.8062e+00 2.3768e+00
13481 -3.2383e+00 -3.0650e+00 2.9270e+00
13482 5.5641e+00 -2.7726e-01 1.9123e+00
13483 2.1224e-01 -3.9013e+00 -1.0018e+00
13484 2.0472e+00 -4.4849e+00 6.2025e+00
13485 9.4019e-01 5.6702e-01 4.5903e+00
13486 4.4109e+00 -7.0053e+00 4.2239e-01
13487 -1.6207e+00 -3.3212e+00 -3.6648e+00
13488 3.6040e+00 -3.7681e+00 6.2987e+00
13489 2.5330e-01 6.8812e-01 7.8480e+00
13490 -1.3999e+00 2.6362e+00 1.3346e+01
13491 -2.4834e+00 3.3045e+00 -1.4950e+00
13492 -1.8327e+00 4.4572e+00 4.6231e+00
13493 2.6662e+00 4.1319e-01 2.7619e+00
13494 -2.7462e+00 -2.4018e+00 3.7260e+00
13495 -2.2966e+00 2.1977e+00 1.0311e+01
13496 -1.0218e+00 2.9628e+00 3.8284e-01
13497 2.0329e-01 -2.6264e+00 9.4021e+00
13498 1.6336e+00 6.5753e-01 3.8390e+00
13499 -1.1924e+00 5.2293e-01 2.6226e+00
13500 -1.9813e+00 -4.8929e-01 9.0464e+00
13501 -6.8687e+00 -2.9462e+00 -2.1358e+00
13502 7.0178e+00 1.6894e+00 -1.6550e+00
13503 -2.3618e+00 -2.6190e+00 1.0501e+01
13504 -2.4538e+00 -7.7266e+00 6.8584e+00
13505 2.5032e+00 -3.2704e-01 2.1481e+00
13506 2.5544e+00 3.1172e+00 -1.4935e+00
13507 -1.4482e+00 -1.2941e+00 8.0984e+00
13508 -3.4233e+00 -9.2653e-01 -6.5212e-01
13509 -5.3902e-01 -1.8999e+00 6.0777e+00
13510 4.1801e+00 -1.6384e+00 9.8632e+00
13511 -2.4053e+00 -4.5227e+00 -2.0558e+00
13512 -4.8931e-01 -3.0056e+00 -3.1722e-02
13513 2.9580e+00 -3.4084e+00 3.9358e+00
13514 4.0591e+00 -3.7324e+00 4.7086e+00
13515 1.0731e+00 2.3772e+00 2.5258e+00
13516 -2.3262e+00 -7.1836e+00 -6.0234e+00
13517 2.8898e+00 -2.3811e+00 5.6700e+00
13518 -9.6226e-01 -4.3630e-02 1.0826e+01
13519 -4.7380e+00 -2.7767e+00 6.2477e+00
13520 -4.5542e+00 7.1413e+00 4.8448e+00
13521 -2.5776e+00 -8.3237e+00 7.7474e-01
13522 -1.4010e+00 -4.0009e+00 4.5172e+00
13523 2.4606e+00 -3.0531e+00 1.0045e+01
13524 4.3107e+00 -3.8550e+00 8.5443e+00
13525 -5.3728e+00 2.0610e+00 4.0819e+00
13526 2.6212e+00 -4.5004e+00 1.0773e-01
13527 7.3352e-02 -4.3238e-01 5.1276e+00
13528 2.8197e-01 -9.6235e-01 4.8508e+00
13529 -8.0648e-01 -4.9976e+00 6.9528e-01
13530 -2.9813e-01 -5.8033e+00 2.0695e+00
13531 2.0506e+00 -2.1090e+00 2.0492e+00
13532 -1.4429e+00 -9.4618e-01 2.4523e+00
13533 4.1612e+00 4.9826e+00 5.5806e+00
13534 8.6545e-01 -4.3819e+00 7.9956e+00
13535 -3.0862e-01 -2.7435e-01 6.7607e+00
13536 -8.2634e+00 -5.5551e+00 8.3219e-01
13537 -2.1184e+00 -4.4183e+00 4.0789e+00
13538 -4.9950e-01 2.4572e+00 8.8448e+00
13539 -4.4575e-01 -4.7622e+00 6.2615e+00
13540 8.4106e-01 1.7986e+00 2.5062e+00
13541 -1.1906e+00 -4.4303e+00 2.5477e+00
13542 9.0275e-01 -8.3539e-01 8.1813e+00
13543 -6.6226e-01 -3.8273e+00 1.8158e+00
13544 3.7165e+00 4.5647e+00 1.0393e+01
13545 -3.8037e+00 -1.4676e+00 8.6071e-01
13546 -3.2276e+00 3.3662e-01 -2.7726e+00
13547 -3.7506e+00 -3.0785e-01 -2.1140e-01
13548 -1.5469e+00 -2.0683e+00 4.6601e+00
13549 3.2868e+00 -5.4259e+00 4.6136e+00
13550 -1.6837e-01 -2.4041e+00 1.0877e+01
13551 -5.3691e+00 -1.3561e+00 -1.5635e+00
13552 -7.0162e+00 -8.8250e-01 -1.3566e+00
13553 2.5072e+00 -5.1937e+00 -4.0090e+00
13554 -4.8871e+00 6.4191e-01 4.1598e+00
13555 9.0880e-01 -4.3923e+00 8.9689e+00
13556 -1.6741e+00 -9.8861e-01 -5.0984e+00
13557 1.9261e-01 -1.6788e+00 1.5953e+00
13558 -4.0748e+00 -2.4538e+00 5.5110e+00
13559 -6.1277e+00 -6.2353e+00 8.1287e+00
13560 3.2189e+00 9.3583e+00 2.8692e+00
13561 -3.5973e+00 -4.6648e+00 3.3051e+00
13562 -4.3306e+00 -1.8211e+00 1.2365e+00
13563 -1.8109e-02 -2.4323e+00 7.2129e+00
13564 -2.8346e+00 -1.7520e+00 -3.0371e-01
13565 1.3375e+00 3.7478e-01 1.6350e+00
13566 -2.4687e+00 -3.0444e-01 -2.0747e+00
13567 1.5355e+00 -4.2961e+00 2.4854e+00
13568 3.1152e+00 -2.5851e-01 5.3278e+00
13569 -4.0651e+00 -5.2509e+00 1.9679e+00
13570 -1.1051e+00 -5.6238e+00 2.0494e+00
13571 1.9634e+00 3.0326e+00 2.8998e+00
13572 4.1837e+00 -5.4623e-01 4.6127e+00
13573 -3.7947e+00 -5.5358e+00 4.0346e+00
13574 1.0549e+00 -6.3542e+00 5.1703e+00
13575 3.2583e+00 3.8672e+00 2.0082e+00
13576 -3.4146e-01 2.6053e-01 1.5972e+00
13577 9.1682e-01 2.3627e+00 2.6338e+00
13578 -1.2649e+00 -3.9406e+00 -1.9974e+00
13579 1.6435e+00 -1.4265e+00 4.3258e+00
13580 -9.6758e-01 -5.2290e+00 -9.6929e-01
13581 2.4935e+00 -1.1656e+00 6.4511e+00
13582 -1.6214e+00 3.1031e+00 1.1845e+01
13583 -4.2243e+00 -5.4609e+00 -1.7496e+00
13584 4.3901e+00 3.8899e+00 4.0373e+00
13585 4.5394e+00 -1.4178e+00 6.2451e+00
13586 5.3213e+00 -3.8583e+00 -9.0491e-01
13587 -4.4635e+00 5.5052e-01 5.6965e+00
13588 2.7453e-01 -1.8022e+00 1.9116e+00
13589 4.3079e-01 -4.2410e-01 1.5526e+00
13590 6.9510e-01 -1.2398e+00 1.1391e+00
13591 1.3022e+00 4.0089e+00 1.1299e+01
13592 -2.5562e+00 -8.1872e+00 8.2073e+00
13593 -4.3989e+00 -5.9164e+00 1.6157e+00
13594 1.0386e+00 -4.5580e-01 7.9839e+00
13595 -2.3461e+00 -1.7136e+00 1.4640e+00
13596 -3.6199e+00 1.8637e+00 -4.0203e+00
13597 5.7824e+00 -1.1529e+00 -3.7711e-01
13598 -1.4592e+00 1.9620e+00 9.1122e+00
13599 -2.9265e+00 -3.6987e+00 5.5272e+00
13600 -3.4527e-01 3.8615e-01 3.8523e-01
13601 -4.7300e+00 2.0248e+00 9.5652e+00
13602 4.2533e+00 5.6084e+00 7.6559e+00
13603 -2.4640e+00 -3.8563e+00 1.8619e+00
13604 3.8786e+00 -2.4592e+00 1.3313e-01
13605 -1.3067e+00 -7.2306e-01 3.8786e+00
13606 -2.5805e+00 3.6623e+00 6.6149e+00
13607 -1.9677e+00 -3.2047e+00 -9.3584e-01
13608 -3.5131e-01 6.8945e-01 6.3892e+00
13609 -3.2936e-03 6.4903e+00 8.1528e+00
13610 -4.5467e+00 -7.0617e-01 2.0077e+00
13611 -1.9204e-01 -1.7614e+00 -1.7366e-01
13612 -1.6093e+00 -7.9654e-01 2.7499e+00
13613 4.5047e+00 -4.3802e+00 7.0302e+00
13614 3.9188e+00 -8.5583e-01 9.1622e+00
13615 9.8047e-01 -7.5246e+00 7.3630e+00
13616 -4.9030e+00 -2.4920e-01 -4.9852e+00
13617 9.6525e-01 -1.7427e+00 5.1621e+00
13618 -4.0226e-01 -7.2119e+00 1.1015e+01
13619 3.2934e+00 -2.2467e-01 2.8288e+00
13620 -1.6939e+00 -8.8748e-01 6.1626e+00
13621 2.5783e+00 2.1998e+00 7.1334e+00
13622 -1.9896e+00 3.8791e+00 7.3331e+00
13623 2.7463e+00 -2.1213e+00 3.8523e+00
13624 -5.0042e+00 -1.5366e+00 -4.9661e+00
13625 -1.2189e+00 -5.6982e+00 -2.3673e+00
13626 -1.5630e+00 3.1960e+00 5.6168e+00
13627 1.6761e+00 -4.2960e-01 5.7834e+00
13628 -3.7893e+00 1.5891e+00 7.5543e+00
13629 -4.1226e+00 -2.2717e+00 6.5167e+00
13630 -5.7797e+00 1.6574e+00 6.3661e+00
13631 -3.1265e+00 1.9135e+00 6.4792e+00
13632 -2.9954e-01 -4.0114e+00 7.9008e+00
13633 -3.4197e+00 2.4295e-01 4.2608e+00
13634 -2.5956e+00 -5.1119e+00 1.6732e+00
13635 -1.5602e+00 7.0304e-01 1.4121e-01
13636 1.3037e+00 -8.3705e+00 -2.7714e+00
13637 -5.7473e+00 -1.0329e+00 5.9490e+00
13638 7.0346e-01 3.0683e+00 1.8710e+00
13639 -1.5011e+00 -4.3528e+00 8.5656e+00
13640 -3.6183e+00 -9.1007e+00 6.0473e+00
13641 -1.5247e+00 -3.6615e+00 -6.1541e+00
13642 -5.6334e+00 -3.2564e+00 9.9240e-01
13643 6.4954e-01 -3.0865e+00 -2.7142e+00
13644 -6.4260e-02 -2.9995e+00 5.2147e+00
13645 -2.4216e+00 -2.2478e+00 -2.5028e+00
13646 -2.5317e-01 5.1490e+00 5.2663e+00
13647 -6.5993e-01 -2.7369e+00 6.9826e-01
13648 -5.5402e+00 -6.1329e+00 3.4381e+00
13649 4.5618e+00 3.6760e+00 4.2439e+00
13650 2.2062e+00 2.4469e+00 7.0921e+00
13651 3.3416e+00 7.8497e-01 7.7371e+00
13652 -3.4160e+00 -3.1845e+00 2.5951e+00
13653 -2.9592e+00 -3.5763e+00 -5.8564e-01
13654 3.7544e+00 -1.9624e+00 -1.7423e-01
13655 -1.9095e+00 -2.1417e+00 9.7567e+00
13656 -2.4658e+00 -2.0834e+00 3.6819e+00
13657 1.9654e+00 -1.4019e+00 9.6777e+00
13658 3.0171e+00 -9.6097e-01 8.8173e+00
13659 -5.5194e+00 -1.3391e+00 2.7011e+00
13660 -1.6063e+00 -5.2666e+00 1.5381e+00
13661 4.9287e-01 -3.8951e+00 -3.2089e-01
13662 -1.2007e+00 -2.3392e+00 -4.7027e+00
13663 -2.7313e+00 -8.5916e+00 8.1148e+00
13664 -2.7448e+00 -3.5030e+00 4.3414e+00
13665 -2.8645e+00 -1.3499e-01 9.6456e+00
13666 -2.1612e+00 1.0670e-02 6.2826e-01
13667 1.9243e+00 -3.9542e+00 1.3108e+00
13668 -1.4413e+00 -5.5473e+00 5.3998e+00
13669 1.6695e+00 -2.5400e+00 5.4789e+00
13670 -1.9047e+00 2.3487e+00 1.3199e+01
13671 -1.5755e+00 -6.0037e+00 5.1906e+00
13672 -5.3441e+00 -7.3414e+00 5.1222e+00
13673 8.5491e-01 -9.3528e+00 1.0607e+01
13674 -3.5257e+00 -2.4605e+00 4.0125e+00
13675 4.3802e-01 -5.5567e+00 3.8394e+00
13676 -2.1288e+00 -8.4436e+00 4.1790e-01
13677 1.5582e+00 -1.8784e+00 8.6916e+00
13678 -1.1615e+00 -4.4452e+00 -2.7967e+00
13679 -3.3298e+00 -4.1240e+00 4.7715e+00
13680 -4.4691e+00 -1.9642e+00 6.8545e+00
13681 -1.6439e+00 -6.0995e+00 3.9168e+00
13682 -3.8788e+00 -5.3948e+00 7.0427e+00
13683 3.0889e+00 2.5367e+00 1.3716e+00
13684 -4.2195e+00 -5.9383e+00 -3.1054e+00
13685 -5.6564e+00 -3.1441e+00 4.3199e+00
13686 -2.6541e+00 -1.5563e+00 1.1480e+01
13687 -3.2479e+00 3.8234e+00 6.3430e+00
13688 3.0556e+00 -4.7677e+00 1.0208e+01
13689 -4.3081e+00 -6.1883e+00 8.3989e+00
13690 -1.1534e+00 4.1339e+00 3.4207e+00
13691 -2.3565e+00 -2.9595e-02 3.8594e+00
13692 -8.6373e-01 1.3090e+00 5.9638e+00
13693 -3.7741e+00 8.4016e-01 7.7370e+00
13694 -1.0507e+00 -3.3642e+00 -3.0761e+00
13695 -1.1322e+00 1.5785e+00 5.4271e+00
13696 -7.8302e-01 1.1061e-01 6.9630e+00
13697 -2.8303e+00 -2.6046e+00 3.2785e+00
13698 -6.8386e+00 -8.0019e-01 8.6599e-01
13699 3.9023e+00 -4.3732e+00 5.4552e+00
13700 -7.3504e-01 2.9922e+00 6.5615e+00
13701 -2.2019e+00 -3.7613e+00 6.2690e+00
13702 -2.8678e+00 6.9428e-01 3.4551e+00
13703 2.1639e+00 -5.3984e+00 -1.9965e+00
13704 3.8689e+00 -1.5775e+00 -5.3818e+00
13705 3.6269e+00 -8.8249e+00 3.2973e+00
13706 -2.8537e+00 -7.3430e+00 3.3024e+00
13707 2.5318e+00 -4.2558e-01 1.1264e+01
13708 -3.8469e-01 1.1478e+00 9.1446e+00
13709 5.3692e+00 -5.8621e+00 1.4807e+00
13710 3.2526e+00 -1.7024e+00 -1.5816e+00
13711 -1.4104e+00 -2.3361e+00 -2.2788e-01
13712 1.0412e+00 -2.5997e+00 5.7384e+00
13713 -1.6340e+00 -6.9940e+00 -9.7772e-01
13714 -7.3729e-01 2.7196e+00 4.3302e+00
13715 1.6128e+00 -3.5737e+00 -3.3102e-01
13716 -4.0491e+00 -4.6134e+00 2.5342e+00
13717 1.3588e+00 -8.1614e+00 6.7716e+00
13718 -5.0421e+00 7.3454e+00 6.1755e+00
13719 -1.3938e-01 -3.1570e+00 3.0701e+00
13720 -4.1807e-01 -1.8303e+00 7.7259e+00
13721 -5.2640e-01 -2.2693e+00 -2.2450e+00
13722 -5.8353e+00 -4.4036e+00 -4.6944e-01
13723 6.9007e-01 -4.8428e-01 5.2071e+00
13724 8.8992e-01 2.1746e+00 8.0750e+00
13725 4.2893e+00 2.1204e+00 -1.8454e+00
13726 4.6107e+00 -3.4019e+00 -1.4449e+00
13727 -7.4441e-01 2.3820e+00 -1.7000e+00
13728 -1.9838e+00 2.3350e+00 -5.4621e+00
13729 4.0731e+00 8.6303e+00 9.6192e+00
13730 -2.9873e+00 4.2117e+00 2.3030e+00
13731 -4.4037e+00 -5.1482e+00 8.4260e+00
13732 -1.6147e+00 2.1515e+00 6.9498e+00
13733 2.1177e+00 -4.5486e+00 1.2381e+00
13734 -1.5901e+00 -1.4969e+00 9.4107e+00
13735 3.9353e+00 -9.0487e+00 7.1219e-01
13736 -4.4069e+00 -5.2335e+00 5.2243e+00
13737 8.6048e-01 2.4759e-01 -6.6936e-01
13738 -3.4155e+00 -2.7446e+00 5.2730e+00
13739 -6.2806e-01 -2.9271e+00 2.9320e+00
13740 4.7854e+00 -5.1438e+00 4.5595e+00
13741 3.5080e+00 -7.7813e+00 8.7920e-02
13742 -6.4912e+00 4.8145e-01 4.7806e+00
13743 -1.7353e+00 2.9818e+00 -7.3944e-02
13744 -4.6070e+00 -2.1083e+00 2.7374e+00
13745 -3.5782e+00 -5.2496e+00 9.7942e+00
13746 8.9977e-01 -5.6805e+00 5.7534e+00
13747 -6.4471e-01 -1.4033e+00 -4.0258e-01
13748 -3.8167e+00 -4.1666e-01 7.5613e+00
13749 1.0923e+00 -2.0465e+00 6.4279e+00
13750 -3.8295e+00 -2.6341e+00 1.7229e+00
13751 -1.1840e+00 -1.1304e+00 -2.7345e+00
13752 2.1104e-02 -7.2732e+00 2.6402e+00
13753 -4.9825e-01 -5.8045e-01 4.6694e-01
13754 -1.3895e+00 -5.6648e+00 8.2502e+00
13755 -2.7630e+00 -6.3386e+00 8.5966e+00
13756 -6.1627e+00 -1.5403e+00 4.4217e+00
13757 -4.2232e+00 -2.5112e+00 7.5584e+00
13758 -1.2437e+00 6.3366e-01 9.4832e+00
13759 -5.1085e+00 -3.8029e+00 6.8641e+00
13760 -2.1664e+00 3.6652e-01 3.1563e+00
13761 1.5676e+00 -8.5687e+00 3.3910e+00
13762 1.3977e+00 -3.2249e+00 3.8708e+00
13763 2.9558e-02 3.9853e+00 8.6757e+00
13764 8.2715e-01 -1.9512e+00 9.3661e+00
13765 2.0985e-01 -6.4373e+00 2.2952e+00
13766 4.8057e+00 -3.4084e+00 2.9004e+00
13767 -1.5638e+00 4.8127e-01 7.9118e+00
13768 1.3846e+00 1.9667e+00 4.7396e+00
13769 -4.5036e-01 -2.2285e+00 6.3531e+00
13770 1.4019e+00 -5.2294e+00 6.5450e+00
13771 -2.8342e+00 -5.3678e+00 5.2561e+00
13772 1.6466e-01 -4.9582e+00 2.7675e+00
13773 -1.3195e-01 3.8657e+00 1.1940e+00
13774 5.6729e-01 4.1209e-01 1.3310e+00
13775 -5.7470e-02 3.5442e-01 2.5906e+00
13776 -2.3478e+00 1.1225e+00 1.6594e+00
13777 -1.7238e+00 3.5601e-01 2.6245e-01
13778 1.2949e+00 7.4542e-01 4.1257e+00
13779 7.3550e-01 1.3690e+00 1.4603e+01
13780 -6.4990e+00 1.1587e+00 4.8294e+00
13781 -3.2855e+00 3.0881e+00 3.8953e+00
13782 5.9351e+00 3.6659e+00 1.9229e+00
13783 -3.4701e+00 4.8287e+00 3.7577e+00
13784 -2.1218e+00 -7.2138e+00 3.2889e+00
13785 -1.9014e+00 -4.2160e+00 7.7451e+00
13786 -9.9078e-01 2.3933e+00 5.8168e+00
13787 -9.1165e-01 3.8015e+00 2.5906e+00
13788 1.0926e-01 -4.1447e+00 2.2818e+00
13789 -2.7606e-01 1.7196e+00 6.3109e+00
13790 2.8880e+00 -1.1213e-01 4.9221e+00
13791 6.3893e-01 3.8149e+00 2.6396e+00
13792 -1.3001e-01 6.7715e+00 6.7468e+00
13793 3.3009e+00 -2.6653e+00 7.5766e+00
13794 -7.5885e+00 -7.2788e+00 2.2023e+00
13795 4.1275e-01 6.8282e-01 4.2047e+00
13796 -2.4290e+00 -2.4531e+00 6.8889e+00
13797 -3.1640e+00 -2.3817e+00 -2.3447e+00
13798 3.1585e+00 -6.7708e-01 8.5162e+00
13799 1.4458e+00 1.2420e+00 -6.0125e-01
13800 3.4297e+00 -3.7350e+00 9.8902e+00
13801 -3.0680e+00 -2.7329e+00 1.0199e+01
13802 -6.6414e+00 9.7358e-01 2.7946e+00
13803 2.7558e+00 -5.5625e+00 -1.8014e+00
13804 -2.4731e+00 -4.2729e+00 1.0484e+01
13805 1.2918e+00 -7.1377e+00 8.8647e-01
13806 -1.6092e+00 1.0645e+00 2.7047e+00
13807 -1.9559e-01 1.4793e+00 8.2750e+00
13808 -6.3790e-01 -6.2576e-01 2.3713e+00
13809 -3.6173e+00 -2.5464e+00 -1.8773e+00
13810 2.5229e+00 2.2111e+00 1.5266e+00
13811 -3.3708e+00 1.7497e-01 -3.3675e+00
13812 3.8774e+00 -6.7903e+00 -2.4882e-01
13813 -4.5007e+00 -2.7084e+00 2.5570e+00
13814 8.7705e-01 -5.6186e+00 -2.3434e+00
13815 -6.4081e-01 4.8178e-01 6.6094e+00
13816 4.1866e-01 2.3210e-02 5.2963e+00
13817 -2.6933e+00 1.3088e+00 4.0759e+00
13818 6.5188e-01 -2.9242e+00 2.9331e+00
13819 -1.5753e+00 -4.3953e+00 -7.1015e+00
13820 2.5979e+00 2.6706e+00 2.5540e+00
13821 3.1959e+00 2.6767e+00 -3.1897e+00
13822 4.4121e+00 -6.2775e+00 6.9743e+00
13823 -4.0068e-03 9.1559e+00 9.0761e+00
13824 -2.6040e+00 -2.3772e+00 4.4495e+00
13825 -2.4963e+00 -5.5660e+00 -1.6189e+00
13826 -2.2437e+00 -5.2019e+00 9.2808e+00
13827 3.6046e+00 -4.2501e+00 9.9266e-01
13828 -3.4163e+00 -5.9918e+00 1.4958e+00
13829 -4.0250e+00 2.9526e-01 1.9610e+00
13830 -3.4412e+00 -5.6519e+00 6.4660e+00
13831 -9.8140e-01 1.1017e+00 6.0588e+00
13832 -3.0040e+00 -1.9311e+00 2.7788e+00
13833 -6.0139e+00 -4.2289e+00 1.6274e+00
13834 -4.0984e+00 2.1392e+00 7.1935e+00
13835 -3.9669e+00 -6.5251e+00 4.3629e+00
13836 -1.2218e+00 -5.2383e+00 4.9708e+00
13837 -2.9815e+00 2.3507e+00 1.0036e+01
13838 -7.6078e+00 -7.8100e+00 -1.0615e+00
13839 -3.8047e+00 -6.1614e+00 -1.2404e+00
13840 -5.5852e-01 -1.3399e+00 6.4158e+00
13841 -2.6311e+00 1.0841e-01 4.3289e+00
13842 -2.2537e-01 -5.2821e+00 4.4772e+00
13843 -2.0307e+00 -3.5953e+00 7.5013e+00
13844 -2.3908e+00 -5.2750e+00 7.7321e+00
13845 -1.1138e+00 -3.8357e+00 6.9845e+00
13846 3.1439e+00 7.1119e-01 8.7663e-01
13847 -2.3882e-01 -4.3734e+00 1.2765e+01
13848 -4.9903e+00 -1.5234e+00 3.6135e+00
13849 1.5445e+00 -9.6702e-01 2.6395e-01
13850 -5.1383e+00 1.5650e+00 1.7510e+00
13851 -4.2885e+00 -3.5727e+00 4.8445e+00
13852 -7.9047e-01 -2.3279e+00 -3.6456e+00
13853 -2.3748e+00 -6.2170e-01 7.7560e+00
13854 -2.8809e+00 -2.1650e+00 2.4670e+00
13855 -4.0262e+00 4.3203e+00 3.0311e+00
13856 7.6944e+00 -4.7498e-01 5.2317e+00
13857 4.3089e+00 -8.6046e-01 7.2002e-01
13858 2.0021e-02 -3.2291e+00 5.8294e+00
13859 2.2753e-01 -9.5103e-01 6.0921e+00
13860 -2.2253e+00 -3.3009e+00 2.6081e+00
13861 3.9950e+00 -5.2430e+00 2.2666e+00
13862 8.6353e-01 -4.4478e+00 2.4174e+00
13863 -4.3681e+00 -1.0828e+00 4.8990e+00
13864 -1.6026e+00 3.3603e+00 5.3656e+00
13865 -5.1802e+00 -8.5231e-01 1.0984e+01
13866 8.3608e-02 -8.6941e+00 -6.9210e-01
13867 4.4042e+00 -5.5887e-01 3.6613e+00
13868 -2.3446e+00 -8.4568e-01 3.6489e+00
13869 1.5532e+00 -3.8797e+00 1.0822e+00
13870 -3.6600e+00 3.7409e+00 8.0298e+00
13871 -3.4493e+00 2.7193e+00 6.0410e+00
13872 -1.7742e+00 -3.3313e+00 6.4468e-02
13873 1.5095e+00 -1.1211e+00 1.0293e+00
13874 2.2777e-01 4.4043e+00 5.3199e+00
13875 -4.4342e+00 -1.9468e+00 -8.1032e-02
13876 -3.6844e+00 1.8803e-01 3.4401e-01
13877 4.5579e+00 -2.8678e+00 -4.9672e-01
13878 -2.2099e+00 -1.1068e+00 1.8915e+00
13879 -1.3838e+00 5.2152e+00 -2.4672e+00
13880 -1.2466e+00 -3.5224e+00 -5.0045e+00
13881 1.5708e+00 -2.3186e+00 -1.9017e+00
13882 2.1250e+00 -1.4002e+00 -4.7660e-01
13883 1.4031e+00 -3.1086e+00 -9.5310e-01
13884 2.1703e+00 -4.5449e+00 2.1129e+00
13885 -1.0003e+00 8.2050e-01 1.5135e+00
13886 3.4667e-01 2.0490e+00 -5.6658e-01
13887 -3.4490e+00 6.2752e-01 5.1621e+00
13888 5.1714e+00 8.8771e-01 1.3891e+00
13889 -2.8917e+00 3.1763e+00 6.1579e+00
13890 -3.7237e+00 -1.9328e+00 -2.7374e+00
13891 -7.2989e+00 -3.0787e+00 4.8036e+00
13892 4.8219e+00 5.7535e+00 4.6185e+00
13893 -5.5685e+00 -3.3211e-01 1.0630e+01
13894 -4.9465e+00 2.8397e+00 -3.3514e+00
13895 2.2334e-01 2.9413e+00 2.0345e+00
13896 2.8799e-01 4.0267e+00 -2.7380e+00
13897 1.9460e+00 -2.3606e+00 -1.0792e+00
13898 -8.0236e+00 3.4119e+00 1.1644e+00
13899 -3.1670e+00 -7.0453e+00 8.1784e+00
13900 -1.1549e+00 -1.8994e+00 2.5067e+00
13901 -5.5652e+00 4.2650e+00 8.3284e+00
13902 3.3339e+00 3.1908e+00 4.0177e+00
13903 -7.5516e-01 1.4405e+00 3.5903e+00
13904 1.4465e+00 -3.5710e-01 8.2395e-01
13905 3.0319e+00 6.4635e+00 -4.0029e-01
13906 5.7917e-01 4.4368e-01 5.4715e+00
13907 -2.1676e+00 1.1657e-01 6.9118e+00
13908 5.0522e-01 -1.2114e-01 4.2784e+00
13909 3.0935e-01 -1.1307e+00 6.8286e+00
13910 -3.4612e+00 -2.4551e+00 -9.6340e-01
13911 4.4081e+00 1.3288e-01 2.3288e+00
13912 8.1955e-01 3.7217e+00 1.1969e+00
13913 1.0367e+00 4.9540e+00 1.0741e+00
13914 -6.8477e+00 9.0820e+00 3.5575e+00
13915 1.4816e+00 -1.6335e+00 -5.8118e+00
13916 2.0695e+00 -3.4455e+00 1.1599e+01
13917 -4.1362e+00 2.9373e+00 1.8315e+00
13918 -4.1030e+00 3.7301e+00 1.8146e+00
13919 -1.3350e+00 1.0472e+00 5.3656e+00
13920 -2.2871e+00 8.0971e+00 -4.2605e+00
13921 -1.1847e+00 3.0548e+00 2.2781e+00
13922 -1.1142e+00 -1.9101e+00 -2.6313e+00
13923 5.2126e-02 -9.2958e+00 -2.4082e-01
13924 4.6698e-01 -8.4862e-01 7.5354e+00
13925 -5.2737e+00 9.4208e-01 2.4843e+00
13926 -3.6076e+00 -2.8359e+00 4.8682e+00
13927 -2.8676e+00 4.5094e+00 1.9111e+00
13928 -2.5294e-02 -3.4411e-01 7.0862e+00
13929 -1.7522e+00 -8.5677e-01 5.8466e-01
13930 -1.6059e+00 3.7197e+00 3.7617e+00
13931 -2.7932e+00 -7.4142e-01 4.5185e+00
13932 2.5163e-01 1.4114e+00 8.1068e+00
13933 -1.6418e+00 4.4867e+00 -3.3330e+00
13934 -1.1100e+00 1.0225e+00 1.0954e-01
13935 -5.6695e+00 2.7904e+00 3.3811e+00
13936 -3.8064e+00 -1.6835e+00 -2.4175e+00
13937 6.3929e-01 -1.4480e+00 2.4320e+00
13938 -2.6150e+00 -1.0589e+00 3.9897e+00
13939 3.0431e-01 5.4249e+00 3.6216e+00
13940 -4.3940e+00 1.2533e+00 -3.1275e+00
13941 -4.5529e-01 5.6199e+00 -7.8395e+00
13942 -4.1161e+00 4.8782e+00 1.6636e+00
13943 5.1730e-01 -3.4634e+00 6.8861e+00
13944 3.7050e+00 2.2953e+00 9.3245e+00
13945 -1.1526e+00 -9.7442e-01 3.2897e+00
13946 -7.8858e-01 2.1806e+00 -1.4774e-01
13947 2.5090e+00 8.8267e-01 4.9209e+00
13948 -9.7018e-01 3.8080e+00 3.0935e+00
13949 2.4708e+00 1.6219e+00 5.1555e-01
13950 1.3658e+00 -3.6836e+00 9.5778e+00
13951 6.4250e-02 -3.9233e+00 2.6174e+00
13952 2.8607e+00 1.9084e+00 7.9753e+00
13953 -2.2695e+00 -9.4208e-01 6.3461e+00
13954 7.6185e-01 1.4278e+00 3.6700e+00
13955 -2.8227e+00 -2.0884e+00 4.7354e+00
13956 -4.9801e+00 -3.2647e-01 7.9114e+00
13957 5.4645e+00 -4.2661e-01 3.6180e+00
13958 2.6898e+00 -9.0838e-01 2.5218e+00
13959 -3.7095e+00 3.1986e+00 3.4783e+00
13960 -5.2541e-02 2.0643e-01 8.3698e+00
13961 -3.4583e-03 -8.4300e+00 6.1800e+00
13962 -2.7145e+00 2.6141e+00 1.0174e+01
13963 1.6277e+00 3.7440e+00 8.5156e-01
13964 3.5904e+00 5.7397e-02 -1.5507e+00
13965 1.5843e+00 -2.3699e+00 8.7586e+00
13966 6.2985e-01 2.5203e+00 9.0362e+00
13967 -1.8263e-01 7.1564e+00 5.6207e+00
13968 -1.3153e+00 1.2436e+00 4.9721e+00
13969 -2.8508e-01 -1.1991e+00 -3.1829e+00
13970 1.4498e+00 -5.9779e+00 4.7140e+00
13971 2.6789e+00 -1.7432e+00 2.4459e+00
13972 2.0032e+00 9.4184e-01 2.0302e+00
13973 2.7293e+00 -4.8052e+00 6.7352e+00
13974 -6.0485e-02 -4.9571e+00 2.7532e+00
13975 1.8189e+00 -9.5378e-01 1.0530e+01
13976 2.3631e+00 8.2956e-01 2.7610e-01
13977 -3.1425e+00 -2.8890e+00 8.2292e+00
13978 1.0672e+00 3.2489e+00 5.5128e+00
13979 -6.0230e+00 8.4531e-01 8.0618e+00
13980 -1.7147e+00 -2.8329e+00 1.5193e+00
13981 -1.3121e+00 -3.2776e+00 5.9483e+00
13982 6.1420e+00 -4.8574e+00 4.0214e-01
13983 -1.9978e+00 -1.5403e+00 6.2434e+00
13984 2.8467e+00 -2.2505e+00 7.0427e+00
13985 2.3982e+00 2.9567e+00 4.2180e-01
13986 -3.7443e+00 4.7948e+00 4.0255e+00
13987 -3.2355e+00 -8.6072e-01 4.2891e+00
13988 -2.5629e+00 -2.8847e+00 9.0770e+00
13989 3.5424e+00 2.7459e+00 2.6019e+00
13990 -8.4834e-02 6.1734e+00 4.8238e+00
13991 -1.1328e+00 2.6742e-01 7.9308e+00
13992 1.8461e+00 1.2413e+00 1.7213e+00
13993 -1.7491e+00 2.4235e+00 4.4112e+00
13994 3.6083e+00 -3.7417e+00 2.9608e+00
13995 -1.5059e+00 -3.9996e-01 4.5061e+00
13996 1.3976e+00 -1.1034e+00 1.7587e+00
13997 -1.5400e+00 -6.3789e+00 7.1832e+00
13998 1.6260e+00 -7.8024e+00 7.7066e+00
13999 2.4904e+00 3.3456e+00 5.8326e+00
14000 3.7319e+00 -6.0718e+00 7.1432e+00
14001 -1.1564e+00 -8.3252e+00 4.2770e+00
14002 -3.9216e+00 4.2776e+00 7.7203e+00
14003 2.2568e+00 -5.9680e+00 3.8135e+00
14004 -7.0754e-01 -1.5655e-01 3.5884e+00
14005 -7.1666e+00 3.2776e+00 2.4024e+00
14006 -2.2847e+00 2.9256e+00 5.2949e+00
14007 -2.9102e+00 -1.7241e+00 -1.9048e-01
14008 1.0040e+00 3.5816e+00 2.8080e+00
14009 6.9248e-01 2.1103e-01 1.3670e+00
14010 -1.1662e+00 -7.6957e+00 4.2581e+00
14011 1.2537e+00 -4.2390e+00 9.7014e+00
14012 1.2234e+00 -3.0962e+00 8.8793e+00
14013 6.2825e-01 1.0837e+00 -1.6869e+00
14014 -2.3558e+00 -3.9113e-01 6.3269e+00
14015 -2.4048e+00 -5.2795e+00 8.3003e+00
14016 -2.5893e+00 -2.8994e+00 4.5631e+00
14017 -1.4945e+00 -4.5723e+00 3.6228e+00
14018 1.6758e-02 -1.6363e-01 6.5166e+00
14019 -3.5870e+00 2.2419e+00 7.1443e+00
14020 -4.3433e+00 6.9396e-01 1.0571e+01
14021 3.0162e+00 -1.5717e+00 3.3105e+00
14022 3.5672e+00 -4.0791e-01 -5.7688e+00
14023 -1.5732e+00 4.4573e+00 2.1157e+00
14024 -3.4337e+00 -1.1112e+00 4.9875e+00
14025 -4.8754e+00 2.4163e+00 -1.9180e+00
14026 -7.3065e+00 4.7886e+00 6.7209e+00
14027 -1.1101e+00 -4.4855e+00 -2.6119e+00
14028 2.9200e+00 4.4582e+00 1.5544e-01
14029 -3.9295e-01 -2.9377e+00 1.2937e+00
14030 -6.7958e+00 2.4771e+00 1.4871e+00
14031 -7.3935e-01 -6.9972e+00 5.5534e+00
14032 -7.7522e+00 4.1462e+00 4.0569e+00
14033 7.7461e+00 9.3714e-01 7.6650e+00
14034 2.5261e+00 -2.1307e+00 -3.3492e+00
14035 2.0591e-01 7.2628e-01 7.9389e+00
14036 -2.1228e+00 -2.5440e+00 1.0465e+01
14037 -7.0321e+00 4.9985e+00 -3.2135e+00
14038 -4.4231e+00 5.1003e+00 -4.9961e-01
14039 -3.7811e-01 2.1789e+00 2.2469e+00
14040 -2.7594e+00 -4.1507e-01 1.5207e+00
14041 -1.5968e+00 3.8124e+00 8.1329e+00
14042 -2.2248e+00 1.2620e+00 7.2090e-01
14043 -4.7613e+00 8.2903e-01 -9.1366e+00
14044 -5.7715e+00 2.3871e+00 -4.9396e+00
14045 -5.3849e+00 1.0874e+00 -1.8324e+00
14046 -2.8666e+00 2.8626e+00 -5.3964e+00
14047 -6.9863e+00 3.3195e+00 -9.3019e+00
14048 -4.3797e+00 3.5372e+00 -9.2345e+00
14049 2.9855e+00 6.5950e+00 -3.4641e+00
14050 -4.2535e+00 2.6500e+00 -6.8618e+00
14051 -3.7254e+00 1.4499e+00 -9.3266e+00
14052 -3.3916e+00 5.3087e+00 -9.0520e+00
14053 -5.3366e-01 2.8725e+00 -5.0036e+00
14054 -5.1402e+00 3.2991e+00 -9.0598e+00
14055 -2.7861e+00 2.3590e+00 -4.8004e+00
14056 -1.0967e+00 4.1891e+00 7.2983e+00
14057 6.2858e-02 -9.5794e-01 9.0342e-01
14058 -1.9410e+00 -5.2380e+00 -4.6640e+00
14059 -4.1834e+00 -2.4754e+00 1.3020e+01
14060 3.7397e-01 1.0139e+00 6.4944e+00
14061 -9.2577e-01 -4.5718e+00 6.1007e+00
14062 -4.7901e+00 -3.3989e+00 -1.1738e+00
14063 -3.4089e-01 -3.0448e+00 4.6798e+00
14064 1.9700e-01 1.5237e-02 1.8605e+00
14065 -3.6139e+00 -7.3401e-01 4.1333e+00
14066 -1.1174e+00 -5.1257e-01 2.5006e+00
14067 7.3257e-01 -3.3422e+00 4.1721e+00
14068 -4.9423e-01 -3.1358e+00 -1.1784e+00
14069 -5.0788e+00 3.6655e+00 7.0192e+00
14070 -1.5306e+00 -3.4431e+00 1.4850e+01
14071 -1.5415e+00 4.0398e+00 1.3823e+01
14072 -5.7733e-01 -5.7180e-01 1.3457e+01
14073 -1.5205e+00 3.5139e+00 1.6179e+01
14074 -4.4499e+00 6.9101e+00 1.3181e+01
14075 2.2372e+00 -1.2762e+00 1.6242e+01
14076 -1.9519e+00 -3.0271e+00 1.6600e+01
14077 1.9276e-02 1.5950e+00 1.7677e+01
14078 4.5972e+00 1.1429e-01 1.6983e+01
14079 -1.8126e+00 -4.0676e-01 1.7488e+01
14080 7.0552e-01 2.5436e+00 1.8293e+01
14081 -8.8511e-01 -1.1583e+00 1.8478e+01
14082 -1.7136e+00 6.0564e-01 1.5970e+01
14083 -6.9626e+00 2.6478e+00 1.8724e+01
14084 -4.3204e+00 2.6528e+00 1.8233e+01
14085 -1.2029e+00 3.3902e+00 1.6992e+01
14086 1.7584e+00 2.0688e+00 1.7255e+01
14087 -3.5115e+00 -6.9578e+00 1.8710e+01
14088 -6.5197e+00 -4.4472e+00 1.7680e+01
14089 -1.6753e+00 -4.9450e-01 1.8295e+01
14090 -2.7295e+00 -8.9281e+00 1.8225e+01
14091 -2.3810e+00 -2.2048e+00 1.6513e+01
14092 -3.3566e+00 -5.8819e+00 1.7529e+01
14093 3.1343e-01 3.0625e-01 1.8471e+01
14094 -2.8251e-01 1.0418e+00 1.7508e+01
14095 -6.1334e+00 1.2133e+00 1.8343e+01
14096 -2.2644e-03 -7.9280e-01 1.7633e+01
14097 6.4867e-01 7.2392e-01 1.8618e+01
14098 -3.7347e+00 -2.8538e+00 1.5951e+01
14099 1.8560e-02 -4.7007e-01 1.5917e+01
14100 -2.2022e+00 -9.4489e-01 1.3505e+01
14101 -4.3949e+00 4.6908e+00 1.7647e+01
14102 -3.6174e+00 -7.4514e-01 1.8708e+01
14103 -1.5066e+00 5.0141e+00 1.7519e+01
14104 -2.2392e+00 8.9745e+00 1.8180e+01
14105 -4.1018e+00 1.2670e+00 1.6796e+01
14106 7.1605e-01 9.7796e-01 1.4572e+01
14107 2.7739e+00 -2.6896e+00 1.7588e+01
14108 -2.2025e+00 -9.2328e+00 1.7675e+01
14109 -3.8745e+00 -2.2549e+00 1.8237e+01
14110 -5.7644e-01 3.9685e+00 1.8635e+01
14111 -3.3956e+00 7.7715e+00 1.7506e+01
14112 -2.4711e+00 4.4714e+00 1.8688e+01
14113 -8.4241e+00 3.4922e-01 1.7823e+01
14114 6.2994e-01 -1.8550e+00 1.7725e+01
14115 -6.5855e+00 -4.4841e+00 1.8224e+01
14116 -5.5340e+00 -4.6607e-01 1.7848e+01
14117 -2.4725e+00 -2.8517e+00 1.8178e+01
14118 -5.2604e+00 -1.7651e+00 1.8702e+01
14119 -1.3099e+00 3.0007e+00 1.8003e+01
14120 2.6692e-01 4.6191e+00 1.8522e+01
14121 -3.9222e+00 6.8887e+00 1.8286e+01
14122 -3.8514e+00 2.9191e+00 1.8509e+01
14123 2.9291e-01 -1.1843e+00 1.8316e+01
14124 -2.1745e+00 -7.2217e+00 1.8002e+01
14125 1.6297e+00 -5.3080e+00 1.7825e+01
14126 -1.8610e+00 -3.0241e+00 8.8583e+00
14127 -3.4975e+00 -2.6096e+00 1.4939e+01
14128 -1.5076e+00 3.0077e+00 1.3602e+01
14129 -4.5072e+00 -3.0805e+00 1.5738e+01
14130 -6.7844e-01 4.0816e+00 1.6868e+01
14131 -3.6671e-04 -1.7254e+00 1.8717e+01
14132 6.7540e+00 -4.7249e+00 1.7434e+01
14133 -5.4474e+00 -3.2344e+00 1.7730e+01
14134 9.2301e-01 -7.7110e+00 1.7444e+01
14135 -6.9678e-01 -1.3471e+00 1.2502e+01
14136 5.7110e-01 -5.2834e+00 1.5886e+01
14137 8.0138e-01 -5.0537e+00 1.7902e+01
14138 2.6986e-01 -1.4080e+00 1.8732e+01
14139 -1.2286e-01 -3.1058e-01 1.8186e+01
14140 -4.7895e+00 -7.5098e+00 1.1362e+01
14141 -3.6567e+00 1.2415e+00 7.9574e+00
14142 8.0168e-01 -3.2948e+00 1.8394e+01
14143 -3.2763e+00 -4.4181e+00 1.8249e+01
14144 6.2330e+00 -3.4362e+00 1.6790e+01
14145 -4.5104e+00 -3.2584e+00 1.8052e+01
14146 -3.3494e+00 -2.9225e+00 5.3477e+00
14147 -3.5003e+00 1.1563e+00 1.8775e+01
14148 -3.9595e-01 -3.0117e+00 1.7072e+01
14149 2.9356e+00 -9.3870e+00 1.8729e+01
14150 -4.0205e+00 -4.3280e+00 1.8331e+01
14151 -2.0225e-01 -2.6118e+00 1.5886e+01
14152 5.3084e-01 -2.0563e+00 1.6855e+01
14153 -1.2658e+00 -6.3392e+00 1.8727e+01
14154 -2.5522e+00 -2.5143e+00 1.5748e+01
14155 -9.1340e-01 -4.3445e+00 7.6940e+00
14156 -2.3934e+00 -5.1202e+00 1.3119e+01
14157 3.0203e-01 2.9001e+00 1.7831e+01
14158 2.4672e+00 -5.8016e+00 1.4539e+01
14159 2.1677e+00 -5.4099e+00 1.4413e+01
14160 3.1283e+00 -9.0810e+00 1.8333e+01
14161 -2.8705e-01 -5.7017e+00 1.1614e+01
14162 -6.8643e-01 -8.2129e+00 1.8671e+01
14163 -4.7118e+00 -5.5582e+00 1.6236e+01
14164 -4.0888e+00 -4.1238e+00 1.8135e+01
14165 -4.5386e+00 -6.5240e+00 1.4692e+01
14166 -9.5991e-01 -5.8317e-01 1.4864e+01
14167 -1.5220e+00 -1.2205e+00 1.8414e+01
14168 -6.4198e-01 -4.6720e+00 1.4862e+01
14169 -5.7922e+00 -3.7663e+00 1.1146e+01
14170 -2.6088e+00 -2.6018e+00 1.6015e+01
14171 -1.6753e+00 -2.3170e+00 1.8204e+01
14172 1.2683e+00 -1.2256e+00 1.7390e+01
14173 -4.6774e+00 -1.9319e+00 1.6372e+01
14174 -4.8887e+00 -1.5879e+00 1.4689e+01
14175 -1.1296e-01 -1.4337e+00 1.3022e+01
14176 -1.1074e-02 -8.6787e-02 1.8263e+01
14177 -1.3796e+00 6.2600e-01 1.6582e+01
14178 -2.1965e+00 -6.7922e+00 1.7568e+01
14179 7.1687e-01 -6.7038e+00 1.7512e+01
14180 -4.9241e+00 1.4777e+00 1.8603e+01
14181 1.1343e+00 -6.1493e+00 1.8433e+01
14182 -1.0061e+00 1.3506e+00 1.6432e+01
14183 -3.9751e+00 -5.7236e-02 1.6925e+01
14184 -2.1208e+00 1.0259e+00 1.8203e+01
14185 1.9752e+00 -6.2395e+00 1.6133e+01
14186 -2.2518e+00 -6.8237e+00 1.8624e+01
14187 4.8965e-01 -1.2980e+00 1.6761e+01
14188 -3.9478e+00 -7.9547e+00 1.8540e+01
14189 1.6666e+00 -4.3106e+00 9.6124e+00
14190 -2.0028e+00 -3.7883e+00 1.7324e+01
14191 6.3516e-01 5.3642e-01 1.7284e+01
14192 5.1643e-01 -8.3319e+00 1.6757e+01
14193 -1.9968e-01 -7.9021e+00 1.0151e+01
14194 2.4823e+00 -5.2404e+00 1.2252e+01
14195 -1.2857e+00 2.5655e+00 1.4943e+01
14196 1.6262e+00 -5.6494e+00 1.6612e+01
14197 2.4386e+00 -2.6490e+00 1.8487e+01
14198 -5.8493e+00 -4.3333e+00 1.6075e+01
14199 1.6225e-01 -1.9367e+00 1.8415e+01
14200 1.1997e+00 -3.2593e+00 1.8241e+01
14201 7.2312e-01 -1.7921e+00 1.7645e+01
14202 -1.8640e+00 -5.6619e+00 1.8622e+01
14203 -5.7313e-01 1.8103e+00 1.8630e+01
14204 -4.0408e+00 -9.2072e+00 1.7896e+01
14205 4.1641e+00 -7.0795e-01 1.8588e+01
14206 -1.0489e+00 2.9002e+00 1.5546e+01
14207 6.1179e-01 9.7093e-02 1.7882e+01
14208 -3.5324e+00 -2.6043e-01 1.7640e+01
14209 3.0859e+00 -2.9178e+00 1.7171e+01
14210 1.0234e+00 -2.1119e+00 1.5879e+01
14211 6.2163e-01 -3.2838e+00 1.5787e+01
14212 -8.8202e-01 -4.2943e+00 1.7851e+01
14213 -1.5826e+00 1.3113e+00 1.5174e+01
14214 2.3251e+00 -4.9828e+00 1.4157e+01
14215 -4.4982e-01 -5.6094e+00 1.8347e+01
14216 9.8309e-01 -5.5448e+00 1.8714e+01
14217 -3.4877e+00 -1.2235e-01 1.8270e+01
14218 3.2190e+00 -8.6062e+00 1.6401e+01
14219 -2.1685e+00 -9.9587e-01 1.7809e+01
14220 -5.4666e+00 -4.2690e+00 1.6837e+01
14221 -3.6920e+00 -5.1303e+00 1.6052e+01
14222 2.3205e+00 -7.0530e-01 1.7978e+01
14223 3.9906e+00 3.4172e+00 1.8206e+01
14224 -1.6452e-01 -1.4360e+00 1.7107e+01
14225 -3.4642e+00 2.7077e-01 1.5734e+01
14226 -2.6682e+00 5.0318e+00 1.7305e+01
14227 -9.0170e-01 5.6769e+00 1.7952e+01
14228 -4.1573e+00 1.1675e-01 1.8751e+01
14229 -8.2590e-01 -6.9469e+00 1.8715e+01
14230 1.0146e+00 -6.9872e+00 1.1835e+01
14231 1.2991e+00 -9.3350e+00 1.8242e+01
14232 -1.3186e+00 -5.6063e+00 1.6956e+01
14233 -4.7526e+00 -5.8139e+00 1.6604e+01
14234 -4.9871e+00 -5.3837e+00 1.7801e+01
14235 -2.7314e+00 -9.0044e-01 1.6435e+01
14236 1.5957e+00 -5.5913e+00 1.7620e+01
14237 1.6873e+00 -2.1200e+00 1.8759e+01
14238 6.6045e+00 -4.2242e+00 1.4414e+01
14239 -5.5187e+00 -3.3110e+00 1.8484e+01
14240 -1.0378e+00 -4.3465e+00 1.6990e+01
14241 -4.7742e-01 -3.6454e+00 1.7999e+01
14242 -5.0161e-01 4.9833e-01 1.6245e+01
14243 -9.0939e-02 -3.5222e+00 1.8769e+01
14244 -2.0365e+00 -2.8415e+00 1.8127e+01
14245 -5.2145e+00 -7.2363e+00 1.3852e+01
14246 -2.3896e+00 -3.1885e+00 1.8460e+01
14247 -4.7748e+00 1.0183e+00 1.5387e+01
14248 -5.7108e-01 -5.4945e+00 1.7283e+01
14249 3.1400e+00 -6.9154e+00 1.8657e+01
14250 6.7110e-01 -1.8856e+00 1.7534e+01
14251 3.9719e+00 -8.5556e+00 1.7011e+01
14252 -1.1533e-01 -1.9546e+00 1.8293e+01
14253 -1.6208e+00 5.8147e+00 1.8680e+01
14254 -1.8098e+00 -4.0829e+00 1.7957e+01
14255 6.7026e+00 -9.3533e+00 1.8423e+01
14256 -1.8149e+00 -3.4276e+00 1.8449e+01
14257 2.9298e+00 6.1564e+00 1.8053e+01
14258 -9.2161e-01 -2.8042e+00 1.6735e+01
14259 -3.4491e+00 -5.6377e+00 1.3076e+01
14260 -2.5181e+00 -3.6245e+00 1.8606e+01
14261 -3.3595e+00 -4.7917e+00 1.7305e+01
14262 -2.1530e+00 -3.5919e+00 1.8616e+01
14263 -2.7336e+00 -6.9925e+00 1.7797e+01
14264 -1.1214e+00 2.5320e+00 1.6348e+01
14265 1.0152e+00 -4.1365e+00 1.7633e+01
14266 -2.2547e+00 -6.5942e+00 1.8763e+01
14267 -8.3105e-01 -8.1910e+00 1.8284e+01
14268 -7.3986e-01 -4.0326e+00 1.7938e+01
14269 -1.8584e+00 -6.6754e+00 1.7649e+01
14270 -3.3721e+00 -4.9540e+00 1.8420e+01
14271 1.1057e+00 3.6944e-01 1.1201e+01
14272 -1.9539e+00 8.2678e-01 1.1392e+01
14273 1.7283e+00 -2.5915e+00 1.6089e+01
14274 -1.6636e+00 3.2586e-01 1.2702e+01
14275 -2.7461e-01 -4.2455e+00 1.7561e+01
14276 1.7383e+00 -1.6352e+00 6.9443e+00
14277 -4.5516e+00 -1.1296e+00 6.2668e+00
14278 8.5444e-02 -3.3955e+00 1.6659e+01
14279 -7.4157e-01 4.2863e+00 1.6351e+01
14280 -6.0196e+00 9.6480e-01 1.8200e+01
14281 2.5912e+00 1.4811e+00 1.3594e+01
14282 -4.1189e+00 2.5830e+00 -6.3037e+00
14283 4.1890e+00 3.7867e+00 -7.0156e+00
14284 -2.2365e+00 -9.2222e+00 -1.6405e+00
14285 3.3101e-01 2.4739e+00 -4.1181e+00
14286 -3.8810e+00 3.4189e+00 -6.5184e+00
14287 -4.0288e+00 -2.1698e+00 -5.1937e+00
14288 -3.9613e-01 -5.7259e-01 -4.9006e+00
14289 -1.0025e+00 -3.6281e-02 -4.2667e+00
14290 -3.6643e+00 -8.4004e-01 -6.9662e+00
14291 -3.3129e+00 1.5258e+00 -6.0787e+00
14292 -2.9965e+00 2.2713e+00 -7.5428e+00
14293 3.3427e+00 -2.3948e+00 -7.3874e+00
14294 -3.8292e+00 4.5543e+00 -7.5798e+00
14295 -3.3041e+00 -1.3747e+00 -8.0349e+00
14296 -1.4298e+00 -2.0565e+00 -8.6572e+00
14297 -2.1298e+00 2.6536e+00 -4.3437e+00
14298 -4.2510e+00 3.4102e+00 -7.6646e+00
14299 3.1933e+00 2.1890e+00 -3.2539e+00
14300 5.9242e-01 -2.7117e+00 -8.5324e+00
14301 -3.8685e-01 2.8031e-01 -1.2315e+00
14302 -8.4685e+00 2.1089e+00 -6.5173e+00
14303 -5.8161e+00 -1.1577e+00 -7.5252e+00
14304 5.7361e-01 3.1319e+00 -7.7721e+00
14305 -2.9355e+00 7.5118e-01 -5.5812e+00
14306 -5.6373e+00 -4.4533e-01 -7.2823e+00
14307 -4.8387e+00 -2.8803e+00 -9.3205e+00
14308 -1.5498e+00 -1.3201e+00 -8.2201e+00
14309 -3.4777e+00 5.1216e-01 -9.3884e+00
14310 -3.6539e+00 6.4995e-01 -1.2619e+00
14311 -2.7039e+00 -4.9250e+00 8.9651e+00
14312 -3.1908e+00 -3.5959e+00 -7.6841e-01
14313 -6.3800e-01 7.6068e+00 -6.7539e+00
14314 -5.8328e+00 4.4148e+00 1.1023e+01
14315 -6.0943e+00 3.8057e+00 8.6090e+00
14316 -7.8082e-01 2.9628e+00 5.5437e+00
14317 5.5872e-03 1.6509e+00 8.6116e+00
14318 4.1098e-01 1.5443e+00 1.1027e+01
14319 1.1155e+00 5.6798e+00 8.5558e+00
14320 4.3884e-01 1.3679e+00 2.9270e+00
14321 2.2588e+00 -2.7059e+00 8.5284e+00
14322 7.5852e-01 1.5552e+00 5.4070e+00
14323 -2.8303e+00 -6.4132e-01 1.0518e+01
14324 -6.3988e+00 2.8438e+00 8.7600e+00
14325 7.4879e+00 5.7152e+00 7.0678e+00
14326 -4.0844e+00 2.6997e+00 7.0442e+00
14327 4.4831e+00 1.0901e+00 4.1597e+00
14328 6.3145e-01 -5.7642e+00 -9.6947e-01
14329 -9.3071e-01 -4.3430e+00 7.4016e+00
14330 -4.2534e+00 1.5599e+00 -2.0023e+00
14331 -6.5404e+00 9.0482e-01 6.5328e+00
14332 -6.4770e-01 3.3269e+00 -5.4326e+00
14333 -1.5192e+00 4.5145e+00 7.8907e+00
14334 -6.7683e-01 1.3972e+00 1.1877e+01
14335 -2.7540e+00 6.5593e+00 7.4259e+00
14336 -5.0474e+00 -5.9381e+00 8.9177e+00
14337 -1.9035e+00 3.0137e+00 7.7047e+00
14338 -5.8668e+00 1.8700e+00 9.8412e+00
14339 2.5332e+00 4.2098e+00 3.5189e+00
14340 -3.8996e+00 -6.6355e-01 7.4209e+00
14341 2.3877e+00 -1.5779e+00 2.8871e+00
14342 -1.8525e+00 -1.6906e+00 6.3329e+00
14343 -4.3926e-01 4.9988e-01 4.8048e+00
14344 -4.8237e-01 4.0257e+00 9.4324e+00
14345 -2.5708e+00 1.1800e+00 1.0258e+01
14346 1.7599e+00 -3.1817e+00 7.2146e+00
14347 1.0442e+00 2.8913e+00 1.1241e+01
14348 -4.0154e+00 1.4640e+00 -4.1292e+00
14349 -4.8620e-01 1.7914e+00 5.1118e+00
14350 -4.8572e+00 -7.1577e-01 7.4078e+00
14351 -2.0300e+00 5.3541e+00 7.2899e+00
14352 -6.3017e+00 4.1992e+00 7.9273e-01
14353 -2.6226e+00 7.0159e+00 -1.7074e+00
14354 -2.7257e+00 1.7174e+00 9.9196e+00
14355 3.2670e+00 3.7298e+00 -5.1155e+00
14356 -3.8566e+00 -3.0132e+00 -5.4690e+00
14357 -4.0012e+00 4.6855e+00 -6.2903e+00
14358 -5.1825e+00 3.8727e+00 -5.7323e+00
14359 5.0295e+00 3.7787e+00 -6.4452e+00
14360 5.8145e+00 1.1869e+00 -1.9435e+00
14361 -7.1409e+00 3.4869e+00 5.1846e+00
14362 5.4818e-01 5.1196e-01 -5.2993e+00
14363 -4.7759e+00 4.3984e+00 -3.8021e+00
14364 -1.3975e+00 6.7047e-01 -8.1815e+00
14365 -2.3721e+00 5.1854e+00 1.3261e+00
14366 7.5891e-01 2.0566e+00 -6.4090e+00
14367 -2.5596e+00 6.4552e+00 -6.0950e+00
14368 -3.1897e+00 1.2584e+00 -2.9917e+00
14369 -2.8878e+00 1.7170e+00 -1.5130e+00
14370 -2.3881e+00 7.8581e-01 1.9476e+00
14371 -9.5763e-01 2.2611e+00 -2.7156e+00
14372 -2.3247e+00 9.3506e-02 2.7229e+00
14373 -7.2945e+00 5.7056e+00 -4.9313e+00
14374 -3.7266e+00 -1.1369e+00 -8.1366e+00
14375 5.6494e+00 -1.6922e+00 -3.2681e+00
14376 3.9702e-01 3.6751e+00 -2.4607e+00
14377 -3.8149e+00 -5.0112e-01 -5.1874e-01
14378 -7.4433e-01 2.0372e+00 -3.2870e+00
14379 -7.4130e-01 3.1435e+00 -7.9364e+00
14380 -3.3796e+00 3.2444e+00 9.4125e+00
14381 -7.8293e-02 3.8691e-01 -5.8192e+00
14382 2.9112e+00 4.1463e+00 -7.9676e+00
14383 -9.1861e-01 1.7326e+00 -7.5927e-01
14384 -1.3735e+00 2.6629e+00 -7.1353e-01
14385 -1.8435e+00 3.9356e+00 -8.9456e-01
14386 -3.1020e+00 -2.0701e-01 -1.3837e+00
14387 -6.3337e+00 4.5849e+00 -3.0136e-01
14388 -2.6514e+00 -2.0907e+00 1.0150e+01
14389 -3.6758e+00 4.5607e+00 4.2526e+00
14390 2.4298e+00 2.1904e+00 1.2410e+01
14391 1.3837e+00 1.3623e+00 -3.4405e+00
14392 -3.1553e+00 1.3883e+00 3.0893e-01
14393 -4.1282e+00 1.7249e+00 -4.2085e+00
14394 -1.7801e+00 6.9342e-01 -5.5552e+00
14395 -4.6315e+00 8.6881e+00 -5.4645e+00
14396 -5.4607e+00 4.9741e+00 -6.5164e+00
14397 -3.9679e+00 1.6589e+00 -5.8563e-01
14398 -5.1850e+00 3.5624e+00 -5.8614e+00
14399 -4.0184e+00 5.2764e-02 -1.8025e-01
14400 -1.9934e+00 3.3886e+00 -2.2043e+00
14401 -3.2706e+00 4.3487e+00 -6.7655e+00
14402 6.3613e-01 4.2753e+00 -1.2764e+00
14403 -3.6034e+00 1.6083e+00 -8.0154e-01
14404 -2.3321e+00 4.4945e+00 -1.6959e+00
14405 -6.1163e-01 2.6670e+00 -1.5714e+00
14406 -5.2116e-01 5.3027e+00 -6.1893e+00
14407 -2.3550e+00 -1.8246e+00 -7.9815e+00
14408 -4.5939e+00 5.5031e+00 1.7225e+01
14409 1.7175e+00 1.0523e+00 1.2321e+01
14410 -5.2162e+00 1.1526e+00 1.0658e+01
14411 -1.6543e+00 -4.6855e-01 2.9626e+00
14412 -2.3580e+00 1.3633e+00 1.0116e+01
14413 -5.0881e+00 4.8616e+00 -3.6156e+00
14414 -1.2953e+00 2.4279e-01 1.1154e+01
14415 -6.9817e-01 3.8044e+00 1.4064e+01
14416 -2.3892e+00 3.9266e+00 1.5736e+01
14417 -1.6320e+00 5.4656e+00 1.8500e+01
14418 -2.9845e+00 -1.5358e+00 1.3659e+01
14419 -4.1157e+00 -1.5349e+00 1.3382e+01
14420 -1.8819e+00 5.9419e-02 5.9517e+00
14421 -6.9123e-01 -1.5025e+00 1.2393e+01
14422 -4.2985e+00 2.4879e+00 1.8020e+01
14423 -1.0646e+00 -1.6421e+00 1.6548e+01
14424 7.6295e-01 -4.6944e+00 1.6520e+01
14425 9.2358e-01 -4.7602e+00 7.6655e+00
14426 3.3499e+00 -3.6784e-01 9.0155e+00
14427 -4.2736e+00 8.4829e+00 1.7386e+01
14428 -3.1130e+00 1.7969e+00 1.5869e+01
14429 -2.5967e+00 -2.9130e-01 1.2007e+01
14430 -3.3031e+00 -1.4047e+00 7.4178e+00
14431 -1.8014e+00 3.0487e+00 1.0508e+01
14432 3.1363e+00 1.5882e+00 1.3768e+01
14433 5.4598e-01 4.0020e+00 1.6103e+01
14434 -5.9204e-01 2.7031e+00 1.8470e+01
14435 8.3222e-01 2.8383e+00 1.5873e+01
14436 -1.7750e+00 3.6378e+00 1.6677e+01
14437 -7.9174e-02 -3.4212e+00 1.4699e+01
14438 -6.3996e+00 1.2418e-01 1.6926e+01
14439 -6.0153e+00 3.5999e+00 8.3603e+00
14440 -5.4153e+00 -6.2489e+00 5.0880e+00
14441 -8.9570e-01 2.2579e+00 9.0045e+00
14442 2.0963e+00 -2.1475e-01 -6.8922e+00
14443 -2.5845e+00 2.2066e+00 -6.9523e+00
14444 -1.5441e+00 -3.4246e+00 5.8149e+00
14445 -2.4678e+00 -3.7702e-01 -1.4178e+00
14446 2.5800e+00 2.1080e+00 -4.8758e+00
14447 1.5807e+00 4.4684e+00 8.7286e+00
14448 -8.3530e-01 -2.6316e+00 3.7813e+00
14449 3.3175e+00 -1.9714e+00 -8.8121e+00
14450 -2.8748e+00 5.9852e-01 -7.4465e+00
14451 -2.2515e+00 4.3710e+00 3.1149e+00
14452 -3.9860e+00 -8.9138e-01 7.9014e+00
14453 -4.7016e+00 -7.1186e+00 -7.0555e+00
14454 -1.1467e+00 4.4967e+00 2.2409e+00
14455 -3.0816e+00 4.0767e+00 -6.7300e+00
14456 -7.0982e-01 3.5034e+00 2.2909e+00
14457 -3.9094e+00 1.6002e+00 5.5316e+00
14458 -3.9598e+00 4.0483e+00 1.9011e+00
14459 -3.9829e+00 5.9654e-01 2.5293e+00
14460 -4.1186e+00 3.9033e-01 6.5552e+00
14461 1.0959e+00 3.4795e-01 -2.2267e+00
14462 -1.8141e+00 -1.5730e+00 2.8893e+00
14463 2.7304e+00 -3.2896e-01 1.1229e+01
14464 -3.7650e+00 2.9260e+00 5.3722e-02
14465 -3.6306e-02 -6.9044e-02 5.2413e+00
14466 -5.9033e+00 -9.4835e-01 1.3690e+01
14467 2.3763e+00 -2.0697e+00 -7.3785e+00
14468 -1.3172e+00 6.2599e+00 -5.8582e+00
14469 3.3171e+00 2.0443e+00 5.9887e+00
14470 1.0250e+00 3.8427e+00 3.9350e+00
14471 -4.0264e+00 -7.5574e+00 1.1114e+01
14472 -7.2202e-01 1.7873e+00 1.1353e+01
14473 -3.2223e+00 5.1962e-01 8.9461e+00
14474 -6.2744e+00 -5.0027e+00 1.6484e+01
14475 2.5532e-01 -2.3750e+00 1.0172e+01
14476 7.3356e+00 3.3021e+00 1.5046e+01
14477 4.2773e+00 8.1882e-01 1.8148e+01
14478 -3.2731e+00 -1.6264e-01 8.9140e+00
14479 -1.0529e+00 -5.3031e+00 6.5054e+00
14480 -1.3862e+00 -4.2619e+00 1.0889e+01
14481 1.6542e+00 6.3700e-01 1.7625e+01
14482 1.8941e+00 2.8436e+00 1.4652e+01
14483 -1.4042e+00 -4.8957e+00 1.7442e+01
14484 -3.6258e+00 7.7221e-01 1.3337e+01
14485 -1.0859e+00 -4.6050e+00 1.4599e+01
14486 1.7609e+00 1.2983e+00 1.8715e+01
14487 -5.0392e-01 -3.0852e+00 8.1162e+00
14488 -1.3765e+00 2.5940e+00 1.3526e+01
14489 -1.2051e+00 -1.7702e-01 1.7897e+01
14490 -4.6024e-01 -2.9338e+00 8.7914e+00
14491 4.6594e+00 2.5402e+00 1.4788e+01
14492 3.4383e+00 8.0678e-01 1.5551e+01
14493 -2.8519e+00 -9.9360e-01 1.8145e+01
14494 2.0365e+00 -6.9758e+00 1.8701e+01
14495 -5.7090e+00 -2.0159e+00 1.5545e+01
14496 -1.6634e+00 2.4369e+00 8.7883e+00
14497 -2.4076e+00 -7.1596e-02 1.2275e+01
14498 1.2877e+00 -1.3537e+00 1.6585e+01
14499 -5.5848e-01 -2.4650e+00 1.8056e+01
14500 -3.7930e+00 -8.0799e-01 1.8036e+01
14501 -1.7249e+00 1.5583e-01 1.5989e+01
14502 3.3646e-01 -1.3471e+00 1.6094e+01
14503 -2.6124e+00 1.8260e+00 1.4635e+01
14504 6.2524e-01 -4.7106e+00 7.4800e+00
14505 2.9879e-01 2.0975e+00 1.7790e+01
14506 -1.7479e+00 1.5660e+00 1.1752e+01
14507 2.6295e+00 -1.1515e+00 1.5340e+01
14508 -1.2797e+00 8.8926e-01 1.6170e+01
14509 5.2033e-01 2.7689e+00 1.8679e+01
14510 -2.5981e+00 6.5221e+00 1.6991e+01
14511 -1.1597e-01 2.6928e-01 1.4462e+01
14512 3.4058e+00 5.9487e+00 1.4124e+01
14513 2.2072e+00 5.1037e-01 1.8577e+01
14514 -1.0750e+00 -9.8250e-01 1.4043e+01
14515 -5.1835e+00 8.9132e-01 5.9013e+00
14516 -1.4885e+00 -5.6850e+00 1.1537e+01
14517 -2.4865e+00 -1.9459e-01 1.8392e+01
14518 -2.1770e-01 -1.7909e+00 1.7958e+01
14519 4.3739e-01 -4.1770e+00 1.1321e+01
14520 -3.9718e+00 -5.0772e+00 1.5822e+01
14521 1.0917e+00 -5.6105e+00 1.6057e+01
14522 4.4308e+00 -3.0418e+00 1.6371e+01
14523 -2.1135e+00 -2.0727e+00 1.4206e+01
14524 7.3102e-01 -4.2064e+00 1.8405e+01
14525 -3.1937e+00 2.9987e+00 1.4205e+01
14526 -1.2192e+00 -3.5549e+00 1.4478e+01
14527 -1.0351e-01 -2.7879e+00 1.2155e+01
14528 -4.2614e+00 -4.9287e+00 1.1584e+01
14529 -9.7311e-01 -9.9966e-01 1.8248e+01
14530 1.7373e+00 3.5975e+00 1.4207e+01
14531 -7.2407e-01 -4.4609e+00 1.8769e+01
14532 -6.6829e+00 -7.3262e+00 8.0944e+00
14533 -4.2563e+00 7.5568e-01 1.3196e+01
14534 1.8063e+00 -7.0328e-01 1.7949e+01
14535 -7.2742e-01 5.9676e+00 1.1797e+01
14536 6.4937e-01 -4.2568e-02 1.6366e+01
14537 -4.3592e+00 -9.2227e+00 1.6753e+01
14538 -4.1030e+00 -3.8752e+00 1.7722e+01
14539 5.6189e-01 -1.0441e+00 1.4159e+01
14540 3.1711e-01 6.2638e-02 1.8675e+01
14541 -1.7041e+00 -5.7468e+00 1.6921e+01
14542 -5.6069e+00 -1.8511e+00 1.8379e+01
14543 -4.6340e+00 -7.8381e+00 1.7828e+01
14544 -4.9137e+00 2.1389e+00 1.7033e+01
14545 1.0657e+00 -3.7692e+00 1.6590e+01
14546 -6.3634e+00 1.5405e+00 1.1958e+01
14547 1.2294e+00 1.2996e+00 1.8737e+01
14548 -4.5153e+00 6.0667e-01 1.7392e+01
14549 -7.5689e-01 -8.3730e-02 1.7779e+01
14550 -5.5706e+00 1.3342e+00 1.4926e+01
14551 7.6564e-01 1.6366e-01 9.5237e+00
14552 -2.8580e+00 -6.6680e+00 1.2735e+01
14553 5.0354e-01 -3.6853e+00 1.3281e+01
14554 -3.2765e+00 -2.8865e+00 4.1243e+00
14555 2.7586e-01 -1.2064e+00 1.7246e+01
14556 -3.6363e+00 3.2656e+00 1.8150e+01
14557 -3.0937e+00 1.9692e+00 1.7267e+01
14558 -5.6649e+00 -3.2881e+00 1.6909e+01
14559 -8.3261e-01 2.3209e+00 1.8478e+01
14560 -2.5752e+00 -2.3947e+00 1.8767e+01
14561 -2.6463e-02 -2.8730e-01 1.7388e+01
14562 -4.2642e+00 2.3516e+00 1.2774e+01
14563 -9.1162e-01 9.7115e-01 5.0705e+00
14564 -3.7593e+00 -1.7570e+00 1.7919e+01
14565 -4.8848e-01 6.2432e+00 1.8580e+01
14566 -3.1839e+00 8.5192e-01 1.6692e+01
14567 4.3021e+00 2.0061e+00 1.7475e+01
14568 -4.4966e+00 -6.1836e-01 1.7590e+01
14569 -4.4469e+00 -4.9750e-01 1.5724e+01
14570 -1.5877e+00 7.1513e+00 1.6091e+01
14571 1.9412e+00 3.5344e+00 6.7380e+00
14572 5.0708e-01 -2.3943e+00 1.0543e+01
14573 -1.9845e+00 2.8507e+00 -7.0272e+00
14574 5.8048e-02 4.6488e+00 -3.9038e+00
14575 2.8931e+00 8.5390e-01 -6.0361e+00
14576 -4.0259e+00 1.4183e+00 -9.2897e+00
14577 -5.4477e+00 1.5291e+00 -5.9637e+00
14578 8.6330e-01 3.3070e-01 -9.3697e+00
14579 -1.2116e+00 2.5335e+00 -7.9030e+00
14580 -4.0856e+00 4.3783e+00 -4.6817e+00
14581 -2.2032e-02 1.1030e+00 -7.9087e+00
14582 3.5768e+00 3.4635e-01 -5.4514e+00
14583 -1.4383e+00 3.2298e+00 -7.3945e+00
14584 2.9785e+00 -1.1546e+00 -5.9842e+00
14585 -2.3834e+00 5.4066e-02 -8.2345e+00
14586 -3.1741e+00 2.2935e+00 -3.1732e+00
14587 -3.8727e+00 -1.7329e+00 -4.2209e+00
14588 2.1471e+00 -6.8518e+00 -8.8368e+00
14589 1.3893e+00 -1.2549e+00 -6.6868e+00
14590 -4.9714e+00 -1.0640e+00 -3.2178e+00
14591 2.1231e+00 -2.0236e+00 -6.5362e+00
14592 -8.0154e-01 2.0091e+00 -6.8050e+00
14593 -5.0521e+00 4.0720e+00 -5.3524e+00
14594 -2.2669e+00 5.4621e+00 -7.0176e+00
14595 9.5309e-01 -1.6819e+00 -6.2368e+00
14596 1.6477e+00 2.3808e+00 7.0776e+00
14597 1.1566e+00 2.7388e+00 -5.3940e+00
14598 -2.1008e+00 -2.7635e+00 7.0743e+00
14599 -2.8721e+00 -4.0861e+00 -7.2682e+00
14600 -6.1510e+00 -2.6182e-01 -5.7671e+00
14601 -1.9376e+00 2.6412e+00 -7.6937e+00
14602 -5.2195e+00 -4.3687e+00 3.4051e+00
14603 1.6547e+00 -1.0852e+00 -2.2422e+00
14604 -9.2588e-01 -5.2708e-01 -1.8941e+00
14605 6.1438e-01 2.2068e+00 3.5506e+00
14606 2.7288e+00 -1.8638e+00 -6.5690e+00
14607 7.5557e-01 8.8168e-01 5.6252e+00
14608 -1.7086e+00 2.8339e+00 -5.5449e-01
14609 -2.1769e+00 -1.5645e+00 -8.0831e+00
14610 -4.1831e+00 7.4915e-01 7.0839e-01
14611 3.5889e+00 -2.3247e+00 -7.3615e+00
14612 2.9371e-02 3.3313e+00 -4.1842e+00
14613 3.7110e+00 5.5382e+00 -3.3945e-01
14614 1.8588e+00 9.0230e-01 -4.5204e+00
14615 -2.4046e-02 5.0345e+00 5.8030e+00
14616 -1.5174e+00 2.3940e-02 -5.0042e+00
14617 4.8085e-01 3.6734e+00 4.1677e+00
14618 -1.6352e+00 -1.1708e+00 8.9513e+00
14619 -1.2356e+00 7.3219e-01 -3.7472e+00
14620 -2.7323e+00 -8.6428e-01 9.9642e+00
14621 1.5906e-01 -2.1602e+00 4.8725e+00
14622 -4.9332e+00 7.0527e+00 6.3262e+00
14623 -4.4872e+00 3.9082e+00 4.0669e+00
14624 4.7269e-01 -2.2032e+00 -7.9436e+00
14625 -1.9664e+00 -3.3158e+00 -8.1073e+00
14626 1.2194e+00 -1.2585e+00 8.3037e+00
14627 -2.9528e+00 2.2362e+00 5.3141e+00
14628 2.0778e+00 -6.2191e-01 8.4267e+00
14629 -1.0519e+00 -9.0347e-01 8.8589e+00
14630 -2.4705e+00 -1.7147e+00 -1.0184e-01
14631 -4.9668e+00 1.0650e+00 5.4157e+00
14632 -1.7268e+00 5.7201e+00 -8.8295e+00
14633 4.1895e-01 1.2756e-01 3.7304e+00
14634 1.0518e+00 8.8661e-01 4.9056e+00
14635 -4.2030e+00 3.9496e+00 3.9592e+00
14636 3.9600e+00 6.8621e+00 1.0161e+01
14637 -5.0481e+00 -4.9383e-01 4.1114e+00
14638 -2.1161e+00 -4.0317e+00 4.7071e+00
14639 -4.8270e-01 9.3861e-01 7.1445e+00
14640 3.9804e-02 -2.4971e+00 9.5384e+00
14641 -2.4735e+00 -7.6464e-01 6.7102e+00
14642 -1.5154e+00 1.8942e+00 -5.6011e+00
14643 7.3360e-01 1.5693e+00 4.4825e+00
14644 -1.3783e+00 1.5705e+00 1.7310e+01
14645 -2.0235e+00 8.7997e-01 5.5834e+00
14646 -2.9012e+00 3.0679e-01 2.9235e+00
14647 -2.8783e+00 5.4037e+00 3.0729e+00
14648 -2.3065e+00 -1.5566e+00 1.9321e+00
14649 -8.9300e-01 -3.8566e+00 -1.7619e-01
14650 2.2706e+00 6.0251e+00 7.2078e-01
14651 -8.8985e-01 2.6491e+00 2.5901e+00
14652 -5.5223e+00 -8.9772e-01 -1.3395e+00
14653 -3.6124e+00 6.5980e+00 5.1278e+00
14654 8.1480e-02 -6.8550e-01 9.7787e+00
14655 -3.1185e-01 2.2285e+00 2.0636e+00
14656 2.8449e+00 -1.2728e+00 -1.7081e+00
14657 -5.0044e+00 2.8283e+00 -4.2734e+00
14658 -1.5709e+00 1.1669e+00 1.1626e+01
14659 9.4694e-01 2.6486e+00 3.7842e-01
14660 -1.2421e+00 3.6990e-01 6.5231e+00
14661 -1.9395e+00 1.1618e+00 8.0975e+00
14662 5.1242e+00 1.1925e+00 -5.6013e+00
14663 -3.7604e+00 2.9179e+00 6.6519e+00
14664 -2.1636e+00 3.8507e+00 3.2458e+00
14665 1.9779e+00 6.2938e-01 2.9311e-01
14666 -5.7046e-01 4.0394e+00 4.5035e+00
14667 4.7866e+00 -3.1805e+00 -5.1316e+00
14668 -4.2501e+00 -1.4730e+00 -7.7746e+00
14669 -2.4886e+00 1.3282e+00 1.1887e+01
14670 -4.1584e+00 6.1605e-01 -9.3758e+00
14671 -4.8800e+00 -1.7381e+00 8.0317e+00
14672 7.8633e-01 4.4403e+00 5.4246e+00
14673 2.5653e+00 2.6445e+00 1.3372e+01
14674 -1.6668e+00 -4.2049e+00 1.7158e+01
14675 -2.6915e+00 5.4990e-01 1.4796e+01
14676 -1.4951e+00 3.7864e+00 1.5080e+01
14677 1.5266e+00 -3.1095e+00 1.5677e+01
14678 3.6147e+00 1.5763e+00 1.5373e+01
14679 -2.5476e+00 -1.1050e+00 1.2897e+01
14680 7.0371e-01 4.5681e+00 1.4288e+01
14681 4.6387e-01 4.2414e+00 9.4707e+00
14682 2.0755e+00 2.3179e+00 1.7588e+01
14683 3.1247e-02 1.7469e+00 1.4217e+01
14684 5.5946e+00 9.2218e-01 1.5465e+01
14685 -5.5272e+00 3.9905e+00 1.8194e+01
14686 -3.7509e+00 -1.9742e+00 1.8357e+01
14687 -5.6352e+00 2.4453e+00 1.6864e+01
14688 -4.1029e+00 3.1200e+00 1.5979e+01
14689 -5.0527e+00 -2.2491e+00 1.6781e+01
14690 -4.6562e+00 2.8909e+00 1.6519e+01
14691 -2.4979e+00 5.3149e+00 1.8737e+01
14692 -7.2660e+00 1.7654e-01 1.8734e+01
14693 -4.0998e+00 6.3616e+00 1.3736e+01
14694 2.8376e-01 -1.8899e-01 1.8426e+01
14695 -2.6973e+00 -2.1002e+00 1.1972e+01
14696 -4.6881e+00 2.7703e+00 1.7620e+01
14697 3.7471e+00 5.0713e+00 1.0372e+01
14698 -5.5875e+00 2.8781e+00 1.7130e+01
14699 -5.4596e+00 9.9207e-01 1.2797e+01
14700 -2.2967e+00 4.9621e+00 1.1454e+01
14701 1.6613e+00 1.7354e+00 9.4682e+00
14702 -2.0680e+00 2.7280e+00 1.8526e+01
14703 -1.4609e+00 2.5038e+00 1.4521e+01
14704 -3.3103e+00 -2.0085e-01 1.8542e+01
14705 -6.0427e-02 -7.4944e-01 1.2433e+01
14706 1.0403e+00 5.6873e-01 1.0050e+01
14707 -3.5957e+00 6.6158e+00 1.7876e+01
14708 -2.4650e+00 -4.7800e-01 1.7488e+01
14709 -3.9637e+00 4.8606e+00 1.7564e+01
14710 2.6705e-01 4.5171e+00 5.6964e+00
14711 -6.6546e+00 4.7402e-01 1.8338e+01
14712 5.1953e+00 3.3427e+00 1.7355e+01
14713 -1.8638e+00 1.1175e+00 1.6689e+01
14714 -5.8656e+00 1.5599e+00 1.6159e+01
14715 -2.0944e+00 6.5391e+00 1.5970e+01
14716 -3.8282e+00 2.4976e+00 1.4448e+01
14717 -5.8771e+00 -3.3888e+00 1.6853e+01
14718 -2.1658e+00 3.1841e+00 1.5797e+01
14719 -4.3692e-01 -4.5491e+00 1.7699e+01
14720 2.5061e+00 -7.1003e+00 1.8510e+01
14721 5.1234e-01 1.0109e+00 1.0948e+01
14722 -1.7405e+00 -2.3501e+00 1.5990e+01
14723 1.7550e+00 1.0890e+00 1.7924e+01
14724 3.3020e+00 -4.3670e+00 1.7925e+01
14725 1.1134e+00 6.4802e-01 1.6849e+01
14726 -4.6724e+00 -6.1240e+00 1.7749e+01
14727 -4.4041e+00 -4.3977e+00 1.7811e+01
14728 7.0697e+00 2.0846e+00 1.8735e+01
14729 3.2108e+00 -1.3158e+00 1.8347e+01
14730 -4.7586e+00 1.1715e+00 1.6674e+01
14731 -8.3966e-02 -2.6209e+00 1.8415e+01
14732 -5.1313e+00 -7.0433e+00 1.5973e+01
14733 -8.9813e-01 1.5598e+00 1.8606e+01
14734 -3.0827e-01 1.3810e+00 1.8486e+01
14735 -3.6853e+00 2.6114e+00 1.7103e+01
14736 -9.9475e-01 2.0585e-01 1.6857e+01
14737 4.0984e+00 1.1240e+00 1.7979e+01
14738 -1.7565e+00 -3.2494e-01 -3.6635e-02
14739 -5.2748e+00 1.3223e+00 1.7861e+01
14740 -5.0188e+00 -1.2804e+00 1.5384e+01
14741 2.8088e+00 1.3493e+00 1.6364e+01
14742 3.6818e-01 1.6006e+00 1.0599e+01
14743 -6.6468e+00 -6.7798e-01 8.9694e+00
14744 -1.9594e+00 4.4160e+00 3.3490e+00
14745 5.3419e+00 4.1513e+00 3.4898e+00
14746 9.1645e-01 9.1793e-01 -2.2934e+00
14747 -2.1440e+00 3.2505e+00 -5.5852e+00
14748 -3.2892e+00 3.4120e+00 1.7408e+00
14749 -2.8625e-01 -3.7792e-01 7.9589e+00
14750 -4.0430e+00 -8.8152e-01 2.2224e+00
14751 -3.6462e+00 -3.9698e-01 -1.5475e+00
14752 1.8835e-01 -1.0535e+00 3.1882e+00
14753 -3.4191e+00 3.5871e+00 -3.5834e+00
14754 -1.3039e-01 -4.4970e-01 7.7777e-01
14755 -2.3174e+00 5.3953e-01 4.2590e+00
14756 4.3666e+00 -2.0868e+00 5.0975e+00
14757 -6.5849e+00 -7.9210e-01 1.7065e+00
14758 -2.3153e+00 -3.5518e+00 7.5631e+00
14759 5.1367e+00 2.2194e+00 8.9773e+00
14760 7.1608e-02 -6.0121e+00 7.8149e+00
14761 -3.4219e+00 -1.4302e+00 5.3490e+00
14762 9.0630e+00 1.1468e+00 7.7337e+00
14763 -6.2563e+00 -9.5431e-03 1.0610e+01
14764 -1.0115e+00 -3.0169e+00 1.4000e+00
14765 -3.6186e+00 1.9549e+00 9.9666e+00
14766 -1.3178e+00 -5.0990e+00 -1.9624e+00
14767 5.0562e+00 -5.3987e+00 5.9672e+00
14768 -1.3424e+00 -3.2560e+00 6.2845e+00
14769 9.7858e-01 -4.2753e+00 -4.4654e+00
14770 -1.7202e+00 -4.0571e+00 -1.2708e+00
14771 2.6523e+00 4.2863e+00 5.8500e+00
14772 3.3553e+00 -2.0032e-01 1.2421e+01
14773 -5.6612e+00 8.0971e-01 1.2146e+01
14774 -2.8666e+00 -5.7736e-01 6.3171e+00
14775 -1.7031e-01 -2.3165e+00 9.6715e+00
14776 -1.0603e+00 3.4513e+00 -4.6528e+00
14777 3.9180e+00 -3.3744e+00 8.9521e+00
14778 -4.4981e+00 -4.5152e-02 1.1260e+01
14779 1.5669e+00 -1.3875e+00 5.5157e+00
14780 7.8756e-01 -3.2499e-01 9.5128e+00
14781 -1.8898e+00 -2.9603e+00 8.6244e+00
14782 -4.3577e+00 7.4936e-01 6.9678e+00
14783 5.7751e-01 3.9343e+00 1.1494e+01
14784 4.5685e+00 -8.6257e-01 7.5734e+00
14785 2.7660e+00 -6.1540e+00 9.5285e+00
14786 1.1132e+00 -3.5012e-01 7.6222e+00
14787 7.5333e-01 1.7920e+00 4.8582e+00
14788 7.4694e+00 7.5909e-01 8.9024e+00
14789 -2.3800e+00 1.9640e+00 1.0041e+01
14790 -4.2724e+00 3.5165e+00 7.9710e+00
14791 -5.8743e-01 -2.6132e+00 3.3496e+00
14792 4.4825e+00 -1.7227e+00 -1.0718e+00
14793 1.5793e+00 -6.6146e-01 4.0188e+00
14794 -3.9761e+00 -3.5420e+00 1.8293e+00
14795 5.1282e+00 9.9821e-01 1.1107e+01
14796 -3.6052e-01 -4.8591e+00 -9.4664e-02
14797 -2.0018e+00 -4.2262e+00 -3.1618e+00
14798 -7.4983e+00 -4.9110e+00 3.8634e+00
14799 -3.8215e+00 -3.2013e+00 -2.4347e-01
14800 1.7767e+00 4.3055e-01 9.1251e+00
14801 -4.8982e+00 -2.4727e+00 1.8949e+00
14802 5.9791e+00 -5.0088e+00 1.8202e+00
14803 2.4176e+00 -4.7452e-01 -4.7484e-01
14804 -6.3014e+00 4.5566e+00 7.1273e+00
14805 1.4813e+00 3.7117e+00 4.7515e+00
14806 2.5900e+00 -2.5171e+00 2.9897e+00
14807 5.1968e+00 1.2623e+00 8.5072e-01
14808 -1.2131e+00 -6.2766e+00 -2.7495e+00
14809 1.1095e+00 -5.7379e-01 2.6090e-01
14810 3.4697e+00 -6.1980e+00 3.3907e+00
14811 -2.8110e+00 -3.7145e+00 4.3492e+00
14812 -3.0378e+00 -1.1474e+00 -8.6643e-01
14813 -1.3578e+00 -6.5360e+00 1.9481e+00
14814 -2.8951e+00 6.2494e-01 5.6585e+00
14815 -6.5758e-01 -1.4879e-01 2.3116e+00
14816 -2.0305e+00 -1.0622e+00 1.0283e+01
14817 -1.4081e+00 -5.6425e+00 -2.4744e-01
14818 -3.1530e+00 6.6294e-01 8.9414e+00
14819 -1.6999e+00 -2.2957e-01 5.6991e+00
14820 -4.4355e+00 -1.2693e+00 6.6540e+00
14821 4.4682e-01 -4.3620e-01 8.6725e+00
14822 -3.3151e+00 -2.7660e+00 1.7503e+00
14823 -3.7566e-01 -5.6474e+00 4.5021e+00
14824 -3.8259e+00 -5.0539e+00 -1.2435e+00
14825 -5.4633e-01 -7.0415e+00 5.4182e+00
14826 4.8056e-01 -6.7046e+00 7.6470e+00
14827 -1.5757e+00 -2.7981e+00 1.0022e+01
14828 3.4339e+00 -1.2758e+00 9.5362e+00
14829 -1.6706e+00 8.4898e+00 3.1366e+00
14830 -3.0220e+00 4.3072e-02 1.2149e+01
14831 1.3978e+00 -4.3596e+00 6.3185e+00
14832 -3.3586e-02 1.4577e+00 3.0786e+00
14833 1.0060e+00 4.7945e+00 7.5388e+00
14834 1.4490e-01 -5.3561e+00 4.9792e+00
14835 2.9021e+00 8.8030e-01 -2.3652e+00
14836 -3.7597e-02 2.7900e+00 1.5777e+00
14837 9.8162e-01 -2.4712e-01 5.0579e+00
14838 -3.0940e+00 -1.7582e+00 5.2248e+00
14839 -4.0307e-01 -1.4792e+00 1.2271e+01
14840 5.3116e+00 -2.6456e+00 5.2648e+00
14841 1.5488e+00 -6.3471e+00 7.7633e+00
14842 4.7482e-01 -8.5605e+00 5.9775e-01
14843 -6.5897e+00 -4.2962e+00 9.3810e+00
14844 -2.6893e+00 -4.7765e+00 2.6680e+00
14845 -3.7132e+00 -2.3465e+00 9.9226e+00
14846 -2.3493e+00 -5.2301e+00 2.9116e+00
14847 -3.5045e-01 6.3255e-01 5.5939e+00
14848 -1.3172e+00 -4.3391e+00 1.0375e+01
14849 1.4600e+00 -4.9797e+00 2.4495e+00
14850 1.1592e+00 -3.1674e+00 2.6999e+00
14851 4.7524e+00 -2.7117e+00 6.5921e+00
14852 9.1022e-01 2.9023e+00 5.1788e+00
14853 -1.4437e+00 -1.4222e+00 3.2167e+00
14854 1.4749e+00 7.5288e-01 9.5576e+00
14855 -3.8674e+00 -1.3002e+00 5.3637e+00
14856 3.6766e-02 -1.5379e+00 2.4463e+00
14857 7.3655e+00 3.7531e-01 -1.1525e+00
14858 -3.2100e+00 6.5238e-03 4.1909e+00
14859 -7.2823e+00 -3.1840e+00 8.8294e+00
14860 3.9848e+00 -1.4914e+00 3.2526e+00
14861 2.1843e+00 2.8657e+00 2.6408e+00
14862 -6.6202e-01 -4.7666e+00 2.4803e+00
14863 -1.2613e+00 -6.0438e+00 3.5015e+00
14864 1.6136e-01 -5.4204e+00 1.0081e+01
14865 -5.5090e+00 -6.5291e+00 3.1126e+00
14866 -6.0625e-01 1.2852e-01 -1.5027e-01
14867 1.6214e+00 -6.0406e+00 2.4008e-01
14868 -4.0600e-01 -1.9921e+00 3.5077e-01
14869 2.6424e+00 -1.9056e+00 7.6590e+00
14870 -1.9403e+00 -2.7065e+00 1.7132e+00
14871 8.7012e-01 1.6109e-01 6.2365e+00
14872 3.6787e+00 3.3030e+00 -3.9574e+00
14873 -4.6081e+00 -1.7019e+00 6.3754e+00
14874 5.8429e+00 -2.3770e+00 1.3213e+01
14875 5.7048e-01 3.5302e+00 1.3483e+01
14876 -2.3502e+00 3.3089e+00 1.4423e+01
14877 2.0235e+00 4.9038e+00 1.3714e+01
14878 -3.1315e+00 1.1920e+00 1.5544e+01
14879 -4.5241e+00 4.1572e+00 1.7887e+01
14880 -3.6905e+00 -1.7010e+00 1.6907e+01
14881 -6.0871e+00 -1.2655e+00 1.8769e+01
14882 -1.4717e+00 -6.6289e-01 1.8739e+01
14883 -4.5108e+00 1.3291e+00 1.7705e+01
14884 -6.8659e-01 6.3992e+00 5.5280e+00
14885 -7.6924e+00 -1.5071e+00 1.2117e+01
14886 -3.0144e+00 5.8196e-01 1.8275e+01
14887 -3.4757e+00 -1.9721e+00 7.8498e+00
14888 -1.7350e+00 5.4310e+00 1.7931e+01
14889 -2.2922e+00 2.9336e+00 1.8477e+01
14890 3.6675e-01 1.0310e+00 1.8651e+01
14891 -9.7798e-01 1.6809e+00 1.7844e+01
14892 1.3374e+00 -4.5379e+00 1.7262e+01
14893 -2.2063e+00 5.3918e-01 1.8636e+01
14894 -1.2158e+00 -8.0290e+00 1.5862e+01
14895 -1.0713e+00 1.0848e+00 1.4081e+01
14896 2.0092e+00 9.5143e-01 1.7114e+01
14897 1.0122e+00 -3.6110e+00 1.8499e+01
14898 2.1557e+00 -1.5007e-01 1.8700e+01
14899 -6.8138e+00 9.0044e-01 1.7424e+01
14900 -2.5890e+00 4.3470e+00 1.6602e+01
14901 -3.4726e+00 -4.9543e+00 5.4848e+00
14902 -2.0693e-01 1.5259e+00 1.7843e+01
14903 5.6261e-01 2.2169e+00 1.1624e+01
14904 -1.9858e+00 3.1128e+00 1.7215e+01
14905 -1.3751e+00 -2.7387e+00 1.4220e+01
14906 -2.1256e+00 -2.8128e+00 1.3223e+01
14907 -2.3861e+00 1.3727e+00 1.1722e+01
14908 -1.3619e+00 -7.5989e-01 7.0113e+00
14909 -5.7304e+00 -1.0735e+00 1.2105e+01
14910 -4.7947e+00 2.8703e+00 8.8913e+00
14911 -2.2143e+00 -8.6807e-01 1.2108e+01
14912 -1.9548e-01 -1.9629e+00 1.4353e+01
14913 -1.5495e-01 4.1425e+00 1.1740e+01
14914 3.5095e-01 -3.6130e+00 4.3724e+00
14915 1.3439e+00 4.0825e+00 1.7050e+01
14916 -1.9298e+00 -8.5067e+00 1.7836e+01
14917 1.8998e-01 -3.3406e+00 1.5596e+01
14918 6.5313e-01 -6.5586e-01 1.6137e+01
14919 2.2913e+00 -3.5641e+00 9.5601e+00
14920 -3.2154e+00 6.8584e+00 1.8761e+01
14921 -5.3898e+00 -5.1242e+00 1.7274e+01
14922 -1.8071e+00 1.9479e-01 1.8373e+01
14923 -4.3673e-01 -4.8830e+00 1.6814e+01
14924 -1.1247e+00 -5.5242e+00 1.8370e+01
14925 -1.1653e+00 -6.6665e-02 1.6504e+01
14926 -5.4978e+00 -2.0603e-02 1.6776e+01
14927 -5.0396e+00 2.1018e+00 1.7347e+01
14928 -2.9116e-01 -4.8880e+00 1.8732e+01
14929 -4.4927e-01 1.2462e+00 1.8259e+01
14930 -3.6194e+00 1.1685e+00 1.8676e+01
14931 1.0048e+00 2.2531e+00 1.3420e+01
14932 -6.6579e-03 1.0880e+00 1.2096e+01
14933 -2.6763e+00 4.8536e+00 1.5546e+01
14934 -3.7517e+00 -2.5764e+00 1.6442e+01
14935 -2.5019e+00 1.3007e+00 1.2363e+01
14936 -4.6915e+00 -1.7517e+00 6.0095e+00
14937 2.0440e+00 4.3593e-01 1.6544e+01
14938 6.5441e-01 -6.0240e+00 1.5311e+01
14939 -3.7302e+00 6.8601e-01 1.4783e+01
14940 -1.8250e+00 5.7252e-01 1.2212e+01
14941 -4.4324e+00 6.2096e-01 1.4930e+01
14942 -1.5830e+00 -2.9962e-01 1.6507e+01
14943 -4.7650e+00 2.0974e+00 8.6433e+00
14944 -3.7192e+00 1.3227e+00 1.5267e+01
14945 3.3303e-01 -3.5511e-01 1.6494e+01
14946 -8.5649e-01 4.7470e-01 1.7581e+01
14947 3.0014e-01 3.5353e+00 1.7632e+01
14948 -3.5041e-01 -1.4819e+00 1.2093e+01
14949 -2.3076e+00 -1.0738e-01 1.6078e+01
14950 4.0984e-01 4.5155e+00 1.7798e+01
14951 -3.8236e+00 -2.0752e+00 1.1195e+01
14952 -8.0621e-01 2.3613e+00 6.8847e-01
14953 6.8444e-01 4.9866e-01 1.5433e+01
14954 1.3790e+00 3.5224e+00 1.6319e+01
14955 -1.9615e+00 -9.3091e-01 1.6972e+01
14956 -4.4290e+00 3.6010e+00 1.8368e+01
14957 -6.5173e+00 -4.3306e+00 1.6423e+01
14958 -3.1435e+00 4.2906e-01 1.3390e+01
14959 1.5451e+00 -2.7422e+00 1.7219e+01
14960 3.1928e+00 2.3992e+00 1.6812e+01
14961 -1.8697e+00 3.3310e+00 1.8305e+01
14962 -3.0175e+00 2.5289e+00 1.8426e+01
14963 -6.8843e+00 7.3105e+00 1.8722e+01
14964 -4.0364e+00 -1.8495e+00 1.8652e+01
14965 -6.5628e+00 1.6823e+00 1.8138e+01
14966 4.7763e-01 -2.0604e+00 1.3834e+01
14967 -5.7184e+00 2.5643e+00 1.6912e+01
14968 3.0349e+00 -2.5177e+00 1.8772e+01
14969 3.2186e+00 5.1963e+00 1.6730e+01
14970 -4.3575e+00 4.7699e+00 1.6750e+01
14971 -1.9905e+00 1.9370e+00 1.7337e+01
14972 3.7667e+00 -1.6403e+00 1.3751e+01
14973 -4.8826e+00 1.7842e+00 1.3925e+01
14974 1.4378e+00 3.9739e+00 9.0615e+00
14975 -7.5858e-01 -5.0149e+00 1.5155e+01
14976 -1.8067e-01 2.3334e+00 1.7236e+01
14977 3.5398e+00 -1.9238e-01 1.6346e+01
14978 1.0721e+00 1.1237e-01 1.4336e+01
14979 -1.5522e+00 4.5969e+00 1.8623e+01
14980 -8.3413e-01 -1.3409e+00 1.4144e+01
14981 1.2148e+00 3.5012e+00 1.8442e+01
14982 -3.4973e-01 3.1436e+00 1.7665e+01
14983 -4.0762e+00 2.1188e+00 1.8657e+01
14984 -1.8990e+00 -1.0597e+00 1.7404e+01
14985 -3.9677e+00 -2.3486e-01 1.7357e+01
14986 2.1495e+00 -2.0725e+00 1.7952e+01
14987 -2.1032e+00 6.1428e+00 1.7514e+01
14988 -7.5719e-01 3.0821e+00 1.4359e+01
14989 4.6819e+00 7.2438e+00 1.8057e+01
14990 -5.4647e+00 -1.5637e+00 1.8078e+01
14991 -3.3065e+00 3.0889e-01 1.8076e+01
14992 4.2423e+00 -2.8507e+00 1.8602e+01
14993 -4.0672e+00 7.8530e+00 1.1563e+01
14994 -9.2027e-01 -1.1883e+00 1.1934e+01
14995 -4.5814e+00 -6.2546e+00 1.6088e+01
14996 1.7227e-01 3.6434e+00 1.8659e+01
14997 -2.9310e+00 -2.0688e+00 1.3252e+01
14998 1.8521e+00 -9.3865e+00 -2.8838e+00
14999 -2.8750e+00 -8.3575e-01 -1.5944e+00
15000 -8.1135e-01 2.9855e+00 1.7039e+01
15001 4.4639e+00 -2.4117e+00 1.8673e+01
15002 -1.6649e+00 1.7772e+00 1.8363e+01
15003 4.4476e-01 -7.0518e+00 1.8554e+01
15004 -2.8516e-01 1.3687e+00 1.8244e+01
15005 1.5787e+00 3.5638e-01 1.8758e+01
15006 5.8858e+00 5.8799e-01 1.7658e+01
15007 8.0222e-04 7.4115e-02 1.7048e+01
15008 -2.5927e+00 1.2176e+00 1.7993e+01
15009 1.4236e+00 4.9219e+00 1.8137e+01
15010 -9.1676e-01 3.7977e+00 1.7035e+01
15011 8.0109e-01 4.8520e-01 1.6507e+01
15012 1.6685e+00 3.7165e+00 1.7566e+01
15013 2.2813e+00 -3.5242e+00 1.7281e+01
15014 -1.0777e-01 -2.3429e+00 1.7934e+01
15015 -2.0141e+00 -1.6833e-01 1.8425e+01
15016 3.0557e+00 5.9073e+00 1.8268e+01
15017 -2.7065e+00 3.2446e+00 1.8585e+01
15018 -4.7699e+00 -6.7437e+00 1.7500e+01
15019 -2.2811e+00 9.3390e-01 1.5485e+01
15020 -3.5695e+00 -5.4569e+00 1.8533e+01
15021 -1.8084e+00 2.0239e+00 1.8526e+01
15022 6.7085e+00 1.9384e+00 1.4969e+01
15023 -3.1064e+00 -1.3845e+00 1.8412e+01
15024 -3.7469e+00 8.6985e-01 1.8573e+01
15025 -4.8219e-01 -2.6069e+00 1.8758e+01
15026 -5.5946e-01 4.5143e+00 1.8268e+01
15027 -2.2474e+00 1.3472e+00 1.6707e+01
15028 -6.9105e+00 6.9837e-01 1.6207e+01
15029 -2.9495e+00 -5.1785e-01 1.6016e+01
15030 -2.9477e+00 2.4272e-01 1.8496e+01
15031 5.0594e+00 1.0410e+00 1.7105e+01
15032 -3.4958e+00 -3.3357e+00 1.8066e+01
15033 -2.0272e+00 1.8500e+00 1.8576e+01
15034 1.5128e+00 -1.0910e+00 1.8459e+01
15035 1.4582e+00 -2.6381e+00 1.8642e+01
15036 -5.6376e+00 -3.0608e-01 1.8596e+01
15037 -3.2168e+00 -2.6106e+00 1.8335e+01
15038 -6.0706e+00 2.0806e+00 1.4165e+01
15039 -5.3180e+00 -3.3097e+00 1.8378e+01
15040 -9.1536e-01 -8.5270e-01 1.8214e+01
15041 -2.9556e+00 3.1804e+00 1.8711e+01
15042 9.6220e-01 -7.5958e-01 1.6251e+01
15043 -4.5460e+00 3.3182e+00 1.6486e+01
15044 -1.7148e+00 5.9528e+00 1.8643e+01
15045 2.8189e-01 -5.7241e+00 1.8459e+01
15046 -4.8640e+00 2.0992e+00 1.8691e+01
15047 -1.7488e+00 -3.7553e+00 1.7315e+01
15048 -8.9516e-01 -5.9228e+00 1.8005e+01
15049 1.0977e+00 -6.7238e+00 1.8202e+01
15050 2.6657e+00 -6.4550e-01 1.7405e+01
15051 -1.5726e+00 1.2548e+00 1.7492e+01
15052 2.0919e+00 1.5069e+00 1.7812e+01
15053 -4.1085e+00 2.9125e+00 1.8717e+01
15054 -2.6265e+00 8.2264e-01 1.8350e+01
15055 1.0266e+00 -3.0123e+00 1.6615e+01
15056 -7.1330e-01 6.7051e-01 1.6477e+01
15057 5.6252e+00 -7.8798e-01 1.8010e+01
15058 -4.9743e+00 -4.5277e+00 1.8532e+01
15059 -4.5434e-01 2.9944e-01 1.8772e+01
15060 -1.5212e+00 8.5534e-01 1.5922e+01
15061 -5.7306e+00 3.5789e+00 1.7941e+01
15062 4.8255e+00 -3.4723e+00 1.7932e+01
15063 -4.7976e+00 -3.3387e+00 1.7097e+01
15064 -6.0047e-01 -5.3424e+00 1.6732e+01
15065 -4.4783e+00 1.8723e+00 1.8248e+01
15066 -9.4691e-01 -3.1865e+00 1.8756e+01
15067 -1.8777e-01 3.0977e+00 1.7059e+01
15068 -1.8876e+00 5.7411e-01 1.8456e+01
15069 -2.7576e+00 1.1004e+00 1.8666e+01
15070 1.0964e+00 8.1525e-01 1.5656e+01
15071 9.3199e-01 -4.3024e+00 1.8689e+01
15072 -2.1896e+00 3.8750e+00 1.7057e+01
15073 -2.4173e+00 -8.6428e-01 1.8428e+01
15074 -6.6275e+00 -1.6671e+00 1.7275e+01
15075 4.3684e+00 9.8513e-01 -3.8046e-01
15076 -1.4179e-01 1.6017e+00 -1.0792e+00
15077 -2.4152e-01 -1.4848e+00 -7.1932e+00
15078 -1.8672e-01 4.6355e+00 -4.1737e+00
15079 -7.6825e-01 2.6342e+00 -8.3384e+00
15080 2.9274e+00 3.2657e+00 -3.9969e+00
15081 -2.2708e+00 1.8673e+00 -8.3545e+00
15082 1.0536e+00 -4.8464e+00 1.4216e+00
15083 -1.9963e+00 -7.0108e+00 4.0909e+00
15084 -1.7105e+00 -2.6779e+00 -6.2687e+00
15085 1.2986e+00 -1.3074e-01 9.6809e-01
15086 -1.8674e-01 -6.3476e+00 -1.9646e+00
15087 3.0408e+00 -9.9537e-01 -6.2443e+00
15088 -2.7011e+00 -5.6618e+00 -5.7484e+00
15089 5.2315e-01 1.7360e+00 -6.6285e+00
15090 2.1956e+00 2.3390e+00 -5.8924e+00
15091 1.5240e+00 1.3122e+00 -2.5090e+00
15092 -1.6419e-01 4.5989e+00 -3.9034e+00
15093 4.4826e-01 -1.7167e+00 -6.0339e+00
15094 -2.1372e-02 2.2256e+00 -7.8973e+00
15095 -3.4749e+00 -1.3347e+00 -8.2124e+00
15096 -2.6764e+00 1.3426e+00 -4.6835e+00
15097 -5.4529e-01 -1.2521e+00 -2.3904e+00
15098 -5.4939e+00 -8.3349e-01 -3.1363e+00
15099 -4.3000e+00 -1.4824e+00 -1.7401e+00
15100 -3.4230e+00 5.1907e-01 -7.0758e+00
15101 2.0706e+00 -2.9531e+00 -7.7687e+00
15102 -1.0171e+00 2.5229e+00 -6.7546e+00
15103 8.1288e-01 1.0601e+00 -4.0659e+00
15104 4.3897e+00 4.1187e+00 7.2309e-01
15105 2.0070e+00 -1.2860e+00 -7.6364e+00
15106 -3.0207e+00 -2.2639e+00 -4.6831e+00
15107 -2.1860e+00 2.1329e+00 -6.5779e+00
15108 -2.3818e-01 -8.6625e+00 1.4259e+00
15109 -3.0209e-01 -5.8419e+00 -4.7847e-01
15110 -4.2293e+00 -2.0887e+00 -1.2261e-01
15111 -5.0405e+00 -9.5440e-01 -5.9147e+00
15112 -3.9975e+00 -2.5776e+00 -5.1707e+00
15113 -4.9425e+00 -5.3657e+00 -3.9612e+00
15114 -5.0037e-01 1.1601e+00 -8.3215e+00
15115 1.9729e+00 -5.3524e+00 -6.9263e+00
15116 -5.5530e+00 -2.6076e+00 -5.9302e+00
15117 -3.0644e+00 -2.0179e-01 -6.9487e+00
15118 -4.2321e+00 -1.1475e+00 -4.0048e-01
15119 -6.2085e+00 6.8561e-01 -8.6262e+00
15120 8.0504e-01 5.4926e+00 7.0608e-01
15121 1.0862e+00 -5.9925e+00 -1.3968e+00
15122 -3.0128e+00 -1.1044e+00 -1.1371e+00
15123 -4.6164e+00 -1.0830e+00 -3.8171e+00
15124 -1.0966e+00 5.7894e-01 -8.5664e+00
15125 2.1614e+00 2.7787e+00 -6.3311e+00
15126 3.5090e-01 3.6159e+00 -3.0073e+00
15127 -6.5137e+00 -6.6982e+00 -2.3443e+00
15128 -4.5194e+00 -3.0551e-01 -5.2999e+00
15129 -2.8501e+00 -8.6380e-01 -4.0823e+00
15130 -4.3885e+00 1.7132e-01 -7.6069e+00
15131 -2.0528e+00 -3.5002e+00 -2.1487e+00
15132 -6.4376e-01 7.5415e-01 -4.1528e+00
15133 3.3107e-01 2.4022e+00 -7.0726e+00
15134 3.2558e+00 9.6932e-01 -5.6977e-01
15135 -5.4990e-01 -2.9649e+00 -4.7102e+00
15136 1.9674e+00 -1.1306e+00 -7.9460e-01
15137 -2.8723e+00 -1.6761e+00 1.4008e+00
15138 -1.8957e+00 -6.1762e+00 -4.9845e+00
15139 -3.2361e+00 -7.4452e+00 -1.3910e+00
15140 -8.5225e-01 -1.9040e-01 -3.8546e-01
15141 -6.0622e+00 -1.7272e+00 5.8479e-01
15142 -2.6500e-02 8.2843e+00 -6.3823e+00
15143 2.0807e+00 1.0909e+00 -1.3737e+00
15144 -5.5737e+00 -3.5081e+00 -8.3636e+00
15145 8.7989e+00 -3.2763e+00 -1.2789e+00
15146 1.2274e+00 1.1293e+00 -4.3076e+00
15147 -4.0856e+00 -2.8609e+00 -3.9249e+00
15148 2.7730e-01 6.8242e+00 -7.7010e-02
15149 -6.3215e+00 2.8657e+00 -6.0034e+00
15150 5.7222e-01 4.4556e+00 -5.5350e+00
15151 -2.9427e+00 1.4201e+00 -7.1326e+00
15152 -1.1935e+00 -6.0222e-01 -7.9294e+00
15153 -2.7190e+00 -1.9808e+00 -8.0658e+00
15154 1.6602e+00 -3.0230e+00 -1.8595e+00
15155 1.0621e-01 -3.1531e+00 -5.5990e+00
15156 -1.8170e+00 -4.9524e+00 -4.6267e+00
15157 -5.1022e+00 7.1964e-01 5.9871e+00
15158 -5.4583e+00 -8.1779e-01 -3.0843e+00
15159 -1.5847e+00 3.0942e+00 -9.3143e+00
15160 1.1942e+00 2.0679e+00 -3.6324e+00
15161 -5.8133e+00 -2.9607e-01 -4.5160e+00
15162 3.5014e+00 -2.9730e+00 -5.7420e+00
15163 -9.5678e-02 2.0691e+00 -4.7195e+00
15164 -7.5528e-01 7.1975e-01 -5.5552e+00
15165 -3.2353e+00 1.1158e-01 -8.1851e-01
15166 -3.6913e+00 -9.0740e+00 -8.9540e-01
15167 7.7252e-01 3.1080e-01 -4.4915e-01
15168 -1.2228e+00 4.7938e+00 -4.0530e+00
15169 -1.7150e-01 -1.4736e+00 -1.5511e+00
15170 -2.8372e+00 -4.1407e+00 -8.3938e-01
15171 -4.4731e+00 -3.6819e+00 -4.7118e+00
15172 -7.7813e-01 8.4716e+00 2.0154e+00
15173 -1.9073e+00 2.7264e+00 -2.7777e+00
15174 -5.6586e+00 -6.2905e+00 -7.2128e-01
15175 -2.5805e+00 -3.4892e+00 -8.9836e+00
15176 -4.2593e-01 -7.9551e+00 -2.2086e+00
15177 -3.6685e+00 -1.9156e+00 -5.7083e+00
15178 1.8072e-01 -3.8332e+00 -5.3403e+00
15179 -8.0444e+00 -8.2673e+00 -3.4191e+00
15180 1.7209e+00 3.8073e+00 -4.3588e+00
15181 1.2857e+00 2.2874e+00 -5.9631e+00
15182 1.8700e+00 -2.1743e+00 -5.7187e+00
15183 -2.1447e+00 -3.1686e+00 -1.1269e+00
15184 -2.5718e+00 -3.3253e+00 -1.0493e-01
15185 3.8771e+00 2.0021e+00 -7.2636e+00
15186 -2.7098e+00 1.5621e+00 -2.7236e+00
15187 -2.2563e+00 3.3723e+00 -3.4659e+00
15188 -3.2068e+00 5.1902e-01 -8.5624e+00
15189 -4.5391e+00 -8.9506e+00 -3.3892e+00
15190 1.6115e+00 -5.7572e+00 -1.6942e+00
15191 2.9135e+00 -5.0635e+00 -5.3305e+00
15192 1.9464e+00 -9.1617e-01 -5.0122e+00
15193 1.0445e+00 2.1419e+00 -5.8732e+00
15194 -6.4310e+00 -3.0218e+00 -9.2712e+00
15195 1.9168e+00 -6.8045e-01 -4.4805e+00
15196 -2.4908e+00 3.3133e+00 -8.7767e+00
15197 -3.8773e+00 -7.5093e+00 -5.4030e+00
15198 -3.9208e+00 -2.0514e+00 -6.1247e+00
15199 -4.7482e+00 6.0328e+00 -1.8225e+00
15200 -2.3783e+00 6.8521e+00 -5.6810e+00
15201 3.0748e+00 -4.3440e+00 -7.2782e+00
15202 8.7799e-02 1.7617e+00 -2.2338e+00
15203 -5.7421e+00 -1.2310e+00 -7.4283e+00
15204 -6.2189e-01 -3.0554e-01 -8.5647e+00
15205 -4.4300e+00 -6.3048e+00 -6.6138e-01
15206 -3.2001e+00 -9.0382e-01 -2.8353e+00
15207 -4.5813e+00 -6.2669e+00 -5.8891e+00
15208 -6.5475e-01 3.4766e+00 -5.1508e+00
15209 1.3653e+00 4.2930e-01 -6.3825e+00
15210 -2.3432e+00 -4.8334e+00 5.3922e+00
15211 -2.0220e+00 -4.8932e+00 -1.6274e+00
15212 -1.8013e+00 -3.1112e+00 -5.5546e+00
15213 -3.9360e+00 -4.5830e+00 -2.1383e+00
15214 9.5158e-01 1.0154e+00 -6.3656e+00
15215 2.8402e+00 7.7087e-01 1.7291e+00
15216 -1.0629e+00 -1.4639e+00 4.7074e-01
15217 -3.5788e+00 -2.8331e+00 -2.0534e-01
15218 -2.7301e-01 -2.7784e+00 9.2337e-01
15219 -5.8190e+00 2.8544e-01 -2.6507e+00
15220 -5.1829e+00 -5.6270e+00 -5.6946e+00
15221 -1.9300e+00 -4.6197e-01 3.3666e+00
15222 -5.8698e+00 -1.1100e+00 -8.7665e+00
15223 1.1995e-02 1.5929e+00 -3.0734e+00
15224 -3.9425e+00 4.3749e+00 -3.1368e+00
15225 -7.6633e-01 -4.1876e+00 -3.0026e+00
15226 -5.3633e+00 -2.9543e+00 -4.4177e+00
15227 -1.0148e+00 5.2175e+00 -8.0007e+00
15228 1.3167e+00 -1.3326e+00 -6.2719e+00
15229 2.5487e+00 -1.4177e+00 -2.0026e+00
15230 -2.6532e-01 -6.0890e+00 -2.1303e+00
15231 -3.0238e+00 7.8177e-01 -8.4291e+00
15232 -8.5072e-02 -4.0746e+00 -2.3292e+00
15233 -2.5751e-01 -1.6772e+00 -1.4750e+00
15234 1.9941e+00 3.9858e+00 -7.1308e+00
15235 5.5278e+00 -5.4957e+00 -3.9520e+00
15236 -7.8674e-02 -8.3857e+00 -9.0222e+00
15237 -3.1638e+00 4.9631e-01 -6.0698e+00
15238 1.9714e+00 -2.4742e+00 -2.3409e+00
15239 2.1627e+00 -8.2294e+00 -3.3506e+00
15240 -2.4639e+00 -8.7668e+00 -3.8479e+00
15241 4.8919e+00 -6.0906e+00 -4.3637e+00
15242 -5.7478e+00 -5.0862e+00 -6.6515e+00
15243 -1.8063e+00 -3.1083e+00 -6.8897e+00
15244 -4.0332e+00 -1.4629e+00 -7.4122e-01
15245 -1.9192e-01 -3.0529e+00 -9.3748e+00
15246 -3.1466e+00 2.9865e+00 -8.9221e+00
15247 -4.1085e+00 -1.0921e+00 1.0741e-01
15248 -2.6888e-01 -4.8320e+00 -6.0855e+00
15249 -1.3475e-01 -4.6638e+00 -1.4101e+00
15250 -5.3013e+00 -5.6244e+00 -4.4131e-01
15251 1.7663e-01 -1.7130e+00 -8.0025e-01
15252 7.5038e-01 3.6470e+00 -4.5634e+00
15253 8.3035e-01 -2.1354e+00 1.9719e+00
15254 -2.7524e+00 6.2477e+00 -1.5660e+00
15255 1.1248e+00 3.8958e+00 3.5191e+00
15256 4.1143e+00 1.8678e+00 -1.9237e+00
15257 -5.8611e-01 -7.1505e+00 5.5056e+00
15258 4.8302e-01 6.9942e-01 -3.4460e+00
15259 1.3815e+00 1.7712e+00 -1.9066e+00
15260 2.2863e+00 5.1021e+00 3.0112e+00
15261 -3.8349e+00 1.5510e+00 2.6818e+00
15262 2.2171e+00 -4.6303e+00 -5.4683e+00
15263 4.0817e-01 -3.5995e+00 1.9415e+00
15264 1.0963e+00 -7.8554e+00 -5.6903e+00
15265 2.0060e+00 2.8346e+00 2.9139e+00
15266 2.3635e+00 -4.3033e+00 -2.3668e-01
15267 6.3843e-01 -5.1741e+00 -2.9960e+00
15268 2.5893e+00 4.8597e-01 1.7229e+00
15269 6.4849e-01 -2.8997e+00 1.4731e-01
15270 -3.3786e+00 -1.8460e+00 -5.1222e+00
15271 3.2691e+00 6.1332e-01 4.3175e-01
15272 -3.0471e+00 3.0445e+00 -4.6436e+00
15273 -5.2308e+00 -7.2357e-01 -8.2308e-01
15274 -4.5173e-02 -9.1410e+00 -1.4931e-02
15275 6.2149e-01 -7.5791e+00 -4.2850e+00
15276 -2.6027e+00 -1.8969e+00 -1.6633e+00
15277 -5.5075e+00 -4.0581e-01 -1.6184e+00
15278 6.5451e-01 -5.9644e-01 -6.6863e+00
15279 -1.9084e+00 -1.2295e+00 -6.1254e+00
15280 -9.2824e-01 -5.6708e+00 -9.3400e+00
15281 -1.2830e+00 -6.9331e+00 -4.3976e+00
15282 -4.3105e+00 -4.2866e+00 -8.9664e+00
15283 -4.0792e-01 -2.3359e-01 -6.0241e+00
15284 -4.0207e-01 2.0939e+00 -3.5117e+00
15285 4.9356e+00 2.6949e+00 -3.3596e-01
15286 -3.1938e+00 1.8359e+00 -7.2675e+00
15287 3.2591e+00 3.1712e-01 -7.5910e+00
15288 -2.3431e+00 3.8578e+00 -9.0109e+00
15289 -1.8241e+00 -5.1371e+00 -2.9167e+00
15290 -2.7464e+00 1.3946e+00 -2.9599e+00
15291 -3.2579e+00 -4.7495e+00 -8.5174e+00
15292 -4.0627e+00 -2.9283e+00 -4.3265e+00
15293 1.8238e-01 8.3226e-01 -5.9294e+00
15294 -6.0795e-01 1.6815e+00 -8.2642e+00
15295 2.8544e-01 -2.9280e+00 1.1673e+00
15296 -3.3719e+00 4.7689e+00 -5.9420e+00
15297 3.8061e+00 4.4992e+00 1.3656e+00
15298 1.0005e+00 9.5764e-01 -4.7987e+00
15299 -1.5757e+00 -2.0383e+00 -3.3604e+00
15300 -3.2032e+00 -1.1146e+00 -1.8540e+00
15301 -2.8138e+00 8.4291e-01 -3.9463e+00
15302 -3.1554e+00 2.9598e-01 -4.9598e+00
15303 3.0151e+00 4.8830e+00 -1.8578e+00
15304 3.3974e+00 4.3115e+00 -4.9523e+00
15305 -1.6166e+00 2.8807e+00 -5.5305e+00
15306 1.3934e+00 -1.0367e+00 -6.5531e+00
15307 4.9260e+00 4.2620e+00 3.3884e-01
15308 -2.9050e+00 -1.8686e-01 -1.0928e-01
15309 -3.7028e-01 1.9733e+00 -9.2374e-01
15310 8.0888e-01 -5.8578e+00 -5.6753e+00
15311 -2.1709e+00 3.9928e+00 -7.7686e+00
15312 -1.4324e+00 1.3105e+00 -6.0827e+00
15313 -5.9158e+00 -4.0278e+00 -4.5773e+00
15314 -5.6181e+00 -5.1291e+00 -5.0450e+00
15315 -7.1554e-01 1.5251e+00 -4.2243e+00
15316 -2.5246e+00 -5.3212e+00 -2.7057e+00
15317 -3.6901e+00 -5.3102e+00 -3.7107e+00
15318 -1.3206e-01 -4.9743e+00 -5.0389e+00
15319 -2.1535e+00 -4.4169e+00 -5.3336e+00
15320 -5.3420e+00 -3.8555e+00 -4.6535e+00
15321 -1.7823e+00 2.9326e+00 -2.8888e+00
15322 -1.2712e+00 -4.7906e+00 -7.5237e-02
15323 2.2998e-01 6.9379e-01 -7.7022e-01
15324 -7.3714e+00 -1.3935e+00 -7.8898e+00
15325 -6.5396e+00 -5.6388e+00 -7.3746e+00
15326 -3.2490e+00 -7.5181e-01 -4.0181e-01
15327 -1.9117e+00 2.6417e+00 -6.2616e+00
15328 -5.1362e+00 -1.8309e+00 -6.3751e-01
15329 2.7996e+00 -2.3674e-01 -6.2117e+00
15330 1.0900e+00 -4.7888e+00 -8.1480e+00
15331 1.7673e+00 1.2198e+00 -5.0186e+00
15332 3.3770e-01 -9.0079e+00 -7.6268e+00
15333 8.9933e-01 -3.4580e-01 -4.2707e+00
15334 4.5159e-01 8.6926e-01 -8.9328e+00
15335 3.1600e-01 -3.6689e+00 -3.0944e+00
15336 -3.0036e+00 3.8122e+00 -2.4322e+00
15337 -3.7142e+00 3.3962e+00 1.3359e+00
15338 1.7328e-01 -5.7246e+00 7.1377e-01
15339 -3.3584e+00 -4.1887e-01 -6.2162e+00
15340 -7.7529e-01 6.4215e+00 1.9607e+00
15341 -3.1788e+00 2.6573e+00 -7.3722e+00
15342 -1.6066e+00 6.3782e+00 2.2804e+00
15343 -3.4778e+00 2.3892e-01 -2.9281e+00
15344 1.9101e+00 -2.7502e+00 -4.2978e+00
15345 1.5002e+00 -6.8974e+00 -5.2320e+00
15346 -3.6080e+00 -5.5391e-01 -8.6147e+00
15347 -3.8583e+00 -8.7317e+00 -6.2051e-01
15348 8.9467e-01 5.3597e-01 -8.6877e+00
15349 -7.8841e+00 -1.0463e+00 -5.2148e+00
15350 -5.5537e-01 -4.6910e+00 -2.5129e+00
15351 1.2106e+00 -2.1720e+00 -6.2710e+00
15352 1.3648e+00 -4.2814e-01 -7.7024e+00
15353 -4.2776e+00 5.3114e-01 -5.6183e+00
15354 -1.8460e+00 3.6109e+00 -2.6751e+00
15355 -3.4836e+00 5.4274e+00 -1.7078e+00
15356 -2.6962e+00 5.6105e-03 -6.8468e-01
15357 2.7754e-02 4.3452e+00 -4.7080e+00
15358 -1.0935e-01 3.7265e+00 1.2895e+00
15359 -3.8829e+00 4.1617e-01 -1.5889e-02
15360 -1.8011e+00 -5.0043e+00 -4.3064e+00
15361 3.4969e+00 -2.8151e+00 -7.4751e+00
15362 -1.5822e+00 -4.7202e-01 -8.2032e+00
15363 -2.6263e+00 2.0864e+00 -6.0074e+00
15364 2.1469e-01 7.6514e-01 -3.6901e+00
15365 9.0317e-02 -1.9554e+00 -1.3665e+00
15366 1.6470e+00 3.0255e+00 -4.9047e+00
15367 -2.1200e+00 7.2614e-01 -2.9245e+00
15368 2.8845e+00 -5.7297e+00 -1.1559e+00
15369 -2.1490e+00 -2.5533e+00 -5.6336e+00
15370 -2.8645e+00 -4.9877e+00 -2.3940e+00
15371 -1.4667e+00 -1.1336e+00 -4.2961e+00
15372 5.7069e-01 3.5867e+00 -6.7921e+00
15373 -6.6546e+00 -2.7142e+00 -1.1968e+00
15374 -3.2452e+00 5.0220e+00 -8.9402e+00
15375 7.5975e-01 1.6539e+00 -7.6421e+00
15376 -4.6528e-01 -3.2695e+00 -8.3492e+00
15377 -6.7344e-01 -7.4291e+00 5.6755e-01
15378 -4.0789e+00 4.4947e+00 -2.7333e+00
15379 -2.5439e+00 7.0532e+00 -2.9004e+00
15380 -3.4379e+00 -2.4368e-01 -3.0912e+00
15381 3.2171e+00 2.4161e+00 -8.0769e+00
15382 -6.4841e-01 -2.0389e+00 -7.3705e+00
15383 5.2964e-01 -3.6451e+00 -3.9388e+00
15384 -6.3114e+00 -1.8115e+00 -4.1973e+00
15385 -5.3151e+00 -2.7590e+00 -1.8210e+00
15386 -7.8843e+00 -6.0720e-02 4.4003e-01
15387 -2.7876e-01 5.5426e-01 -1.5192e+00
15388 -1.1907e+00 -7.7707e-01 -1.5662e+00
15389 9.8702e-01 -1.9868e+00 -3.6025e+00
15390 -1.7362e+00 -7.0866e+00 -3.7928e+00
15391 3.4584e+00 1.9490e+00 -5.1711e+00
15392 -2.9091e+00 -1.6465e+00 -9.1126e+00
15393 2.0047e+00 -2.6728e+00 -8.0312e+00
15394 -1.9650e+00 -4.8119e+00 -2.2868e+00
15395 -2.9874e+00 3.0478e+00 -4.7534e+00
15396 -3.2900e+00 -4.3406e+00 -9.0867e+00
15397 -6.9094e+00 -3.1718e+00 -3.6027e+00
15398 -8.8019e-01 -6.8271e+00 -8.1535e+00
15399 -5.4873e-01 4.6355e+00 -8.7892e+00
15400 -2.3080e+00 2.4843e-01 -4.5587e+00
15401 -5.0649e-01 1.8456e+00 -5.2064e+00
15402 -4.4224e+00 2.5208e+00 -5.1706e+00
15403 -4.4088e+00 2.6916e-01 -3.9793e+00
15404 6.0086e-01 -3.9759e-02 -2.4500e+00
15405 2.6690e+00 -3.6493e-01 -5.1686e+00
15406 -5.1333e-01 2.0230e+00 -1.0206e+00
15407 2.9162e+00 -3.2468e+00 3.4135e+00
15408 -9.2819e-01 -3.8652e+00 3.7867e-01
15409 1.5126e+00 4.3999e-01 -5.3636e-01
15410 -6.0739e+00 -1.8567e+00 -3.7717e+00
15411 -1.8911e+00 2.4753e+00 4.7460e+00
15412 8.9249e-01 -2.8976e+00 -6.4287e+00
15413 1.5776e+00 -4.7091e+00 -3.5109e+00
15414 2.1333e+00 -1.3032e+00 -9.0467e-01
15415 -4.6948e+00 -3.7536e-01 -4.1347e+00
15416 -2.3480e+00 -3.5682e+00 -4.7331e+00
15417 -1.8759e+00 4.8303e+00 -5.9807e+00
15418 -9.3074e-01 -2.0898e+00 -3.6893e+00
15419 -3.7604e+00 -1.0058e+00 -2.0424e+00
15420 2.0230e-01 -1.9607e+00 -6.1670e+00
15421 -1.0377e+00 -5.2743e+00 -6.3913e-01
15422 3.3116e+00 6.1715e-01 -3.7428e-01
15423 4.8219e+00 3.0729e+00 -2.0650e+00
15424 -1.5292e+00 -4.1350e+00 -7.7207e+00
15425 -1.7959e-01 1.4984e+00 -3.9846e+00
15426 -1.2917e+00 1.0900e+00 -3.5136e+00
15427 -5.1766e-01 1.8096e+00 -4.7959e+00
15428 6.9295e-02 -6.5506e-01 -6.8316e+00
15429 1.6165e+00 -2.9096e+00 -3.2109e+00
15430 -3.4552e-01 -1.3692e+00 -2.8692e+00
15431 -1.3976e+00 -3.0638e+00 -5.9444e+00
15432 -3.9881e-01 -2.3368e+00 -1.5368e+00
15433 -3.6326e+00 -9.4813e-01 -2.5512e+00
15434 1.2044e+00 -3.6105e-01 -7.0922e+00
15435 -3.5794e-01 2.6334e+00 -4.3048e+00
15436 -2.7289e+00 3.4010e-01 -6.1971e+00
15437 -1.0505e-01 5.0991e+00 3.9549e-01
15438 -7.1347e-01 4.2598e-01 -7.2752e+00
15439 -3.1513e+00 -3.7155e-01 -6.2906e+00
15440 -2.7905e+00 -3.1268e+00 -6.8740e+00
15441 -7.5961e+00 -9.1921e-01 -7.7115e+00
15442 4.3697e+00 -9.7925e-04 -6.3701e+00
15443 3.5619e+00 -5.6196e+00 -3.1554e+00
15444 3.5992e+00 1.7092e+00 -1.7922e+00
15445 -5.4457e+00 5.3993e-01 5.0245e+00
15446 -1.7505e+00 1.7081e+00 -5.9959e+00
15447 -1.2117e+00 -7.2825e+00 -8.3771e-01
15448 4.2272e+00 1.5033e+00 -2.0754e+00
15449 -8.0254e-01 1.9508e+00 -7.4724e-02
15450 -1.2914e+00 -3.6447e-02 2.3466e+00
15451 -8.8854e-01 -4.0224e-01 -6.5556e+00
15452 2.2002e+00 -7.9718e-01 -6.3249e+00
15453 -2.5975e+00 2.2371e+00 -2.0249e+00
15454 -6.5069e+00 -8.7035e+00 -1.4327e+00
15455 -1.1558e+00 3.4540e-01 -4.0494e+00
15456 -3.5361e+00 -4.7770e+00 9.4135e-01
15457 6.7737e-01 4.2786e+00 -5.7696e+00
15458 8.2053e-01 2.5077e+00 -9.2228e+00
15459 1.9977e+00 -1.3294e-02 -2.0904e+00
15460 -5.1567e-02 1.3306e+00 -1.6333e+00
15461 5.2749e-01 3.0471e+00 -4.0886e+00
15462 6.4280e+00 -9.3712e+00 -7.6389e-01
15463 -1.2530e+00 -4.1850e+00 -7.8558e+00
15464 -2.6998e+00 5.4578e-01 -5.1960e+00
15465 -1.6509e+00 1.9064e-01 -6.1719e-01
15466 -2.1655e+00 -5.4657e+00 -2.3043e+00
15467 -1.3035e+00 -6.0123e+00 -4.0217e+00
15468 -1.3592e+00 -3.7439e+00 -2.0368e+00
15469 3.9199e-01 -4.1847e-02 -7.0556e+00
15470 -2.0702e+00 -3.4716e+00 1.2662e-02
15471 -1.2119e+00 -6.1118e+00 -1.3040e+00
15472 6.3324e-01 4.2816e+00 -6.7941e-01
15473 3.3235e-01 -4.2417e-01 1.3410e+00
15474 4.6429e+00 -8.0614e+00 -7.7625e+00
15475 -2.2628e+00 3.3500e+00 -7.9590e+00
15476 8.5632e-01 4.9677e+00 -4.4831e+00
15477 3.8794e+00 -1.3715e-01 -7.2937e+00
15478 -9.9369e-01 -9.0230e+00 -3.3997e+00
15479 8.2685e-01 -3.1654e+00 1.9071e+00
15480 -6.0130e-01 -3.6632e+00 -5.5476e+00
15481 3.9664e-01 -4.4289e+00 -2.2458e+00
15482 4.5529e+00 1.5613e+00 -3.7598e+00
15483 -6.3684e+00 3.9419e+00 -4.9927e-01
15484 -1.7105e+00 2.8414e+00 -6.6551e+00
15485 -3.2938e+00 -4.6438e+00 -6.1193e+00
15486 -8.5713e-01 -4.9695e-01 -6.2936e+00
15487 -8.6152e-01 -1.0823e+00 -4.5564e+00
15488 -3.3671e+00 -6.3982e+00 -5.6199e+00
15489 -2.5199e+00 3.6427e-01 -2.4896e+00
15490 -4.1515e+00 -3.7210e+00 -6.9693e+00
15491 -4.0132e+00 3.6623e+00 -5.8327e+00
15492 -6.4655e+00 2.8098e+00 -1.7321e-01
15493 -7.9555e-01 -1.4765e+00 -6.2032e+00
15494 -2.8514e+00 -7.4873e+00 -4.3070e+00
15495 6.6188e+00 -7.1347e+00 -6.7584e+00
15496 -5.8856e-01 -4.9725e+00 -1.6478e+00
15497 -8.4628e-01 -8.5752e-01 -1.0117e+00
15498 3.3436e+00 -4.1160e+00 -2.9978e+00
15499 -8.7384e-01 1.7002e+00 -3.2110e+00
15500 3.6369e+00 -3.6530e+00 -9.3598e+00
15501 -2.0526e+00 6.6084e+00 -3.8172e+00
15502 -2.7776e+00 -5.0575e+00 -6.0359e+00
15503 1.4205e+00 -3.1097e+00 -4.4156e+00
15504 7.5479e-01 -2.0850e+00 -6.9785e+00
15505 -2.1512e+00 -2.8567e+00 -5.8507e+00
15506 -1.5144e+00 -2.2297e+00 -1.4115e-01
15507 -1.8868e+00 -3.7173e+00 -3.7373e+00
15508 1.8013e+00 -3.1296e+00 2.2624e-01
15509 1.1507e+00 -3.8814e+00 -3.6930e+00
15510 -5.9897e+00 2.9106e-01 -5.8100e+00
15511 -1.5336e+00 1.8426e+00 -5.1981e+00
15512 2.8548e+00 4.8506e+00 -3.7908e+00
15513 3.4322e-01 -5.1427e-01 -6.7807e+00
15514 -4.0045e+00 4.2077e+00 -8.5759e+00
15515 -4.5612e+00 -4.6543e+00 -1.8428e+00
15516 -1.1414e+00 -2.8419e+00 1.4015e+00
15517 -5.3413e+00 -8.8981e+00 -1.6586e+00
15518 -2.3130e+00 -8.2295e+00 -4.4536e+00
15519 4.8107e+00 -3.2316e+00 1.7838e+00
15520 -4.4399e+00 -2.5809e+00 -3.3182e+00
15521 -4.7099e+00 -4.3124e-01 7.4497e+00
15522 -2.2909e+00 3.5745e+00 1.5067e+00
15523 -3.7529e-01 1.4815e+00 -1.3555e+00
15524 6.3271e-01 -1.6213e+00 6.1850e-01
15525 3.4671e-01 4.1221e+00 -7.1152e+00
15526 4.7510e-01 3.8703e+00 -8.0247e+00
15527 -6.0724e+00 -1.1274e+00 -3.6630e+00
15528 -6.4829e+00 -6.4357e+00 -3.8883e+00
15529 -4.6619e+00 -1.3195e+00 -4.9659e+00
15530 4.7826e-01 -8.9376e-01 1.1703e-01
15531 -2.4908e+00 3.5590e+00 3.4982e+00
15532 -2.1928e+00 1.8597e+00 -4.1937e+00
15533 2.1596e+00 2.7169e-01 -3.5353e+00
15534 -4.3394e+00 3.5130e+00 -9.0371e+00
15535 -1.4538e+00 3.7526e+00 -1.3888e-01
15536 4.9809e+00 -1.8600e+00 -4.2742e+00
15537 -3.8477e+00 -2.6070e+00 -6.1096e+00
15538 2.6057e+00 -8.1297e+00 -2.4790e+00
15539 3.4681e+00 -3.6715e+00 -9.0125e-02
15540 2.5114e+00 -4.1580e+00 -5.6543e+00
15541 -4.2909e+00 3.2632e+00 -3.2364e+00
15542 -3.7794e+00 -4.1155e+00 -8.5737e+00
15543 3.4091e+00 -1.5275e+00 -8.2858e+00
15544 -2.8367e+00 -1.7805e+00 -5.5531e+00
15545 -1.2786e+00 -2.9561e+00 -6.7700e+00
15546 2.8004e+00 -3.0646e+00 -6.8162e+00
15547 1.6721e+00 3.2930e+00 2.5386e+00
15548 -2.4581e+00 -2.0100e+00 -7.1640e+00
15549 2.1391e+00 1.3708e+00 -6.6725e+00
15550 -5.1802e+00 -6.4284e+00 -4.2604e+00
15551 -7.2364e-01 3.6941e+00 -4.3374e-01
15552 2.4570e+00 -6.3685e+00 2.3964e+00
15553 -4.1712e+00 -2.6890e+00 -8.0817e+00
15554 5.9879e-01 5.2695e-01 1.8372e+00
15555 1.6668e+00 -1.6283e+00 -7.8824e+00
15556 -3.2114e+00 -1.7983e+00 -2.4739e+00
15557 -4.4796e+00 -2.9113e+00 -5.7457e+00
15558 -3.0379e-01 -6.2811e+00 2.4611e+00
15559 -1.1624e+00 -4.5914e+00 -3.3552e+00
15560 -1.7366e+00 -5.7524e+00 -1.2307e+00
15561 -5.2000e+00 -1.6372e-02 -4.5888e+00
15562 -6.3358e+00 -2.1465e+00 -6.6336e+00
15563 1.3698e+00 -2.1160e+00 -2.6379e+00
15564 -3.7813e+00 1.7277e+00 9.8437e-02
15565 -1.9946e-01 9.6776e-01 -7.2773e+00
15566 -6.9954e-01 3.1177e+00 -8.1077e+00
15567 3.7606e-01 1.8090e+00 -3.4694e+00
15568 -2.4876e+00 3.4202e+00 -7.1111e+00
15569 -1.8927e+00 6.6420e-01 -3.1258e+00
15570 -1.7161e+00 -5.4430e-02 1.1005e+00
15571 -2.1442e+00 -1.4095e+00 -4.6300e+00
15572 -3.3633e+00 -3.2642e+00 -5.4381e+00
15573 2.5206e+00 -3.7062e+00 -2.2135e+00
15574 -4.4334e+00 -2.0676e+00 -5.6788e+00
15575 -1.8734e+00 -5.9324e+00 -5.5065e+00
15576 -3.1799e+00 2.5051e+00 -6.6712e+00
15577 -4.6297e+00 4.6542e-02 -4.4837e+00
15578 -4.5360e-01 8.7082e-01 -4.3712e+00
15579 -5.9748e+00 -2.6637e+00 -4.1369e+00
15580 -1.6738e+00 9.9658e-01 -3.9864e-01
15581 5.9914e+00 2.1469e+00 -6.9696e+00
15582 2.3453e+00 3.1543e-01 -6.5288e+00
15583 -4.0259e-01 2.2243e+00 -6.1480e+00
15584 2.3279e-01 -4.0442e+00 -7.3771e+00
15585 -1.8083e+00 -5.3731e+00 -2.5248e+00
15586 -6.0564e+00 -1.0398e+00 -5.8390e+00
15587 3.9015e+00 1.5283e+00 -6.6441e+00
15588 -1.1733e+00 -2.1493e-01 -4.2528e+00
15589 -1.5585e+00 6.4777e+00 -3.5998e+00
15590 -1.4151e+00 2.1373e+00 -1.9735e+00
15591 -4.6004e+00 -2.0102e+00 -4.4743e+00
15592 -4.0290e+00 3.0268e-01 -9.0233e+00
15593 -1.0762e-02 6.4643e+00 -8.9880e+00
15594 3.1007e+00 6.3213e+00 -8.4570e+00
15595 -3.0871e+00 4.8414e+00 -4.6097e+00
15596 -1.1262e+00 4.5463e-01 -4.3246e+00
15597 -4.3742e+00 4.4792e+00 -5.0987e+00
15598 6.2373e-01 -6.7238e-01 2.3948e+00
15599 7.9759e-01 -4.3518e+00 -1.4250e+00
15600 -1.2058e+00 -2.5589e+00 -5.2963e+00
15601 2.8897e+00 1.6332e+00 -1.1389e+00
15602 4.0260e+00 -5.2428e+00 -4.9976e+00
15603 1.9903e+00 -6.3608e+00 3.2068e+00
15604 1.7679e+00 -6.7228e+00 -4.3630e+00
15605 4.7179e+00 -2.3483e+00 -5.8193e-01
15606 1.1448e-01 4.3203e+00 -7.2776e+00
15607 -2.3245e+00 2.3311e+00 -6.9690e+00
15608 -1.6222e+00 -3.5489e+00 -1.9525e+00
15609 -3.2375e+00 4.6223e+00 -3.5494e+00
15610 -1.2461e+00 -7.1830e+00 -2.6029e+00
15611 -4.1721e+00 -6.0500e+00 -3.9736e+00
15612 -3.3174e+00 -2.8497e+00 -7.0026e+00
15613 -2.2226e+00 -1.0953e+00 -9.0060e+00
15614 -3.4573e+00 -4.0910e+00 -7.9327e+00
15615 4.7835e-01 -2.4394e+00 -4.9420e+00
15616 -1.4821e-01 -3.1600e+00 -5.2380e+00
15617 4.8501e-01 -9.3831e+00 -5.1407e+00
15618 4.8191e+00 -1.2905e+00 -5.1582e+00
15619 -2.8775e+00 -1.2835e+00 -8.4717e+00
15620 -2.9480e-01 -2.1694e-01 -6.0581e+00
15621 -2.6089e+00 -3.8929e+00 -2.5260e+00
15622 -7.4010e+00 4.9706e+00 -6.4278e+00
15623 2.2272e+00 1.6966e+00 9.7943e-01
15624 2.8594e+00 -8.9625e+00 4.9439e+00
15625 -2.9267e+00 -4.9643e+00 -2.6641e+00
15626 -3.5057e+00 -5.1224e-01 -4.6660e+00
15627 7.5099e-01 2.7800e+00 -5.4404e+00
15628 -8.0115e-02 -4.1127e+00 -2.4731e+00
15629 -6.3762e-01 1.9382e-01 -3.1711e+00
15630 -6.0655e-02 5.4006e-02 1.2386e-01
15631 1.9684e+00 -9.1902e-01 -3.2866e+00
15632 6.8182e-01 -7.4558e-01 -3.9897e+00
15633 -6.4148e-01 4.9747e+00 -4.0750e+00
15634 7.9660e-01 3.0628e+00 -1.4463e+00
15635 3.7071e+00 3.4824e+00 -6.8041e+00
15636 -9.3200e-01 -4.6621e+00 -8.2629e+00
15637 -6.6644e+00 -1.7851e+00 -7.4739e+00
15638 -1.3142e+00 -1.0469e-01 -7.1939e+00
15639 5.6350e+00 2.0132e+00 -7.0504e+00
15640 -2.9476e+00 -3.2308e+00 -5.9294e+00
15641 1.0703e-01 -1.2391e+00 -6.5157e+00
15642 -4.4506e+00 -7.5105e-01 -4.1249e+00
15643 -4.5265e+00 -1.7821e+00 -6.3153e+00
15644 -2.4469e+00 -1.1616e+00 -5.9132e+00
15645 5.9956e-01 3.9575e+00 -6.2702e+00
15646 1.6332e+00 -4.8721e+00 1.2406e+00
15647 1.7564e+00 -5.0512e+00 -7.1224e+00
15648 3.7529e+00 1.8670e+00 -8.7598e+00
15649 -1.9237e+00 -4.5289e+00 -2.9893e+00
15650 -2.8084e+00 1.6307e+00 3.2965e-01
15651 -2.7916e+00 -3.9913e+00 -5.3008e+00
15652 -2.2881e+00 -3.7358e+00 -2.7918e+00
15653 1.4732e+00 2.4493e+00 -3.0807e+00
15654 1.9737e+00 2.5542e+00 -7.6217e-01
15655 2.9503e+00 -2.5321e-01 -2.1140e+00
15656 -4.3954e+00 1.7513e+00 -7.8429e+00
15657 -1.5190e+00 1.2061e+00 -3.9985e+00
15658 -3.1201e-01 -4.1306e+00 1.1966e+00
15659 -3.8307e+00 1.3008e+00 -8.6144e+00
15660 -1.3639e+00 3.1180e-01 -6.1725e+00
15661 4.9559e-01 6.8573e-01 -6.8669e+00
15662 2.0101e+00 -1.3367e+00 -2.3737e+00
15663 2.5809e+00 -1.3861e+00 -3.7380e+00
15664 -1.5225e+00 1.7662e+00 -9.2299e+00
15665 -2.2909e+00 -4.2152e-01 5.7416e-01
15666 1.7195e+00 -1.8298e+00 -3.5108e+00
15667 -8.6440e-01 -8.4464e+00 -1.1785e+00
15668 -4.0587e+00 -3.3169e-01 -3.1079e+00
15669 -1.6168e+00 -3.0090e-01 2.2891e+00
15670 -3.8769e+00 -2.3666e+00 -9.3843e+00
15671 -2.6776e+00 -2.7269e+00 -1.9182e+00
15672 -3.4391e-01 4.0654e+00 6.5940e+00
15673 -4.5854e+00 -3.0384e+00 -1.9360e+00
15674 -1.6243e+00 3.2194e+00 -3.0192e+00
15675 6.9239e-01 -5.1133e-01 -1.8368e-01
15676 -1.4214e+00 -3.2723e-01 -5.5219e+00
15677 8.4012e-01 -5.0042e+00 -2.5983e+00
15678 2.6764e-01 -1.9876e+00 -9.9189e-01
15679 -5.5754e-01 1.8380e+00 -7.8845e+00
15680 -9.1790e-01 -5.7047e+00 -6.0800e+00
15681 -6.7037e+00 3.4252e-01 -4.2431e+00
15682 -2.5313e-01 -1.5861e+00 -3.5457e+00
15683 2.5153e+00 -3.8693e+00 2.2320e-01
15684 -4.3562e+00 -2.5449e+00 -5.0248e+00
15685 -3.1554e+00 -3.8644e-01 -9.8915e-01
15686 -1.4404e+00 -7.5990e+00 -3.6326e+00
15687 -5.1349e-01 2.1364e+00 -5.7559e+00
15688 -7.9801e-01 -8.3009e-01 -2.6956e+00
15689 1.2373e+00 2.1252e+00 -9.0045e-01
15690 -3.3442e+00 -5.8069e+00 -3.6414e+00
15691 3.1065e+00 -2.8115e+00 -3.6847e+00
15692 -1.2839e+00 2.0998e+00 -2.2832e+00
15693 -2.3992e+00 5.5634e+00 -4.0688e+00
15694 -4.6691e+00 1.7086e+00 -4.2972e+00
15695 -8.9193e-01 1.6380e+00 4.9609e+00
15696 -2.9129e+00 4.7281e-01 -2.1567e+00
15697 -2.2469e+00 -1.1077e-01 -4.4761e+00
15698 4.4025e+00 2.9750e+00 -4.5700e-01
15699 -5.8757e+00 5.2930e+00 -3.6941e+00
15700 -4.5042e+00 2.7430e+00 -1.6924e+00
15701 -2.6173e+00 3.4882e+00 -3.2364e+00
15702 -4.6112e+00 -2.3014e+00 -7.1869e+00
15703 3.7210e-01 6.4604e-02 -6.7639e+00
15704 -1.5605e+00 -2.3584e+00 -9.1376e+00
15705 -1.1122e+00 3.5234e+00 -6.1640e+00
15706 -1.2764e+00 -8.1921e-01 -8.2573e+00
15707 1.6942e+00 2.7117e+00 -3.3826e+00
15708 -3.3495e+00 -1.7692e-01 -5.6771e+00
15709 -4.5236e+00 -1.3677e+00 -3.2986e+00
15710 1.2327e+00 -1.3340e+00 -5.7386e+00
15711 1.0239e+00 2.6764e+00 -6.7426e+00
15712 2.8433e+00 -2.2550e+00 -5.9661e+00
15713 -4.5743e+00 -7.2698e-01 -6.8133e+00
15714 -3.5657e+00 2.9263e+00 -8.3010e+00
15715 -2.3457e+00 -5.0124e-01 -3.3298e+00
15716 -5.8552e+00 -4.8563e+00 -4.6083e+00
15717 -3.2179e+00 -5.1070e-01 -9.3057e+00
15718 -2.9796e+00 -5.6670e+00 -4.1041e+00
15719 -3.0089e+00 -3.4463e+00 -7.5002e+00
15720 -1.6809e-01 1.3478e+00 -3.4618e+00
15721 -6.0140e+00 2.6377e+00 -7.6032e+00
15722 1.0789e-01 3.4824e+00 -7.2591e+00
15723 1.7316e+00 -4.9537e+00 -6.3059e+00
15724 1.2320e+00 -8.0822e+00 -3.4396e-01
15725 3.0877e-01 2.9803e+00 -6.7420e+00
15726 6.8794e-01 -6.9664e+00 -4.8968e+00
15727 -2.8158e+00 -2.8392e+00 -7.8327e+00
15728 2.9298e+00 -8.4037e-01 -6.4147e+00
15729 -1.4325e+00 -2.6441e+00 -4.6795e-01
15730 6.0943e-01 1.3875e+00 -7.7237e+00
15731 -3.5369e+00 -3.7153e+00 -7.4642e+00
15732 1.0969e+00 3.1351e+00 -6.6730e+00
15733 -1.4423e+00 -5.4336e-01 6.9161e-01
15734 -3.4438e+00 -5.3426e+00 -4.1792e+00
15735 -1.6801e+00 3.5318e+00 -1.1886e+00
15736 -3.4538e+00 -1.2900e-01 -5.2947e+00
15737 -5.9489e+00 -6.4882e+00 -3.2843e-01
15738 -8.9707e+00 -1.7461e+00 -4.6024e+00
15739 -2.9003e+00 -8.8340e+00 -2.9940e+00
15740 -3.4525e-01 -4.8793e+00 -6.1307e+00
15741 -5.2538e+00 2.4103e+00 -5.4218e+00
15742 -2.2270e+00 -4.2129e+00 -1.3774e+00
15743 -1.7658e+00 1.1896e+00 -7.2688e+00
15744 2.5172e-01 2.7253e+00 -2.3407e+00
15745 -2.8658e+00 2.3214e+00 -4.1993e+00
15746 -4.6747e-02 -2.4799e+00 -4.0852e+00
15747 -1.8023e+00 -3.6988e+00 -4.5869e+00
15748 -8.4710e-01 5.0962e-01 -4.7744e+00
15749 2.6812e+00 -2.9584e+00 -1.4211e+00
15750 -8.9826e-01 -4.4084e+00 -6.7127e+00
15751 -8.2359e-01 -3.4757e+00 -6.9412e+00
15752 -2.7875e+00 3.9709e+00 6.6601e-01
15753 -2.1452e+00 5.3761e+00 -5.3719e+00
15754 -3.4686e+00 -2.5933e+00 -7.2787e+00
15755 -2.8263e+00 2.5736e+00 -5.0379e+00
15756 1.1455e-01 -3.2345e+00 -3.4495e+00
15757 -2.8189e+00 -2.8127e+00 -4.8892e+00
15758 -3.5038e-01 -7.2728e-01 -4.2013e+00
15759 -2.5027e+00 -5.5658e+00 -4.7128e+00
15760 -1.3690e+00 -4.2266e+00 -4.0577e+00
15761 -7.2485e-01 5.3993e-01 -2.5961e+00
15762 -6.5802e+00 1.5785e+00 -3.3318e+00
15763 4.5526e-01 2.4598e+00 -6.2298e+00
15764 7.1044e-01 5.1009e+00 -4.9714e+00
15765 6.2710e-01 -4.0986e+00 -2.9542e+00
15766 1.8150e+00 2.3153e+00 -7.3516e+00
15767 -4.5343e+00 -6.6010e+00 1.6284e+00
15768 3.6187e-01 -3.7528e-01 -7.8944e+00
15769 -2.6459e+00 -2.2881e+00 -3.4039e+00
15770 4.1968e-02 -5.7806e-01 -2.8653e+00
15771 -6.1183e+00 -1.1983e+00 -4.1397e+00
15772 2.8056e+00 -6.4356e+00 -1.3820e+00
15773 -1.0217e+00 -3.3327e+00 -8.2919e+00
15774 -1.5649e+00 -1.2420e+00 -4.7074e+00
15775 1.2290e+00 2.2372e+00 -3.0996e+00
15776 -4.3957e+00 -3.5359e+00 -3.8427e+00
15777 2.2037e-01 -2.9635e-01 1.0584e+00
15778 4.4980e-01 4.5093e-01 -2.0617e+00
15779 -6.1594e+00 -6.2557e+00 -4.4120e+00
15780 -1.4808e+00 -4.9271e+00 -2.8907e+00
15781 -1.3063e-01 6.5028e+00 1.1733e+00
15782 -7.5759e+00 -8.8460e-01 -5.9679e+00
15783 2.9685e-01 -4.8639e+00 -7.0437e+00
15784 -1.5745e+00 4.9982e+00 -5.4402e+00
15785 -1.8515e+00 -8.0264e+00 -5.0132e+00
15786 -4.4317e+00 -2.0393e+00 -9.1364e+00
15787 -2.9020e+00 -3.1526e+00 -9.2761e+00
15788 4.0323e+00 3.3460e-01 -6.7085e+00
15789 4.9362e-01 3.1907e+00 -4.3120e+00
15790 -3.5122e+00 -8.4792e+00 -6.6728e-01
15791 1.4892e+00 -5.4829e+00 -2.0341e+00
15792 1.6403e+00 3.4256e+00 -6.3421e+00
15793 -1.0696e+00 9.0018e-01 -3.2121e+00
15794 -2.1859e-01 3.7649e+00 -2.9853e+00
15795 -3.5446e+00 -3.7830e-01 -1.6534e+00
15796 5.4019e-01 -3.5610e-01 -6.6833e+00
15797 5.5075e-01 -2.7187e+00 -6.1473e+00
15798 -1.7638e+00 -1.3033e+00 -5.2420e-01
15799 8.1596e-01 5.4183e-01 -6.3004e+00
15800 6.0561e-01 1.1583e+00 -3.1019e+00
15801 -3.7575e+00 -3.3759e+00 -2.4311e+00
15802 1.9175e+00 5.3500e+00 -6.7415e+00
15803 -4.9653e+00 1.5120e+00 -7.9044e+00
15804 -4.5350e+00 -4.5530e+00 -7.3940e+00
15805 7.0419e-01 -5.1604e+00 -4.6663e+00
15806 -3.4767e+00 -3.6482e+00 3.1497e-01
15807 -3.3863e+00 4.8295e+00 -7.9698e+00
15808 -2.0613e+00 3.2585e+00 -7.5112e+00
15809 -2.4200e+00 -1.5050e+00 -4.8206e+00
15810 -9.5546e-01 -8.7810e+00 4.9416e-01
15811 -2.7649e+00 -4.7787e+00 -1.2176e+00
15812 5.4563e+00 -6.5878e+00 -6.2546e+00
15813 -6.6526e+00 -4.2614e+00 -6.0443e+00
15814 -3.5384e+00 -2.7491e+00 -7.9223e+00
15815 -1.9932e-01 -8.1734e+00 5.9657e-01
15816 -5.7671e+00 -3.8757e+00 -6.3321e+00
15817 -3.9739e+00 -3.0826e+00 -6.7846e+00
15818 3.1064e-01 1.2742e+00 -8.5199e+00
15819 2.7230e+00 -6.3825e+00 -5.4856e+00
15820 -6.2634e+00 -5.6162e-01 1.2129e+00
15821 9.4415e-01 -4.8509e-01 -3.7384e+00
15822 3.9460e+00 -5.9723e+00 -5.5214e+00
15823 -1.6117e+00 -6.4436e+00 -7.5973e+00
15824 -3.6596e+00 -9.8786e-01 -6.1645e+00
15825 -3.5303e+00 2.3452e+00 -3.7070e+00
15826 -2.4576e+00 3.7556e+00 -4.4442e+00
15827 -1.1698e+00 -4.9181e+00 -5.2726e+00
15828 -3.8831e+00 1.7466e+00 -3.5687e+00
15829 -2.9391e+00 3.2915e+00 -5.6461e+00
15830 -3.3627e+00 -8.4615e+00 -5.6776e+00
15831 2.2829e+00 -1.2711e-01 1.0516e+00
15832 -3.7604e+00 1.1810e+00 -4.5799e+00
15833 -3.7914e+00 5.4301e+00 -4.3465e+00
15834 -2.5037e+00 1.7293e+00 -6.6877e+00
15835 -1.6191e-01 1.4597e+00 -3.6643e+00
15836 3.0391e-01 -2.9696e+00 -1.6738e+00
15837 3.6084e+00 -9.2541e-01 2.8036e-01
15838 -2.4893e+00 6.0795e+00 -8.4351e+00
15839 -1.3338e+00 -1.1512e+00 -7.1799e+00
15840 1.2552e-01 -4.1590e+00 -6.4558e+00
15841 -5.3977e-01 -5.0646e+00 -2.5699e+00
15842 2.6933e+00 -4.2887e-02 -5.6527e+00
15843 -2.3393e+00 -6.6143e+00 -5.7863e+00
15844 -2.6611e+00 -4.8813e+00 -3.2252e+00
15845 6.2180e-01 -5.5839e+00 -4.8736e+00
15846 2.0255e+00 -6.7369e-01 -5.9638e+00
15847 2.3783e+00 3.2025e+00 -3.0823e-01
15848 1.5632e+00 -1.5940e+00 -5.9549e-01
15849 -6.0754e-01 -5.8164e-01 -2.9512e+00
15850 -6.4915e+00 -2.0256e+00 -4.6975e+00
15851 4.5250e-01 -5.3325e+00 -3.9248e+00
15852 -4.4179e+00 3.2398e+00 -7.8724e+00
15853 -1.2211e+00 -4.3137e-01 -6.4961e+00
15854 -2.2498e+00 4.5080e+00 1.5284e+00
15855 -2.8028e+00 -1.0550e+00 -4.8137e+00
15856 -3.0109e+00 5.1479e+00 -9.0952e+00
15857 -4.3305e+00 -5.5265e-01 -5.8749e+00
15858 2.4300e-01 -1.0298e-01 -4.0512e-01
15859 3.1797e+00 7.3897e+00 -5.7710e+00
15860 6.0865e-01 -1.8517e+00 -8.5016e+00
15861 -2.2870e+00 3.1764e-01 -4.8684e+00
15862 -3.3964e-01 -2.6763e+00 -8.6621e+00
15863 -4.2451e+00 -3.1382e-01 -3.3906e+00
15864 2.0403e-01 1.8828e+00 -4.2181e+00
15865 -2.4115e+00 -4.8156e+00 -4.0291e+00
15866 -2.3189e+00 -3.7880e+00 -3.5850e+00
15867 -4.6026e+00 -2.3373e+00 -2.2052e+00
15868 -4.9082e+00 1.3870e+00 -6.1223e+00
15869 -3.4481e+00 4.6018e+00 -5.7203e+00
15870 -4.5739e+00 -4.9586e+00 -9.3767e+00
15871 -4.5755e-02 -3.2541e+00 -7.0490e+00
15872 -2.8721e+00 1.9567e-01 -6.3940e+00
15873 -3.6488e+00 -5.9828e-01 -9.3597e+00
15874 -6.4996e+00 5.9028e-01 -6.9569e+00
15875 1.3995e+00 -4.3200e+00 -5.6470e+00
15876 1.5415e+00 -6.8006e+00 3.2574e-01
15877 -9.4111e-01 -8.0101e+00 5.1631e+00
15878 -5.9543e+00 -7.1913e+00 -5.3276e+00
15879 7.2873e-01 2.0693e+00 -2.6272e+00
15880 -1.4117e+00 1.9225e+00 -2.2706e-01
15881 -6.1855e+00 -3.1501e+00 -4.3666e+00
15882 -2.4396e+00 2.0410e+00 -5.1520e+00
15883 -3.9446e+00 -1.1137e+00 -5.7676e+00
15884 5.1995e-01 -3.5688e+00 -6.2697e+00
15885 -8.7972e-01 -1.7834e+00 -7.5936e+00
15886 1.3089e+00 -5.8572e+00 -1.0437e-01
15887 -7.3926e-02 -2.5954e+00 -5.6111e+00
15888 -3.9597e+00 3.2968e-01 -3.8975e+00
15889 1.6676e+00 -1.2712e+00 -7.7936e-01
15890 1.5309e+00 -2.1826e+00 -2.9749e+00
15891 1.3320e+00 3.3337e+00 -3.7163e+00
15892 1.6203e+00 -1.0143e+00 -5.7994e-01
15893 1.9558e+00 -4.5242e+00 -1.6122e+00
15894 -4.4050e+00 -2.3979e+00 -4.5899e+00
15895 -6.2928e+00 1.1098e+00 -6.2660e+00
15896 1.7676e+00 -3.3150e+00 -4.0601e+00
15897 1.8740e-01 4.6372e-01 -7.5906e+00
15898 2.6290e+00 1.6333e+00 -6.6817e+00
15899 -6.9216e-01 1.8140e+00 -8.3709e+00
15900 1.0668e+00 4.3119e+00 -2.6789e+00
15901 -6.0223e+00 1.4114e+00 -2.2239e+00
15902 -5.2111e+00 -9.5954e-01 -8.2459e+00
15903 -1.8704e+00 -3.4997e+00 -4.7052e+00
15904 -2.7883e+00 -3.4293e+00 -5.0894e+00
15905 -5.2215e+00 -7.1964e-01 -5.1862e+00
15906 2.9799e-01 -6.1768e+00 -5.3670e-02
15907 -1.7028e+00 -2.8680e+00 -7.8781e+00
15908 -1.3829e+00 -2.3168e+00 -5.9195e+00
15909 -2.5860e+00 2.1163e+00 -8.5334e-01
15910 -2.6185e+00 2.8840e+00 -5.0571e+00
15911 9.8929e-01 -4.0636e+00 -3.8278e+00
15912 -3.2971e+00 -1.4422e-01 -1.1203e-01
15913 -5.0979e-02 -1.3148e+00 -6.5829e+00
15914 3.3262e+00 -4.9776e+00 -8.3230e+00
15915 -6.7369e-01 3.3184e+00 -7.2737e+00
15916 1.8966e+00 2.7393e+00 2.6735e+00
15917 -8.9491e-01 4.2255e-01 3.5648e-02
15918 -1.3226e+00 -2.9971e-01 -3.0111e+00
15919 -6.9108e-02 -4.2230e+00 -7.5739e+00
15920 6.6116e-01 2.0465e+00 -2.1010e+00
15921 -1.3571e+00 -7.2478e+00 -3.9482e+00
15922 -3.9296e-01 -1.4077e+00 -4.8375e+00
15923 1.4977e-01 1.0089e+00 -3.2513e+00
15924 -3.7337e+00 2.7230e+00 -3.8175e-01
15925 -7.7894e-01 6.3465e-01 -2.8599e+00
15926 -2.6975e+00 -2.9548e+00 -6.2085e+00
15927 -2.9169e+00 -3.2636e+00 -8.1939e+00
15928 -5.6343e+00 -2.4818e+00 -8.0454e+00
15929 -1.2326e+00 -7.4694e-01 -3.0432e+00
15930 -5.5657e+00 -4.3717e+00 -4.4809e+00
15931 -1.5390e+00 -2.0646e+00 -4.4075e+00
15932 -1.8502e-01 -7.9834e-02 -2.3352e+00
15933 1.4213e+00 -5.2783e+00 -1.2738e+00
15934 -1.6405e+00 1.1111e+00 -3.7375e+00
15935 -2.6681e+00 1.7062e+00 -2.5499e+00
15936 -4.3989e+00 1.4330e+00 -2.3645e+00
15937 -5.0112e+00 4.8543e-01 -4.9937e+00
15938 -3.1822e+00 4.1279e-02 -4.4222e+00
15939 -1.5710e+00 1.6341e+00 -2.6349e+00
15940 -3.9348e+00 -4.6942e+00 2.9616e+00
15941 -6.3826e+00 -3.4809e+00 -5.3194e+00
15942 -3.1098e+00 1.8394e+00 -4.8957e+00
15943 -3.2849e-01 -6.2235e+00 -1.8879e+00
15944 -3.8663e+00 -9.3233e+00 -5.8144e+00
15945 6.3222e-01 1.6825e+00 -5.1486e+00
15946 8.2904e-01 1.4669e+00 -8.5678e+00
15947 3.7555e+00 -7.9952e+00 1.0257e+00
15948 4.0184e+00 2.0412e+00 -2.4642e+00
15949 3.1736e-01 1.6251e+00 -1.9682e+00
15950 1.5791e+00 -6.7807e+00 -7.2968e+00
15951 -1.3708e+00 7.3052e+00 -5.2401e+00
15952 1.9006e+00 -1.7646e-01 -4.0930e+00
15953 6.8426e-01 -3.1339e+00 -1.2378e+00
15954 3.0967e-01 -5.3440e+00 -4.3076e+00
15955 -3.0302e+00 -2.2637e+00 -6.9246e+00
15956 -3.2403e+00 4.3292e+00 -5.3702e+00
15957 -4.2517e+00 -5.1133e+00 -6.2520e+00
15958 1.4470e+00 -9.1087e-02 -3.1142e+00
15959 -6.7847e-01 4.5746e+00 -4.4344e+00
15960 2.7383e+00 1.8314e-01 1.5994e+00
15961 2.2832e+00 2.5026e+00 -5.4786e+00
15962 2.1384e+00 1.4815e+00 -5.0214e+00
15963 -2.8205e+00 1.1397e+00 -8.9093e+00
15964 -3.0221e+00 -8.4717e+00 4.4341e+00
15965 -9.6281e-01 -6.2938e+00 -3.9522e+00
15966 -1.5045e+00 1.7787e+00 -4.2462e+00
15967 -3.4821e-01 -2.0151e+00 2.7563e+00
15968 -1.3916e+00 7.9109e-01 -7.5216e+00
15969 -3.7537e+00 4.8239e-02 -6.4496e+00
15970 -5.6863e+00 -2.7621e+00 -7.7210e+00
15971 -5.0165e+00 -6.0042e-01 -8.1549e+00
15972 -5.3909e+00 -1.5570e+00 -5.0877e+00
15973 -5.0711e-01 2.8777e+00 -7.1721e+00
15974 6.2254e-01 2.8211e-01 -5.3357e+00
15975 3.0747e+00 1.6654e+00 -1.9714e+00
15976 -3.5595e+00 1.5818e+00 -2.1895e+00
15977 -5.0063e+00 8.2058e+00 -7.7055e+00
15978 -4.5287e+00 -2.8749e-02 -4.3981e+00
15979 -6.9411e+00 6.0807e-01 -6.5339e+00
15980 4.4435e+00 4.6082e+00 -1.4911e+00
15981 2.6089e+00 -4.7365e+00 -5.9194e+00
15982 -1.2744e+00 -6.4670e+00 -6.6263e+00
15983 -6.2791e+00 3.9723e+00 -8.9116e+00
15984 4.6900e-01 1.6843e+00 -6.2980e+00
15985 1.2919e+00 7.4957e-01 -6.9571e+00
15986 8.0359e-01 -5.3360e+00 -8.3993e+00
15987 -3.0912e+00 -1.9296e-01 -3.9567e+00
15988 5.3902e+00 -1.6479e+00 -4.5583e+00
15989 -9.1195e-01 -5.4161e+00 -4.6543e+00
15990 -5.2395e+00 -9.1860e-01 -1.1038e+00
15991 4.2034e+00 -7.9020e+00 -4.9598e-01
15992 -3.2867e+00 6.2700e+00 -8.4303e+00
15993 -5.3864e+00 -3.9984e+00 2.9597e-01
15994 -2.1803e+00 -5.0875e+00 -4.3280e+00
15995 -5.8144e-01 -4.6193e+00 -5.9453e+00
15996 -7.9764e+00 -9.7729e-01 1.9481e+00
15997 -2.3160e+00 -2.5640e+00 -5.8948e+00
15998 -1.1621e+00 1.1013e+00 -5.9536e+00
15999 -2.1703e+00 -2.9019e+00 -2.5943e+00
16000 -5.4178e+00 -2.8203e+00 -2.8427e+00
16001 1.0858e+00 -2.0576e+00 -9.3252e+00
16002 -1.9563e+00 -2.4564e-01 -3.3167e+00
16003 -3.2501e+00 1.1005e+00 -3.5501e+00
16004 -2.0930e+00 -7.1174e-01 -5.7161e+00
16005 -1.7935e+00 1.2643e+00 -2.9807e+00
16006 -3.9237e+00 -8.2508e+00 -9.9249e-01
16007 -1.3313e+00 -3.0166e+00 1.0749e+00
16008 2.1109e+00 -8.2509e-01 -6.6817e+00
16009 -5.2432e+00 6.3044e-01 -6.1746e+00
16010 -1.1810e+00 -2.1810e+00 -2.1799e+00
16011 1.1408e+00 -6.6072e-01 -4.5413e+00
16012 -2.9729e+00 4.2247e+00 -8.2689e+00
16013 -9.8712e-01 -8.6300e+00 -8.5767e+00
16014 1.5374e+00 -1.7275e+00 -4.0169e+00
16015 -5.1699e+00 -3.4987e+00 -5.8063e+00
16016 1.2544e+00 4.6757e+00 -6.2855e+00
16017 -1.3772e+00 -6.2344e+00 -1.1885e+00
16018 1.3021e+00 -7.2509e-01 -7.6539e+00
16019 3.0462e+00 -1.5263e+00 -4.1911e+00
16020 -2.4497e+00 1.8382e+00 -2.9013e+00
16021 6.9441e-01 -1.2890e+00 -1.0711e-01
16022 2.3520e+00 5.6716e-02 -4.2641e+00
16023 -1.9541e+00 3.1491e+00 -8.1111e+00
16024 2.3194e+00 8.3666e-01 -3.0192e+00
16025 5.7110e-01 2.8595e+00 -1.4518e-01
16026 -1.0019e+00 -4.4466e+00 -8.9903e+00
16027 -1.9236e+00 2.8104e-01 -6.5759e+00
16028 -3.4861e-01 -3.6741e+00 -3.3484e+00
16029 -4.9046e+00 -8.4019e+00 -9.7040e-02
16030 -2.2415e-01 1.9522e+00 -4.7566e+00
16031 -4.4093e+00 -2.0959e+00 -8.7186e-01
16032 -3.9054e+00 -4.9601e-01 -4.7233e+00
16033 8.3360e-01 -6.3386e+00 -2.0760e+00
16034 -1.2309e+00 -9.3480e-01 -3.6277e+00
16035 -5.3620e+00 -4.2467e+00 -8.4081e+00
16036 2.3807e-01 -7.8905e-02 3.8615e-02
16037 9.4927e-01 -2.5310e+00 8.7054e-01
16038 -1.5371e+00 -3.4113e+00 -6.2980e+00
16039 -5.4542e+00 4.1358e+00 -1.5337e+00
16040 2.8367e+00 1.2676e+00 3.5480e-01
16041 -7.0535e-01 -3.0279e+00 -4.4898e-01
16042 -1.9829e+00 9.4150e-01 -7.2002e+00
16043 -2.3433e+00 3.4212e-01 -4.5773e+00
16044 -2.3174e+00 1.4248e+00 -7.8360e+00
16045 -1.4541e+00 -2.0579e+00 -8.6015e+00
16046 9.1419e-01 -6.5424e+00 -5.0809e+00
16047 -8.9889e-01 3.1751e+00 -5.4551e+00
16048 4.1284e-01 -8.5184e+00 -2.9428e+00
16049 -1.1942e+00 -5.4733e+00 -9.0590e+00
16050 -6.5020e+00 -2.1142e+00 -3.7234e+00
16051 -3.7161e+00 -4.3900e+00 -5.1229e+00
16052 3.7654e+00 -6.5653e+00 -6.5915e+00
16053 -3.5888e+00 -8.3122e+00 4.3636e+00
16054 4.8473e-01 2.9043e+00 -4.4656e+00
16055 -1.8798e+00 -4.0879e-01 -4.6754e+00
16056 -8.0781e-01 -1.9801e-01 -2.6079e+00
16057 -6.4884e+00 -1.2955e+00 -2.2204e+00
16058 -1.5879e+00 -6.2743e+00 -5.2090e+00
16059 -3.7741e+00 2.7665e+00 -7.0308e+00
16060 1.1742e-01 -2.3640e+00 -5.1074e+00
16061 -3.8070e+00 -3.4481e+00 -2.7079e+00
16062 -2.8943e+00 2.8019e+00 -8.4143e+00
16063 -4.7146e+00 3.1778e-01 2.3971e+00
16064 -6.1142e+00 3.5464e+00 -6.4858e+00
16065 -4.8098e+00 3.0753e-01 -1.0337e+00
16066 4.4650e+00 -3.3275e+00 -9.1061e+00
16067 9.2010e-01 -7.2017e+00 -5.9786e+00
16068 9.0508e-03 -1.2611e+00 -2.3577e+00
16069 -6.9924e-01 1.0011e+00 -4.9256e+00
16070 1.1030e+00 -4.2138e+00 3.5338e+00
16071 -1.2686e+00 -8.9805e-01 -5.9407e+00
16072 -1.9481e+00 -7.4812e-01 -3.4422e+00
16073 -2.5711e+00 -2.4164e+00 -2.2848e+00
16074 -1.8162e-01 -1.0923e+00 -8.7057e+00
16075 -2.5983e+00 1.3519e+00 -3.4327e+00
16076 2.2388e+00 4.1193e+00 -6.5831e+00
16077 -1.7011e+00 -8.5183e-01 -1.5159e+00
16078 6.6608e-01 1.3050e+00 -7.6894e+00
16079 -7.6845e+00 6.3471e+00 -7.3042e+00
16080 7.1540e+00 -5.4446e+00 5.9188e+00
16081 2.1194e+00 3.2152e+00 -8.0526e+00
16082 4.4801e+00 -1.2984e+00 -1.5334e+00
16083 3.8014e+00 -5.5289e+00 -5.5285e+00
16084 1.4643e-01 -8.8380e+00 5.4609e+00
16085 -1.2196e+00 -2.9382e+00 -8.9522e+00
16086 1.0862e+00 -1.9309e+00 -4.5772e+00
16087 1.3399e+00 1.1883e+00 3.3993e+00
16088 -8.9643e-01 3.6986e-01 -3.3444e+00
16089 -1.1278e+00 -1.7580e+00 4.0678e-02
16090 4.3555e+00 1.4903e+00 1.4746e+00
16091 -2.4826e+00 1.2451e+00 -4.5823e+00
16092 6.5078e-01 -6.5840e+00 -3.7357e-01
16093 2.7907e+00 -3.2088e+00 -6.3631e-01
16094 -2.0448e+00 -1.8386e+00 -1.6252e+00
16095 -2.1829e+00 -1.5141e+00 7.7304e-01
16096 3.0393e+00 -4.2545e+00 3.4945e+00
16097 5.9258e-02 4.3374e+00 1.6260e+00
16098 -1.9316e+00 -3.6958e+00 4.2967e+00
16099 -3.9436e+00 2.2733e-02 4.9999e-01
16100 4.1961e+00 -7.4718e-01 -7.7751e-01
16101 5.9824e-01 -4.3851e-01 -2.9243e+00
16102 5.6775e+00 -1.0451e+00 -7.2533e+00
16103 -6.5932e-01 3.1936e+00 -2.9462e+00
16104 2.4656e+00 -4.1725e+00 -3.9192e+00
16105 4.8756e+00 -8.9600e-01 2.9055e+00
16106 2.4526e+00 -2.2736e+00 1.5016e+00
16107 4.8342e+00 -3.2088e+00 4.5711e+00
16108 4.2469e-01 3.3087e+00 3.0686e+00
16109 4.5626e-01 -5.2415e+00 1.1359e-01
16110 -2.2160e+00 3.8864e+00 3.6054e+00
16111 -1.1476e+00 -4.2290e+00 -3.9338e+00
16112 7.2436e+00 -4.3801e+00 2.7818e+00
16113 5.9806e+00 6.0039e+00 -1.6674e-01
16114 5.6656e-01 -4.8260e+00 -6.2007e+00
16115 2.7484e+00 9.0685e-01 3.4749e+00
16116 1.7763e+00 -3.0178e+00 1.2150e+00
16117 -7.3167e-01 9.7944e-01 -6.4467e-01
16118 2.0018e+00 1.9437e+00 -3.0688e+00
16119 4.0094e+00 -2.5299e+00 1.8238e-01
16120 3.0275e+00 -5.5686e+00 9.8361e-01
16121 -2.1552e+00 -2.1612e+00 3.5597e+00
16122 3.2228e+00 1.3033e+00 2.1251e-01
16123 5.1273e+00 9.6248e-03 -1.6757e+00
16124 3.6720e+00 -7.3697e+00 -3.4141e+00
16125 5.9167e+00 2.2153e+00 2.6837e+00
16126 1.4695e+00 -2.2562e+00 -3.5938e+00
16127 2.5025e+00 -2.2614e-01 -1.1139e+00
16128 -1.0244e+00 -8.3913e-01 3.3699e+00
16129 7.0266e-02 -5.9248e+00 1.7439e+00
16130 -4.1578e-02 -1.8381e+00 2.8819e+00
16131 6.4611e-01 6.0820e+00 2.7588e-01
16132 1.4193e+00 -6.1590e+00 1.4435e+00
16133 4.1594e-01 2.8181e-01 7.5318e+00
16134 7.8096e-01 -4.1939e+00 -2.3085e+00
16135 2.5633e+00 -7.7474e+00 -2.2011e+00
16136 -1.3416e+00 -2.1853e+00 -1.5274e+00
16137 -8.7393e-01 -2.2243e+00 1.0172e+00
16138 5.5745e+00 -3.5219e+00 2.4232e+00
16139 3.6083e+00 -4.1174e+00 8.5874e-01
16140 2.1707e+00 -7.7757e+00 7.3114e+00
16141 1.2892e+00 -3.5606e+00 2.1900e+00
16142 3.9233e+00 -6.5129e+00 -1.8785e+00
16143 4.8319e+00 -7.0583e+00 -1.5073e+00
16144 8.6345e-01 -8.2378e+00 1.4870e+00
16145 3.6615e+00 2.4322e+00 -6.7054e+00
16146 3.5985e+00 -4.6751e+00 7.2338e-01
16147 3.0332e+00 -1.4709e-01 -4.1976e+00
16148 3.3085e+00 -9.2552e-01 1.6730e+00
16149 6.8304e+00 1.6176e+00 -8.8783e-01
16150 7.3106e+00 -5.7482e+00 -5.2946e-01
16151 3.8547e+00 -2.4615e+00 1.9660e+00
16152 5.3753e+00 -6.5867e+00 2.3136e+00
16153 2.5773e+00 -3.5977e+00 7.2174e-01
16154 2.7558e+00 -1.7972e+00 5.4772e+00
16155 5.3963e-01 -2.9712e+00 -2.4998e-02
16156 -1.5150e+00 -2.9970e+00 -1.0177e+00
16157 3.6274e+00 -5.8218e+00 4.4052e+00
16158 -7.0674e-01 3.8246e-02 1.1671e+00
16159 4.3895e+00 -2.4802e+00 3.8535e+00
16160 -3.6052e-01 -5.8808e+00 -6.3472e+00
16161 -2.9123e+00 -5.7094e+00 1.0993e+00
16162 1.0070e+00 -9.4720e-01 -3.3782e+00
16163 4.8783e+00 -3.6296e+00 -3.3138e-01
16164 -1.0777e+00 1.7923e+00 3.2049e+00
16165 -3.0998e+00 -6.1784e-01 1.0528e+00
16166 3.8227e+00 2.9691e+00 8.5656e+00
16167 6.8916e+00 -2.6160e+00 1.1239e+00
16168 -2.4750e-01 9.4369e-01 3.7889e+00
16169 3.1981e+00 -3.9442e+00 9.2225e-01
16170 1.6565e+00 -4.5080e-02 2.2262e+00
16171 -1.2968e+00 -4.4131e+00 1.4356e+00
16172 -3.7407e+00 -3.3076e+00 6.2307e+00
16173 1.5112e+00 -4.9338e+00 -4.0176e+00
16174 1.0176e+00 -3.4632e+00 -7.6620e+00
16175 3.1932e+00 -3.9580e+00 -8.1073e-01
16176 6.8535e+00 -3.2040e+00 -2.7371e+00
16177 5.8044e+00 -5.1086e-01 7.7437e-01
16178 2.3412e-01 1.5850e+00 -1.1893e+00
16179 6.4070e-01 4.7647e-01 -4.0729e-01
16180 1.8938e+00 -5.9491e+00 -2.6008e+00
16181 4.5830e+00 -3.2709e+00 1.9976e+00
16182 1.4298e+00 -4.5032e+00 1.7809e+00
16183 -6.3720e-01 -6.6998e-01 -6.1633e-01
16184 2.0259e+00 -2.2907e-01 -3.6425e+00
16185 8.6681e-01 -3.4425e+00 -5.2104e+00
16186 3.4985e+00 -2.7610e-01 2.3194e+00
16187 -7.4750e-01 -5.4441e+00 -5.4290e-01
16188 3.9729e+00 -4.8094e+00 -4.6678e+00
16189 -6.2018e-01 -3.2626e+00 -3.8091e+00
16190 5.8667e+00 -2.1974e+00 1.4559e-01
16191 1.0849e+00 -1.2518e+00 2.6295e+00
16192 -3.1502e-01 -1.5031e-01 3.8015e+00
16193 8.3622e+00 1.1915e+00 -6.1034e-01
16194 3.7291e+00 -6.1209e+00 1.0736e+00
16195 -1.6506e+00 -4.9514e+00 4.5047e+00
16196 -4.5299e-01 1.0948e+00 1.7455e+00
16197 9.9091e-01 2.8525e-01 1.0385e+00
16198 2.5494e+00 -2.2619e+00 2.2598e+00
16199 1.9720e+00 -1.5969e+00 1.2365e+00
16200 5.1964e+00 -3.4991e+00 -6.3509e+00
16201 1.2550e+00 -2.6036e+00 1.6515e+00
16202 2.7142e+00 -3.2206e+00 -6.1172e+00
16203 2.4437e+00 -2.4377e+00 8.4315e-01
16204 5.6780e+00 2.4565e+00 9.3989e+00
16205 2.9775e-01 -7.7499e+00 2.1734e+00
16206 7.1704e+00 -4.4507e-01 -2.4484e+00
16207 4.1925e+00 -4.4385e+00 2.2272e+00
16208 3.8982e+00 6.9626e+00 -2.4501e+00
16209 6.5417e-02 -1.1768e+00 3.4446e+00
16210 2.3251e+00 -1.1252e-01 1.6357e+00
16211 4.4783e+00 -5.2064e+00 3.8910e+00
16212 3.2708e+00 -3.6114e+00 5.1535e+00
16213 1.2747e+00 -6.3490e+00 2.1448e+00
16214 -1.4848e+00 -1.3218e+00 -3.0549e-01
16215 6.0408e-01 3.0288e+00 -5.0329e-01
16216 -5.8359e+00 -2.7371e+00 -2.0038e+00
16217 -2.4132e-01 -4.4458e+00 3.8396e+00
16218 4.8988e+00 -4.9157e+00 -4.0461e+00
16219 5.5405e+00 -3.4472e+00 3.7159e-01
16220 2.9722e+00 -6.1483e-01 3.1469e+00
16221 -4.7765e-01 -1.7885e+00 -5.8635e-01
16222 5.3610e+00 1.3314e-02 9.2541e-01
16223 2.8367e+00 -5.3964e+00 5.8646e+00
16224 3.1753e+00 2.5794e+00 2.7210e+00
16225 1.6695e+00 6.5575e-01 -1.6521e+00
16226 3.1586e+00 -2.5896e+00 -3.7264e-01
16227 4.5922e-01 1.7720e+00 1.4902e+00
16228 4.1104e+00 -6.7953e+00 6.6884e+00
16229 -2.7918e+00 -4.9344e+00 -1.6372e+00
16230 -2.4586e+00 -5.3533e+00 -6.4107e+00
16231 -4.8044e+00 -2.9428e+00 5.3937e-01
16232 -2.1390e+00 5.7539e-01 6.1469e+00
16233 -5.3863e+00 -1.8233e+00 5.0648e+00
16234 -3.3600e+00 -5.7021e+00 4.4622e+00
16235 -2.4430e+00 3.1830e+00 -1.6086e+00
16236 -6.3422e+00 -1.1495e+00 8.0344e-01
16237 -4.0943e+00 -5.6126e+00 5.4845e+00
16238 3.5304e-01 -3.8113e+00 -3.9439e+00
16239 -1.3800e+00 1.2758e-01 6.7030e+00
16240 3.2119e+00 9.8547e-01 4.5195e+00
16241 6.6669e-01 -3.4861e+00 -3.3020e+00
16242 2.2026e+00 -1.7663e+00 -3.1566e+00
16243 7.5753e-01 -5.2836e+00 -4.9325e+00
16244 -2.9535e+00 -1.0141e+00 -1.4793e+00
16245 -2.6242e-01 3.8517e+00 -2.3311e+00
16246 2.2903e+00 -2.3038e+00 -2.3792e+00
16247 2.6148e+00 -5.4301e+00 -3.4873e+00
16248 2.2294e+00 -1.8242e+00 3.0061e+00
16249 1.8092e+00 -5.1850e+00 6.9213e+00
16250 2.2892e+00 3.1481e+00 4.1991e+00
16251 1.5799e+00 -5.0132e+00 2.6697e+00
16252 -1.8532e+00 -1.3922e+00 8.4423e+00
16253 -1.2409e+00 -4.0557e+00 3.4693e+00
16254 2.5645e+00 -4.3172e+00 -9.5589e-01
16255 8.1727e+00 -1.6468e+00 -7.2790e+00
16256 -1.5817e+00 -6.6237e+00 2.2089e+00
16257 3.3475e+00 6.2476e-02 -2.4628e-01
16258 6.5668e-01 -2.4773e+00 3.6841e+00
16259 4.7556e+00 -2.2876e+00 -9.2517e-01
16260 4.9233e+00 -3.1560e+00 -2.4586e+00
16261 1.0435e+00 -6.4291e+00 3.2599e+00
16262 3.8181e+00 -5.6802e+00 -5.8456e+00
16263 -2.0246e+00 -2.0789e+00 1.0560e+00
16264 5.1029e+00 -4.1933e+00 -4.8167e+00
16265 1.6890e+00 -3.6933e+00 1.2063e+00
16266 2.7426e+00 1.4105e+00 -1.1106e-01
16267 3.2041e+00 -3.6888e+00 -2.3965e+00
16268 3.5142e+00 -4.7422e+00 3.1236e+00
16269 -2.1995e+00 -3.7194e-02 -3.8700e+00
16270 -2.0827e+00 -3.9676e+00 -7.7926e-01
16271 -1.6174e+00 -3.3943e+00 2.0587e+00
16272 -2.8110e+00 -1.3584e+00 -3.7535e+00
16273 1.6248e+00 -3.2059e+00 -1.6948e+00
16274 4.2665e+00 -2.2421e+00 4.5082e+00
16275 8.2507e-01 -5.3784e+00 -2.6378e+00
16276 5.7481e+00 -4.3606e+00 -5.0885e-01
16277 1.1980e+00 -6.4814e+00 1.0206e+01
16278 -1.4901e+00 -1.0429e-01 -4.9517e+00
16279 -7.0869e-02 -1.3294e+00 2.9838e-01
16280 5.9822e+00 -5.9335e+00 5.5019e+00
16281 -3.1491e-01 -2.4239e+00 4.9452e+00
16282 4.7087e+00 -2.0119e+00 1.7631e+00
16283 2.0143e+00 -3.3633e+00 6.1728e-01
16284 6.9479e-01 6.1729e-01 5.9696e-01
16285 3.7798e+00 -4.8017e+00 1.2196e+00
16286 2.8443e+00 -2.9120e+00 -2.4355e+00
16287 4.7516e+00 3.4745e+00 3.4241e+00
16288 6.9458e+00 -5.0057e+00 2.7014e+00
16289 1.9009e-01 -4.9350e+00 4.6520e+00
16290 -3.6878e+00 -1.0207e-01 1.4591e+00
16291 2.8623e-01 -2.3255e+00 1.9390e+00
16292 2.4665e+00 -4.3327e+00 -1.2376e+00
16293 4.3202e+00 -1.2507e+00 5.5118e+00
16294 1.8539e+00 -4.4545e+00 6.0937e+00
16295 4.7059e+00 6.3525e-01 -2.5907e+00
16296 -1.9893e-01 3.0875e+00 -5.5073e+00
16297 2.9766e+00 -3.8380e+00 -6.5340e-02
16298 4.6052e+00 -3.9261e+00 2.8569e+00
16299 2.2194e+00 2.4236e+00 -1.8474e+00
16300 -1.0174e+00 -6.1090e+00 -7.2202e+00
16301 5.9562e+00 -9.1066e-01 -4.0258e+00
16302 3.0078e+00 -2.4281e+00 7.1916e-01
16303 2.6379e+00 -3.6819e+00 1.9250e+00
16304 -1.0281e+00 -2.3459e+00 9.2926e-01
16305 3.5958e+00 -4.2690e+00 9.4520e-01
16306 9.3227e-01 -4.0179e+00 1.6239e+00
16307 -1.1704e+00 -6.1323e+00 -9.7325e-01
16308 7.1661e+00 -1.7443e+00 7.2885e+00
16309 2.3765e-01 -3.3799e+00 9.8386e-01
16310 6.7964e-02 -5.9405e+00 -3.3893e+00
16311 4.4149e+00 -5.9458e-01 -7.5861e-01
16312 1.4661e+00 -6.8413e+00 2.8923e+00
16313 1.2785e+00 -4.3498e+00 -1.0483e+00
16314 2.3541e+00 -2.6738e+00 4.4853e+00
16315 -1.1702e+00 -4.6214e+00 5.5744e+00
16316 2.6992e+00 -9.6748e-03 -3.6511e+00
16317 2.9775e-01 -5.2758e+00 -3.9334e+00
16318 2.5746e+00 2.3592e+00 6.0224e-01
16319 1.1940e+00 -1.2571e+00 3.3300e+00
16320 1.7454e+00 -4.2054e+00 -5.5254e+00
16321 -1.8167e+00 -3.3032e-03 -3.3029e+00
16322 1.8727e+00 -2.1636e+00 1.2855e+00
16323 2.1249e+00 -3.0926e+00 -2.9058e-01
16324 2.0741e+00 2.3283e+00 4.8062e+00
16325 3.8238e+00 -3.9409e+00 -7.4509e-01
16326 3.5067e+00 -8.2428e+00 -6.5169e+00
16327 -4.5336e-01 -2.3519e-01 6.7952e+00
16328 7.0732e+00 -4.9376e+00 5.8512e+00
16329 1.8396e+00 -1.5424e+00 -2.0851e+00
16330 1.3693e-01 -2.5722e+00 -2.9647e+00
16331 2.3036e+00 -5.4675e+00 -2.0109e+00
16332 3.5430e+00 -2.7521e+00 -1.3751e+00
16333 3.7729e+00 2.2948e-01 -2.8292e+00
16334 -8.5297e-03 -6.9632e-01 -4.0477e+00
16335 2.4499e-01 -4.4005e+00 2.0147e+00
16336 4.7293e+00 -2.1675e+00 5.2279e-01
16337 1.6468e+00 -6.3865e+00 5.6347e-02
16338 5.1836e+00 -3.5434e+00 7.3455e+00
16339 8.4950e-01 -1.4987e+00 -4.9861e+00
16340 -4.3288e+00 -5.9298e-01 -6.0974e+00
16341 -1.5240e+00 -5.5187e+00 -1.7922e-01
16342 -5.0090e-01 -2.1718e+00 1.8881e+00
16343 3.0776e+00 -5.0844e-01 -2.5713e+00
16344 3.0940e-01 -5.2426e-01 1.2364e+00
16345 -4.2700e-01 -4.2586e+00 7.0305e+00
16346 -6.2002e-01 -3.5764e+00 -2.3481e+00
16347 -1.0248e+00 -8.8145e-01 -2.9927e+00
16348 1.4449e+00 -3.5917e+00 -2.9811e+00
16349 1.8271e+00 -4.2062e+00 2.6540e-01
16350 3.7433e+00 -2.2262e+00 -3.7821e+00
16351 8.8378e-01 -7.4499e+00 2.7676e-01
16352 -8.2670e-01 2.5504e-01 -6.2765e+00
16353 2.0102e+00 -2.3577e+00 2.5664e+00
16354 4.1698e+00 -6.9959e+00 -6.3125e-01
16355 -1.4211e+00 -4.6311e+00 8.0158e+00
16356 -1.6982e+00 -4.9841e+00 -1.6502e+00
16357 4.3926e+00 -3.3408e+00 5.3319e+00
16358 3.9745e+00 -7.7018e+00 -3.9598e+00
16359 2.4867e+00 -6.4085e+00 1.5092e+00
16360 -2.8780e+00 -5.7107e+00 -4.9766e+00
16361 1.4652e+00 -3.7729e+00 -5.5257e+00
16362 6.3190e+00 -3.3105e+00 -2.2785e+00
16363 1.4419e+00 -5.5795e+00 -8.1904e+00
16364 5.9399e-01 -5.9473e+00 6.4747e+00
16365 3.5315e+00 -3.0628e+00 3.1056e+00
16366 6.1840e+00 -2.1812e+00 -6.5014e-01
16367 3.4226e-01 -1.1337e+00 -3.1316e+00
16368 1.5961e+00 -3.2838e+00 -3.9111e+00
16369 2.0687e-01 -3.3789e+00 -5.9510e+00
16370 1.5462e+00 -7.9035e+00 -1.9089e+00
16371 9.6429e-01 -5.0265e+00 -1.3908e+00
16372 2.3935e+00 -4.7092e+00 -3.1086e+00
16373 3.2554e+00 -2.5245e+00 -1.0655e+00
16374 -2.0314e+00 -1.7013e-01 5.4985e-01
16375 -8.5765e-01 -4.7176e+00 -3.4694e+00
16376 4.2660e+00 -5.2969e+00 2.1407e-01
16377 2.5374e+00 -5.4161e+00 1.3116e+00
16378 -1.7555e+00 1.1006e+00 4.6494e+00
16379 -1.5975e-01 -3.8866e+00 6.2492e-02
16380 5.0100e+00 -1.9436e+00 -2.5811e+00
16381 2.2932e+00 -7.0114e+00 -1.5792e+00
16382 -2.2593e+00 -6.1713e-01 3.6538e+00
16383 1.9873e+00 1.7459e+00 7.0237e+00
16384 -8.7240e-01 -3.9764e+00 6.0529e-01
16385 2.7841e+00 -7.3573e+00 -2.5367e+00
16386 -3.5627e-01 -2.0404e+00 1.5537e+00
16387 2.0524e+00 -4.3764e+00 4.1254e+00
16388 1.5110e+00 -6.7519e+00 3.1207e+00
16389 5.5563e+00 1.1742e+00 -3.5527e+00
16390 -3.2124e+00 -3.8562e-01 5.8443e+00
16391 1.6125e+00 -6.2272e+00 -1.0833e+00
16392 1.3250e+00 -4.6392e+00 3.4620e+00
16393 -4.3698e-01 2.6452e-02 6.3559e+00
16394 -2.9130e+00 -8.5394e+00 -1.2637e-01
16395 -3.4589e-01 -4.6147e+00 -2.0492e+00
16396 5.3241e-01 -6.9338e+00 -5.9996e+00
16397 -1.8117e-01 -4.4445e+00 -5.4092e+00
16398 1.0181e+00 -6.7707e+00 2.0485e+00
16399 5.1230e+00 -2.8950e+00 -5.3677e+00
16400 5.7747e+00 -6.9859e+00 4.8241e+00
16401 -5.5421e-02 -2.6944e+00 -1.7391e+00
16402 2.4848e-01 -6.8490e-02 1.9546e+00
16403 -4.1505e+00 -4.9157e+00 -3.6617e+00
16404 1.1462e+00 -2.4460e+00 -5.1100e+00
16405 3.1791e+00 -2.2005e+00 -4.0290e+00
16406 4.2505e+00 -8.9458e+00 -1.1420e+00
16407 2.4165e-01 -4.5841e+00 3.0334e+00
16408 3.1574e+00 -1.6202e+00 -2.2354e+00
16409 1.5762e+00 -4.6893e+00 4.2843e-01
16410 1.3344e+00 -4.4666e+00 -3.8219e+00
16411 8.8777e+00 1.2052e+00 5.5868e-01
16412 -2.9427e+00 -6.1029e+00 1.4545e+00
16413 7.3540e-01 -1.6682e+00 -5.3733e+00
16414 -1.7748e-01 -5.8424e+00 1.7106e+00
16415 -1.7120e+00 -6.8159e+00 6.8651e+00
16416 8.5101e-01 -6.1415e+00 -6.5920e+00
16417 7.1282e-01 -3.8395e+00 -4.1900e+00
16418 -1.7628e+00 -6.0563e+00 -4.5642e+00
16419 6.1432e+00 -2.7030e+00 3.3507e+00
16420 3.6359e+00 3.6863e-01 -1.3366e+00
16421 -4.6902e+00 -2.1820e+00 -2.5970e-02
16422 3.9484e+00 -2.2508e+00 -1.7731e+00
16423 3.0008e+00 -1.4344e+00 7.3097e+00
16424 2.3648e+00 2.4218e+00 -2.6051e+00
16425 4.2872e+00 2.0050e+00 2.5819e+00
16426 3.2330e-01 -2.9237e+00 -3.1845e+00
16427 1.8431e+00 -7.6671e+00 -3.2031e+00
16428 2.2043e+00 -3.6956e+00 -4.1744e+00
16429 3.4379e+00 -4.6142e+00 4.2733e+00
16430 6.4303e+00 2.9982e-01 5.4223e+00
16431 -7.8826e-01 -5.7890e-01 3.4000e+00
16432 2.8021e+00 -8.4742e-02 1.5662e+00
16433 1.7590e+00 -9.5677e-01 2.6608e+00
16434 5.9233e-01 7.7553e-01 8.1607e+00
16435 8.4296e+00 3.7900e+00 5.9815e+00
16436 -3.7825e-01 -1.2966e+00 -1.6157e+00
16437 1.5783e+00 -5.6175e+00 -9.8077e-02
16438 1.0584e+00 -3.6842e+00 -7.1032e+00
16439 3.9819e+00 -1.4695e+00 -4.5678e-01
16440 3.5653e+00 -4.5423e+00 -1.9660e+00
16441 1.8147e+00 4.3130e-01 -2.5566e+00
16442 -2.5405e+00 2.9326e+00 1.9209e+00
16443 -1.3536e-01 -3.0206e+00 1.6456e+00
16444 1.4565e+00 4.1760e-01 2.2715e-01
16445 5.3566e+00 -3.7261e+00 -3.6417e-01
16446 4.4350e+00 1.4597e+00 2.0997e+00
16447 -3.0233e-01 -2.5322e+00 -9.1425e-02
16448 2.4247e+00 2.1442e+00 -6.8621e-01
16449 4.4072e+00 -5.9290e+00 1.8410e+00
16450 -2.9354e+00 -5.9411e+00 -3.1456e+00
16451 2.5946e+00 -4.9364e+00 -1.7485e-01
16452 1.0523e+00 -2.9382e+00 -5.9768e+00
16453 -6.1433e-01 -3.1231e+00 5.6075e+00
16454 -2.2586e+00 -4.1702e+00 1.8039e-01
16455 2.3670e+00 -9.2370e-01 -6.3049e+00
16456 9.5967e+00 -1.8516e+00 -6.1384e+00
16457 8.9441e-01 -5.4065e+00 4.1922e+00
16458 1.2486e+00 -1.0456e+00 4.9931e-01
16459 1.7538e+00 -4.4415e+00 -2.7894e+00
16460 1.8454e+00 -6.5642e+00 -3.2869e+00
16461 4.1895e+00 -3.4064e+00 -4.8404e+00
16462 1.7607e+00 -6.5854e+00 1.7333e+00
16463 4.2945e+00 -1.8369e+00 -4.0233e+00
16464 -3.7974e+00 -7.2657e+00 -5.5813e+00
16465 -1.6558e+00 -4.6453e+00 -4.0590e+00
16466 1.5004e+00 -3.4616e+00 -6.2431e+00
16467 5.9608e+00 -2.5945e-01 -1.5078e-01
16468 1.5881e+00 -2.4433e+00 -5.4451e+00
16469 1.1182e+00 -3.5334e+00 5.0648e-01
16470 5.2773e-01 -4.6233e+00 -1.6950e+00
16471 4.9602e+00 -1.5324e+00 6.6503e-01
16472 -1.6270e+00 -1.4006e+00 1.6789e+00
16473 5.0501e-01 -7.0379e+00 -2.9215e+00
16474 -2.8230e+00 -1.4778e+00 -4.7128e+00
16475 -1.6428e+00 -2.6802e+00 1.7075e+00
16476 -2.5039e+00 9.1189e-01 -6.8826e+00
16477 2.4569e+00 2.9794e-01 -1.7959e+00
16478 1.5722e+00 -4.6633e+00 -4.1637e+00
16479 3.5283e-01 -1.4612e-01 5.9768e+00
16480 1.6164e+00 -3.0943e+00 -6.1761e+00
16481 -1.8286e+00 -2.3387e+00 1.8327e+00
16482 -3.9758e-01 8.4936e-01 2.6865e+00
16483 -4.7448e+00 -4.7361e-01 5.0060e+00
16484 -2.5030e+00 -3.7748e+00 -3.1441e-01
16485 2.9850e+00 -2.7718e+00 -4.9802e+00
16486 2.4423e+00 -2.0297e+00 6.7541e+00
16487 1.7569e+00 -1.4052e+00 3.3380e+00
16488 -9.8064e-01 -7.9465e-01 -1.9126e+00
16489 2.2427e+00 -3.7762e+00 -1.2577e+00
16490 3.6066e+00 -5.8688e+00 -9.9838e-01
16491 3.3644e+00 -4.5891e+00 -3.9142e-01
16492 3.5692e+00 -1.0901e+00 -4.7098e+00
16493 5.2788e+00 -7.3732e+00 3.1484e+00
16494 4.9370e+00 6.5430e-01 -3.2299e+00
16495 -8.0479e-01 -3.0195e+00 7.2696e+00
16496 1.8497e+00 6.7009e-01 3.8248e+00
16497 -2.1067e+00 -8.4818e+00 -8.5432e-01
16498 -3.6641e+00 -1.6774e-01 1.7330e+00
16499 1.1646e+00 -1.0329e+00 2.1356e+00
16500 -2.6253e-01 -1.5787e+00 6.7649e-01
16501 1.3715e+00 -4.7200e+00 -2.1093e-01
16502 -5.0250e-01 -2.5453e+00 5.7875e+00
16503 3.0627e+00 -2.1219e+00 -4.5586e+00
16504 2.3144e+00 -1.4858e+00 -1.5850e+00
16505 -3.6514e+00 -2.4534e+00 -7.4678e-01
16506 -2.3644e+00 3.4343e+00 -5.6308e+00
16507 4.2808e+00 -2.9411e+00 -1.1718e+00
16508 2.7178e-01 1.9274e+00 9.7322e-01
16509 -2.6951e+00 -5.8861e+00 1.9412e+00
16510 2.7638e+00 -1.9770e+00 -2.5809e+00
16511 7.2718e+00 -4.8030e+00 1.5698e+00
16512 2.1155e+00 -3.6294e+00 -2.2581e+00
16513 6.3177e-01 -2.6743e-01 7.4743e-02
16514 -3.5506e+00 -2.4156e+00 -2.8515e+00
16515 -6.5060e-01 -1.0993e+00 -1.0138e+00
16516 6.5797e-01 -1.5949e+00 5.4126e+00
16517 -1.8235e+00 -1.8080e+00 4.4219e+00
16518 1.6963e+00 -3.2065e+00 -5.1711e+00
16519 -1.8099e+00 -1.9305e+00 -1.8169e+00
16520 2.0171e+00 -2.0598e+00 2.5497e+00
16521 3.2554e+00 -2.9311e+00 4.7565e+00
16522 2.7828e+00 -3.6110e+00 -6.9082e+00
16523 -9.9996e-02 -8.8050e-01 3.3583e+00
16524 4.0050e+00 9.0740e-01 1.1720e+00
16525 2.7492e+00 -3.7764e+00 -2.3502e+00
16526 2.2622e+00 -1.6568e+00 7.8218e+00
16527 9.5631e-01 -9.2850e-01 9.7642e-01
16528 3.7296e+00 -5.0741e+00 -3.1043e+00
16529 2.1326e-01 -3.8248e+00 -5.6952e+00
16530 -2.0363e+00 1.9683e+00 -1.9383e-01
16531 5.3939e+00 -2.7689e+00 2.2942e+00
16532 1.0074e-01 -5.6373e+00 3.1753e+00
16533 7.1224e+00 4.2939e+00 7.0390e+00
16534 4.0641e+00 -7.6728e-01 -3.4907e+00
16535 -9.6658e-01 -2.4862e+00 -6.2841e+00
16536 -1.2006e+00 -6.4594e+00 9.5744e-01
16537 9.9445e-01 1.1945e+00 1.3117e+00
16538 -1.1667e+00 1.4395e+00 -2.7747e+00
16539 3.8563e+00 -5.7108e+00 -4.9282e+00
16540 -1.0971e+00 -6.0493e+00 4.4735e+00
16541 1.2907e+00 -1.2405e+00 -3.4664e+00
16542 9.0090e-01 -5.1336e+00 6.2795e+00
16543 3.7423e+00 -7.3311e+00 8.0246e+00
16544 -4.5270e-01 2.2848e-01 -4.6046e+00
16545 1.5305e+00 -3.9399e+00 9.5171e-01
16546 1.8706e+00 -3.6887e+00 -2.4362e+00
16547 4.0537e+00 1.1396e+00 -1.1543e+00
16548 -2.4205e+00 -2.6327e+00 -4.1391e+00
16549 -4.1260e-02 -2.2897e+00 -5.2826e-01
16550 -1.3261e+00 -4.4542e+00 -2.4181e+00
16551 1.7039e+00 -4.1308e+00 -6.1303e+00
16552 -1.3927e+00 4.6531e-01 -2.2835e+00
16553 1.5236e+00 -4.5115e+00 -1.1550e+00
16554 4.5511e+00 -9.3428e-01 -5.5878e+00
16555 3.0221e+00 -8.9085e-01 -2.1145e-01
16556 3.1587e+00 4.9786e+00 6.6632e+00
16557 -1.4348e+00 -1.2345e-01 1.1615e+00
16558 1.0548e+00 -8.3809e-01 -5.8116e-01
16559 6.4900e-01 -5.0130e+00 1.3132e+00
16560 3.9919e+00 -9.2055e-01 6.6008e+00
16561 -1.2461e+00 1.4720e+00 1.4994e+00
16562 5.1946e+00 1.2973e+00 3.1636e+00
16563 -1.1072e+00 -1.4732e+00 -6.6709e+00
16564 7.9472e-01 -3.7902e+00 -3.6167e-01
16565 2.8123e+00 -5.3415e+00 8.0482e-01
16566 1.9457e+00 2.0646e+00 3.7650e+00
16567 5.5118e+00 -3.0164e+00 2.0714e-01
16568 5.1145e+00 -6.5849e+00 -3.4804e+00
16569 1.9679e+00 -5.3427e-01 -8.9409e-01
16570 3.5285e+00 2.1714e-01 -1.5526e+00
16571 1.4603e+00 -7.9685e+00 -2.4147e+00
16572 -1.8533e+00 -1.5401e+00 -6.1040e+00
16573 5.6201e+00 -2.4158e+00 2.7852e+00
16574 4.3767e+00 -1.6412e+00 -2.7292e+00
16575 3.1070e+00 -1.0174e+00 -5.2411e+00
16576 1.3610e+00 6.7775e+00 1.7848e+00
16577 7.6677e-01 -1.5093e+00 4.5706e+00
16578 6.9598e-01 -2.7538e+00 5.3081e-01
16579 -1.1618e+00 -3.6634e+00 3.4075e+00
16580 2.9343e+00 -4.7268e+00 -3.7385e+00
16581 -1.1660e+00 -6.6823e+00 -6.6575e+00
16582 -6.4176e-03 -3.9629e+00 2.6743e+00
16583 4.5407e+00 1.8640e+00 3.2442e+00
16584 5.2024e+00 2.2061e+00 8.3531e+00
16585 7.3442e-01 1.4331e+00 -9.0472e-01
16586 1.8074e+00 2.4090e+00 3.1670e+00
16587 1.5703e+00 2.8065e-01 4.6527e+00
16588 3.5194e+00 2.3195e+00 5.9438e+00
16589 1.3033e+00 -2.9637e+00 -1.8493e+00
16590 -1.1731e+00 -3.9895e+00 -1.8362e+00
16591 9.2013e-01 -3.4665e+00 2.4688e+00
16592 9.0386e-01 -5.9429e+00 3.2873e+00
16593 -5.8702e-01 -5.8514e+00 -4.3855e+00
16594 1.3324e+00 -4.2557e+00 5.9448e-01
16595 9.4969e-01 -2.5013e+00 8.7458e-01
16596 3.5388e-01 -1.5339e+00 -1.8201e+00
16597 3.4401e+00 -3.8323e+00 -3.3271e+00
16598 -7.8751e-01 1.9115e+00 -1.1457e-01
16599 1.3772e+00 -2.9662e+00 1.8622e+00
16600 4.1982e+00 -6.1119e+00 -4.7480e+00
16601 1.1881e+00 -2.0437e+00 -2.7210e+00
16602 7.4509e+00 -5.7693e+00 -2.1180e+00
16603 3.5753e+00 -6.9803e-01 -9.6264e-01
16604 -2.3075e-01 2.8824e+00 -3.1651e+00
16605 2.6023e+00 -4.0613e+00 -6.4895e+00
16606 3.4372e+00 8.0651e-01 1.4699e+00
16607 2.1643e+00 -7.0103e+00 -1.5811e+00
16608 3.8163e+00 -1.3868e+00 3.4941e+00
16609 1.7548e+00 -3.4141e+00 1.6955e+00
16610 3.2701e+00 -6.3748e+00 -4.6854e+00
16611 -2.6678e+00 -1.7667e+00 2.8818e+00
16612 -1.2235e+00 3.7179e+00 -1.9457e+00
16613 3.0874e+00 -7.3187e-01 -3.7999e+00
16614 1.5229e+00 -2.3553e+00 6.2437e+00
16615 4.4584e+00 -3.3104e+00 1.5956e+00
16616 4.3104e+00 1.0514e+00 -2.0694e+00
16617 2.4075e+00 -4.8658e-01 -1.2033e+00
16618 -4.3177e-01 -2.6431e+00 -6.4680e-01
16619 -2.4035e+00 -6.2850e+00 6.6641e+00
16620 -1.8001e+00 -2.0954e+00 2.7569e+00
16621 -5.3687e+00 -5.2251e+00 1.5681e+00
16622 3.5144e+00 -6.6759e+00 1.7165e+00
16623 -8.4405e-01 -2.4389e+00 4.3825e-01
16624 3.1167e+00 -4.4936e+00 -1.6236e+00
16625 2.4190e+00 -2.5420e+00 4.5366e+00
16626 1.4737e+00 9.0585e-01 2.4911e+00
16627 5.8280e-01 -6.6894e-01 6.2727e+00
16628 -1.4102e+00 -3.3282e+00 -2.0139e+00
16629 4.0672e+00 -5.6763e-01 2.0581e+00
16630 -1.7969e+00 -7.8854e-01 3.2013e+00
16631 -2.0960e+00 -4.5986e+00 -5.3128e+00
16632 2.6151e+00 3.6680e-01 5.2530e+00
16633 1.3254e+00 -2.1816e+00 2.7453e+00
16634 -4.5339e-01 -2.4616e+00 1.0617e+00
16635 2.5080e+00 -7.0339e+00 -3.1217e+00
16636 3.6109e+00 -3.6696e+00 -2.9278e+00
16637 3.2378e+00 -3.0562e+00 9.3358e-01
16638 3.2792e+00 -3.4139e+00 -5.3599e+00
16639 3.8903e+00 -2.7372e+00 3.2621e-01
16640 9.2996e-01 -1.6209e+00 4.2905e+00
16641 -1.8357e+00 1.3943e-01 4.7371e+00
16642 5.2563e+00 -2.8410e+00 -4.3491e+00
16643 4.5836e+00 -4.8650e+00 2.8808e+00
16644 -1.0695e+00 -5.0774e+00 -2.2972e+00
16645 3.7040e+00 2.4074e+00 -2.0439e+00
16646 -6.4511e-01 -1.0166e+00 2.7156e+00
16647 9.7816e-01 -1.0963e+00 4.3116e+00
16648 2.8376e-01 -4.8858e+00 2.8712e+00
16649 4.5002e+00 5.6866e+00 7.1290e+00
16650 -5.3947e+00 -4.6485e+00 1.3019e+00
16651 -1.6985e+00 -6.1181e+00 -4.0723e+00
16652 4.6716e+00 -1.8585e-01 4.1881e-02
16653 2.9863e+00 -1.5841e+00 1.5339e+00
16654 7.0223e-01 -6.9097e+00 -3.8038e+00
16655 -5.0252e+00 2.9883e+00 -5.2094e+00
16656 2.2397e+00 -1.7920e+00 -2.5514e+00
16657 3.6745e-01 1.7911e+00 -2.8441e+00
16658 3.4378e+00 -4.4010e-01 -1.6553e+00
16659 4.8143e+00 -1.2615e+00 -3.4943e+00
16660 1.8474e+00 -2.2079e+00 4.0874e+00
16661 -1.7953e+00 -3.3917e+00 6.3015e+00
16662 3.8737e+00 -5.6098e+00 -2.0713e+00
16663 3.3524e+00 -8.5496e+00 5.7853e+00
16664 3.0521e+00 -3.5056e+00 9.8158e-01
16665 2.8446e+00 -7.7578e+00 4.7113e-01
16666 5.7602e+00 -1.7889e+00 3.6058e+00
16667 3.5081e+00 -1.1179e+00 -6.0859e+00
16668 9.4652e-02 -6.0795e+00 -2.9698e+00
16669 2.4903e+00 -2.7019e+00 2.1948e+00
16670 1.4187e+00 -5.1254e+00 1.4771e+00
16671 4.0222e+00 -2.2934e+00 4.5205e+00
16672 -1.1305e+00 -4.5703e+00 7.1872e+00
16673 4.3621e+00 1.0281e+00 2.9111e+00
16674 2.0970e+00 -1.7351e+00 2.1197e-02
16675 5.2686e+00 -6.9937e+00 -2.9506e+00
16676 5.8892e-02 -2.8902e+00 2.2607e+00
16677 -1.1252e+00 -5.5599e+00 6.1599e+00
16678 8.8452e+00 1.0161e+00 -3.3084e+00
16679 3.5075e-01 -7.4127e-01 2.9301e+00
16680 1.1281e+00 -1.1181e+00 5.0112e+00
16681 3.7555e+00 -5.1515e-02 3.9567e-01
16682 4.9947e+00 -8.3035e-01 -5.0724e+00
16683 -4.3139e-01 -3.3575e-01 -4.7559e+00
16684 -2.9926e-02 -4.8300e+00 -9.8448e-01
16685 5.3597e+00 -6.7748e-01 2.8294e-01
16686 5.4453e+00 -4.4578e-01 -1.7356e+00
16687 5.4257e-01 -2.9010e-01 1.1153e+01
16688 6.2200e+00 1.5586e+00 -1.5412e+00
16689 2.0390e+00 -5.6713e+00 -1.2220e+00
16690 2.4426e+00 -3.2404e+00 -2.1582e+00
16691 1.7517e+00 -1.9910e+00 2.5878e+00
16692 -2.4624e+00 1.5179e+00 -1.1441e+00
16693 -1.7350e+00 -3.4624e+00 6.2354e+00
16694 3.9487e+00 -2.3137e+00 2.8775e+00
16695 -2.5767e+00 -2.8683e+00 2.4357e-02
16696 1.9970e+00 -3.0626e+00 -3.3415e+00
16697 4.9344e+00 -3.4603e+00 4.6961e+00
16698 1.5132e+00 -2.9290e-01 2.8150e+00
16699 2.4573e+00 -2.7002e+00 6.6174e+00
16700 4.4954e+00 -5.5881e+00 6.4110e-01
16701 7.7358e-01 -5.3071e-01 6.4058e+00
16702 7.5724e-01 -1.7443e+00 4.4776e-01
16703 7.9852e+00 -1.7106e+00 1.7020e+00
16704 1.5555e+00 -3.5868e+00 -3.3109e+00
16705 -1.3168e+00 -4.8801e+00 3.1654e+00
16706 3.2003e+00 -2.2312e+00 2.7487e+00
16707 3.5459e-02 -6.1552e+00 2.1871e+00
16708 3.5434e+00 -1.6572e+00 5.7071e+00
16709 3.9404e-01 -6.4916e+00 4.1986e+00
16710 -1.6945e+00 -6.5201e+00 -2.2673e+00
16711 5.6542e-01 -7.9030e+00 -1.8250e+00
16712 9.8387e-01 -3.4696e+00 5.6603e+00
16713 -3.7363e+00 -2.8072e+00 -1.1267e+00
16714 -2.0655e-01 -6.2585e+00 -1.2795e+00
16715 2.7827e+00 -6.4270e-01 4.6026e+00
16716 -1.5645e+00 -2.5457e+00 -1.1411e+00
16717 3.2657e+00 -8.8867e-01 2.7735e+00
16718 2.6393e+00 -4.9461e+00 2.2620e+00
16719 1.9155e+00 -4.0190e+00 6.5750e+00
16720 2.3146e+00 -1.5732e-01 6.4074e-01
16721 3.5624e+00 -6.6985e-01 -1.6682e+00
16722 5.3901e+00 -6.7523e+00 -3.4917e+00
16723 2.2464e+00 -6.9161e+00 1.2183e+00
16724 2.2979e+00 -1.5280e+00 -1.9863e+00
16725 -4.0260e-01 -4.0898e+00 -4.9522e+00
16726 6.6825e+00 -6.0307e+00 2.0792e+00
16727 -1.1415e-02 -7.0007e+00 -3.1222e+00
16728 -2.5352e+00 1.5181e-01 -2.2893e+00
16729 3.2028e+00 3.3610e+00 -3.0344e-01
16730 3.2095e+00 -4.0976e+00 -7.1111e+00
16731 -6.3408e-01 -1.1966e+00 3.5454e+00
16732 7.2992e+00 -6.1391e+00 -5.3603e+00
16733 2.9436e+00 3.9983e-01 3.8446e+00
16734 1.0961e+00 -4.8010e+00 3.7976e+00
16735 2.6394e+00 -7.0582e+00 -3.3731e+00
16736 1.0944e+00 -5.9220e+00 -3.7476e+00
16737 2.1835e+00 -8.2719e-01 5.4448e+00
16738 5.4910e+00 -5.4409e+00 4.7805e+00
16739 2.9351e-01 1.1706e+00 -2.3762e+00
16740 3.1942e+00 -2.9703e+00 -5.0817e+00
16741 5.7086e+00 -3.3196e+00 -9.1129e-01
16742 5.5642e+00 -1.1489e+00 -1.0665e+00
16743 2.6937e+00 -2.1933e+00 -1.1630e+00
16744 1.2005e+00 -3.6907e+00 2.5566e+00
16745 9.4126e-01 -4.0254e+00 -3.3073e+00
16746 2.1231e+00 -2.8785e+00 -2.5084e+00
16747 -3.1639e+00 -3.1497e+00 -3.8143e+00
16748 1.8044e+00 1.0272e+00 2.1190e+00
16749 -2.8236e+00 -5.4941e+00 8.1090e+00
16750 -2.4135e+00 5.7056e+00 4.3614e+00
16751 -3.3813e+00 -6.5176e+00 9.6756e-01
16752 -1.4645e+00 -6.3813e+00 -4.3598e+00
16753 -9.3484e-01 -2.1956e+00 9.5726e-01
16754 5.8577e-01 -6.2716e+00 5.2151e-01
16755 6.2294e+00 -7.4824e+00 -5.0540e+00
16756 1.0859e+00 -3.5589e+00 4.3080e-01
16757 1.1146e+00 -5.2401e+00 -3.1139e+00
16758 5.8558e+00 -1.5315e+00 -5.4464e+00
16759 -4.1116e+00 -2.0948e+00 2.0344e+00
16760 5.1151e+00 -2.6277e+00 6.8042e+00
16761 1.5022e+00 -2.1513e+00 2.3499e+00
16762 -8.4045e-02 -6.3676e+00 -6.7436e+00
16763 -8.8170e-01 2.9379e+00 6.8087e-01
16764 -5.6991e+00 -2.0200e+00 1.3418e+00
16765 6.1134e+00 -4.4415e+00 2.6336e+00
16766 5.4606e-01 -4.4749e+00 1.1341e+00
16767 3.0912e+00 -1.2986e+00 3.5708e+00
16768 7.6137e+00 -1.4804e+00 -2.0601e+00
16769 -1.5391e+00 -1.1919e+00 4.7860e+00
16770 2.1921e+00 -4.9127e+00 3.6651e+00
16771 2.1392e+00 -2.3052e+00 -3.0924e+00
16772 4.6494e+00 -6.2271e+00 3.6515e+00
16773 -2.7190e+00 -3.0155e+00 2.5095e+00
16774 -2.4659e+00 -2.2506e+00 2.3225e+00
16775 -1.5612e+00 -8.9416e+00 -1.5748e-02
16776 1.8644e+00 4.6760e+00 -5.9239e+00
16777 1.4971e+00 -4.0889e-01 -4.0003e+00
16778 -4.3518e-01 -1.4208e+00 8.8588e+00
16779 3.6447e+00 -2.7369e+00 8.0781e+00
16780 1.9465e+00 -2.4953e+00 2.9426e-01
16781 4.3435e+00 -1.0084e+00 2.6713e+00
16782 4.8048e+00 1.5443e-01 -1.7275e+00
16783 -1.4107e+00 -5.1322e+00 -4.6069e+00
16784 4.5821e+00 4.0753e-01 -6.2038e+00
16785 5.1839e+00 -5.0330e+00 8.3678e+00
16786 2.7507e+00 -1.9953e+00 4.6238e+00
16787 1.1776e+00 -5.5834e+00 8.9359e-02
16788 1.8218e+00 -4.5607e+00 1.4088e+00
16789 6.9933e-01 -4.0488e+00 1.3302e+00
16790 4.9513e+00 -3.1063e+00 -2.1875e-01
16791 -7.2831e-01 5.5003e-01 -1.3936e+00
16792 3.1413e+00 -5.3654e+00 3.2292e+00
16793 4.8001e+00 5.8747e-01 2.7310e+00
16794 -1.2595e+00 -3.1082e+00 1.8174e+00
16795 2.2555e+00 -1.6334e+00 2.4316e+00
16796 1.6854e+00 -1.0009e+00 -3.8210e+00
16797 1.9457e+00 -3.8358e+00 -6.7700e+00
16798 3.3152e+00 1.7468e+00 -3.9938e+00
16799 6.7346e+00 -2.6033e+00 1.0714e+00
16800 1.7314e+00 1.3620e+00 8.9303e+00
16801 -1.1362e+00 1.0676e+00 -6.9128e+00
16802 1.3373e+00 3.7048e+00 -2.2327e+00
16803 1.9470e+00 4.0873e-02 2.1214e+00
16804 5.7494e+00 -5.1625e+00 3.7366e+00
16805 2.5988e+00 -6.9217e+00 -6.2295e+00
16806 -4.7759e-01 -5.5584e+00 -1.2477e+00
16807 1.9473e+00 2.5512e+00 1.7591e+00
16808 5.6802e+00 -2.1246e+00 3.3122e+00
16809 -3.3459e-01 -7.9020e-01 2.0671e-01
16810 -4.6682e+00 -5.2795e+00 -3.2157e+00
16811 8.2833e+00 -2.9354e+00 6.3123e+00
16812 3.8401e+00 -5.6574e+00 1.4870e-01
16813 5.5308e-01 -2.4740e+00 -7.7892e+00
16814 -1.9494e-01 -9.1944e-01 4.2856e+00
16815 1.1872e+00 5.2860e+00 -3.3773e+00
16816 9.6821e-01 -4.3558e+00 -3.6024e+00
16817 -1.7574e+00 -2.1782e+00 3.4098e+00
16818 4.3657e+00 -5.5768e-01 -5.5766e+00
16819 1.2720e+00 9.0590e+00 2.2427e+00
16820 1.1530e+00 -4.8457e+00 -3.4403e+00
16821 2.1131e+00 -1.4904e+00 -4.0161e+00
16822 3.5361e+00 -2.3477e+00 4.5126e-01
16823 -1.5851e+00 -3.8365e+00 -6.5092e+00
16824 1.6316e-01 -7.2950e+00 -5.3669e+00
16825 2.5014e+00 -4.2485e-01 4.2723e+00
16826 -1.3386e+00 -1.2649e+00 2.0678e+00
16827 2.9418e-01 -5.1450e+00 -6.3650e+00
16828 1.5348e+00 -6.9300e+00 -1.5499e+00
16829 -4.6538e-01 -5.0076e+00 -1.0379e+00
16830 2.4632e+00 -4.5982e-01 -7.9000e+00
16831 -1.9111e+00 -2.4816e+00 -1.2507e-02
16832 3.2613e+00 -4.3470e+00 -4.1513e+00
16833 1.5940e-01 2.1299e-01 -8.5421e-01
16834 1.6633e+00 -2.6439e+00 -7.4455e-01
16835 2.1605e+00 2.8971e+00 1.5645e+00
16836 3.6391e+00 -4.5146e+00 -4.7954e+00
16837 5.1067e+00 -4.4686e+00 -4.9887e+00
16838 4.2490e+00 -2.2649e+00 2.9863e+00
16839 2.3815e+00 -1.7825e+00 -2.2995e+00
16840 -4.2309e-01 -1.4270e+00 -1.1490e+00
16841 4.5952e+00 -3.2806e+00 3.2848e+00
16842 -2.9918e+00 -2.3721e+00 6.6260e+00
16843 5.7131e+00 -1.2583e+00 1.6874e+00
16844 1.6489e+00 -1.6272e+00 -4.0162e+00
16845 -1.2657e+00 -2.6713e+00 -1.4464e+00
16846 9.5647e-01 -5.5461e+00 -1.6310e+00
16847 4.3949e+00 4.4291e-01 -4.4841e+00
16848 1.1203e+00 -1.7594e+00 -4.9058e+00
16849 -1.1767e+00 -1.8560e+00 -3.4776e-01
16850 1.5552e+00 1.8216e+00 3.4296e+00
16851 1.3226e+00 2.3072e+00 -5.0243e-01
16852 -2.8199e-01 -2.7302e+00 -3.6559e+00
16853 6.3106e+00 -7.0482e+00 -3.6599e+00
16854 4.3020e+00 5.6985e+00 7.1030e-01
16855 1.4826e+00 -4.1807e+00 1.8693e+00
16856 2.6165e+00 -3.7818e+00 -1.3277e+00
16857 -1.2931e+00 -5.6929e+00 5.4334e+00
16858 3.8595e+00 -3.9648e+00 3.0930e+00
16859 2.7872e-01 -4.9161e+00 3.2547e+00
16860 4.8944e-01 -4.5914e+00 9.3619e-01
16861 1.0413e+00 2.8136e+00 3.3462e+00
16862 7.0711e+00 -8.1240e-01 4.0465e-01
16863 -3.3719e-01 6.2272e-01 -2.1723e+00
16864 4.1087e+00 -5.4715e-01 -3.8232e+00
16865 3.4874e-01 4.6099e+00 -6.0753e+00
16866 4.8365e+00 -2.1632e+00 7.6265e-01
16867 5.3601e+00 -3.3958e+00 -2.9642e+00
16868 -2.8065e-01 -4.2175e+00 -2.0436e+00
16869 1.9095e+00 -1.8093e+00 -4.4302e+00
16870 -2.4651e+00 -5.2266e+00 3.7105e+00
16871 -6.4727e-01 -3.0184e+00 5.9699e+00
16872 -1.7522e-02 -5.3523e+00 -2.9072e+00
16873 7.1496e+00 -4.6997e+00 -1.7036e+00
16874 4.1837e+00 -6.0331e-01 -2.4930e+00
16875 6.1888e+00 -5.4624e+00 3.8666e+00
16876 8.4507e-01 -5.4535e-01 -8.6534e-01
16877 2.4325e+00 -1.4200e+00 -5.8875e+00
16878 2.9276e+00 -4.1233e+00 -3.0358e-01
16879 2.9717e+00 6.8081e-01 -1.9630e+00
16880 1.6158e+00 1.7054e+00 -1.0382e+00
16881 -2.4450e+00 -1.3880e+00 4.6097e-01
16882 -2.9647e-01 -4.5217e+00 -5.4945e+00
16883 4.3942e-01 -1.7026e+00 -4.5126e+00
16884 -3.6205e-01 -5.8514e+00 -2.6908e+00
16885 -6.9892e-01 -5.0660e+00 -3.8560e+00
16886 4.3585e+00 -7.9516e+00 -8.0179e+00
16887 4.3019e+00 -7.2465e+00 -3.2050e+00
16888 -2.9971e+00 -1.8661e+00 2.1694e+00
16889 2.4412e+00 -5.1466e-01 2.0153e+00
16890 -3.0088e+00 -5.2504e-01 1.1737e+00
16891 1.6589e+00 -2.1735e+00 2.1047e+00
16892 5.7656e-02 -3.8604e+00 -2.5943e+00
16893 2.3224e+00 -1.8749e+00 -6.8113e+00
16894 -2.7418e-01 -5.3712e+00 -2.6933e+00
16895 2.7106e+00 -6.5808e+00 3.3166e+00
16896 4.2256e+00 -2.3732e+00 -3.2602e+00
16897 1.5626e+00 -7.9682e-01 -6.8701e+00
16898 -8.2505e-01 -3.6420e-01 -2.4346e+00
16899 3.3843e-01 -6.1393e+00 1.2925e+00
16900 7.6920e+00 -8.0382e+00 -3.4416e+00
16901 -4.3986e-01 -1.4383e+00 -3.1231e+00
16902 2.1987e+00 -5.4404e-01 -3.5580e-01
16903 4.5772e+00 3.8939e+00 -6.5231e+00
16904 3.7075e+00 -4.4765e+00 -5.5235e+00
16905 8.3108e-01 -1.8824e+00 2.5368e+00
16906 -2.3363e-01 -2.2990e+00 4.7542e+00
16907 6.9541e+00 -7.3998e+00 -5.9101e+00
16908 -2.7135e+00 -5.5101e+00 2.6059e+00
16909 3.5528e+00 4.4896e-01 -2.7555e+00
16910 3.2624e+00 -1.4677e+00 2.8288e+00
16911 -2.9436e+00 -6.3189e+00 -2.2549e+00
16912 4.1671e+00 2.8567e-01 -3.0606e+00
16913 3.7514e-01 -6.3427e-01 -2.4145e+00
16914 -2.7186e+00 -4.2437e+00 1.3771e+00
16915 -2.2742e+00 -7.9313e+00 1.9553e+00
16916 1.0920e+00 2.2739e+00 -4.4954e-02
16917 4.7547e+00 1.1079e-01 -3.1678e+00
16918 3.6768e+00 -2.1762e+00 2.1883e-01
16919 2.3184e+00 -2.0900e+00 -5.6580e+00
16920 -3.8546e+00 -4.7718e-01 -6.3554e+00
16921 4.1581e-01 -1.4465e+00 3.1940e-01
16922 2.8529e+00 -1.9891e+00 1.7028e+00
16923 1.7306e+00 -9.4563e-01 -9.6878e-01
16924 1.6827e+00 1.3813e+00 -1.9042e+00
16925 7.1613e+00 -2.6545e+00 2.0357e+00
16926 5.2921e-02 1.0480e+00 -4.9307e+00
16927 9.0146e-02 -6.1921e+00 -4.1513e+00
16928 1.5283e+00 1.6001e+00 -6.2560e+00
16929 6.2736e+00 -3.5479e+00 -1.6315e+00
16930 5.7664e-01 -6.8625e+00 8.1077e+00
16931 9.6197e-01 -2.9650e+00 -5.7445e+00
16932 5.1941e-01 -7.5627e+00 -5.8571e+00
16933 -5.7443e+00 -3.4012e+00 -2.0159e+00
16934 5.9291e+00 -5.9723e+00 -1.4518e+00
16935 3.4512e+00 -5.6287e+00 -2.9604e+00
16936 3.6277e-02 -5.3872e+00 6.5236e+00
16937 8.8370e-01 1.9254e+00 2.3756e+00
16938 -4.6134e+00 -2.8596e+00 -5.0110e+00
16939 3.0836e+00 -5.0983e+00 -2.0618e-01
16940 -3.0734e-01 -2.6777e+00 -2.2507e+00
16941 -3.3886e+00 -8.1605e-01 1.2415e+00
16942 2.5013e+00 1.5370e+00 -4.3482e+00
16943 1.5555e+00 -1.2278e+00 1.0002e+00
16944 5.3781e-01 -4.0355e+00 5.7189e-01
16945 1.5987e-01 -1.9170e+00 -1.4308e+00
16946 -5.1377e+00 -1.8739e+00 -1.1991e+00
16947 2.0036e+00 -2.1540e+00 -3.5373e+00
16948 5.1821e+00 -5.1431e+00 1.2635e+00
16949 -2.7959e+00 -4.4020e+00 6.4706e-01
16950 7.0221e-01 -3.6318e+00 -4.8633e+00
16951 -3.8391e-01 -4.4718e+00 1.7464e+00
16952 3.5760e+00 -1.3188e-01 1.1051e+00
16953 1.2099e+00 -2.8273e+00 2.2449e+00
16954 1.1272e+00 -1.8462e+00 1.0850e-01
16955 6.2064e+00 1.6372e+00 3.0813e-01
16956 3.7923e+00 -1.8575e+00 1.0966e+00
16957 -2.1580e+00 -2.5254e-01 8.6166e+00
16958 -3.7463e+00 -9.8760e-02 -7.3171e+00
16959 1.1284e+00 -3.4100e+00 -3.2284e+00
16960 8.6973e+00 -5.2177e+00 -3.1499e+00
16961 -1.7413e+00 -1.1541e+00 8.8455e-02
16962 6.5546e+00 -2.0780e+00 -8.4735e-01
16963 4.5362e-01 -4.5643e+00 4.8585e+00
16964 4.3755e+00 -9.2640e-01 -2.0851e+00
16965 -4.0028e+00 -5.7810e+00 2.9858e+00
16966 -3.0055e+00 -1.1694e+00 -3.0719e+00
16967 1.1886e+00 -4.8170e+00 4.2133e+00
16968 2.8359e+00 -2.9223e+00 -8.6932e-01
16969 1.0190e+00 -3.7987e+00 -2.8282e+00
16970 7.6341e+00 -1.6157e+00 7.7313e+00
16971 4.9438e+00 -1.0084e-01 -5.5931e+00
16972 1.7018e+00 -2.2301e+00 -4.5478e+00
16973 -2.0758e+00 8.6983e-02 -3.4516e+00
16974 4.6274e-01 -4.3980e+00 3.7116e+00
16975 3.4544e+00 -9.9112e-01 -4.0875e+00
16976 1.6774e+00 -9.0429e-01 -3.2213e+00
16977 3.6526e+00 -8.1710e-01 -3.9170e+00
16978 1.8670e+00 -2.0105e+00 -3.7918e-01
16979 6.9027e+00 -6.5633e+00 6.7817e+00
16980 2.7701e+00 -6.3376e+00 8.0768e-01
16981 -1.1217e+00 -4.0160e+00 -4.9133e+00
16982 -9.6374e-01 -3.8491e+00 -4.6902e+00
16983 -3.4802e-01 3.5695e+00 -7.0477e-01
16984 -1.7753e+00 -2.6266e+00 -1.9585e+00
16985 -2.5627e+00 -2.8588e+00 -5.7037e+00
16986 -1.3412e+00 6.2603e-01 5.4367e+00
16987 -4.7439e-01 -4.5795e+00 2.8718e+00
16988 6.3484e-01 -8.4075e-01 2.2615e+00
16989 4.6754e+00 -2.9196e+00 -1.9313e+00
16990 5.0651e+00 -2.2948e+00 -1.6584e+00
16991 2.2436e+00 -1.4862e+00 4.3846e+00
16992 2.0116e+00 -3.6781e+00 -3.1592e+00
16993 3.9431e+00 2.1703e+00 -4.7606e+00
16994 2.4421e+00 -5.5098e+00 -4.4478e+00
16995 3.5679e+00 -4.3745e+00 -6.7572e+00
16996 2.4976e+00 -5.9057e+00 5.6522e-02
16997 3.5175e+00 -5.7949e+00 6.4481e+00
16998 1.3305e+00 -5.5940e+00 -4.6706e+00
16999 -2.3793e+00 -7.6585e+00 -4.0197e+00
17000 6.0454e+00 -1.0444e+00 4.1402e+00
17001 3.1713e+00 -3.0827e+00 -6.7776e+00
17002 7.1717e+00 -2.9165e+00 2.3404e+00
17003 3.3334e+00 -3.7466e+00 -4.2837e+00
17004 9.0182e-01 -7.9470e+00 -2.7322e+00
17005 3.4743e+00 -2.3398e+00 -9.7803e-02
17006 1.4452e+00 -1.4953e+00 -1.6177e-01
17007 2.2464e+00 -3.4845e+00 -6.6299e+00
17008 -2.4838e+00 1.5325e+00 2.8446e+00
17009 2.8650e+00 -5.4679e+00 -5.0769e+00
17010 -1.5615e+00 -5.7581e+00 5.1615e+00
17011 3.3189e+00 1.6641e+00 4.1862e+00
17012 5.2523e+00 -2.5992e+00 6.9078e-01
17013 -1.7318e+00 2.5418e+00 4.4103e+00
17014 -5.3504e-01 -3.8108e+00 2.8001e+00
17015 6.3927e-01 -3.0868e+00 9.3675e-01
17016 -1.5695e+00 -1.2686e+00 3.2066e+00
17017 1.1453e+00 -4.8156e+00 -4.9855e+00
17018 5.0545e+00 1.5349e+00 5.4250e+00
17019 1.8243e+00 -4.8249e+00 -1.6372e+00
17020 1.1614e+00 -4.1625e+00 -3.1691e+00
17021 -1.2312e+00 -3.9182e+00 -6.5413e+00
17022 1.8333e+00 2.9661e+00 -4.8093e+00
17023 2.9512e+00 -1.6678e+00 9.8409e-01
17024 5.2267e-01 -5.7283e+00 -1.8073e+00
17025 1.8126e+00 -1.0991e+00 8.3829e-01
17026 5.3983e+00 -2.0948e+00 1.0172e+01
17027 1.8873e-01 -3.6659e+00 -4.3010e+00
17028 -2.0576e+00 -3.2202e+00 4.5006e-01
17029 1.5532e+00 -4.0584e+00 -4.7375e+00
17030 4.5542e+00 -1.2767e+00 3.6181e-01
17031 4.6975e+00 -5.9604e+00 5.0957e-01
17032 3.7162e+00 -5.3901e+00 3.0901e+00
17033 4.1043e+00 -6.0007e+00 -6.7881e-01
17034 2.2526e+00 -5.0485e+00 -3.4065e+00
17035 9.0647e-01 -5.2296e+00 -7.7342e-02
17036 6.6224e+00 -3.5253e+00 -2.8532e+00
17037 1.7942e+00 5.7684e-01 5.9598e+00
17038 2.0113e+00 -6.1075e-01 -2.7100e-01
17039 1.6884e+00 2.7020e+00 1.1080e+00
17040 2.2965e+00 -5.6604e+00 -5.0841e-01
17041 4.6261e+00 1.4948e+00 5.4756e-01
17042 2.4777e+00 -2.7312e+00 5.2070e+00
17043 3.6522e+00 -5.4689e+00 -1.3814e+00
17044 1.5986e+00 -3.9409e+00 4.9410e-01
17045 6.4348e+00 -1.1022e+00 1.8422e+00
17046 5.0181e+00 -5.4886e+00 -3.4033e+00
17047 -1.6453e+00 -4.1581e+00 -6.9513e+00
17048 8.8403e-01 -3.9746e+00 -1.7613e+00
17049 9.2267e-01 -3.3453e+00 6.2995e-01
17050 1.8849e+00 2.9289e+00 -1.5591e+00
17051 -1.0423e+00 -1.9731e+00 -2.9535e+00
17052 2.3515e+00 -1.5182e+00 -2.2274e+00
17053 2.5316e+00 8.4474e-01 4.1461e+00
17054 -1.3449e+00 6.7499e+00 -3.8608e+00
17055 4.3849e+00 1.5719e+00 -4.7059e+00
17056 -6.9367e-01 -4.3621e+00 -5.6538e-01
17057 5.5205e+00 -5.6777e+00 -3.5571e+00
17058 -5.9049e-01 -6.0958e+00 -3.0253e+00
17059 2.7900e+00 -3.0284e+00 -4.9401e+00
17060 1.1188e+00 3.9324e-01 1.4881e+00
17061 4.7719e+00 2.1734e+00 4.7728e+00
17062 -4.6532e+00 -6.6116e+00 -2.9995e+00
17063 1.4036e+00 6.4667e-01 -3.9962e+00
17064 -3.9584e-01 -2.3237e+00 -1.4553e+00
17065 -1.5195e+00 2.5649e-01 -2.6109e+00
17066 2.1956e+00 -8.1164e+00 -1.8575e+00
17067 -3.0154e+00 -3.1369e-01 5.6376e+00
17068 -1.7439e+00 -7.3403e+00 3.8469e+00
17069 1.0577e+00 -1.4363e+00 -1.8893e+00
17070 1.2089e+00 1.6327e-01 2.8284e+00
17071 8.9334e-01 -1.9042e+00 1.1396e+00
17072 4.3943e+00 -1.9497e+00 -3.3930e+00
17073 4.0366e+00 -6.9087e+00 -3.8141e+00
17074 -2.4823e+00 -8.8254e+00 -3.0755e+00
17075 -2.1472e+00 -3.8751e+00 -1.1745e+00
17076 1.4197e+00 -4.3335e+00 -2.5804e+00
17077 -1.5335e+00 -1.1897e+00 -4.8968e+00
17078 6.9643e+00 -5.3440e+00 1.7233e+00
17079 1.7289e+00 -2.9446e+00 2.0183e+00
17080 4.2108e+00 -1.2618e+00 6.5562e-01
17081 5.1293e+00 -1.8480e+00 2.4178e+00
17082 7.5038e-01 -4.8448e+00 -4.7301e-01
17083 -7.4869e-01 -2.4131e+00 -1.9454e+00
17084 1.9441e+00 -5.2728e+00 2.7554e+00
17085 -4.1358e+00 -2.3883e+00 7.4126e+00
17086 -4.6983e+00 -6.2712e+00 6.0586e-01
17087 7.1108e+00 -5.3944e-01 5.6897e-01
17088 1.4586e-01 -4.0640e+00 1.7351e-01
17089 -3.0498e+00 -4.8767e+00 -1.6934e+00
17090 4.6669e-01 -8.6608e+00 2.2157e+00
17091 -3.9262e-01 -5.3719e+00 -5.6894e-01
17092 -1.5559e+00 -2.7288e-01 6.0356e+00
17093 -4.4568e+00 1.0139e+00 -3.0188e+00
17094 -2.2308e+00 -2.7035e+00 4.7619e+00
17095 -2.5200e-01 -5.8122e+00 -2.0255e+00
17096 -5.4458e+00 7.6973e-01 -4.9835e+00
17097 -5.4302e+00 2.3107e+00 -3.4721e-01
17098 -2.2396e+00 6.1178e-01 -1.4067e+00
17099 -9.1736e-01 3.4185e+00 6.0817e+00
17100 -4.0149e+00 -5.4083e+00 -3.0631e+00
17101 -3.8760e-01 -1.1730e+00 -6.4847e+00
17102 1.0412e+00 -2.3841e+00 -3.4525e+00
17103 -2.6158e-01 -3.2021e+00 -1.9894e+00
17104 -3.9312e-03 -2.3140e+00 1.1747e+01
17105 -4.5083e+00 -3.2615e+00 -6.2058e+00
17106 -9.0285e-01 1.9615e+00 -4.9878e+00
17107 -5.2563e+00 -3.6689e+00 -3.1103e+00
17108 -6.4404e+00 -3.1041e+00 1.0509e+01
17109 -6.3900e+00 -6.7765e+00 -1.8873e+00
17110 3.9772e+00 -4.9709e-01 -7.5690e+00
17111 -2.7912e+00 -1.2921e+00 5.7342e+00
17112 -1.0371e+00 -7.0644e+00 4.0257e+00
17113 6.0038e-01 1.2062e+00 6.5896e-01
17114 -4.3812e+00 -3.2098e+00 8.2796e+00
17115 -9.7601e-01 -9.3784e+00 5.3973e+00
17116 -1.5548e+00 5.2080e+00 -3.7638e+00
17117 -3.2509e+00 -1.1160e+00 6.1721e-01
17118 -2.5480e+00 -2.7486e+00 7.8099e+00
17119 3.6015e+00 1.2555e+00 5.1756e+00
17120 1.1314e+00 -4.4987e+00 -2.1814e+00
17121 -5.7996e+00 3.1981e+00 5.1674e+00
17122 -5.7240e-01 -8.3407e+00 -4.3933e+00
17123 -3.8609e+00 -3.1410e+00 2.0964e+00
17124 -7.2852e+00 -5.9696e+00 4.0221e+00
17125 1.2230e+00 -1.7628e+00 -5.1467e+00
17126 -2.0210e+00 -3.0573e+00 4.3719e+00
17127 -1.0626e+00 1.0999e+00 -1.3538e+00
17128 1.3310e+00 2.0660e+00 5.9730e+00
17129 1.5549e+00 -6.0312e+00 -5.7510e+00
17130 -4.2611e-01 -3.5038e+00 4.9943e+00
17131 -2.9052e+00 3.6528e+00 -4.3453e-01
17132 -3.6512e+00 -9.0133e+00 -7.0588e-01
17133 6.7894e+00 -9.3862e+00 -2.6008e+00
17134 -2.9919e+00 2.2446e+00 4.3933e+00
17135 -4.2974e+00 -2.5307e+00 -2.6517e+00
17136 -3.9560e+00 6.9260e-01 -3.7621e+00
17137 -3.9138e+00 -7.4247e+00 2.5384e+00
17138 -5.3405e+00 -4.1536e+00 9.9733e-01
17139 -7.6380e-01 -9.3389e+00 2.2995e+00
17140 -6.8939e+00 9.4070e-01 2.2255e+00
17141 -1.6472e+00 3.0354e+00 5.5784e-01
17142 -1.1840e+00 -5.8214e+00 3.3277e+00
17143 1.9398e+00 -1.6229e+00 -9.0790e+00
17144 -3.8112e+00 1.3432e+00 -6.5329e-01
17145 -1.4773e+00 -9.2944e+00 -4.7887e+00
17146 1.1043e+00 3.9634e+00 7.1696e+00
17147 2.1337e-01 3.7399e+00 1.7454e+00
17148 -4.2977e+00 6.8620e+00 -2.1997e+00
17149 5.8306e+00 3.8185e+00 2.3052e-01
17150 -4.0901e+00 1.1538e+00 7.4470e+00
17151 -4.3096e-01 -9.1417e+00 4.3499e+00
17152 -6.5985e-01 -7.9310e+00 -5.9030e+00
17153 -4.6595e-01 -5.7572e+00 -6.1010e-01
17154 -2.2866e+00 -9.4539e-01 -9.4543e-01
17155 -1.5519e+00 -7.7548e+00 -8.9416e+00
17156 -2.1829e+00 -1.2161e+00 -4.1069e+00
17157 -4.7950e+00 1.9836e+00 4.9900e+00
17158 4.2482e+00 6.9905e+00 3.4283e+00
17159 -8.9934e-01 -6.9768e+00 -3.8785e+00
17160 -2.3080e+00 -5.7922e+00 -5.3633e+00
17161 -2.9983e+00 -9.6503e-01 4.1111e-01
17162 2.8084e+00 3.3024e+00 -1.4095e-01
17163 -2.2303e+00 -2.9692e+00 -1.7243e+00
17164 -4.3998e+00 1.4386e+00 5.3620e+00
17165 -2.5957e+00 6.4164e+00 1.4365e+00
17166 1.3147e+00 5.0443e+00 -3.7482e+00
17167 -2.2608e+00 7.0691e-01 -5.8241e+00
17168 3.6141e+00 7.4806e+00 -2.5989e+00
17169 1.5940e+00 -8.1896e+00 -3.8700e+00
17170 1.6706e+00 -8.3649e+00 -6.5485e+00
17171 -2.3470e+00 -7.9074e+00 -5.3398e+00
17172 1.4467e+00 -3.5033e+00 -2.1620e+00
17173 -2.1109e+00 -3.9659e+00 3.8002e-01
17174 -1.0983e+00 -7.9641e+00 -4.4974e+00
17175 -8.4587e-01 1.2050e-01 -6.2539e+00
17176 -2.4125e+00 -9.3871e+00 -2.3287e+00
17177 1.7108e+00 3.7006e-03 5.3328e+00
17178 -6.3730e+00 9.7314e-01 4.2309e+00
17179 -3.4039e+00 -8.9162e+00 -1.7108e+00
17180 -1.2347e+00 -4.2406e+00 3.3690e-02
17181 1.4880e-01 -1.8629e+00 -2.5723e+00
17182 8.7489e-01 -1.9947e+00 8.9232e+00
17183 -4.3571e+00 1.8158e+00 -1.8714e+00
17184 -1.6904e+00 4.5297e-01 -4.1538e+00
17185 1.7272e+00 -3.9927e+00 -2.2087e+00
17186 3.4594e+00 -7.5078e+00 1.1961e-01
17187 -4.9404e-01 3.2064e+00 -1.8429e+00
17188 -2.8527e+00 -8.0520e+00 -1.8765e-01
17189 9.2449e-01 1.9916e+00 3.2728e+00
17190 2.0277e+00 -4.7955e+00 -3.4892e+00
17191 -2.2792e+00 -1.1962e+00 -1.8903e+00
17192 -3.2166e+00 7.8937e-01 1.1636e+00
17193 -5.0864e+00 -1.2469e+00 9.3485e+00
17194 -3.7200e+00 -8.5687e+00 2.6756e+00
17195 -2.8661e+00 -7.7235e+00 -6.2390e+00
17196 3.6365e+00 -7.4146e+00 -6.4210e-01
17197 -2.6239e+00 2.2486e+00 1.3110e+00
17198 6.4860e-01 -1.1236e+00 1.4842e+00
17199 -1.2625e+00 4.8667e-01 9.2394e+00
17200 -2.9916e+00 -2.4143e+00 6.2453e+00
17201 3.2318e-01 -4.2670e+00 1.4874e+00
17202 -8.8117e-01 -3.4611e+00 7.6342e+00
17203 8.8206e-01 -8.6777e+00 -4.1286e+00
17204 -7.0462e+00 5.1288e-01 -5.8830e+00
17205 1.0664e+00 -5.2651e+00 -8.1963e+00
17206 8.9447e-01 -9.3822e+00 1.8292e+00
17207 3.9943e+00 3.3274e+00 3.5253e+00
17208 -3.6649e-01 2.6006e+00 7.4069e+00
17209 -2.0050e+00 -8.9877e+00 2.4627e+00
17210 5.2519e+00 -9.5329e-01 1.2793e+00
17211 7.4031e-02 -3.2142e+00 5.7946e+00
17212 -2.7146e+00 7.7883e-01 -3.8018e-01
17213 -5.8443e+00 9.2866e-01 4.1697e+00
17214 9.4680e-01 -2.0344e+00 -4.7665e+00
17215 -1.2849e+00 1.6455e+00 -2.3893e+00
17216 -1.2813e+00 1.1682e+00 4.7224e+00
17217 -7.0839e+00 -6.5062e+00 -1.9616e+00
17218 -3.0161e+00 5.6036e+00 6.9242e+00
17219 -5.9984e+00 1.6265e+00 6.9012e+00
17220 -3.0931e+00 -7.9869e+00 3.1125e+00
17221 -6.9447e-01 -3.3286e+00 5.1509e+00
17222 1.0999e+00 5.6831e+00 4.4419e+00
17223 7.9880e-01 -4.2738e+00 6.1185e+00
17224 -1.2374e+00 -1.5975e+00 -3.0006e+00
17225 2.9023e-01 -9.3838e+00 1.3090e+00
17226 -1.8142e+00 -4.9284e+00 -1.8281e+00
17227 1.3212e+00 -3.4121e+00 2.6792e-01
17228 -3.3418e+00 5.6548e+00 3.6114e+00
17229 -5.5193e-01 3.1942e-02 7.4408e+00
17230 -3.2681e+00 2.1830e+00 -3.0877e+00
17231 -2.1635e-01 -3.7019e+00 -3.2609e+00
17232 7.6448e-01 -7.2210e+00 -2.5194e+00
17233 -2.8499e+00 -1.6355e+00 1.6368e+00
17234 -5.1244e+00 3.2359e+00 4.5092e-01
17235 -6.3005e+00 -6.8127e+00 -6.7233e+00
17236 1.1790e+00 -7.5585e+00 5.7812e-01
17237 4.3850e+00 -4.3749e+00 -8.3175e-01
17238 -2.3248e+00 -7.6210e+00 3.6681e+00
17239 1.4888e+00 -4.5755e+00 3.3774e+00
17240 -9.7168e-01 -1.3873e+00 -4.1239e+00
17241 1.2956e+00 -7.9505e-01 3.8076e+00
17242 -2.0767e+00 -8.3284e+00 2.9957e+00
17243 4.4446e+00 4.4011e+00 8.8161e+00
17244 -1.0001e+00 -9.1348e+00 -4.5834e+00
17245 -1.8549e+00 -8.7705e+00 -2.7322e+00
17246 -3.0109e+00 -1.9929e+00 -4.8218e+00
17247 1.4002e+00 -2.3216e+00 -7.9445e+00
17248 -1.6766e+00 3.6161e+00 3.1859e+00
17249 -3.0428e+00 4.3540e+00 -1.4860e+00
17250 -3.7192e+00 -1.4853e+00 5.4910e+00
17251 -3.6432e+00 1.4434e+00 1.6407e+00
17252 -4.5104e+00 -8.6439e+00 7.1320e-01
17253 -1.7277e+00 -4.5637e+00 -9.7837e-01
17254 -1.0058e+00 7.9152e-01 1.0378e+00
17255 -1.3259e+00 -8.5992e+00 1.0344e+00
17256 1.6205e+00 -7.1259e+00 -1.2514e+00
17257 1.0894e-01 -7.6324e+00 -3.5591e+00
17258 -1.1508e+00 -7.4367e-01 4.6345e+00
17259 -2.9677e+00 1.3271e+00 -7.2169e+00
17260 -3.9872e+00 -6.7017e+00 1.0853e+00
17261 -6.1300e+00 -8.6478e+00 -5.3065e+00
17262 -5.1012e+00 -3.9327e+00 -1.4945e+00
17263 -1.9124e-01 -8.6046e+00 -3.0675e+00
17264 -3.1374e+00 -5.9879e+00 -7.8533e-01
17265 -2.2516e-01 -1.6715e+00 3.9157e+00
17266 -4.9830e+00 -2.3224e+00 -4.3687e+00
17267 -5.5248e-01 -7.8124e+00 8.6756e+00
17268 -4.6878e+00 -1.6887e+00 -3.5831e+00
17269 -6.1816e+00 -2.6351e+00 1.5335e+00
17270 -2.5033e+00 -5.8256e+00 -5.0351e+00
17271 2.4602e+00 -6.5580e+00 3.0376e+00
17272 1.9291e-01 2.9375e+00 1.2560e-01
17273 2.0658e+00 -1.7965e+00 5.3278e-01
17274 -8.1097e-01 -9.3263e+00 -1.5093e+00
17275 -1.6684e+00 3.1486e+00 1.9579e+00
17276 -9.8680e-01 -8.9042e-01 3.9196e-01
17277 -6.2212e+00 -8.5308e+00 -4.5978e+00
17278 1.7737e+00 -1.0097e+00 -2.0558e+00
17279 -1.7361e+00 7.7058e-01 1.3393e+00
17280 -3.1495e+00 -8.0253e+00 9.3500e+00
17281 -8.4744e-01 7.6015e+00 7.3914e+00
17282 -6.3355e-01 3.3458e+00 4.5868e+00
17283 5.0453e+00 -6.7534e-02 -4.6108e-01
17284 -1.9952e+00 -3.1138e+00 6.5407e+00
17285 -2.9704e+00 1.1693e+00 -2.3730e+00
17286 -4.9132e+00 4.4165e+00 -4.9192e+00
17287 9.4618e-01 1.5002e+00 -9.2342e+00
17288 -1.7972e+00 -2.4911e+00 -3.2170e+00
17289 -4.0414e+00 -2.8473e-01 5.0464e+00
17290 4.0082e+00 2.5046e+00 -2.9033e+00
17291 2.4753e+00 -3.5343e+00 -3.4904e+00
17292 -3.8251e+00 -9.7197e-01 6.8037e-01
17293 -7.2325e-01 -2.8778e+00 -2.1975e+00
17294 -3.5301e+00 -8.0616e+00 -2.1723e+00
17295 -4.5206e-01 -6.8942e+00 -7.2787e-01
17296 4.7203e+00 -3.3258e+00 2.9427e-01
17297 3.8514e+00 -4.4438e+00 -5.6888e-01
17298 1.9120e+00 -6.0114e+00 -6.6385e+00
17299 1.4880e-01 1.8603e+00 7.5912e+00
17300 -5.3291e+00 -6.7212e+00 -4.6355e+00
17301 2.8120e+00 -8.9696e-01 -1.5919e+00
17302 2.6911e+00 -1.7444e+00 2.4652e+00
17303 -2.3117e+00 1.2641e-01 -2.1061e-01
17304 -3.8172e+00 -1.4232e+00 -1.6010e+00
17305 2.2669e+00 1.5126e+00 3.5067e+00
17306 3.6535e+00 1.0057e+00 1.0510e+00
17307 4.2307e+00 3.0652e+00 -8.4341e-01
17308 -2.7374e-01 -5.4287e+00 -4.1761e+00
17309 -1.2067e+00 -2.6537e+00 -3.6064e+00
17310 2.6107e-01 4.1005e+00 -2.8341e+00
17311 -7.9424e+00 -3.6137e+00 3.2063e+00
17312 -8.5694e-01 -2.3393e+00 -7.7036e+00
17313 -3.5075e+00 -5.6689e+00 6.5157e+00
17314 -1.7023e+00 -4.7024e+00 5.3198e+00
17315 7.2260e-01 -7.6674e+00 5.7834e+00
17316 3.2084e-01 1.3605e-01 4.8118e+00
17317 -1.0245e+00 9.4560e-01 1.9322e+00
17318 -4.9242e-01 1.2360e+00 6.3723e+00
17319 -2.0922e+00 -5.0201e+00 -2.5713e-01
17320 1.2532e+00 -4.0030e+00 9.4709e+00
17321 1.6802e-01 -7.7445e+00 -3.6315e+00
17322 -2.3448e+00 -4.6464e+00 6.4678e+00
17323 -5.1079e-01 -2.9870e+00 -2.6589e-01
17324 6.4696e-01 -2.2471e+00 2.5196e+00
17325 -1.9419e+00 -1.0865e+00 3.1866e+00
17326 -5.0264e-02 -3.8492e+00 4.8710e+00
17327 1.1444e-02 -4.3671e+00 3.4668e+00
17328 -1.5880e+00 1.3189e+00 -5.0861e+00
17329 3.2966e+00 -4.8869e+00 -3.0679e+00
17330 -6.8140e-01 -2.6870e+00 6.9072e+00
17331 -2.7304e+00 -1.0137e+00 -3.3908e+00
17332 -5.2450e+00 2.3021e+00 -2.4015e-01
17333 3.2037e+00 3.0563e+00 2.7603e+00
17334 -6.9895e+00 3.9961e+00 3.7979e+00
17335 6.5262e-01 -9.0505e+00 -3.1590e+00
17336 3.6594e+00 2.9817e+00 -3.7957e+00
17337 -1.0994e+00 -8.4620e+00 -2.1163e+00
17338 -1.7023e-03 -2.5117e+00 -5.7857e+00
17339 4.3217e-01 -1.2038e-01 5.0274e+00
17340 -4.6652e+00 -4.0590e+00 -8.8196e-01
17341 2.1804e-01 -7.0750e+00 2.2723e+00
17342 -6.4625e-01 -9.1626e+00 2.6950e+00
17343 1.9932e+00 -2.7594e+00 3.7421e+00
17344 2.0286e+00 -3.1771e+00 -7.1371e+00
17345 -4.7124e-01 2.5497e+00 5.3761e+00
17346 -2.9174e+00 1.5122e+00 5.5113e+00
17347 -1.7102e+00 -6.9517e+00 -9.6204e-01
17348 3.9712e-01 3.7950e+00 -2.9241e+00
17349 -3.8343e+00 -1.8997e+00 -7.6069e-01
17350 -3.0062e-02 -1.8953e+00 1.4560e+00
17351 1.4320e+00 1.2346e+00 1.2724e+00
17352 -3.4456e+00 -9.2356e+00 4.9757e-01
17353 8.3172e-01 -4.3768e+00 -4.1414e+00
17354 3.0049e+00 1.2964e+00 -2.0238e+00
17355 -8.3984e-01 8.8903e-01 1.1369e-01
17356 -5.5511e+00 3.5426e+00 1.9168e+00
17357 3.3682e-01 -7.4819e+00 9.1708e+00
17358 -2.1298e+00 -1.4510e+00 3.7133e+00
17359 -1.7869e+00 -1.9562e+00 2.1637e+00
17360 -4.0629e+00 -1.1645e+00 4.9508e+00
17361 -6.9934e-01 -1.2186e+00 5.7718e+00
17362 -1.7686e-01 -3.1075e+00 5.5937e+00
17363 -2.1734e+00 5.5532e+00 -2.9154e+00
17364 5.7224e-02 -4.0021e-02 2.2253e+00
17365 -5.4541e+00 3.7920e+00 1.8587e+00
17366 3.3574e+00 -8.3469e+00 -7.6245e-01
17367 -2.0252e+00 2.8346e+00 2.0493e+00
17368 3.4104e+00 2.3445e+00 6.9275e+00
17369 -5.6926e+00 -4.1822e+00 -5.8408e+00
17370 -6.2891e+00 2.0875e+00 -2.2862e+00
17371 2.7914e+00 -7.4653e+00 -3.5656e-01
17372 -3.7802e+00 4.4385e-01 4.9899e+00
17373 -1.8582e+00 -6.2786e+00 -1.9238e+00
17374 8.4543e+00 -1.5259e+00 8.4948e+00
17375 2.7382e+00 -9.3733e+00 -1.1012e+00
17376 -2.0880e-01 -9.2720e+00 -6.3215e+00
17377 -5.4256e+00 -6.7985e+00 -4.1043e+00
17378 3.0953e+00 -6.8387e+00 -1.2761e+00
17379 -4.5257e+00 -2.3125e-01 7.0357e+00
17380 -1.9749e+00 -9.9404e-01 -5.8089e-01
17381 -2.2180e+00 -2.3536e+00 -2.4402e-01
17382 -4.1772e+00 -7.5762e+00 -1.9406e+00
17383 -1.9386e+00 1.5791e+00 4.6009e+00
17384 -6.0508e-01 -1.3322e+00 7.1082e-01
17385 -8.3655e-01 -2.6066e+00 4.1862e+00
17386 -4.6802e+00 -2.4842e+00 -5.3383e+00
17387 -7.0670e-01 -1.1784e+00 2.4079e+00
17388 4.6119e-01 -3.3680e+00 1.5004e-01
17389 1.8858e-01 -4.3876e+00 -2.5371e+00
17390 2.0509e+00 -5.2444e+00 -6.4146e+00
17391 1.0038e+00 -2.7808e+00 6.0854e+00
17392 -3.7284e+00 -1.1356e+00 -4.8912e-01
17393 -4.2819e+00 -8.0025e-01 3.2347e+00
17394 9.6317e-01 -4.8237e+00 3.7362e+00
17395 -3.2857e+00 -8.1255e+00 6.4724e+00
17396 -5.6745e-01 1.7436e+00 4.8762e+00
17397 -4.6104e+00 -8.1960e+00 -2.5880e+00
17398 -6.8089e-01 1.0312e+00 -5.7233e+00
17399 5.0978e-01 1.0570e+00 -6.3410e-01
17400 -1.6974e-01 -1.6468e+00 3.1109e+00
17401 -5.0580e+00 -3.3489e+00 -4.1108e+00
17402 -4.2721e+00 1.8453e+00 5.6933e+00
17403 2.6673e+00 -4.4283e+00 4.7335e+00
17404 -2.8964e+00 -3.8000e+00 -3.7008e+00
17405 -2.1552e+00 -3.5237e+00 -1.5833e+00
17406 -6.7462e-01 3.4747e+00 7.4792e+00
17407 -3.0190e+00 -7.0918e+00 4.6437e+00
17408 -1.7225e+00 -2.2854e+00 1.0740e+01
17409 3.8944e+00 -7.6774e+00 5.6260e+00
17410 2.6033e+00 -8.8592e+00 -2.5173e+00
17411 2.8767e-01 -3.6685e+00 -1.3536e+00
17412 1.3911e+00 -9.2223e+00 6.4025e+00
17413 -2.6699e+00 -8.8117e+00 9.2921e+00
17414 -3.0482e-01 4.1466e+00 4.2075e+00
17415 -3.1982e+00 -3.1268e+00 -6.2537e+00
17416 1.7728e-01 -1.9550e+00 -8.1217e+00
17417 4.8716e+00 -1.3798e+00 2.6747e+00
17418 -5.6736e+00 3.5241e+00 1.7435e+00
17419 -4.4446e+00 -8.9555e+00 -4.8408e+00
17420 -1.7137e+00 -2.2469e+00 -3.0502e+00
17421 -4.0099e+00 -2.8652e+00 -1.8032e+00
17422 -4.6758e+00 2.1955e+00 6.4386e+00
17423 5.2224e+00 5.9156e-01 4.4397e+00
17424 -7.0570e+00 -7.3249e+00 -4.5796e+00
17425 -2.3172e+00 3.8859e+00 2.2057e+00
17426 2.2758e+00 -8.1712e+00 5.4460e+00
17427 -1.0376e+00 4.3740e+00 4.3310e+00
17428 2.0243e+00 -7.2170e+00 -1.1129e+00
17429 -1.9492e+00 4.9185e-02 2.5087e+00
17430 5.9586e+00 -9.2574e+00 3.6852e-01
17431 -2.7705e+00 -8.4882e+00 -2.4247e+00
17432 -1.6870e+00 -4.0281e+00 1.0092e+01
17433 -2.7377e+00 -2.1304e+00 6.0191e+00
17434 3.3101e+00 -7.6020e+00 1.0043e+01
17435 2.9444e+00 3.4611e+00 1.0210e+01
17436 4.0449e+00 2.9576e+00 8.3018e+00
17437 2.3968e+00 2.1695e+00 2.6917e+00
17438 -5.9065e+00 -2.2369e+00 3.6045e+00
17439 1.7464e+00 4.2997e+00 -2.2251e+00
17440 1.2279e+00 -2.0855e+00 6.8742e+00
17441 6.2641e+00 -6.7434e+00 6.6170e+00
17442 -1.9047e+00 -7.8467e+00 4.5314e+00
17443 -2.3650e+00 -1.4321e+00 6.7165e+00
17444 4.2598e+00 -6.7782e-01 4.9587e+00
17445 2.7638e+00 -2.7636e+00 5.0242e+00
17446 3.1858e+00 4.9993e-01 9.7811e+00
17447 1.3475e+00 -8.1609e+00 3.3689e+00
17448 1.5230e+00 1.2532e+00 2.4352e+00
17449 -1.3009e+00 -2.3026e+00 4.7695e+00
17450 2.6400e+00 6.9735e-01 5.8400e+00
17451 1.0993e+00 -9.6004e-01 7.7828e+00
17452 2.5889e+00 -2.3022e-01 1.0132e+00
17453 6.0453e+00 -2.5934e+00 3.8957e+00
17454 -2.2981e-01 -5.2010e+00 4.6285e+00
17455 -2.3755e+00 -6.9014e+00 5.8826e+00
17456 1.4087e+00 -3.4198e+00 7.0298e+00
17457 1.5561e+00 -1.1745e+00 7.4114e+00
17458 -2.1673e-01 -1.1357e+00 8.6534e+00
17459 -2.5349e+00 -5.0506e+00 7.0875e+00
17460 4.7754e+00 -2.6632e-01 9.2102e+00
17461 -1.9444e+00 -5.0183e+00 6.3603e+00
17462 8.3546e-01 -8.8593e+00 4.6275e+00
17463 3.2147e-01 -4.2897e+00 7.7850e+00
17464 4.5978e+00 -7.2494e+00 7.6557e+00
17465 -4.2299e+00 -8.6610e-02 7.2352e+00
17466 4.3263e+00 -4.6186e+00 5.6069e+00
17467 -2.5247e+00 -5.6253e+00 4.7209e+00
17468 -8.2932e-01 -5.5549e+00 6.9708e+00
17469 7.3481e-01 2.6537e+00 1.3094e+00
17470 -1.0927e+00 4.5475e+00 8.1138e+00
17471 2.3435e-01 -1.9019e+00 3.8989e+00
17472 -1.6516e+00 2.4450e+00 1.6706e+00
17473 7.1427e+00 -2.5858e-01 1.0207e+01
17474 4.4490e+00 1.2029e+00 5.3212e+00
17475 1.0276e+00 -4.3386e+00 4.3149e+00
17476 2.8696e+00 2.0244e+00 4.0063e+00
17477 1.6318e+00 2.4724e+00 8.3822e+00
17478 1.2295e+00 4.5213e+00 -1.1780e+00
17479 -2.3117e-01 -9.4223e-01 6.1786e+00
17480 3.1875e+00 -5.4371e+00 7.6149e+00
17481 3.4091e+00 2.2049e-01 3.8584e+00
17482 -2.7532e+00 -4.8001e+00 3.2254e+00
17483 -8.7379e-01 -1.8039e+00 4.6423e+00
17484 -1.4549e+00 -3.8664e+00 3.7897e+00
17485 1.2594e+00 -6.5137e+00 4.6510e+00
17486 1.6359e+00 -3.3214e+00 2.3206e+00
17487 -4.0098e+00 1.3591e+00 5.0104e+00
17488 -2.9385e+00 9.6675e-01 -3.8279e+00
17489 -9.4215e-01 -1.5719e+00 -6.5117e+00
17490 2.3641e+00 -5.6347e+00 8.6441e+00
17491 -6.2906e-01 -5.9798e+00 4.5688e+00
17492 -2.5769e+00 -6.4565e+00 6.2580e-01
17493 -3.1584e+00 -3.5789e+00 -6.6865e+00
17494 1.5450e+00 2.0947e+00 1.0014e+01
17495 -3.0962e+00 2.6472e+00 -2.9962e+00
17496 -2.0093e+00 -3.4571e+00 -4.1752e+00
17497 -5.9145e+00 -7.8430e+00 3.9102e+00
17498 2.7021e+00 -1.0402e+00 -5.3008e+00
17499 -3.1688e+00 1.9117e+00 -2.4615e+00
17500 -1.0511e+00 -1.0801e+00 2.4345e+00
17501 2.4715e+00 -1.7907e+00 4.2211e+00
17502 1.1892e+00 -1.0969e+00 7.5812e+00
17503 -1.8657e+00 -1.0304e+00 5.9258e-01
17504 -4.1728e-01 -8.1694e-01 -6.7948e+00
17505 -5.8554e+00 -1.4716e+00 3.3587e+00
17506 -1.8288e+00 -3.2489e+00 3.3313e+00
17507 8.0015e-01 -4.1152e+00 2.3901e+00
17508 -1.3028e+00 1.6449e+00 3.4031e-01
17509 1.8601e+00 -1.1050e+00 -9.3227e-01
17510 -1.0370e+00 -5.4152e+00 5.5830e+00
17511 2.2930e-03 1.0117e+00 -1.9735e+00
17512 -1.7843e+00 -5.4557e-01 8.3087e+00
17513 4.2705e+00 -1.3129e+00 -5.2675e+00
17514 2.3414e-01 -5.7174e+00 -4.0252e+00
17515 -6.7786e-01 -3.5372e+00 -2.7377e+00
17516 -2.7556e+00 -9.3853e+00 1.9107e-01
17517 -3.2664e+00 1.0377e+00 -2.0963e+00
17518 2.8562e+00 5.3472e-02 8.1451e-01
17519 1.1116e-01 -5.8179e+00 2.9396e+00
17520 -7.9818e-01 -4.8702e-01 -3.6017e+00
17521 -5.0522e+00 4.3635e-01 -3.1665e+00
17522 -4.6186e+00 -3.0019e+00 5.2933e+00
17523 -1.0456e+00 -4.4077e+00 3.6616e-01
17524 -5.7415e+00 2.1054e+00 -1.9551e+00
17525 -8.5436e-02 -1.9864e+00 4.7198e+00
17526 5.3280e-01 -8.7045e+00 1.1783e+00
17527 -3.0085e+00 -8.0753e+00 -3.2921e+00
17528 -4.0684e+00 -5.1176e-01 6.5582e+00
17529 -2.7324e+00 1.1780e+00 -7.2490e+00
17530 4.3519e+00 -3.4524e+00 2.2427e-01
17531 1.3039e+00 -7.3445e-01 3.7165e+00
17532 -3.7938e+00 -3.5923e+00 -3.0295e+00
17533 -8.3323e-01 -6.5480e+00 -4.5534e+00
17534 -2.5441e+00 -1.0859e+00 3.1129e+00
17535 1.6666e+00 -2.9659e+00 9.0519e+00
17536 -2.8705e+00 -1.1102e+00 -5.0220e+00
17537 1.0396e+00 2.9453e+00 5.3743e-01
17538 -7.7071e-01 -8.5254e+00 -2.7925e+00
17539 1.7178e+00 -4.2391e+00 -4.9239e-01
17540 -4.7579e+00 -9.0874e+00 -6.6568e+00
17541 -6.8992e+00 -9.2546e+00 -1.5013e+00
17542 1.7939e+00 1.0787e-01 -2.2396e-02
17543 -5.1537e+00 -4.9197e-01 5.5808e+00
17544 3.6175e+00 -2.8639e+00 1.2494e+00
17545 -2.7041e+00 -2.8487e+00 1.9800e-02
17546 -2.1512e+00 2.4099e+00 2.6879e+00
17547 -1.2278e+00 -4.9043e+00 -1.2633e+00
17548 1.4693e+00 -9.3009e+00 -8.1864e-01
17549 -3.0518e+00 -3.2347e+00 1.7604e+00
17550 5.2535e+00 -9.1801e+00 -7.9159e+00
17551 2.0652e+00 -5.8594e+00 1.7756e+00
17552 -4.2871e+00 -2.0674e+00 6.7014e+00
17553 -1.9678e+00 4.2257e-01 3.9984e+00
17554 2.3461e+00 3.2694e-01 -1.7402e+00
17555 -6.2490e-01 -3.1076e+00 -4.5464e-01
17556 3.5848e-01 -2.9976e+00 3.7250e+00
17557 7.7523e-01 -5.9670e+00 -1.7362e+00
17558 8.2689e-01 -2.3105e+00 -1.2667e-01
17559 -3.8971e+00 2.3025e+00 -7.2219e-01
17560 -5.2984e+00 -1.8659e+00 -1.2742e+00
17561 -4.3584e+00 1.4028e+00 7.4584e+00
17562 -1.1844e+00 -3.7457e-01 7.6818e+00
17563 -3.6430e+00 -8.0137e+00 -3.7367e+00
17564 2.9349e+00 -1.1085e+00 -5.1325e-01
17565 -1.8977e+00 -6.0609e+00 4.2585e+00
17566 2.0780e+00 1.4529e+00 -4.4245e+00
17567 -7.6596e-01 -4.9861e+00 2.7244e+00
17568 -1.5649e+00 -2.5692e+00 -8.4152e+00
17569 -2.7707e+00 -4.9166e+00 3.2850e+00
17570 -3.5684e-01 -5.0383e+00 3.6780e+00
17571 2.7705e-01 2.2610e+00 4.6709e+00
17572 -3.7033e+00 -1.8270e-01 -4.3431e-01
17573 -1.1025e+00 -7.6904e-01 -3.9476e+00
17574 -2.5198e+00 -3.9821e-01 2.0185e+00
17575 2.4494e+00 4.6814e-01 -5.1700e+00
17576 -9.9726e-01 -7.9110e+00 -5.4211e+00
17577 -3.9324e+00 -6.3596e+00 -4.8748e+00
17578 -3.2074e-01 -1.1714e+00 1.6726e+00
17579 -1.4196e+00 -7.3932e+00 4.6418e+00
17580 4.1099e-01 -7.0345e+00 -6.1461e+00
17581 -3.3822e+00 8.8226e-01 1.4887e+00
17582 -2.4474e+00 5.3983e-01 1.6426e-01
17583 2.1821e+00 -6.2924e+00 7.5320e+00
17584 -4.3532e+00 7.7411e-01 -3.0444e+00
17585 6.6927e+00 -3.8088e+00 1.3885e+00
17586 8.6599e+00 -3.9245e+00 -3.4506e+00
17587 7.9872e-01 -1.1399e+00 3.4462e+00
17588 9.0593e-01 2.7522e+00 1.4503e+00
17589 -3.4299e+00 3.2119e+00 1.9484e-01
17590 -2.6312e+00 -5.0340e-01 4.3207e+00
17591 -3.3934e+00 -1.3578e-01 1.7968e+00
17592 4.1835e-01 -4.3095e-01 4.9866e+00
17593 -6.8457e+00 -6.7899e+00 -5.1692e+00
17594 1.9100e-01 -7.7457e+00 -1.6107e+00
17595 -7.3740e-01 -3.4140e+00 1.3093e+00
17596 -3.1487e+00 2.8633e-01 -1.9373e+00
17597 1.1124e+00 -7.9409e+00 -4.1053e+00
17598 3.7279e+00 1.7181e+00 8.8059e-01
17599 -6.1089e+00 -1.3394e+00 2.7508e+00
17600 -6.9772e-01 -1.6829e+00 1.8118e+00
17601 9.1712e-01 -9.3881e+00 1.5343e+00
17602 -2.2881e+00 6.5664e+00 -1.0999e+00
17603 -6.0246e-01 -6.1474e+00 -5.4358e+00
17604 -7.4719e+00 -1.9114e+00 3.3317e-01
17605 -5.3060e-01 1.1704e+00 3.1205e+00
17606 -4.4214e+00 6.9614e-01 -5.4893e+00
17607 5.2313e+00 -8.7911e+00 5.3121e+00
17608 -1.8392e+00 4.1828e+00 1.7254e+00
17609 4.6671e+00 -9.0805e+00 5.3128e+00
17610 -2.3857e+00 2.0745e+00 2.2841e+00
17611 -3.3421e+00 5.3142e-01 -6.6071e+00
17612 -5.9529e+00 8.4346e-01 6.5766e+00
17613 7.4758e-01 3.8970e+00 -8.6353e+00
17614 4.5223e+00 2.2457e+00 3.7897e-01
17615 -3.2543e+00 -1.6618e+00 -4.2016e+00
17616 -3.0642e+00 -7.3107e+00 3.7584e+00
17617 4.2502e+00 -5.8212e+00 -3.1967e+00
17618 -1.2039e+00 -4.1445e+00 -8.2186e-01
17619 2.0285e+00 -2.7817e+00 8.5534e-01
17620 4.1307e+00 -7.3627e+00 -9.1227e+00
17621 -6.4286e-01 -2.3794e+00 -2.0642e+00
17622 -2.0672e+00 -3.0383e+00 5.9851e+00
17623 -4.1439e-01 6.3533e-02 3.4273e+00
17624 2.5405e-01 -4.9266e+00 5.7567e+00
17625 -3.1313e+00 -2.6980e+00 2.8321e+00
17626 -1.1714e+00 -7.7835e-01 4.1055e+00
17627 7.6697e-01 4.3118e+00 -2.0828e+00
17628 -1.0031e+00 4.4502e+00 -2.4030e+00
17629 -1.2019e+00 -6.7303e+00 -6.1893e+00
17630 -4.2602e+00 -9.7998e-01 6.8634e+00
17631 -1.0769e+00 2.8249e+00 5.5593e+00
17632 4.7384e-02 -1.4306e+00 7.8943e+00
17633 -4.6551e+00 2.5916e+00 2.6105e+00
17634 -1.1427e+00 -2.4675e+00 2.5304e+00
17635 -8.2045e-01 -9.9107e-02 1.4533e+00
17636 -3.4328e+00 3.4469e-01 -5.6989e+00
17637 -2.6473e+00 -8.8022e+00 -2.1952e+00
17638 -3.3509e+00 -3.2639e+00 -2.5537e+00
17639 -1.3543e+00 -2.5113e+00 -2.7810e+00
17640 -3.5153e+00 -1.9798e+00 -3.0030e+00
17641 -3.0632e+00 2.6461e+00 5.1113e+00
17642 -2.5652e+00 -6.7924e+00 8.1640e-01
17643 -4.0207e+00 5.3336e-01 8.5475e+00
17644 2.3492e+00 -6.8906e-01 4.8061e+00
17645 -2.8426e+00 2.3491e+00 2.3716e+00
17646 1.9214e-01 3.0528e+00 3.4077e+00
17647 1.5882e+00 -1.6117e+00 -8.4011e-01
17648 -2.1024e+00 1.5416e+00 -2.9022e+00
17649 -3.7269e+00 -8.5031e+00 2.8964e-01
17650 -3.9167e+00 -1.0928e+00 -7.2369e+00
17651 2.7949e+00 7.8130e-01 -5.7562e+00
17652 -1.0440e+00 3.1524e+00 -3.3049e+00
17653 -4.8703e+00 3.0010e-01 3.8929e+00
17654 -4.4753e+00 2.8753e+00 -8.3673e-01
17655 8.1663e-01 -8.3297e+00 -4.7134e+00
17656 -2.2674e+00 4.5321e+00 1.5644e-01
17657 -5.2997e+00 -9.2720e+00 5.2727e-01
17658 7.3058e-01 -5.4884e+00 -4.1403e+00
17659 -1.5213e+00 -5.2641e+00 1.9586e+00
17660 -1.2202e+00 -2.9454e+00 -7.5038e+00
17661 -2.1250e+00 -3.2019e+00 -2.3673e+00
17662 -2.0656e+00 -9.3858e+00 -4.9769e-01
17663 -3.1989e+00 -9.3680e+00 9.5758e-01
17664 -3.7566e+00 -3.7122e-03 7.4119e+00
17665 1.5694e+00 -1.3675e-01 -7.9356e+00
17666 -2.3599e+00 1.9484e+00 -2.9763e+00
17667 -3.2092e+00 -4.6483e+00 7.9442e+00
17668 -1.8649e+00 -7.4753e-01 -6.3772e+00
17669 -6.3300e-01 -5.7831e-02 7.8277e+00
17670 1.2547e+00 1.6886e+00 2.6919e+00
17671 -4.0395e+00 3.3031e-01 2.1039e+00
17672 -6.1363e+00 -2.4404e+00 -3.4524e+00
17673 -2.9219e+00 -1.1331e+00 8.1546e-01
17674 1.5080e+00 -7.6748e+00 2.8323e+00
17675 -1.5233e+00 1.3951e+00 -6.2548e-01
17676 -1.9392e+00 -5.1406e+00 3.4997e+00
17677 -2.2552e+00 -2.5423e-01 -8.6956e-01
17678 -4.9938e-01 -6.9535e+00 3.9703e+00
17679 -1.5910e-01 -1.2218e+00 7.8410e+00
17680 -5.6855e+00 -9.3869e+00 4.3632e+00
17681 2.4039e+00 6.4404e-01 1.8898e+00
17682 -2.8630e+00 -2.3531e-01 1.6261e+00
17683 1.6251e+00 6.9202e-01 4.3752e+00
17684 -3.0557e+00 1.6654e-01 4.8942e+00
17685 -6.6982e+00 -9.2680e+00 -2.4039e+00
17686 -3.9507e-01 -2.7984e+00 -4.5138e+00
17687 -3.1024e+00 5.6563e+00 -1.7809e-01
17688 -5.3330e+00 -5.9390e-01 -2.2864e+00
17689 1.3190e+00 -3.1414e+00 5.7386e+00
17690 -5.2412e+00 -7.4237e-01 -7.8663e+00
17691 -6.5871e+00 1.5659e+00 -7.8757e+00
17692 1.1225e+00 -9.3749e+00 2.5349e-02
17693 2.4709e+00 -7.7864e+00 -9.6649e-01
17694 -1.8902e+00 -4.1434e+00 -7.7348e+00
17695 -4.0588e-01 9.3417e-01 4.5324e+00
17696 2.4653e+00 9.2571e-01 3.9547e+00
17697 -2.0163e+00 -2.8313e+00 -7.8892e+00
17698 -8.2265e-01 8.8747e-01 3.9060e+00
17699 -2.0432e+00 8.9378e-01 5.4461e-01
17700 -7.3938e+00 -1.5443e+00 2.6619e+00
17701 -4.9339e+00 6.4983e+00 5.9054e+00
17702 -7.4751e-01 -2.5859e+00 4.6603e+00
17703 9.8017e-01 5.1131e-01 8.7298e+00
17704 -1.6431e+00 1.3680e+00 -5.2725e+00
17705 -4.8503e+00 -7.7039e+00 4.7081e-01
17706 -5.2260e+00 -2.1938e+00 -4.2512e+00
17707 6.2349e-03 4.0511e+00 -2.2860e+00
17708 2.7838e-01 -1.1394e+00 7.0956e+00
17709 -6.6033e+00 -7.9481e+00 3.8682e+00
17710 -4.1975e+00 3.4660e-01 -3.2791e+00
17711 -2.7894e+00 -2.9440e-01 -6.4250e+00
17712 3.5462e+00 7.5358e-02 -4.8335e+00
17713 2.2581e+00 2.3123e+00 7.5633e+00
17714 -1.7563e+00 -1.4273e+00 1.8582e+00
17715 1.1834e+00 1.0074e+00 2.0130e+00
17716 6.5851e-02 5.6712e-02 -4.9396e+00
17717 1.2843e+00 -9.1398e+00 -8.3107e+00
17718 -2.0899e-01 4.5045e+00 1.6063e+00
17719 1.7810e+00 -1.2726e+00 5.8854e+00
17720 -6.3398e-01 -9.2189e+00 4.5555e+00
17721 -2.9205e+00 -3.9598e+00 -5.5037e+00
17722 -4.7634e+00 2.4566e+00 3.0788e-01
17723 -1.1651e-02 -2.0094e+00 8.9007e+00
17724 3.1594e-01 1.4015e+00 -6.0246e+00
17725 -2.7170e+00 4.1113e+00 5.7842e+00
17726 -7.3015e-01 -4.5144e+00 3.7668e+00
17727 -2.4347e-01 3.9526e-01 7.2658e-01
17728 -2.4824e+00 -4.9042e-01 -5.1947e+00
17729 -2.2116e+00 -3.9880e-01 9.8406e+00
17730 -1.7986e+00 -1.5534e+00 8.9987e-01
17731 9.2253e-01 -4.4461e+00 3.1520e+00
17732 -3.4416e+00 -9.3167e+00 -2.2600e-01
17733 5.3930e-02 -9.2229e-01 9.8598e+00
17734 -1.1811e+00 -6.5399e+00 -8.9266e+00
17735 -1.8729e+00 -2.6147e+00 -7.2317e-01
17736 3.8563e-01 -3.5864e+00 -3.6126e+00
17737 4.8181e+00 -1.4357e+00 -9.3102e+00
17738 1.6310e+00 1.8477e+00 4.4337e+00
17739 -3.9037e-01 -9.1827e-01 -9.1928e-01
17740 -2.6117e+00 3.1472e-02 -1.9921e+00
17741 1.8970e-01 -2.9519e+00 -1.2412e+00
17742 1.8593e+00 -5.0503e+00 -5.1586e+00
17743 -1.5980e+00 -8.4355e+00 7.2629e+00
17744 -1.2249e+00 -4.6431e+00 2.1654e-01
17745 -1.4433e+00 -2.5150e+00 -4.6773e+00
17746 1.6156e+00 -8.2562e+00 -1.4854e+00
17747 3.8986e-01 -2.9617e+00 -6.9619e+00
17748 -3.0231e+00 -9.3292e+00 -4.8248e+00
17749 1.3752e+00 2.0630e+00 4.8715e+00
17750 -2.2204e-01 -5.9107e+00 -3.6078e+00
17751 -2.9780e+00 -2.7317e+00 -5.5443e+00
17752 1.5562e-01 -9.3847e+00 -6.5500e+00
17753 -1.9714e+00 -6.3889e+00 -1.8293e+00
17754 4.0756e+00 -7.8085e+00 -2.6323e-01
17755 1.4613e+00 -2.7960e+00 -5.9098e+00
17756 -4.0867e+00 1.1989e+00 -1.1631e+00
17757 2.3866e-01 -6.5835e-01 -1.4187e+00
17758 -5.1863e+00 5.4029e+00 6.4781e+00
17759 -6.6531e-01 -3.2772e+00 -5.2597e+00
17760 -1.4597e+00 -8.3395e+00 -4.1606e+00
17761 -2.5291e+00 -2.6825e+00 5.8721e+00
17762 -4.2350e+00 -3.7965e-01 2.3225e+00
17763 -4.1864e+00 -7.8240e+00 -6.5859e-01
17764 -4.0857e+00 -7.4255e+00 3.8386e+00
17765 -1.4420e+00 -8.5956e+00 2.6828e-01
17766 -1.3828e+00 3.5803e+00 5.1345e+00
17767 -2.3497e+00 2.0258e-01 1.3089e+00
17768 -8.6314e-01 1.6575e+00 -2.9312e+00
17769 -5.6089e+00 -8.0776e-01 5.6567e+00
17770 -4.2789e+00 -5.9382e+00 1.9799e-01
17771 -2.1230e+00 -9.2674e+00 -4.9827e-01
17772 2.8610e+00 -3.1318e+00 -6.8395e+00
17773 -9.6982e-01 -1.4047e+00 -2.5832e+00
17774 -2.8880e+00 -3.1857e+00 -6.1423e+00
17775 1.6514e+00 -2.2629e+00 -5.6444e+00
17776 -2.5367e-01 2.0278e+00 1.1300e+00
17777 -3.2282e+00 -1.5192e+00 -4.0574e+00
17778 -4.2148e+00 -5.2142e+00 2.1114e+00
17779 -1.5751e+00 -9.3817e+00 9.9602e+00
17780 -1.5722e+00 -9.1125e+00 8.2304e-01
17781 -1.6662e+00 2.2759e+00 3.3045e+00
17782 -4.7789e+00 4.2301e-01 2.3694e+00
17783 1.0482e+00 -4.9775e+00 -8.8953e-01
17784 -6.4963e-01 2.4896e-01 -8.0858e-01
17785 -3.2948e+00 2.9915e+00 5.9740e+00
17786 1.6722e+00 -9.2926e+00 -3.0424e+00
17787 -2.2636e+00 3.6702e+00 2.7941e+00
17788 -7.5233e-01 -9.3826e+00 4.7498e+00
17789 -7.1422e+00 -3.9403e-01 -3.7333e+00
17790 -5.6000e+00 3.0831e+00 -3.2234e+00
17791 -1.5014e+00 -9.0185e+00 5.7799e+00
17792 -5.5154e+00 -6.8001e+00 2.5041e+00
17793 -2.3859e+00 1.7669e+00 -5.1293e+00
17794 -9.7265e-01 4.8211e+00 4.9874e+00
17795 1.9070e+00 1.5429e+00 2.9355e+00
17796 -3.8116e-01 3.2516e+00 -3.4442e+00
17797 -6.4203e-01 -5.2389e-02 -8.6236e+00
17798 1.0654e+00 -9.3868e+00 -2.9951e+00
17799 -2.5349e+00 3.2164e+00 6.7280e+00
17800 -1.7967e+00 -9.3145e+00 -8.4247e-01
17801 -3.0349e+00 -6.7922e-01 1.4643e+00
17802 8.0288e-01 -7.1690e+00 3.8291e+00
17803 -4.1413e+00 -1.0297e+00 6.3687e+00
17804 -4.7384e+00 2.2554e+00 6.6967e+00
17805 -2.7307e+00 -7.3054e+00 1.4476e+00
17806 1.3069e+00 3.5094e+00 -5.6114e+00
17807 -3.6561e+00 -8.2255e+00 -1.5837e+00
17808 4.5360e+00 -3.1127e+00 2.0218e+00
17809 -1.7010e-01 1.9860e+00 7.5805e+00
17810 -1.7999e+00 3.8086e+00 3.9155e+00
17811 -6.1248e-01 6.8680e+00 3.3130e+00
17812 -2.1871e+00 -1.8059e+00 6.2360e+00
17813 1.4003e+00 2.6206e+00 1.0971e+01
17814 -1.4624e+00 5.7157e+00 -2.3599e+00
17815 1.3215e+00 1.1141e+00 1.1042e+01
17816 -3.1646e+00 -4.5565e+00 1.1830e+00
17817 -6.8076e+00 4.1535e-01 -4.2149e+00
17818 -3.6538e+00 -9.1653e+00 -5.8181e+00
17819 -4.2853e+00 -2.9781e+00 3.7361e+00
17820 5.2925e-01 2.6106e+00 -1.5078e+00
17821 3.5045e-01 -1.2036e+00 1.6171e+00
17822 1.4230e+00 -1.1269e+00 2.4409e-01
17823 -4.3747e+00 3.6911e+00 4.1046e+00
17824 -9.0162e-01 -4.6340e+00 -4.1356e+00
17825 -1.6030e+00 -1.6643e+00 1.7098e+00
17826 9.5456e-01 7.2998e-01 -3.2432e+00
17827 2.1304e-02 5.9662e+00 3.9132e+00
17828 -4.9304e+00 1.4812e+00 -9.6964e-02
17829 -2.2650e+00 -5.4646e+00 1.3304e+00
17830 -1.0601e+00 2.9425e+00 3.7845e+00
17831 -5.2996e+00 -1.8712e+00 1.3112e+00
17832 8.0898e-02 5.4386e+00 3.3548e+00
17833 1.5369e-01 7.3476e+00 2.2831e-01
17834 -3.4501e+00 -3.8720e+00 3.1369e+00
17835 4.0365e+00 -1.8773e+00 -9.3485e+00
17836 -1.6568e+00 5.1724e-01 8.2265e-01
17837 -4.1797e+00 -6.3702e+00 3.9060e+00
17838 -2.0547e+00 -1.4612e+00 -2.0501e+00
17839 -5.4534e+00 8.3011e-01 -6.6043e+00
17840 -5.9113e+00 -7.2290e+00 1.1843e+00
17841 -2.9051e+00 -2.1962e+00 -2.9170e+00
17842 -2.8920e-01 -3.6370e+00 -6.4437e-01
17843 -3.5503e+00 1.5178e+00 -3.6143e+00
17844 -4.2909e+00 -1.0743e+00 -4.3136e+00
17845 -4.1449e+00 -4.1513e+00 -1.3898e+00
17846 -2.6035e+00 -2.7108e+00 9.0656e-02
17847 -3.8243e+00 -7.6389e+00 -2.7749e+00
17848 -1.8171e+00 -7.2924e+00 2.5697e+00
17849 -4.8466e+00 2.7318e+00 -2.1192e+00
17850 -1.3074e+00 -3.0736e+00 7.1624e-02
17851 -3.7902e-01 -4.2236e+00 -4.8832e-01
17852 -5.7928e+00 -9.1399e+00 1.7797e+00
17853 -2.3512e-01 -1.7260e+00 -4.7676e+00
17854 -2.6524e+00 -4.3799e-01 -4.0322e+00
17855 -7.0416e+00 -2.6706e+00 2.6615e+00
17856 4.7009e-01 -2.4069e+00 1.9390e+00
17857 -5.3390e+00 -1.6632e+00 3.9516e+00
17858 -8.0994e+00 -5.5813e+00 -6.7265e+00
17859 -1.2916e+00 -3.4723e+00 -4.3429e+00
17860 -3.1528e+00 -8.8503e+00 -3.9676e+00
17861 -4.5827e+00 -6.8500e+00 3.8483e+00
17862 -4.3950e+00 -2.1177e+00 -1.9730e+00
17863 -6.1296e+00 -9.2915e+00 -3.0224e-01
17864 1.3125e+00 -3.5623e+00 -3.1654e+00
17865 4.7580e-02 -5.4421e+00 -5.5155e+00
17866 -3.0236e+00 -3.7076e+00 -3.5423e+00
17867 -6.4034e+00 -2.7732e+00 -4.4942e+00
17868 7.9159e-01 -2.6801e+00 -2.6135e+00
17869 -1.0049e+00 1.3242e+00 7.2763e+00
17870 9.5408e-01 1.1149e+00 4.5054e+00
17871 3.4174e+00 4.0309e+00 2.4095e+00
17872 -9.3373e-01 -9.0667e+00 -1.1810e+00
17873 -1.9122e+00 -4.1823e+00 7.3116e+00
17874 2.4683e+00 -6.8348e+00 -4.5049e+00
17875 2.7141e+00 -1.8847e+00 -2.8141e+00
17876 -4.2896e-01 -4.4801e+00 6.8640e-01
17877 -2.4806e+00 2.3893e+00 -5.4281e+00
17878 1.5655e+00 -3.8555e+00 4.1732e+00
17879 4.3162e+00 -3.4583e+00 -3.8615e+00
17880 2.9749e+00 -4.4847e+00 6.9613e+00
17881 7.2278e-01 -5.1720e+00 -7.2953e+00
17882 -1.9223e-01 -5.3859e+00 -6.7419e+00
17883 2.1315e+00 -1.4837e+00 5.0491e+00
17884 -2.5988e+00 6.9960e+00 2.5902e+00
17885 -3.8486e+00 1.9284e+00 1.2373e+00
17886 3.0987e-01 -6.7300e+00 2.7477e+00
17887 -9.0932e-01 -2.6547e+00 3.3501e+00
17888 -5.6774e-01 -9.3414e+00 2.8706e+00
17889 -4.7463e+00 8.5729e-01 6.7154e+00
17890 -5.9417e+00 -9.1159e+00 -3.6071e+00
17891 2.7280e+00 -4.3121e+00 -2.8002e+00
17892 -5.3691e+00 6.4509e-01 3.8143e+00
17893 7.1695e+00 2.5216e-01 -4.9804e+00
17894 2.4667e+00 1.4640e+00 -9.8362e-01
17895 -2.2845e+00 -8.0719e+00 -1.0031e+00
17896 1.6618e+00 -1.5375e+00 -1.6891e+00
17897 -1.7098e+00 -7.1375e+00 4.2160e+00
17898 1.0376e+00 4.0442e+00 -8.9609e-01
17899 -2.8049e+00 -6.5859e+00 1.3981e+00
17900 3.2302e+00 -5.2679e+00 -4.5539e+00
17901 3.5015e+00 1.0336e+00 -1.4427e-01
17902 -1.5070e+00 3.9700e+00 6.5521e+00
17903 -4.4701e+00 -5.9912e+00 1.5688e+00
17904 -3.4776e-01 -2.2720e+00 1.2077e+00
17905 -3.0172e+00 1.9167e+00 3.0234e+00
17906 -5.3526e+00 -6.0171e+00 -4.3464e+00
17907 -1.7291e+00 -2.9428e+00 7.7923e+00
17908 -2.4128e-01 -6.9027e+00 -1.6284e+00
17909 1.3909e+00 -4.4724e-01 -2.1947e+00
17910 -2.7475e+00 -5.5491e+00 4.7147e+00
17911 -5.7601e+00 4.9830e+00 5.8317e+00
17912 1.8321e+00 -1.2142e+00 -1.4408e-01
17913 -2.1488e+00 -9.3732e+00 2.6587e+00
17914 -2.0966e+00 3.2857e+00 -5.9125e+00
17915 -4.4298e+00 -5.1649e+00 4.6293e+00
17916 -4.4851e+00 -5.4809e+00 -5.3874e+00
17917 -3.8343e+00 5.3411e+00 -5.9427e+00
17918 2.6103e+00 -5.6167e+00 -6.0582e+00
17919 5.4779e-01 -9.3533e+00 -3.5807e+00
17920 -6.3640e+00 -8.2848e+00 -2.4337e+00
17921 -1.2457e-01 -9.3806e+00 -5.1190e+00
17922 -4.5558e+00 -5.5005e+00 -4.3405e+00
17923 -4.2432e-01 9.9814e-01 1.8859e-01
17924 -7.9400e-01 1.4297e+00 -3.1507e+00
17925 -3.3894e+00 -3.0371e+00 2.9902e+00
17926 -2.9053e+00 3.0343e+00 3.8747e+00
17927 -6.1002e+00 -9.3329e+00 -5.2197e-01
17928 -9.3081e-01 6.7152e-01 -4.1156e+00
17929 -2.0660e+00 -6.9728e+00 3.9674e-01
17930 6.4881e+00 -5.7185e-01 2.4769e+00
17931 4.5764e+00 -3.4185e+00 -5.6125e+00
17932 3.6715e+00 3.6658e+00 -1.4972e+00
17933 -3.9083e-01 5.6959e+00 1.5359e+00
17934 1.3795e+00 1.6016e+00 9.3379e+00
17935 -2.8744e+00 7.5215e+00 9.9598e+00
17936 2.6923e+00 -8.7187e+00 -3.3747e+00
17937 -9.1170e-01 -2.0536e+00 -4.3368e+00
17938 -2.4531e+00 -1.3468e+00 3.7026e+00
17939 -1.2941e+00 -4.1946e+00 -2.0559e+00
17940 -5.4639e-01 -4.3254e+00 1.5532e+00
17941 -3.8645e+00 -4.9475e+00 -2.6284e+00
17942 -3.8481e+00 -6.3823e+00 5.2025e+00
17943 9.7310e-01 -9.1805e-01 5.1487e+00
17944 -5.5023e-01 -7.4223e+00 1.3418e+01
17945 1.4104e-01 -6.5113e+00 5.6509e+00
17946 -9.8137e-01 -2.3698e+00 1.2473e+00
17947 -3.6717e+00 -1.5820e+00 -4.4499e+00
17948 -1.6136e+00 4.3330e+00 8.8038e+00
17949 1.2999e+00 -8.3133e+00 -2.9239e+00
17950 -6.6294e+00 -7.0961e+00 -1.6784e+00
17951 -5.3428e-01 1.2898e+00 -3.3567e+00
17952 4.3301e+00 2.4565e+00 6.9410e+00
17953 -5.6235e+00 -1.4082e+00 3.5488e+00
17954 -6.2328e-01 -1.3336e+00 -6.7562e+00
17955 8.4533e-02 -2.3190e+00 3.1274e+00
17956 1.3021e+00 -7.5958e+00 1.6306e-01
17957 -4.7578e+00 -6.7279e+00 -4.9874e+00
17958 -3.9995e+00 -3.6393e+00 -1.8752e+00
17959 1.7347e-01 -2.7033e+00 -1.4600e+00
17960 -9.1271e-01 -4.8699e+00 7.7381e+00
17961 -3.2932e-01 -4.6038e+00 -1.9111e+00
17962 1.7201e+00 -5.6896e+00 1.3550e+01
17963 1.5002e+00 2.8540e+00 1.4812e+00
17964 -6.3930e+00 -4.6010e+00 4.7975e+00
17965 -1.6831e-01 -8.2456e+00 -1.6030e+00
17966 -4.8836e+00 -9.3857e+00 -5.4556e+00
17967 1.4623e+00 3.0412e+00 -4.8876e+00
17968 -4.3060e+00 5.4417e+00 1.2194e+00
17969 1.4153e+00 -4.5800e-02 4.3140e+00
17970 -4.5243e+00 -4.8175e+00 -2.0009e+00
17971 -5.5570e+00 -2.5134e+00 -2.1629e+00
17972 -1.6125e+00 -8.5945e+00 -5.2073e+00
17973 -3.9321e+00 -1.4935e-01 5.5047e+00
17974 -1.1677e+00 2.5382e+00 -4.0063e+00
17975 -1.7601e+00 -3.7876e+00 1.5874e-01
17976 2.8324e+00 1.6497e+00 7.2971e+00
17977 -6.5127e+00 -5.6145e+00 -1.2684e+00
17978 -4.4852e+00 3.1775e+00 6.1223e-01
17979 1.8452e+00 -1.5555e+00 -1.8620e+00
17980 -5.9616e-01 1.0014e+00 4.0284e+00
17981 2.4224e+00 2.8659e+00 3.1683e+00
17982 2.8067e-01 -1.2538e+00 -4.3489e+00
17983 -3.2699e-01 2.1371e+00 7.9965e+00
17984 -1.6578e+00 1.1172e+00 5.6554e+00
17985 3.2790e+00 -5.9653e-01 -3.6516e+00
17986 -5.5583e+00 3.4116e+00 1.7421e+00
17987 6.9274e-01 2.8769e+00 -1.1868e+00
17988 -3.9041e+00 4.5092e+00 -2.4992e+00
17989 -1.4064e+00 -2.9421e+00 1.8667e+00
17990 1.2433e+00 -2.7676e+00 -1.4592e+00
17991 -8.3985e-01 -6.9726e+00 2.7564e-01
17992 -7.2303e-01 2.0773e+00 -4.6960e-01
17993 6.5958e+00 -6.8093e+00 -2.4675e-01
17994 -2.1704e+00 -3.3502e-01 -1.3488e+00
17995 -4.1076e+00 -3.2648e+00 -7.8514e+00
17996 -1.4463e+00 2.0016e+00 6.7782e-01
17997 7.5314e-01 2.0051e+00 -1.6828e+00
17998 2.8525e+00 -2.8458e+00 -5.0914e+00
17999 -4.3528e+00 -4.4068e+00 1.3287e-01
18000 -8.8072e-01 -1.4888e-02 -3.0277e+00
18001 -3.8994e+00 -8.6442e+00 3.8635e+00
18002 -2.1228e+00 -1.2834e+00 -2.6514e+00
18003 -1.6172e+00 -2.4053e+00 9.4094e+00
18004 1.8176e+00 -6.1775e-02 -6.6735e+00
18005 -3.4971e+00 -4.6168e+00 -2.1119e+00
18006 -2.3621e+00 -5.5795e-01 3.5255e+00
18007 -9.6593e-01 -6.3492e+00 -3.5094e+00
18008 -7.5244e-01 1.5392e+00 -4.8165e+00
18009 -1.7551e+00 1.9838e+00 1.9765e+00
18010 1.5690e+00 -8.7978e-01 -3.2188e+00
18011 -3.3602e+00 -3.9983e+00 -4.9751e+00
18012 4.7629e+00 -3.3872e+00 -8.9180e+00
18013 -3.4211e+00 -1.6092e+00 -2.6681e+00
18014 -1.5536e-01 -6.0146e+00 -2.8896e+00
18015 -7.1736e+00 1.2148e+00 2.1669e+00
18016 1.6267e+00 2.2843e+00 -5.5057e+00
18017 -1.3350e-01 1.5177e+00 3.3119e+00
18018 3.1128e+00 -5.8220e+00 2.3716e+00
18019 -2.9369e+00 5.6208e+00 1.7151e-01
18020 -1.2941e+00 2.6852e+00 6.8263e+00
18021 -4.4313e+00 -4.2282e+00 -3.5072e+00
18022 1.9579e+00 -5.7247e+00 -5.1991e+00
18023 -3.1112e+00 4.2872e+00 4.6009e+00
18024 5.8114e+00 -8.3442e+00 5.8731e-01
18025 4.0820e-01 -2.8969e+00 6.5420e+00
18026 -4.2744e-01 4.3486e+00 -3.3751e+00
18027 -3.0520e+00 -9.3740e+00 4.6223e+00
18028 -2.9621e+00 2.0898e+00 6.7079e+00
18029 4.9737e+00 -6.8956e+00 -3.9474e+00
18030 7.5209e-01 -3.5055e+00 -5.0938e+00
18031 -3.1129e+00 -4.3253e+00 3.6698e-01
18032 -1.1450e+00 -5.8873e+00 1.1634e+00
18033 -2.2390e+00 -6.5834e+00 3.8592e+00
18034 -1.4658e+00 2.3892e+00 -6.4962e+00
18035 1.8790e+00 -6.4788e+00 3.5685e+00
18036 2.8129e+00 -2.3301e+00 6.7550e-01
18037 2.0600e+00 2.5327e-01 5.4730e+00
18038 5.4287e+00 1.4436e+00 -5.8556e-02
18039 -2.1481e+00 -9.0589e+00 5.3754e+00
18040 -1.1762e-01 -2.0802e+00 -2.4408e+00
18041 6.7252e-01 -7.2489e-01 -4.4711e+00
18042 4.1863e+00 -6.1015e+00 -2.3942e+00
18043 1.1728e+00 -4.4197e-01 1.5372e+00
18044 3.8914e+00 2.9446e+00 -2.0207e+00
18045 -1.1695e+00 -3.0011e+00 7.3201e+00
18046 1.1140e+00 -4.3244e+00 -6.1098e-01
18047 -8.1723e-01 -8.0980e-01 8.1376e+00
18048 -2.8637e+00 -7.6160e+00 1.4403e+00
18049 1.0712e+00 -8.4600e+00 -9.5423e-01
18050 3.6263e-01 -7.8441e+00 6.8152e-01
18051 -1.3961e+00 -2.5323e+00 -1.8078e+00
18052 -1.5982e+00 -6.4196e+00 -6.5018e+00
18053 2.7031e+00 -8.5822e+00 -1.7952e+00
18054 -6.0375e+00 -4.9104e+00 4.5258e+00
18055 -1.3829e+00 -1.8889e+00 5.8326e+00
18056 -3.8334e+00 1.5952e+00 6.5576e+00
18057 -3.3152e+00 1.6066e+00 -2.5968e+00
18058 -5.6656e+00 -2.6745e+00 3.7154e+00
18059 -4.0852e+00 4.1125e+00 9.1628e+00
18060 -5.0320e+00 6.0553e-01 -3.6184e+00
18061 4.1834e+00 -8.6122e+00 -9.0693e-01
18062 -6.0370e+00 -5.0181e+00 1.7627e+00
18063 -3.1334e+00 -3.7829e-01 4.0280e+00
18064 -9.0032e-01 -2.8949e-01 4.4297e-01
18065 -9.5902e-01 6.0402e+00 3.8598e+00
18066 -1.4771e-01 -3.4187e+00 7.7716e+00
18067 2.2347e+00 6.1024e+00 -7.9469e+00
18068 -3.0091e+00 -3.3631e+00 -3.1601e+00
18069 2.4908e+00 7.1807e-01 1.6761e+00
18070 -3.3283e-01 -6.9903e+00 -4.6510e+00
18071 -3.3317e+00 3.2492e+00 8.8337e-01
18072 -5.4685e+00 -3.0904e+00 -7.6552e+00
18073 -1.3016e+00 2.9429e+00 5.7792e+00
18074 1.7183e-01 -7.0844e+00 3.5603e+00
18075 -4.5768e+00 5.9620e+00 -5.1863e+00
18076 -6.9294e+00 -1.6053e+00 -1.3685e+00
18077 -3.8453e+00 -5.9703e+00 -2.5720e+00
18078 -1.1724e+00 3.6010e+00 3.1541e+00
18079 -2.6868e+00 -3.8124e+00 5.4241e+00
18080 -5.8143e+00 3.7886e-01 1.0841e+00
18081 -2.7767e+00 -5.6722e+00 -1.0046e+00
18082 9.9773e-01 -6.3306e+00 -4.1453e+00
18083 -1.4560e+00 -7.6212e+00 1.6613e+00
18084 -1.5046e+00 -1.9416e+00 -4.6259e+00
18085 -4.8578e+00 6.9555e-02 -1.2416e+00
18086 -2.8510e+00 -2.6610e+00 -3.6066e+00
18087 -1.5010e+00 3.4363e+00 5.8095e+00
18088 -2.6190e+00 -8.9913e+00 5.0782e-01
18089 -5.3814e+00 -8.8394e+00 4.6268e+00
18090 -4.4879e+00 8.3187e-01 4.0083e-01
18091 1.7956e+00 -1.3082e+00 6.5542e+00
18092 1.2736e+00 -1.4287e+00 8.2245e+00
18093 -5.9629e-01 3.0171e+00 -1.4732e-01
18094 -1.0744e+00 4.4379e+00 -4.0335e+00
18095 -1.7343e+00 -7.1162e-01 8.3075e+00
18096 -1.7721e+00 -8.9608e-01 1.8418e-01
18097 -8.6574e-01 6.2912e-01 5.6214e+00
18098 -4.2151e+00 4.8453e+00 3.4140e+00
18099 -1.9609e+00 -1.1456e-01 3.6240e+00
18100 2.3399e+00 -8.1593e+00 1.9988e+00
18101 -3.2025e+00 1.0216e+00 -2.6990e-01
18102 -1.0306e+00 6.4909e+00 1.2118e+00
18103 1.1846e+00 -1.3487e+00 4.6890e+00
18104 -3.1504e-01 -1.9409e+00 -1.2130e+00
18105 -4.6073e+00 2.1955e+00 1.9910e+00
18106 -2.3271e+00 -5.0921e+00 1.0561e+01
18107 -2.0320e+00 -6.5478e+00 5.6803e+00
18108 -1.3890e+00 -5.0472e+00 3.5616e+00
18109 -4.7390e+00 -2.5915e+00 3.9755e+00
18110 -6.1791e-01 -1.6027e+00 6.3330e+00
18111 -2.6134e+00 2.3627e+00 5.2678e+00
18112 -5.9615e+00 -7.0218e+00 1.1627e+01
18113 -7.5819e-01 -4.1377e+00 6.4320e+00
18114 -1.9043e+00 3.2053e-01 -2.4088e+00
18115 -1.6892e+00 -1.4174e+00 1.0398e+00
18116 5.1179e+00 1.0065e-01 -3.5491e+00
18117 -8.7170e-01 -7.1730e-01 8.5808e+00
18118 -1.6568e+00 -4.7915e+00 1.1629e+00
18119 -4.2682e+00 -3.8742e+00 7.9892e+00
18120 -8.9548e+00 -2.1225e+00 7.3942e+00
18121 -1.6795e+00 3.6742e+00 7.2870e+00
18122 -5.8259e+00 -1.2216e+00 5.9626e+00
18123 -2.6676e+00 -1.1390e+00 4.1935e+00
18124 3.7373e-01 -3.1245e+00 -1.1491e+00
18125 -1.4468e+00 -6.2475e+00 1.5388e+00
18126 -2.4933e+00 -5.3271e-01 3.1761e+00
18127 -4.3068e-04 -1.7932e+00 4.6846e+00
18128 2.0402e+00 -3.8214e+00 2.7435e+00
18129 -2.6647e+00 -1.3208e+00 8.3158e+00
18130 9.4530e-01 -7.1172e+00 4.7398e+00
18131 -1.7846e+00 -4.3481e+00 -2.2450e+00
18132 1.4458e+00 3.7867e-01 -2.3894e+00
18133 -1.2348e-01 -1.8965e-01 2.9205e+00
18134 -1.0316e+00 -1.5368e+00 1.1749e+00
18135 -1.3359e+00 1.6580e+00 3.7543e+00
18136 -3.8082e+00 2.0727e+00 1.4015e+00
18137 -5.5753e+00 -6.4654e-01 4.5220e+00
18138 -5.7965e+00 -1.3560e+00 1.1561e+00
18139 -1.6309e-01 1.1505e+00 2.0069e+00
18140 4.7390e+00 -2.9962e+00 5.2290e+00
18141 -1.7553e+00 4.1498e+00 2.8274e+00
18142 -1.3447e+00 2.0521e+00 4.0808e+00
18143 1.5618e+00 3.3858e+00 3.9811e+00
18144 2.3935e+00 -4.6952e+00 5.8639e-01
18145 -2.5944e+00 -3.4745e+00 5.7465e+00
18146 -3.7876e+00 -5.7412e+00 5.1979e+00
18147 -3.0999e+00 8.6987e-01 1.0278e+01
18148 3.7378e-01 -1.5120e+00 5.1067e+00
18149 -3.1145e+00 1.2897e+00 9.2240e-01
18150 -3.0261e+00 1.0646e-01 4.0252e+00
18151 3.8534e+00 -5.5537e+00 -2.7529e+00
18152 -6.4334e+00 1.3776e+00 5.6137e+00
18153 -3.6524e-01 -2.0867e+00 -2.2219e+00
18154 -7.9048e-01 -6.4715e+00 7.2712e+00
18155 -1.2296e+00 5.6393e+00 2.5059e+00
18156 -2.6312e+00 -7.5917e+00 -1.5433e-01
18157 2.1031e+00 -1.3432e+00 3.8326e-01
18158 -4.5958e+00 3.0243e-01 3.6551e+00
18159 -6.2748e+00 -1.9053e+00 8.8027e+00
18160 -3.1326e+00 1.2551e+00 1.2825e+00
18161 -2.4321e+00 8.4911e-01 2.6142e+00
18162 -4.6920e+00 -5.6981e+00 9.8710e+00
18163 -1.9374e+00 -4.8477e+00 2.3484e+00
18164 -2.1220e+00 2.7917e+00 3.7904e+00
18165 -2.3566e-01 -9.2762e-01 -1.8726e+00
18166 -3.1639e+00 -4.9726e+00 3.6150e+00
18167 9.4426e-01 -5.1813e+00 -1.3109e+00
18168 -3.4726e+00 -1.3445e+00 1.2211e+01
18169 -1.7099e+00 -3.9458e+00 7.1871e-01
18170 -3.2571e+00 -3.1353e+00 7.4913e+00
18171 1.0515e+00 -2.5393e+00 4.9781e-01
18172 -3.2281e-01 -5.4231e+00 4.9555e+00
18173 -4.6543e-01 -6.8305e+00 6.5368e+00
18174 6.0730e-01 -3.7918e-01 -7.5712e-01
18175 -1.6125e+00 1.7934e+00 4.9670e+00
18176 -2.2725e+00 -2.8433e+00 7.5144e-01
18177 -4.5212e-02 4.9927e+00 4.8454e+00
18178 -5.0987e+00 -6.2773e+00 1.2494e+01
18179 -4.2284e+00 -2.6417e+00 2.1811e+00
18180 1.6770e+00 1.7514e+00 -1.2967e+00
18181 -2.3989e+00 1.2982e+00 1.0047e+01
18182 2.6863e+00 -2.9910e+00 6.8021e+00
18183 3.6075e+00 5.9011e-01 1.9183e+00
18184 -3.0092e+00 2.9399e+00 8.3081e-01
18185 -2.2384e+00 -6.1292e+00 4.9813e+00
18186 1.9695e+00 -3.5545e+00 5.7837e+00
18187 -3.3590e+00 -5.5102e-01 4.5276e+00
18188 2.1837e+00 -5.4368e+00 1.2730e+01
18189 -7.5998e-02 2.0374e+00 -7.8552e-01
18190 -6.8758e+00 -3.9569e+00 8.9451e+00
18191 5.0924e+00 -5.9987e+00 2.6718e+00
18192 1.2111e+00 1.0886e+00 -1.5137e+00
18193 -3.1341e+00 1.3543e+00 1.1938e+00
18194 1.6111e+00 -5.4273e+00 2.3453e+00
18195 -4.1352e+00 4.0422e-01 7.7454e+00
18196 1.9918e+00 -1.4203e+00 5.5718e+00
18197 -4.7961e-01 1.1271e+00 1.9138e+00
18198 -2.3595e+00 -1.7128e+00 3.4664e+00
18199 -2.3298e+00 -1.8751e+00 6.7472e+00
18200 -3.0016e+00 -6.0228e+00 4.0746e+00
18201 -3.4797e+00 -2.0343e+00 -1.2875e+00
18202 4.9825e+00 -6.1460e+00 4.7941e+00
18203 6.2865e+00 9.8096e-01 3.2524e+00
18204 -2.3690e+00 3.4774e-01 1.7650e+00
18205 -6.3591e+00 3.8740e+00 9.8334e+00
18206 5.6638e-01 -2.7386e+00 3.7635e+00
18207 1.7496e+00 6.5668e-01 2.0338e+00
18208 -7.3869e+00 -4.1446e+00 4.6292e+00
18209 -6.3049e-01 2.6952e+00 8.3274e+00
18210 -5.0945e+00 -1.2097e+00 1.2989e+00
18211 -3.3953e+00 2.0709e+00 7.2495e+00
18212 -2.5457e+00 -7.3427e+00 -9.6008e-01
18213 -1.6640e+00 5.2802e+00 2.3778e+00
18214 2.6820e+00 -3.9762e+00 2.6503e+00
18215 -2.7798e+00 4.9187e+00 3.4632e+00
18216 6.9184e-02 3.0531e+00 7.2563e+00
18217 -5.3207e+00 -3.3330e+00 5.2343e+00
18218 -4.6453e-01 -2.6579e+00 -1.0813e+00
18219 3.7640e+00 -3.3672e+00 2.2338e+00
18220 4.6913e+00 -5.2992e-02 -4.1845e+00
18221 2.1564e+00 -3.3699e+00 6.9832e+00
18222 1.9031e+00 -6.2688e+00 4.7597e+00
18223 5.8897e+00 -1.1707e+00 -4.8711e+00
18224 -2.9808e-01 1.9278e+00 6.2597e+00
18225 4.1396e+00 -3.4927e+00 -3.6745e+00
18226 -1.9739e+00 -1.0015e-01 -1.1814e+00
18227 1.4521e-01 6.1999e+00 5.5840e+00
18228 -5.3071e-01 -6.1079e+00 4.3747e+00
18229 6.3329e-01 1.9481e+00 3.9683e+00
18230 2.1934e+00 -4.8433e+00 -6.6222e+00
18231 4.7106e-01 3.8646e+00 8.9884e+00
18232 1.0613e+00 2.3014e+00 1.0643e+01
18233 2.6368e+00 -2.3292e+00 3.1343e+00
18234 7.3416e+00 -6.6652e+00 5.8848e+00
18235 -1.0951e+00 3.1745e-01 -2.4503e+00
18236 -2.1023e+00 -2.9933e+00 5.9254e+00
18237 -4.0780e-01 -2.4715e-02 7.0079e+00
18238 -4.7735e+00 -1.1901e+00 1.0601e+00
18239 -2.8906e+00 -2.4467e+00 -1.9797e+00
18240 -7.4163e-01 7.4204e-01 3.5938e-01
18241 -7.9069e+00 -2.4308e+00 6.0803e+00
18242 1.7341e+00 -3.7481e+00 4.4069e+00
18243 -2.3478e+00 -4.0927e+00 6.0015e+00
18244 -2.7129e+00 -7.1938e+00 -1.5828e+00
18245 -1.3104e+00 -1.0942e+00 2.4199e+00
18246 -1.7449e+00 -5.7434e+00 1.4099e+00
18247 1.4398e+00 -3.5667e+00 1.4585e+00
18248 2.0676e+00 -1.8488e+00 1.9327e+00
18249 -3.3979e+00 2.8305e+00 5.2419e+00
18250 -2.6330e-01 4.5989e+00 3.7820e+00
18251 1.5616e+00 -5.6343e+00 1.2512e+00
18252 -3.6401e+00 7.0958e-01 -2.6833e+00
18253 -4.4841e-01 9.2396e-01 3.5046e+00
18254 -1.8447e+00 6.3898e+00 6.7502e+00
18255 7.0692e+00 -3.3347e+00 9.4393e+00
18256 3.7702e+00 -1.8965e+00 9.3714e+00
18257 -2.3138e+00 -6.8465e+00 3.6374e+00
18258 -5.2565e+00 -1.2139e+00 -5.6010e+00
18259 4.2544e+00 -2.2237e+00 5.1055e+00
18260 -6.5416e+00 -5.9257e+00 -1.2561e+00
18261 -5.1321e+00 -4.0092e-01 3.9766e+00
18262 -8.8547e-01 -6.1628e+00 2.4023e+00
18263 -1.3570e+00 3.7940e+00 4.3876e+00
18264 9.7404e-01 -1.5330e+00 -3.0038e+00
18265 1.0941e+00 -9.2204e-01 6.2871e-01
18266 -2.0646e+00 -3.7669e+00 6.1299e+00
18267 -3.6875e-01 -2.4752e+00 1.2362e+00
18268 1.3351e+00 -4.1119e+00 9.0151e+00
18269 -8.0383e-01 4.5801e+00 6.6553e-02
18270 1.7468e+00 -5.6819e+00 1.1485e+00
18271 2.5244e+00 5.3281e+00 6.3897e+00
18272 1.9401e+00 -6.1267e+00 3.7369e+00
18273 -4.5410e-01 2.3233e+00 2.0313e+00
18274 -7.3374e-01 -5.9342e+00 5.4451e+00
18275 1.3674e+00 -4.9888e+00 8.4146e-01
18276 6.4241e+00 -3.5016e+00 -1.3791e+00
18277 -1.3957e+00 -6.3320e+00 6.1908e+00
18278 -3.4820e+00 -6.0132e+00 -3.0547e+00
18279 -9.9054e-01 -2.0124e+00 -3.2931e-01
18280 1.1321e+00 -1.7010e-01 -3.0627e+00
18281 -4.5225e+00 5.0067e+00 2.4718e+00
18282 2.9357e-01 -4.2983e+00 -1.4222e+00
18283 1.7231e-02 -3.3689e+00 6.3084e+00
18284 -1.9525e+00 1.3947e-02 4.8288e+00
18285 -4.3883e+00 -7.6934e-01 1.0038e+00
18286 -4.7483e+00 -5.0469e+00 7.5738e+00
18287 2.9810e+00 9.4943e-01 2.2739e+00
18288 -1.3814e+00 -5.2679e+00 3.6962e+00
18289 -9.3952e-02 -9.2680e-01 5.9883e+00
18290 1.1525e+00 7.0025e-01 1.8538e+00
18291 -3.7897e+00 -2.7575e+00 3.0550e+00
18292 -2.0496e+00 -3.9672e+00 6.5665e+00
18293 4.1201e+00 2.8059e+00 3.1315e+00
18294 -4.8906e+00 -2.1269e+00 1.0019e+00
18295 -1.9790e+00 4.6490e+00 5.7065e+00
18296 -3.9115e+00 4.2762e+00 9.3707e+00
18297 -1.2969e+00 -4.1463e+00 3.4325e+00
18298 2.3179e+00 1.9980e+00 3.3366e+00
18299 3.3410e+00 4.9759e+00 9.0799e+00
18300 -4.4549e-01 3.5329e+00 2.9822e+00
18301 -1.8968e+00 -6.0462e+00 -1.1926e+00
18302 -6.4103e-01 -8.8450e+00 9.2340e+00
18303 -3.8266e+00 4.0880e+00 2.1446e+00
18304 -1.4047e+00 1.6472e+00 3.4402e+00
18305 -2.2381e+00 -5.5251e+00 4.4152e+00
18306 -4.8723e+00 1.8652e+00 3.5922e+00
18307 -4.3137e+00 1.7171e-01 3.2472e+00
18308 -3.0374e+00 -2.7739e+00 1.0721e+01
18309 2.2874e+00 1.8791e+00 -6.0740e-01
18310 -2.8096e+00 -4.2227e+00 9.6750e+00
18311 4.2495e+00 4.3809e-01 4.3944e+00
18312 -1.7880e+00 2.4637e+00 1.0077e+01
18313 -1.1203e+00 2.0566e+00 6.8139e+00
18314 -3.0317e+00 6.1338e-01 -5.3829e+00
18315 6.1148e+00 -3.0775e+00 -3.6073e-01
18316 1.1929e+00 -1.3529e+00 5.4422e+00
18317 -4.8094e+00 -3.6764e+00 2.0185e+00
18318 1.3074e+00 -5.3519e+00 4.5877e-01
18319 -5.5183e-01 -2.8617e+00 9.6012e-01
18320 -3.2177e+00 -1.8341e+00 1.0021e+01
18321 7.4961e-01 -6.8017e-01 7.4163e+00
18322 -2.6673e+00 -3.0140e+00 1.0698e+01
18323 -4.5885e-01 2.5567e+00 7.8564e+00
18324 -1.9729e+00 -6.9064e+00 1.6065e+00
18325 -2.6077e+00 7.8860e-01 -6.6637e-01
18326 -3.8601e+00 -2.3632e+00 6.6322e+00
18327 -1.8440e+00 1.5184e+00 7.6283e+00
18328 -2.5554e+00 2.3079e+00 6.5077e+00
18329 4.2258e-01 1.3807e+00 3.8279e+00
18330 -3.7280e+00 3.2918e+00 9.2712e-01
18331 2.9685e-01 -4.5782e-02 1.1752e+01
18332 -2.8233e+00 -5.8547e+00 -1.9361e+00
18333 -3.0513e+00 1.9425e+00 9.7311e+00
18334 4.9121e+00 -4.9738e+00 4.2235e+00
18335 -3.5230e-01 -3.5733e+00 5.9757e+00
18336 -4.2307e-01 -7.2563e-01 -3.3483e+00
18337 -1.4173e+00 -5.5713e+00 4.5976e+00
18338 4.0925e+00 -6.1934e+00 7.5792e+00
18339 -1.5137e+00 -2.7020e+00 4.5369e+00
18340 -2.5706e+00 2.3229e+00 2.5580e+00
18341 1.3025e+00 -1.7448e+00 8.4898e+00
18342 2.0801e+00 -2.9585e+00 -4.8114e-01
18343 -3.6580e+00 -9.9935e-01 2.2488e-01
18344 1.5294e-01 -3.5631e+00 7.9473e+00
18345 6.5213e+00 -1.2006e+00 6.6908e+00
18346 8.4217e-01 -5.4950e+00 5.0241e+00
18347 2.9973e+00 -2.8848e-01 3.0299e+00
18348 2.0336e+00 1.6124e+00 6.4774e+00
18349 -3.2120e+00 1.5202e+00 3.3683e+00
18350 -4.2315e+00 -4.6936e+00 1.9636e+00
18351 5.1182e+00 -2.8068e+00 4.7859e+00
18352 -1.1668e+00 2.6482e+00 4.2053e+00
18353 -2.0202e+00 2.2945e+00 2.3594e+00
18354 5.0532e-01 -2.5371e+00 -2.1557e+00
18355 4.5622e-01 -7.8709e+00 6.1437e+00
18356 1.3168e+00 -6.5854e+00 -4.8333e+00
18357 -1.9824e+00 9.5189e-01 8.6221e+00
18358 1.4546e+00 -4.3014e+00 -2.8667e-01
18359 -4.7289e+00 1.2226e+00 8.7120e+00
18360 -1.7875e+00 3.3029e+00 1.4506e+00
18361 3.6648e+00 2.2878e-01 2.0093e+00
18362 -2.5047e+00 -6.2816e-01 1.4477e+00
18363 -2.3639e+00 -4.1106e+00 6.9547e+00
18364 -4.2013e+00 -5.0865e+00 5.3663e-01
18365 -4.5288e+00 -1.3452e+00 1.0095e+01
18366 -5.2222e+00 -5.6596e+00 9.4287e+00
18367 -5.7383e-01 -4.9966e+00 4.3222e+00
18368 -2.9348e+00 -4.2933e+00 6.0287e+00
18369 -6.0732e+00 -4.0115e+00 3.9683e+00
18370 2.1834e+00 -3.8289e+00 3.0648e+00
18371 5.0184e-01 -2.1457e+00 3.3063e+00
18372 1.9308e-01 -1.9903e+00 8.3238e-01
18373 3.0255e-01 -9.2434e-02 -2.3486e+00
18374 3.9684e+00 -5.7841e+00 3.5500e+00
18375 -4.4490e-01 -5.7637e+00 7.4014e+00
18376 -4.7752e+00 -2.7211e+00 1.0770e+01
18377 -5.7308e+00 -1.1869e+00 4.8365e-01
18378 -3.7948e+00 -2.1683e+00 3.3007e+00
18379 6.8562e+00 -2.8377e+00 2.4470e+00
18380 7.8944e-01 -4.4974e+00 1.0090e+01
18381 3.2290e-01 -7.7691e-01 6.4985e+00
18382 1.5420e+00 -4.2696e+00 5.7883e+00
18383 1.8405e+00 2.7686e+00 1.0961e+01
18384 -8.0017e-01 -2.4888e+00 6.7862e+00
18385 -3.2597e-01 1.8198e+00 3.3048e+00
18386 1.0164e+00 2.7852e+00 5.5201e-01
18387 -1.1054e+00 1.5502e+00 1.5805e-01
18388 -4.7854e-01 -4.8400e+00 3.7516e-02
18389 1.3231e+00 -6.1030e+00 -3.4992e+00
18390 -1.4181e+00 -3.4696e+00 4.0416e+00
18391 1.2114e+00 -1.8791e+00 2.4511e+00
18392 3.1205e+00 -2.2390e+00 4.5468e+00
18393 2.3922e-01 -2.2592e+00 3.5540e+00
18394 -2.2045e-01 8.0310e-01 5.7761e+00
18395 1.5892e+00 -4.1706e+00 8.4611e+00
18396 -4.8640e+00 3.9933e+00 1.9985e+00
18397 -5.6950e-02 -1.3809e+00 -1.9039e+00
18398 1.6807e+00 -4.0944e+00 -3.3313e+00
18399 -1.7974e+00 -4.8972e+00 1.4026e+00
18400 6.4750e-01 -5.4410e+00 -7.5444e-01
18401 -1.3563e+00 -4.3442e+00 4.4824e+00
18402 -3.8092e+00 8.5469e-01 3.8258e+00
18403 -6.6152e+00 7.7783e-01 4.0906e+00
18404 -5.6747e+00 -1.2256e+00 3.1900e+00
18405 -3.0537e+00 3.6828e+00 5.1972e+00
18406 -9.6941e-01 -3.9215e+00 -4.7527e+00
18407 7.6583e-01 -2.2095e+00 8.0002e+00
18408 1.2090e+00 -3.1502e+00 -3.0435e-03
18409 -2.9589e+00 3.7152e+00 3.6913e+00
18410 -1.9445e+00 -4.2377e+00 5.0813e+00
18411 -3.5422e+00 -5.7647e+00 -1.2104e+00
18412 -2.0793e+00 -3.0711e+00 4.5336e+00
18413 -3.5228e+00 -6.4869e+00 4.6800e+00
18414 -4.6918e-01 -1.2888e+00 7.1490e+00
18415 3.3438e+00 -6.9031e+00 5.4804e+00
18416 -3.0094e+00 -4.0234e+00 7.9846e+00
18417 6.1517e+00 -1.1770e+00 7.2664e+00
18418 -6.4211e+00 2.2671e+00 2.3577e+00
18419 3.9318e-01 1.2836e+00 8.2556e+00
18420 2.3829e+00 8.6498e-01 6.7654e-01
18421 -1.1189e+00 -4.6097e+00 1.0784e+01
18422 -8.7509e-01 -3.8946e+00 5.5068e+00
18423 -5.1912e+00 -3.6294e+00 1.0068e+00
18424 5.6202e-03 3.2255e+00 8.1852e+00
18425 1.0013e+00 3.0874e+00 5.2248e+00
18426 -1.0464e+00 -8.0852e-01 9.7963e+00
18427 -5.3146e-01 1.3969e+00 7.4241e+00
18428 -7.9119e-01 3.3307e+00 1.0372e+00
18429 3.2730e-01 1.3991e+00 9.1435e+00
18430 -1.8561e+00 -3.0660e+00 -2.3319e+00
18431 8.4848e-01 3.0111e+00 -3.9426e+00
18432 -3.2443e+00 2.6969e+00 2.1985e+00
18433 7.6245e-01 -4.4799e+00 -1.2176e+00
18434 -5.1842e-01 -7.0173e+00 -7.8870e-02
18435 1.2041e+00 2.7185e+00 2.3608e+00
18436 1.5233e+00 -1.2939e+00 5.2521e+00
18437 4.5728e+00 -3.4646e+00 4.8019e+00
18438 1.9691e+00 -1.6141e+00 -7.7131e-01
18439 2.5636e+00 -5.5639e+00 2.2645e+00
18440 3.9171e+00 6.3744e-01 1.0214e+01
18441 -4.4285e+00 -3.6997e+00 2.3671e+00
18442 2.4177e+00 -4.2921e+00 6.4573e-01
18443 4.3702e+00 -2.2328e+00 1.1293e+01
18444 -1.7698e+00 -4.8857e+00 4.3146e+00
18445 -6.1863e+00 2.1291e+00 5.3044e+00
18446 5.8936e-01 -3.0081e+00 9.6684e+00
18447 -1.6335e+00 1.0389e-02 5.2631e+00
18448 8.5074e-01 1.0417e+00 -9.1980e-01
18449 -3.3645e+00 -8.4154e-01 2.5945e+00
18450 4.9996e+00 -5.4885e+00 2.7564e-01
18451 -1.2896e+00 -2.2690e+00 -9.7013e-01
18452 -1.9937e+00 -8.1927e+00 2.2785e+00
18453 -2.6063e+00 -2.3589e+00 5.7037e+00
18454 1.6814e+00 3.1138e+00 8.0148e+00
18455 -1.9753e+00 4.2023e-02 4.3760e+00
18456 1.7759e+00 2.6269e+00 1.5527e-01
18457 1.8300e+00 -3.6024e+00 4.1226e+00
18458 -2.9991e+00 -2.1064e+00 8.9373e-01
18459 -2.9073e+00 2.5130e+00 2.3159e+00
18460 3.1458e+00 -4.2636e+00 3.7054e+00
18461 -5.1690e+00 -1.9078e+00 -1.1068e+00
18462 -2.7161e-01 2.4060e-02 3.8468e+00
18463 2.2304e+00 -2.0586e+00 -1.2862e+00
18464 7.4021e-01 -2.0812e+00 3.6736e+00
18465 -2.0378e-02 -4.0913e-01 1.3396e+00
18466 3.9514e-01 -3.0158e+00 3.1679e+00
18467 -8.3600e-01 -2.2643e-01 3.1115e+00
18468 -7.1924e+00 -4.4623e+00 -5.8106e+00
18469 -1.2794e+00 -1.4608e+00 5.3744e+00
18470 -1.0215e+00 -9.7319e-01 2.4680e+00
18471 6.1031e+00 -8.7327e+00 3.1782e+00
18472 -2.2499e+00 2.8320e+00 1.0093e+00
18473 1.6270e-01 -3.0295e+00 4.8228e+00
18474 -3.3218e+00 -1.2750e+00 -6.1277e+00
18475 2.6376e+00 -5.9177e+00 -3.3152e+00
18476 -3.5463e-01 3.2302e+00 2.5305e+00
18477 1.9560e+00 -4.6313e+00 8.6010e+00
18478 -4.2115e+00 2.5337e+00 2.3467e+00
18479 -5.2116e+00 -3.0337e+00 6.2321e+00
18480 -1.5171e+00 -4.2621e+00 1.3243e+01
18481 -6.7529e-01 7.7119e+00 2.5734e+00
18482 1.7431e+00 -5.9119e+00 6.0732e+00
18483 -4.7785e+00 -1.3804e+00 1.1942e-01
18484 1.7232e+00 -5.1465e+00 2.1018e+00
18485 -4.7460e+00 -1.1335e-01 6.3976e+00
18486 -8.0971e-02 2.9800e+00 2.3026e+00
18487 -2.6427e+00 1.4794e+00 -3.3332e-02
18488 -4.4560e-01 -6.4813e+00 4.8973e+00
18489 -2.1983e+00 -1.7730e+00 -2.9316e+00
18490 -7.3489e-01 1.9261e+00 8.6984e+00
18491 -5.0235e+00 -9.2907e+00 2.1143e+00
18492 -2.6388e+00 1.4721e+00 4.7981e+00
18493 -5.6096e+00 1.5217e+00 5.0460e+00
18494 -1.4917e+00 -6.5820e-01 -3.2760e+00
18495 3.4395e+00 -2.4442e+00 1.0621e+00
18496 -1.4933e+00 -1.5721e-01 2.8217e+00
18497 1.6397e+00 6.3166e-01 9.8097e+00
18498 2.2878e+00 -6.1478e-01 -6.6179e-01
18499 4.5400e+00 -6.7798e+00 -3.2689e+00
18500 -3.1361e+00 -3.8088e+00 3.4061e+00
18501 -8.2815e-01 4.2208e+00 1.0777e+01
18502 2.6295e+00 -8.8247e-01 8.2715e-02
18503 -1.3136e+00 -1.7781e+00 4.1555e+00
18504 -4.1726e-01 -6.8386e+00 1.1376e+01
18505 -1.4864e-01 -4.0985e-01 5.3014e+00
18506 -3.0955e+00 -4.2716e+00 -8.3446e-01
18507 4.0748e+00 2.0734e-01 9.3773e-01
18508 -5.7362e+00 1.2112e+00 4.3367e+00
18509 -5.0989e+00 -2.4697e+00 7.4463e-01
18510 1.2127e+00 1.0778e+00 7.0339e+00
18511 1.2619e+00 -6.6134e+00 8.5337e+00
18512 -1.9548e+00 -4.3613e+00 2.7754e+00
18513 -2.3101e+00 -1.0870e+00 8.9958e+00
18514 -2.8205e+00 -1.3482e+00 8.3294e+00
18515 4.9466e-01 8.3655e-01 2.3575e+00
18516 -2.5599e+00 -5.9395e+00 7.0078e+00
18517 2.8170e+00 -7.1039e-01 6.9122e-01
18518 -4.7604e+00 -1.1860e+00 5.2505e+00
18519 -2.4389e+00 -2.9892e+00 5.7591e+00
18520 5.1307e-01 2.2045e+00 -3.2900e+00
18521 2.0688e-01 5.3535e+00 9.0089e+00
18522 6.1022e-01 1.6829e+00 9.3463e+00
18523 -2.5633e-01 -7.8052e+00 4.9273e+00
18524 1.8881e+00 3.6954e+00 4.6943e+00
18525 2.6827e+00 2.1964e+00 4.2788e+00
18526 3.0175e+00 -5.1075e+00 5.7753e+00
18527 -3.8882e-01 -7.0498e+00 -2.8583e+00
18528 2.6945e-01 -2.4449e+00 1.6519e+00
18529 2.6323e+00 -1.1817e+00 1.8750e+00
18530 -2.9641e+00 -9.1195e-01 6.1626e+00
18531 -5.0168e+00 -3.0660e+00 6.4925e+00
18532 -4.2306e+00 -1.9874e+00 7.1352e+00
18533 2.2847e+00 -9.1141e-04 7.4607e+00
18534 -3.2670e+00 -2.1653e+00 6.4339e+00
18535 -1.4650e+00 -8.1484e+00 2.9476e+00
18536 -6.6276e-01 3.7613e+00 8.3677e+00
18537 1.8000e-01 4.3072e-01 -2.6733e+00
18538 -4.8326e+00 -8.1785e+00 1.7861e+00
18539 -2.1504e+00 3.7219e+00 7.1609e+00
18540 -1.5184e+00 -1.9151e+00 2.0796e+00
18541 2.5143e+00 -2.0425e+00 -4.3930e+00
18542 -1.6653e+00 -6.0222e+00 -3.7684e-01
18543 1.7545e-01 -1.0495e+00 -4.3453e-01
18544 -6.2868e+00 -1.1570e+00 4.1266e+00
18545 -1.9018e+00 -3.9569e+00 4.9557e+00
18546 2.5750e+00 -5.2451e+00 2.6657e+00
18547 -9.8840e-01 2.2262e+00 -4.0384e+00
18548 -8.0978e-01 -6.4251e+00 4.6508e-01
18549 -9.5138e-01 2.5847e+00 1.9719e+00
18550 -1.3310e+00 -1.4335e+00 7.4777e+00
18551 5.1891e+00 1.5023e+00 7.4113e+00
18552 -3.0040e+00 1.6079e+00 3.8625e+00
18553 -1.6384e+00 -3.2955e-01 7.9190e+00
18554 3.4931e-01 -1.1891e+00 9.0403e+00
18555 1.3281e-02 -2.7809e+00 -1.9532e+00
18556 7.2087e-02 -1.1368e+00 4.2452e+00
18557 -2.8517e+00 -1.7733e+00 6.9072e+00
18558 -4.8622e+00 -8.9351e-01 6.0974e+00
18559 -5.2407e+00 -4.6140e+00 5.6134e+00
18560 -1.7298e+00 3.4879e+00 8.2252e+00
18561 1.6701e+00 -1.8677e+00 3.7265e-01
18562 -5.8237e+00 -8.2018e+00 2.1055e+00
18563 -3.4915e+00 -1.4850e+00 1.8429e-01
18564 2.6779e+00 -4.5321e+00 9.7262e+00
18565 1.6991e+00 1.9715e-01 1.2587e+01
18566 4.5262e+00 -4.2059e+00 4.6591e+00
18567 -2.0822e+00 -8.0703e-01 2.0835e+00
18568 1.0901e+00 -1.5677e+00 4.1327e+00
18569 -2.9412e+00 2.5704e+00 2.0510e+00
18570 1.2537e+00 -1.1875e+00 1.1781e+01
18571 -1.8568e+00 -8.0897e+00 1.3147e+00
18572 -2.2757e-01 -1.4158e+00 7.9318e+00
18573 -1.7322e+00 3.6497e+00 1.7349e+00
18574 -7.0485e+00 -1.9977e+00 6.5111e+00
18575 1.5491e+00 -3.4759e+00 2.2667e-01
18576 -4.9117e+00 -3.2076e+00 8.3333e+00
18577 -2.3278e+00 -7.1381e+00 -7.8417e-01
18578 -5.5352e-01 -1.6260e-01 8.3100e+00
18579 -4.1533e+00 -4.3739e+00 1.1690e+00
18580 -1.7211e+00 -6.9649e+00 8.2502e+00
18581 -6.4459e+00 -1.1615e+00 1.1908e+00
18582 -4.1555e+00 -1.4099e+00 8.8877e+00
18583 -4.6351e+00 2.5402e+00 1.0170e+01
18584 2.3179e+00 5.7334e-01 -3.7068e-01
18585 -1.1044e-01 1.9653e+00 8.0545e-01
18586 -3.5302e+00 -1.6258e+00 -3.8170e+00
18587 -3.8590e+00 1.2736e+00 4.0259e+00
18588 -1.8060e+00 -1.3925e+00 -1.9368e+00
18589 -2.5980e+00 -3.9302e+00 -2.1403e+00
18590 1.6839e+00 -1.0347e+00 5.4987e+00
18591 5.9328e-02 -5.1957e+00 5.9529e+00
18592 -7.1853e+00 4.1770e+00 4.7069e+00
18593 -5.7021e+00 -3.0025e+00 4.2615e+00
18594 -3.5895e+00 3.6739e+00 -1.2228e+00
18595 -9.6165e-01 -3.1384e+00 4.2170e-01
18596 -2.4584e+00 2.1120e+00 9.4187e+00
18597 4.7980e-01 -3.3348e+00 1.7221e+00
18598 2.2245e+00 -4.0560e+00 8.5868e+00
18599 -2.5848e+00 2.0589e+00 -4.1940e-01
18600 -6.5656e+00 -5.1906e+00 -1.8187e+00
18601 -7.4552e+00 2.0647e+00 7.1278e+00
18602 -1.6571e+00 3.9596e+00 1.1169e+01
18603 7.4165e-02 1.3795e+00 1.0664e+00
18604 9.4184e-01 -5.7332e+00 -3.6046e+00
18605 -1.8352e-01 -7.2672e+00 -5.0173e+00
18606 -7.1307e-01 -4.4208e+00 2.4947e+00
18607 -1.8049e+00 1.8876e+00 1.0942e+00
18608 -5.7687e+00 2.5874e+00 7.8692e+00
18609 2.1607e+00 -9.9611e-01 2.4473e+00
18610 -7.9380e-02 1.3096e+00 3.1472e+00
18611 3.7193e+00 6.9510e-01 3.6687e+00
18612 9.8421e-03 -1.0138e-01 3.6205e+00
18613 8.4354e-02 -3.9414e+00 5.1704e+00
18614 -2.7736e+00 -3.6096e+00 6.3362e+00
18615 -4.8977e-01 -2.4472e+00 4.7249e+00
18616 1.3181e+00 -4.0086e-01 9.1838e-01
18617 1.0753e+00 -1.1948e+00 -5.6396e-01
18618 -2.7783e+00 -8.9604e-01 1.3876e+00
18619 -3.7576e+00 -2.4144e+00 3.8870e+00
18620 -3.1551e+00 3.3131e+00 3.5851e+00
18621 1.0046e-01 4.3710e+00 3.2604e+00
18622 -3.3197e+00 -5.3495e+00 1.8958e+00
18623 -2.8227e+00 1.6772e+00 2.3050e+00
18624 -7.9449e+00 4.5107e+00 2.0781e-01
18625 1.1170e+00 -4.6544e+00 7.1376e-01
18626 -2.9079e+00 -3.4893e+00 -2.5000e+00
18627 -2.6246e+00 -4.5684e+00 4.0226e+00
18628 8.7539e-01 -5.6836e+00 8.4147e+00
18629 -4.7611e+00 -4.1209e+00 3.4958e+00
18630 -6.0459e+00 7.8274e-01 -1.0140e+00
18631 -5.2387e+00 -7.7622e-01 2.2289e+00
18632 5.8592e+00 -5.9845e+00 2.7379e+00
18633 1.5026e+00 -1.9095e+00 4.7594e+00
18634 -2.5829e+00 1.1471e+00 1.3555e+00
18635 -2.2091e+00 -6.4622e+00 1.8403e+00
18636 -5.5066e+00 -8.9610e+00 5.6976e+00
18637 4.9630e+00 -2.8849e+00 -2.4394e+00
18638 8.1167e-01 3.9559e+00 2.1386e+00
18639 -7.8406e-01 -7.5038e+00 -1.8705e+00
18640 4.3838e-02 -1.5506e-01 9.4198e-01
18641 -1.7074e+00 -2.9504e+00 3.9263e+00
18642 -2.8916e+00 -8.1979e+00 9.3320e-01
18643 1.7650e+00 3.0713e+00 2.5387e+00
18644 -5.4310e-01 -2.5340e+00 6.2142e+00
18645 2.6439e+00 1.3941e+00 3.2062e+00
18646 -3.5023e-01 -2.0403e+00 3.5994e+00
18647 1.9278e+00 3.5220e-01 5.4899e+00
18648 -2.4184e-01 -1.3125e+00 5.7012e+00
18649 -2.2209e+00 2.0829e+00 -1.6666e+00
18650 -1.1819e+00 1.5084e+00 6.3665e+00
18651 -2.3289e+00 -1.2551e+00 4.5543e+00
18652 2.3852e+00 -1.1225e+00 2.6325e+00
18653 2.0007e+00 -6.7385e+00 4.6949e+00
18654 -2.7219e+00 -6.7257e+00 3.5529e+00
18655 -9.2494e-01 1.7734e+00 4.0950e+00
18656 3.8392e+00 2.0371e-01 -2.5232e+00
18657 -3.8478e+00 1.4396e+00 7.4375e+00
18658 -3.9366e+00 3.2789e+00 9.7503e+00
18659 -6.0511e-01 -6.3365e+00 -2.4385e+00
18660 -5.5338e+00 1.1313e+00 -2.2133e+00
18661 -2.8851e-01 -4.6003e+00 5.3621e+00
18662 -2.3557e+00 -8.0253e+00 2.0157e+00
18663 -1.7059e+00 -6.0359e+00 -1.1023e+00
18664 1.4396e+00 -7.9118e-02 5.8486e+00
18665 -3.1083e+00 -2.7034e+00 1.8445e+00
18666 8.4795e-01 7.1730e-01 3.5916e+00
18667 -1.1985e+00 3.1119e+00 1.1536e+00
18668 -3.3758e+00 -8.0328e+00 4.4050e-01
18669 -5.7014e+00 -1.7568e-01 9.4130e+00
18670 -1.8396e+00 -4.6583e+00 5.1091e+00
18671 2.9590e+00 -4.0642e+00 5.5591e+00
18672 -3.4964e+00 -6.7410e+00 1.0586e+01
18673 -4.7907e+00 5.5851e+00 1.9566e+00
18674 -1.6606e+00 -1.3525e+00 1.1115e-01
18675 -7.1453e+00 -4.6540e+00 7.2562e+00
18676 -1.3570e+00 -5.7688e+00 6.2495e+00
18677 -2.2186e-01 4.3023e+00 8.7621e+00
18678 -2.4591e+00 -5.8107e-01 4.4405e+00
18679 -5.1790e+00 -6.2371e-01 -3.3097e+00
18680 3.9114e-01 1.1946e+00 3.2205e+00
18681 6.3337e-01 -5.8752e+00 -6.1903e-01
18682 -7.2079e-01 -5.1968e+00 -3.6292e-01
18683 -1.3498e+00 -1.2980e+00 8.0123e+00
18684 4.3580e-01 -6.2306e+00 8.9858e+00
18685 -3.9484e+00 4.9671e-01 1.2131e+01
18686 1.3802e+00 -9.3488e+00 9.7253e+00
18687 -1.0732e+00 1.8276e+00 6.6296e+00
18688 2.5367e+00 -7.3708e-02 4.2343e+00
18689 -2.4039e+00 -6.8371e-01 1.6016e+00
18690 3.0922e+00 4.8402e-01 6.8176e+00
18691 9.1383e-01 -3.5966e+00 7.3720e+00
18692 2.1445e+00 1.1338e+00 9.1374e+00
18693 -1.3591e+00 6.9458e+00 1.0060e+01
18694 1.0333e+00 -6.8460e+00 6.5838e-01
18695 4.4805e+00 2.3641e-02 7.6514e+00
18696 -6.5408e+00 -6.5336e-01 3.3210e-01
18697 -3.1682e+00 -1.7558e+00 1.0433e+01
18698 -8.3037e-01 -2.9630e+00 4.2567e+00
18699 -4.1128e+00 -9.2512e-01 1.5934e+00
18700 3.5617e-01 1.3332e+00 3.8060e+00
18701 -2.4285e+00 2.0078e+00 4.3129e+00
18702 -2.0919e+00 3.5265e+00 2.5214e-01
18703 3.6841e+00 -4.7224e+00 8.7244e-01
18704 -3.1355e+00 -1.9280e+00 1.1090e+01
18705 -5.9389e+00 -7.1118e+00 6.4967e+00
18706 -2.1287e+00 1.4427e+00 7.0360e+00
18707 -1.1599e+00 -1.0296e+00 1.6539e+00
18708 1.0659e-01 3.2911e-01 5.7782e+00
18709 -4.4793e+00 -2.7211e+00 5.6180e-01
18710 -3.7668e+00 4.8188e+00 3.5428e+00
18711 -1.2019e-01 -5.1343e+00 1.8415e+00
18712 -1.2955e+00 3.4569e+00 4.8586e+00
18713 -3.7189e+00 -2.2665e+00 2.7133e+00
18714 -1.5177e+00 3.3601e+00 -3.6267e-01
18715 3.8716e-01 3.9562e-01 1.8077e+00
18716 6.1021e-01 -1.2433e+00 5.1275e+00
18717 2.2289e+00 1.9386e-01 4.2948e+00
18718 -2.1895e+00 -8.9933e+00 -1.8347e+00
18719 2.9842e+00 -3.1305e+00 9.0198e+00
18720 -2.4067e-01 1.0790e+00 1.1799e+01
18721 -2.6721e+00 -1.1713e+00 1.0631e-01
18722 4.1009e-01 -2.8197e+00 6.5879e+00
18723 4.6961e+00 2.7380e+00 2.5447e-01
18724 1.1010e+00 -4.3988e+00 -2.0283e+00
18725 -3.7712e+00 -1.2911e+00 3.0486e+00
18726 -6.7330e+00 2.3221e+00 8.9769e+00
18727 1.5212e+00 -1.3825e+00 1.4913e+00
18728 -2.8538e+00 -1.4846e+00 -6.4710e-01
18729 3.9810e-01 -8.2423e-01 -2.3982e+00
18730 -1.8357e+00 -5.4150e+00 -3.4480e-02
18731 -4.3211e+00 2.8452e+00 4.6494e+00
18732 -4.1763e+00 1.5912e+00 5.2381e+00
18733 9.3831e-01 -2.1926e+00 6.5888e+00
18734 -4.7493e-01 6.8521e-01 1.8526e+00
18735 -1.8513e+00 -5.7504e+00 -2.9397e+00
18736 -3.5841e-01 2.4652e+00 6.9992e-01
18737 1.3388e+00 5.1257e+00 4.9005e+00
18738 -1.0104e-01 -6.5210e+00 -3.8250e+00
18739 1.0608e+00 1.1688e+00 4.5982e+00
18740 -5.4896e-01 -2.8033e+00 4.5679e+00
18741 -6.8809e+00 4.0960e+00 3.7370e+00
18742 -1.6442e+00 -1.9334e+00 -1.5142e-01
18743 1.0538e+00 2.0033e+00 8.9183e+00
18744 8.3405e-01 -5.2047e+00 4.1142e+00
18745 -3.4404e+00 8.2465e-01 3.4331e+00
18746 -2.0473e+00 5.3304e-01 6.1035e+00
18747 3.2761e+00 2.3393e+00 4.5724e+00
18748 -3.5013e+00 -1.7669e+00 4.8576e+00
18749 -2.6168e+00 -3.1115e+00 5.1115e+00
18750 -8.5071e-01 -4.2771e+00 -1.7208e+00
18751 4.3145e+00 -1.6230e+00 1.0033e+01
18752 -1.9079e+00 -1.3481e+00 1.0783e+01
18753 -5.6706e+00 4.4549e+00 3.6362e+00
18754 -1.3322e+00 -1.2972e+00 5.9317e+00
18755 3.8710e+00 -4.0860e+00 -1.0467e+00
18756 1.4212e-01 -3.9136e+00 1.0556e+01
18757 -2.1743e+00 -1.5722e+00 4.0608e+00
18758 -3.8256e+00 -5.5897e+00 9.3502e-01
18759 -2.2468e+00 -3.7161e+00 7.8663e+00
18760 -3.9467e+00 -3.2466e+00 -3.9908e+00
18761 -3.6771e+00 -4.5358e-01 7.2188e+00
18762 -3.9389e+00 -2.6204e+00 4.3697e+00
18763 -5.3635e-02 -4.4878e+00 3.2927e+00
18764 3.8042e-02 -4.8476e+00 8.1787e+00
18765 7.1279e+00 -5.4436e+00 3.8862e+00
18766 -3.7797e+00 3.8972e+00 7.0970e+00
18767 -2.8332e+00 -5.7130e+00 1.6862e+00
18768 -4.8036e+00 -1.6265e-01 4.9813e+00
18769 -4.1767e+00 -2.8445e+00 8.1923e+00
18770 4.7738e+00 8.7515e-01 5.5179e+00
18771 -4.7415e+00 6.5403e-01 6.2274e+00
18772 -1.5061e+00 -5.3058e+00 6.0962e+00
18773 -4.3653e+00 -3.8364e+00 5.0246e+00
18774 -4.6265e+00 -4.7755e-01 3.3661e-01
18775 -3.1058e+00 -7.0678e+00 -1.9105e+00
18776 1.2658e+00 3.5742e+00 5.0478e+00
18777 -6.2165e+00 -2.7716e+00 6.8946e+00
18778 -1.7039e+00 3.9943e+00 6.3454e+00
18779 3.0240e-01 -1.8324e+00 1.9119e+00
18780 -2.7949e+00 -9.3884e+00 4.4602e+00
18781 1.2708e+00 6.5014e+00 9.2832e+00
18782 -4.7809e+00 -1.8378e-01 1.0542e+00
18783 -3.5193e-01 -7.3876e+00 4.8652e+00
18784 -9.3664e-01 -2.5408e+00 3.2690e+00
18785 3.8640e-01 -5.9161e+00 2.7202e+00
18786 -5.3938e+00 -2.7503e-02 1.3412e+01
18787 1.6683e+00 -6.0455e+00 7.2214e+00
18788 2.7940e+00 -4.8283e+00 1.6360e+00
18789 2.5021e+00 -4.5795e+00 2.8898e+00
18790 3.5157e+00 -7.3549e+00 6.0985e+00
18791 -8.1246e-01 -4.9970e+00 4.3966e+00
18792 -2.2457e+00 -6.8978e+00 5.9965e+00
18793 -1.4048e+00 -3.2187e+00 1.0355e+01
18794 6.5406e+00 2.9487e-01 6.7505e+00
18795 2.7246e+00 3.8082e+00 4.9185e+00
18796 5.0538e+00 1.2561e+00 -7.2575e+00
18797 5.5988e+00 -1.9518e+00 5.6463e+00
18798 -3.8124e+00 2.7392e+00 3.8260e+00
18799 -1.8814e+00 -6.1086e+00 5.1356e+00
18800 -2.8443e+00 -2.2163e+00 1.0766e+00
18801 8.2994e-01 8.0488e-01 2.2298e+00
18802 -1.2627e+00 -6.5942e-02 3.5504e+00
18803 8.5443e-01 -4.1612e+00 4.9351e+00
18804 -1.3138e+00 4.7009e-01 8.5742e+00
18805 2.7970e-01 -8.9448e+00 6.3490e+00
18806 -8.5849e-01 -8.9568e-01 1.1059e+01
18807 -1.2850e-01 6.9004e-01 1.1319e+01
18808 2.8356e+00 -2.2760e+00 2.3740e+00
18809 1.8213e+00 -2.0294e+00 1.1218e+01
18810 -3.1585e-01 -2.1343e+00 8.5265e+00
18811 2.1606e+00 -5.4169e+00 -2.6813e+00
18812 -2.6305e+00 -3.6299e-01 8.4991e+00
18813 7.9692e+00 -3.9473e+00 8.6693e+00
18814 1.0672e+00 -4.0578e+00 8.4082e+00
18815 -6.3934e+00 1.7456e+00 -1.4379e+00
18816 2.7465e+00 -6.7770e+00 1.7189e+00
18817 2.0753e+00 -5.1671e+00 3.4431e+00
18818 -1.5634e+00 1.9385e+00 1.1380e+00
18819 -2.9311e+00 -1.8680e+00 7.0670e+00
18820 -2.0076e+00 4.9374e-01 1.0069e+01
18821 -5.4692e-01 -3.5537e+00 1.2357e-01
18822 -3.5874e+00 -2.7443e+00 -3.4027e+00
18823 -3.0070e+00 -5.5804e+00 3.6923e+00
18824 -6.1173e+00 -2.4173e+00 4.6189e+00
18825 -4.7022e+00 -9.6883e-01 1.5362e+01
18826 -1.9934e+00 1.3112e+00 5.5035e+00
18827 5.4522e-01 -4.6594e-01 1.7227e+00
18828 -3.9294e-01 -3.4734e+00 1.1062e+01
18829 -1.2756e+00 -4.6827e+00 3.0402e+00
18830 -5.6836e+00 -1.2541e+00 3.6171e+00
18831 8.5514e-01 -3.8022e+00 5.1173e+00
18832 -1.1788e+00 5.4813e+00 1.7276e+00
18833 -8.1031e-01 -3.1892e+00 4.5369e+00
18834 2.5865e+00 -5.6720e+00 -5.3430e-01
18835 -1.1803e+00 -2.1259e+00 1.5681e+00
18836 -2.9321e+00 -1.0699e+00 2.8503e+00
18837 1.3744e+00 -3.6126e+00 -2.4597e+00
18838 -6.9407e+00 -3.3006e+00 4.1272e+00
18839 -1.6106e+00 -7.9883e-01 -3.8342e-01
18840 8.1961e-01 -3.5365e-01 1.0121e+00
18841 1.2917e-01 -3.6381e+00 5.8077e+00
18842 2.6846e+00 -3.9546e+00 6.7793e+00
18843 6.9330e-01 8.8518e-01 6.9318e+00
18844 -1.6842e+00 -3.9685e+00 3.7156e+00
18845 -9.4382e-01 1.0525e+00 1.9798e+00
18846 1.2270e+00 1.1171e+00 -8.5436e-01
18847 -6.1531e+00 -3.0318e+00 6.3239e+00
18848 4.1126e+00 -6.8469e+00 -1.0281e+00
18849 2.2326e+00 -4.2649e+00 -3.9104e+00
18850 7.3816e-01 -2.6288e+00 -2.9874e+00
18851 1.9195e+00 -4.3878e+00 1.5464e+01
18852 -4.5607e+00 3.5376e-02 5.1012e+00
18853 2.9458e+00 -1.1706e+00 -2.3964e+00
18854 3.1555e-01 -8.0288e+00 -1.8251e+00
18855 -2.9935e-01 -4.3607e+00 2.7202e+00
18856 -3.5327e+00 -8.2585e-01 6.1910e+00
18857 -5.9960e-01 5.9313e-01 3.1344e+00
18858 -1.4914e+00 -6.5625e+00 5.7568e+00
18859 3.1556e+00 1.7111e+00 -3.0340e+00
18860 -1.4676e+00 2.5407e+00 -4.3161e-01
18861 -1.4256e+00 2.1999e+00 3.8118e+00
18862 -2.9576e-01 -3.1388e+00 6.5352e+00
18863 6.3767e-01 -3.2805e+00 -2.1133e+00
18864 9.8041e-01 2.1640e+00 6.5691e+00
18865 4.2160e+00 -1.4470e-01 -1.2585e+00
18866 1.4775e+00 1.0036e+00 -3.1756e+00
18867 -1.5276e+00 -7.3994e-01 7.1301e+00
18868 4.5216e-01 -3.5788e+00 9.7655e+00
18869 3.9457e+00 -3.4565e+00 6.5164e-01
18870 1.4820e-01 -2.9416e+00 5.1782e+00
18871 -2.4571e+00 -5.9703e-01 7.7168e+00
18872 9.1199e-01 5.5044e-01 2.6747e+00
18873 -3.3329e+00 -5.2912e+00 7.2937e+00
18874 -2.0788e+00 2.2294e-01 3.7342e+00
18875 -1.4078e+00 4.3609e+00 4.6119e+00
18876 -5.1064e-02 -2.7601e+00 4.4651e+00
18877 -3.1329e+00 2.1052e+00 -2.3234e+00
18878 1.8254e+00 -4.2334e+00 1.9356e+00
18879 -4.2993e+00 -1.1699e+00 -1.1623e+00
18880 4.2693e-01 2.8067e+00 1.7843e+00
18881 -3.3086e+00 -7.4876e-02 -1.8572e+00
18882 -8.2413e+00 -4.3276e+00 9.0061e+00
18883 -5.9306e+00 -2.2271e+00 1.8531e+00
18884 -6.4516e-01 -4.6642e+00 4.8086e+00
18885 -2.0355e+00 7.8286e-01 1.6718e-01
18886 5.8521e-01 -7.2979e+00 2.2234e+00
18887 -5.3573e-01 -9.7551e-01 4.7482e+00
18888 -1.0697e+00 9.9346e-01 6.8927e-01
18889 -3.4514e+00 -1.3428e+00 6.1892e+00
18890 -3.9692e+00 -5.1371e+00 8.7014e+00
18891 -1.7140e+00 3.5763e+00 9.3494e+00
18892 -2.4104e+00 -4.7963e+00 4.5044e+00
18893 -5.3243e+00 -3.5313e-01 4.0290e+00
18894 -1.2212e+00 -8.1318e-01 1.0630e+01
18895 -4.9817e+00 3.1441e+00 1.1084e+00
18896 5.9703e+00 -5.0801e+00 3.3693e+00
18897 -2.9110e+00 -2.2194e+00 4.8301e+00
18898 8.8473e-01 -5.0475e+00 -2.9991e+00
18899 -2.3488e+00 -2.4641e+00 3.3492e+00
18900 5.7543e+00 4.5530e+00 2.8643e+00
18901 2.0586e+00 -5.1277e+00 9.4773e+00
18902 3.5592e+00 -4.5521e+00 4.2581e-01
18903 -2.6763e+00 8.1017e-02 4.5151e+00
18904 -1.9200e+00 -3.1113e+00 3.1429e+00
18905 1.0821e+00 -9.6621e-01 9.7501e+00
18906 -4.3411e-01 -3.2745e+00 4.1556e+00
18907 -7.6024e-01 -7.2578e+00 9.0362e-01
18908 -3.5704e-01 -7.4363e-01 2.5685e+00
18909 -2.3899e+00 -7.7780e-01 1.2544e+00
18910 -1.6711e+00 -2.5504e+00 6.4506e+00
18911 -1.5249e+00 -8.8980e+00 3.0388e+00
18912 -2.4550e+00 -5.1240e+00 8.4001e+00
18913 4.6193e+00 -1.3118e-01 6.6364e+00
18914 4.9146e-01 5.3299e+00 6.8804e+00
18915 -3.5605e+00 7.3680e-01 6.4239e+00
18916 -2.6243e+00 -1.4185e+00 1.9244e+00
18917 3.0232e-01 1.7842e+00 4.8109e-01
18918 -1.0158e+00 -5.2860e+00 5.2954e-01
18919 -2.4141e+00 -4.7875e-01 2.8689e+00
18920 3.9380e+00 -2.9283e+00 4.1211e+00
18921 -5.8476e+00 -5.5828e+00 7.7381e+00
18922 -1.5946e+00 -1.0637e+00 1.0570e+00
18923 -2.3912e+00 -5.2564e+00 3.9285e+00
18924 -4.2988e+00 1.6640e+00 1.4458e+00
18925 2.6795e+00 -5.0585e+00 -3.9187e-01
18926 -5.4759e+00 -5.1036e+00 7.8561e+00
18927 1.6435e-01 -8.9443e+00 4.4697e+00
18928 -2.6397e+00 -4.6494e+00 -7.5799e-02
18929 -7.3899e-01 -6.8501e+00 -9.9678e-01
18930 -2.1142e+00 4.9458e+00 9.3973e+00
18931 -6.7194e-01 2.2441e-01 4.5661e+00
18932 -6.6758e-01 2.7299e+00 -4.5458e+00
18933 -1.7364e+00 -1.3877e-01 4.7017e-01
18934 -8.8338e-01 -1.8351e-01 2.8482e+00
18935 -2.4836e+00 3.0448e+00 6.0635e+00
18936 -4.0614e+00 -8.7141e-01 6.7820e+00
18937 1.3865e+00 3.8856e+00 5.8354e+00
18938 4.4434e-01 -3.9824e+00 7.2118e+00
18939 -2.7865e+00 -7.8627e+00 1.8935e+00
18940 -1.3227e+00 -3.3868e+00 6.5914e+00
18941 -2.0130e+00 -6.1654e+00 8.4995e+00
18942 7.6869e-02 3.9459e-01 8.0344e-01
18943 -2.9650e+00 -3.3171e+00 8.5255e+00
18944 1.8276e+00 1.1955e-01 7.1934e+00
18945 -4.6268e+00 2.2247e+00 1.3229e+01
18946 -4.5446e+00 -4.2610e+00 1.2316e+00
18947 2.0358e+00 -6.9806e-01 4.0151e+00
18948 -1.2454e-01 -4.0074e+00 2.6383e+00
18949 -2.8094e+00 1.2103e+00 1.8235e+00
18950 -5.6156e+00 -4.6438e+00 3.7895e+00
18951 -2.0767e+00 -1.5068e+00 1.0158e+01
18952 -1.0769e+00 2.2813e+00 5.4850e+00
18953 9.0944e-01 -4.3984e+00 -2.0026e-01
18954 -4.0295e+00 -3.5935e+00 3.4084e+00
18955 -2.0459e-01 4.8688e-01 -3.1011e+00
18956 -5.1734e+00 -8.5113e-01 6.9147e+00
18957 9.3870e-02 -2.2055e+00 -1.1551e-01
18958 -1.6100e+00 -1.1862e+00 5.8306e+00
18959 -4.4938e+00 -4.7196e+00 5.3375e-01
18960 -3.8605e+00 -2.4579e+00 1.2829e+00
18961 -8.5492e-01 -4.3245e+00 7.8483e+00
18962 3.9256e+00 -4.9788e+00 8.1254e+00
18963 -3.3465e+00 1.8674e+00 9.2689e+00
18964 -1.3690e+00 1.5752e-01 5.3807e+00
18965 -3.5194e+00 -9.8489e-01 4.1719e+00
18966 1.6295e+00 2.1667e+00 8.0466e+00
18967 2.3408e+00 -2.8089e-01 6.5081e+00
18968 -2.7052e-01 4.1672e+00 2.9264e+00
18969 1.0033e+00 -1.2998e+00 8.1784e+00
18970 1.0032e+00 -1.9449e+00 -3.8448e+00
18971 4.1792e+00 -7.4945e-01 -9.5640e-01
18972 2.0053e+00 3.3713e-01 4.0918e+00
18973 2.6649e+00 -3.8868e+00 6.9202e+00
18974 -8.6937e-01 -5.1923e+00 -9.6062e-01
18975 1.3110e+00 6.5418e-01 3.3986e+00
18976 6.3091e-01 -7.3990e-01 5.4499e-01
18977 -1.4551e+00 -5.8533e-01 2.0260e+00
18978 6.3295e-02 -2.5205e+00 -1.1700e+00
18979 7.4597e-02 -2.7087e+00 1.8490e-01
18980 -2.3606e+00 -3.0666e+00 1.1658e+00
18981 -7.4421e-01 -8.0019e-01 -1.0557e+00
18982 -2.6194e-01 -3.6506e+00 -3.7908e+00
18983 8.7907e-01 -1.2004e-01 3.8995e+00
18984 -3.0552e+00 -6.5683e+00 -2.4366e+00
18985 4.2051e-01 4.6205e+00 2.6224e+00
18986 -5.1840e+00 4.9473e+00 5.7678e+00
18987 -1.2638e+00 -3.4393e+00 3.2011e+00
18988 1.5936e+00 -6.1887e+00 1.2466e+00
18989 -1.5979e+00 -6.3462e+00 5.6311e+00
18990 -3.1168e+00 -4.5531e+00 3.2934e-01
18991 -5.2053e+00 1.7056e+00 2.3199e+00
18992 9.6281e-01 1.0102e+00 -4.3279e+00
18993 -2.5129e+00 2.2185e+00 2.4600e+00
18994 1.9873e+00 -1.4028e-01 5.4413e+00
18995 -7.2109e-01 -6.3869e+00 2.3127e+00
18996 -3.3991e+00 7.0330e-01 5.0241e+00
18997 -4.7183e+00 1.9046e+00 1.0697e+00
18998 1.3992e+00 -1.6934e+00 5.4498e+00
18999 1.3046e+00 -4.1272e+00 8.1687e-01
19000 -2.5079e+00 -4.6139e+00 2.1236e+00
19001 -2.9568e+00 2.4112e+00 3.5520e+00
19002 -1.8086e+00 8.1516e+00 4.2550e+00
19003 1.7612e+00 -3.4332e+00 -1.3632e+00
19004 -2.6186e+00 -5.6382e+00 5.5441e+00
19005 -5.5546e+00 -2.2664e+00 -3.0345e+00
19006 -1.7861e+00 -7.2858e+00 -1.3920e+00
19007 -2.9363e-01 -1.3600e+00 -4.2734e-01
19008 -4.7905e+00 -3.2247e+00 -3.1306e+00
19009 3.1274e+00 -4.6639e+00 8.0065e+00
19010 4.2551e+00 3.0006e+00 7.6420e+00
19011 -1.6251e+00 5.7197e-01 7.8293e+00
19012 -4.1468e+00 5.5032e+00 4.8010e+00
19013 -1.9429e+00 7.8546e-01 8.0318e+00
19014 -2.0265e+00 -3.9422e+00 -4.0995e+00
19015 -2.4572e+00 -3.8706e+00 -3.4490e-01
19016 -1.3378e-01 -5.5662e-01 2.3483e+00
19017 -8.8532e-01 -2.2131e+00 1.8861e-01
19018 -5.6452e+00 -7.3364e+00 5.7730e+00
19019 -1.2839e-01 -3.6587e+00 1.2672e+01
19020 -2.3767e+00 -2.5500e+00 5.1029e+00
19021 -9.9723e-01 -3.2514e+00 -1.3906e+00
19022 2.3993e+00 -4.8585e-01 2.1189e+00
19023 -1.1233e+00 2.2904e+00 3.3529e+00
19024 -2.9074e+00 -2.1656e+00 5.3310e+00
19025 -2.2818e+00 -4.0716e+00 4.3723e+00
19026 2.5288e+00 2.4557e-02 8.1206e+00
19027 -1.5109e+00 -6.5432e-01 4.7646e+00
19028 -5.5953e+00 2.3994e+00 -5.4601e+00
19029 -3.3247e+00 -4.0107e+00 3.0159e+00
19030 1.6157e+00 2.4782e+00 -9.4071e-01
19031 -2.8366e+00 -2.9111e+00 5.7618e+00
19032 -6.0176e+00 -5.7564e+00 3.2445e+00
19033 8.3557e-01 -1.8702e-01 4.9182e+00
19034 -1.8018e+00 3.9307e+00 3.0596e+00
19035 -3.7718e+00 -1.2579e+00 9.5950e+00
19036 6.5121e-01 -2.8579e-01 1.0417e+00
19037 2.7775e+00 2.6857e+00 2.0172e+00
19038 -7.4522e+00 -2.6793e+00 -6.0091e-01
19039 -2.1773e+00 1.1175e+00 9.5430e+00
19040 5.6301e+00 -1.3577e+00 5.5561e+00
19041 7.7836e-01 -1.7061e+00 8.0295e+00
19042 -3.5345e+00 -5.5645e+00 2.4344e+00
19043 -2.0975e+00 -1.1505e+00 1.7796e+00
19044 -1.2611e+00 -6.1593e+00 1.7837e+00
19045 -4.7143e+00 -3.2842e+00 2.5213e+00
19046 -6.4092e-01 2.1296e+00 1.1397e+01
19047 8.3306e-01 -2.4586e+00 1.1764e+01
19048 -5.2091e+00 3.5970e+00 5.3822e+00
19049 -2.9251e+00 -3.4904e+00 1.2584e+00
19050 7.2197e-01 2.5211e+00 5.2648e+00
19051 4.4378e+00 -2.7933e-01 -3.0414e+00
19052 -5.3461e+00 -3.7220e+00 6.7140e+00
19053 -5.6500e+00 -3.8281e+00 6.0266e+00
19054 1.7877e+00 6.9825e+00 7.8999e+00
19055 -6.5650e-01 2.1353e+00 -3.0126e+00
19056 -2.3608e+00 5.0933e-01 4.1605e-01
19057 1.9535e+00 -6.1310e+00 9.9739e-01
19058 -5.3026e-01 -5.2121e+00 1.4798e+00
19059 -9.0489e-01 3.4901e+00 3.1253e+00
19060 2.2215e-01 -1.4365e+00 1.1106e+00
19061 1.7442e+00 -6.2823e+00 4.0668e+00
19062 7.0837e-01 -3.8452e+00 6.9524e+00
19063 -1.2733e+00 1.7380e+00 4.0486e+00
19064 -1.5795e+00 -6.3338e-01 2.8581e+00
19065 -4.0860e+00 -4.8588e+00 -1.7363e+00
19066 -2.8044e-01 -7.6894e+00 5.1543e+00
19067 4.6213e-01 5.9075e-01 5.1685e+00
19068 -1.6588e+00 3.8988e+00 4.6170e+00
19069 2.0470e+00 -4.4093e+00 3.0225e+00
19070 -4.1801e+00 -5.2853e+00 8.3130e+00
19071 -2.4421e+00 -1.2467e+00 2.6955e+00
19072 2.5461e+00 -4.7074e+00 5.4790e+00
19073 -1.2456e+00 1.4613e+00 3.2125e-01
19074 -7.9713e-01 3.3948e+00 -2.3414e+00
19075 3.1500e+00 2.4445e+00 4.7122e-02
19076 -1.7647e+00 -7.0422e-01 3.5569e+00
19077 -3.5342e+00 1.1111e+00 6.2384e+00
19078 -2.5445e+00 -2.3471e+00 5.0989e+00
19079 -2.8034e+00 -3.3622e+00 7.6218e+00
19080 1.3065e+00 1.3360e+00 6.3252e+00
19081 -2.2517e-01 -3.7917e+00 7.9292e+00
19082 2.2740e+00 9.6728e-01 2.5877e+00
19083 -4.3047e+00 4.6417e+00 7.2722e+00
19084 -5.3922e+00 1.8629e+00 7.0283e+00
19085 8.6580e-01 -6.0236e-01 4.8930e+00
19086 8.0590e-01 4.4370e+00 7.8065e+00
19087 1.3146e+00 -9.7643e-02 2.5606e+00
19088 -3.1583e+00 3.1704e+00 3.3983e+00
19089 -3.5329e+00 8.2349e-01 9.0688e+00
19090 1.1965e+00 -3.3050e+00 1.1535e+01
19091 -3.6230e-01 5.9726e+00 2.9137e+00
19092 -2.5826e+00 -5.8475e+00 -3.5024e+00
19093 -2.7539e+00 8.6522e-01 7.4294e+00
19094 -2.4022e+00 -3.9607e+00 3.0179e+00
19095 -3.5435e+00 -4.0488e+00 8.0518e+00
19096 1.0625e+00 -2.5531e-01 -2.0389e+00
19097 1.6447e+00 -8.7443e+00 1.3819e+00
19098 -3.1200e+00 -4.2771e+00 4.0730e+00
19099 -5.8908e+00 -5.8116e+00 4.1803e+00
19100 2.0027e+00 -9.3728e+00 5.4835e+00
19101 8.5490e+00 -2.5987e+00 -8.9444e+00
19102 -3.6256e+00 3.0073e+00 -9.1939e+00
19103 1.1693e-01 -1.8504e+00 -9.3804e+00
19104 -5.5006e+00 -1.3336e+00 -8.5796e+00
19105 2.1623e+00 1.1185e-01 -2.8900e+00
19106 -1.4967e+00 1.6316e+00 -9.2140e+00
19107 3.1191e+00 2.9502e+00 -9.1323e+00
19108 -3.3764e-01 6.2391e-02 1.1424e+00
19109 9.5079e-01 3.9937e+00 -8.9478e+00
19110 -1.9826e+00 4.4374e-01 -7.1252e+00
19111 -3.0154e+00 3.2785e+00 -2.4398e+00
19112 9.8968e-01 4.6141e-01 -2.8128e+00
19113 -1.8939e+00 9.5085e-01 -7.9010e+00
19114 2.1280e+00 -6.4385e+00 -7.9109e+00
19115 -1.0747e+00 6.1117e-01 -6.1824e+00
19116 1.7484e+00 1.9296e+00 -9.2863e+00
19117 6.3925e-01 3.2128e+00 -8.5848e+00
19118 -2.3943e+00 1.8014e-01 -4.4238e+00
19119 -3.3281e+00 2.9181e+00 -7.5208e+00
19120 2.4364e+00 2.4814e+00 -8.9165e+00
19121 4.3189e+00 -2.0655e+00 -9.3581e+00
19122 2.9533e-01 1.5615e+00 -8.3871e+00
19123 -5.1099e-01 -1.8436e-01 -8.7922e+00
19124 -2.7493e+00 7.4425e-01 -2.7386e+00
19125 -4.4168e-01 -1.4554e+00 -4.1418e+00
19126 8.2134e-01 2.3237e+00 -9.3882e+00
19127 3.7813e+00 3.5275e+00 -7.7496e+00
19128 5.9688e-01 8.9824e-01 -8.9419e+00
19129 2.8546e+00 1.0957e+00 -9.3607e+00
19130 -2.9616e+00 -2.0060e+00 -9.3047e+00
19131 6.4819e-01 2.2006e+00 -7.1604e+00
19132 -4.0241e+00 3.5232e+00 -9.1439e+00
19133 4.1568e+00 -6.0680e+00 -8.7862e+00
19134 7.1929e-03 9.0367e-01 -8.2589e+00
19135 -5.7150e+00 -3.6063e+00 -8.9394e+00
19136 -1.4379e+00 4.7221e+00 -9.3873e+00
19137 -9.1270e-01 1.9233e+00 -9.2739e+00
19138 5.7243e+00 -1.5972e+00 -7.7480e+00
19139 -1.1580e+00 -3.1698e+00 -8.2756e+00
19140 -4.7161e+00 -5.7535e-01 -6.7187e+00
19141 -4.2464e-01 -2.0897e+00 -9.0839e+00
19142 -3.8869e+00 -1.7503e+00 -8.9952e+00
19143 -4.0601e+00 1.9645e+00 -7.8528e+00
19144 -6.3367e-01 6.4558e-01 -8.8141e+00
19145 -1.5611e+00 -3.6598e-02 -6.2589e+00
19146 -3.4909e+00 -1.3294e+00 -7.7958e+00
19147 -3.5648e+00 3.3073e+00 -7.5071e+00
19148 3.2775e+00 7.7285e-01 -6.2608e+00
19149 1.5226e+00 -2.8027e+00 -9.1100e+00
19150 -2.3684e+00 -2.5335e+00 -9.3334e+00
19151 3.5154e+00 -1.9894e+00 -8.9863e+00
19152 2.7696e-01 3.3700e+00 -4.8427e+00
19153 1.4459e+00 -4.9239e-01 -7.8020e-01
19154 4.3817e+00 9.9183e-01 -7.4360e+00
19155 5.3043e+00 -7.1848e-01 -9.1443e+00
19156 2.7035e-01 8.8742e-01 -8.9466e+00
19157 -1.4960e+00 4.0409e-01 -9.0110e+00
19158 6.0747e+00 -2.3764e+00 -8.2673e+00
19159 -8.0722e+00 3.2239e-01 -9.3847e+00
19160 1.2473e+00 3.2778e+00 -8.1952e+00
19161 -1.5673e+00 5.6756e+00 -9.2248e+00
19162 7.8481e+00 1.9980e-01 -9.2871e+00
19163 2.6573e+00 -9.5627e-01 -2.7541e+00
19164 2.7896e+00 4.2987e+00 -9.2195e+00
19165 -5.6139e+00 2.9837e+00 -1.4553e+00
19166 8.7844e-01 3.5317e+00 -9.3859e+00
19167 1.2502e+00 -1.3761e-02 -7.0389e+00
19168 5.8431e-01 -9.5980e-01 -8.4712e+00
19169 -4.6248e+00 3.9644e+00 -6.9759e+00
19170 4.6850e-01 -2.0508e+00 -8.2845e+00
19171 5.6065e-01 2.3839e+00 -9.3546e+00
19172 -2.9825e+00 4.1891e+00 -9.3169e+00
19173 1.0394e-01 -3.1228e+00 -8.3990e+00
19174 -5.9544e+00 2.8086e+00 -8.9369e+00
19175 -3.5422e+00 -7.1979e-01 5.7992e+00
19176 5.2535e+00 7.0421e-01 -9.1089e+00
19177 -3.6014e+00 3.6544e+00 -7.3069e+00
19178 2.4250e+00 -5.2432e+00 -4.2187e+00
19179 7.9074e+00 2.1926e+00 -7.1921e+00
19180 1.8881e+00 4.3757e+00 -6.2259e+00
19181 -5.6172e+00 -8.5327e-01 -9.2286e+00
19182 -1.9892e+00 -1.9169e+00 -8.3166e+00
19183 -2.4059e+00 -4.1532e+00 2.5401e+00
19184 -9.1038e-01 -1.9972e+00 -6.9197e+00
19185 1.0163e+00 9.9720e-01 -3.2798e+00
19186 -2.0409e+00 4.7284e+00 1.6456e+00
19187 -2.3761e+00 1.5275e-01 -1.0639e+00
19188 -9.6876e-01 -1.8579e-01 1.4464e+00
19189 -3.3213e-01 3.9227e-01 -5.1843e+00
19190 -2.2505e+00 -2.9773e+00 -5.3296e+00
19191 -3.6712e+00 -6.8876e+00 -4.7337e+00
19192 -3.5763e+00 3.8979e+00 -5.3927e+00
19193 -8.9411e-01 -2.4191e+00 5.4330e+00
19194 -4.3522e+00 -3.5431e+00 -5.9287e+00
19195 -3.7490e-03 -4.5324e+00 -3.9773e+00
19196 -2.1751e+00 -1.4158e+00 -3.2297e+00
19197 -7.7043e-01 1.3954e+00 -5.6093e+00
19198 2.1662e+00 1.3685e+00 -4.5244e+00
19199 -3.5418e+00 -6.8996e-01 -7.5232e+00
19200 -3.8838e+00 -4.1182e+00 -9.3874e+00
19201 -4.2821e+00 3.9174e+00 8.8855e+00
19202 -2.8562e+00 2.2591e-01 -9.3833e+00
19203 2.3333e+00 4.2081e+00 8.4083e-01
19204 1.3796e+00 -4.4648e+00 -5.0434e+00
19205 -1.3677e+00 3.4885e+00 -8.8716e+00
19206 -8.4562e-01 -3.9156e+00 -9.1534e+00
19207 -5.9532e+00 -9.2067e-01 -2.8227e+00
19208 -5.5879e+00 -1.5994e+00 3.9623e+00
19209 -3.2140e+00 1.5198e+00 -8.2232e+00
19210 -3.0572e+00 3.0703e+00 -9.3885e+00
19211 -1.2727e+00 3.8210e+00 -9.2709e+00
19212 8.2587e-01 1.4069e+00 -3.9257e+00
19213 -3.1804e+00 -1.1924e+00 -9.1437e+00
19214 -2.6194e+00 -1.0250e+00 -6.2715e+00
19215 2.5918e-01 4.6799e+00 -4.2850e+00
19216 -1.0120e+00 -6.2511e+00 -7.8315e-01
19217 1.7652e-01 -2.5801e+00 9.2774e+00
19218 -5.4778e-01 4.2161e+00 5.1693e+00
19219 -4.4811e+00 -7.7046e+00 6.8204e+00
19220 -1.2643e+00 -5.8726e+00 -4.2525e+00
19221 -4.9367e+00 4.9562e-01 9.5901e+00
19222 -3.6529e+00 -1.2700e-03 7.4820e+00
19223 -7.2277e+00 3.6469e+00 -8.6114e+00
19224 -4.4650e+00 4.0301e+00 1.8179e+01
19225 -4.0381e+00 -9.3576e+00 1.7768e+01
19226 -1.7482e+00 -3.2338e-01 1.6375e+01
19227 -4.7660e+00 -5.2629e+00 1.8743e+01
19228 -4.7332e+00 -1.9200e-01 -1.9377e+00
19229 -5.3785e+00 3.2666e+00 -2.5647e-01
19230 -2.5605e+00 -3.5431e+00 -5.3269e+00
19231 4.2116e+00 4.7502e+00 7.9869e-01
19232 2.8565e+00 -2.0189e+00 3.2071e-01
19233 -1.7800e+00 -3.7740e-01 -2.2465e+00
19234 -1.9609e+00 -8.3207e+00 -8.7633e+00
19235 2.9081e+00 1.8540e+00 6.9237e-01
19236 -5.2463e-01 -1.7052e+00 -5.6567e+00
19237 6.9837e-01 2.2145e-01 -2.2788e+00
19238 3.0608e+00 -7.1268e+00 -8.2813e+00
19239 3.7434e-01 -6.4991e+00 -6.1477e+00
19240 2.4040e+00 4.6833e+00 -5.9103e+00
19241 2.9354e+00 5.1145e+00 -2.9737e+00
19242 -3.3385e-01 -5.0450e+00 -4.8847e+00
19243 2.6456e+00 -1.4203e+00 -5.5155e+00
19244 9.2632e-01 -7.0908e+00 -5.6280e+00
19245 4.9241e-01 -4.1661e+00 1.1737e+00
19246 6.1849e+00 -2.3011e+00 -3.1502e+00
19247 -5.4874e-01 2.4718e+00 -3.9157e+00
19248 -1.0348e+00 9.3144e-01 -1.6098e+00
19249 -2.0671e+00 2.4975e+00 4.6875e+00
19250 -3.1746e+00 1.9757e+00 3.2805e+00
19251 -3.0483e-01 3.7971e+00 -7.2687e+00
19252 -3.5150e+00 -7.5997e+00 -7.9946e+00
19253 5.4464e+00 -1.1469e+00 -3.1611e+00
19254 -3.3788e+00 1.6228e+00 -3.9868e+00
19255 -1.5505e+00 -3.2732e+00 -8.9234e+00
19256 -5.0223e+00 -1.5011e+00 -3.4984e+00
19257 -6.5929e-01 -8.0483e+00 -3.0503e+00
19258 -8.9805e-01 -2.8197e-01 -2.3616e+00
19259 -1.6750e+00 -2.3379e+00 -6.5909e+00
19260 -8.9615e-01 -3.0320e+00 -5.3543e-02
19261 -5.6294e+00 -1.2104e+00 -9.4230e-01
19262 -3.8417e-01 2.9596e-01 -6.6719e+00
19263 -1.9617e+00 -2.2559e+00 -2.5814e+00
19264 -1.4497e+00 1.8960e+00 -2.3106e+00
19265 -7.3507e+00 2.0103e+00 -6.1797e+00
19266 -7.3432e-01 3.5766e+00 -4.5073e+00
19267 -1.8648e+00 -3.8233e+00 -1.9182e+00
19268 -1.7679e+00 -3.5678e+00 -3.0089e+00
19269 -4.1832e+00 3.5518e+00 -6.9762e+00
19270 1.7910e-02 9.1299e-01 -7.7453e+00
19271 -3.6529e+00 -7.2608e+00 -4.5260e+00
19272 -4.5263e+00 4.3321e+00 -5.6502e+00
19273 4.8551e+00 3.9893e+00 -7.7660e+00
19274 -5.7283e+00 -9.4617e-01 -1.5328e+00
19275 -6.4394e+00 -4.5102e+00 -5.6406e+00
19276 -6.1140e+00 3.7203e+00 -2.9887e+00
19277 -2.3709e+00 7.6951e+00 -8.7929e+00
19278 -4.1363e+00 -8.5803e+00 -5.1521e+00
19279 -6.7247e-01 -9.3356e+00 -5.9904e+00
19280 -8.7376e-01 -3.7838e+00 -5.8521e+00
19281 -2.5653e+00 -1.3467e+00 -4.9884e+00
19282 -2.9119e+00 -6.2789e-01 2.0134e+00
19283 -1.7445e+00 -9.3366e+00 -9.2894e+00
19284 -3.9854e+00 -2.8295e+00 -5.9588e+00
19285 3.1737e+00 2.8174e+00 -8.1528e+00
19286 -4.0380e+00 -3.9884e+00 -8.6273e+00
19287 -2.5092e+00 2.0873e+00 -8.7869e+00
19288 -6.4964e+00 -8.2907e+00 -2.4781e+00
19289 1.6054e+00 -2.3688e-01 7.6660e-01
19290 -9.8224e-02 -1.4737e+00 -1.3253e+00
19291 -2.3272e+00 -1.0517e+00 -5.8795e+00
19292 -3.4507e+00 -2.0925e+00 1.0236e+00
19293 -2.5877e+00 -2.0233e+00 7.2072e+00
19294 -7.4615e-01 2.6605e-01 4.5124e+00
19295 -5.2845e+00 -4.5588e+00 -2.2673e+00
19296 1.0906e+00 1.1479e+00 6.7786e-01
19297 -1.1848e+00 -4.6701e+00 -6.5670e+00
19298 -2.6656e+00 5.5492e+00 7.5655e+00
19299 -6.9484e-01 -1.3508e+00 3.9523e+00
19300 3.2317e+00 -3.8926e+00 -5.2764e-01
19301 -7.0057e-01 -2.5168e+00 5.9974e+00
19302 1.8397e+00 -1.9569e+00 -3.2324e+00
19303 -2.8300e+00 -2.1308e+00 7.8342e+00
19304 -6.1089e+00 -9.3820e-01 4.9459e+00
19305 -2.3697e+00 5.5690e+00 1.0285e+01
19306 -1.4560e+00 -4.1786e+00 3.4190e+00
19307 2.0093e+00 -9.2822e+00 5.6824e+00
19308 -3.4532e+00 -5.4307e+00 5.1275e+00
19309 -2.6796e+00 -5.6617e+00 2.1631e+00
19310 -9.7734e-01 2.1080e-01 1.0383e+01
19311 3.4424e-01 -4.3127e+00 8.9753e+00
19312 6.9203e-01 -2.0784e+00 2.1372e+00
19313 -4.2548e+00 -3.3731e+00 -1.9491e+00
19314 9.5808e-01 -3.5104e+00 6.2783e+00
19315 -1.0786e+00 -4.8154e+00 2.7883e+00
19316 -5.5453e-01 6.0530e+00 8.9600e+00
19317 -1.7147e+00 -3.1182e+00 2.9310e+00
19318 -1.4999e+00 -6.8279e-01 2.5067e+00
19319 -4.5429e+00 -7.8956e+00 3.3088e+00
19320 -2.1920e+00 -1.4254e+00 -4.1687e+00
19321 3.7569e-01 -8.4668e-01 3.4843e+00
19322 -2.1236e+00 -1.5830e+00 2.9135e+00
19323 2.2413e-01 -5.9730e+00 2.9771e+00
19324 2.8112e-01 -3.3396e+00 1.0420e-01
19325 5.4657e+00 4.0717e+00 2.5737e+00
19326 -9.8698e-01 2.6494e+00 5.8959e+00
19327 -1.1517e+00 -6.0933e+00 -1.5823e+00
19328 -3.1016e+00 -1.9518e+00 6.4824e+00
19329 3.4405e+00 -6.7534e+00 5.8141e+00
19330 -1.3420e+00 1.1016e+00 5.7510e+00
19331 -6.2540e+00 -1.8606e+00 8.5177e+00
19332 -2.9601e+00 -3.6112e+00 -6.1936e+00
19333 -7.0264e-01 -1.1717e+00 8.8171e+00
19334 -4.8961e+00 -5.3936e+00 1.7870e+00
19335 -2.2240e+00 5.4357e+00 -7.0151e-01
19336 2.2180e+00 2.3454e-03 6.7595e-01
19337 -5.0598e+00 6.8141e-01 7.6659e+00
19338 2.7593e+00 -4.5585e+00 8.8108e+00
19339 -4.0366e+00 -7.7747e+00 -2.2591e+00
19340 3.3435e-01 -9.3634e-01 -4.0950e-01
19341 -5.6739e-01 1.3363e+00 -1.6261e+00
19342 1.7870e+00 -3.9966e+00 7.4363e+00
19343 9.4071e-01 -3.6180e+00 -7.7206e-01
19344 -4.6311e+00 6.7758e+00 -2.4288e+00
19345 7.2052e-01 -3.4760e+00 -4.4050e+00
19346 2.6536e+00 7.6620e-01 7.3787e+00
19347 -3.9867e+00 3.9709e+00 2.8344e+00
19348 5.1421e+00 -3.8475e+00 -9.4559e-03
19349 5.0819e-01 -5.1231e+00 -1.2938e+00
19350 -3.6932e-01 6.1409e+00 5.4344e+00
19351 -5.1456e+00 -3.9905e+00 -3.5235e+00
19352 -1.9698e+00 -5.1684e+00 5.7227e+00
19353 -1.1234e+00 -2.6481e+00 5.7423e+00
19354 4.1342e-01 3.2169e+00 1.1664e+01
19355 -6.0649e+00 -2.1156e+00 6.5735e+00
19356 2.8299e+00 1.8552e+00 -2.1121e+00
19357 -1.6747e+00 7.3784e-02 6.2656e-01
19358 -1.8827e+00 1.4843e+00 1.5358e+00
19359 1.5967e+00 -4.0941e+00 -6.3219e-01
19360 -5.7724e+00 -7.3894e-01 -2.9018e+00
19361 -2.1159e+00 -5.8371e+00 1.3035e+00
19362 -8.3755e-01 2.1740e+00 1.9836e+00
19363 -2.2111e+00 -3.1633e+00 9.4877e+00
19364 -3.3872e+00 2.9900e+00 1.1224e+00
19365 2.1594e+00 3.1312e-01 1.3645e+00
19366 3.4472e+00 -1.3575e+00 4.8412e+00
19367 3.7580e+00 -2.3370e+00 9.0864e+00
19368 2.1518e+00 -3.0650e+00 3.4268e+00
19369 5.0648e+00 -4.0930e+00 4.2681e+00
19370 1.8627e+00 -3.4493e-01 8.8700e+00
19371 -3.5553e+00 -1.8888e+00 -1.3737e-02
19372 2.4120e+00 -4.3048e+00 8.5674e+00
19373 -2.2649e+00 5.6500e+00 3.3567e+00
19374 4.2130e+00 -2.0840e+00 7.6621e-01
19375 -3.0212e+00 -7.3983e-01 9.1821e+00
19376 1.3879e+00 -1.8613e+00 -1.0671e+00
19377 -2.1388e+00 -1.2944e+00 5.7155e-01
19378 -2.9893e+00 1.6838e-01 5.4750e+00
19379 -8.8772e-01 -8.1331e+00 3.0153e+00
19380 3.3787e+00 -7.7821e+00 9.5049e+00
19381 -3.4153e+00 -9.8326e-01 1.2330e+01
19382 -1.9773e+00 -4.8208e+00 1.3662e+00
19383 -4.8455e+00 -3.7807e+00 4.3287e+00
19384 -2.6753e-01 -8.3847e-01 2.0087e+00
19385 -2.3285e+00 -3.5958e+00 7.0845e-01
19386 -3.8788e+00 -1.9597e+00 1.0270e+01
19387 3.1241e+00 6.5065e+00 8.4481e+00
19388 1.7472e+00 -4.2809e+00 -2.9914e+00
19389 5.9347e+00 -4.4609e+00 2.9720e+00
19390 -5.2905e-02 1.2931e+00 7.3888e+00
19391 3.9338e+00 3.1904e+00 4.5842e-01
19392 1.7233e+00 -4.6217e+00 -2.2625e+00
19393 6.7090e+00 5.3705e+00 -8.2918e-01
19394 -6.6904e+00 -4.4674e+00 3.4520e+00
19395 2.0797e+00 -2.9898e+00 4.2452e+00
19396 -1.1807e+00 5.5356e-01 1.2178e+01
19397 -1.4961e+00 -3.9112e+00 2.9663e+00
19398 -2.3439e+00 -1.4089e+00 8.7328e-01
19399 -4.2599e+00 1.3700e+00 8.5842e+00
19400 -1.8551e+00 -5.0769e+00 6.2489e+00
19401 -2.8697e+00 -2.1975e-01 8.7365e-01
19402 4.5360e-01 1.9538e+00 3.8880e+00
19403 3.5712e-01 6.5817e+00 7.8250e+00
19404 -1.0017e+00 -1.2667e+00 -9.4045e-01
19405 3.3955e+00 -1.5084e-01 7.7197e-01
19406 -5.5140e-01 -2.6736e+00 8.7208e+00
19407 2.7685e-01 -2.0525e+00 5.5647e+00
19408 -3.7170e+00 -2.1307e+00 5.2528e+00
19409 -3.7461e-01 -2.7600e+00 4.4745e+00
19410 2.0077e+00 -1.7894e+00 1.7637e+00
19411 1.4962e+00 5.8073e-01 4.7616e-01
19412 5.7813e+00 -3.1506e+00 1.0315e+01
19413 -3.6608e+00 -6.7211e+00 4.9513e+00
19414 -3.0021e+00 -2.6430e+00 1.1908e+00
19415 -2.4131e+00 -6.7876e+00 7.4805e+00
19416 3.7888e+00 3.7796e+00 8.9818e+00
19417 -4.9186e+00 -2.6165e+00 8.4659e+00
19418 -5.2956e-03 -2.1827e-01 -3.0874e+00
19419 2.3760e+00 -1.9069e+00 -1.8892e+00
19420 -1.6381e+00 -3.7587e+00 4.7247e+00
19421 5.3401e+00 2.8207e+00 3.0880e+00
19422 6.2028e-01 -2.1360e+00 3.9098e+00
19423 -6.8703e+00 -2.5483e-01 4.9446e+00
19424 1.5819e+00 -4.1151e-01 9.4160e+00
19425 -2.1740e+00 -1.2634e+00 3.8957e-01
19426 -1.8702e+00 -4.8035e+00 4.7683e+00
19427 -4.2751e+00 4.6640e-01 7.8897e+00
19428 1.5614e+00 -2.3734e+00 1.3231e+00
19429 3.0176e+00 1.3979e+00 2.6641e+00
19430 1.3670e-01 3.1202e+00 3.4376e+00
19431 8.4240e-01 -6.9322e+00 1.1159e+01
19432 6.1469e+00 2.3617e+00 1.1400e+01
19433 7.1404e-01 -4.0191e+00 -5.8085e+00
19434 -3.6510e+00 -7.1106e+00 -5.1066e+00
19435 -5.7753e+00 -1.6841e+00 3.7529e+00
19436 -2.1690e+00 1.3799e+00 5.8073e+00
19437 7.3432e-01 -1.2624e+00 -1.9908e+00
19438 1.9161e-01 2.4209e+00 8.1727e+00
19439 -2.9543e+00 -4.4930e+00 8.5263e+00
19440 -2.6936e+00 -6.4740e+00 6.2570e+00
19441 2.2530e+00 -5.1441e+00 3.8636e+00
19442 6.9351e-01 -2.3773e+00 5.8066e+00
19443 -3.9040e+00 3.8437e+00 7.6001e+00
19444 -1.1983e+00 -5.9992e+00 -2.9413e+00
19445 -4.2171e+00 4.5857e+00 4.5141e+00
19446 -3.2660e+00 1.0511e+00 7.3874e+00
19447 -3.1104e+00 6.8230e-01 2.7360e+00
19448 2.6651e+00 -6.3777e+00 2.3791e-01
19449 3.0372e+00 9.2674e-01 2.0180e-01
19450 -1.8132e+00 -3.2158e+00 -1.8718e+00
19451 2.4567e+00 -1.1755e+00 1.4805e+00
19452 -1.7678e-01 -1.3861e-02 7.8626e+00
19453 3.6941e+00 -6.1375e+00 3.1981e+00
19454 -5.4586e+00 -6.6040e+00 3.3756e+00
19455 -6.4887e-01 -3.3383e+00 5.0723e+00
19456 1.9550e+00 -4.8347e+00 9.4858e+00
19457 -1.9648e+00 -1.9591e+00 1.4530e+00
19458 1.6986e+00 -3.2477e+00 2.9666e+00
19459 2.6685e+00 -1.2045e+00 8.9292e+00
19460 4.6702e+00 -1.4560e+00 3.4692e+00
19461 -1.7332e+00 -2.3696e+00 1.9723e+00
19462 -4.1239e+00 6.2282e+00 1.2962e+00
19463 -5.2531e-01 -6.4313e+00 6.1426e+00
19464 -2.7529e+00 -1.7627e+00 8.3910e+00
19465 -4.0462e-01 -2.9533e+00 3.5292e+00
19466 -4.5280e+00 2.6087e+00 6.5057e+00
19467 -1.9922e+00 -4.4155e+00 2.7960e+00
19468 -5.3665e-01 1.2452e+00 2.4460e+00
19469 -1.6627e+00 -2.1169e+00 8.3552e+00
19470 -3.8068e+00 -3.0292e+00 3.2488e+00
19471 -2.8255e+00 -1.1494e+00 5.8502e+00
19472 1.6772e+00 -5.5120e+00 6.7678e+00
19473 -2.0052e-01 -7.2314e+00 -9.5726e-01
19474 -2.1643e+00 -6.6171e+00 1.0299e+00
19475 9.9145e-02 -1.1558e+00 4.2245e+00
19476 -3.3041e+00 -4.0190e+00 5.1491e+00
19477 -2.4158e-01 -5.5163e+00 4.7517e+00
19478 -3.3484e+00 -1.7429e+00 9.6448e+00
19479 -4.3602e+00 1.3110e+00 2.7282e+00
19480 -4.1631e+00 -3.1025e+00 2.9848e+00
19481 4.5338e+00 -1.6552e+00 1.4753e+00
19482 -4.3127e+00 -6.0138e-01 4.2341e+00
19483 -2.3100e+00 2.8556e+00 -6.3672e-01
19484 4.7428e-01 -5.6307e+00 5.9216e+00
19485 9.6186e-01 -3.7278e+00 2.5446e+00
19486 2.3413e+00 -3.2874e+00 1.6077e+00
19487 -1.5114e+00 3.1844e+00 3.6425e+00
19488 5.0660e+00 -3.7639e+00 1.0217e+00
19489 2.1421e-01 -2.5579e+00 1.2409e+01
19490 -1.0354e+00 -5.2902e+00 1.4812e+00
19491 7.5678e-01 -5.6874e+00 -4.9086e+00
19492 -3.4025e+00 1.2112e+00 4.3684e+00
19493 -4.6793e+00 -4.1390e+00 -1.5182e-01
19494 -1.8057e+00 -5.5497e+00 6.4762e+00
19495 -1.9800e+00 -2.8931e+00 -2.9694e+00
19496 5.2857e+00 1.9051e+00 9.5953e+00
19497 1.3130e-01 -5.3109e+00 1.2211e+01
19498 1.2724e+00 -5.5391e+00 5.8383e+00
19499 -1.2227e+00 -2.7549e+00 2.2795e+00
19500 -7.1869e+00 2.3069e+00 5.1325e-01
19501 -6.0712e+00 4.3970e-01 8.3330e+00
19502 2.7296e+00 -5.5268e-01 3.2835e+00
19503 -5.4550e+00 -4.6694e-01 2.9341e+00
19504 -3.0655e+00 1.9555e+00 1.6346e+00
19505 -4.6518e+00 -8.2185e-01 8.8437e+00
19506 -6.0631e-01 -1.5150e+00 3.8749e+00
19507 -1.3253e+00 -1.1708e+00 5.8167e+00
19508 -5.7856e+00 -1.0734e-01 4.9738e+00
19509 -1.4543e+00 1.3855e+00 3.2248e+00
19510 2.0082e-02 1.2379e+00 4.4253e+00
19511 4.9696e-01 -3.6020e-01 2.8204e+00
19512 -9.3168e+00 -1.5281e+00 8.7207e+00
19513 -7.1151e-01 1.3257e+00 7.6240e+00
19514 1.6342e+00 6.2084e+00 5.8628e+00
19515 -4.7632e+00 -2.4834e+00 7.0558e+00
19516 -2.0109e+00 -3.6882e+00 3.6130e+00
19517 -9.4757e-01 3.2427e+00 8.3337e+00
19518 -2.7451e+00 3.7992e+00 4.3888e+00
19519 -1.7681e+00 -1.4679e+00 2.8470e+00
19520 -8.0274e-01 -7.7279e+00 1.1437e+01
19521 -4.7222e-01 4.1628e+00 5.7193e+00
19522 3.0101e-01 -1.6849e+00 8.2013e+00
19523 -4.0350e+00 -3.5900e+00 9.6979e+00
19524 -9.5641e-01 1.3068e+00 1.0003e+01
19525 -6.9729e+00 -3.5001e+00 9.7441e+00
19526 -3.1673e+00 1.9705e+00 4.2002e+00
19527 -1.3614e+00 -2.6886e+00 2.7468e+00
19528 -6.3481e-02 -2.7099e+00 5.4601e+00
19529 1.1542e+00 2.0739e+00 7.0444e+00
19530 -3.8103e+00 4.0013e+00 5.8056e+00
19531 -3.0659e+00 -8.7026e-01 8.9968e+00
19532 1.6177e+00 2.5165e+00 3.0547e+00
19533 -3.0817e+00 -1.9872e+00 4.7282e+00
19534 -2.4373e+00 3.7495e-01 4.9186e+00
19535 -1.6493e+00 4.7150e+00 8.8320e+00
19536 -3.0786e+00 5.1053e-01 4.9774e+00
19537 -7.7828e+00 -1.9563e+00 8.3732e+00
19538 -5.6192e+00 -5.3679e+00 7.7252e+00
19539 -2.1931e+00 1.2528e+00 8.6202e+00
19540 -4.3764e+00 2.4300e+00 9.5733e+00
19541 8.5304e-01 1.8271e+00 7.3409e+00
19542 -2.2915e+00 4.4169e+00 8.7183e+00
19543 -4.4335e-01 3.5812e+00 9.3150e+00
19544 -2.9243e+00 1.8726e+00 9.3342e+00
19545 6.4580e+00 3.4027e+00 1.0115e+01
19546 -2.6619e+00 -2.2617e+00 5.4412e+00
19547 -2.1099e+00 -1.5812e+00 8.9320e+00
19548 -3.4985e+00 -2.3944e-01 5.9967e+00
19549 2.6579e+00 -4.1203e+00 1.0984e+01
19550 3.8258e-01 2.4164e+00 6.9650e+00
19551 -6.5277e-01 -6.2965e-01 1.0314e+01
19552 -1.4491e+00 -1.2593e+00 5.1987e+00
19553 -5.5088e+00 -4.9420e+00 9.2319e+00
19554 6.9853e-01 -3.2344e+00 9.8465e+00
19555 -2.1018e+00 -2.4237e+00 1.0497e+01
19556 3.8447e-01 -2.0757e+00 5.5589e+00
19557 2.6669e-02 4.4430e+00 4.5662e+00
19558 -3.9351e+00 2.6250e+00 6.3632e+00
19559 -1.6475e+00 3.9790e+00 9.4919e+00
19560 -6.8271e+00 -3.8335e+00 5.9110e+00
19561 -2.3351e+00 -5.1444e-01 3.8486e+00
19562 -2.1373e+00 -1.4524e+00 6.8443e+00
19563 -7.0665e-01 6.6514e-01 4.6484e+00
19564 -3.0836e+00 -2.5513e+00 1.1748e+01
19565 -4.6933e+00 3.2824e+00 8.9625e+00
19566 -1.4128e+00 1.0417e+00 9.0130e+00
19567 -3.3627e+00 4.0008e+00 9.9573e+00
19568 -3.3356e+00 2.1508e+00 9.2287e+00
19569 2.3661e+00 -4.1945e+00 3.3990e+00
19570 -8.8166e-01 -2.2418e+00 7.6395e+00
19571 2.9053e+00 4.7337e+00 5.2975e+00
19572 -1.0811e+00 -8.6898e-01 8.8314e+00
19573 5.5037e+00 3.8252e+00 5.8338e+00
19574 -1.0107e+00 3.3190e+00 7.5571e+00
19575 -1.8494e+00 -8.4378e-01 7.3269e+00
19576 1.5090e+00 2.4477e+00 5.5742e+00
19577 -3.4864e+00 1.8576e+00 8.3320e+00
19578 -9.0968e-01 4.2457e+00 9.8632e+00
19579 -2.3211e+00 -1.2009e+00 2.7951e+00
19580 2.1868e+00 -4.6021e+00 4.9800e+00
19581 -2.7926e+00 3.0797e-01 8.6704e+00
19582 -2.7548e+00 -1.4463e-01 1.1092e+01
19583 -1.9177e+00 1.3768e+00 8.8694e+00
19584 -2.7655e+00 -2.2047e+00 7.3902e+00
19585 -6.8575e+00 -2.6348e+00 1.7825e+00
19586 3.0319e-01 -1.1673e+00 8.5429e+00
19587 -5.4056e+00 3.7831e+00 8.3685e+00
19588 -4.0501e+00 6.7398e-01 9.8693e+00
19589 -1.0375e+00 3.7278e+00 1.5828e+00
19590 -3.3929e+00 1.6970e+00 1.5847e+00
19591 3.4198e+00 -2.0545e-01 2.2607e+00
19592 -2.4236e-01 2.1065e+00 9.1135e+00
19593 -1.7984e+00 -6.3675e-01 9.1127e+00
19594 -1.4349e+00 2.8902e+00 7.5268e+00
19595 -5.2654e+00 -6.3643e+00 3.0536e+00
19596 -3.6522e+00 4.6514e+00 7.4047e+00
19597 -3.5996e+00 4.8313e+00 6.8348e+00
19598 -2.6205e-01 -2.7733e+00 7.0513e+00
19599 4.3138e+00 1.1189e+00 4.3258e+00
19600 -1.1387e+00 4.8289e+00 7.0756e+00
19601 -1.6911e+00 1.4916e+00 9.9913e+00
19602 -4.0977e+00 -1.3426e+00 7.9526e+00
19603 1.7318e+00 -5.1511e-02 6.0678e+00
19604 -2.8878e+00 -2.6373e+00 1.0637e+01
19605 1.4801e+00 3.2310e-01 6.5000e+00
19606 -3.9176e+00 -3.5031e+00 5.3392e+00
19607 1.6449e-01 2.1833e+00 4.8726e+00
19608 -4.0129e+00 1.7111e+00 6.3132e+00
19609 8.3779e+00 1.5665e+00 7.2120e+00
19610 -3.1402e+00 5.5368e+00 3.8603e+00
19611 -6.4206e-01 -2.2020e+00 8.5520e+00
19612 -1.7621e+00 9.4616e-01 3.0229e+00
19613 3.4751e+00 3.6020e+00 4.2804e+00
19614 1.3378e+00 1.1668e+00 7.0202e+00
19615 -2.0481e+00 3.2202e+00 9.4851e+00
19616 4.5360e+00 -1.0064e-01 3.4045e+00
19617 -4.8125e+00 -1.4089e+00 1.2610e+01
19618 -2.1174e+00 5.4317e+00 6.9436e+00
19619 -3.8398e+00 5.2659e-01 8.4543e+00
19620 -2.9559e+00 -8.1152e-01 -2.0839e+00
19621 -4.1471e+00 3.1382e+00 5.2561e+00
19622 -4.4327e+00 -7.3281e+00 1.2265e+01
19623 1.6790e+00 1.6057e-02 6.4141e+00
19624 -3.9663e-01 6.8530e+00 7.3952e+00
19625 -6.5485e+00 -2.3422e+00 9.1475e+00
19626 -1.7237e+00 1.6922e+00 7.4302e+00
19627 3.6762e+00 -1.0655e+00 1.1765e+01
19628 4.4636e+00 5.3209e+00 8.3433e+00
19629 -2.1033e+00 3.0663e+00 1.0428e+01
19630 1.7477e+00 1.0029e+00 9.4335e+00
19631 3.5810e-01 3.5830e+00 6.7270e+00
19632 -9.8510e-01 2.1495e+00 8.1339e+00
19633 -2.2805e+00 1.2990e+00 3.1139e+00
19634 -2.1663e+00 -3.6003e+00 -4.3470e+00
19635 -8.1221e-01 -4.7924e+00 4.2276e-01
19636 -4.5661e+00 7.7589e+00 -7.1229e-02
19637 1.5947e+00 2.2257e+00 -1.5604e+00
19638 5.5380e+00 1.2072e+00 -8.6330e+00
19639 5.3956e+00 -1.1116e+00 -1.6237e+00
19640 -5.6463e+00 5.9833e+00 -1.2011e+00
19641 2.9720e+00 9.6746e-01 7.3745e+00
19642 1.0492e+00 -2.5172e+00 -9.2655e+00
19643 -4.1562e+00 9.2628e-01 -6.5463e+00
19644 -1.2066e+00 5.6464e-01 -2.7867e+00
19645 -4.2196e+00 -1.5135e+00 -5.0415e+00
19646 2.0199e+00 -2.1554e+00 -4.6234e+00
19647 -2.1647e+00 -2.0974e-01 -3.6720e+00
19648 -1.1312e+00 4.3817e-01 1.0944e+01
19649 -1.2586e+00 1.9934e+00 1.0992e+01
19650 -3.5048e+00 -2.3565e+00 2.5522e+00
19651 1.8485e+00 -1.2168e+00 6.9024e+00
19652 -2.7006e+00 2.7386e+00 3.9499e+00
19653 3.6917e-01 -1.0058e+00 6.1242e+00
19654 -3.9279e+00 -1.2084e-01 1.2028e+00
19655 -1.9118e+00 -1.2605e+00 8.8920e+00
19656 -4.6545e+00 4.6705e+00 8.1067e+00
19657 -4.6729e+00 1.5694e+00 1.0516e+01
19658 8.8969e-01 -5.3919e+00 3.0930e+00
19659 -6.2787e+00 4.5507e+00 1.1939e+01
19660 -1.6667e+00 5.1326e+00 9.9068e+00
19661 -2.3531e+00 2.5412e+00 1.2416e+01
19662 2.4826e-01 3.0650e-01 8.7940e+00
19663 -2.8851e-01 4.7665e+00 1.2503e+01
19664 2.1010e+00 2.8292e+00 1.2041e+01
19665 -4.8644e+00 4.2821e+00 5.3969e+00
19666 -3.3360e+00 -2.0673e+00 1.0183e+01
19667 -1.9209e+00 -5.7998e+00 6.7546e+00
19668 -3.7788e+00 9.6362e-01 1.3557e+00
19669 1.8969e+00 -2.1733e+00 9.3354e+00
19670 2.6532e+00 2.2642e+00 8.9015e+00
19671 -4.6953e+00 -5.2348e-01 7.4384e+00
19672 2.2316e-01 -1.9983e+00 3.4740e+00
19673 -1.4830e+00 3.8067e+00 1.0800e+01
19674 -1.8252e+00 -2.4556e+00 7.0269e+00
19675 -3.6872e+00 5.6179e+00 8.6435e+00
19676 -4.1561e+00 4.0593e-01 7.5401e+00
19677 1.5799e+00 -1.2801e+00 7.0891e+00
19678 -1.2582e+00 -2.4421e+00 1.0941e+01
19679 3.4976e+00 -8.8359e-01 6.0029e+00
19680 -5.0522e+00 -8.1095e-01 3.2520e+00
19681 -1.8210e+00 1.8157e+00 6.1664e+00
19682 -2.2597e+00 -1.8829e+00 8.8627e+00
19683 1.0745e+00 8.0041e-01 1.0401e+01
19684 -3.0035e+00 8.8902e-01 5.6838e+00
19685 1.3945e+00 -5.6981e+00 5.9120e+00
19686 -2.9719e+00 -5.3684e+00 9.7807e+00
19687 9.3565e-01 2.6676e+00 4.8826e-01
19688 1.7775e-01 1.1492e+00 4.4797e+00
19689 -2.7719e+00 3.2018e-01 1.0020e+01
19690 -2.9971e+00 5.9369e+00 8.4641e+00
19691 -3.8022e+00 -7.8542e-02 6.1263e+00
19692 2.9138e+00 -2.6621e+00 6.1428e+00
19693 -1.9629e-01 -6.4874e+00 3.9423e+00
19694 -3.0139e+00 -1.2870e+00 1.0093e+01
19695 -4.1439e+00 -2.1734e+00 9.1418e+00
19696 -1.0507e+00 -1.2245e+00 6.2301e+00
19697 -5.0988e+00 5.2333e+00 8.3011e+00
19698 5.8161e+00 6.7859e-01 5.5860e+00
19699 -5.4986e+00 5.3527e-01 3.2817e+00
19700 -7.9828e+00 -6.9296e+00 1.9953e+00
19701 -5.7371e+00 -3.7282e+00 2.5253e+00
19702 -6.2376e-01 -4.2147e+00 9.5073e+00
19703 2.6863e+00 -8.3675e+00 7.1192e+00
19704 3.9682e+00 -3.7132e+00 3.2422e+00
19705 1.2085e+00 -3.2084e+00 8.6748e+00
19706 1.8730e+00 -1.4826e+00 6.4503e+00
19707 3.3045e+00 -3.9326e+00 3.0338e+00
19708 1.4472e-02 -6.4617e-01 4.1843e+00
19709 -6.5662e+00 -7.2200e+00 3.9476e+00
19710 -2.9940e+00 1.1968e+00 5.2676e+00
19711 5.4843e+00 -1.9058e+00 -5.9755e-01
19712 -1.9747e+00 -3.7474e+00 8.9045e-01
19713 -3.2745e+00 -7.1709e+00 3.5661e+00
19714 -8.2615e-01 1.8298e+00 4.9885e-01
19715 1.9705e+00 -4.3064e-01 8.4624e+00
19716 -1.0166e+00 -4.3845e+00 -4.7292e-01
19717 -1.3487e+00 1.1635e+00 7.1228e+00
19718 4.3829e-01 -4.0267e+00 6.2608e+00
19719 -3.0676e+00 -7.5594e+00 4.2253e+00
19720 -3.2423e+00 -1.5142e+00 3.3270e-02
19721 3.3811e+00 -5.0331e+00 5.7685e+00
19722 -3.0941e+00 2.3265e+00 6.9192e+00
19723 -2.9284e+00 -4.4389e+00 1.3830e+00
19724 -4.4671e+00 -8.6127e-01 2.4561e+00
19725 1.3690e+00 -5.8959e+00 2.0714e+00
19726 -2.5310e+00 -2.2260e+00 3.4932e+00
19727 -3.9995e+00 -7.7875e+00 5.5035e+00
19728 -1.4942e-02 4.4512e+00 -5.7059e-01
19729 2.0067e+00 -1.8598e+00 3.5871e+00
19730 -2.4231e+00 3.5272e+00 5.1322e+00
19731 -3.2033e+00 1.1713e+00 4.8778e+00
19732 -4.4013e+00 -1.9589e+00 5.5527e+00
19733 3.7150e-01 -8.4457e+00 9.5107e-01
19734 4.5455e+00 -5.6600e-01 7.8157e+00
19735 9.3523e-01 -5.6650e+00 1.6110e+00
19736 -8.8532e-01 2.1868e-01 -7.4251e+00
19737 5.8406e+00 -3.4261e+00 5.7433e-01
19738 1.1572e+00 -6.8216e+00 -4.0085e+00
19739 -8.6277e-01 -5.4291e+00 5.2576e+00
19740 -3.7564e+00 1.4962e+00 1.4428e+00
19741 1.9690e+00 2.7987e+00 4.1008e+00
19742 -3.8350e+00 -3.1929e+00 3.5633e+00
19743 -2.8197e+00 -6.5732e+00 7.6410e+00
19744 -4.1683e-01 -2.2762e+00 1.9621e+00
19745 -1.0863e+00 -5.4159e+00 7.3692e+00
19746 -1.8314e-01 3.2692e+00 4.3827e+00
19747 -2.1876e+00 4.4911e+00 5.7971e+00
19748 2.4126e+00 -6.0115e+00 3.5572e+00
19749 9.7506e-01 2.4385e-01 -3.9128e+00
19750 -4.2280e+00 -3.4477e+00 5.2972e+00
19751 -1.2261e-01 -3.1089e+00 9.6015e+00
19752 -1.1746e+00 -4.1820e-01 3.6926e+00
19753 -3.6224e+00 -5.3668e+00 1.1726e+00
19754 6.8750e-01 -4.4041e+00 -5.5382e-01
19755 2.5608e+00 -2.0402e+00 2.6771e+00
19756 5.5782e-01 -1.8922e+00 2.3120e+00
19757 -1.9515e+00 1.5991e+00 8.1375e+00
19758 -1.2103e+00 -2.4916e-01 1.9350e+00
19759 1.3747e+00 1.2606e-01 1.7644e+00
19760 5.4660e+00 -5.1038e-01 7.7065e+00
19761 -3.4261e+00 2.0763e+00 7.2935e+00
19762 3.9656e+00 -1.9204e+00 -5.0830e+00
19763 5.7179e-02 -5.2066e+00 3.1012e+00
19764 5.5610e-01 -3.0226e+00 3.2875e+00
19765 1.7002e-01 1.6325e+00 5.9172e+00
19766 -2.5583e+00 -5.2226e+00 -2.4155e+00
19767 -2.4004e+00 5.0088e+00 2.2674e+00
19768 -2.6705e+00 -4.2673e+00 5.0576e-01
19769 -1.1943e+00 2.4774e-01 -3.1239e+00
19770 3.8659e+00 -5.8227e+00 5.5102e+00
19771 3.0240e+00 -1.9428e+00 2.7818e+00
19772 -1.1631e+00 -2.0428e+00 6.8113e+00
19773 -6.4187e-01 1.1356e+00 4.8580e+00
19774 2.1734e-01 -8.8833e+00 5.1487e-02
19775 -3.6026e+00 -3.3833e+00 3.7862e+00
19776 2.0446e+00 1.6986e-01 1.1310e+00
19777 8.0583e-01 -2.7675e+00 1.1551e+01
19778 -7.5852e-01 1.3272e+00 1.3632e+00
19779 -1.5735e+00 -1.7274e+00 3.4657e+00
19780 -2.9420e+00 -6.5555e+00 -8.9734e-03
19781 -2.3571e+00 -5.5152e-01 9.7930e-01
19782 4.7519e-01 5.4052e+00 8.8626e+00
19783 4.9976e+00 2.8131e+00 2.7324e+00
19784 -4.2393e+00 -5.7709e-01 7.5647e+00
19785 5.1950e-01 8.4398e-01 4.0248e+00
19786 -4.5269e+00 3.3694e+00 4.7368e+00
19787 -1.5299e+00 4.2835e-01 9.3926e+00
19788 -6.2019e+00 2.9634e+00 6.2243e+00
19789 1.3542e+00 -2.1717e+00 4.0598e+00
19790 -2.8225e-02 -5.2252e-01 6.6331e+00
19791 9.1535e-01 3.5388e+00 1.6088e+00
19792 -2.7366e+00 -1.5930e+00 6.2077e+00
19793 4.3807e-01 -6.7649e+00 6.4736e+00
19794 3.6724e+00 -1.4773e+00 1.3785e+00
19795 -2.1202e+00 -3.4613e+00 4.0612e+00
19796 -8.0738e+00 -3.9474e+00 5.5586e+00
19797 4.1699e-01 -3.3020e+00 9.5750e+00
19798 2.5480e+00 2.0362e-01 1.2278e+00
19799 -2.1254e+00 -9.3460e-01 2.8316e+00
19800 -3.7240e+00 -3.0012e+00 7.3140e+00
19801 1.4864e+00 -1.4356e+00 -2.8560e+00
19802 -2.6225e+00 4.2125e+00 3.0213e+00
19803 -3.1925e-02 -2.7754e-01 4.2696e+00
19804 -7.2150e-01 -7.3590e+00 3.5174e+00
19805 -1.0364e+00 3.1627e+00 4.6633e+00
19806 -3.9933e+00 2.2785e+00 5.9981e-01
19807 -4.1128e+00 1.9980e+00 1.8492e+00
19808 -1.1356e-01 -9.1484e-01 2.6148e+00
19809 -7.7132e-01 -1.5051e+00 2.6460e+00
19810 3.2068e-01 -4.9851e+00 -4.6794e+00
19811 -2.9049e+00 2.5415e+00 1.9650e+00
19812 5.7463e+00 1.8083e+00 5.6866e-01
19813 -4.0891e-01 -7.7183e-01 3.5312e+00
19814 -2.8354e+00 -8.4334e+00 6.1001e+00
19815 -3.6174e+00 -4.4475e+00 2.6876e+00
19816 3.1212e+00 -3.6316e+00 1.6229e+00
19817 -3.9817e+00 -5.3614e+00 3.8717e+00
19818 2.1440e+00 -8.1372e+00 5.6683e+00
19819 1.1487e+00 -3.2497e+00 -9.2182e-01
19820 -2.3526e+00 -1.1454e-01 2.5959e+00
19821 -3.9078e+00 5.9713e-01 -7.6770e-01
19822 -4.3134e+00 2.9364e+00 3.5011e+00
19823 -3.4438e+00 -8.1971e+00 3.6192e+00
19824 -9.9087e-01 9.1094e-01 3.6546e+00
19825 3.3742e-01 3.3158e+00 2.3617e-01
19826 7.5934e-01 -1.0637e+00 3.9265e+00
19827 1.2666e+00 -1.8197e+00 3.4349e+00
19828 4.1153e+00 5.5267e-01 4.8656e+00
19829 -4.6627e+00 5.5441e-01 2.9066e+00
19830 2.3268e+00 5.2623e+00 -1.4061e+00
19831 -7.8534e+00 -1.6758e-01 5.7052e+00
19832 -2.7889e+00 -4.0219e+00 -6.2849e+00
19833 -9.8347e-01 -4.0709e+00 -1.5195e+00
19834 -7.2021e-01 -4.4630e+00 5.7204e+00
19835 1.7294e+00 -2.6418e+00 7.3890e-01
19836 -7.7470e-01 5.3424e+00 9.5290e+00
19837 -4.5696e+00 6.5204e+00 9.2526e+00
19838 -1.7957e+00 -1.7716e+00 2.1984e+00
19839 -6.5207e-01 3.2504e+00 -2.1777e+00
19840 -2.2692e+00 3.6020e+00 9.2847e+00
19841 2.7610e+00 -2.4515e+00 2.9032e+00
19842 2.8399e+00 -6.4602e+00 1.0661e+00
19843 9.1487e-01 -3.5517e+00 -1.2722e+00
19844 -9.1037e-01 1.5519e+00 2.5914e+00
19845 4.0122e-01 -1.1706e+00 5.8727e+00
19846 1.7521e+00 1.2892e+00 3.5352e+00
19847 -3.0702e+00 -1.3150e+00 9.1087e+00
19848 -9.9325e-01 -4.6208e+00 1.2659e+01
19849 1.7825e+00 -2.6476e-01 -1.4297e+00
19850 3.7840e+00 1.5485e+00 4.1566e+00
19851 -2.9031e+00 -5.1586e+00 7.1984e+00
19852 6.4082e-01 -1.1686e+00 -1.4600e+00
19853 -4.2720e+00 -1.5043e+00 -3.7300e+00
19854 -1.7848e+00 -6.0393e+00 4.0446e+00
19855 -1.0934e+00 1.9840e+00 3.3446e+00
19856 -3.4355e+00 2.9467e+00 2.3844e+00
19857 -2.0972e+00 -1.9713e-01 4.7158e+00
19858 8.0486e-01 -8.0351e+00 6.5763e+00
19859 6.2140e+00 -2.5136e-01 7.1701e+00
19860 -1.9325e+00 -2.1988e+00 6.5021e+00
19861 1.8953e+00 -4.3413e+00 3.8626e+00
19862 -8.1769e-01 -3.4926e+00 4.2315e+00
19863 -3.2373e+00 -7.7572e+00 6.4711e-01
19864 2.9811e+00 -6.0071e-01 4.8061e+00
19865 1.0931e+00 -3.6039e+00 6.1427e+00
19866 1.5892e+00 -1.2604e+00 -1.0195e-01
19867 2.5353e+00 -9.0267e-01 9.9034e+00
19868 2.0931e+00 -1.6345e+00 1.6869e+00
19869 6.5581e+00 -4.2404e+00 2.8225e+00
19870 -2.0662e+00 -2.0358e+00 4.9616e+00
19871 -6.3870e-01 -4.4307e+00 5.1585e+00
19872 -1.2853e+00 -9.3845e+00 8.2557e+00
19873 1.3900e+00 -2.8516e+00 -2.6427e+00
19874 -4.9861e+00 1.8761e+00 3.5418e+00
19875 -2.1801e+00 -2.6232e+00 1.2675e-01
19876 8.8115e+00 -8.6548e+00 7.2069e+00
19877 -3.3061e+00 2.6255e+00 4.7333e+00
19878 -3.5064e+00 -4.9482e+00 1.6621e+00
19879 1.4147e+00 4.1661e-01 4.8420e+00
19880 2.3440e+00 2.7375e+00 6.4139e+00
19881 1.3256e+00 -7.0422e-01 7.7062e-01
19882 -3.1405e+00 -1.5640e+00 9.3236e+00
19883 4.0914e+00 6.1277e+00 6.0085e+00
19884 1.0570e+00 -4.8765e+00 5.8300e+00
19885 -1.1323e+00 -2.4631e+00 4.1042e+00
19886 -6.1576e+00 -2.7302e+00 6.4329e+00
19887 2.1775e+00 1.9465e+00 3.1444e+00
19888 -1.8106e+00 -3.1172e+00 -3.1699e+00
19889 -8.0413e-01 1.2791e+00 7.5717e+00
19890 -3.7795e+00 -2.2456e+00 -6.5541e-02
19891 -1.6638e+00 2.3586e+00 9.6132e+00
19892 1.6247e+00 -5.8683e+00 2.2161e+00
19893 -2.4706e+00 -3.7442e+00 5.3350e+00
19894 -3.0665e+00 -5.7455e+00 -3.2643e+00
19895 2.4145e+00 -4.3374e+00 -1.5113e+00
19896 -2.8745e+00 -1.2424e+00 6.9885e+00
19897 1.9186e+00 1.7556e+00 6.0839e+00
19898 -5.7630e+00 5.6857e+00 1.1871e+01
19899 2.9752e-01 -1.9025e+00 2.6905e+00
19900 8.2404e-01 -5.7999e+00 8.4311e+00
19901 -2.8759e+00 -8.0918e-03 3.7845e+00
19902 9.8333e-01 -1.7691e+00 5.7425e+00
19903 1.3684e+00 3.1572e+00 4.6027e+00
19904 -1.4195e+00 -1.0616e-01 5.8149e+00
19905 -4.3352e+00 -6.8143e+00 3.8635e+00
19906 -4.4839e+00 5.1803e+00 -7.2191e+00
19907 -3.3434e+00 8.0869e-02 -1.3850e+00
19908 2.5386e-01 3.8974e+00 -3.1338e+00
19909 -1.3195e+00 -1.3384e+00 1.2662e+00
19910 3.7544e+00 1.1522e+00 7.3400e+00
19911 -5.3150e+00 -1.5777e+00 9.9400e+00
19912 -5.5877e+00 3.0196e+00 -9.0334e+00
19913 -2.9634e+00 -4.3572e+00 5.4474e+00
19914 -3.7452e+00 -5.0879e+00 1.1112e+01
19915 -6.4989e+00 -1.1030e+00 6.8426e+00
19916 -2.9604e+00 -3.7283e+00 6.2735e+00
19917 -6.6055e+00 8.7810e-01 6.5478e+00
19918 -5.5790e+00 -1.7576e+00 8.3444e+00
19919 -6.8699e+00 5.9136e+00 8.3310e+00
19920 -3.5218e+00 -1.5548e+00 8.1125e+00
19921 -1.8920e+00 -1.2836e+00 1.1349e+01
19922 -1.4135e+00 -7.6085e-01 -1.4477e+00
19923 -6.8217e+00 -1.5168e+00 1.4871e+00
19924 4.4340e-01 2.9858e+00 7.3543e-01
19925 -3.5743e+00 9.1728e+00 2.7351e+00
19926 -5.3132e+00 6.8234e+00 8.9982e+00
19927 3.0987e+00 -3.8111e-01 7.1599e+00
19928 -1.7493e+00 1.8853e+00 7.1614e+00
19929 -3.7648e+00 5.1487e+00 3.9419e+00
19930 -9.3286e-01 1.7070e+00 9.1637e+00
19931 -2.1252e+00 -1.6759e+00 6.2621e+00
19932 1.6499e-01 -1.1169e-03 1.0985e+01
19933 -5.8057e-01 -4.7786e+00 8.4099e+00
19934 -6.2985e+00 2.1411e+00 8.0055e+00
19935 -3.1173e+00 2.3613e+00 8.0946e+00
19936 -7.7153e+00 9.6146e-01 4.2851e+00
19937 -2.6839e-01 -2.4325e-01 8.7852e+00
19938 1.5338e+00 -3.3084e+00 1.2120e+00
19939 -1.2542e+00 9.4936e-01 -2.2281e+00
19940 -2.1550e+00 6.2463e+00 2.1263e+00
19941 -1.1616e+00 3.7621e+00 -2.1412e+00
19942 -6.0698e-01 -1.3890e+00 5.6581e+00
19943 8.6500e-01 -1.8099e+00 1.3960e+01
19944 -4.1636e+00 1.5684e+00 9.3655e+00
19945 -3.9714e+00 -1.5331e+00 6.9492e+00
19946 -1.3428e+00 2.2021e+00 1.1100e+01
19947 3.7571e+00 1.1834e+00 1.0748e+01
19948 -1.2289e+00 3.2619e+00 -3.0059e+00
19949 9.5092e-02 4.4193e+00 -5.7362e+00
19950 4.7115e+00 3.2268e+00 5.2987e+00
19951 1.4554e-01 -3.1544e-01 -5.7367e+00
19952 -3.8194e+00 -2.8718e+00 7.3264e+00
19953 -2.6531e+00 3.9382e+00 2.5319e+00
19954 -2.4605e+00 6.5236e+00 2.5830e+00
19955 -2.1459e-02 4.3455e-01 8.2004e+00
19956 -6.4070e+00 2.7252e+00 9.2293e+00
19957 -3.4384e+00 -7.3281e-01 8.5309e+00
19958 -5.1663e+00 -3.4498e+00 8.4618e+00
19959 -3.8086e+00 7.2049e-01 8.6672e+00
19960 3.7862e+00 5.1087e+00 -6.0493e-01
19961 -4.5743e+00 -1.1772e+00 1.5010e+00
19962 -3.8878e+00 -2.6691e-01 4.2903e+00
19963 5.6069e-01 2.2070e+00 1.2413e-01
19964 -1.1818e+00 1.4301e+00 -4.3109e+00
19965 -9.8941e-01 -1.3685e-01 1.4540e+00
19966 -4.9272e+00 5.3447e+00 3.9904e+00
19967 -2.5312e+00 -5.7159e+00 1.5550e+00
19968 -1.4895e+00 6.5479e+00 -4.5801e+00
19969 -4.4090e+00 1.7746e+00 7.3576e+00
19970 -5.6023e+00 5.7113e+00 8.0684e+00
19971 -1.2045e+00 -3.8652e-01 8.6225e+00
19972 -3.2721e+00 1.6041e+00 8.0735e+00
19973 -8.1393e+00 -3.8777e-01 5.9126e+00
19974 -2.6014e+00 2.6066e+00 2.0935e+00
19975 -6.4536e+00 3.8068e+00 5.8599e+00
19976 -2.1221e+00 3.9721e-01 7.4698e+00
19977 -4.2607e+00 2.3601e+00 7.3867e+00
19978 -3.8397e+00 5.0517e+00 6.8228e+00
19979 -3.7005e+00 2.8056e+00 7.0245e+00
19980 8.0262e-01 -6.7262e-01 -7.3315e+00
19981 -1.3401e+00 8.5829e+00 9.6918e+00
19982 -2.0295e+00 1.6232e+00 -5.2102e+00
19983 -4.5233e+00 2.8346e+00 -3.3489e+00
19984 -2.8666e+00 2.0650e+00 7.9084e+00
19985 -1.6712e+00 -2.8837e+00 -9.2717e+00
19986 -1.4113e+00 2.2063e+00 1.1718e+01
19987 -9.3628e-02 2.8683e-01 8.2012e-02
19988 -2.8252e-01 3.9360e+00 8.4986e+00
19989 -8.4255e-01 3.5349e-01 -1.5955e+00
19990 -1.8730e+00 -1.9831e+00 -3.9143e+00
19991 -6.4304e+00 -2.2365e+00 7.5612e+00
19992 4.8182e-01 2.0841e-01 2.9341e-01
19993 -3.6455e+00 1.7000e+00 3.4092e+00
19994 1.9141e-01 3.9084e-01 4.8931e+00
19995 -3.7630e+00 2.3949e+00 6.2899e+00
19996 -2.1974e-01 -6.6266e-01 1.0760e+01
19997 -4.9284e+00 2.7552e+00 1.6116e+00
19998 3.5063e+00 1.5212e+00 -5.5327e+00
19999 3.1791e+00 -2.9796e+00 6.5947e+00
20000 -1.3373e+00 7.3844e-01 4.3355e+00
20001 -2.2902e+00 4.9622e+00 2.7255e+00
20002 -1.8911e+00 6.5906e-01 4.0130e+00
20003 1.3313e+00 4.4267e+00 7.2876e+00
20004 -3.7192e+00 9.3515e-01 -2.2669e+00
20005 2.7776e+00 1.5730e+00 1.1850e+01
20006 -5.5493e+00 -8.8551e-01 1.0724e+01
20007 2.2243e+00 5.5968e+00 4.0039e+00
20008 -4.1626e+00 3.3297e+00 6.9484e+00
20009 -6.8062e+00 3.3343e+00 1.9676e+00
20010 -1.7287e+00 1.6636e+00 9.8303e+00
20011 -7.4092e+00 3.2566e+00 8.8468e+00
20012 -3.7714e+00 -3.5324e-01 -7.4476e+00
20013 -4.7057e+00 -2.5318e+00 5.0641e+00
20014 -2.7425e+00 -4.7629e-01 7.7924e+00
20015 -1.6215e+00 7.5885e+00 7.2521e+00
20016 -4.5267e+00 1.6574e+00 1.9897e+00
20017 -8.3620e-01 4.8757e+00 7.1306e+00
20018 -6.0878e+00 1.7820e+00 3.8132e+00
20019 -7.0676e-01 9.9616e-02 -1.1480e+00
20020 -1.9578e+00 2.5490e+00 8.4207e+00
20021 -1.8198e+00 -5.4743e-01 -1.1228e+00
20022 -4.3285e+00 -3.5042e-01 -4.0474e+00
20023 -6.3163e+00 4.4297e+00 5.9526e+00
20024 -7.6254e+00 -3.9669e+00 7.9298e+00
20025 -2.1841e-01 4.6418e+00 3.2120e+00
20026 -8.7261e-01 -5.0431e-01 2.1853e+00
20027 1.6912e+00 3.3760e+00 5.4160e+00
20028 -2.8969e+00 7.1945e+00 8.0019e+00
20029 5.5052e-01 6.4665e-01 7.8538e+00
20030 -9.3375e-01 1.8464e+00 8.9947e+00
20031 2.2697e+00 4.1527e+00 5.3843e+00
20032 1.7192e+00 -1.6386e+00 8.7511e+00
20033 -2.6547e+00 -3.6097e+00 1.5215e+00
20034 -6.8771e-01 -1.2846e+00 7.9258e+00
20035 2.0725e+00 -5.1072e-01 6.1208e+00
20036 -3.3799e+00 5.5724e+00 7.9081e+00
20037 -7.0691e+00 4.2018e-01 7.7327e+00
20038 -6.9279e-01 -1.7808e+00 -3.6162e+00
20039 3.4266e-01 2.9496e+00 7.3154e+00
20040 -3.9465e+00 -1.9503e+00 6.3355e+00
20041 -1.4725e+00 -1.3559e+00 9.1653e+00
20042 -2.3289e+00 2.1846e+00 6.3811e+00
20043 -1.0434e+00 2.8907e+00 -3.2740e+00
20044 -1.6143e+00 3.0545e+00 9.8378e+00
20045 1.1977e+00 3.9752e+00 8.4971e+00
20046 -2.9253e+00 -3.4010e-01 -2.3808e+00
20047 -4.0580e+00 1.7751e+00 1.4672e-01
20048 8.2700e-01 2.4526e+00 4.9233e+00
20049 -4.1124e+00 -6.2724e-01 -5.6616e-02
20050 -4.0584e+00 -1.4303e+00 6.9367e-01
20051 1.9415e-01 -1.6239e+00 1.4037e+01
20052 -2.0441e+00 9.6320e-01 8.0705e+00
20053 -4.6384e+00 7.3495e-01 -3.5225e+00
20054 -1.2071e+00 -2.6236e+00 -2.0611e+00
20055 -1.1858e+00 -9.2507e-01 -4.2156e+00
20056 1.7185e+00 -6.8326e-01 4.1368e+00
20057 -4.2763e+00 1.5776e+00 6.1690e+00
20058 -1.0095e+00 1.7765e+00 7.3539e+00
20059 9.2188e-01 -1.0880e+00 5.7121e+00
20060 4.5670e+00 3.2889e+00 6.6167e+00
20061 -3.2049e+00 3.0842e+00 -5.4410e-01
20062 2.9718e-01 3.9855e+00 4.6660e+00
20063 -2.2191e+00 6.3680e+00 1.0750e+01
20064 1.1482e+00 1.1333e+00 -3.1366e+00
20065 -5.0025e+00 2.9712e+00 5.7643e+00
20066 1.1677e-01 1.1668e+00 9.8671e-01
20067 -8.4237e-01 7.6254e-01 7.7060e+00
20068 1.7373e+00 -2.3785e+00 6.9480e+00
20069 4.9046e+00 3.7031e+00 4.4337e+00
20070 -3.9305e+00 2.3752e+00 -2.1110e+00
20071 -6.4157e+00 1.1196e+00 -1.6206e-01
20072 8.6477e-02 1.3060e+00 7.8311e+00
20073 -8.9758e-01 -6.4716e-01 4.6404e+00
20074 -1.5612e+00 3.0799e+00 1.0539e+01
20075 -2.5926e+00 -3.1330e+00 2.9072e+00
20076 -2.1997e+00 4.4084e+00 -1.1400e+00
20077 8.1199e-01 2.6745e+00 7.7064e+00
20078 -2.2853e-01 6.1929e+00 7.4964e+00
20079 -1.9125e+00 -2.9873e+00 9.6906e+00
20080 9.5841e-01 1.4784e+00 5.1730e+00
20081 -1.3599e+00 -3.0484e-01 1.1446e+00
20082 -4.7300e+00 -5.5921e-01 4.0783e+00
20083 -2.9175e-01 2.2473e+00 8.9067e+00
20084 -3.6360e+00 -1.3598e+00 4.2907e+00
20085 -3.5597e+00 -6.1773e-01 3.6687e-01
20086 -2.4033e+00 9.1247e-01 7.7894e+00
20087 6.0002e+00 -1.2403e+00 3.8023e+00
20088 -5.3247e-02 4.3889e-03 3.0990e+00
20089 -2.0442e+00 2.6282e-01 1.1054e+01
20090 5.0947e+00 5.0884e-01 -6.7310e-01
20091 -2.3452e+00 -3.7396e+00 7.0066e+00
20092 -3.3122e-01 4.0758e+00 3.3731e-01
20093 -2.9307e+00 1.9745e+00 8.3311e+00
20094 -2.9444e+00 2.5209e+00 9.2064e+00
20095 -6.4364e-02 -6.3789e-01 8.6908e+00
20096 3.0584e+00 -2.2461e+00 7.4232e+00
20097 2.5914e+00 -1.1949e+00 1.0479e+01
20098 -2.0597e+00 3.0885e+00 1.2033e+01
20099 2.2729e+00 -2.9043e+00 1.0346e+01
