0
4833
18607
4915
4876
18606
18668
18609
4879
4894
18589
4908
4672
4832
4853
4827
11428
4870
18672
4834
1610
4950
18669
4829
18678
4831
4903
18487
4868
18371
4460
4854
18680
18641
18377
4906
18977
18671
10672
18621
4900
4856
10113
18360
18586
4461
18616
18602
4872
18673
4917
18781
4911
10272
10051
15628
18684
18329
4830
18688
10683
18569
4885
4849
18489
18174
4864
4909
18570
18663
9083
18667
9248
4869
4826
16913
18982
18622
9108
18308
18426
7027
18457
18605
18635
18675
4859
4862
18445
18601
1220
18681
4656
10111
18413
13957
13921
18160
18624
19890
3650
4873
18579
18362
18603
3879
4893
18665
9082
18458
13582
4456
5586
17348
18443
16262
17470
3970
19735
18983
18633
18594
4861
18707
10320
18372
17613
18568
16919
18584
18376
18427
18556
17980
5010
4848
10129
10405
4902
5021
18420
4892
4867
10618
4850
1646
18631
18346
18440
9247
4896
4871
16978
3485
3740
18682
4959
18659
18212
4678
4877
4951
4857
12970
4954
4302
18392
4875
18674
4910
15946
18380
2629
1526
4913
18401
18647
4356
13853
18897
2683
14680
4898
8898
8351
10692
5016
14156
18661
1931
18625
4863
4916
12172
5893
18361
972
13084
13990
18576
16927
10674
15629
5020
10691
19743
19014
9457
4949
18655
12334
4866
7815
4847
18390
18626
2342
18679
18715
18578
3409
9960
4914
48
19749
15663
18475
4825
18400
18357
9109
6408
15657
18627
13670
9564
18565
18112
18711
7990
18419
4324
2763
18638
18660
16213
18450
6395
3462
18382
5789
4851
19045
18442
18411
18713
18350
18307
4855
15631
6830
14520
18395
19828
469
18591
10799
4657
18425
6467
18399
5663
4422
18590
18422
8740
8330
9100
4920
18474
4991
9862
18140
18213
18653
9080
18096
18292
16147
9976
4933
5957
17731
10325
19641
4661
4653
1003
10291
447
18228
13669
4934
15656
480
1455
14301
10062
18461
6533
19231
18637
18780
13915
4901
748
18628
4918
4874
2233
18481
18472
4737
15390
6582
114
17495
8724
4838
10681
18356
4321
14484
15052
8793
18608
16669
9330
18363
9774
18245
14175
5630
12034
10871
18639
8192
9646
16278
18374
4673
6728
18220
893
17653
16223
17037
12200
4976
4904
7296
18642
5004
18267
20093
17340
18207
10396
16422
8465
8333
18760
11194
17691
4362
18710
2010
12851
8703
6902
13705
18491
4824
18483
10712
8079
10157
12663
1810
9074
17553
9104
10760
12457
14842
3098
5109
10714
19448
613
19833
6956
7876
19622
7483
17295
2242
8327
8439
18168
5428
15472
18333
12543
15451
18618
18302
4669
19779
10053
8075
9284
112
19915
4677
5684
8546
19500
10336
10689
12507
7459
18468
14696
15487
18193
12381
7058
3051
4069
18355
4340
10156
1349
9577
6950
12437
16333
10323
7473
16625
16848
16997
3830
18902
4060
8040
3718
18353
11412
18651
7892
17693
19028
13196
4891
18989
5653
19917
10140
17129
3901
14163
2933
12561
4919
11526
4955
17746
15587
16932
18431
15060
4297
1675
18644
10699
18664
18049
4839
18464
4296
18692
11315
1751
10572
18709
3309
18215
4805
6790
13925
7181
18610
154
17965
4972
18217
13897
15664
16736
9932
11658
18613
5477
9649
7149
17130
18645
5440
18394
5013
18723
4497
12452
10709
18386
3196
4664
176
6511
14874
12633
12671
9077
5250
14760
15308
6616
8222
7235
1196
8379
5747
13852
18648
19935
18438
4031
17110
14074
6208
4889
4802
18634
12100
4074
4127
6066
8520
17579
11669
18221
6944
18403
6401
18566
18650
13682
4836
7956
9724
18984
18375
5996
8951
10961
7179
12446
11253
17474
6324
10031
3263
14228
10785
9964
2531
18385
7957
3499
19163
10595
6078
18197
5011
14706
2628
18583
15640
3638
16176
4386
18776
18970
5272
888
4835
7163
18000
9647
4996
6688
11507
3159
692
9627
5797
6811
6717
14716
1958
9469
990
19518
4841
18408
3510
9008
10616
1170
13395
12165
18597
4666
18587
11200
4952
12374
18898
4865
12463
19693
17976
10846
624
3706
15468
17196
9874
5528
7315
11928
7441
11100
18903
15306
10060
1839
17106
14812
7714
10262
2144
6814
4291
18676
18027
13130
12715
2732
18388
1221
10671
4843
17835
2818
4068
4956
8412
15670
3715
7765
12337
11120
5006
2499
10675
9081
18441
19453
10610
4860
19870
6926
15733
14784
4993
14513
4732
18562
9033
2422
2515
8831
12640
7619
4966
11551
981
9557
13953
6827
15069
10706
10590
9249
3271
6013
4273
18731
18543
15477
18479
13693
11183
16164
12047
3572
16607
18614
18406
6450
18705
19476
4319
12005
5322
10767
13482
15161
4912
18687
13504
14161
14321
18926
9694
18460
3528
6714
7689
15619
18714
13211
8529
4462
4738
12180
2468
17207
4315
17355
6780
15720
17171
14550
9124
4995
13277
18717
15604
14988
17496
18598
8276
864
4032
3586
14586
10956
18366
4743
529
18117
18913
17892
10388
18347
11616
5682
12529
14299
10587
9047
10351
5007
3941
2469
18746
2952
9563
5023
3413
17358
13210
14600
5207
14509
17733
4714
17247
8541
13890
8506
18619
19906
19160
4017
4969
2787
7302
3677
4399
9766
18383
10745
7294
10539
8083
18365
1657
8313
14078
9376
12593
16216
10901
19474
10877
12114
11255
13304
6407
14572
11007
8977
12217
9099
11387
610
18473
5460
15266
19557
8177
2914
8680
14129
10838
10730
530
7324
10783
18712
16481
15533
1662
4968
9631
14416
4881
17279
11465
11235
7780
292
19497
12499
17575
9843
9570
1986
14360
18630
10758
7478
4809
16824
18214
4922
7106
14690
9558
2987
1019
13722
15419
12462
8120
1482
18231
9373
19027
12318
18670
16792
20
2821
3204
7970
3094
14891
13251
4884
1509
16576
18060
17637
13364
8375
18477
449
13515
16507
11356
7632
2482
11912
5921
15586
10807
19867
7115
15364
8549
20024
5633
14377
6399
16811
7542
15110
10025
3224
5950
9981
6850
18906
16596
12722
12394
1072
12621
16081
18617
13881
16312
10795
13184
2808
15467
7407
4742
8332
14630
10708
2827
19947
12615
5656
5774
18737
18186
12781
13017
20000
18743
202
9182
14579
5805
9829
13662
6939
18175
14512
15869
15286
10665
13477
15881
4948
17296
5205
15065
10234
13059
8242
11919
11170
2502
19337
3848
4828
19892
18222
6715
586
6200
3959
3736
1852
8458
2600
12515
12303
4962
15681
14328
3871
5000
5124
2248
18915
3840
5253
13867
13420
18439
8601
2790
4382
10467
12262
3558
6217
5430
18999
8029
12554
1149
10098
18654
9760
4272
16075
6985
18415
10288
6905
10107
13481
300
2919
19092
18904
12023
11909
15516
10321
18016
10847
17985
20078
4309
5948
5557
18657
18237
8286
8930
18643
426
15469
14494
18620
9327
8779
14332
14138
2083
1756
10142
2049
6253
17507
18396
4282
18211
5869
9792
7665
8523
8407
16750
4280
18592
19889
9568
5165
11404
4351
18398
1714
14762
16772
3043
17363
18397
11033
15852
13329
19167
2019
7391
2648
5376
14478
9650
1088
14701
16651
5320
8745
16980
4907
4008
6675
18935
1172
6929
3418
12508
10914
10882
17467
7623
10803
17405
18724
6984
16958
14597
7736
13449
851
4377
3199
17108
18391
18465
3541
13787
17973
4303
8295
10832
3819
14280
2288
17853
6502
7148
352
14174
19884
1053
12090
15136
2188
18434
220
12212
18223
13334
19443
19338
4423
1718
7543
13554
1943
18020
13045
14143
9823
8921
10858
8716
15615
3743
633
11774
6402
15886
4323
19198
5817
19586
175
18559
15515
13823
5409
5551
2893
7872
5553
6979
11184
13734
10678
4987
13147
8699
5707
3250
6567
2045
7828
727
4408
18109
17798
16724
46
6880
19283
4667
4342
6494
3152
12743
6245
1906
15812
270
5342
18113
13000
11212
2693
5039
18437
17462
804
14862
13657
19212
4958
17179
13220
19535
3994
19999
11734
15225
17605
8890
5590
10790
16064
17759
2944
12528
17661
14291
2489
4318
1240
17045
16763
11456
356
16425
18588
17421
11175
6698
11515
9618
18490
590
8290
19840
18581
955
17543
14287
5765
10804
19576
74
17968
18424
10711
13737
9051
2298
17142
6789
18953
6272
14946
2704
293
3257
4104
18224
17387
10753
18689
14336
15423
11948
8129
10134
459
11497
13652
15917
4295
9326
849
17524
3702
17086
3757
6201
8475
18351
10516
13750
17729
19324
17026
10290
18462
1195
9514
5344
14880
5258
12937
16654
11954
13771
19661
12863
14333
13424
15083
6142
1067
7959
12060
17132
5335
3237
12293
775
10264
18567
19263
10149
18384
2709
19965
14
971
957
10960
5938
659
12974
3122
224
14740
2886
2304
9442
19802
2343
15245
3910
12209
4446
13558
3900
25
5632
16747
10823
3552
19132
19254
8287
6191
10693
12531
3837
11472
13204
66
11749
7008
13248
4234
15188
10673
8398
2839
14601
11766
8536
13551
10942
8293
11808
13719
4114
1902
1361
18402
12641
13772
5496
18632
11884
16292
442
8164
7703
3764
16966
3120
14937
1611
3671
20037
5531
17469
17465
19531
5499
17828
8628
16233
6873
10210
16314
11527
1024
4367
10777
17890
5825
230
18467
14334
8767
8993
18959
10143
10470
9883
11917
17538
8266
470
16839
9922
18486
11207
7170
10324
15395
16373
758
10471
8936
11600
14916
408
9788
17166
9058
16328
15521
15750
6231
18275
9075
16674
5609
17450
9988
16369
19582
13726
3946
16310
8605
10768
1113
9073
13485
14661
4965
10072
4999
14442
11641
4328
17902
10100
13023
8789
7229
5611
6068
19248
5910
18449
16999
15800
5815
3628
2564
17728
7248
8355
1129
10240
11839
18210
10080
2316
18484
11505
3812
3607
16028
18485
19373
9559
15165
18364
19754
662
3527
10158
3800
14157
18276
19794
5364
1997
734
7799
1649
9573
1417
3760
10152
15748
19180
1387
19237
28
17700
9310
15571
18600
4668
5118
261
7850
6404
8692
18447
11447
17891
10075
16725
16389
19662
13199
15667
19236
2563
7136
5997
2392
1653
8478
1961
18272
18956
6136
4680
10536
7655
12514
11791
8644
837
1912
12914
16826
10668
12712
17548
4699
18656
5902
13681
2213
14327
18270
17857
16330
9486
3590
16377
19545
625
10058
4796
5688
2811
12002
10148
3616
11806
5148
820
2012
5357
5389
19094
19660
3405
3311
18205
6838
10503
9689
8803
5946
18389
2237
12932
10196
18432
1246
6949
10400
10574
19629
1510
16971
7047
10314
11117
6806
1927
4957
17956
17760
11797
10887
9745
5919
569
15627
17333
16396
5490
240
18026
2911
8134
17168
14123
1669
9970
13487
11979
14677
13743
14632
1285
17751
12323
4019
15850
16857
78
6621
1479
12523
18303
550
9729
4658
19713
18980
4970
3246
1987
13453
3369
3653
4394
16950
3838
4990
4800
4100
4255
12133
8444
11587
18190
17711
12806
11866
7699
9420
18981
5522
13358
1773
18381
15023
4062
1797
1440
3212
13400
6572
18599
2542
12202
8190
12565
11946
11573
612
12335
5220
4977
10411
11119
9662
17694
15470
3950
7186
16994
17293
18358
12398
486
15211
3478
1434
15870
1319
9350
20066
6890
1842
8028
15032
8932
12430
10141
12605
12772
17781
12606
16482
17838
2830
14525
14364
4225
5332
2447
8341
42
7224
5639
3514
15014
18730
12928
10747
14608
11438
9180
2123
9543
17093
8135
12555
19196
12795
8540
19232
14195
19178
2007
5595
11359
14679
18208
13483
13176
15440
14595
6585
4936
5962
248
17501
3915
16577
16241
12525
65
17992
19902
5079
18179
1304
9758
149
747
10508
17350
7811
6997
10132
161
10498
2894
14339
19471
17494
2498
1358
1209
9507
10026
11334
13968
4389
15834
19817
1473
10342
9565
16094
6718
906
17033
18466
10398
10688
19230
14935
18693
8009
9166
19480
19479
14915
14241
16821
17457
19878
6801
17585
5017
954
4655
14729
5306
5732
18973
15066
6333
12821
16876
9771
18649
1956
677
4398
314
3591
5155
6882
4967
18612
7578
11814
8624
16880
12053
19454
1584
18373
11694
15779
7851
15939
16159
3717
13238
14369
9453
3908
7074
3605
19516
6111
7486
9112
8611
18310
7270
14941
3564
11974
15150
9778
9896
606
12038
802
7958
7566
6255
2234
4379
11445
8496
17214
6313
13560
916
10720
17880
1177
14745
15355
18204
7587
6831
18062
6151
8116
18545
16012
2643
1466
6134
4925
13104
8504
14930
8824
8369
8784
13246
20032
386
15087
18965
16475
10957
4267
5226
11146
5278
1599
10981
19159
5964
16472
9416
10222
7305
12513
18764
2338
16056
7650
19335
1300
3370
648
17949
9387
10580
896
8804
18775
7422
12110
8651
19192
14227
2798
16727
6510
12667
18636
1527
7433
18646
19674
13135
11601
6461
4498
4716
8091
1359
3055
18933
14901
7544
10621
8399
15512
12803
18123
17069
12371
165
19832
17689
11821
9611
4880
5956
15673
16709
7026
12566
10623
10122
16953
14256
10853
12195
2669
14356
2386
16737
4400
14096
11597
1426
8727
12804
5024
10827
17070
15770
10281
18421
18572
14312
16503
15271
18278
5241
9136
7598
8338
16421
14848
18962
11041
8381
640
16852
3795
2245
6888
6147
1640
19520
19930
18227
11688
8512
13455
17357
11563
6807
16345
5003
8356
10057
14147
19216
12578
19056
17342
15911
11565
8372
14238
17914
10761
2151
16745
5616
18091
19172
17252
4895
2301
7452
1404
321
254
10687
6576
6930
5625
2235
12193
11689
11852
3914
13659
5592
8528
10798
18929
2698
6586
2141
9043
5427
19992
9498
16032
14721
277
9679
9098
12454
9730
18555
10662
10820
15389
15173
18975
7998
11323
16715
18451
19425
13428
17713
650
5120
2467
12326
12246
10873
14564
620
14100
12267
5115
15199
19829
15514
7447
16681
8403
5123
17223
18128
7405
17016
11450
9667
15818
14556
11730
16626
2293
18456
14244
2702
3105
16350
6115
4989
11338
1595
16205
14482
16054
17443
14004
3934
5012
3251
3287
9725
301
6084
16985
15379
5465
10677
8635
7744
7476
5212
8117
5923
4821
19591
13643
298
4354
19568
11140
67
2433
18229
2696
12623
10239
11292
12016
12634
1776
9676
1613
10607
5519
5488
16150
1432
11269
8392
5575
8291
16656
7654
13423
7861
15462
9737
3242
9572
19710
15100
5303
4935
7946
8988
4015
1306
13715
2189
2334
7645
10549
16249
13054
13728
18178
18428
4858
17699
19155
10120
7488
16742
935
17948
6424
5153
5773
19872
15050
6622
17761
1930
14575
15335
2812
7346
3790
11997
388
5680
2432
19398
18640
964
10805
14499
13389
16053
3291
12699
7455
9720
5983
3141
1866
2649
13323
3621
15913
15507
10121
15915
3185
2731
16040
10728
13940
15236
14554
1461
2749
16100
9540
14992
16891
17870
16518
19250
6025
5926
19916
5370
1061
9616
7814
9096
15193
5096
4002
7947
4392
11629
5623
1308
7051
3530
6952
3010
14724
4396
10024
17705
92
14727
4939
6472
1916
9253
13076
17706
18974
7539
18184
12846
13578
18452
6546
13249
2420
13599
12799
13741
18192
11778
1624
18905
18405
11560
16055
17988
2922
11234
11673
14658
10750
9503
73
8971
11043
8648
713
16085
14972
19401
7528
10088
8254
1219
7436
15410
780
1959
11199
17937
3175
11116
10372
19689
5467
6410
17131
7758
2393
5720
564
9158
3289
6445
11060
18541
12884
13696
19760
14162
14695
17704
15343
7509
6406
19035
13510
6597
18241
17255
5002
7604
9779
9785
13667
9179
9339
3708
16261
9487
5240
18198
15954
13074
7803
10872
4080
6162
15340
11221
7831
1029
11340
15805
2134
6640
377
3704
19008
6520
9530
32
9307
14374
15439
1474
14214
11441
19556
14998
9328
16231
5231
9821
17316
596
1402
7357
17631
13963
8574
19481
6405
19271
18611
11628
17512
1618
754
9772
8463
14637
10816
6707
11696
3403
6708
7380
18721
3876
3822
4795
11610
13698
16571
12582
965
14765
11360
10862
18990
10802
14852
1853
16793
19852
8706
7093
4275
6504
1401
2449
13628
3435
11663
14365
13931
9414
15843
1723
101
15841
3678
9518
17221
18015
19339
4116
8911
19788
1339
17410
15842
19838
16746
16460
656
18896
6337
2458
3942
5912
5387
1377
19517
15350
13004
6277
2148
17426
13706
19400
19277
8411
13781
4333
10043
552
18900
1735
3384
7554
6327
999
6138
4256
1435
11740
10682
1380
16796
7284
1293
10929
8641
10705
7356
7454
5683
11111
11281
3096
18095
8928
11422
13200
10869
35
9800
12310
12120
18604
2784
921
3143
18615
5702
9648
1496
18378
6349
3695
9712
9434
2618
17400
18561
8568
5091
10481
8084
8924
9569
15408
922
9213
8432
9550
19430
2442
13489
15234
703
16591
4926
2934
13285
8308
8259
14381
10108
11637
14093
20044
18901
18116
15421
18022
10998
3332
5125
20029
19336
19275
18226
12345
0
9857
8617
13315
12946
14712
13267
14303
4341
15701
16830
939
3138
17736
4518
14894
13806
10105
7016
19258
18114
5150
6663
4492
11484
12920
17343
6171
9948
988
1437
5441
17302
13193
7059
5822
14641
7114
8782
10880
7721
723
7936
12780
11512
19790
6495
3612
14860
11081
11617
17088
18557
14027
5614
18595
17315
18580
6659
15568
4733
10796
9581
18577
2553
15085
15538
17024
11735
13799
1324
17762
10364
17863
5689
5763
9925
20070
19668
18108
19405
19768
2339
11393
9664
1851
3233
15970
15767
6570
15591
11365
9583
13535
4403
7787
14035
9545
7524
1750
12550
473
18423
9595
12467
13917
12250
17545
9154
19885
5201
11021
2408
2766
8866
16699
17361
1178
18335
18573
7934
18153
14705
641
7214
8997
10456
15921
11805
6848
772
3553
5224
3585
9782
9820
11258
10442
8708
7388
500
11903
8953
12129
7432
8679
6403
5819
1095
1302
19530
18264
728
17441
12235
3453
3331
8949
5690
14077
14209
11353
11195
12219
12952
14486
19169
9973
382
4947
9517
1056
17659
18429
17780
16020
14402
11414
13879
769
10083
19592
215
7349
16691
3969
8754
14978
771
1745
14357
10919
3995
16447
9097
9118
7710
14807
10843
4983
3359
18349
11213
784
7429
2559
16446
11165
729
16773
15500
18379
2435
12589
7836
144
6751
20061
797
128
5208
7514
8853
2016
10480
3121
18038
14689
4009
9561
4298
7210
17391
17893
9924
6499
11293
5547
17301
17019
19881
2567
3466
14286
10603
13713
15059
9443
1711
6516
2034
16791
13563
1802
1151
8107
14987
3799
19515
3479
1615
14734
12482
7788
10762
15524
1491
1738
4102
5999
13564
13773
19355
18410
12170
5065
3115
14217
1326
7267
11613
16641
16931
5486
19767
16757
16106
5295
6205
17300
3191
7202
7624
13443
2806
2647
9963
1783
7789
7955
2588
6832
2901
4067
10306
6857
14939
13385
2741
19131
13922
16456
7588
19349
8020
3322
1619
17134
13672
19362
16142
49
9206
16066
11759
15892
13699
1203
6666
829
5952
16615
19281
13618
5481
6966
14193
281
5324
11397
8694
1075
5974
2052
1779
11496
7844
6549
2350
5196
15525
1966
4974
13255
5821
9360
11811
5791
19234
16837
13140
15695
1492
15427
16165
9548
19456
10232
8923
12836
11577
1463
14051
15448
16579
17745
7974
800
3563
15877
8684
8576
5307
6108
4011
19958
14295
4409
6877
10982
334
13194
17656
324
19096
4391
3000
2888
20057
4985
16022
10331
2665
15075
8675
18957
12380
13906
18574
19148
8470
13540
8306
14421
11614
5355
10109
15020
8016
10666
8260
4410
12236
7611
1826
903
3065
13415
9991
8984
13761
7213
11474
9938
4347
13572
3857
14692
6914
8339
15931
17542
6706
5157
12808
4276
7166
15443
5046
19888
1394
12003
15281
841
4419
9600
5019
8542
5715
15310
15422
2664
2764
19606
15977
2170
10008
11226
3095
17376
7513
11083
8904
7090
10432
4451
10888
15475
18912
346
18699
18547
7428
19681
8493
521
9919
16923
8228
12046
18480
13432
5714
12972
9551
3188
10766
14736
9056
7000
2849
14798
19021
10680
9602
16178
10856
9175
3054
1501
18144
4924
13291
11707
9700
7158
5638
11316
9688
8128
6906
9409
3907
18666
6173
2208
2701
6969
4882
20076
4343
402
3400
15938
17619
10653
13209
3777
8569
14893
19619
10360
4368
12070
280
14613
9191
12384
3307
6512
17244
1446
7066
9482
2632
4233
13838
11232
9751
15971
12064
11827
8563
18407
14419
11277
19893
16855
2814
16486
7675
6822
5473
8357
17418
2939
7292
19351
11333
7151
16520
14913
3451
9907
13040
16636
17913
10445
12969
18482
16569
3686
9669
17216
13549
3707
8643
11020
16610
10995
860
9579
8672
4654
13465
12727
6183
17380
10586
14785
4415
16993
15465
6237
9695
2852
12369
9038
5233
19608
19887
5255
13866
2651
8011
2098
12896
9508
18783
13003
1439
18703
7882
1639
6941
19694
5563
17351
20060
1818
7874
6647
8828
2336
2871
18169
2426
5648
16968
16967
2072
16906
14173
6971
14199
13435
17785
19529
8889
10650
6500
11822
10511
18430
10676
10651
19156
19450
6026
10123
13377
3440
15551
4973
1287
20068
181
12990
5708
6239
4271
1811
477
948
16259
2375
10700
15455
7205
14649
8074
917
4383
1345
4274
14931
19837
12076
14050
15981
11336
6226
7227
2097
12372
12809
933
10381
8189
17947
11036
14965
13740
18939
11188
5341
18009
11498
7809
16409
6479
7373
481
6581
18652
244
904
17193
17734
11076
12899
1174
6766
5650
5146
16753
3254
10828
13173
3471
6139
10544
4695
13475
14257
10092
10943
11352
15603
11888
9026
2858
10959
2128
3457
13561
6626
18911
6302
1850
13636
13026
709
17493
10479
7085
14090
1069
14814
12838
14909
4360
14883
19784
4301
11436
3506
18172
19541
10183
9590
1867
9882
13011
14778
1147
12121
19639
2663
4118
4986
737
4064
9501
15051
3570
7536
3608
3382
20074
1887
10788
8138
14990
1817
4522
466
18786
7054
13908
7494
18782
10579
14326
10423
18966
16218
6235
949
16222
8742
15204
9784
2644
2092
1197
2040
1816
19346
7634
4261
19736
7848
16536
8146
2512
1592
6861
19866
10166
3833
4286
646
13683
18488
5612
14039
16257
6067
1699
17187
4320
15966
18916
8787
15923
3546
8394
4322
7241
19653
12416
3854
18352
9163
9427
1673
9575
8900
4798
2046
5635
8198
7268
17583
19737
6106
13186
8815
18436
18967
8204
12377
6559
1994
11420
11540
5535
16680
20030
1883
15885
330
2015
5185
58
11955
16047
11433
10074
6894
5487
11369
15416
4388
10383
11702
680
13341
11052
6829
19691
8352
2880
18749
1101
15930
20028
13899
9521
5697
11122
9594
9079
15799
3477
10488
12177
12468
5316
6734
1465
4931
1516
1581
2593
15414
11238
14395
14566
19821
16833
13048
8095
3567
3598
9560
11624
4364
17076
19296
3489
1590
9304
9232
7370
9593
3343
13322
9036
8006
15630
17077
17904
3554
16267
12925
5772
8484
1880
14728
7468
10117
12802
13166
5580
17735
7723
11063
8098
8235
14786
19677
6879
2724
13708
17229
6396
17611
1238
4725
19407
7477
11181
13869
12163
2358
20023
8846
17146
13225
8307
19636
3619
18348
19030
9493
3646
14274
11390
10696
13817
17566
751
541
2061
14233
11384
4294
1295
3750
3863
12656
19226
27
13263
5242
3513
15859
1043
4070
1806
13226
3486
7130
10022
10261
4416
3260
3167
12413
10397
12999
4722
6699
9682
11153
15092
8597
4284
3940
191
13942
14693
11643
5422
11386
6439
8973
18685
13801
13097
17239
4270
14249
294
8744
18998
13689
16235
14924
2754
2175
6225
9923
8021
17703
9006
3952
2165
3317
2203
1016
4358
11981
2819
2506
19210
1450
6878
3874
8655
5276
18772
4520
8194
6798
10781
5054
7128
11835
11706
13664
7551
14270
8698
5634
2743
11454
19410
12424
17795
15777
13474
5864
361
4471
14576
8309
12520
14113
9822
5288
14675
13020
2367
12630
3295
18476
1035
13701
4897
18274
12810
11939
16760
415
14076
17582
15563
2532
15793
14152
3615
6534
9320
15588
13479
11351
10679
6195
11910
14400
17386
4978
7898
4236
6394
5827
15858
19434
7446
7277
1094
8408
4305
5890
1239
16556
10900
15984
4683
482
12850
13871
16764
1739
16938
14329
19093
10266
11918
6198
13066
16564
4448
16502
3443
8507
4982
14127
4316
12652
11895
1373
17144
5133
9624
14961
11627
14636
17031
10797
434
5529
8524
11358
15081
14588
2109
8042
16082
16016
17702
9850
8626
11876
3174
19573
1736
14265
1766
17332
12004
13312
14802
6892
19942
7198
15687
13228
17571
19939
6009
12638
8068
11847
11971
17081
16438
3293
634
15684
15831
1805
15727
10052
12626
14215
15990
19505
17392
6321
14492
18177
7412
6823
7223
10852
19252
10809
5812
7117
4337
6958
10770
16444
5647
211
4728
18453
11968
6238
10715
4405
16849
11241
2411
15565
7745
7109
17887
1683
726
18446
12275
15330
16671
13350
11191
15778
12733
9020
14279
6809
18021
17805
6081
3045
5990
11054
1951
83
12959
2454
1134
13421
13174
12832
16603
7250
19208
8892
12295
1712
457
4840
5393
14627
13979
2797
86
1028
8590
13742
6187
8723
17912
5044
14809
7728
10722
8636
15478
12738
8922
16868
169
12642
17600
4365
18259
14012
11289
11891
2838
10754
185
3882
16
3623
1153
8585
11824
7914
2778
10520
1080
7154
18777
969
5082
8039
14700
10746
3294
3396
13109
15089
898
19692
14682
3371
2437
10293
12855
12123
15238
3888
15825
16697
15496
15989
13444
9117
7438
8047
7567
2568
6863
16120
186
13073
4887
4018
3349
8844
5489
12965
3502
9933
10806
1537
17572
6121
7378
951
19936
17317
16829
19943
4890
7639
3601
15406
16804
17927
15878
16057
16029
10231
8438
12660
19830
20031
2318
2383
9523
8588
15093
14382
19738
1542
17786
13819
15889
17180
1629
5158
6818
7869
6654
1260
1044
8500
7344
2493
17206
3859
14452
10182
5166
12271
15270
7911
5628
17748
427
17192
5577
19946
6077
12406
8175
7916
8797
2423
19631
17708
2202
16269
15432
5692
9748
7078
20085
15717
2584
18263
2896
7172
19850
5872
2960
1790
6800
4098
2360
2038
9422
19722
18046
15418
7053
1042
3181
3377
8940
5596
1602
10426
19983
19675
6468
15476
11985
15039
15384
6600
8772
8130
1227
1428
14082
9764
11832
13902
5873
18708
11588
3948
7919
11335
3236
10545
16388
13105
6471
14367
9230
7794
15795
15454
20086
5601
9406
16903
16392
105
15297
4290
7402
7813
19976
19580
14506
13687
6251
12785
15366
18722
4384
18077
12879
9005
6762
3417
18899
18459
18412
1995
2
16135
7889
15725
1633
6782
12290
5304
9445
7683
1583
1744
18677
10395
11109
14085
2252
3895
15068
1780
12624
11163
9040
15605
8599
19049
16189
9827
14235
10697
9873
3102
15313
2156
11922
13256
14438
5719
12852
3194
12135
17263
3814
14489
9636
3086
11736
3280
1130
2407
7369
3794
17814
9921
13619
4289
6632
2527
9110
11009
14436
16781
17360
18203
17783
17269
3401
11718
8956
12093
11328
19956
17003
3716
9989
15934
3507
13283
8916
10890
3548
14846
17730
13951
14669
503
15141
11301
15429
5613
11204
19467
326
3256
11164
11942
18471
7239
14589
14628
7300
9502
10974
16916
348
12584
18218
8799
1143
19290
9901
19418
19051
1631
18003
2824
16595
5432
5057
18921
11621
16996
5498
5472
934
14251
7215
16286
9794
15433
20069
11272
9281
1412
1023
16638
10548
6197
9824
5651
3785
11777
295
10286
16547
4401
11075
1081
18553
3139
5352
18735
19086
16315
1114
12862
17133
12245
17347
6999
9852
1091
13401
10224
7225
3793
7873
6620
16789
9078
6808
5033
10540
14606
12496
8753
16062
13321
11394
8974
14746
13302
14105
5145
8946
10526
13612
5018
260
6736
2835
8088
10086
13106
18740
12475
4806
4402
14348
5600
8017
1953
8428
366
11642
11929
9428
1582
10439
9197
11760
8261
12139
18058
15874
16097
13112
19381
53
1140
2323
14104
19408
7636
5340
4075
961
4061
16714
17436
7381
8455
6366
13354
13863
17177
9890
6978
8606
13349
1636
3390
16495
4941
16889
5512
12412
816
10576
13944
17123
9770
13008
6679
5199
16236
13457
16704
17954
599
7576
17309
9423
17565
18700
10144
18695
414
19413
18090
4292
8025
19623
14844
12071
1759
14791
801
10160
11990
9974
341
19664
10949
16027
16624
3696
19655
10972
11701
19756
6891
7931
17725
11487
15575
7612
3306
8519
14681
8402
3771
7713
556
1788
3406
13763
10811
3641
1525
10642
12913
12840
576
11501
17365
16274
8280
12103
194
7009
18132
17283
3913
436
6338
4659
16265
9303
15215
18056
5829
874
19188
2491
12796
208
13131
16177
7629
10894
16007
10950
19406
5375
2048
8211
13849
18564
13961
13038
1027
496
12224
16647
15955
6323
9169
5608
14250
15205
17389
14169
14947
13812
10904
9119
2840
232
3316
2892
7545
3843
3709
14890
3052
16455
16649
17709
10335
18158
15632
19297
1585
16798
1054
4350
1052
19278
1431
18018
19090
184
13013
14849
19386
4195
1405
3491
3200
5353
12763
645
11295
14358
1233
13143
1102
8018
3361
7918
19199
15561
15272
19464
13250
20091
15949
12024
8262
10410
8994
4352
8181
10163
6642
3992
320
12568
17823
1369
18773
16256
14366
4770
7211
18268
3026
14172
14462
11700
107
4314
14262
14793
12827
3512
11423
13039
15771
15480
3009
6669
2738
2695
10038
8865
8318
19262
6073
12490
14483
3729
15570
5495
19679
12559
9860
19360
7625
5275
11762
484
15918
9291
14742
8031
15556
13227
10989
15220
12313
2253
2958
13295
19745
14578
2854
252
10114
9952
16524
4963
12194
10541
4313
13744
12196
18544
18923
2322
1277
392
7399
5695
7712
13608
12635
18919
15320
3399
2612
3916
2021
17614
6965
3622
7705
13056
3089
4329
1139
5775
3741
19137
16378
15178
5055
10032
16917
7760
11727
16616
8594
16553
14213
4293
16802
19126
13332
11061
18727
15125
108
12944
15009
2678
13493
13239
10362
8113
9525
13065
14687
18393
14230
15573
5776
8452
8887
943
10782
16021
7603
1137
9436
17627
3679
17437
14315
1235
15108
14428
13384
13371
8802
3536
17872
19654
19214
18176
833
15719
3210
12256
13839
12458
7862
18191
6487
2708
10087
2829
19213
3020
2622
8157
11401
4454
17862
6592
12620
1821
17883
13374
17170
14153
18121
14368
11457
13716
11332
5188
2831
13232
19717
1881
926
14927
8972
9686
15486
8952
17007
1894
17632
11535
93
20071
19815
19729
17804
19978
908
11670
2184
14671
18185
5061
3565
1897
13569
16166
7307
3318
13793
715
3928
4979
9270
19282
10015
16939
10368
11094
792
7826
4385
6458
20063
4650
17775
5652
2877
10255
16250
7834
9316
11014
7420
14651
13821
12276
288
8077
17877
4380
12095
10230
18558
9987
9723
15669
15444
102
8
6787
1424
12312
2116
7199
12439
12717
17943
11935
10454
14216
11855
535
10059
17366
16059
421
29
8941
3787
5282
407
9424
10406
9426
6634
14187
18563
10876
1517
5527
8518
11767
1707
7421
14298
6442
8397
15527
376
15263
9476
1395
19150
5365
15780
1962
11655
3776
17089
8024
14453
12860
13340
18115
3578
16720
8989
9867
6113
12211
2550
10749
913
6799
11137
17461
3525
11660
2215
18209
1647
9421
6974
1099
1508
385
19292
15716
9041
2779
16293
14146
7777
3657
33
6722
16769
9904
16601
2333
4407
15694
14314
20054
2335
12998
13301
5252
1366
19390
15107
4265
13372
2368
17866
1532
17908
17972
16974
5741
3596
9947
18
11672
1259
16283
16667
16499
19818
3522
12502
6234
9608
138
12010
3265
16208
11302
6907
6968
5269
5917
10631
2022
9161
12277
11861
5618
6824
17476
11920
11782
12797
17707
10921
7124
9459
18739
15182
9042
7001
4453
11375
8229
7504
17962
12551
5525
14031
2087
17321
11958
1422
3459
4325
1368
19841
19764
3931
5403
4001
8435
435
1152
19504
12625
5221
15043
19117
15132
8331
126
13791
5455
10619
8566
11867
15015
621
10993
15456
17226
8894
14131
11950
12218
8058
10385
12459
3589
18934
13243
11511
5804
464
15798
15590
13095
15304
19437
14432
20083
15862
11622
12909
4366
1145
18341
4988
5404
20064
16079
18454
19918
7531
10825
16440
2146
6012
14612
19225
7108
18463
6331
4494
4119
17657
14522
11733
19566
10153
13988
308
2313
15277
5372
7152
11582
1531
20048
13955
15833
10011
11055
3137
2956
3345
10195
1570
12504
2580
9879
17237
13798
17799
4730
13514
8486
6029
9266
5800
8925
13712
986
6943
9917
5128
9372
12007
18694
7418
16401
13622
9334
2448
7798
2576
2180
4444
6157
3614
13830
10684
1968
978
11656
10946
14634
7900
9868
12035
18686
911
19426
8511
6781
13883
19600
5309
2105
3024
13025
9367
11986
9657
2795
16343
3983
18755
2596
4992
3213
13533
1692
19640
13240
2273
7909
4812
9492
16586
19539
13241
12517
9566
7403
11151
12087
10235
10283
17288
9842
8037
18048
17560
13770
8851
3670
3259
3505
13721
3719
15964
8920
7819
3222
16517
8283
13192
4348
16080
2720
6558
15537
7404
8905
11416
15019
10146
18623
2721
6232
7858
2424
8070
16207
13318
6427
12800
13577
14803
6489
5302
1786
8642
19719
12325
1992
9936
19899
8127
13688
6306
11704
11593
11110
14644
18039
3877
1374
14604
2079
7949
13
8442
7462
14877
9877
9598
15104
9651
7260
13398
1645
11073
4285
10386
19191
9534
12118
14266
8717
19302
13178
19843
9407
1214
573
5662
7950
10892
18455
2915
6772
8066
1182
5215
15963
1871
3803
6763
4412
18917
12687
6230
3205
5191
12831
3893
6602
11795
5502
15228
4852
18145
12668
14111
7141
14722
14565
4486
18206
12166
1946
12333
17009
2384
3015
16190
9155
17056
14058
12805
15743
11313
12767
4707
18972
11906
17867
5658
17845
10350
12929
1833
9378
12856
7864
12632
12769
13952
7605
2975
8061
6655
16407
4245
8055
3433
6575
16479
14375
19025
8279
15513
2403
14479
17105
18230
17079
1112
16778
18937
5126
11463
2303
19972
16077
5947
10964
19798
8502
6085
17923
8731
16441
16635
9626
19712
1467
3870
9949
12956
14476
2271
19007
13825
19369
12020
2366
12907
3023
9722
7854
5162
19638
14221
8771
2267
17035
8539
13541
8637
12814
16061
16192
5369
13203
11363
11177
4888
9856
11193
8071
12204
13651
8820
13429
5114
94
18418
2549
14485
6041
1967
8711
10418
7334
907
5561
16890
9325
15402
11101
3606
18761
17674
18435
8319
8353
1614
501
2653
11482
1026
8122
15361
9740
96
6840
10348
9070
2195
7285
3987
16331
11228
16940
18225
884
5156
7139
2675
16282
2859
577
9277
5331
5629
12183
8388
12151
13939
19295
6211
15847
180
8479
11554
2277
11245
5710
3235
3274
13909
16851
19597
462
15864
10507
7978
6
15407
12324
4183
14288
2064
14461
12391
19824
8152
4994
5916
7293
848
8776
3582
19187
4007
3113
12784
16582
5865
1553
2379
3847
6998
13969
13768
11406
7060
19734
14923
3844
11596
12759
2890
7642
12770
11538
11780
654
10037
10226
1398
8980
7778
9866
14409
2428
13605
14903
12774
12498
17710
5940
9240
17041
13584
12522
11807
11058
13709
9532
18928
7685
12653
18478
11802
8310
8562
15855
1486
6040
2115
12590
17073
14207
16332
2694
18963
15393
8425
15848
14841
17258
4317
6619
16498
12815
10206
13766
15214
11575
19553
2526
3062
6440
16136
14920
16866
2514
16000
15339
19858
1154
12346
5576
6062
1808
12028
9461
18914
6810
7313
6322
8014
1973
18369
8027
13072
2207
9153
14323
8317
14828
12283
1231
17551
16319
12602
15566
14897
6864
7333
6383
7786
14454
8774
7984
2623
5621
4397
16567
17821
6174
14385
2075
1104
7895
15314
6530
15349
5717
5839
11846
263
17246
1731
1838
16122
11605
7986
8795
7657
10130
672
12392
14558
4359
15945
19804
10465
231
1975
17411
10835
8557
11311
13842
1089
3569
10941
19322
16442
1132
12865
378
543
14813
15935
18988
16058
6725
14533
2555
18196
6898
6804
2682
15688
8126
12229
1146
14310
14538
11661
333
5795
5326
6485
15526
15738
13286
7413
16928
5359
4283
18082
2347
16461
2867
2906
15319
14418
10609
2630
5363
17388
5144
1551
7691
598
17074
8197
13989
17121
5589
12497
7153
17103
11141
10624
3101
14583
10818
14620
7783
18289
18309
10089
472
6603
7537
17468
5366
5314
867
5603
19247
5131
4304
19098
4696
1180
16657
11817
16597
17752
16892
99
7233
17511
5906
16581
3150
16594
10365
8710
3571
13837
4231
18582
7661
11138
9736
10269
14108
18416
13645
13294
12680
19820
1656
15282
3230
14824
15856
4308
12765
5480
56
6436
14968
19470
11493
19683
12341
1777
1752
3742
18551
13943
19796
8593
16592
6470
8300
7681
15186
10636
1009
17720
1769
13862
10717
304
14817
460
7345
16511
14703
4338
16730
14536
7837
17458
10625
1335
15345
14065
45
8985
12730
7014
689
7506
12301
5731
18273
9585
15520
10987
18908
16668
12161
19040
5931
15644
3110
19363
1498
6059
14991
2227
17184
6805
13259
10601
16825
5279
17796
14948
14498
17374
19952
18017
815
3127
16898
16076
1362
10635
14338
19488
9613
16590
2003
3266
12915
6447
11176
1210
8336
2363
6935
14750
7555
16284
3081
14307
13214
803
10839
15658
10299
3255
17111
9364
10200
7680
12600
11275
17212
9013
16428
14440
12351
9937
12077
17173
19147
9763
3165
13405
7004
16443
2029
1694
5192
13362
3301
12440
14099
16784
12373
13124
13958
2113
9710
15086
16364
7097
9506
8448
16229
1399
13345
980
14184
12679
14887
7246
4327
14534
3594
9552
7502
17104
17554
1103
1126
6204
10097
14107
14160
19485
9344
10245
15837
16706
9292
19118
14654
10333
8348
11765
6874
17826
14158
3211
273
6051
16650
1667
10294
17790
920
278
8162
3208
3781
4306
17506
17996
15034
19842
4126
18234
8151
1343
6193
14015
5187
13964
10020
19716
8715
5194
19933
10506
15968
15876
13245
676
5958
9347
8825
14044
6082
1665
13923
16320
7190
14204
13300
10661
5807
13552
13620
17197
13447
17840
123
8423
9402
4774
16631
12086
12586
9781
9741
5219
13132
17774
17075
6020
10546
3248
637
3964
6420
17673
13624
12415
10346
13002
17307
9632
17955
6491
1507
6536
8158
6382
3627
826
19860
12721
17017
350
2388
4434
3739
6653
8567
2774
259
16358
3767
16934
4500
9661
6537
7534
14621
19139
16426
10354
17452
5870
5972
7671
9898
17324
13064
11731
944
579
11040
19920
859
2815
6415
844
4741
18201
10886
1128
7614
13571
19428
10518
12127
19249
2734
10690
7392
13959
1328
5620
3057
331
2801
12182
9656
609
1824
17200
582
19733
7382
11746
15494
671
16031
9401
11192
11012
8477
1870
1065
3834
14616
6962
11233
13913
7608
4021
10363
7589
11602
9017
12575
4886
5591
11544
2616
15686
8961
16435
14379
342
2810
8354
5852
2285
3978
12157
4130
20043
2243
13222
9639
16154
19720
8609
1556
16385
2230
2539
11154
10004
14796
5001
11157
7122
20002
19993
11171
11148
12813
14493
8102
2337
18071
9250
18433
10161
16088
5225
4091
5794
2907
11542
1032
9555
3109
1332
12887
14771
10016
3604
11908
13087
2283
14976
7332
3693
15049
17424
10030
1351
14415
9714
7162
10977
8836
4269
11676
12619
16884
3035
15397
5951
14062
1179
18593
3108
5190
17158
16230
8325
7878
16096
1443
1444
5558
16817
17633
7079
10094
19304
16834
13001
13386
6065
16549
697
13445
19625
8441
8171
15457
4424
3835
15645
6973
3692
6579
11815
18041
1562
11425
3161
17532
15373
325
8800
17505
19022
3896
14962
19205
219
15006
12363
1265
3523
3195
16599
6876
19621
122
7323
5740
9634
11440
1757
12936
8634
718
8996
13115
7075
9480
12385
155
16471
1270
10063
11571
3467
15021
15109
2744
11491
20035
2753
2279
2601
13275
18146
7749
17593
19414
9658
18690
19487
19361
16630
10193
16721
15127
15776
1316
5979
997
1937
3097
11717
3515
8035
13590
19966
942
9796
3566
506
5350
16637
11585
14302
10562
3286
11134
8337
6131
3745
8501
10486
15239
13668
19963
15752
8226
4971
7779
17464
2655
18034
10104
11969
9836
13810
5967
10695
2041
13175
16067
7426
12269
1314
1884
886
12742
11618
6250
1157
17423
10763
9210
5482
15309
18150
17401
13609
3982
14353
11306
15445
1063
3198
12215
6335
14219
11865
2197
5041
5955
1064
10614
1038
8656
12818
16349
15255
19549
2039
8121
5451
4739
14429
11186
16210
7651
12149
8044
5119
10496
10436
872
13021
18187
17306
10441
3068
1794
11278
8076
17336
13845
9370
13006
8490
8659
5739
17066
10739
15751
6678
4946
1
9309
233
4633
2728
1635
14918
3221
9306
13567
16600
7005
3501
14103
17685
2735
3193
8786
9471
10685
6354
6475
7719
6564
3130
13874
14868
6745
7183
13844
16196
17230
11699
9189
9645
1858
17665
10205
7885
19421
1847
17356
11779
9982
1596
13125
967
3231
16362
12760
4345
12155
2711
3363
14876
14989
779
10357
11205
11915
7985
5395
18170
2497
16050
17242
3699
2400
10487
12702
17652
12509
587
6010
10925
12051
12407
11896
832
17101
3756
19486
14414
2222
17119
14057
16930
13714
4344
12033
16585
120
15170
16962
11265
10771
17901
1499
10924
688
3823
14598
14537
17339
889
14995
7209
5361
11631
5101
12713
2421
2955
19969
991
1078
8450
17032
19626
18716
8934
16406
2537
6972
2998
1793
4339
4692
2869
16629
5584
8087
16907
7856
8791
8499
6760
12826
11121
6843
6236
17409
10464
5401
3681
5492
10646
2178
1974
13306
15826
7496
11708
8191
1378
17573
554
10165
13205
12315
10686
16894
3620
15900
17454
5599
6095
12037
16998
8245
2232
2068
5261
15660
8472
18751
12239
17810
1834
15367
7070
12521
7793
2793
130
2659
9630
1554
20021
6609
5283
14450
7572
11029
15197
16397
16584
16683
16901
1500
8195
13603
1648
10704
8034
13030
5290
15276
3192
11693
409
1901
16368
1976
3091
12707
6749
1031
14032
15734
11361
10212
17936
7156
3288
12435
720
5622
14361
681
13731
8462
13760
824
497
1796
3182
6737
9254
422
11345
8209
2305
1896
12924
3730
2450
5323
162
12116
3836
15216
16689
3902
13697
9437
2380
4799
2385
16418
7042
19082
10744
15420
20094
395
11826
9432
12705
12094
15601
3965
5539
17855
10792
14567
9390
4671
19845
3069
15153
17058
1717
6091
18404
12428
5914
12141
9085
9809
858
635
3071
516
14154
8813
3011
8816
1696
12674
12976
6596
13602
3463
5040
1854
5693
12991
559
9446
5945
5615
10198
17349
11532
5992
3751
18964
12448
3217
4022
6835
2875
7092
15490
19228
7801
2103
10742
9885
10955
19642
1184
3398
13367
16521
10369
14317
9894
4335
13188
2299
9286
16816
9969
7279
16623
4711
8701
16300
7893
11686
2356
1489
9690
2443
1672
18266
7309
12617
16348
1092
1131
12728
9678
284
10822
7469
5606
2909
17203
12365
11377
1321
310
9381
11468
11828
1666
3909
5701
12740
12199
12670
5203
11550
1915
16856
14324
9060
3903
5281
15707
16987
17397
12695
6543
2717
15866
793
6181
13531
11114
3189
11049
11933
15267
9429
2345
19364
7999
13206
6604
9374
12421
4299
4411
13947
18236
6258
10310
12208
3547
8818
18002
11499
10622
146
6709
19106
17287
10670
10067
3434
3352
1272
17812
7238
2864
6072
11869
14013
9357
9379
19396
14808
7630
3912
1389
13520
7960
9876
7155
3802
9531
12791
10543
16767
17986
10332
19761
9578
10159
15453
6060
10416
17337
14895
8631
7311
14823
2120
15159
17836
1110
1357
13870
6266
7271
13233
14581
5246
3032
1423
15510
16183
10318
17869
19569
12152
16404
4708
11211
9914
3310
7923
813
6554
1135
6433
8817
16759
14277
16318
264
14296
1254
7244
4702
8385
13058
13347
6184
18725
4720
19182
13276
14464
4927
6757
13850
8186
16646
15040
15008
12008
5610
18051
13927
13739
13621
5565
5922
11862
19133
2608
17162
19041
2150
9440
6875
19882
16298
3258
18050
14003
1477
2538
7376
18774
970
13935
19525
7352
19931
4472
11952
5034
3134
4254
14371
12447
7747
11729
4369
10460
10229
7364
11713
4721
10612
10582
3917
7615
3315
7507
5728
2104
2054
8301
8658
10784
1762
15905
10889
17846
17354
13172
15463
14683
4483
6269
7802
14459
16341
6047
11190
10151
910
8718
1252
9068
14789
2607
19948
4705
5189
16803
7764
5089
14269
7291
1771
15710
12432
10605
9365
2377
5722
18249
4582
9238
1644
3021
13855
2320
15824
16169
11329
13779
1801
10656
7807
9835
17540
4473
11385
9318
3937
12228
12655
16662
1677
17286
4300
8689
10655
1323
17504
2917
8627
19429
12881
3365
1506
14488
1761
5572
14178
891
7049
7763
12978
1878
16546
4690
13891
10602
16525
17294
2050
2556
164
5987
7633
4975
12364
8765
19233
17539
15868
13780
823
19537
17396
15732
16912
16678
8268
8469
16554
19253
10626
16561
11769
13088
15508
1460
8108
13387
16167
14526
1623
6977
19207
19809
8363
9642
15151
16275
17238
5117
6847
5175
17581
16929
19422
4735
9338
19894
6652
7379
9444
7609
11319
8396
4899
20022
9576
17420
3676
226
13640
13273
8719
3082
10274
11149
14553
9246
20042
6872
10669
19097
19506
3388
6676
2289
7064
406
11514
5223
6438
11902
1825
18111
2941
19020
14397
20018
10068
12378
14318
4203
4845
3821
10945
6102
5826
11792
15528
13098
19127
12136
12420
827
14457
5874
16337
17147
14011
2315
3737
5214
9562
14346
19153
19799
11536
7881
9220
2417
12973
8766
16960
19259
9684
9804
10077
4243
15577
796
14370
2633
193
19319
18194
5049
14818
5394
1558
15975
4719
2626
8003
5927
110
660
3184
8467
13617
17125
4953
10472
1993
11940
4406
10463
7084
16860
4961
17191
307
19810
11382
11088
7157
6074
3749
14433
3774
8431
5198
14720
2198
3225
11521
2496
17636
19521
17654
9851
15341
16239
5392
16982
14080
4660
1620
17413
7249
7740
19052
9756
16089
7339
14006
6213
10583
7010
17634
9308
12585
11860
9167
9268
12018
11222
2394
12247
8489
808
1726
4629
13941
10000
18257
10253
9812
4279
17092
10983
9312
7363
15303
19911
14856
20049
13129
1365
5949
6852
17459
5520
2757
6571
19235
9832
5514
6988
17546
3663
7546
12425
14490
17341
19651
339
20081
7674
6606
2190
3269
7939
8370
16297
9377
3336
17100
6125
16271
10634
8885
12892
11065
14664
6644
13163
10494
6160
11262
18779
19273
4883
13284
4260
5429
9301
12962
13342
895
15782
3929
9833
10116
9713
19379
13606
6233
8440
8902
14422
8995
9567
753
10271
13538
9030
17353
5318
19776
16188
152
16352
3789
5784
17250
18248
14226
13530
8735
1713
8342
19136
10628
13502
19605
6254
19442
5112
14024
13361
12982
11520
12185
206
5895
18235
572
2771
18658
12724
1364
7772
3610
15317
2645
5068
11750
18971
11716
5045
14772
8172
6612
2030
1383
10542
7487
16288
15739
13786
8185
7032
4387
12672
2080
16918
5086
338
16015
17964
14110
14186
10934
15450
17787
17510
7973
16403
6141
12958
10534
8534
605
10879
11799
6283
3429
14922
4131
19
2543
2609
16570
19477
15908
8080
7810
13142
5975
17895
6210
19143
8495
7465
12210
865
2804
483
18546
10466
1133
8461
5217
2327
20020
12358
1864
12230
14942
8783
15154
11446
7775
8517
10071
14726
10927
14101
7101
3899
6388
5597
10263
18019
8451
476
11432
17071
455
3503
2495
9362
16541
2855
2813
16112
13268
1388
6937
4715
11899
16954
4449
19387
2953
12484
14983
14625
2654
3351
242
6048
11089
11913
1910
4710
10589
508
19412
1269
2916
3087
19403
12544
14870
10814
19744
6419
14201
14660
15047
15967
11376
3850
10648
11127
316
1605
7219
19726
17603
2457
177
14380
14456
10225
2509
11675
14744
10006
788
1934
16947
17778
7569
7431
11858
7272
15965
5245
19050
19274
2935
19107
1159
6844
2438
13212
5977
15452
71
397
14709
17322
5604
15983
16458
1276
2590
10538
10765
12456
15839
3538
14387
9786
11285
18535
11466
9499
20026
16976
10076
14505
19919
17243
17624
9899
2306
857
2036
16613
17097
15227
15305
19144
11026
8380
16673
19503
3648
6360
10194
7394
9489
6741
13601
6562
14799
1784
15621
18763
15611
838
10533
313
5788
13818
19909
14811
6123
11892
14023
11548
4249
8334
5108
12464
7752
17509
18470
3531
6000
7563
5105
16034
16708
17975
6638
19352
15155
3140
890
5237
13102
19575
1940
1857
1462
7424
12390
14719
10102
7039
15022
10791
4789
5466
1034
5327
16933
2646
10734
17854
7386
12778
611
17260
17425
1337
12088
16457
17920
14373
6976
3475
12949
10174
12716
15106
12957
11079
17719
7065
12941
11764
8114
19560
9547
10573
7791
617
2873
1108
7103
15979
1084
12868
897
8036
6083
14713
17568
3979
15897
3190
4277
18028
9342
19340
1589
5866
3829
16013
12067
17143
3446
5889
6862
9536
8359
1609
13665
1600
15131
8073
19455
10565
18359
11131
15942
8937
19746
10340
759
757
1098
2155
17934
4014
7969
8571
13556
18088
18961
2529
5670
6786
11678
16660
14717
5769
11725
10317
13043
10005
3298
17012
6457
12943
13613
15181
983
15610
5752
8527
13041
12146
7439
1493
6963
6446
1628
7751
2405
9479
7964
11646
13496
15715
9107
15639
2124
15172
16307
2026
6035
7310
7282
19797
17610
11388
1107
14182
6172
2018
9522
6330
854
12562
227
1144
12731
18978
5264
4723
19880
16279
17688
9229
548
2409
12168
6156
15388
15547
17048
16718
11419
10895
9755
12145
5476
15562
15218
6087
11513
10093
20082
6613
18409
5734
4665
13191
5813
3038
10373
212
16306
3624
14837
6588
8410
4493
12764
1320
17323
14435
13858
15745
11510
13253
19475
11015
13986
13508
14699
909
7586
19046
17878
4686
16433
10119
984
8105
6816
12908
13425
2775
16323
282
8532
1954
10868
4465
16143
10447
4395
9329
7553
15146
3841
13828
5102
19311
4727
10208
5631
5491
5808
14839
515
3968
19774
7770
10550
3078
3104
19079
5443
19750
2196
14855
4246
7366
13448
7234
15709
15167
3791
16845
13417
11898
11953
1476
10215
8409
5080
6263
14071
8661
15902
960
9881
8252
15091
8730
2967
8533
9018
15702
5798
19366
7255
14034
5420
5445
13647
7574
16285
7842
7948
15247
1014
4262
7883
17809
16506
9366
13055
10040
8367
13141
17669
6866
113
95
2851
8282
11871
465
2102
2106
16395
8012
16812
6839
2256
19770
8015
12880
5796
20008
6705
19200
10414
3625
12466
7653
8019
5069
13654
923
11309
2903
2898
1264
3487
11312
10353
3933
13666
2841
6428
4431
6960
12069
12400
15424
9803
6435
16776
387
10970
5160
14655
12321
1844
12696
819
3763
13936
11772
16639
17811
15057
13391
2187
13580
5913
5742
2244
10482
2799
16529
4311
12541
15196
14911
4223
8274
4288
19473
6577
5823
4810
14756
15722
8704
2140
9853
18742
3511
9918
17714
18736
1010
1815
8163
6630
10216
924
14320
13775
10217
11489
13394
15101
9004
1021
5792
15578
8914
6022
19705
15606
19490
15872
13900
6565
10931
19528
8910
7824
6319
7396
9861
15274
11635
20016
12963
18994
693
13050
9103
13185
1150
14635
10047
16861
9985
945
16777
2276
3124
14164
13512
18122
1425
17085
14437
10988
159
14594
13945
8958
14322
19077
18057
8422
17868
15754
8954
8552
11320
9023
14083
14413
16951
14836
10716
15693
15723
8584
1659
8393
9485
17626
17677
15460
11722
15140
1941
16361
11398
5301
11941
11620
7757
17052
17381
15258
8864
17562
13610
16198
6747
5092
17430
10330
2535
4096
3177
8733
19015
6791
17576
17946
17522
17112
1048
16327
6089
13570
6711
15096
19900
6641
863
7558
14330
13093
19489
3372
17690
12056
2066
8346
16243
11787
14688
16765
16881
19714
8565
4105
10167
14260
18930
14749
9912
1863
19624
16390
11603
15958
14662
1539
12596
8998
20080
14056
5329
19317
16304
4361
2993
18968
11064
14725
6513
17256
3500
10014
1579
17099
16869
9193
1746
9864
8174
3712
10864
3299
6409
13086
10748
17330
12171
19331
3629
14028
317
15651
3898
9628
2687
7035
15801
4381
5298
3103
12931
15910
12533
5932
3894
1497
15746
5907
7668
15773
19921
1612
574
15679
13338
16477
11781
13317
10954
14477
7926
9295
8575
11763
8580
919
1105
8199
7144
5273
13231
16335
551
683
2746
16342
16544
1555
4310
2114
5022
14005
19168
12426
4541
15706
18683
494
1981
10366
10978
15783
14122
15482
8814
5444
14383
3997
5193
4334
10861
1427
5793
14884
8193
6661
5484
17594
2451
7261
10238
11665
13169
10707
16713
992
8943
18720
19656
630
4769
10849
2566
9844
1845
2275
10099
5863
13264
668
19957
744
11682
14434
2640
16295
16452
18232
19585
3482
8948
15764
13380
10971
8417
20050
13614
7753
8919
11242
20088
14458
9181
3279
9945
3786
12933
4484
10284
3881
16430
15082
12719
2598
265
3698
15596
15544
3022
381
14040
16217
7825
2594
8830
17586
14733
3464
19732
16129
3302
12461
19825
15691
2266
2111
1448
9955
5032
16981
17739
8883
13146
2691
11843
19777
9455
14933
10637
3961
19327
18469
15174
451
16563
3465
17236
6482
12441
9397
12132
2219
3284
6488
3428
2908
7028
2518
151
7111
4037
19219
12179
8964
9046
560
7500
13370
69
14673
10994
5801
14508
17604
13896
11230
14390
16602
64
16276
6152
14430
12783
1515
15893
1617
6656
13754
15130
17311
6813
9698
8714
12983
11927
9404
4115
19648
17544
7071
7146
17087
15736
12675
14179
13929
16775
13854
15428
11082
14768
13846
3559
2856
17830
17523
16400
3093
17038
8939
7350
14580
11240
8184
7464
696
16052
14398
19457
12654
12022
9297
5339
13966
11523
1971
2221
11612
5686
8468
4088
18298
11662
14723
6681
16001
10743
14176
13983
15240
12516
20079
19863
9992
10793
17577
7340
4674
11684
687
14469
19616
8746
8801
17419
14691
8935
11147
11017
16695
7951
3825
770
10042
8686
7687
11276
10197
19484
5546
17521
15149
10178
12032
674
2131
1415
16854
14835
18936
5786
15464
16424
319
7695
1296
1360
15633
12755
3753
19469
19300
3158
14624
11373
2063
14194
18789
12986
19932
2200
19924
7953
14220
9184
7243
14605
14954
18202
16619
2485
5515
19328
7992
4016
5454
7585
3779
8726
6526
391
12402
16137
16451
11559
14000
531
10125
17428
6951
8063
4740
12079
6064
14136
453
12329
15523
18219
14073
18987
4675
3028
3077
15184
17664
10393
17641
9749
14268
11105
19323
9165
10515
17861
4264
15077
2005
835
7126
16794
7456
14657
11078
11987
13137
16644
5505
18585
17406
9035
6320
12697
8225
7797
532
6038
5753
13497
2179
13123
11220
6229
9288
8564
13032
16459
14267
6721
10731
5939
18006
12089
1475
7387
13282
4878
11257
7827
13160
3537
6027
11615
15209
13266
1282
6964
16227
16879
6771
17502
8570
10514
7335
6423
8720
16551
7325
12470
12829
14851
13215
5602
13729
11410
9996
2674
8927
10841
19723
16743
10473
2357
9705
11475
8137
9202
8112
13454
2272
15473
6480
6860
359
7732
15820
13406
12673
12237
17534
2729
14289
7132
9311
17933
17922
8750
13748
14473
17682
16158
5178
16245
6140
3801
5878
15287
4676
10375
11084
3275
6817
5673
2396
13107
1768
17667
6451
6101
10916
10066
17692
19378
940
16748
4706
5569
15063
19555
19081
14294
15348
10344
8400
16733
10007
50
20017
14970
14790
26
6942
15072
14281
5274
12657
6574
16485
241
3116
12469
10485
4430
12304
17334
10813
12191
12201
11859
8010
11145
12216
24
15835
6444
7029
4436
18065
5532
19084
1309
168
15580
11330
12382
17415
18947
14331
17851
10139
137
12040
6185
8315
5434
15324
13217
2762
16224
16105
10412
16604
1670
13585
19365
1464
6303
6531
12917
2239
958
2866
14769
12029
6614
853
5888
404
17909
7102
6547
2402
328
8119
14929
15665
18030
10338
13912
11096
18414
10355
11561
12564
7
6928
764
12042
15988
16583
3493
19989
12223
1836
14177
199
14205
15347
17481
17990
15180
11223
5661
18552
9614
14460
5687
3029
6124
14999
13523
11389
10552
13517
10756
2761
17001
861
9847
6889
157
6052
19792
18769
9818
12537
3926
19806
11156
16281
5388
5093
19397
6355
1563
11229
14969
16453
7599
3827
15995
11516
619
13314
18909
13490
10213
13625
8316
14966
13878
8674
19024
9380
10727
9019
16935
7423
9715
18290
13414
2044
17163
1490
16740
11464
7516
11343
18033
8389
1271
3267
9341
12274
3880
11280
16873
7755
1120
17977
7320
14503
13456
13219
9067
7100
14412
14776
5968
7709
19357
14223
667
9753
14668
15156
1073
9345
6795
19551
448
1621
11754
4490
17402
3991
11809
7492
2921
777
17808
19446
15135
9609
9644
18843
13470
2462
539
8378
12857
5347
13005
10387
17398
17926
19646
4224
10434
7194
3971
15495
9716
3321
8304
4477
13724
17642
19493
13376
9244
3689
345
6895
6426
20056
16979
8097
8365
12996
15786
9959
13434
12073
11467
12786
17492
6164
16431
6746
6923
15001
4960
9913
8232
12576
8751
5659
743
11936
19763
13494
4670
2033
3439
3691
19189
10285
5479
2321
17030
6061
3600
3147
3039
11691
17412
18910
7643
6332
2261
15222
2418
17817
19897
19244
19584
13774
14592
17792
8855
11430
11044
11816
781
7013
7044
17773
2152
3963
3326
12890
5367
10899
15797
8180
4662
15338
13686
3603
7086
17280
2788
19023
16299
14231
1530
5896
6453
15999
16014
13718
431
9659
8230
12583
4811
11705
3386
11916
19758
19318
6970
1965
17115
8277
18367
18173
1059
3904
3845
8165
228
8668
6437
5730
6019
19451
5855
19141
11367
1040
9761
9490
8169
1960
19209
2802
4257
4504
5966
9
4226
3176
9105
17558
6672
17621
15735
10448
13519
10660
7582
11609
9262
12835
16972
1470
7706
13234
915
16280
1546
6216
14953
14149
17057
8048
13060
13592
11198
4837
5358
2085
5334
6166
6515
3360
6169
218
16011
13007
14896
16991
15634
3720
6071
19427
2130
2551
11714
5953
9331
14159
7952
2925
19299
15235
19204
11031
10035
14229
2714
19280
14892
9799
10103
1206
2860
9061
755
19853
183
1250
15675
18334
18086
17905
9677
3240
6086
19652
12750
4597
7927
12938
2964
2602
14584
6161
16986
15466
7019
11539
7375
6550
418
3675
5130
649
12423
344
12793
14773
8743
4530
11490
1436
14069
15957
13794
2617
14278
9132
17916
14788
9542
1468
10522
5568
1800
8294
19195
17220
7174
12242
3099
6465
8586
8691
6779
11158
10492
19135
7993
10133
15224
19140
8344
3001
2218
9939
3577
14603
2719
11431
13785
1408
16780
4330
1827
1767
2414
13201
13616
13978
16153
8856
6011
3775
17285
11844
17218
15493
7094
19643
16806
15090
7096
15650
7738
16831
7727
6991
6028
19593
10162
5305
14770
6855
7450
15253
15589
10128
7150
7941
10106
1643
13529
17114
4219
17684
4685
14300
2510
13413
10010
6924
14263
7871
8577
16221
546
6128
16078
1266
7701
18183
7519
18074
11737
10990
13767
18233
1955
10510
19330
81
14066
8862
974
3238
3173
12505
8145
17018
5447
2577
7192
643
11143
2739
8090
1904
15058
9953
14938
9396
10593
11379
3990
12779
19266
9265
8917
4346
11823
2807
12396
8878
12905
10774
15698
468
16840
420
129
16797
8196
7286
11112
4332
5988
11071
3041
1100
12942
4964
6637
2631
19380
11025
14751
10930
16309
13418
9352
3253
1294
19129
16071
6418
6859
9160
19088
12480
19627
14827
16771
13632
15095
11477
19684
9999
6432
7207
15377
12739
11264
16621
7600
15947
4750
76
8326
9944
4778
6918
9111
14560
5254
17696
5831
17944
19762
5767
4713
15912
11322
6752
2490
3282
13208
14053
19272
11854
19748
8602
7314
10201
15643
72
16782
15362
2751
16114
8457
11006
4496
19350
16685
19202
17438
11274
5321
3927
12794
938
18161
2119
5159
16799
9045
16347
13857
19494
3636
2099
4363
9665
16226
739
7678
3348
15857
14135
13747
1484
364
17907
1511
14656
12460
2927
17090
12098
2937
13151
7319
14399
14850
201
9121
10863
4039
2541
36
8702
3076
3319
16504
12841
3445
2206
2471
12344
7112
1682
9795
2707
6815
19938
5027
14290
12945
2940
11798
846
12192
17329
5268
8857
11492
7326
3936
15332
2391
16087
13114
4499
17971
15012
9582
3447
8690
5582
11429
17234
11
15950
16886
75
8069
3066
9527
6990
12422
3701
10017
13587
15113
15741
16800
7734
5560
11383
2296
11900
5666
1935
6176
11185
19628
4487
16363
15279
17606
17345
8125
549
7076
1186
6764
16476
19215
11937
8790
8907
19782
14928
12465
16589
19635
5830
3133
1253
607
7660
13177
11106
3738
15796
15442
12598
8054
1202
4693
2773
2291
5685
7725
17561
15163
14590
8990
6635
7348
3954
16209
2434
7549
11451
20052
18045
18171
6249
9039
14185
8556
7887
2581
8404
16179
10923
6899
12058
11104
5879
15117
8459
7226
14311
653
7389
5170
14404
16822
13557
11103
17148
6397
17961
10437
4417
18931
5474
13356
15035
19747
8453
2387
6135
17094
6015
5660
12332
14017
13360
6759
7658
1166
13518
10909
11580
12379
1215
3300
16131
13803
763
11873
927
13600
19305
2765
12539
19120
19438
255
6308
17161
10023
3448
9218
5110
575
1544
2340
13971
15409
1522
13403
9920
7045
3449
20055
8368
5060
15358
13042
13579
12613
10551
16202
13566
13753
7337
13995
10246
8267
13805
9358
12148
12726
4684
11321
19468
17663
17172
15318
2942
10963
9201
1604
2162
17128
1820
3661
8210
19612
1161
14674
18918
15569
2794
7011
12741
15865
9813
18733
16182
5464
2756
10019
11970
12104
12259
1322
15642
2262
15882
10256
16359
19287
11992
1341
9335
13071
13081
393
9054
2241
3312
14650
6946
657
14919
17807
14048
3207
17463
1727
10469
11741
1742
6008
8629
17563
959
17957
19544
18922
18010
14910
5960
5897
3883
8176
19634
15534
7419
9044
13430
18013
14532
7002
4281
5081
19478
9596
11594
6018
10826
4239
1536
2899
3714
15321
3112
15257
2204
9744
3007
5111
16719
433
9691
1701
3425
5790
19959
17503
9927
3080
3383
17842
10403
973
5380
4651
17852
1045
7347
5619
3728
16237
8848
12775
17047
716
63
372
1681
17601
7164
3262
2027
17815
11362
7646
3422
19309
16552
20099
1799
12419
16701
17245
396
19844
15922
7907
8860
237
18073
13491
5667
14907
10305
14441
2173
12065
11196
17394
2416
18120
18895
17232
5195
5373
13525
1039
2031
19227
14806
4373
40
595
13063
15322
866
148
18328
14218
10854
17051
3784
11216
8405
12109
10938
10419
11124
10027
19053
11829
19265
2479
10659
13887
15952
8676
15280
16513
16539
13404
9452
8623
9787
196
13150
4413
7981
2904
10289
17231
14804
2055
16118
499
19970
14732
16367
13627
234
14022
8418
16652
19552
14480
13691
15185
6317
14820
14117
2501
17181
19291
15045
15290
363
20073
15041
18008
16254
8903
16287
13548
9488
2121
17439
370
15342
7980
4349
14166
1262
5458
10772
1163
7498
11801
11093
19670
17201
11215
5229
10267
6055
2053
11748
10352
491
19411
11135
6462
3393
8096
16184
11530
15836
43
19611
3456
13464
14378
19459
16519
12178
17589
583
12636
15583
3647
10302
3277
9252
9605
1885
7484
249
16186
622
17701
5521
7568
10991
19099
2401
10845
8246
4278
7879
19436
19465
15189
17630
6149
7088
9841
4646
302
14826
12749
10554
2992
3046
9384
5129
14697
19765
4307
11739
18894
19391
163
3873
17156
8050
18784
16847
9072
12718
315
9086
17194
17896
12629
10786
173
561
17802
19699
9300
9003
10948
2816
12981
17833
11757
16098
6463
17839
626
17819
684
15164
17499
11944
7125
5073
10207
8218
8168
14914
13835
16251
10377
2074
12993
9491
19834
11400
19793
11488
16744
16432
2070
585
19596
9838
16819
9940
19563
12006
12481
19091
16272
16786
13478
6163
15097
16618
12819
1310
11098
11037
2574
2826
327
8434
9052
3314
3923
3272
1929
1241
14313
16003
19314
3685
14714
665
7805
12682
16509
12940
368
12930
3018
11011
682
1327
3346
16488
16905
11434
1724
8093
13528
5263
8739
8323
8810
1334
12951
1548
15288
3966
3432
5542
10667
7290
13467
11259
1732
4033
3304
111
733
8837
15871
4697
1313
7411
11167
5846
1299
19193
15654
7397
7868
15704
2508
7195
10018
444
11853
9652
16676
9793
7912
11690
14443
6561
4003
510
4718
13864
15354
6777
18059
18745
15888
9171
19026
5462
13161
4495
8798
17818
17925
946
8033
11455
7746
5294
171
12901
1297
8696
5008
6099
17154
15626
1741
10275
11695
5408
4744
12891
6220
10776
2348
14208
16755
4554
7667
5122
11786
4624
15359
963
17417
12645
11252
15708
6649
19370
13695
8530
11283
14936
17648
6227
222
9094
16490
12055
10039
9319
3441
2658
11092
11444
11633
3164
2902
7995
7415
17215
19934
131
13685
16675
12075
14236
10810
17737
17359
721
17217
7702
4393
14759
7406
5047
16252
5142
15505
13591
7110
1849
236
9625
16925
6460
1485
16983
8155
2399
2028
15435
11632
14282
18064
11606
19527
3123
11961
2445
7754
7328
18325
8741
6837
2758
3135
19013
4065
8514
5384
16434
6703
495
6214
15944
11161
12599
8406
18138
17061
12601
8880
9831
4227
6903
7638
19513
19558
18304
1882
10719
13861
5583
5517
1236
16325
11890
1876
2255
1307
17000
1990
8492
104
13369
3241
276
12438
17844
8362
7113
20010
13046
15099
4704
2014
8013
15387
1217
10922
14092
8986
1892
9251
10740
15937
8525
18254
3747
6673
12356
998
5325
3044
17338
4353
10292
3524
9450
9322
13419
11399
3687
9519
12788
11679
9028
1256
11307
3562
18243
12869
13412
11849
15703
19149
13882
14472
16480
9071
3956
19171
10084
13970
9671
12510
16841
9313
9395
9031
6735
15887
2513
3673
5993
10933
12736
20072
1632
1606
5971
12747
9692
13118
5646
1348
20097
17941
13984
18286
7230
3575
8581
7123
13207
13576
13815
3376
14985
187
15803
12997
14949
11178
3887
2314
9114
19367
18925
10489
5503
19039
8671
13198
12375
8705
8759
8888
15200
5989
7398
10356
2803
17831
17050
13950
9294
15581
16682
15044
7833
10499
932
10241
11758
182
8265
1382
337
6270
8038
16622
18005
365
479
5924
9371
8298
4
15376
6615
7910
6368
19803
12766
15492
13436
6244
2362
15901
19846
7138
8464
11574
11366
14718
2446
8269
6650
8762
8296
13752
15898
17998
19419
12198
3203
1564
1000
20098
12433
9848
12577
12138
4336
1785
11086
3539
15794
18575
8345
2483
4488
14463
6075
2137
3183
9718
10440
7503
20062
3889
10422
623
17646
8387
16289
373
10424
19019
10907
2740
6452
5043
1572
18530
8460
15202
16206
12336
3053
19333
2183
538
9905
2009
6521
14950
11344
12286
5266
17453
13738
17676
7253
2554
18261
14898
15144
2093
6252
6372
1342
12669
17921
6959
2882
11502
19089
17536
17623
1972
2223
11349
12995
15907
3179
11504
5026
11921
3532
1007
9978
876
10115
2088
15152
17228
15315
2186
6916
4326
10181
19211
4215
17205
15256
13992
7526
18079
5713
14845
1079
12102
9670
1625
8263
19886
411
14064
11189
17959
14063
2828
16687
19462
6207
19752
9746
14343
9148
14449
5235
11023
1846
2507
6103
6719
19347
13885
7414
1983
13307
6063
10857
6755
5100
6983
11152
2270
17915
13565
3187
5140
15415
13359
3338
4420
15073
7217
3865
12639
11004
13611
9666
11427
16820
1754
10287
5523
1661
12916
7853
16374
18069
5664
9980
7662
9533
3556
6431
2572
10859
7538
1458
12540
1875
287
12871
16393
18024
16703
4701
3341
9460
10860
17319
16134
3387
18986
1376
17744
5171
12360
13642
9815
7670
7527
16937
18332
5406
5637
6593
13446
17393
17950
10233
14167
195
16462
17367
6167
5811
16370
18719
12604
7640
774
8271
14528
11951
4679
2185
17885
1504
6476
13501
8361
11947
12918
8738
18448
13631
14859
1518
2796
5468
4905
9000
11841
19618
19496
9473
14886
8395
15329
14500
12393
19801
19128
3019
6769
2661
3993
5533
5942
17584
7120
14960
7251
5816
15312
11911
17327
10563
14150
7342
16643
10443
429
17208
6794
17951
1419
6853
17967
3858
9411
11639
5485
702
809
16628
17910
1279
14170
13534
16608
7520
10282
11687
1748
2229
761
4703
14763
8347
12387
8847
6802
1622
14252
15806
9050
15391
6043
5291
12352
17903
11180
6180
9915
17841
6079
11260
12524
12280
9875
2192
2716
8700
11179
13997
11299
16984
7200
669
13583
2110
17262
143
3972
13442
18938
5516
16228
5127
9129
17059
17107
14755
2382
2492
6617
3305
5545
3156
3064
17876
452
5973
8421
17446
13216
7855
8302
16044
9185
16973
12030
8106
14248
7880
8761
4940
8049
6551
9383
7697
17371
6478
16116
5417
11991
9871
8559
3947
3996
18011
19995
17681
19766
8614
4785
631
18143
1747
6339
11964
5234
17308
14663
13171
5135
2351
12263
16555
15649
4266
9475
7095
632
19926
11738
18318
1208
8454
11294
14240
14904
12960
5315
6631
11924
15323
918
16957
246
17597
8823
13876
12225
5078
7693
2611
1071
8901
16664
6886
11978
9906
11524
3278
5106
11796
16353
12232
6683
11519
19704
8312
15511
10404
9528
15941
7595
3573
10611
5172
8618
10449
12610
3713
7741
12444
17036
15223
3700
6129
8760
16155
474
15956
7289
9332
15016
1096
11789
7435
6975
4268
2475
578
664
3323
5733
12278
17065
17686
2571
14981
19590
15498
16193
4815
7963
8778
4357
19113
15883
1289
14825
3921
8748
8085
15351
17352
12299
9134
309
17671
5059
2625
3334
4509
1982
3613
5333
17475
6030
16550
1939
17647
12666
1046
7131
16199
13630
5903
14973
14347
8647
13820
11069
1828
3245
11525
15481
19119
12039
16037
2158
1483
19979
3354
13526
10420
4698
9207
9526
16489
12343
2463
1012
6486
3495
2107
17727
5025
1533
562
6175
7390
16642
5726
12683
5770
7147
523
19389
9438
7731
17060
13498
3368
12885
14243
15696
5452
540
8521
4997
13648
14521
18305
10883
13343
5009
678
1410
4709
2844
11783
12362
16248
12327
9263
14038
5453
1944
12875
8840
1049
1051
10150
12128
9733
19808
15560
7448
2117
354
11645
4432
11578
16538
17834
15171
4030
3810
12173
6687
12221
17822
13524
17222
2073
10808
11885
9826
1594
19769
3059
3469
3114
10475
13656
18068
2558
19310
19152
17011
12919
8806
8314
7105
12758
8963
12570
10800
15365
15000
11326
9222
18778
16270
11130
5475
6218
3468
10920
2684
2962
6182
10855
8415
12787
9183
10079
18136
7220
19599
1453
9157
8376
16263
10478
11557
8220
1329
3555
8695
15446
7866
13373
1909
9509
7922
17102
2785
6589
17466
4634
7073
7453
13254
10896
12097
16808
786
19257
8401
1775
8238
12906
10199
15666
17864
975
8829
6359
3002
12921
11800
18907
7930
11857
12843
14079
6733
13009
875
204
8543
13924
19602
4023
15357
3508
12150
12512
8178
16301
17997
742
8849
15884
12474
1952
13607
12233
12431
11227
16659
18063
19847
2132
8466
11756
8749
10844
8275
13368
4097
19581
11875
15926
14055
11284
18531
3664
19371
16093
16163
17622
19433
2996
11405
14529
6548
11291
16941
2290
17791
12994
679
10315
10733
19432
11531
2309
3658
7607
3659
18771
10999
762
9637
13313
13635
1905
16692
1036
11246
11685
9120
12266
3488
14253
410
8827
11090
3268
2395
2326
14002
8067
16989
1911
2638
5782
207
6477
17666
5161
8416
16449
3016
13546
19111
15535
14912
11579
8640
15728
1586
7925
1740
3635
8413
9728
10594
5311
3347
16823
5909
18070
712
2265
11486
12048
13287
11442
11509
6544
19122
12754
5183
544
13383
13153
9187
15056
5378
13703
1765
17010
9032
5579
11810
16749
4804
11411
8775
16924
10252
12142
914
5930
3031
3042
11162
12897
19923
5766
2381
10638
14864
16853
700
10578
19562
15959
3497
15438
11989
13433
8103
17750
5200
286
11698
19356
10718
16766
9375
19492
4767
3806
439
912
2874
15102
170
10530
14585
6377
11068
1524
3148
17528
5500
10474
2168
16501
19633
7846
6684
7480
16334
16152
17429
568
19514
10558
5436
10493
2300
6049
6849
12322
16560
6865
15987
19124
13113
19789
10604
6381
11059
5672
6841
10976
11999
16212
6474
14974
19229
13439
20045
7784
14563
10298
7967
7393
16303
19241
11263
19017
17210
9267
1588
16141
15731
11584
19394
12106
9655
9884
6002
8873
11745
6667
19255
1336
1772
98
13543
2020
19757
19980
3644
9840
6076
14964
2191
947
6507
10096
9356
17276
10327
10341
4247
7835
17046
3617
9549
5875
9272
3688
3027
5643
15553
5381
17313
5537
6192
2094
11462
11703
11564
18960
19288
11894
14840
9834
16195
1115
1829
8537
19807
15054
9554
1060
17005
9553
7762
12429
3416
3335
17083
2605
7532
19854
6448
15755
17515
7857
12062
2672
16108
14405
17981
5562
10379
16677
17618
10500
4375
5154
15213
147
2965
19395
16156
12101
9287
7917
16516
267
13069
2634
6748
7756
3796
7281
8437
17960
12308
14344
3654
9709
1433
4729
3178
14676
2791
1333
7372
9544
6826
6464
6392
19239
7961
9828
3518
1655
12900
2862
15775
2736
1284
11409
2464
6680
19925
9622
8673
13814
11956
12735
17482
2160
13663
12442
10064
8908
19795
7937
197
13144
2570
12535
636
14141
1898
2718
17519
9433
9759
10694
2547
12732
14095
17435
6529
12737
7443
13463
10457
9660
2932
18076
2954
17644
12349
17569
12823
1181
20019
14033
19945
5328
17886
7560
1534
15459
13545
12436
11664
2540
2143
492
14406
13242
6130
9865
6542
513
13873
3090
13257
10243
2008
17379
14341
3949
15822
10588
2990
11842
3036
10547
14639
14132
16926
15545
873
10952
9603
15827
3223
9349
13920
8931
7515
13880
12220
2065
14052
19483
7089
19604
19179
19404
7556
6778
13044
19876
10702
11053
16470
5139
10885
1985
14109
19382
7265
17141
15532
7968
10556
642
12842
2948
14180
13877
10392
18269
5076
5104
14905
4790
88
5433
15721
2269
1121
1438
6904
12414
5540
17513
7647
11931
5419
10277
17277
6584
892
3494
10408
4691
7718
1400
1671
13488
5850
7570
17145
7635
16394
593
887
12316
8734
7673
19961
19994
16123
3609
13119
3047
6289
950
12241
6158
10091
19587
13994
4773
6845
14001
12947
8899
16494
9897
9635
3980
15145
19354
15737
6820
2657
14008
8497
14731
12181
6109
12714
17447
19440
1830
6159
13898
10459
5524
12357
16030
1367
20033
7890
9147
1164
6869
18036
12011
5645
2641
10431
7530
3792
8081
9993
16051
1247
2172
13679
2344
2742
166
13126
13051
2776
10773
2883
15891
8967
880
1693
12904
17120
12473
11856
16542
10421
16688
11697
3884
16670
2536
19996
5771
6836
7724
1702
2832
10126
5248
19742
1900
2872
12889
19753
9773
1598
14707
12883
16102
18738
8099
15128
13099
5418
16317
12849
2142
9055
12822
12130
6497
19610
6732
6473
1843
2690
10561
6729
18139
16809
6456
17414
8843
23
8289
18134
15890
5745
12281
18239
13732
8427
1033
17525
1691
10211
12706
13895
7583
658
5991
16707
6540
3891
413
10110
10155
10462
7767
10897
2782
8320
968
5346
13224
9699
19724
7843
13505
2084
7104
19359
13987
9934
2133
17346
2346
13641
9156
15548
3397
12556
15411
380
17879
19922
2636
18316
6605
17607
7562
11500
812
3339
13901
5087
15461
16897
7899
16204
9574
3209
1529
3630
7976
15766
881
10179
16160
10337
2292
14273
7278
11724
7988
15344
3146
5904
17991
19102
2355
8212
7206
13190
2620
9734
203
5064
17570
10154
6023
16467
19083
14504
10830
5470
19125
10903
17344
13795
10757
15996
19868
615
4433
10779
6697
14036
5374
12612
5510
18927
7187
18741
12894
7676
9505
19577
8215
14854
17824
3958
15112
13975
2129
16904
16738
1385
14393
16039
5312
6636
7906
17801
14245
19739
2853
14121
8608
9571
17541
608
822
10090
51
1488
5518
11864
9241
5103
14829
6767
2575
12538
10905
2404
15191
18762
9465
2364
19718
3867
7137
5439
17952
16531
4111
16945
6001
7806
10627
39
12213
894
9849
15078
17264
15111
11804
1290
7341
412
745
16170
6017
1355
271
2770
9333
16083
19134
16887
767
6793
1545
10223
3868
628
7321
15744
14211
16035
7262
976
19201
1413
13037
19960
14523
458
18985
7283
13776
10384
2519
9954
13623
12389
6039
17894
1642
8769
2947
6744
2676
12867
15962
6657
9721
2209
20005
10513
9462
520
11270
16215
13027
19686
1593
3452
19463
4331
11003
3684
3733
8223
2966
153
12845
13675
834
14783
19786
44
7107
17712
16339
19986
5737
1194
11256
2164
13967
8777
1538
16496
11784
9693
12311
15906
9777
10789
15449
11380
19609
11473
12984
5566
8573
12628
13808
14292
4628
19112
1155
8349
7400
4533
13117
13094
15953
7068
18976
3549
8792
16445
8522
1760
7722
2733
1837
7173
19316
8182
1948
558
12637
17788
12176
15943
7467
3424
4109
16609
12159
17432
14863
7933
19953
13868
13103
7121
10382
8202
19384
3665
19392
4537
9754
8554
2522
16956
12296
19831
1680
13450
9588
11018
19812
16872
19550
16832
12395
18548
2425
6713
5759
6545
9717
9998
704
15380
20038
16988
17982
9173
11522
15417
17994
5655
18157
8712
10940
4435
1495
10497
14200
12479
1980
1568
14507
14070
10834
10975
3892
16788
15552
17027
2715
9765
14470
16387
2330
7316
17758
17520
12542
14043
19696
11983
15683
446
12347
17189
5911
18262
3292
15690
8918
795
11556
699
4542
16049
1077
10227
12595
17899
7263
10893
17559
4230
12546
2752
1528
11608
4160
17318
347
19114
7711
6350
19773
2359
15961
17488
17591
994
19998
87
12052
3083
17373
14345
5764
12992
15062
7043
12154
6514
19971
11973
8677
15817
7975
18792
1191
7808
3885
18072
17765
289
13460
12581
8607
20092
7040
3852
11123
6309
10985
16761
10127
16526
9972
17598
10557
8064
3375
10491
3984
2548
7795
15497
14465
11533
18924
3111
11914
3170
2302
6202
4559
12489
3935
14084
16041
5243
3070
5961
2777
12603
2666
17695
1168
16995
12026
17331
15243
11219
2534
5915
9392
9467
12160
14089
9194
17305
5354
4312
14774
13410
15074
11850
3517
7355
2410
2254
9048
19420
7847
19962
1047
9839
7304
14181
10566
16734
16977
7769
5970
15121
19181
12027
11949
12534
18940
3056
19864
9106
1198
7417
6104
13471
11634
8835
11541
3938
2459
16543
12989
3303
296
2688
12503
20089
6785
13574
19574
1758
6517
10391
749
13511
12833
7440
15617
15198
4252
7822
19912
5847
2282
16033
12495
14582
7135
13840
6088
2769
11378
18043
2857
9340
4092
15925
14168
4103
11048
16614
9805
14029
5506
11872
5681
2076
12902
10525
7083
18084
6931
7717
5071
12234
5449
1330
10824
11308
5136
12664
1116
84
1275
6080
16920
17182
1318
2032
13907
8610
4013
15291
11286
15689
18277
7218
16558
6566
3832
3012
7216
7575
14271
13382
19303
17149
15567
16181
16717
3329
4792
6194
1457
19289
13765
13637
6856
563
13244
799
11566
16145
2957
13985
3690
4468
8207
5891
10326
9116
3727
13258
11743
4545
11426
8821
14133
2224
9276
7761
4981
16113
5313
13223
1281
10701
1472
15177
7771
878
3588
13553
18141
13865
13690
7920
1540
15740
1058
8619
12298
5549
13904
15333
15088
19895
10244
17645
10787
7915
11197
1705
6611
8420
4428
1893
311
2504
5624
8390
16351
19778
2071
10523
8324
8728
12816
3919
11273
5556
5845
9090
5113
3436
9337
5905
367
15618
14067
10657
1371
19154
11348
5536
3320
5725
17672
7839
14609
5842
17535
3244
17963
5300
6828
15749
12694
12453
8630
5280
3626
13831
16464
13014
9278
19579
817
11174
11640
16735
6056
10973
12734
901
12964
4753
15572
16187
17377
1370
2591
4094
11595
5699
3655
11045
275
13991
8082
1855
12886
16414
12939
6556
13155
7444
9385
11424
12616
19855
6648
8449
5368
17298
505
3680
9176
3807
15726
4079
16132
6496
17078
17649
9797
2328
9512
10002
16410
7533
14517
776
16383
13033
12492
16130
2138
7759
19836
8938
11000
10878
124
7143
13720
19740
11773
8060
15503
14225
14715
18081
16416
5617
61
4414
16125
12777
3374
7273
5918
8005
3106
9633
2891
2145
6363
14548
7007
6701
4371
11674
17185
5509
15787
11644
9789
3084
12711
13348
8758
15972
7038
17434
9280
5141
19913
9447
18246
15369
12571
2264
6557
3561
1560
10221
19543
3131
13392
14747
4012
5504
6024
5442
2281
16354
3330
16754
19240
14977
17491
526
8173
1716
9589
17044
1552
9451
16399
12019
9115
13157
3239
17282
14183
5386
3073
7193
1127
14617
10476
10600
1728
7197
15378
1977
2440
6148
7264
19896
2251
2988
3897
12658
3219
8350
16949
3731
4813
17771
13136
14925
3651
16398
18301
5066
20009
3576
14833
2389
1456
19554
18945
14474
6796
10752
16875
14431
18093
5228
2913
17403
19533
17124
3344
7091
17362
2961
8788
2429
12108
11437
5385
16810
1086
7359
10145
17297
15522
10045
7327
1848
1634
15713
17176
11008
14007
1874
8598
14596
1928
14831
7669
15249
15483
6919
17749
8770
15441
7838
12355
10559
12811
5735
3811
13466
1076
18444
6353
6908
2006
6003
1520
19928
268
6044
16324
11288
15659
19458
13122
10186
13499
15985
1840
2951
1288
8596
8707
10316
9504
6466
14611
11751
9024
3172
15011
7581
19276
3974
843
17008
6271
6042
141
13660
1183
13261
12844
545
7299
9168
8579
2025
18706
1494
15488
15705
19873
19741
806
20025
3932
13333
12238
4263
9683
18339
14337
14648
19063
11364
19307
9663
20036
6867
3981
19614
266
9391
12548
17722
11966
11568
12574
19197
6100
7891
14151
19851
9149
11028
15265
7425
10833
2042
19658
11619
4450
13472
17497
17717
19177
15302
8560
10837
19170
600
12471
7626
1791
15400
6293
2297
9926
2677
16439
8161
3722
15334
7888
17958
15550
1879
814
7518
17195
17552
7119
6858
257
19701
17929
6126
13262
13777
3454
7852
5978
16161
15536
11719
17270
1963
5121
5293
524
6165
5424
847
8297
2161
17290
13096
5654
2671
16277
11173
14306
5833
19981
19534
2520
12342
13476
7481
9685
4648
6006
13736
3930
13278
17738
19452
7972
3060
9470
19711
14091
4480
7935
247
1267
5998
5075
789
6256
1503
12549
14120
5671
5809
14075
17455
8221
17782
7298
10371
8591
7463
3168
14530
15699
3529
14986
694
16255
6093
17209
10307
19727
3085
14997
2332
7360
6927
9801
15997
1571
13962
14951
19123
18842
6702
5704
13783
15160
8929
17029
14834
13183
9886
3136
17919
5138
12622
6524
7739
5459
4036
7622
3526
3744
14782
14010
15896
15194
16795
13694
306
14557
428
6105
10309
3373
15502
6168
14878
1697
1001
1513
17136
14363
17590
11572
13164
9125
14115
2171
12874
2545
1201
11016
5920
996
12305
2125
18791
13397
2135
15832
12253
1804
9178
9483
4421
12078
10585
15873
13339
11118
10596
134
862
5665
19047
10175
7165
3864
10378
8167
20001
17881
213
9293
14652
12910
2086
7306
15252
686
18075
16617
190
18047
10997
4090
8505
11570
15295
16290
10633
11417
11604
19510
11339
19064
760
17518
15555
10376
8992
85
5461
6384
20084
4736
571
11206
2923
1429
18354
13999
16902
2415
13841
12314
19672
7982
4603
7679
4004
2660
12403
13337
1660
18861
14261
7940
14519
12948
10560
3201
10446
1193
5310
3117
14362
7991
17832
6870
8224
6267
12643
8544
15830
6050
20027
16492
5828
19813
16197
6122
13884
15431
7776
4376
22
10001
14832
9887
8944
16329
16722
15175
10502
4734
7274
13998
3697
14305
13484
10054
18729
9768
18839
18554
12111
14285
4613
1391
1703
18954
5067
18814
13303
13279
10891
7256
9151
18549
60
13426
985
188
8879
1719
15813
11239
19312
15499
6329
13634
2887
8768
8503
5070
773
9702
11715
3890
10641
17537
16474
7203
9951
7656
9135
4235
8101
16220
12411
14203
5227
14210
1862
12289
16168
9162
12864
5232
16463
5511
4623
11818
15677
9798
13536
132
8240
17116
7996
14569
6921
5649
14355
11975
16010
8981
13408
12853
12966
7184
19145
19417
11998
3542
4581
14401
13237
6587
8553
1173
2043
10349
10577
12445
6936
5168
5239
10428
19973
5851
9029
11062
19269
11032
5382
17433
8206
19561
11261
8871
7178
9235
19502
8510
3350
4437
5554
13653
15539
13187
10866
11324
13778
488
6034
6792
15187
4712
928
3886
5679
13346
9394
16716
430
12187
1085
15114
13462
15268
15430
7362
3725
3166
8303
16372
17165
2349
10968
5935
18540
18265
3945
8471
2455
13911
297
6178
977
8004
13910
16138
3798
11877
10521
4378
16149
14704
18044
17407
6598
1169
17935
13012
15250
14544
221
14425
2236
3768
5412
13949
1315
3234
19588
13031
12563
13919
5982
8600
13148
4540
3006
12692
13352
15071
14882
3126
8662
5277
17777
5530
12408
6660
7696
5727
7720
1097
6503
7994
8561
335
12167
4814
15838
14698
13676
14879
1651
12700
507
13916
15010
11305
12678
2562
6296
1630
6364
10732
5832
2586
3197
8026
13230
15471
9719
18001
15809
17188
1411
13829
11483
7482
1347
1189
5377
14102
5450
13832
9971
7573
17794
262
5588
5534
12587
15003
1819
12968
13281
136
14272
11503
8796
14858
19409
178
2730
7257
8391
57
9495
13335
15559
1831
2578
13110
14819
5421
9441
14739
14309
16684
19615
18180
14633
9145
12273
2037
8983
10965
11984
1286
7196
2979
17547
6716
1770
14114
8755
5954
10328
14144
13077
836
362
17190
15592
7087
6246
17932
2494
855
17616
12820
13378
6731
6700
11297
14350
5937
13704
20047
11590
13452
12870
2147
3761
9025
12491
13197
5925
438
5754
9494
1573
10214
5642
18032
7737
7472
3869
16346
19385
11529
10228
11254
15055
3520
17906
1002
17291
10339
19839
8587
2246
9228
2139
5859
13100
3711
19857
7564
10509
11650
10658
5849
2472
17588
17784
3639
17487
2452
12768
13149
16723
3944
2968
15118
91
12059
6498
18759
15168
16086
1914
3999
15602
14678
5678
2713
17918
9353
1251
8886
8133
17668
16316
4355
19348
19353
12427
15233
12703
6223
3762
5265
4438
9846
4923
6525
3458
3408
15166
16605
15821
16408
10056
16048
2412
13684
7577
3437
3008
2194
1689
2912
4642
12405
11042
2077
17004
3973
5236
5900
7410
19583
12519
15851
17526
14659
3142
14748
12366
5587
14116
17629
2879
6374
12264
14403
15753
4390
11024
1541
9412
831
3270
12083
4107
2352
4287
5871
10258
16645
13022
19416
14420
379
16955
5598
10639
3128
6365
17091
13052
17174
12205
9539
443
8419
4803
13265
7368
14106
9908
12798
17529
1547
8660
11654
16124
14568
9935
4689
698
7641
5657
3911
6203
11647
3389
15148
2201
2311
16946
12131
17882
20065
6938
17873
5299
16663
13034
16128
2582
5526
7932
77
3878
13016
14045
3297
6625
14516
5750
16686
7547
3592
14112
6967
14239
7055
17628
15375
9958
16357
735
16381
1991
1119
11435
5077
10046
9706
9009
8832
6670
2822
13692
441
15300
10532
17723
11721
9027
19927
14427
7275
18993
19567
15382
1989
16175
17040
19190
14815
7189
1872
1908
18195
12113
16126
17806
19218
14518
10322
1856
6261
13926
19908
5716
9439
11346
7343
19002
9474
18854
10218
952
8729
6913
13305
13982
6325
8139
19898
8845
19042
16109
5446
4469
4615
8430
9810
6492
7252
3281
17813
10329
2159
12631
15558
5058
12044
589
11268
9126
2725
8213
5724
9681
2126
5132
19901
13156
13756
6881
3780
16172
13461
13319
13290
5383
5074
19944
11331
10801
7493
19570
6422
1416
5541
2680
2748
14710
13269
8482
8678
14623
17068
2881
19313
9538
115
6821
9892
14775
10069
6539
14515
4121
8446
15765
11494
17175
19564
15394
15070
15289
9703
7330
15625
6761
12222
14030
12536
14932
1730
11528
17186
11648
18516
10524
7606
8681
9198
4534
10399
13759
5986
10723
17150
6430
2624
18662
2792
15517
3226
205
19666
7301
2635
8664
9610
11327
14764
504
8633
16360
16814
1578
2884
17602
16025
1725
11056
3998
11692
18216
12156
19869
4470
5674
7559
12302
11845
7228
16191
19320
502
15157
15284
384
6883
3285
7259
11460
9188
16111
2727
16225
9290
4592
13595
12691
666
150
10969
5471
11907
11897
1860
1430
9537
10192
7505
15425
13236
18770
12354
11133
15894
11546
15960
13402
9190
12265
17249
725
11453
12723
15620
15920
12926
1720
1263
14202
16004
10013
5929
9363
19251
9629
15760
7127
14354
6370
15264
19460
11169
16732
8859
14086
5785
5173
12251
11125
13860
17732
3423
11396
8094
19115
1913
11413
12031
9601
1877
17800
528
5360
17368
14448
13280
19669
8663
14615
8243
16532
16376
493
10248
2989
13513
6825
11638
6738
6222
9604
17848
13977
17479
18344
10962
5696
13723
4765
17054
12074
4942
14795
2258
3492
1363
5943
13379
7052
14535
12591
12688
8891
487
7644
14259
12573
8747
10034
1451
19607
17979
5501
485
6694
14540
16574
14097
9855
17770
17274
9597
15298
1674
16355
6696
7401
17416
16770
9587
17924
6348
16386
12572
8508
4921
12701
17970
3461
12063
14711
19791
7590
5088
16739
2670
3391
15474
5513
17489
9584
9680
14853
5712
13644
2910
11150
7726
8373
16356
16508
2035
14900
18256
11128
10581
13162
4108
12659
37
2024
17278
3580
4445
10613
19157
9946
12873
6005
10409
12961
6986
13165
17219
1978
14752
17039
2047
5703
2926
8915
19671
12594
17098
19044
7046
2685
3151
1889
15542
19194
15518
6014
7067
135
3602
19059
12476
1559
1658
10009
3005
15018
8516
10296
3498
19703
8669
8160
3264
6851
8219
15976
18492
8547
592
5015
7688
16232
9354
542
9415
9177
269
18031
18834
11825
2726
7501
5751
7099
13085
200
9546
11549
14647
15479
17042
11449
10501
18012
6036
17375
5186
1521
3385
5152
2511
11962
6150
9159
13889
6215
10254
839
14087
15973
7024
11972
8535
19540
517
8763
15811
5222
6884
19613
15854
11712
9063
17615
15712
16139
3414
13015
13626
14059
2689
19010
7652
4546
225
7287
456
5107
9654
16417
1232
3438
11882
1280
4188
7849
10177
8509
17767
19306
14372
15311
9910
3412
9891
8612
11901
6599
12126
2842
17769
10118
12397
7057
15564
15674
7913
7700
13674
5147
9500
11553
5029
4984
17643
17592
15785
5876
14198
383
5718
15133
5399
4447
11139
5174
5209
17651
15747
1487
8086
6594
16779
14025
1352
17151
8487
1899
8833
19814
8377
10932
3820
3025
12203
16593
8292
16633
2703
19388
7351
6362
17658
16311
6750
2639
17272
11537
7208
16598
13409
3828
12331
10842
13547
4526
13365
13730
4184
2051
8895
15875
15219
17445
5677
12854
5356
5835
13393
12530
2924
12254
15969
3951
8364
1823
10050
10535
8159
16405
10124
5396
19270
7145
12231
20015
6054
14967
6241
9870
11878
16648
5507
3496
15036
16322
15230
17900
13180
2319
14934
13615
9261
2686
11439
19393
15327
10313
19165
6345
9902
2712
12057
18855
11870
7322
20075
4616
13790
5723
12300
1809
8982
14943
15246
19402
13111
3229
8278
7191
17369
3856
962
15192
10775
4731
12072
7908
19771
1409
18865
11047
7471
1774
8273
3674
13327
1638
17789
18250
10430
19731
2439
15275
18240
5810
15829
13139
5963
10319
19308
19879
7550
13555
6917
12912
9053
14094
11833
11945
12137
13956
11050
17152
10918
11402
1216
11208
14959
4370
6455
8592
16942
106
16672
12488
12045
10468
13316
13468
11887
730
15772
1721
18004
14963
2225
11067
2096
5941
12410
13847
6897
4085
15261
10663
16497
11057
5063
8110
18571
17289
2488
9911
3228
8056
14139
3866
14140
2809
5564
10528
19848
16313
10939
82
8811
8426
10906
6259
16273
12834
6646
3953
17448
15815
8805
1787
3220
6957
5868
16846
18055
14552
16888
15254
16690
9817
7171
2834
8270
19538
10867
9708
357
4141
17117
9143
7176
5349
4688
19532
14293
8239
10726
2307
525
13586
17310
11880
9520
3872
14767
9389
3545
8976
17183
12306
3048
127
17514
8288
5675
11723
12164
7983
2286
19018
9258
19368
10967
5483
10402
11476
5437
13905
3939
10780
17608
16661
8115
6591
7682
17126
12955
19630
6179
17202
16478
16099
10875
6953
3017
3442
8713
701
11091
8842
5005
18542
1663
5413
4458
9224
4700
18550
9059
17225
7231
7466
15123
2091
11303
2723
6629
15853
1688
13407
19542
8550
19905
9315
16429
7367
9606
17939
13036
4478
3643
10606
15360
15791
11868
7056
7894
9233
10575
14359
8485
3754
3145
6280
15879
15823
7030
13796
1601
16019
14222
9386
15037
6583
3710
17871
2667
10303
7840
14142
15607
4643
7924
11357
16756
17498
6665
17825
15356
12553
2579
8969
9223
16437
8752
12350
3839
14447
1895
16148
11543
18258
6854
13816
10483
1258
16201
19344
9653
982
11838
3426
10884
7240
15346
18941
12184
17715
17989
6069
7080
12501
17683
17364
17140
15594
8179
16612
1782
4822
13809
8881
7508
11142
10311
11481
11350
14952
7785
15948
6441
15392
14145
7167
360
690
581
5037
5934
8476
12091
17259
19982
7579
9283
4463
9859
358
3851
2369
15210
3324
6315
11607
1942
1949
17372
2805
4638
845
14119
4452
15668
6021
8046
1445
9142
9369
10738
17549
3484
14638
1346
3483
12609
2850
2436
15697
16268
11317
14255
3778
2259
18698
14316
19862
11576
11728
6819
14118
7041
19449
16965
10898
16023
5149
15781
706
3481
18124
6224
8231
13121
5270
14542
15940
10301
6070
6493
18758
11776
17312
12252
2876
6133
5705
3296
11761
17477
7204
5768
15637
18527
10136
19423
7354
15491
7610
3261
9137
13252
6887
15504
11881
10537
10564
1162
1268
17253
6170
16805
14861
4250
2287
13933
7617
3063
4505
19293
7247
6535
6901
6340
13658
12588
16865
3831
1650
6145
14444
1869
16882
11930
10444
7458
10584
16627
10453
7867
16006
12861
210
7062
15608
15933
11591
17938
19507
2354
19874
3922
1218
14631
16634
425
11479
17399
5824
3149
15241
11851
336
16180
13218
19431
12340
19891
1311
8979
9323
9825
15828
20012
8732
10620
11775
8234
5098
19072
10427
7832
216
14088
1062
2002
2705
6568
651
2949
13559
14792
19326
7781
3705
6989
5097
17675
7510
5894
5036
8620
18037
4502
5116
1020
2999
746
14666
3732
7491
17757
13811
3381
2268
20041
16069
5779
9687
6375
7437
243
19617
17335
394
8861
12644
3003
12143
17281
18969
15042
7792
17266
18702
12409
16679
3817
253
8335
2465
13092
16247
9615
3
11019
10415
7561
13960
14940
4071
11318
4508
9400
17617
7023
18066
5143
14984
10986
10910
14352
258
12330
19439
9511
5802
15974
9403
15549
10958
15413
2679
6240
12338
5820
15260
553
9057
9419
12661
11155
17983
8023
7033
15484
6221
14340
16260
14640
16729
12320
5262
12893
15759
16244
16783
15622
15316
4197
7036
9808
13438
7237
15352
11371
9975
19482
6090
2325
7540
12214
13179
18085
13390
15201
2552
8062
11562
19759
15986
12752
7522
13938
10908
11599
7479
11341
1312
6114
8374
14283
3726
11022
5969
8429
15080
738
3632
9535
16557
7288
12112
1090
17385
20077
8032
15819
14487
6601
2453
14125
3955
5550
18748
389
375
5777
18804
6693
3783
10236
11889
4998
1690
17284
7631
12708
16632
1192
18744
12650
1668
11370
5062
17113
19151
97
2615
12611
7409
9967
4763
6316
10389
490
6773
11589
14822
13029
17797
9088
13680
8170
12174
11415
2329
11244
14502
7374
2370
5317
2210
47
840
883
2820
10874
11418
4259
5574
3808
6033
19261
15904
18798
7716
1273
7521
9368
18287
8688
2476
9239
2595
12975
10729
1292
12876
13792
3357
5407
13834
6920
4010
19186
17408
11960
1919
13091
8248
12927
5247
6276
3427
10865
724
16002
9965
673
18142
15927
12455
652
15784
7048
9264
8764
13542
12096
6980
4618
14805
4506
15756
4797
19657
15002
6934
15816
68
1988
5581
3072
9204
16415
3758
20046
17023
17431
11506
15616
7460
8638
142
14821
15711
7511
17517
16171
9858
10278
5050
8841
18523
18023
12268
16043
4491
8131
8188
7704
14212
9139
15849
4726
2868
7938
19649
15371
1278
10044
8433
9950
15792
15217
8109
1812
3957
11034
5085
2441
15903
18342
3215
9012
10944
17978
16194
16450
6273
15273
9732
6911
8709
18991
16863
16308
12792
13134
6469
12807
10137
19985
12579
15653
353
5552
14495
8216
4930
2781
8872
4754
6501
13049
19358
17945
19206
19688
12757
18750
12569
17314
6885
6842
9065
13532
1481
16655
3125
16291
10645
2516
16700
15094
9324
17942
15158
2692
11742
14491
16091
4113
6608
5438
18313
374
7050
8819
11298
2444
4782
7140
14026
16024
14009
2652
1652
4000
9961
13068
3366
7715
6118
5994
13090
15808
19595
7841
9696
1142
4220
15994
15447
10794
10180
9643
1066
1160
7875
192
6291
17257
13353
2900
70
8670
14171
5379
174
14124
11957
19076
17370
3815
15506
18496
13677
5182
14561
1199
3656
10608
19341
16813
13937
18199
3340
11517
16774
5319
2112
10070
11534
3380
5052
15115
10425
19695
3568
9807
6724
3342
11005
10082
10710
14276
7773
1868
18806
1616
6143
13522
8366
15248
15038
8913
18148
17299
20096
12147
19673
2621
156
9735
5877
15576
1764
11443
3100
1117
13344
6177
8008
19524
20059
14619
100
15031
8926
17595
19161
2963
3660
6356
18159
19284
5738
11030
8491
11586
11683
12545
13807
1519
10176
13893
17556
17865
11010
17756
2885
3861
11831
299
19447
9830
17816
6783
2786
11886
17157
17095
2833
8100
13101
6312
14757
2783
19659
16068
15919
12511
14475
5744
9418
16568
17275
9413
8808
2943
15259
7766
3415
11982
5848
7485
6153
16115
15203
8697
8780
3920
15385
12782
12189
9417
15554
2825
19256
18951
14242
12017
13138
3058
16072
7442
17160
16240
7188
6624
566
1317
15914
511
13784
10529
10902
2747
6351
15025
2163
7222
11977
5271
15129
5216
12477
13700
7557
7385
7336
14551
2118
8909
10065
1245
7962
19057
17726
7269
7897
18387
5030
6242
15714
18311
16885
13503
1055
4084
19075
17639
736
12125
7965
5578
16537
12824
18040
936
17847
10433
17427
7628
3633
5397
2427
19108
14980
15126
8736
8250
16914
14847
5259
19785
16900
16959
18118
6358
3252
7063
14021
9140
11144
5644
8725
17325
4517
2280
19243
6127
10831
19572
13089
4159
9916
11508
1414
11671
1005
17500
2474
5348
5337
12015
2089
14780
16818
1291
1301
16391
1969
12443
10926
16484
1679
18119
10417
11965
1331
16365
17227
19620
5641
8052
522
6092
12580
7884
14926
9641
15685
1743
18087
7232
9941
16827
7627
5976
322
5411
10247
13965
16045
1722
8721
18131
13981
9092
3723
15283
17137
3977
19376
591
2928
15761
4441
15212
7896
7142
16119
11623
15757
719
7729
8850
18718
14134
2978
13495
17451
16038
13802
10632
14643
555
9275
11790
15143
18255
6411
12054
14047
1591
8897
6643
14753
6645
3392
2473
417
16944
18538
3411
4241
4253
9819
8329
12698
2745
16084
19709
16606
9010
15846
10450
6527
1925
13326
14410
4801
14541
821
16527
11095
1018
17271
1891
3378
10257
18029
19546
283
8124
9314
17612
6909
8007
17987
12627
9408
4816
7377
19130
19526
8203
3037
19301
6417
2212
10202
9216
4374
1903
4073
731
16711
6742
10455
12709
16234
9382
16246
19285
6522
11863
11046
19071
17743
9775
6228
13061
11830
1070
1165
18824
4724
1390
2573
12186
15046
19268
18297
9256
6505
6196
2478
2656
14738
19637
12704
9101
14599
5573
1832
5743
3579
15543
12249
12367
10571
19087
8968
4639
17261
15648
5457
15033
9095
7331
6058
3247
19334
7597
12935
885
8249
16144
879
12244
11115
11372
7383
2569
7571
18417
2845
9673
11583
10647
19603
2521
19835
6110
8545
14451
4529
11217
17660
14607
12500
16975
3367
1384
13661
12376
2780
14466
8123
11085
20003
8613
3748
6846
6871
11097
14993
10190
6413
18281
8447
14019
3364
2760
405
1022
7796
11883
15064
7276
18734
5180
14866
13274
12353
3797
3050
3362
711
15998
15405
18831
10273
12119
15079
16702
4175
17082
6651
7317
2486
1303
11408
1921
340
11243
14275
11395
17049
9205
12980
14865
993
5838
8322
9837
13202
1068
8142
15951
15845
1237
6268
929
10101
13213
9282
10649
6633
19264
14224
16883
7318
1407
19246
2081
14049
17655
2095
6954
18315
14957
6247
17404
14543
18979
18880
3431
13859
11218
17248
14810
16448
19950
2673
14376
10413
13062
19632
12450
14510
10569
14614
2331
3842
11518
9399
1124
18958
19512
13710
7830
6414
12009
5749
10147
9762
4507
305
12188
15763
17533
11552
1715
16036
8893
6610
15208
17889
15374
11391
14708
7601
390
16908
5544
5163
1403
17328
3107
1167
1890
6209
5090
6569
3379
15296
19029
3327
5362
1212
17635
5711
8646
13671
7616
8625
3809
5748
13019
10570
15013
19016
9346
18882
9296
12608
89
18950
18293
14546
4536
19536
1514
14830
11905
15299
6328
5031
10061
5238
1924
10984
19663
1888
14777
12122
9454
17564
11480
9234
12607
16878
238
9203
13399
16785
16070
10840
17303
5391
2249
15613
18534
423
5287
12158
16751
4418
12923
6378
3162
4086
17326
20053
3960
1122
9638
5691
5197
979
6285
139
19342
2817
7295
705
8773
10953
11113
790
2090
17164
11214
5414
19499
17884
1136
2240
14944
5736
8272
15529
6380
6369
31
19715
11812
1017
18101
1923
424
17578
5
14754
5251
5936
14054
19883
14801
7371
8118
18110
11558
10461
12025
5698
3724
6578
16103
9174
2565
9783
18135
6412
12105
8383
7648
9062
16758
1835
17721
6563
12527
20090
12117
14996
15426
7329
11555
8132
9986
18524
4442
15328
10081
11926
13437
8687
9930
5084
4443
1190
17456
16009
13755
13797
10519
9674
12872
6275
3595
17850
5431
8649
15788
7886
3816
9279
842
18537
17966
8616
19578
17483
17984
17155
2561
4784
18827
3593
6053
12977
12950
14871
5048
16063
2592
1979
9361
54
12049
19066
13057
11545
10131
16712
19070
6682
4404
9215
852
15
103
11598
15600
12328
19321
3551
10265
603
17422
4539
8498
17859
17679
3759
12021
9727
825
10644
7870
1011
7541
7602
5837
10359
5834
1083
18089
3407
16762
3862
9170
14642
618
13972
15122
10028
12756
9586
6727
1664
4479
7512
19772
16666
6119
11159
527
10308
4142
15595
6541
3455
19601
11943
19399
2257
15401
17931
1710
454
15557
10164
11788
6552
18014
19466
12866
12839
18102
15237
9623
5267
5345
8059
10300
11626
8756
6803
19816
1999
20013
2477
9255
8650
16008
19937
3540
8959
12257
1567
17109
10112
16895
6532
7821
8863
2211
9878
3004
6940
16842
12725
15262
7987
4519
12762
17122
18094
3683
11993
4649
17837
17875
19435
15119
616
3642
18596
16133
18200
10951
3402
12859
437
2767
10517
7593
15076
18728
2136
2341
1627
7161
4053
3667
13804
10591
10394
19645
4717
12828
2217
18327
9701
4440
10996
5151
3519
2613
6305
1763
158
15844
14549
4595
13158
17753
1305
9747
10698
17741
766
349
10168
13229
6628
9217
7365
13594
19523
8854
19374
3049
17384
9983
13758
19826
4747
5425
11187
1917
14016
15671
38
3645
13296
5884
1676
4619
5493
12115
7081
8621
17874
7525
8285
13431
13856
18499
2174
18181
7596
16990
6219
9484
7592
1778
714
20011
11744
16922
19667
403
14779
19294
18147
4169
5284
9425
8311
279
17199
9466
2772
13293
10036
4823
16500
17268
1344
18343
12082
15404
12261
3030
12307
15909
2800
3119
19461
117
12911
12000
9845
16423
8480
10203
17034
15307
11709
7768
9091
5094
5456
1637
2585
10268
13973
8877
6915
11074
6758
1535
11102
18092
15412
13473
19859
15593
17159
4459
18813
12649
9002
11925
5042
6695
930
16151
5371
8947
6893
2011
1074
19511
432
2920
11720
15368
3450
20051
19977
647
10654
15758
12847
567
17233
1015
4211
2546
13875
7902
3652
13159
10992
3905
18294
19054
16530
13328
15028
11710
12197
14686
2278
3157
14694
5478
4196
6032
2863
12012
1006
2991
1298
3988
987
14319
2365
12270
14899
16698
10759
13976
2413
4748
14766
10664
223
12399
4663
11210
13082
12319
5729
12050
3855
12567
12647
6912
329
4808
11201
1957
7003
644
16514
2846
7133
14060
3075
9458
7548
18127
4168
5292
19856
4647
3611
5585
2722
10073
13928
2843
15162
15599
18704
17025
10451
4932
160
15641
16090
7258
16850
12761
9711
4244
13749
6868
2484
5559
12825
3860
6098
7804
125
10347
19988
4208
11893
11251
116
16203
3818
12451
2699
1587
16910
12288
17829
17449
3308
19383
4095
16572
11996
11959
7707
18098
1386
9464
17638
4745
10078
18099
10173
13650
4216
6295
17020
14389
19101
12848
10276
9943
17002
13655
11381
6677
19498
5840
12066
285
2406
6298
6947
7312
14867
19968
13145
10370
19780
17897
11038
5885
9410
8284
19941
14137
19116
3521
16575
15232
6753
3040
15024
11407
3430
15729
2480
2603
10280
4531
11820
7929
18920
9750
2122
2637
3826
1698
12745
8785
6190
18151
4682
14527
9016
9481
15176
14041
14562
1213
10567
1964
828
17917
1549
5981
12190
8360
19730
10270
17080
13260
14570
14587
6260
9388
4598
3092
10928
17609
12080
937
5244
16858
11087
3813
11651
13836
14902
8555
11070
12258
14531
9640
3550
7457
272
19991
8794
2456
8807
13422
19865
16340
2260
12895
4475
90
18251
13070
19501
7663
9260
1093
11819
14130
16026
9398
15195
16936
3557
14653
17531
4040
3805
343
9102
2525
7134
6774
13320
16483
9463
13813
14384
3504
6674
10495
15638
13396
16665
10512
6287
16264
8166
10187
9214
4551
15027
10769
8839
2220
18525
18238
1753
15724
12404
1641
13843
8141
80
12483
18845
6518
2706
14761
580
14881
15207
13974
15672
17084
14758
15116
18802
16384
6590
5249
1082
235
14471
13707
899
19548
3649
6896
1283
8548
533
19594
19903
16375
7018
11461
6945
785
11666
1004
4687
15183
14781
5944
18532
2376
7159
661
12903
15680
5548
12954
9128
6137
16696
11013
5901
11099
11354
11976
13154
17224
9478
15636
9212
19680
7012
12285
7025
19238
5497
17235
16326
11840
8975
818
6262
16573
2069
2166
5169
11160
2149
16862
16436
4574
9767
11938
15053
10652
16466
16454
19975
2889
8136
4929
7280
12370
5783
10812
6096
14128
11248
2557
17953
10170
19678
17304
3769
18856
20034
5706
8526
13930
2931
1037
13589
10191
18042
8473
19173
8474
9130
17064
18125
1050
11403
12967
597
691
9668
11681
16321
4771
14335
11659
5543
7621
14196
14394
3214
9776
16242
19472
10935
4093
5781
5721
17678
9015
7584
11923
6292
18300
17127
16893
19078
5959
17625
17930
2308
14672
8217
17993
8604
3943
9199
8241
2101
14014
18097
5778
2583
11657
8826
8436
19849
1441
11567
15242
17555
10345
6429
3476
9929
16305
15142
3232
8653
14246
3544
10435
18080
3543
18701
19223
9726
7358
18785
17265
10484
5351
11300
14524
16379
14545
16162
20087
11108
12061
9001
19067
323
2627
10979
18560
9977
3782
13018
19907
7928
1353
3703
11271
11051
5995
14667
10836
6720
17490
1176
4535
14351
5508
16921
13195
13509
2353
16710
12547
5626
13075
8305
11296
17599
7620
8092
19751
14234
15519
11469
1947
15916
9150
518
1207
16534
7565
8343
8251
17240
15007
3853
11470
4157
1459
4485
1478
9152
10297
3160
8966
10085
14741
9731
3033
3976
5176
17395
9430
1523
8685
14446
6046
17620
11342
7591
12753
12348
4938
6206
16200
1257
14511
17803
13596
2500
7666
7748
7977
10505
6361
11072
995
2589
6155
15899
6300
6007
11027
7395
13888
8834
3313
5028
14629
14392
16731
17072
6712
9449
5286
3975
10504
6692
17764
18805
15982
9131
9273
14743
14684
12858
18515
7061
9496
7800
16505
15336
14386
1709
2997
11392
11649
7474
4057
18511
2544
5463
10458
19164
7175
16838
1325
16420
9556
1118
19058
9245
13735
14670
1576
15396
7743
15485
3640
7820
16726
14685
5134
3666
565
6057
15614
5883
9979
18244
15509
6264
16963
1454
9802
1781
15924
12085
17043
3034
9814
2950
8538
6658
13629
2378
19279
14467
8256
12309
3773
2946
15810
13638
807
18078
8693
2668
8089
4212
10055
18306
17662
5803
16411
16121
5204
8153
18164
13788
7686
12979
9854
13954
7098
19377
10755
12681
9472
4944
4751
14888
11680
19967
9351
13822
11039
1654
512
10721
18337
179
9675
4645
7182
16127
10764
12532
6146
16101
14602
10751
8639
13167
19345
15678
13702
18007
1603
6784
6459
16533
9617
6097
6754
17153
15436
6685
7735
133
8205
9133
13221
14424
16465
18129
2936
18828
18846
740
18522
6573
9231
14622
19647
9271
9757
15084
12506
10527
5627
18788
15244
2597
15895
14958
9513
16302
12292
19166
16969
7690
15928
10821
8912
4128
7659
594
7499
6334
8962
11304
20014
18280
4585
570
15682
13297
2530
14735
10915
2431
7523
9900
8999
3356
19103
2312
351
9997
14391
19997
19954
15458
670
1261
13357
9889
9607
10599
1607
14046
16211
8957
4605
5756
19315
7297
3243
9869
15624
15294
8657
13480
16344
12036
371
14496
6812
1755
13458
12243
13486
19721
8481
1125
6922
9672
16146
8143
9752
14308
6286
12651
2971
12720
12485
14797
19146
475
18697
9049
11202
10138
12383
10598
13288
318
4501
4776
3989
7529
1393
14068
2100
6301
13292
5593
10966
8666
6723
11726
7997
17974
588
19245
13824
18691
19990
19904
12368
13948
16473
13678
18815
4123
8253
15004
2619
16338
9348
1025
14574
13270
7384
13894
13597
5570
9738
7517
3325
11803
3772
17928
12888
17567
13309
3154
4476
4020
2897
18283
119
4429
10220
794
17856
9138
15774
10629
2755
2153
9739
7177
2199
2361
11282
3171
7860
2181
14593
10438
9619
17440
15292
6400
10881
7672
7552
14645
19974
6506
9893
12361
19495
536
14189
17754
2294
13633
732
18932
6284
12449
9903
8104
18326
8078
4209
2878
16992
16658
19565
17766
6607
15584
1392
2983
8622
12817
16074
7212
16110
9769
19073
13441
17014
9144
3410
4635
17768
10555
16964
1420
14921
1397
19949
17015
1255
4237
10980
3918
11132
601
14304
1803
2182
4059
537
15251
6307
17241
8595
15372
7361
15880
18061
19329
13751
4151
6357
7353
18126
5567
4681
8737
6768
12284
5841
15061
9942
741
18165
12434
1886
11182
3460
966
12646
6538
11785
140
7118
752
16371
3218
19441
13035
941
16741
1421
6560
3013
17793
14455
9405
2317
16909
11066
4192
1859
5297
19822
6347
3599
5435
7082
8683
7812
14547
11452
17022
1379
17053
1926
312
14945
3328
4204
12486
3473
14559
5083
18799
19650
2604
440
11667
5928
19910
14908
614
8551
15546
15386
6290
2710
19142
17742
8057
14626
1185
4455
1442
6900
9621
8200
2970
250
13108
16768
118
11325
1807
15005
15655
15229
16510
13469
13980
7979
15029
13325
4644
9343
5218
17213
471
10188
2930
10713
12041
3227
6484
19095
20058
6580
1950
12801
4217
14325
12934
7037
5014
1729
2067
5211
19424
1798
1792
12592
882
9196
4481
2976
17940
16238
19372
7497
6045
10021
2560
5257
6992
16911
17740
2837
15489
13993
17858
2398
11077
14555
19174
14042
2905
17251
12560
16587
2193
8869
663
1171
9393
13646
10643
17698
10334
16046
10640
13848
6618
6691
17755
5338
756
12837
19158
18790
14787
7649
401
830
2848
6686
3846
6623
5494
18282
17670
10380
461
15206
12985
7677
5053
13024
10936
13717
4516
5410
13573
7069
13440
16640
4242
19032
1008
2177
17888
11794
2697
3074
5137
8812
11136
17320
16828
13459
6730
15353
13649
7859
12487
10390
12988
8515
4807
8589
7790
11001
3755
13170
8645
8933
13521
13827
6385
19001
9742
9928
6186
18823
8583
7201
15676
17587
1505
18539
9084
19298
14197
16402
2397
4786
2127
8244
3395
18514
1187
14439
13934
7692
3533
8955
12686
8144
1230
10815
13782
11485
8384
4600
7338
5164
11771
12206
14730
8072
9984
1469
2062
15574
17480
5184
12291
2430
3721
2082
1375
5051
2681
7116
19875
3925
5856
6508
6421
19800
12472
750
9909
6344
4758
18149
463
18754
6775
6553
19571
1684
19004
12922
6454
3355
19819
19074
956
416
4482
14411
18035
303
2895
2599
9122
14247
198
6376
4842
8603
291
15026
5818
12748
584
19444
3472
19519
19325
14468
6373
15692
925
4764
17697
14843
8414
2214
14618
7774
12272
13299
4521
7427
9811
15540
10617
3583
6776
10452
15814
2295
9305
13308
4218
11904
3581
19702
17843
1138
2972
11711
8255
445
14591
9359
1087
6390
7845
11813
16844
11478
13189
17580
13745
8781
2528
13168
16559
10407
1148
4777
13746
8945
121
6299
3249
15579
17292
19685
14979
11459
10209
7221
5296
12260
18857
5423
10937
19222
7905
11168
20040
9211
8991
16107
15790
6288
3804
13416
14061
2013
11677
11247
16266
9034
18797
13028
12255
16523
19682
12081
18726
3169
8233
6031
18182
9123
239
16693
17779
931
11448
2205
11963
18155
6243
12552
5857
12744
18826
6595
13506
16005
4042
4489
10249
16874
12771
10049
8257
3163
5858
15860
12729
782
13918
16427
478
13375
14396
8358
1695
1938
629
12789
13388
18166
6509
6107
3061
19121
13355
19940
6765
10724
8531
9872
8445
1188
4222
13789
10736
1234
1733
7742
11225
14445
10597
514
8041
1222
5099
2523
15285
5095
5400
10312
1243
209
16491
6481
14501
13539
4612
15647
3088
1565
8858
953
3290
16258
16580
16877
9435
13331
10033
3358
3421
4583
15226
18370
9141
15807
20095
1608
12068
19725
14126
16487
12676
3734
16185
16296
1381
18154
3333
11126
4044
12751
1933
2017
7535
8852
18247
16807
3770
1480
17267
3669
7698
7236
871
10741
15363
16578
6932
13080
12401
15399
11224
15370
15718
19781
12043
8950
13310
5605
13588
13272
1678
5853
17442
19217
15269
708
3986
41
7708
12388
1557
10725
4820
13451
2263
9477
14665
6094
16174
3216
290
9863
19220
9299
19267
12494
12014
4427
5908
2371
18747
12526
1907
509
14037
62
10003
7475
14857
3470
5448
16413
16382
12248
18526
1372
14906
4772
2642
6391
6434
17574
8667
19415
4937
12898
18867
18801
5177
4198
4101
8970
1920
14514
7034
9242
2460
4752
15301
12662
15742
6310
7077
639
8615
19100
3420
15030
6995
2662
8227
4532
5179
5213
5210
15501
9021
13351
8002
4817
18189
8236
9257
2481
1396
14497
12294
4606
902
13152
1109
18997
18067
16140
19080
6154
18848
13598
9956
19043
13336
3206
9221
1577
16219
17999
14155
369
8140
869
17687
14838
6257
13083
1244
13673
5181
787
6519
15139
5416
15120
3906
14955
12359
13544
14975
16859
6690
5746
2870
2247
3560
3672
1512
8424
16815
18765
12339
3490
5285
9524
811
13872
5880
2650
2059
17273
7470
4538
17055
2700
810
8978
13381
11592
9592
6004
6416
14072
59
15929
3637
10184
7308
15661
12776
10817
30
4525
5814
6994
18863
6910
16380
4229
5072
18835
15437
9066
17724
18137
6304
256
9966
8809
19707
11347
11768
11967
13324
4180
7971
6982
11980
1223
14889
7416
8386
8665
2737
11611
1561
9743
19162
9791
16790
6955
18793
2789
13492
5469
6132
14258
8000
9225
12124
16705
11834
4631
4943
9237
675
13363
15293
11080
1175
12987
768
10237
870
17747
10911
19183
10819
10429
9172
15980
214
16915
7242
12134
2587
14423
4158
13527
19068
19060
3534
7303
15067
13946
16896
16512
15623
7006
5787
13639
274
1700
11747
9022
15147
11625
3618
17776
109
5640
1030
2823
2836
9497
14254
6523
10361
2768
18696
13427
9069
8053
9274
7730
6212
710
18992
10401
6981
4439
1704
5867
15383
1749
17898
14237
7989
15652
17640
3180
11310
11249
6189
1158
12240
1822
8488
11421
6627
4791
229
1418
19445
15840
14702
17596
14875
18133
6726
16294
17383
4594
6278
12478
8896
6993
16653
16566
10250
13903
1970
1706
10490
4125
13562
13298
2929
1248
2861
145
11035
4610
79
10703
12001
10592
14571
8838
13289
5780
16752
4794
5405
1156
7829
19987
15326
1574
11471
10095
2750
4557
10568
11652
1737
2466
12830
6689
16943
10829
7449
10172
11879
17718
15098
9064
5260
16588
8382
11653
9208
1502
355
3962
19877
17063
18840
16104
850
16961
6326
557
9790
5594
16843
6668
14982
16065
4066
9269
2157
17178
9995
13120
14539
9285
1106
7816
10135
19955
10304
1452
17444
2419
4026
11732
4058
4155
8299
3419
2228
13182
12
12207
1789
14417
900
18756
2310
2985
4793
4694
8572
7434
7954
19783
18948
4746
12693
15662
5390
11355
11932
16117
5607
8682
172
11636
4240
8882
8214
18104
14426
11368
18849
798
16042
10630
4788
18500
9957
717
18732
18324
15331
2959
1406
8156
15978
15598
4759
419
9541
6528
11995
6116
1471
189
19775
19929
18796
16970
18285
4099
12790
11374
4844
19522
11231
9011
2274
4775
2057
15434
9236
4980
12144
6318
9468
8371
17471
9164
9219
3480
12153
9580
17478
14885
1543
19138
15861
6425
8965
6987
4580
14610
8987
12746
19687
6117
10041
6389
18336
15730
9895
1932
868
4251
12971
12710
18520
2390
11129
9355
1873
13851
17390
15789
12614
13914
8065
3752
12597
4609
7618
8456
5843
9880
6770
14917
17028
5669
602
12493
4457
13128
6834
245
8321
12317
19242
15863
3276
7451
17062
3353
3584
3849
17460
8558
3144
19260
17013
12092
6671
5056
12162
7903
18025
4640
16899
4139
12287
14232
34
12107
18253
1685
655
15105
5426
11837
7245
13516
13892
3394
10947
1274
20039
14191
12557
1242
1686
12013
4043
10279
1580
14192
5898
6379
8022
7408
8652
547
7966
13500
13764
167
7015
12279
18338
9226
12648
9990
7901
3824
15867
783
3597
3516
17472
18955
14646
17650
2461
1687
2176
12386
3509
856
11755
15802
5035
9529
11495
6788
8757
14794
15530
16867
7694
707
6120
17021
5336
7750
3129
19065
13593
3014
9007
6341
4210
8722
18260
5694
20004
9968
8942
4762
15700
10169
11988
13078
17680
16728
11836
3118
17530
8870
6797
9599
695
7160
9707
11874
16611
3924
4206
18816
3474
1841
2986
14869
6297
791
5933
19085
12812
11793
19509
5402
6248
7637
399
4035
9516
2001
9448
4555
9146
4207
15017
3735
15398
15325
13568
19105
6279
13725
5844
9195
18319
1814
2517
16565
8875
10029
3574
7733
16864
5398
16157
12677
13537
16092
9209
16548
12618
10259
4228
7580
8960
8149
8632
9431
9200
17378
19185
18188
17860
1211
18130
5230
4078
11290
19491
5709
4137
2226
7664
17096
7254
1338
15612
7818
8237
4757
9186
18368
4106
2980
16801
10615
12689
4620
7613
5668
18869
3985
18860
17527
1057
1226
15278
2108
6948
1984
6664
16787
2610
7489
6710
18862
16018
4006
17969
9780
13010
19698
10358
16528
14994
8443
7944
19332
13604
9620
12417
5985
19823
19665
16835
2533
4202
19005
4135
16173
19048
9816
16253
14098
6743
9227
18768
2078
17516
16419
4819
13757
2938
9089
11458
19644
9243
19003
4591
8001
4464
2250
13411
9336
5308
8147
2004
604
18521
18162
5676
5806
4205
14956
18810
1936
2918
7180
4372
55
4596
17138
4112
8340
15381
8578
3202
19676
19827
12518
19697
2503
4214
18533
10913
8281
19184
6483
4590
2606
14018
17139
4604
7185
3273
8513
15169
19787
8150
722
7495
7445
4077
11203
17485
19964
15585
18877
18279
13067
18312
4636
5206
18850
1708
19286
18853
217
5636
4568
4544
16836
18053
4034
15804
1734
14573
8876
4572
4564
2969
19033
5757
6144
11630
19690
877
450
17911
3587
19755
19203
12226
685
6199
18156
15769
4028
13733
17486
11770
4248
17995
4025
1123
15134
778
2023
15992
1350
17
19728
1569
13047
16073
16545
10374
1200
5202
19062
9317
17067
10185
18284
18505
6833
8874
17473
11581
7904
2154
6387
4005
17827
4117
17118
9076
2505
17716
1996
11752
16535
14342
1354
2324
14081
18836
16694
2284
2167
6367
4138
10171
11267
11266
9994
18995
5415
14020
3662
7945
8494
8654
13833
15103
18800
16540
19055
7266
11236
16214
4467
1205
332
2847
4199
10737
6112
534
14349
11166
13507
4755
4641
5289
8187
4055
16522
18757
18944
14407
5038
10553
8264
18519
13247
1041
13575
12227
4565
1356
16952
5538
15531
8154
9697
5167
5836
18881
19104
15124
6188
15768
3631
5892
18100
18509
7129
9456
3746
2759
11107
4846
18859
14737
8183
18106
6294
2981
14165
15932
18493
18330
4756
6449
4566
15337
9591
10477
11337
7022
1013
7684
12877
16412
6639
12878
3444
4928
4052
9888
14873
9037
13800
14297
13235
5755
11002
12169
8258
19811
13762
1340
2231
10848
1865
7072
15762
4503
1204
4426
2984
2614
15179
17204
13330
17557
4194
519
3765
9289
15993
4474
6346
11934
10295
4783
1447
2487
7921
19951
3668
4176
11209
17211
805
4524
14148
12773
10
9298
2058
9093
17763
4578
13727
13053
4181
13127
3186
18767
4150
2973
9127
638
7461
16871
18879
15609
4232
19861
19037
10917
6352
18943
10189
10012
4514
13550
15936
4213
19109
7168
4549
10242
12685
11569
5761
4200
8030
5887
5899
15646
12282
6996
3067
18864
6555
18295
2060
5330
6342
18506
52
489
3283
18873
10343
13581
7782
5860
13886
1626
15190
4124
6016
15137
2216
4761
18502
10735
17772
2977
3875
9259
6386
13311
14872
9321
9806
4563
4760
4149
6282
4569
18517
19034
1111
18323
4779
17484
12690
19708
18494
18949
14188
17135
9014
14284
6961
18844
19871
18878
8201
19598
18807
16468
15231
5861
19343
1861
6704
3694
4186
13769
10260
2995
1141
7490
7017
19000
14971
18820
15403
11994
1449
11287
16366
18536
5965
17820
16060
3155
11547
5886
4048
4466
8043
6739
4029
18884
8328
18340
5571
10778
19805
7817
16948
4045
17508
19559
2169
10912
11172
627
19589
15221
12175
4041
14206
6281
9704
11279
11237
8868
10870
15048
18822
18817
8822
4599
19176
18529
5758
18996
4780
20067
4087
16095
18888
5980
18870
8867
4046
19914
16017
6371
13079
9302
14264
1597
17550
8884
1998
18818
4608
16515
12418
905
18952
18766
9192
13271
3682
13116
4550
18152
1550
4165
498
4577
1813
4547
14577
3967
4625
989
3079
7823
17167
4024
3766
18513
16336
4148
16469
4627
19984
4153
2865
4144
18322
18812
18892
18345
4258
4587
4617
19706
17198
9962
18808
6925
5343
15582
4027
4576
18052
19508
4602
2470
6393
12084
18946
17006
12140
18495
4632
2994
16620
4510
6265
19038
4143
17254
4050
4637
4614
1249
14816
2945
16562
4652
18886
4945
19110
4528
8111
19009
7865
4513
4147
17169
18083
18271
11848
2374
2524
20007
2974
1922
10251
8045
15138
4593
4425
18103
4190
6662
1795
1566
4178
4575
4172
13711
18847
4552
18299
4051
5799
9931
5762
18819
18872
1918
4607
7031
6443
10219
6756
8051
9612
467
14800
4063
7169
13133
18510
3132
19175
4082
5700
14481
13932
18498
4174
19061
8906
4527
5555
19031
2372
10367
4140
6490
4054
17849
4579
18876
9113
8148
13366
19006
19547
1945
18507
10048
18875
8483
18504
4589
4038
18497
18054
18753
18851
10851
7430
13181
9515
8582
15635
6933
4523
7021
18503
7594
12297
3153
2373
4110
18331
14190
18795
5882
4560
4586
3788
3404
10204
15541
4584
17382
12099
3337
4185
4630
18838
4611
4133
5862
1224
400
251
4179
5256
11668
18852
18752
2982
4161
4558
18167
12558
4588
6343
18942
18885
18889
4567
18832
18314
5760
18528
18512
15597
4152
4601
18874
18794
18866
15991
6398
12684
6314
4089
9510
4512
4749
18296
18107
4766
4076
4621
18288
18837
18291
3535
4163
9087
14408
8247
18508
6037
398
18871
4156
18868
18821
6274
7863
6311
18252
4515
16870
18841
4571
4047
4129
19036
18858
765
4787
18825
18317
16493
4120
1225
4193
11314
4072
19012
18887
2056
4626
4189
21
2238
6740
4511
18321
7877
4553
4162
5984
12665
18242
4201
5881
1575
4548
12882
19224
1229
4573
6336
4561
4187
4570
5854
4191
4622
13826
20006
12953
4768
4164
4167
19700
18518
4154
4221
11250
7943
2000
7942
4122
18811
10531
18829
4056
18830
4049
19221
18105
4556
8208
18890
11753
18883
4146
4543
4170
4562
14388
4136
19011
4173
18629
4134
3634
18787
4818
4182
19069
4145
18833
13996
10850
19375
4166
7020
4177
4781
18501
18163
4083
18803
4171
4132
1228
18891
4238
18893
18809
18320
4081
