0,1
0.0,2.143063337398626e-09
1.0,1.7637438810053595e-08
2.0,5.88167001723902e-09
3.0,6.694847553359271e-07
4.0,9.530280925266557e-08
5.0,1.2395565998036521e-06
6.0,1.121960916443515e-08
7.0,4.906184213047332e-08
8.0,8.282178062347569e-09
9.0,5.4764347644338864e-08
10.0,4.850589962464663e-05
11.0,6.537274665187847e-08
12.0,1.0697572017369994e-05
13.0,1.014577975289812e-08
14.0,5.803144319402321e-10
15.0,1.321036903753776e-06
16.0,5.178565459176005e-09
17.0,2.8761308663476893e-05
18.0,8.779953565551546e-09
19.0,2.8244124340721936e-08
20.0,2.7302116860135354e-10
21.0,0.0013039782828994698
22.0,3.000340745259216e-07
23.0,1.709262278501718e-07
24.0,4.783007857727132e-08
25.0,5.9750088109625e-10
26.0,4.7493948476038444e-08
27.0,4.288974701370125e-09
28.0,7.630826011636227e-10
29.0,8.368882449501622e-09
30.0,7.72811395620352e-06
31.0,1.2300318523512836e-06
32.0,1.8385157763436537e-09
33.0,8.67114106051689e-09
34.0,1.3842358322638736e-05
35.0,2.0508323670652956e-09
36.0,6.435700987945409e-08
37.0,4.426651647703966e-07
38.0,1.4805044577865292e-06
39.0,1.8324665630002296e-07
40.0,7.54499332477131e-08
41.0,6.31629511367375e-06
42.0,9.946054980214323e-10
43.0,7.865330315927587e-08
44.0,1.89289685425062e-07
45.0,1.3143241007795682e-08
46.0,4.659190817960652e-10
47.0,7.203336529990104e-07
48.0,2.0411081366147635e-11
49.0,2.7527269051690687e-09
50.0,4.739608364100982e-08
51.0,1.814760521515862e-07
52.0,5.8191348676348643e-05
53.0,6.716056673553895e-09
54.0,1.3072236743759112e-06
55.0,2.3611204159299236e-05
56.0,1.2872932451166235e-08
57.0,3.367063579068484e-07
58.0,4.0218837531525695e-09
59.0,7.68759182157279e-06
60.0,3.0346032133575247e-07
61.0,2.4153703347433455e-07
62.0,6.5817853586144714e-06
63.0,7.385311122024503e-08
64.0,4.173278133896242e-08
65.0,1.036863732704299e-09
66.0,6.105304142273319e-10
67.0,1.5299327044252113e-09
68.0,7.411621068004354e-07
69.0,4.159364335278041e-08
70.0,8.118283544009133e-07
71.0,2.965170382407681e-08
72.0,6.298993471864604e-08
73.0,1.724935835463695e-09
74.0,5.237045307590382e-10
75.0,6.541736482844867e-08
76.0,6.239849922398426e-08
77.0,3.7182130291026064e-07
78.0,8.888070784515078e-10
79.0,9.556308692700494e-06
80.0,1.964823611815992e-06
81.0,6.012742505711211e-08
82.0,5.33782548684075e-07
83.0,5.025775287184293e-09
84.0,2.1747052058808008e-07
85.0,2.934612488996713e-07
86.0,5.097125991092797e-09
87.0,2.0305943764605044e-07
88.0,1.5828476141520718e-07
89.0,1.1804691915777249e-06
90.0,1.8794848428646218e-06
91.0,3.5085566493335397e-07
92.0,1.681527334380047e-09
93.0,8.022700390471475e-09
94.0,1.0884513221106732e-08
95.0,3.4890868110400166e-08
96.0,1.1058025575704245e-08
97.0,7.12894450549009e-07
98.0,1.429093417441739e-07
99.0,1.2697731486386329e-08
100.0,8.403579407212495e-07
101.0,1.9442636286469396e-09
102.0,8.27821090811561e-09
103.0,1.3212760375617727e-06
104.0,9.000780822087457e-08
105.0,5.794514981101971e-09
106.0,5.225360507400174e-07
107.0,7.436216101742923e-09
108.0,7.721117886612603e-09
109.0,8.718125802273064e-06
110.0,2.5713394323737518e-08
111.0,8.391461022246748e-08
112.0,7.215198157789405e-11
113.0,3.486631865597422e-08
114.0,4.450517945724045e-11
115.0,3.939654396080614e-07
116.0,1.7169102180818922e-06
117.0,1.530072289721376e-06
118.0,3.7353070061600543e-06
119.0,3.1798768751937807e-06
120.0,1.8516761425888675e-08
121.0,5.070856472569325e-06
122.0,1.6476226992912618e-08
123.0,1.4423261139514337e-08
124.0,2.4005316275528686e-07
125.0,1.710592992077773e-06
126.0,9.090591407022691e-09
127.0,5.446910923431291e-07
128.0,2.5763446441530524e-09
129.0,6.109311026051498e-08
130.0,1.932594355624376e-08
131.0,8.681499651477988e-08
132.0,3.081393677980326e-07
133.0,2.754520441005738e-06
134.0,2.8754693363047833e-07
135.0,4.4988024733507384e-07
136.0,3.3391224873005574e-07
137.0,4.8224535303874245e-08
138.0,8.839101194687338e-09
139.0,1.219170464111313e-06
140.0,3.5146554593175915e-06
141.0,2.603610060039097e-07
142.0,7.474565365937228e-07
143.0,1.099326199262491e-07
144.0,2.563308785708365e-09
145.0,9.507491396985781e-06
146.0,2.1670411375334153e-08
147.0,1.4748644073192774e-07
148.0,7.555830967416479e-08
149.0,1.0430580563281837e-09
150.0,4.1206033492110703e-07
151.0,4.1449075001797096e-08
152.0,2.7391323594188587e-08
153.0,1.8883369942035665e-07
154.0,1.0411690684993093e-10
155.0,1.6608434774617485e-08
156.0,8.359649317448744e-07
157.0,4.9797473150141554e-08
158.0,1.4526771176669313e-06
159.0,3.722403121062205e-08
160.0,1.68551327742015e-06
161.0,1.0500675271520497e-09
162.0,1.9877401975879905e-08
163.0,8.072640768450364e-08
164.0,2.4208062574260913e-08
165.0,1.3000739056028209e-09
166.0,1.6583520752788537e-07
167.0,1.4573612824571851e-05
168.0,4.792067941590179e-08
169.0,5.14119311257398e-09
170.0,1.3851193222081096e-07
171.0,8.544610780990268e-08
172.0,1.1123169039574207e-05
173.0,8.116473052296636e-08
174.0,8.136566880933096e-07
175.0,4.5084163358894047e-10
176.0,1.1080340458020062e-10
177.0,2.937730572975149e-08
178.0,3.353130732708108e-07
179.0,2.703759516728263e-06
180.0,1.1152741763634559e-08
181.0,3.454840040610087e-09
182.0,9.484833261866554e-08
183.0,5.6332930692241954e-08
184.0,7.267184879015432e-09
185.0,5.17116873744871e-09
186.0,5.294515542044751e-09
187.0,9.35992386730926e-08
188.0,3.037993322830617e-07
189.0,1.1694822698787366e-05
190.0,2.911833664178651e-07
191.0,4.3582833854552815e-09
192.0,8.09390073201974e-07
193.0,2.561992307496347e-08
194.0,7.0427611409521104e-09
195.0,1.0430606860035847e-07
196.0,7.644656128032743e-08
197.0,1.5158186562063285e-07
198.0,4.684758379424757e-06
199.0,4.920345477695916e-08
200.0,4.5846409763880194e-07
201.0,6.421584152219036e-08
202.0,3.1028913944702735e-10
203.0,1.7773368299894919e-07
204.0,1.283534464449878e-07
205.0,4.03430435303297e-07
206.0,2.7601980459558197e-08
207.0,1.3311535939641416e-07
208.0,7.081809681350749e-09
209.0,5.771626940591339e-06
210.0,6.351442729015473e-07
211.0,4.9560821840262345e-09
212.0,3.2943360294888156e-08
213.0,2.894735560527519e-07
214.0,8.423909980015159e-06
215.0,2.4880461340867977e-09
216.0,6.494431876895876e-07
217.0,2.6452228396424695e-05
218.0,5.569286359217111e-08
219.0,1.6426701062989796e-08
220.0,4.3050416471268425e-10
221.0,3.2096694527176833e-07
222.0,8.636278521748133e-08
223.0,1.6310727488471786e-06
224.0,5.831318081276974e-10
225.0,4.673141994139712e-07
226.0,2.4872305605886082e-08
227.0,3.246503218683972e-08
228.0,5.4181142852781415e-08
229.0,9.12934006592867e-06
230.0,6.562140580901566e-10
231.0,1.208192704840986e-08
232.0,7.184457302722876e-09
233.0,1.767314181627575e-08
234.0,7.688204923385057e-08
235.0,1.9832332273709956e-06
236.0,8.743195645037246e-08
237.0,7.477287792545649e-08
238.0,1.198648568444119e-06
239.0,5.31391344699643e-06
240.0,8.769534407546472e-10
241.0,4.7611435063196696e-08
242.0,2.9002241122890675e-08
243.0,6.591060372091831e-07
244.0,3.5945507812760422e-09
245.0,1.322194612999138e-05
246.0,1.1346082275326411e-07
247.0,2.751282307831987e-07
248.0,1.0303294648770823e-09
249.0,7.928758085489573e-08
250.0,3.7104296978840145e-06
251.0,0.00046970875516387723
252.0,7.561046866618527e-09
253.0,6.66107050780588e-07
254.0,1.411651355961027e-09
255.0,6.893517450435208e-08
256.0,7.901080324583998e-06
257.0,2.6827300704413784e-07
258.0,6.770579324481064e-07
259.0,1.4806597587998517e-08
260.0,6.593912908045455e-09
261.0,7.716120209193069e-10
262.0,3.3258441478170363e-07
263.0,1.1998175051660977e-08
264.0,2.240379398462919e-08
265.0,4.084404176655985e-08
266.0,2.6480417778722374e-07
267.0,1.483779587137666e-07
268.0,2.5749649737925447e-07
269.0,4.561081703149526e-07
270.0,4.771653303993927e-10
271.0,1.841390863872611e-07
272.0,1.8581331617871667e-06
273.0,1.3979063506324341e-08
274.0,8.669858038870045e-06
275.0,2.3448883528687078e-07
276.0,9.025487479489251e-08
277.0,1.4360022176390058e-09
278.0,1.4048994150698003e-08
279.0,1.5135434366696264e-06
280.0,3.1845158528696848e-09
281.0,2.768504886561389e-09
282.0,3.352727469489643e-08
283.0,1.003535411188689e-06
284.0,2.093990948148081e-08
285.0,1.759528934661191e-06
286.0,1.375592344840637e-07
287.0,1.033149570361452e-07
288.0,8.225747004234858e-09
289.0,2.0481911069626755e-07
290.0,6.461231691681798e-06
291.0,4.707427219018124e-06
292.0,2.547467768992723e-10
293.0,5.380532665896733e-10
294.0,4.389398939370215e-09
295.0,6.441823725532769e-09
296.0,2.131133963262135e-07
297.0,3.1772814438036043e-07
298.0,1.5231573642722952e-09
299.0,8.566606569772614e-07
300.0,3.516970207606322e-10
301.0,1.5132716998732954e-09
302.0,8.01722138464184e-08
303.0,4.671265303462164e-06
304.0,1.3057472192580793e-08
305.0,1.1509133264911761e-06
306.0,2.8191778342610535e-07
307.0,2.5887311939860792e-08
308.0,9.393175581301238e-09
309.0,1.1769144264318344e-07
310.0,2.1014430843497855e-08
311.0,2.2648557506504768e-07
312.0,3.6198322137559345e-06
313.0,3.024110953220054e-08
314.0,1.1268893591706384e-09
315.0,8.09462567653005e-08
316.0,2.931334387928398e-08
317.0,3.8936395285897954e-08
318.0,3.017286843305125e-06
319.0,4.354387366928045e-08
320.0,7.384957894689097e-09
321.0,1.4101965144882765e-09
322.0,9.529628963974019e-07
323.0,2.2885158190575526e-06
324.0,2.8583042601823196e-09
325.0,1.637997346865875e-08
326.0,6.266354611813471e-09
327.0,8.254293049568377e-08
328.0,4.876671497998704e-08
329.0,1.6502479905006879e-06
330.0,4.012705645207045e-09
331.0,1.5094381313307788e-08
332.0,3.42403554676881e-05
333.0,1.2267713505134896e-08
334.0,2.8532843910368777e-09
335.0,3.259451119606019e-07
336.0,6.404204274498647e-07
337.0,9.50039578979142e-08
338.0,2.79635279618667e-08
339.0,2.6725924059881973e-08
340.0,1.1068537978018687e-06
341.0,6.952371443944883e-09
342.0,1.541170411298124e-08
343.0,1.9036806808737836e-06
344.0,5.7088651151437216e-08
345.0,5.2161346638145045e-08
346.0,3.0351576859150913e-09
347.0,2.0250940356721475e-07
348.0,6.300355232390187e-09
349.0,1.4611040451555136e-06
350.0,1.4733542833316565e-08
351.0,2.905894575770363e-06
352.0,4.2764457604631414e-10
353.0,7.741621803361933e-07
354.0,1.2265467234652572e-07
355.0,1.0169014001436519e-05
356.0,5.077625358477276e-10
357.0,5.39972224496352e-07
358.0,5.971839466927192e-07
359.0,4.6459176399552915e-08
360.0,5.910154731885594e-07
361.0,4.547456177557573e-09
362.0,3.4211538990344767e-07
363.0,7.737036368665728e-08
364.0,6.374804341763051e-08
365.0,9.507647324121417e-08
366.0,6.6713620388843745e-09
367.0,2.2874328113777577e-07
368.0,8.332196105670088e-08
369.0,7.334127362855872e-06
370.0,7.766829491536012e-08
371.0,2.9573999778425357e-06
372.0,7.386757345744365e-08
373.0,9.75170381269155e-08
374.0,7.930736803479025e-07
375.0,7.053344410828429e-07
376.0,8.490247740903082e-09
377.0,1.8318286103363567e-09
378.0,1.2152991724981156e-08
379.0,3.634602358084927e-07
380.0,1.7514981388457518e-07
381.0,4.08939621571996e-08
382.0,2.4428902009284462e-09
383.0,4.793397594110047e-07
384.0,4.08728463272299e-07
385.0,8.635416315947888e-09
386.0,1.2128503951835863e-09
387.0,3.559805485140205e-08
388.0,1.6177145133992839e-09
389.0,7.05276641326869e-07
390.0,1.1609247914127257e-06
391.0,4.424591597583593e-08
392.0,7.593582111747499e-09
393.0,7.138498302942441e-08
394.0,6.599717439214575e-07
395.0,2.0083409643006765e-08
396.0,7.441887377047258e-08
397.0,2.9665409209984453e-08
398.0,0.0008329084143702685
399.0,1.7407324842516592e-05
400.0,0.0004641427972030461
401.0,4.052426790555362e-06
402.0,3.154434548541944e-09
403.0,1.5060708574573812e-06
404.0,4.864502013208884e-08
405.0,1.093145653901952e-06
406.0,2.5104464944134508e-08
407.0,8.397510143184047e-09
408.0,6.824612612940975e-10
409.0,1.96001128995017e-08
410.0,1.3250596487427203e-07
411.0,1.0096352622858137e-07
412.0,1.8394756409847852e-07
413.0,1.7283434769355122e-07
414.0,6.884344519437319e-09
415.0,4.618297840651681e-09
416.0,4.6376995264532455e-06
417.0,9.84390931827312e-07
418.0,5.6958341508610845e-08
419.0,1.156202978588066e-05
420.0,6.108783540367189e-08
421.0,8.367785113715141e-09
422.0,1.983924238542606e-08
423.0,1.2109250484716848e-06
424.0,1.2383563343219486e-06
425.0,6.384688071674943e-07
426.0,3.610381141066436e-10
427.0,5.515310012252567e-09
428.0,2.8246389171446026e-07
429.0,1.0684410388978419e-07
430.0,3.149421968663947e-07
431.0,5.37648849607614e-08
432.0,1.5746230958329167e-06
433.0,7.29922242673634e-08
434.0,4.78568799360835e-09
435.0,9.03795085356958e-09
436.0,7.056157215818193e-09
437.0,1.426499458166486e-06
438.0,3.45556142437505e-07
439.0,1.381603620388711e-07
440.0,3.643321390207694e-06
441.0,3.7734816455172464e-07
442.0,6.382205094112346e-10
443.0,3.6542844711075246e-07
444.0,8.448933542992888e-08
445.0,4.940258796223531e-06
446.0,2.0022144751247967e-07
447.0,3.843600196828267e-11
448.0,5.153845052862059e-08
449.0,2.8038006113228967e-10
450.0,2.7540831808509374e-05
451.0,4.131994019475394e-08
452.0,1.1059198489462317e-07
453.0,4.4537447506029524e-08
454.0,1.373440184536896e-06
455.0,2.8760715855874886e-08
456.0,4.675870642388706e-07
457.0,5.075021813714839e-09
458.0,1.8595271449210859e-07
459.0,5.447772416241953e-10
460.0,1.3066033717191591e-08
461.0,4.092949776415219e-06
462.0,1.120298950667576e-08
463.0,4.591938909763566e-06
464.0,9.207378495738729e-09
465.0,3.494275792615769e-08
466.0,3.819526350286876e-09
467.0,0.0002219748650647379
468.0,6.105260655616416e-08
469.0,2.9051790710138228e-11
470.0,6.672578521416342e-10
471.0,3.7996868554790137e-06
472.0,1.257693194130434e-08
473.0,2.346694905278916e-09
474.0,1.1549408156627339e-07
475.0,2.9934582873430617e-06
476.0,2.8726572544109003e-08
477.0,3.466589678025833e-09
478.0,5.5015318262697705e-06
479.0,9.522615313586109e-08
480.0,3.9755422480570326e-11
481.0,3.5808777601679103e-09
482.0,4.729826926778619e-09
483.0,2.8376624037067336e-08
484.0,7.524814572536917e-09
485.0,4.330872841050272e-07
486.0,9.5741235856903e-10
487.0,4.3152217508756493e-07
488.0,3.141604998487721e-07
489.0,5.842126171262465e-05
490.0,7.147800675869689e-07
491.0,7.838449312325682e-08
492.0,1.5393160865720276e-07
493.0,4.2439449493732057e-07
494.0,3.985960123272291e-08
495.0,8.893932720235659e-08
496.0,7.135971442915865e-09
497.0,1.9799437642405025e-08
498.0,0.00011122663044279998
499.0,7.672001148092531e-08
500.0,2.39420955771151e-09
501.0,1.1026107338141371e-08
502.0,4.083063164982084e-07
503.0,6.246083368342665e-09
504.0,4.0502812477024496e-07
505.0,2.3676199376474395e-07
506.0,1.6878591352808946e-08
507.0,3.2707132362194724e-07
508.0,2.9114496456294502e-08
509.0,6.560063176466254e-06
510.0,8.48049806232027e-08
511.0,8.833546251685884e-07
512.0,2.700143463302932e-06
513.0,1.5421092572833104e-07
514.0,5.719102213819055e-06
515.0,3.389356724629978e-08
516.0,2.0330805317757574e-08
517.0,4.6368204303170776e-07
518.0,2.3507324232978627e-06
519.0,4.59750589221664e-05
520.0,1.8789464932343942e-07
521.0,3.048362268675354e-09
522.0,9.462448526752422e-07
523.0,1.1999153156491647e-07
524.0,2.697362248331053e-07
525.0,5.424190460777582e-07
526.0,2.462558940167006e-07
527.0,1.3605549097568103e-06
528.0,4.22622201868411e-07
529.0,2.088386899975792e-10
530.0,2.453138254046648e-10
531.0,4.436634831143585e-08
532.0,4.524635512927066e-08
533.0,2.0010648135891838e-06
534.0,3.449563698785294e-05
535.0,8.35186409692594e-09
536.0,3.249691267251121e-06
537.0,3.393278208275973e-06
538.0,9.816225649312123e-08
539.0,5.1797864905493945e-08
540.0,1.2067123098352608e-07
541.0,4.274209047057749e-09
542.0,4.5535358808018766e-07
543.0,1.2158065734370013e-08
544.0,1.3572512752947195e-07
545.0,2.609582751918768e-07
546.0,5.977871573467786e-08
547.0,1.4442786632098594e-05
548.0,3.261660881544649e-08
549.0,6.615440873943996e-08
550.0,8.955258842757823e-10
551.0,3.9661622303564737e-08
552.0,2.0000066301104663e-09
553.0,6.807755763380534e-07
554.0,1.9103290579535878e-08
555.0,9.746322000084363e-07
556.0,7.002049925720238e-09
557.0,1.0287200384876828e-05
558.0,1.9396903229641435e-07
559.0,2.0416689520725916e-08
560.0,4.157970054595763e-08
561.0,8.122341398892539e-08
562.0,1.1973328955210226e-07
563.0,2.2011610587792656e-07
564.0,1.7670365756408227e-09
565.0,2.569860923919903e-06
566.0,8.826851757549323e-07
567.0,1.5876548472255916e-06
568.0,1.3958887370678037e-07
569.0,8.745762680781676e-10
570.0,2.8645510644965045e-06
571.0,2.9429432120452206e-07
572.0,2.7644080982982505e-08
573.0,1.0259414952497836e-08
574.0,3.933746378429952e-08
575.0,6.913207751147136e-08
576.0,7.026605488177013e-09
577.0,1.111064325855526e-08
578.0,1.163017637236682e-07
579.0,1.496600101699614e-08
580.0,1.9719912460164423e-06
581.0,5.914275871230873e-07
582.0,1.5144426449434216e-08
583.0,7.890778455891605e-08
584.0,4.734656862255636e-06
585.0,8.194668493827063e-08
586.0,3.2613943811190815e-10
587.0,1.834831286706463e-08
588.0,3.0722554954842346e-06
589.0,3.8651645524486193e-07
590.0,5.151442462499386e-10
591.0,9.61782332072054e-07
592.0,4.53745599726286e-07
593.0,1.6039707715753354e-07
594.0,2.8406146044651113e-06
595.0,7.550809390693394e-08
596.0,1.8539487516388876e-09
597.0,2.1578739675639056e-06
598.0,1.2442156116457898e-08
599.0,6.868377741040543e-09
600.0,2.6676193585597456e-07
601.0,3.3816667147830065e-06
602.0,1.2983753496483531e-05
603.0,1.328853729793883e-06
604.0,2.306339777284692e-05
605.0,2.8155736095783775e-08
606.0,1.1704330003370138e-09
607.0,6.656069964951184e-08
608.0,1.8129396915445064e-07
609.0,1.513586100869884e-08
610.0,2.4018485327758875e-10
611.0,3.0832569342394885e-08
612.0,9.405032722020422e-10
613.0,6.727958781738602e-11
614.0,3.6554605571679005e-06
615.0,1.7902079070458062e-07
616.0,1.4208280504858002e-06
617.0,3.104985639533835e-08
618.0,1.3538423269239724e-06
619.0,5.0258153052131475e-08
620.0,1.4621671838167042e-09
621.0,9.118311877013846e-09
622.0,7.94517701604219e-08
623.0,9.734671682559485e-08
624.0,1.510799474726427e-10
625.0,8.170532606719999e-10
626.0,8.135865432062635e-08
627.0,8.8871268715854e-05
628.0,1.849764327224934e-07
629.0,5.5412632259297446e-06
630.0,4.0317741194713576e-08
631.0,1.1195671585144138e-07
632.0,1.1269574685899968e-07
633.0,4.4523081809158354e-10
634.0,4.891302591154463e-09
635.0,2.030579383853537e-08
636.0,1.5191828501665894e-07
637.0,1.4546813063026029e-08
638.0,5.168184764306827e-05
639.0,6.849370516132112e-06
640.0,1.3693760878983607e-09
641.0,2.3715952032892226e-09
642.0,1.576830661362771e-07
643.0,6.038901540095611e-08
644.0,1.6582077805700893e-06
645.0,7.291466072150891e-09
646.0,3.89624089707974e-09
647.0,1.5833221631516773e-06
648.0,1.2377650640647439e-09
649.0,5.7075502494348844e-08
650.0,1.4518458645361583e-09
651.0,6.498601801346511e-07
652.0,7.347027398352387e-07
653.0,6.799691447861257e-08
654.0,1.1438052558157896e-08
655.0,1.3928362807633874e-05
656.0,1.9695040279931228e-09
657.0,7.150560017515482e-08
658.0,1.725188457966786e-07
659.0,5.820752255807923e-10
660.0,2.5726269437179126e-08
661.0,2.03155832996708e-06
662.0,7.469346539777194e-10
663.0,3.967673536463885e-06
664.0,1.1637192992959939e-07
665.0,8.320940729467786e-08
666.0,4.1147091968168885e-07
667.0,5.124151638858561e-08
668.0,4.040736469117592e-08
669.0,1.0967003787837542e-07
670.0,2.9303659633302715e-06
671.0,1.5202748897410397e-08
672.0,1.2056586061712027e-08
673.0,7.341776329383873e-07
674.0,4.342325371980729e-08
675.0,8.249074222446204e-06
676.0,1.4271322955282331e-08
677.0,1.1247960518677427e-09
678.0,1.210223383849496e-07
679.0,1.3165341947898753e-07
680.0,4.06297887127826e-09
681.0,1.974250666961951e-08
682.0,8.343228259088294e-08
683.0,3.968292187434218e-08
684.0,8.145687937472616e-08
685.0,2.779289614409755e-05
686.0,2.9065719407915906e-07
687.0,4.3001185794986464e-08
688.0,1.859923944019349e-08
689.0,1.3151984523425433e-08
690.0,5.912775331811754e-07
691.0,2.157961714600746e-06
692.0,1.414557370537312e-10
693.0,3.68703069903133e-08
694.0,2.776524590362694e-07
695.0,1.6644632940065047e-05
696.0,4.2580263494399396e-08
697.0,1.6188204282517197e-08
698.0,3.6771042101875987e-07
699.0,2.0086173814538653e-07
700.0,1.3695240637782713e-07
701.0,5.55483982789857e-07
702.0,1.0718330225302732e-07
703.0,2.100094842151633e-09
704.0,1.9740347943613216e-07
705.0,1.2204799481953206e-06
706.0,6.128211581994796e-07
707.0,1.549415714289961e-05
708.0,6.304482482187408e-06
709.0,3.7148417489918998e-09
710.0,8.920433940402076e-06
711.0,1.0987093877167258e-06
712.0,1.3513781566072894e-07
713.0,1.7277843625818908e-09
714.0,1.5026727655808126e-06
715.0,8.11579810312495e-09
716.0,7.382099813223254e-08
717.0,1.139697590370132e-05
718.0,1.6541045830763522e-08
719.0,9.662783256131174e-07
720.0,1.9722522495118343e-08
721.0,8.703513362827499e-08
722.0,2.502009259411762e-05
723.0,2.237379860159565e-09
724.0,7.331370324644667e-07
725.0,4.1586513243670795e-07
726.0,4.992692190827346e-09
727.0,4.630593852832439e-10
728.0,2.416278658229937e-09
729.0,2.549744141804398e-09
730.0,5.24987910633372e-07
731.0,1.0216713564552503e-06
732.0,3.2693218813041e-06
733.0,8.39268153346637e-08
734.0,7.540957916242728e-10
735.0,3.753332256230713e-07
736.0,9.098048128664718e-07
737.0,3.77309517232452e-09
738.0,6.999263936077527e-07
739.0,6.365759076876834e-08
740.0,2.781105628124634e-06
741.0,3.4824987965522257e-06
742.0,1.2900886295074826e-07
743.0,5.2589783184738505e-08
744.0,4.0428480013048394e-08
745.0,1.8395442710057266e-07
746.0,6.545818610543568e-07
747.0,1.0441672875517378e-09
748.0,4.211173071093101e-11
749.0,2.1371128040270965e-07
750.0,4.5805342474566726e-06
751.0,4.273059400442838e-09
752.0,3.5244361147182056e-06
753.0,2.7314632340109356e-08
754.0,1.8756888436371342e-09
755.0,5.630248051568895e-08
756.0,4.0281257325506055e-06
757.0,3.157133811507998e-08
758.0,6.745510733382e-10
759.0,3.156561778323376e-08
760.0,2.927571337859129e-07
761.0,1.0771859638713768e-07
762.0,1.319736155163954e-07
763.0,6.87436676794787e-08
764.0,4.907137717413529e-08
765.0,0.0010156075590015533
766.0,1.4596962870797604e-06
767.0,1.8470694475785236e-07
768.0,8.325189190993132e-06
769.0,2.4684033381202687e-09
770.0,4.323770807572854e-08
771.0,2.4942897705667553e-09
772.0,2.3790407065897036e-09
773.0,3.050131830627219e-07
774.0,1.0495813830057323e-07
775.0,5.751633009446434e-10
776.0,2.389016884562331e-07
777.0,5.164266012035358e-08
778.0,2.859349300492591e-05
779.0,1.8198616291195005e-08
780.0,1.74100019635031e-09
781.0,5.334049760271721e-08
782.0,5.4920179652436075e-06
783.0,1.4717885526394736e-05
784.0,2.5392244992595237e-09
785.0,2.0115521882535307e-06
786.0,1.270502610012701e-07
787.0,7.380197658231953e-06
788.0,2.9436293902477058e-08
789.0,2.7553780977894085e-07
790.0,1.2240570014216962e-06
791.0,1.716220379698016e-05
792.0,8.142377741027484e-09
793.0,2.137730738267138e-08
794.0,3.1869570905874022e-06
795.0,2.0075697833616313e-07
796.0,2.5587402559221933e-08
797.0,2.575744464873012e-09
798.0,1.1250672074908625e-05
799.0,2.2018880499184442e-07
800.0,2.822926450492513e-09
801.0,6.938588192104512e-09
802.0,1.1713322375613545e-09
803.0,1.3458247490928714e-08
804.0,4.864509167403286e-10
805.0,4.808644328480457e-05
806.0,2.622016343610685e-07
807.0,2.639943979656884e-06
808.0,2.6357670007557705e-08
809.0,1.0724525179841606e-07
810.0,7.606650085879112e-06
811.0,7.558108341633594e-06
812.0,1.7563518997973436e-07
813.0,2.2243306458460693e-08
814.0,2.6794568018904e-07
815.0,1.3289013841207189e-08
816.0,6.818675417780053e-09
817.0,2.3204925836899532e-07
818.0,2.0789960029083327e-06
819.0,3.562499414529541e-08
820.0,8.26702567781549e-10
821.0,9.986039445292164e-07
822.0,1.8140710601388273e-07
823.0,2.429957756843318e-08
824.0,1.979207223801527e-08
825.0,1.340638902999001e-06
826.0,1.4691473471952103e-08
827.0,2.532004286930697e-08
828.0,1.8305415256322271e-06
829.0,2.762247692961076e-09
830.0,4.058957883900029e-06
831.0,3.615675383399238e-07
832.0,1.8404796723832104e-08
833.0,7.8533191532789e-09
834.0,1.8899251886055586e-07
835.0,4.500585252431059e-08
836.0,3.4180682130123723e-07
837.0,7.96762440023036e-10
838.0,3.022728487341741e-08
839.0,4.6239965308100967e-07
840.0,7.20508367149149e-07
841.0,2.9731077397199205e-09
842.0,1.2917220333604407e-06
843.0,2.5988983283909387e-07
844.0,1.5012848908611473e-08
845.0,5.994724669351673e-07
846.0,6.486636759601017e-08
847.0,2.7050608988274836e-07
848.0,1.1299484984310491e-08
849.0,5.496847188687087e-10
850.0,1.0225838528676858e-05
851.0,4.1511201128658585e-10
852.0,1.319855310360945e-06
853.0,4.860801877648413e-08
854.0,3.2446171056652174e-08
855.0,3.431514847458053e-07
856.0,1.5020311867065179e-05
857.0,2.993829343532101e-08
858.0,2.0296253873948468e-08
859.0,1.498502405305974e-08
860.0,3.313247941655479e-09
861.0,4.973433343516508e-08
862.0,2.8762977589895445e-07
863.0,3.8023924352835855e-08
864.0,2.0491019593611056e-10
865.0,2.8371175512460517e-08
866.0,7.55561471988647e-08
867.0,1.2613683017888143e-08
868.0,1.2521188479438217e-05
869.0,7.344999216108728e-06
870.0,8.354185018214108e-06
871.0,6.1612523073907555e-06
872.0,1.752212544203379e-08
873.0,1.5525360243377813e-07
874.0,7.071872316369947e-09
875.0,1.2833630157554083e-07
876.0,9.986735624448494e-08
877.0,2.7539916143659408e-05
878.0,2.2371335175500297e-07
879.0,1.0607083978418217e-06
880.0,1.663094884638747e-07
881.0,1.7635461601177818e-07
882.0,3.901050090040724e-06
883.0,7.215055502841416e-07
884.0,1.1094159648166679e-08
885.0,1.059800274716978e-06
886.0,1.710089761218539e-08
887.0,1.6049043547941408e-07
888.0,1.3889551503219147e-10
889.0,1.8637936894022028e-08
890.0,3.049566064516468e-08
891.0,2.4055038258349302e-08
892.0,1.596193778711291e-07
893.0,5.4236053461152003e-11
894.0,1.8352319153394667e-07
895.0,2.7164985582940708e-08
896.0,1.2449388449190965e-09
897.0,3.112068618578358e-08
898.0,5.23003963471046e-09
899.0,1.989538827457452e-06
900.0,1.0735017953269095e-05
901.0,2.326270085141362e-07
902.0,7.1323318058824274e-06
903.0,2.9267298002774585e-09
904.0,3.5950999367306347e-09
905.0,0.00010781356905366625
906.0,1.0853105417617814e-09
907.0,1.0960201777972678e-08
908.0,8.043299900786253e-09
909.0,3.329841157134393e-08
910.0,2.3432677186993487e-08
911.0,9.673200076393507e-09
912.0,1.381723136968031e-07
913.0,8.58848950457836e-09
914.0,1.3641718014087472e-07
915.0,5.518096575728492e-08
916.0,1.1820421056124496e-09
917.0,3.485017080524067e-09
918.0,1.1321063589390969e-07
919.0,3.9614381126149344e-08
920.0,1.4013635571063869e-08
921.0,2.0585512844378132e-09
922.0,2.0882523990224024e-09
923.0,3.53033163535581e-08
924.0,3.625483334151586e-08
925.0,4.78012527750026e-06
926.0,7.990367804723117e-09
927.0,6.879232588374433e-08
928.0,3.1456221572239255e-07
929.0,1.1183088007613887e-06
930.0,1.5649524066171975e-06
931.0,5.3230424886443325e-06
932.0,9.463726994061385e-08
933.0,3.541389129669296e-09
934.0,6.374447768564365e-09
935.0,1.6024734912733223e-09
936.0,9.116088550381761e-07
937.0,1.8452835288619806e-06
938.0,6.32118261035887e-08
939.0,2.1726903574965302e-09
940.0,4.716886485441916e-08
941.0,3.5376067511406937e-06
942.0,1.687050871334292e-08
943.0,7.779518424163785e-09
944.0,1.4965926527955728e-08
945.0,3.709388818685313e-08
946.0,8.541457219432516e-08
947.0,1.4384051487275698e-07
948.0,3.468113891264628e-09
949.0,3.841790856915869e-09
950.0,1.6143546935373972e-07
951.0,5.328776355831493e-09
952.0,3.826879178272686e-07
953.0,5.864786578732229e-06
954.0,1.1116499523566346e-09
955.0,5.188382156166907e-10
956.0,4.636680303781971e-06
957.0,5.814447332336058e-10
958.0,4.8486589213367355e-08
959.0,7.186430057699203e-08
960.0,3.423734357427721e-08
961.0,6.732190179384535e-09
962.0,5.073799485664085e-07
963.0,8.597295266264995e-08
964.0,1.6220194591452125e-09
965.0,1.902246277889707e-09
966.0,3.4995611018386144e-06
967.0,1.806643608320443e-08
968.0,1.7361367541075838e-07
969.0,5.2086848325060955e-09
970.0,2.2934047987710218e-08
971.0,5.812195736915331e-10
972.0,1.4016324185213032e-11
973.0,7.336942030008052e-08
974.0,6.019824920164988e-08
975.0,1.274222892726449e-07
976.0,1.8552191192368475e-07
977.0,3.1822450535228633e-07
978.0,9.624699196252126e-09
979.0,1.2188023159369109e-06
980.0,1.3812011168729752e-08
981.0,1.7823713862873635e-10
982.0,5.835298427011268e-07
983.0,3.194151782196663e-08
984.0,3.342043757833184e-08
985.0,3.037733806302751e-07
986.0,9.540223970072132e-09
987.0,1.621992835112199e-06
988.0,2.2103524520058434e-09
989.0,0.00011724236930633737
990.0,1.4554820091265598e-10
991.0,1.8730152309293374e-08
992.0,4.0233043691962984e-08
993.0,1.1100823664954416e-06
994.0,2.0302004693880463e-07
995.0,2.4285185583154837e-06
996.0,2.8556269274052554e-07
997.0,1.6816400298674106e-08
998.0,9.129288167533688e-08
999.0,2.005484325195001e-09
1000.0,9.63795383253775e-08
1001.0,2.841481988268931e-07
1002.0,3.4734979349658126e-07
1003.0,3.62442382748197e-11
1004.0,2.013403154245787e-06
1005.0,9.299474787317764e-07
1006.0,1.618592923499797e-06
1007.0,9.985086198167575e-08
1008.0,4.1441903935575716e-06
1009.0,1.3010014829931957e-08
1010.0,3.617171124806586e-08
1011.0,1.34189585282164e-06
1012.0,1.196015549961208e-07
1013.0,4.011996777368943e-05
1014.0,3.466899096092408e-08
1015.0,1.588053780334846e-06
1016.0,4.446510443405396e-09
1017.0,1.2348219846446818e-06
1018.0,9.993278528116066e-07
1019.0,2.670961237872992e-10
1020.0,6.535017603064954e-07
1021.0,3.638216334747184e-08
1022.0,1.0937482674674466e-06
1023.0,6.4131919156666255e-09
1024.0,6.542398079698464e-10
1025.0,3.1080182153229765e-06
1026.0,1.1045509912099797e-08
1027.0,7.133638185208337e-09
1028.0,5.0989818652915196e-09
1029.0,1.8294856610220627e-09
1030.0,8.737396704972631e-06
1031.0,1.9647891757456275e-08
1032.0,1.5816631178017272e-08
1033.0,1.718220256943149e-07
1034.0,3.0734893934225784e-08
1035.0,4.593138254599597e-09
1036.0,1.3221030867997195e-07
1037.0,2.1343949332266618e-06
1038.0,1.7361657223029853e-08
1039.0,7.533855843845195e-08
1040.0,5.447253180281204e-08
1041.0,3.566988596815039e-05
1042.0,5.615586563414484e-09
1043.0,4.300054727059596e-09
1044.0,5.459216049289026e-09
1045.0,7.351933170078143e-08
1046.0,1.1832843041466124e-07
1047.0,2.1022373060948842e-07
1048.0,3.791248498488714e-08
1049.0,1.2198479781593773e-07
1050.0,2.1547876026269274e-06
1051.0,1.221719367477149e-07
1052.0,7.253177988082465e-09
1053.0,4.288300623952836e-10
1054.0,7.251580936887383e-09
1055.0,9.060517911723995e-07
1056.0,2.4515669635795663e-09
1057.0,2.0482648006584804e-05
1058.0,2.244746903187378e-07
1059.0,5.408926049967892e-08
1060.0,1.459430364685999e-07
1061.0,1.666611796818603e-09
1062.0,6.495023642947065e-07
1063.0,1.7200551249929352e-08
1064.0,1.7313699975650836e-08
1065.0,1.5258143384719915e-08
1066.0,8.077862495083733e-07
1067.0,5.722560587206714e-10
1068.0,1.1128925212882418e-06
1069.0,3.726894891494431e-09
1070.0,1.0345060875081069e-06
1071.0,1.1392161809282353e-07
1072.0,2.953998260618476e-10
1073.0,5.135942312193475e-08
1074.0,1.5725274237692256e-06
1075.0,2.7747192086800345e-09
1076.0,2.5632159189728673e-07
1077.0,2.0130595981429126e-07
1078.0,1.873207269607332e-08
1079.0,1.0060109181454652e-07
1080.0,5.2043362616782354e-09
1081.0,6.459741571832461e-09
1082.0,1.9828129850531474e-06
1083.0,1.3479608598610357e-06
1084.0,3.108184000878401e-08
1085.0,3.1503994786300207e-07
1086.0,2.528408601355144e-07
1087.0,4.944493930686994e-06
1088.0,4.021484369920845e-10
1089.0,1.2122089420862355e-08
1090.0,7.012725686252666e-07
1091.0,6.503305853537704e-09
1092.0,2.0906969407536773e-08
1093.0,1.8870130245014087e-06
1094.0,4.709019796676429e-09
1095.0,2.410203879879948e-09
1096.0,1.1584759954389057e-07
1097.0,3.255105055641096e-07
1098.0,3.1573808035704524e-08
1099.0,8.621580458622443e-09
1100.0,6.15000106387056e-08
1101.0,4.079648198290472e-09
1102.0,7.305669755829508e-09
1103.0,1.3859907922728951e-08
1104.0,1.1957535052713938e-08
1105.0,3.962200070846095e-08
1106.0,1.0462268548310684e-05
1107.0,3.235636435212235e-08
1108.0,3.105304044442542e-08
1109.0,7.157611166618212e-06
1110.0,2.20390654410102e-08
1111.0,6.59901562967116e-05
1112.0,1.0648065580443093e-08
1113.0,6.954493983465603e-10
1114.0,6.4849267948673555e-09
1115.0,1.4568382428235933e-07
1116.0,2.1738271123400944e-07
1117.0,8.383787788967497e-07
1118.0,2.524542852596956e-06
1119.0,3.7612760247892466e-07
1120.0,5.102015825823796e-08
1121.0,1.5855511818555984e-07
1122.0,1.2155348284289713e-06
1123.0,2.851522335475611e-05
1124.0,1.1440656501080421e-06
1125.0,2.970408495869981e-06
1126.0,1.386511170001638e-08
1127.0,2.4739622207340373e-07
1128.0,1.5028523533356657e-08
1129.0,7.268340487657746e-10
1130.0,6.087237466016068e-09
1131.0,2.0917209974203412e-08
1132.0,1.2144739238748528e-08
1133.0,2.841411533380043e-08
1134.0,5.034133623781382e-09
1135.0,2.2258827850887283e-08
1136.0,1.2271185754439935e-06
1137.0,7.783553949336121e-09
1138.0,4.919342763168376e-06
1139.0,7.658800475388826e-09
1140.0,6.7223656339807595e-09
1141.0,7.422256885411607e-05
1142.0,8.029634926321781e-07
1143.0,6.316736240791814e-09
1144.0,3.2479380855630674e-08
1145.0,9.260761083652315e-09
1146.0,1.2251318072071681e-08
1147.0,3.7584148960994004e-09
1148.0,5.046685878462267e-06
1149.0,3.436265255469567e-10
1150.0,3.697428969272133e-08
1151.0,2.6311387396693745e-09
1152.0,9.042981981937528e-09
1153.0,5.179999802933567e-09
1154.0,1.1773426143563206e-08
1155.0,1.915662371518794e-07
1156.0,9.709117273707546e-06
1157.0,1.7131028732034356e-08
1158.0,9.061056574195314e-06
1159.0,2.959299212301591e-08
1160.0,8.07869451928881e-07
1161.0,7.064612010334265e-08
1162.0,6.241254997569796e-07
1163.0,7.782167189552677e-08
1164.0,1.643798111689795e-07
1165.0,1.0347174099410932e-06
1166.0,6.853508577612118e-08
1167.0,1.1626625236422011e-06
1168.0,2.0832583877303623e-07
1169.0,3.199015304977105e-07
1170.0,1.4725196444887367e-10
1171.0,3.969056444968677e-06
1172.0,4.079439836561871e-10
1173.0,3.1036504909415293e-07
1174.0,3.616416389584873e-09
1175.0,8.31097232234285e-06
1176.0,2.314218100070529e-06
1177.0,1.18460032492274e-09
1178.0,2.3664801245408473e-09
1179.0,1.6055209607262743e-08
1180.0,1.2666929370030855e-08
1181.0,1.529962871184205e-07
1182.0,1.0301763061961516e-08
1183.0,2.6059258342682036e-07
1184.0,2.0698468013277465e-08
1185.0,3.6883166181694365e-06
1186.0,6.621815265342783e-08
1187.0,4.3678581376903905e-06
1188.0,5.6733889354192076e-06
1189.0,3.314812373022017e-07
1190.0,1.2795475928944914e-06
1191.0,2.043677477713553e-07
1192.0,7.102209860002432e-07
1193.0,2.977997842707705e-07
1194.0,1.895649244148613e-07
1195.0,5.625385820547807e-10
1196.0,1.1470823124773424e-10
1197.0,3.863976551902095e-09
1198.0,2.1174359407869093e-07
1199.0,8.192757884300396e-07
1200.0,2.9256832765951076e-05
1201.0,2.8543752038036247e-07
1202.0,6.678635080208056e-08
1203.0,2.760113436599127e-09
1204.0,4.4647907814971445e-05
1205.0,3.421322190398857e-05
1206.0,5.624242613054981e-08
1207.0,2.351408091709987e-06
1208.0,1.1286333219945924e-07
1209.0,1.058668143584122e-09
1210.0,1.3403552256955844e-08
1211.0,1.9463849828651254e-05
1212.0,1.1681373426834034e-06
1213.0,1.8283447799775138e-06
1214.0,1.025255961969077e-08
1215.0,6.865617170864684e-08
1216.0,5.208394218297678e-07
1217.0,9.075099886976678e-08
1218.0,6.382097040479333e-07
1219.0,1.7327975876439953e-09
1220.0,3.0957612654607303e-12
1221.0,1.6248132405429875e-10
1222.0,5.727462646731488e-06
1223.0,8.018995577118082e-06
1224.0,0.0004559816864018171
1225.0,0.0010887829650772006
1226.0,2.048304512003719e-05
1227.0,5.665417660372352e-09
1228.0,0.026788644812565734
1229.0,0.0020116606195112025
1230.0,4.412784826816028e-06
1231.0,1.1887331429893709e-08
1232.0,4.683774815745368e-07
1233.0,7.3018303008051e-09
1234.0,5.702688486649436e-06
1235.0,7.808597110241985e-09
1236.0,8.962974918495591e-08
1237.0,1.1157138561956577e-06
1238.0,4.222544076312232e-09
1239.0,4.715673544592708e-09
1240.0,4.99975104181195e-10
1241.0,8.299803952113545e-08
1242.0,1.4208859550909417e-05
1243.0,5.769671930171143e-06
1244.0,7.367806425574319e-06
1245.0,8.95715627898886e-07
1246.0,8.512537980967238e-10
1247.0,1.6551324157705484e-07
1248.0,9.476412714579326e-06
1249.0,0.00015026044198772088
1250.0,5.63329705299791e-08
1251.0,3.5297664547426485e-07
1252.0,2.347465508370316e-08
1253.0,6.65196575004224e-08
1254.0,2.2416107926878668e-08
1255.0,3.3660342948318043e-06
1256.0,9.173520458027767e-08
1257.0,2.4092464620339287e-06
1258.0,5.829341960606338e-07
1259.0,8.787499419842413e-09
1260.0,5.458854748308601e-09
1261.0,2.933015277063517e-06
1262.0,7.775670968098604e-08
1263.0,4.171425671932739e-07
1264.0,3.537110407463682e-08
1265.0,1.644143652453549e-08
1266.0,5.986221120473109e-08
1267.0,2.753094251170967e-07
1268.0,6.242296017637957e-07
1269.0,2.9145526986664075e-08
1270.0,1.6623112938165072e-08
1271.0,5.082694639686926e-08
1272.0,2.1720372274902837e-08
1273.0,7.264047493391948e-07
1274.0,1.4121133224888543e-05
1275.0,2.175845047321597e-07
1276.0,2.9753205981262494e-08
1277.0,7.59229744164062e-09
1278.0,7.569372535441773e-07
1279.0,1.0735779504554258e-07
1280.0,4.685987383029874e-07
1281.0,2.2271047380749637e-07
1282.0,4.5728599458083445e-08
1283.0,1.994988293949068e-06
1284.0,1.5043763571668605e-07
1285.0,8.842455379103134e-10
1286.0,3.4037172198415717e-07
1287.0,3.449252449461784e-09
1288.0,2.5833257229332965e-07
1289.0,1.1730919590386028e-07
1290.0,1.8383088735417072e-07
1291.0,9.370271155747635e-07
1292.0,7.291018561123357e-07
1293.0,2.0232558755312686e-09
1294.0,6.185868653369543e-08
1295.0,4.2807607388438046e-09
1296.0,4.3564471489559196e-08
1297.0,8.545596277277533e-08
1298.0,1.6202418519387086e-06
1299.0,8.416082221219653e-08
1300.0,1.2349980431607203e-09
1301.0,9.372481017519751e-07
1302.0,2.411075763852524e-09
1303.0,1.1059519032944954e-06
1304.0,1.0428006506971912e-09
1305.0,1.4553804247265184e-06
1306.0,1.580990826634346e-09
1307.0,8.993255390708209e-08
1308.0,1.672222233395996e-09
1309.0,4.791365222460759e-08
1310.0,8.240609552091685e-08
1311.0,6.426464602774549e-07
1312.0,6.972094205121687e-07
1313.0,8.40233328794842e-08
1314.0,1.709374511338405e-08
1315.0,3.2181883391528713e-07
1316.0,1.6807997554777093e-08
1317.0,8.8315943419288e-07
1318.0,2.1806419208573858e-07
1319.0,9.63590821080192e-10
1320.0,3.3089373289097615e-08
1321.0,2.1008974864766913e-08
1322.0,7.118223888706474e-08
1323.0,2.3969376598785406e-08
1324.0,2.287452972768356e-09
1325.0,2.5216744943555967e-06
1326.0,2.6748040064597404e-09
1327.0,8.344715528558045e-08
1328.0,1.5080636455069034e-08
1329.0,1.2623729052662917e-07
1330.0,2.1706333809761692e-07
1331.0,9.421710465928794e-07
1332.0,1.5846585750310797e-08
1333.0,1.4998224389425607e-07
1334.0,8.370326644383305e-08
1335.0,1.312719000662007e-08
1336.0,1.4284698840365317e-07
1337.0,3.085521100873221e-08
1338.0,1.9818193782787938e-05
1339.0,1.9618850546032537e-09
1340.0,4.394020981962875e-05
1341.0,7.132594742333877e-08
1342.0,9.910020417831432e-08
1343.0,1.4150601012213992e-08
1344.0,1.5208927367579452e-06
1345.0,3.4965841932531646e-09
1346.0,6.034522392247078e-07
1347.0,3.314409713319712e-07
1348.0,9.297833728570068e-08
1349.0,8.074438048135251e-11
1350.0,2.8754540578337854e-05
1351.0,1.595504606195809e-08
1352.0,4.829514796562832e-07
1353.0,2.3026177356301957e-06
1354.0,3.150194412875807e-05
1355.0,1.8413028050485006e-07
1356.0,3.5823093241597676e-05
1357.0,2.2049925454904545e-08
1358.0,1.0584193953468758e-09
1359.0,1.271473971384961e-09
1360.0,4.356627238803573e-08
1361.0,6.316730167473232e-10
1362.0,1.3319816101976216e-08
1363.0,4.2928831041411887e-07
1364.0,2.7707188031348393e-08
1365.0,2.6566689324462365e-08
1366.0,8.722408681214516e-09
1367.0,1.6414845099042333e-07
1368.0,9.01110253464983e-09
1369.0,7.390702947750722e-09
1370.0,2.3339012311760806e-07
1371.0,2.289581527386471e-07
1372.0,6.658280499917542e-06
1373.0,4.766216922579543e-09
1374.0,1.0140870582967782e-08
1375.0,4.516126880890978e-06
1376.0,1.0387204292308875e-07
1377.0,1.981037434599034e-09
1378.0,1.9100516911368767e-08
1379.0,3.6090672699472497e-06
1380.0,2.0143011120216966e-09
1381.0,6.034500394106609e-06
1382.0,9.496867339289333e-08
1383.0,2.784531882918812e-08
1384.0,1.0779730956808049e-06
1385.0,1.8059119179245148e-07
1386.0,1.7387133611032006e-06
1387.0,7.62908454847838e-10
1388.0,2.883530413250775e-08
1389.0,2.1803478064990175e-08
1390.0,1.036862874955366e-06
1391.0,3.0171328426444265e-07
1392.0,3.3131850950377443e-06
1393.0,3.0361974017425913e-06
1394.0,2.97082907298508e-09
1395.0,8.499422735610385e-09
1396.0,7.10142509237853e-06
1397.0,3.3492845712947923e-06
1398.0,1.1448193880386433e-08
1399.0,1.3796669117267175e-08
1400.0,1.5991678227733703e-07
1401.0,1.9279080229866908e-09
1402.0,1.8542129346376522e-09
1403.0,1.1616580529051565e-06
1404.0,1.4097688468685968e-09
1405.0,7.277428260288962e-09
1406.0,1.1493191239547474e-05
1407.0,1.1245069260442237e-06
1408.0,5.832146330654872e-08
1409.0,5.094613936648364e-07
1410.0,1.2114731345129173e-07
1411.0,3.3039013146974555e-07
1412.0,6.412796190734916e-09
1413.0,1.856944776286312e-07
1414.0,9.288938348697679e-07
1415.0,4.344346678369487e-08
1416.0,3.9144565345598466e-07
1417.0,7.575298878756248e-10
1418.0,9.145321944580925e-06
1419.0,1.0704711041010569e-07
1420.0,3.34303340106028e-06
1421.0,3.546441122845853e-06
1422.0,9.001440028141568e-09
1423.0,2.2126848854962047e-08
1424.0,8.29897999862812e-09
1425.0,3.718561522145739e-08
1426.0,1.3446674568800116e-09
1427.0,4.0012675746255457e-08
1428.0,5.665525107500242e-09
1429.0,2.947407065572961e-07
1430.0,4.1278443054735687e-07
1431.0,7.261485105564587e-09
1432.0,1.5561307140136275e-09
1433.0,1.4956135570123538e-07
1434.0,9.611418785777568e-10
1435.0,2.006488804657009e-09
1436.0,5.7304779117889055e-08
1437.0,2.215859238074396e-09
1438.0,1.5856535389171674e-07
1439.0,3.3564191665025196e-09
1440.0,9.299865311771704e-10
1441.0,2.2266017275818015e-06
1442.0,3.695406386117327e-06
1443.0,1.6120655040679725e-08
1444.0,1.612459183838798e-08
1445.0,6.015043080904114e-07
1446.0,3.198879778091289e-09
1447.0,4.669189176762166e-05
1448.0,4.10841045898555e-08
1449.0,7.717524482115516e-05
1450.0,4.482515850546862e-09
1451.0,4.3261997360050626e-07
1452.0,1.0508585328491183e-05
1453.0,1.260354465367313e-07
1454.0,2.594584594325142e-06
1455.0,3.9768157106123115e-11
1456.0,2.502989502805524e-07
1457.0,2.1961512874189433e-07
1458.0,1.0313231348786836e-07
1459.0,2.3683035921507525e-06
1460.0,2.4475459741215146e-08
1461.0,1.6551361985603444e-09
1462.0,3.0580275185111564e-08
1463.0,2.8147155614575626e-09
1464.0,4.842504639006861e-08
1465.0,4.118237512336025e-09
1466.0,1.2026528001606766e-09
1467.0,1.0734283431183873e-08
1468.0,5.7741638885426356e-08
1469.0,4.4666328302797746e-06
1470.0,5.5128867542701736e-08
1471.0,1.1689887726910749e-05
1472.0,2.230596441713898e-07
1473.0,1.0736337846989616e-09
1474.0,1.8400972388244208e-09
1475.0,4.554935833762325e-08
1476.0,3.4141759407369784e-08
1477.0,2.291544417730047e-08
1478.0,2.3734634494022992e-06
1479.0,8.924776756109261e-10
1480.0,6.126526120029971e-06
1481.0,7.868467473194823e-07
1482.0,2.696919330179151e-10
1483.0,1.1915783548732086e-07
1484.0,6.374417958294863e-08
1485.0,8.777965256149186e-08
1486.0,1.1584916544335998e-08
1487.0,4.823436835449433e-07
1488.0,1.8148050219135083e-07
1489.0,2.086255380369906e-08
1490.0,5.0721610263894846e-08
1491.0,2.6441863030312375e-09
1492.0,2.8023359303851e-09
1493.0,3.209627267621708e-08
1494.0,2.6161179008514916e-07
1495.0,1.9847382956295985e-07
1496.0,2.062131262755398e-09
1497.0,3.917889666557933e-08
1498.0,1.3215104355967945e-08
1499.0,1.8559824644502144e-08
1500.0,1.9464486856690265e-08
1501.0,3.1041503581698466e-09
1502.0,1.0140773536687054e-05
1503.0,2.757529164132666e-07
1504.0,1.0519548587800576e-07
1505.0,4.315582578057996e-06
1506.0,2.4006323579640287e-08
1507.0,1.4643922561118637e-08
1508.0,8.622724848584039e-09
1509.0,2.778906308992325e-10
1510.0,8.557708152771922e-10
1511.0,6.378239160771112e-08
1512.0,7.504405621733589e-06
1513.0,2.8419338269095743e-07
1514.0,1.1831242890083037e-06
1515.0,4.1773504595634794e-08
1516.0,4.123649400946902e-09
1517.0,8.44396570265873e-09
1518.0,1.0557454889496095e-07
1519.0,8.517456032916667e-07
1520.0,2.574013131512397e-07
1521.0,4.603981150800478e-07
1522.0,6.9294361739909e-08
1523.0,2.397627821905086e-06
1524.0,1.3883401352600762e-07
1525.0,7.020209466516311e-09
1526.0,1.102401469434588e-11
1527.0,1.2627108579086905e-09
1528.0,2.0193787011442962e-07
1529.0,1.7609067347429768e-07
1530.0,5.3673856263461394e-08
1531.0,9.417793267023632e-09
1532.0,8.76174825254874e-09
1533.0,1.1971376048061604e-07
1534.0,1.5357069435241202e-07
1535.0,1.5523068752030552e-06
1536.0,7.274863628910942e-08
1537.0,5.317688680993354e-09
1538.0,1.9007351022825956e-07
1539.0,3.84688443280423e-08
1540.0,2.2433511936694607e-07
1541.0,3.6146218744417455e-07
1542.0,5.424569552744552e-09
1543.0,1.2264951746833762e-05
1544.0,6.915890040698137e-08
1545.0,1.8485511683563077e-07
1546.0,5.5265329210554915e-08
1547.0,3.6670769332123325e-07
1548.0,8.371049736449305e-08
1549.0,1.8325484780640083e-06
1550.0,0.0001104990292064015
1551.0,1.2424234753621955e-08
1552.0,2.464600573733121e-07
1553.0,1.1349842204218689e-08
1554.0,1.9352735294993504e-08
1555.0,3.9732261959126556e-08
1556.0,1.5525488876000374e-08
1557.0,6.349723228759332e-06
1558.0,2.5647089563967543e-08
1559.0,4.504964252103337e-07
1560.0,2.4505799548902365e-07
1561.0,8.094776140229386e-06
1562.0,1.635952652477035e-08
1563.0,5.008142934103649e-08
1564.0,9.63421869945246e-08
1565.0,5.855562568883618e-06
1566.0,0.00019469207015170421
1567.0,1.4014353248596767e-06
1568.0,1.9876946929226007e-07
1569.0,2.8946409761240835e-05
1570.0,9.460615987785864e-09
1571.0,2.785050741443479e-07
1572.0,9.777083299221083e-08
1573.0,3.458559672365835e-07
1574.0,9.790210022723436e-06
1575.0,0.0017451131044642566
1576.0,2.5392214389331044e-06
1577.0,7.29778910795198e-06
1578.0,4.0584250511200366e-07
1579.0,3.865178702382634e-08
1580.0,1.4267461616569038e-05
1581.0,4.12443741615258e-09
1582.0,6.69321309799149e-09
1583.0,5.9091037298758316e-09
1584.0,1.1388456950418289e-09
1585.0,7.247687748627297e-09
1586.0,1.340633467812112e-07
1587.0,1.7234376749865166e-06
1588.0,1.4212995657925551e-07
1589.0,3.127260074660816e-08
1590.0,4.162480573510836e-09
1591.0,9.812271318073563e-07
1592.0,3.876093478558589e-09
1593.0,1.880887135514878e-07
1594.0,1.2391511333500224e-07
1595.0,1.4995573849684366e-09
1596.0,1.806082343484736e-08
1597.0,0.00010402518959383727
1598.0,1.6818965903240484e-07
1599.0,1.2239827036137136e-09
1600.0,3.141105896653882e-08
1601.0,5.70299600996065e-07
1602.0,5.623026290702818e-09
1603.0,2.7409141659451815e-06
1604.0,7.039767539264673e-08
1605.0,2.9318187500565226e-08
1606.0,9.280810069604511e-08
1607.0,2.9387392429639122e-06
1608.0,5.980032355390195e-06
1609.0,3.137544293039773e-08
1610.0,7.987500347505471e-14
1611.0,6.420026272206436e-10
1612.0,3.9274406197972883e-08
1613.0,1.5482964189568581e-09
1614.0,1.1003711916254757e-08
1615.0,2.636128281703783e-09
1616.0,8.306126383290862e-07
1617.0,4.182134778360006e-08
1618.0,1.874859008651423e-09
1619.0,2.7392202519183034e-09
1620.0,2.6123218182329938e-08
1621.0,5.154624383566639e-08
1622.0,1.0812508573308996e-07
1623.0,2.450876066912004e-08
1624.0,1.7112200936469444e-09
1625.0,1.0086662048025795e-07
1626.0,5.9874669735485586e-05
1627.0,1.4391554320700338e-06
1628.0,3.2112188702656853e-08
1629.0,5.437768703700383e-09
1630.0,3.2868454654793527e-07
1631.0,6.329226624340159e-09
1632.0,9.27937951552355e-08
1633.0,5.890222047122446e-09
1634.0,2.538351748053092e-07
1635.0,1.7681028628314608e-08
1636.0,6.785518158571841e-09
1637.0,1.5457761102524228e-06
1638.0,5.112704873277496e-07
1639.0,3.364772830724978e-09
1640.0,1.375331540907021e-09
1641.0,1.9603164064510714e-06
1642.0,1.8677706287281665e-07
1643.0,5.934706946253265e-08
1644.0,2.373878041164425e-08
1645.0,1.0210647452875825e-08
1646.0,7.524009687443479e-12
1647.0,8.612202590166518e-09
1648.0,1.9523259585858595e-08
1649.0,7.546695116916795e-10
1650.0,6.297769639615534e-07
1651.0,3.2656235598256055e-07
1652.0,7.95537019453034e-07
1653.0,7.880693061746265e-10
1654.0,2.6978566600046053e-06
1655.0,1.5026570089016117e-07
1656.0,1.2845566876288284e-08
1657.0,2.3220521353198977e-10
1658.0,4.5068611057250564e-07
1659.0,3.7505014130237e-08
1660.0,2.96710253316597e-07
1661.0,1.0254954525318096e-07
1662.0,2.4725022751510786e-10
1663.0,5.569941578471448e-07
1664.0,1.3580415992517875e-06
1665.0,1.4307553277125278e-08
1666.0,2.1072933264942917e-08
1667.0,1.4005022420065386e-08
1668.0,7.107975622738595e-07
1669.0,8.802247370908089e-10
1670.0,4.8370689619331466e-08
1671.0,1.599354561198405e-07
1672.0,2.088103556292855e-08
1673.0,3.948489928432991e-09
1674.0,4.3500055051619887e-07
1675.0,9.704643468151417e-11
1676.0,1.481948278038789e-06
1677.0,2.3938484285699638e-08
1678.0,6.26631106015775e-06
1679.0,9.408038606530975e-07
1680.0,1.9601136692487768e-07
1681.0,7.391702151295441e-08
1682.0,6.457392709432385e-08
1683.0,4.989683268213367e-09
1684.0,4.603347198931246e-06
1685.0,1.3866411309789012e-05
1686.0,1.4223429437184898e-05
1687.0,1.492500981679874e-05
1688.0,5.61156833247787e-07
1689.0,3.5779557761766874e-07
1690.0,7.086667201222829e-07
1691.0,1.718744560908067e-07
1692.0,9.774454838059718e-09
1693.0,1.6637694747532953e-07
1694.0,1.3641592532674622e-08
1695.0,5.519296795611815e-06
1696.0,2.0351792175428136e-08
1697.0,2.838445054073471e-07
1698.0,1.8172002106208096e-06
1699.0,3.9110038226384194e-09
1700.0,8.684554214230784e-06
1701.0,7.30505942613157e-08
1702.0,1.672546007523746e-07
1703.0,3.0184093994389315e-07
1704.0,8.952855838773538e-06
1705.0,2.2592406610286708e-07
1706.0,9.43265326111836e-06
1707.0,8.457385049305109e-09
1708.0,2.6338693786092694e-05
1709.0,2.4970186859818813e-06
1710.0,1.3722766255225624e-06
1711.0,2.6238387212316115e-09
1712.0,5.069926617665404e-09
1713.0,2.7493056951377528e-08
1714.0,3.8773414774273215e-10
1715.0,1.1579005056615802e-06
1716.0,2.4629103820924877e-07
1717.0,2.0223433810633017e-08
1718.0,4.3308797224964936e-10
1719.0,3.038272435837711e-07
1720.0,4.17076848457871e-07
1721.0,5.252977238623284e-07
1722.0,9.554721677642638e-07
1723.0,1.9435441976897315e-09
1724.0,8.351490617033911e-08
1725.0,4.067384949946393e-07
1726.0,2.637426340404377e-08
1727.0,7.166281741376218e-08
1728.0,2.475981683322099e-07
1729.0,3.8789472304687614e-06
1730.0,3.9727680998221775e-07
1731.0,1.2004644101267907e-08
1732.0,8.387291581141649e-08
1733.0,5.70968715369219e-06
1734.0,2.6770076082719283e-05
1735.0,2.002584658985494e-09
1736.0,4.840560684809557e-09
1737.0,9.85817003738772e-06
1738.0,2.646553895392129e-09
1739.0,4.7383674759171e-09
1740.0,1.3411345196634768e-07
1741.0,8.557781628082187e-08
1742.0,7.175072216265607e-08
1743.0,9.486052009701304e-07
1744.0,5.911172844331444e-09
1745.0,2.4956930203640702e-09
1746.0,3.870732961028134e-08
1747.0,1.1201614959164775e-07
1748.0,1.0762694115150706e-07
1749.0,8.964503178311833e-06
1750.0,2.33705817963706e-09
1751.0,1.0063009541220182e-10
1752.0,1.2935851220031644e-08
1753.0,1.9536888170468765e-06
1754.0,1.025220663891832e-07
1755.0,2.961750526561327e-06
1756.0,3.7053001918812326e-10
1757.0,1.6517848807933146e-08
1758.0,2.13671412968573e-07
1759.0,6.933505673975124e-09
1760.0,1.933512277479575e-07
1761.0,2.4020170221610855e-08
1762.0,2.3205382114804832e-08
1763.0,1.451898573080042e-06
1764.0,8.367938126760966e-07
1765.0,1.3601636834299504e-07
1766.0,4.844159119179168e-09
1767.0,5.839149266222275e-08
1768.0,4.709978263171788e-08
1769.0,1.3040727399550614e-08
1770.0,3.4107951815856555e-07
1771.0,2.361548719693025e-08
1772.0,1.4285388213721628e-07
1773.0,9.255160265547486e-10
1774.0,5.100636344883523e-07
1775.0,1.2723031016934806e-07
1776.0,1.5412349632287269e-09
1777.0,1.2920520806181578e-08
1778.0,1.5023585494086632e-06
1779.0,2.7852290226240015e-09
1780.0,5.9590937877332e-09
1781.0,2.596960343659262e-06
1782.0,5.887376977998692e-07
1783.0,2.7052045707304112e-09
1784.0,3.019378187465025e-08
1785.0,9.670055986271473e-08
1786.0,1.0051039701489414e-08
1787.0,5.357897429791443e-07
1788.0,7.0020973847832575e-09
1789.0,1.0708316213505889e-05
1790.0,5.594604174349706e-09
1791.0,2.6694410180928935e-07
1792.0,3.895667258192359e-06
1793.0,1.883391559610903e-08
1794.0,1.7567185733938425e-08
1795.0,0.00019221057763336562
1796.0,1.980535512789829e-08
1797.0,9.28198041667004e-10
1798.0,3.893107458442936e-06
1799.0,7.413954738559756e-08
1800.0,5.7848209921212605e-08
1801.0,2.382522454676294e-08
1802.0,2.6309541380773578e-09
1803.0,3.3900636091891983e-06
1804.0,2.8646278190678447e-07
1805.0,4.895473995700924e-09
1806.0,4.303537150445157e-09
1807.0,3.743275991521289e-06
1808.0,1.1778835862791045e-08
1809.0,5.044799065846233e-07
1810.0,6.47892863333911e-11
1811.0,3.463307394865574e-09
1812.0,7.618607684248558e-07
1813.0,0.00011278363134701183
1814.0,1.797134054695401e-05
1815.0,3.620109926214427e-08
1816.0,3.866365787217395e-09
1817.0,3.811052833149908e-09
1818.0,3.371285968332143e-09
1819.0,3.328791165200714e-07
1820.0,7.055440395831519e-08
1821.0,7.9354199811125e-09
1822.0,9.080434103491199e-06
1823.0,4.946017014413339e-07
1824.0,1.5138549460680857e-08
1825.0,2.5163460298850776e-08
1826.0,2.9235354477471217e-09
1827.0,5.837042540568524e-08
1828.0,1.1877072647616985e-07
1829.0,1.4581539642979957e-07
1830.0,1.6357080773065487e-07
1831.0,3.3745337010321953e-07
1832.0,1.042916118276097e-06
1833.0,1.048530229329942e-08
1834.0,1.9266440100858572e-08
1835.0,1.261530289275754e-06
1836.0,4.919064201069042e-08
1837.0,1.935789140470594e-07
1838.0,1.2029169743356406e-08
1839.0,1.5522382679597084e-10
1840.0,2.582983941778976e-07
1841.0,1.694847738004025e-05
1842.0,9.698789594575768e-10
1843.0,1.698771779245066e-07
1844.0,3.5617053132597927e-08
1845.0,4.037696332534379e-08
1846.0,1.0146836342970429e-07
1847.0,1.8038026615888655e-08
1848.0,2.537771501380785e-07
1849.0,8.735999749539376e-08
1850.0,3.6844551345404555e-09
1851.0,2.3169723536285986e-09
1852.0,3.2826763599410044e-10
1853.0,1.9173604720590555e-09
1854.0,2.0375474064774156e-08
1855.0,2.349638908266839e-07
1856.0,3.799930817237964e-07
1857.0,3.056740232160661e-08
1858.0,1.796139265238812e-08
1859.0,3.571646306238671e-06
1860.0,4.125943214040122e-07
1861.0,7.216173442556629e-05
1862.0,3.065189667651431e-07
1863.0,3.839423571718629e-08
1864.0,2.8490299604892147e-08
1865.0,4.4293672817188415e-05
1866.0,1.6335597644792761e-09
1867.0,3.748988691235002e-09
1868.0,8.297783733074047e-07
1869.0,6.304874805420259e-07
1870.0,1.5254417090035522e-08
1871.0,1.0316563763985733e-08
1872.0,3.7951927528516467e-07
1873.0,1.2692882950565887e-05
1874.0,2.5409463094658196e-07
1875.0,1.0330631717181921e-07
1876.0,8.980136159828781e-08
1877.0,4.2210672199499555e-07
1878.0,2.412072493579837e-08
1879.0,2.6788811579164974e-07
1880.0,4.196178808802002e-09
1881.0,7.987135352982825e-09
1882.0,8.948578450011124e-08
1883.0,4.006785454278234e-09
1884.0,1.7098042354070742e-08
1885.0,7.922713149153569e-08
1886.0,3.492547358695071e-06
1887.0,3.8020511201319255e-09
1888.0,1.1936660240245789e-06
1889.0,4.488687953273301e-07
1890.0,1.1626954250920116e-06
1891.0,9.993968315038344e-07
1892.0,9.100341506021177e-08
1893.0,2.2641371639428466e-07
1894.0,8.00725120508618e-09
1895.0,5.801419780609264e-07
1896.0,1.985344698381217e-08
1897.0,8.105479525052114e-09
1898.0,1.5194449240597385e-07
1899.0,4.852065520020812e-07
1900.0,1.6758509692929192e-07
1901.0,1.9605444719939414e-08
1902.0,6.297387893194977e-10
1903.0,1.0195123672169696e-06
1904.0,6.046929217194389e-08
1905.0,1.3215783474372144e-07
1906.0,4.744837946341403e-10
1907.0,6.541774801367337e-06
1908.0,3.7954619164353607e-07
1909.0,1.2646509353705463e-07
1910.0,2.9070246057586326e-08
1911.0,1.3291490546009463e-07
1912.0,7.976012326236958e-10
1913.0,4.2109483019790297e-07
1914.0,3.5180007931461057e-07
1915.0,2.1182752842259052e-08
1916.0,1.6845621266283945e-09
1917.0,1.4778020090222618e-06
1918.0,0.00020755390295009376
1919.0,7.315916852810751e-07
1920.0,6.760389737557704e-06
1921.0,1.1066888027415881e-06
1922.0,0.0001727633140432081
1923.0,1.237802133461655e-06
1924.0,1.1912197758704383e-06
1925.0,9.938239131609392e-07
1926.0,3.6103971879074415e-06
1927.0,8.632837093607464e-10
1928.0,2.5443322631090353e-07
1929.0,8.298003372221259e-08
1930.0,1.609211061320196e-09
1931.0,1.3035817372943184e-11
1932.0,1.251635720166346e-05
1933.0,6.0981261713885165e-06
1934.0,2.9443672543362583e-08
1935.0,6.578995157220452e-08
1936.0,2.3489034452938818e-05
1937.0,1.683052109957267e-08
1938.0,5.527675070049443e-06
1939.0,1.1826454063238604e-07
1940.0,3.054732285535902e-08
1941.0,3.757891151547539e-08
1942.0,5.9849037691606e-07
1943.0,4.334642914446116e-10
1944.0,1.217739796016779e-07
1945.0,0.0002931160323535825
1946.0,1.0392839600689231e-08
1947.0,2.3463280330085858e-06
1948.0,1.9393053222252491e-07
1949.0,5.987092684369606e-07
1950.0,3.845276192350637e-06
1951.0,5.024296544606133e-09
1952.0,1.2932421447893028e-07
1953.0,6.6600374556004744e-09
1954.0,3.3532518230957256e-08
1955.0,6.005247085932505e-08
1956.0,1.1245555717700985e-09
1957.0,1.656530741865425e-06
1958.0,1.4390257535796175e-10
1959.0,1.7418332442063436e-09
1960.0,5.45965962304136e-08
1961.0,7.896755108041353e-10
1962.0,8.518200034128092e-09
1963.0,2.692914636611358e-07
1964.0,1.8287078598218218e-06
1965.0,5.400461808791638e-08
1966.0,2.7938873392922964e-09
1967.0,1.0916011735915154e-08
1968.0,9.621685529984166e-09
1969.0,9.381733327485735e-07
1970.0,9.432323330992489e-06
1971.0,4.275586038284526e-08
1972.0,9.950856775356036e-08
1973.0,1.1827017544464622e-08
1974.0,1.9090980715313142e-08
1975.0,1.2082255317108686e-08
1976.0,1.963259929946253e-08
1977.0,2.4796551888936237e-07
1978.0,4.4575568789847857e-07
1979.0,1.306173323532687e-06
1980.0,1.987201400260381e-07
1981.0,3.9879163105694033e-08
1982.0,1.1797900842750844e-07
1983.0,1.0168230496993457e-07
1984.0,2.0660067521547688e-05
1985.0,1.572319031096643e-07
1986.0,2.6021784909878904e-10
1987.0,9.015100824708715e-10
1988.0,7.41709460514978e-07
1989.0,3.78688748233142e-07
1990.0,8.997975087672674e-08
1991.0,3.7598470708554946e-07
1992.0,1.0060379142426408e-08
1993.0,2.5810649541729215e-08
1994.0,3.987698727068293e-09
1995.0,5.876344047272551e-09
1996.0,3.102697265813351e-05
1997.0,7.526809487309183e-10
1998.0,0.00010572008325441145
1999.0,1.3894039587809442e-06
2000.0,0.0031910366082537277
2001.0,1.746613692507332e-05
2002.0,6.496435912780431e-07
2003.0,1.3346498004017486e-08
2004.0,2.302840655290191e-05
2005.0,4.499191294811172e-08
2006.0,2.573152258895674e-07
2007.0,1.0161508262181991e-09
2008.0,1.5440159261933925e-07
2009.0,9.822036002790521e-08
2010.0,6.10880316341321e-11
2011.0,1.5712172277242837e-06
2012.0,8.271605585375769e-10
2013.0,5.259895710938113e-06
2014.0,9.06744931844529e-08
2015.0,4.018327965827415e-09
2016.0,2.579595206412761e-09
2017.0,6.103818449655944e-06
2018.0,3.239220809319375e-08
2019.0,3.991270563906237e-10
2020.0,1.430481945520114e-07
2021.0,7.622730218612856e-09
2022.0,8.888736528077974e-09
2023.0,2.874088186396797e-05
2024.0,4.4272195841596273e-07
2025.0,2.610111848773414e-07
2026.0,3.2277467090933704e-08
2027.0,7.400278019007292e-08
2028.0,8.807862528775236e-08
2029.0,1.362724544501334e-08
2030.0,2.783806026936402e-08
2031.0,7.534038810596303e-08
2032.0,2.1819604461805332e-07
2033.0,5.2716030025984684e-08
2034.0,2.6287125896002305e-09
2035.0,4.4163316565458427e-07
2036.0,2.995422541111152e-08
2037.0,3.3985257039616585e-07
2038.0,5.60204574589185e-09
2039.0,1.7409990233147938e-08
2040.0,3.8641552039207225e-09
2041.0,1.70643070543126e-08
2042.0,2.6583752979145545e-07
2043.0,3.1040981370262076e-07
2044.0,5.064869381897436e-08
2045.0,4.6193715154037225e-10
2046.0,3.9547314832379584e-09
2047.0,4.470069684433043e-07
2048.0,7.111637767510566e-09
2049.0,3.715645655517906e-10
2050.0,2.4192608189987724e-08
2051.0,4.905706349698663e-07
2052.0,2.7821962198379535e-09
2053.0,7.827620476230935e-08
2054.0,2.317388053445441e-08
2055.0,7.667366185289867e-08
2056.0,0.0012245647551228501
2057.0,1.2076306065444798e-05
2058.0,4.9101808724154616e-05
2059.0,7.570177240573665e-06
2060.0,5.717209815887803e-05
2061.0,4.277070865787346e-09
2062.0,4.4677088076709355e-06
2063.0,4.3867895743706365e-08
2064.0,1.1247170071229548e-08
2065.0,1.558532975439324e-07
2066.0,3.811349866018732e-08
2067.0,3.880952457348049e-06
2068.0,1.9245154630408424e-08
2069.0,2.086656444603206e-06
2070.0,8.194335286449717e-08
2071.0,2.2696907198667005e-07
2072.0,3.401235063244849e-09
2073.0,1.236662650501668e-07
2074.0,8.18318273312086e-08
2075.0,1.1955248814204298e-08
2076.0,2.163634156770825e-07
2077.0,3.589673110856304e-07
2078.0,2.2101460062806608e-05
2079.0,1.014335878634809e-08
2080.0,2.792203353814813e-08
2081.0,1.125895234395656e-06
2082.0,4.513624467000603e-06
2083.0,3.698280622707842e-10
2084.0,1.7390304084868858e-07
2085.0,5.5530737578187127e-08
2086.0,2.9021192124520295e-07
2087.0,8.995060008297437e-09
2088.0,9.99578979458981e-08
2089.0,9.348239105983522e-07
2090.0,1.2240936879539013e-06
2091.0,5.597170659276999e-07
2092.0,3.8623112108502075e-09
2093.0,9.905584330615315e-08
2094.0,1.4498350790907272e-07
2095.0,1.1268164155677557e-06
2096.0,5.26763305658491e-07
2097.0,3.533761728357491e-09
2098.0,3.3498757444459395e-09
2099.0,6.343714814270558e-08
2100.0,3.0376724997869254e-06
2101.0,2.216235426337672e-06
2102.0,3.495528693224951e-08
2103.0,2.0653305287647536e-08
2104.0,2.3163506346564648e-08
2105.0,9.70321210461262e-09
2106.0,3.495669998255995e-08
2107.0,1.1965785169265906e-07
2108.0,2.0559026719285798e-05
2109.0,4.809750127018216e-09
2110.0,1.0988825137499663e-07
2111.0,4.1065899609931296e-08
2112.0,8.229603758964153e-07
2113.0,1.3732382129887593e-08
2114.0,3.9749123944152174e-08
2115.0,1.159268529657321e-08
2116.0,8.304387605708386e-09
2117.0,1.2265436349707758e-07
2118.0,8.933557286668165e-07
2119.0,6.325169993272843e-08
2120.0,2.202748407373603e-08
2121.0,7.766545230045328e-08
2122.0,1.812993581917234e-06
2123.0,1.0060898109089002e-09
2124.0,3.225735620135698e-08
2125.0,2.8586884562965946e-07
2126.0,3.8721373771093004e-07
2127.0,4.347249313446323e-06
2128.0,3.6729130716007137e-09
2129.0,1.8034370361035354e-07
2130.0,5.576968409002046e-08
2131.0,4.3437380000206506e-08
2132.0,1.296334856127975e-07
2133.0,1.742506932986889e-07
2134.0,1.8305976104001546e-09
2135.0,2.860172663261004e-07
2136.0,1.435472657381673e-06
2137.0,9.695106420161822e-08
2138.0,2.3944050722461807e-07
2139.0,3.4867861642683386e-07
2140.0,3.6025279593402735e-08
2141.0,1.4299498400833522e-09
2142.0,1.6903860229421294e-07
2143.0,1.5387574491673496e-07
2144.0,1.567329378218871e-10
2145.0,2.4251541568634203e-07
2146.0,9.310449795736734e-09
2147.0,3.449245719660391e-07
2148.0,1.9857710278569687e-09
2149.0,2.08855115448523e-06
2150.0,2.279737287026674e-08
2151.0,1.4020600299654358e-09
2152.0,5.3414013616406124e-08
2153.0,3.1977161946901434e-06
2154.0,2.9953074003180163e-05
2155.0,3.162270350269283e-08
2156.0,6.005184970351278e-09
2157.0,1.0417420319879825e-05
2158.0,1.1912106345434323e-07
2159.0,3.85984860180964e-07
2160.0,1.5124503725019533e-07
2161.0,2.705351082325793e-07
2162.0,7.04354147282683e-08
2163.0,8.87538060706633e-07
2164.0,1.8975028459828614e-07
2165.0,4.434468628224972e-09
2166.0,2.087464192630934e-06
2167.0,3.213080023199113e-05
2168.0,1.391128598985172e-07
2169.0,8.686622406097526e-05
2170.0,3.0003779173898086e-09
2171.0,2.8495263360919556e-07
2172.0,1.6552483343299257e-07
2173.0,7.501718796935381e-08
2174.0,1.4968300260865673e-06
2175.0,4.420844476398074e-09
2176.0,1.492517461310861e-05
2177.0,4.150235223713576e-06
2178.0,1.9076925589988615e-08
2179.0,4.5305466003169965e-08
2180.0,9.602287821570058e-09
2181.0,3.216275541012051e-06
2182.0,3.390568146464836e-06
2183.0,9.814873358102427e-08
2184.0,8.048403915071684e-09
2185.0,1.051214146580669e-07
2186.0,1.00083738876155e-07
2187.0,3.572877880823162e-08
2188.0,4.296975018751651e-10
2189.0,1.5834566920203394e-09
2190.0,2.681184053702701e-08
2191.0,1.437579663099144e-07
2192.0,1.0915439988934344e-07
2193.0,3.958896238476756e-06
2194.0,3.575590062270445e-07
2195.0,1.1062685781439455e-08
2196.0,3.4002128065010087e-08
2197.0,1.7277197669562515e-08
2198.0,2.6036460899538812e-08
2199.0,3.2039179543702974e-06
2200.0,4.396525573359801e-08
2201.0,3.698603466457241e-07
2202.0,5.548689608976548e-09
2203.0,4.438833062285386e-09
2204.0,7.294839871954816e-08
2205.0,5.328007812859307e-06
2206.0,6.449939582898182e-08
2207.0,1.1844731794682951e-08
2208.0,3.1443025082626467e-09
2209.0,1.8745335217921874e-07
2210.0,7.20145057136136e-07
2211.0,1.4039470887843188e-06
2212.0,1.0174036661588498e-06
2213.0,8.086663034286095e-10
2214.0,4.814781196928883e-06
2215.0,8.597282050066615e-09
2216.0,6.1460769526421e-05
2217.0,1.4466328444310603e-06
2218.0,5.820373854461009e-08
2219.0,4.139768323605519e-08
2220.0,1.952817536961962e-06
2221.0,4.276733428417803e-08
2222.0,1.846656071211456e-08
2223.0,9.952709782137553e-08
2224.0,2.2191499221446325e-07
2225.0,5.266613821473402e-07
2226.0,1.9761159613412405e-05
2227.0,1.322641069624293e-08
2228.0,1.062421765906481e-05
2229.0,1.0765526567954079e-07
2230.0,1.5572502894872144e-08
2231.0,4.403404455272959e-05
2232.0,1.9242874077023133e-08
2233.0,4.340633064069448e-11
2234.0,1.1747816376746011e-09
2235.0,1.414506298220708e-09
2236.0,3.2114517105180744e-07
2237.0,8.452404863944016e-10
2238.0,0.0013685894387074021
2239.0,4.8486037804531385e-08
2240.0,1.2277160287984571e-06
2241.0,7.143094470885793e-08
2242.0,6.900890142330298e-11
2243.0,1.546493655770136e-08
2244.0,3.578522476611326e-08
2245.0,1.3725041077067541e-09
2246.0,3.480500611672584e-07
2247.0,7.489867319731248e-06
2248.0,3.344105584624475e-10
2249.0,1.209164905957916e-06
2250.0,2.2780833212349585e-05
2251.0,2.483275926153132e-07
2252.0,5.941235656040056e-09
2253.0,7.548778680147084e-09
2254.0,2.09746375959546e-07
2255.0,8.990223787694057e-08
2256.0,3.500762068666194e-08
2257.0,1.3680451664621825e-06
2258.0,4.2863207210329614e-07
2259.0,6.066431017463703e-07
2260.0,1.87430223359862e-06
2261.0,5.301253845579983e-08
2262.0,7.12145169539147e-08
2263.0,6.387349426866708e-06
2264.0,2.4466525250877565e-07
2265.0,1.3516875745970207e-07
2266.0,4.10645239309335e-08
2267.0,1.0806212517200234e-08
2268.0,6.56183035647741e-07
2269.0,1.5854753549918858e-07
2270.0,1.0195604783400362e-07
2271.0,1.0757403995119988e-08
2272.0,4.6397857865605224e-08
2273.0,9.792952694763194e-09
2274.0,1.2029902412877281e-05
2275.0,4.03818118884833e-08
2276.0,3.7123478503915406e-08
2277.0,1.1162491698902524e-08
2278.0,1.6097368946749826e-06
2279.0,1.6707314348299894e-08
2280.0,9.26415054743784e-07
2281.0,2.454907572122444e-07
2282.0,2.145040628084017e-07
2283.0,1.5912792781322525e-08
2284.0,3.207420742040662e-05
2285.0,1.544214161903361e-08
2286.0,5.46743736142116e-07
2287.0,6.265990276057757e-07
2288.0,4.256918771976795e-10
2289.0,2.509336890284956e-08
2290.0,1.3135851982356818e-07
2291.0,6.686287156681914e-08
2292.0,1.765733976109121e-07
2293.0,1.4880171482639329e-09
2294.0,3.258374937213858e-06
2295.0,4.89455888532984e-06
2296.0,6.570709586690848e-08
2297.0,2.6728336343838753e-07
2298.0,5.320946921284442e-10
2299.0,2.0764074872163585e-08
2300.0,1.3995699023076622e-07
2301.0,1.4058175720329125e-09
2302.0,2.0710590579375931e-07
2303.0,1.0670171726614989e-08
2304.0,5.848849059832864e-10
2305.0,1.985304299551048e-08
2306.0,2.9932138640203784e-08
2307.0,5.421474297830103e-07
2308.0,2.2055580507534966e-06
2309.0,1.3182903169063873e-07
2310.0,1.0772115150163608e-05
2311.0,3.6986618713441577e-07
2312.0,2.903426055229118e-06
2313.0,9.395635893787399e-09
2314.0,9.373559782931666e-08
2315.0,2.53772216016931e-08
2316.0,7.345605988582625e-10
2317.0,3.5615515802538473e-06
2318.0,5.401145728297265e-09
2319.0,4.997443909464719e-07
2320.0,2.3760698419019516e-08
2321.0,5.2780910510403994e-08
2322.0,7.592188059901081e-09
2323.0,6.722458441549097e-09
2324.0,3.158770470729325e-05
2325.0,6.916418610875231e-07
2326.0,1.3259817932952448e-07
2327.0,2.843944299072989e-08
2328.0,2.3826009469584245e-07
2329.0,7.172186945275871e-07
2330.0,1.9966631301088385e-07
2331.0,1.1426080255264529e-06
2332.0,2.7829163372047016e-07
2333.0,8.698619878673282e-09
2334.0,1.585260033338234e-09
2335.0,8.714400276409063e-09
2336.0,3.3825224516645434e-09
2337.0,1.5700469029543525e-08
2338.0,1.2332834146907431e-09
2339.0,2.3105038151661524e-09
2340.0,6.920611022386764e-08
2341.0,1.4383527948837746e-06
2342.0,1.858124426851822e-11
2343.0,5.908342400969786e-10
2344.0,1.6581406976971138e-07
2345.0,2.147827655183091e-08
2346.0,1.7464926292618576e-07
2347.0,1.237421406631252e-08
2348.0,8.571697092358355e-08
2349.0,3.164768418939489e-07
2350.0,2.7888892458557396e-09
2351.0,1.1250063873427382e-07
2352.0,3.6207229342008124e-07
2353.0,2.3244981327686662e-06
2354.0,6.374800637852202e-07
2355.0,1.7746312097931121e-07
2356.0,2.085001483545692e-08
2357.0,4.628205106270897e-08
2358.0,4.236812079402383e-09
2359.0,2.0275169586839935e-07
2360.0,5.596671834865569e-09
2361.0,3.2097567771228295e-06
2362.0,9.557196375077983e-08
2363.0,1.3411566563373487e-08
2364.0,1.825643433633715e-07
2365.0,1.6240197141419904e-06
2366.0,1.0782481628203313e-08
2367.0,4.578851966103892e-09
2368.0,8.74963273929021e-09
2369.0,5.97229947287498e-07
2370.0,7.190339270786635e-07
2371.0,6.531345261456065e-06
2372.0,0.00025434103870473554
2373.0,0.00037505743629206
2374.0,0.0001700280637843721
2375.0,3.4750344195037876e-09
2376.0,2.0242757895099545e-06
2377.0,2.3661259542511876e-08
2378.0,2.6212015050481685e-06
2379.0,1.1359833973361987e-08
2380.0,1.997776453895884e-08
2381.0,1.368108342397403e-07
2382.0,1.1024227656083347e-07
2383.0,5.4023697036402926e-09
2384.0,1.0398221104158675e-08
2385.0,1.9996048717660124e-08
2386.0,1.3390111966899606e-09
2387.0,6.833802956000147e-08
2388.0,1.4744542471003225e-08
2389.0,2.502314124238025e-07
2390.0,1.2582442484530474e-05
2391.0,6.511701502595612e-08
2392.0,7.880477766312285e-10
2393.0,1.7635470063017066e-09
2394.0,2.6299148456748988e-08
2395.0,1.3254886961133299e-07
2396.0,4.7057480370774885e-08
2397.0,4.339294708214305e-06
2398.0,3.935087561428937e-06
2399.0,8.804867158644479e-08
2400.0,1.8285835282927427e-08
2401.0,7.98307786860365e-08
2402.0,4.8756502152646565e-08
2403.0,1.0624211839234412e-08
2404.0,1.8244304364685205e-07
2405.0,3.2127709559560895e-08
2406.0,1.759629344467375e-06
2407.0,6.092097692206074e-09
2408.0,2.3608705955165145e-09
2409.0,3.2636757501097196e-08
2410.0,2.0966384656634387e-07
2411.0,4.975159949381562e-09
2412.0,3.561308880237961e-07
2413.0,1.6295125023135274e-06
2414.0,5.84576667703892e-08
2415.0,2.9555340340270205e-07
2416.0,7.50844115459111e-08
2417.0,2.549614912290152e-08
2418.0,5.30269992642317e-08
2419.0,1.0551298314511774e-05
2420.0,1.7047827079700819e-09
2421.0,1.868700767508855e-08
2422.0,1.7467577084593322e-10
2423.0,5.544456256845543e-09
2424.0,1.0005919807064347e-08
2425.0,1.9702622995635667e-07
2426.0,3.3948353300233545e-09
2427.0,9.157845427385106e-07
2428.0,1.1479927637452691e-08
2429.0,2.5189080563711814e-07
2430.0,4.50762570293927e-06
2431.0,2.884960517178264e-06
2432.0,1.6205501593585424e-09
2433.0,1.5306331133352577e-09
2434.0,6.727246211326072e-08
2435.0,2.5577126738954776e-09
2436.0,6.053870222912291e-07
2437.0,5.2354251375078846e-09
2438.0,2.9632501314029737e-08
2439.0,5.12735413085205e-07
2440.0,2.480084113637254e-07
2441.0,7.635869334748272e-07
2442.0,2.0928532791402305e-09
2443.0,2.087850653979894e-08
2444.0,7.941960729724449e-07
2445.0,8.832496199276049e-08
2446.0,9.589359662910733e-08
2447.0,9.920872621867351e-10
2448.0,9.577353689186732e-09
2449.0,1.9285655943323813e-09
2450.0,1.986860901357969e-08
2451.0,4.015999631376631e-08
2452.0,3.5014054560015715e-07
2453.0,7.040858830503992e-07
2454.0,5.031222362885962e-09
2455.0,3.173785338439585e-07
2456.0,1.8672388402929315e-06
2457.0,2.9359473189199788e-08
2458.0,1.975262784708488e-09
2459.0,2.1263628927078975e-07
2460.0,6.795288906594352e-06
2461.0,1.485970193563347e-05
2462.0,5.177112542510679e-08
2463.0,1.195225240307706e-07
2464.0,1.5087952671036854e-07
2465.0,6.669870116786228e-07
2466.0,9.865117834922964e-06
2467.0,1.4552002145638272e-09
2468.0,2.000771732847368e-10
2469.0,2.169686865097109e-10
2470.0,0.00013773432084825292
2471.0,6.451036200671078e-08
2472.0,3.4938731273780527e-07
2473.0,9.840352456378644e-07
2474.0,9.322246517344415e-07
2475.0,1.161846765684978e-07
2476.0,7.278899161701425e-07
2477.0,1.3913149259752002e-06
2478.0,1.0393232608661459e-06
2479.0,7.601131742916481e-08
2480.0,1.795079813173153e-06
2481.0,7.100009135852386e-06
2482.0,2.833991615894928e-10
2483.0,9.682473298841003e-08
2484.0,1.703515634856505e-06
2485.0,4.4073672149619817e-08
2486.0,1.10558835652222e-06
2487.0,4.702360791692883e-05
2488.0,5.301828231086491e-07
2489.0,4.991717970376769e-10
2490.0,6.259667390770036e-08
2491.0,7.0747880880028106e-09
2492.0,1.1031355510645681e-07
2493.0,5.469753670393778e-09
2494.0,3.428805468847295e-07
2495.0,2.878098902865776e-08
2496.0,2.6059535076251945e-08
2497.0,1.826024475861992e-08
2498.0,1.0583526145454507e-09
2499.0,1.6592066768470197e-10
2500.0,2.4180449085657314e-06
2501.0,7.708800193664934e-08
2502.0,3.2176489801757827e-10
2503.0,2.3974617954643048e-05
2504.0,2.265722015648057e-07
2505.0,3.09430462648603e-05
2506.0,4.463609461946857e-09
2507.0,1.0153442763677237e-07
2508.0,8.446450504026709e-08
2509.0,2.9404937305119135e-08
2510.0,5.954653487669026e-08
2511.0,4.611031973689952e-07
2512.0,3.8746666511952185e-09
2513.0,9.250494947519517e-08
2514.0,1.175462071196055e-08
2515.0,1.7529141933476146e-10
2516.0,7.886663773247116e-07
2517.0,1.801303756109665e-05
2518.0,4.144759502521175e-08
2519.0,1.86546040466431e-07
2520.0,2.722551655985791e-07
2521.0,1.0690364997390377e-06
2522.0,1.9572987239918668e-07
2523.0,5.7480814165217626e-06
2524.0,0.00017134382735178473
2525.0,1.9060018951304154e-06
2526.0,1.1705251313874776e-08
2527.0,6.149058265795197e-09
2528.0,4.987873732589867e-06
2529.0,3.1734669516925384e-08
2530.0,2.869782290442973e-06
2531.0,1.3084772984333966e-10
2532.0,4.641858077610833e-09
2533.0,2.1648269707244006e-05
2534.0,2.0857415388595009e-07
2535.0,3.7815059555517744e-08
2536.0,1.671576612587111e-07
2537.0,1.8802740208347e-08
2538.0,2.291906508347879e-08
2539.0,1.5573744736688935e-08
2540.0,1.5380578947191718e-07
2541.0,6.435142852008181e-08
2542.0,9.345978625965458e-10
2543.0,2.8262171846013828e-08
2544.0,2.5079213332080236e-06
2545.0,2.8540813945314726e-07
2546.0,1.5898662738409707e-06
2547.0,1.5227026058519467e-07
2548.0,2.0662728833368222e-07
2549.0,1.0896308044595672e-08
2550.0,8.583798475691436e-09
2551.0,5.580091359099804e-08
2552.0,6.945913328100009e-07
2553.0,2.273463947779193e-09
2554.0,9.883813507015598e-08
2555.0,1.2188482885530875e-08
2556.0,2.4196466151410167e-08
2557.0,2.1245953280635655e-06
2558.0,1.2418282790042194e-07
2559.0,2.5459333548575317e-09
2560.0,3.921703897329754e-06
2561.0,1.2960408185422362e-06
2562.0,3.280895345342567e-07
2563.0,7.864822481324077e-10
2564.0,7.24598222775038e-10
2565.0,1.2522373551011856e-06
2566.0,4.032568854438374e-08
2567.0,2.615829637549972e-09
2568.0,5.2857132349952735e-09
2569.0,1.0651668066230258e-06
2570.0,1.518684937147766e-07
2571.0,1.1675898769593246e-07
2572.0,1.0295317782401385e-07
2573.0,1.03715206335023e-06
2574.0,8.252419034139173e-08
2575.0,1.8205705425781093e-07
2576.0,9.602205045841517e-09
2577.0,6.033099403138906e-08
2578.0,3.375147140531576e-07
2579.0,5.776097815115959e-07
2580.0,9.471646474062222e-09
2581.0,6.755728450167899e-08
2582.0,3.711705604712866e-07
2583.0,2.2218050374525494e-06
2584.0,5.579323933477533e-09
2585.0,1.54578851631833e-06
2586.0,3.292189934220412e-07
2587.0,8.47207115883534e-06
2588.0,2.706300613419393e-09
2589.0,2.4288766397626894e-06
2590.0,2.9766541179854113e-08
2591.0,2.3366386327120698e-07
2592.0,1.3058442190413537e-06
2593.0,4.124720796349623e-09
2594.0,4.0968510413524784e-08
2595.0,7.280904958029582e-07
2596.0,9.744133325237802e-09
2597.0,2.8119186712414173e-06
2598.0,4.0832320331123596e-08
2599.0,4.676379716200937e-06
2600.0,3.2903380500648064e-10
2601.0,1.6713833322069438e-08
2602.0,5.6701486436931704e-08
2603.0,1.7962131504114337e-06
2604.0,3.6425516311721726e-06
2605.0,1.4619275153656225e-07
2606.0,2.4405096164599247e-05
2607.0,2.3520672823682883e-08
2608.0,2.2743443006924534e-08
2609.0,2.829172446769414e-08
2610.0,2.0834128168544392e-05
2611.0,1.1385763346502655e-07
2612.0,7.618859054081995e-09
2613.0,1.451424330792564e-06
2614.0,4.502196098926152e-05
2615.0,7.129172161706657e-07
2616.0,1.5370082481591155e-08
2617.0,5.749959061399804e-08
2618.0,2.0679887294462294e-09
2619.0,3.1050778904626513e-06
2620.0,1.776240800533561e-07
2621.0,8.350025073173467e-07
2622.0,7.900495920394959e-09
2623.0,1.1917154655808787e-08
2624.0,4.0062334187351394e-07
2625.0,1.178442655175579e-07
2626.0,2.5686238623618232e-08
2627.0,2.290285074377048e-06
2628.0,1.352964444480108e-10
2629.0,1.0940976371620544e-11
2630.0,1.2396150486018278e-08
2631.0,6.159963096514508e-08
2632.0,3.2069053742040225e-09
2633.0,2.561747831329963e-08
2634.0,1.4843102108993268e-07
2635.0,4.043934469709155e-07
2636.0,1.7522699078076358e-07
2637.0,1.8140919522378894e-06
2638.0,1.3293655253227636e-07
2639.0,4.884341430779079e-07
2640.0,4.04714846930321e-08
2641.0,1.6514509384357788e-07
2642.0,6.677700799173956e-06
2643.0,1.2017852917862562e-09
2644.0,3.861631446188734e-09
2645.0,2.7751996844937187e-08
2646.0,3.078785585526476e-08
2647.0,2.7033780726331063e-09
2648.0,3.9936129861773085e-10
2649.0,1.6361635652114223e-09
2650.0,7.564286688305479e-06
2651.0,3.3478315714032736e-09
2652.0,7.953541269689147e-07
2653.0,1.102930869724631e-08
2654.0,2.8967732081285433e-08
2655.0,1.7012184230335154e-08
2656.0,1.0397597152574216e-06
2657.0,1.6311216661203483e-07
2658.0,8.667490729004057e-08
2659.0,1.9340213095417148e-08
2660.0,2.965682893487697e-07
2661.0,1.0613580295291228e-07
2662.0,6.905665509297163e-06
2663.0,3.770465803769082e-09
2664.0,2.9856365208445694e-09
2665.0,2.877572910576588e-09
2666.0,2.0815983887027233e-07
2667.0,5.730276561423079e-07
2668.0,2.642502157491602e-06
2669.0,1.335502265335631e-09
2670.0,4.3803410176297807e-07
2671.0,2.7164416753855603e-07
2672.0,1.4677988836495035e-07
2673.0,1.1379248638198045e-06
2674.0,4.6082253661932253e-08
2675.0,1.1098589720969047e-08
2676.0,1.8712877248643906e-07
2677.0,2.675023361130803e-07
2678.0,7.731136510317196e-09
2679.0,6.788218326650499e-07
2680.0,3.921327650228687e-07
2681.0,4.518796216157318e-06
2682.0,1.2207114663943657e-08
2683.0,1.15233265399372e-11
2684.0,1.2547517013998282e-07
2685.0,4.487401798955471e-07
2686.0,4.999833285195039e-07
2687.0,3.9006990795164167e-08
2688.0,2.1316865488565774e-07
2689.0,4.665723783148477e-07
2690.0,1.698967269777939e-07
2691.0,4.114893927292039e-08
2692.0,7.899080333387589e-07
2693.0,4.817467427753882e-10
2694.0,1.1604003373562851e-08
2695.0,7.46916384497403e-09
2696.0,1.5315500866636943e-09
2697.0,4.15633070306587e-06
2698.0,1.4276042454837444e-09
2699.0,1.721339308245427e-06
2700.0,7.595187593947283e-06
2701.0,3.148037499557676e-09
2702.0,1.4912233077283586e-09
2703.0,4.873020750598687e-07
2704.0,5.377256314556271e-10
2705.0,6.498233273032181e-07
2706.0,1.9680043844653377e-06
2707.0,6.465396593033724e-08
2708.0,7.882508284722325e-09
2709.0,5.78942247750411e-10
2710.0,3.6735293984172224e-06
2711.0,1.8108333924459934e-08
2712.0,5.022324739325125e-07
2713.0,3.5262054204703584e-07
2714.0,5.61184689614111e-08
2715.0,1.9935189318727256e-07
2716.0,1.0916738706929177e-07
2717.0,2.1331899537161593e-08
2718.0,1.520526921825882e-07
2719.0,5.826219517794967e-08
2720.0,9.967455000289361e-09
2721.0,1.0000892566733203e-08
2722.0,1.676429715415936e-06
2723.0,5.603589385625848e-07
2724.0,4.21743240015914e-09
2725.0,3.866954704487351e-07
2726.0,4.571105439955064e-07
2727.0,4.099057742216653e-07
2728.0,1.768012071064335e-08
2729.0,4.657164104304517e-08
2730.0,3.3592548681550633e-07
2731.0,1.6505784223107624e-09
2732.0,1.6207256719060286e-10
2733.0,1.9356152664684235e-07
2734.0,1.5055925507604305e-08
2735.0,1.7784099577215443e-08
2736.0,1.5043465137537855e-07
2737.0,8.090164453006286e-06
2738.0,7.466978727218757e-09
2739.0,6.044232383555768e-08
2740.0,9.765302108292018e-08
2741.0,2.7151721602753754e-09
2742.0,1.6582312966019276e-07
2743.0,4.526457377283678e-09
2744.0,1.667965193282188e-08
2745.0,9.872156638844278e-07
2746.0,3.9688249885176873e-08
2747.0,8.862896480273574e-07
2748.0,3.9244701547137603e-07
2749.0,1.6574746061346528e-09
2750.0,9.812243431267777e-06
2751.0,6.302668664793225e-08
2752.0,2.0185562975395648e-07
2753.0,1.6704235360204858e-08
2754.0,4.414707139156998e-09
2755.0,3.1963246212471228e-06
2756.0,7.099984444289195e-08
2757.0,2.6611582259873e-08
2758.0,8.850375097770552e-08
2759.0,3.804589528369112e-05
2760.0,1.0930468174045803e-06
2761.0,4.9699020674109e-08
2762.0,4.8279400346456745e-08
2763.0,2.4415384858360823e-11
2764.0,2.9870426379795967e-09
2765.0,6.892023148608398e-08
2766.0,2.3636666618281692e-09
2767.0,1.427128636697996e-06
2768.0,8.82304670774245e-06
2769.0,2.1503862325700976e-07
2770.0,1.8435029048857747e-07
2771.0,2.7645603772489158e-08
2772.0,1.5166917385797997e-06
2773.0,6.682419026001565e-08
2774.0,1.4790084004245863e-08
2775.0,3.349896038286289e-08
2776.0,1.6609042429140477e-07
2777.0,2.0802165129564818e-07
2778.0,5.197604532298385e-09
2779.0,8.641496175270119e-09
2780.0,1.0821835669597975e-06
2781.0,7.776976173857715e-07
2782.0,1.733469762114627e-07
2783.0,8.62634032780439e-07
2784.0,2.0585501262146235e-09
2785.0,1.2669172916608596e-07
2786.0,8.596385783765576e-07
2787.0,2.2679250348622685e-10
2788.0,5.3608446451170805e-08
2789.0,8.147508630247653e-06
2790.0,3.389093045462276e-10
2791.0,1.4984316628433318e-07
2792.0,4.0175899218446224e-07
2793.0,1.9324979078010936e-08
2794.0,7.072986007640463e-08
2795.0,9.734428746689506e-09
2796.0,1.0563095045667178e-07
2797.0,5.095261312172006e-09
2798.0,1.250414336173324e-09
2799.0,3.5827148378695925e-08
2800.0,1.5267148202099321e-06
2801.0,1.509665001444758e-08
2802.0,5.4608637390830924e-08
2803.0,9.436504951177452e-08
2804.0,2.837612718767155e-08
2805.0,5.989939742889414e-07
2806.0,2.7025629376221586e-09
2807.0,6.090371057882275e-08
2808.0,3.010179621339178e-10
2809.0,5.328862069567644e-07
2810.0,1.5423166965484826e-08
2811.0,8.2139775771278e-10
2812.0,1.6141870637228632e-09
2813.0,2.882507568280063e-08
2814.0,3.236403650017218e-09
2815.0,1.4994085519371204e-08
2816.0,8.126865070834999e-08
2817.0,1.2196847086876279e-06
2818.0,1.636701745765972e-10
2819.0,4.460986922695074e-09
2820.0,7.217848423722552e-07
2821.0,2.7310891109618896e-10
2822.0,3.7722613814779816e-07
2823.0,8.747276780256323e-06
2824.0,6.333691987310149e-09
2825.0,8.780600339737155e-07
2826.0,8.253551457092866e-08
2827.0,3.033352000063043e-10
2828.0,1.0110806889462069e-07
2829.0,7.88973498267705e-09
2830.0,9.846113777195058e-10
2831.0,7.974267198154621e-09
2832.0,1.6728237463762666e-07
2833.0,8.601650676272276e-07
2834.0,5.392172543177636e-07
2835.0,6.596529760318033e-09
2836.0,8.767087890674216e-06
2837.0,3.9289635808192795e-06
2838.0,5.158349333986088e-09
2839.0,6.180319250782112e-10
2840.0,7.1832565254959825e-09
2841.0,3.54437081170058e-08
2842.0,4.72840340817617e-07
2843.0,1.6784087285220344e-06
2844.0,1.213444537863185e-07
2845.0,1.0665876134163895e-06
2846.0,1.6611887249981564e-06
2847.0,3.435227363367e-05
2848.0,4.059044168826227e-06
2849.0,3.0816914075690223e-09
2850.0,6.053792607299918e-07
2851.0,3.489719726646617e-08
2852.0,3.3379647591998997e-09
2853.0,1.810286242630668e-07
2854.0,7.558190640800591e-09
2855.0,2.881614741772058e-08
2856.0,4.232617254077938e-08
2857.0,2.1516409678885458e-07
2858.0,3.6709698844381078e-09
2859.0,1.1103911273735657e-08
2860.0,5.627401023887342e-08
2861.0,9.481214150443704e-06
2862.0,1.5032449385021083e-07
2863.0,1.6171675998869274e-06
2864.0,2.1736198411987955e-08
2865.0,0.00012436198833072696
2866.0,4.8497970438031414e-08
2867.0,1.23855080447874e-08
2868.0,7.557058426199881e-07
2869.0,1.8867352803506332e-08
2870.0,7.4721163968844275e-06
2871.0,3.385010021480072e-09
2872.0,1.6785016855949661e-07
2873.0,3.1051938264557916e-08
2874.0,1.382097006461326e-07
2875.0,2.060512007088918e-08
2876.0,6.159003488757264e-07
2877.0,8.17920934525803e-09
2878.0,3.2905861759477403e-06
2879.0,3.6073008201720997e-07
2880.0,4.077872889365507e-09
2881.0,3.931482145943639e-07
2882.0,9.927210316457517e-08
2883.0,1.6613647244169893e-07
2884.0,4.05881913940633e-07
2885.0,8.559527229091086e-07
2886.0,5.839562942474021e-10
2887.0,3.0437948710622875e-07
2888.0,2.8670347157923106e-09
2889.0,2.1052188258257383e-06
2890.0,1.141883794069055e-08
2891.0,2.4241158884510923e-07
2892.0,7.196377148336573e-09
2893.0,4.5362377286956184e-10
2894.0,1.052388758257901e-09
2895.0,4.6742891385094756e-06
2896.0,5.583105374530587e-09
2897.0,3.1717730801054916e-06
2898.0,3.5354984962730206e-08
2899.0,7.281282938515657e-08
2900.0,8.118212500874825e-07
2901.0,2.7092263204396993e-09
2902.0,8.674097034021035e-08
2903.0,3.530724646531634e-08
2904.0,7.653246101609952e-08
2905.0,3.946544178374196e-06
2906.0,1.238745842294999e-08
2907.0,1.5807551824298706e-08
2908.0,4.143764290514056e-08
2909.0,2.0989496221433348e-08
2910.0,4.4042832632618513e-07
2911.0,8.795403042943693e-10
2912.0,3.5795342170463217e-07
2913.0,2.509341600474739e-07
2914.0,2.442115101328975e-10
2915.0,1.0296754299410677e-08
2916.0,2.9149825471162173e-08
2917.0,2.398569694660547e-08
2918.0,2.3538394704872055e-05
2919.0,3.5232181393957994e-10
2920.0,1.575726324425542e-06
2921.0,5.164150444334669e-08
2922.0,1.713910601865969e-09
2923.0,2.944976960059007e-07
2924.0,4.929899396643786e-07
2925.0,5.6027145062141135e-08
2926.0,4.475007978416778e-07
2927.0,6.387432129745634e-08
2928.0,9.62179235161059e-07
2929.0,9.466991291002284e-06
2930.0,3.8119074606695866e-06
2931.0,2.134363743248361e-06
2932.0,1.5284836540127653e-07
2933.0,9.470643590833683e-11
2934.0,2.1037645722997772e-09
2935.0,2.955839868003599e-08
2936.0,2.7682087192938857e-06
2937.0,6.400566839823558e-08
2938.0,2.2321041233731838e-05
2939.0,3.2519543830380423e-09
2940.0,6.482269900240852e-08
2941.0,2.5165274355389298e-08
2942.0,7.031013047939943e-08
2943.0,8.690188625585431e-07
2944.0,4.974052679267555e-10
2945.0,0.00015301681669488892
2946.0,2.637613823953792e-06
2947.0,1.8684725123602646e-07
2948.0,1.5794338886326745e-07
2949.0,6.504715482688441e-07
2950.0,2.613254721791539e-06
2951.0,2.5831367686346595e-07
2952.0,2.1792401077814848e-10
2953.0,2.89191294847169e-08
2954.0,1.5288290505696506e-07
2955.0,1.8703805033591974e-08
2956.0,9.448729900231236e-09
2957.0,2.204330964032137e-07
2958.0,7.550104788199264e-09
2959.0,1.1475223678522181e-05
2960.0,5.593622222077015e-09
2961.0,2.514887246319809e-07
2962.0,1.2548221078134587e-07
2963.0,8.447312083991612e-07
2964.0,5.665638013115949e-08
2965.0,1.4775140084784192e-07
2966.0,1.8861779752364975e-07
2967.0,3.4318305722446575e-08
2968.0,3.508053995323775e-07
2969.0,2.712171682077824e-05
2970.0,3.7059630923098634e-06
2971.0,2.9878432597679424e-06
2972.0,4.924527591258786e-06
2973.0,5.123363321022915e-05
2974.0,0.00017206513416488667
2975.0,1.0524303172191087e-08
2976.0,3.907647389375034e-06
2977.0,6.216886000482288e-05
2978.0,9.712198005634386e-07
2979.0,3.4076816989913275e-07
2980.0,2.0048567495637e-05
2981.0,3.8872657195802874e-05
2982.0,0.0005171224843437832
2983.0,3.3164109153312822e-06
2984.0,4.495689448441884e-05
2985.0,1.0787099234778686e-05
2986.0,1.6953400639303907e-05
2987.0,2.6688937763563546e-10
2988.0,2.4837371996226467e-07
2989.0,4.2493190615238436e-07
2990.0,1.5487263191199688e-07
2991.0,1.6192591125657841e-06
2992.0,8.046712439962889e-08
2993.0,3.855380201022402e-08
2994.0,0.00014328155040616686
2995.0,7.386176383582981e-05
2996.0,1.3086010365706325e-07
2997.0,2.50128198228025e-06
2998.0,1.8827953471724196e-08
2999.0,6.53532519580252e-07
3000.0,2.8625608231484504e-09
3001.0,5.8195443540907734e-08
3002.0,1.2758556455114408e-07
3003.0,6.609248417680089e-07
3004.0,1.4082148261036268e-06
3005.0,4.5098984143146386e-07
3006.0,3.2358566604055435e-07
3007.0,7.297056060617163e-08
3008.0,3.573948807515137e-07
3009.0,7.463303122751258e-09
3010.0,1.6764887142609557e-09
3011.0,2.0349451312823433e-08
3012.0,2.187274031187731e-07
3013.0,3.548237361136525e-06
3014.0,1.5861414920113607e-05
3015.0,1.0399122727518872e-08
3016.0,1.3362928579151562e-07
3017.0,5.543051104946853e-07
3018.0,8.337316015091545e-08
3019.0,1.060644492613656e-07
3020.0,7.900240150214328e-09
3021.0,2.3749666305772125e-08
3022.0,4.089332842336435e-08
3023.0,1.078446075234727e-08
3024.0,9.707794332593964e-09
3025.0,4.859308051771575e-07
3026.0,7.419474400222688e-09
3027.0,1.4472348604400366e-07
3028.0,4.4692038099535576e-08
3029.0,4.941611795225777e-08
3030.0,1.5263601321036185e-06
3031.0,1.3649192584311878e-07
3032.0,2.2123055633737782e-08
3033.0,2.3856138844024517e-06
3034.0,2.6085033733735444e-06
3035.0,1.6002187433179905e-08
3036.0,1.54911665257175e-07
3037.0,1.015445623019866e-06
3038.0,3.2895064882904745e-08
3039.0,5.287241345651129e-08
3040.0,1.7839856110973444e-06
3041.0,6.148253817837609e-08
3042.0,1.365278482071679e-07
3043.0,3.9293420869974486e-10
3044.0,9.14403193158676e-08
3045.0,5.019638249369482e-09
3046.0,8.047140762955119e-08
3047.0,1.6114576120655037e-07
3048.0,5.446123601691543e-07
3049.0,1.4728028439934228e-06
3050.0,1.0968564444453746e-06
3051.0,7.924667574128378e-11
3052.0,7.205832975997835e-09
3053.0,9.81177920600141e-08
3054.0,3.1003433773812742e-09
3055.0,1.274310194203493e-09
3056.0,2.1145615500732164e-07
3057.0,1.5094221923672274e-08
3058.0,8.803348311476777e-07
3059.0,1.2398270461946708e-07
3060.0,2.744199269469266e-07
3061.0,5.597376254394088e-06
3062.0,1.172207890515671e-08
3063.0,6.278447380069951e-07
3064.0,1.1048474947408631e-07
3065.0,2.9269515307263482e-09
3066.0,6.544418159393459e-08
3067.0,5.6007073447481666e-05
3068.0,1.7563526054708566e-08
3069.0,2.0184689331512078e-08
3070.0,2.0756887899276936e-07
3071.0,2.0310868453401232e-08
3072.0,7.420687038683166e-07
3073.0,2.4736762473147535e-07
3074.0,4.1572676064881845e-06
3075.0,1.6647046241198553e-06
3076.0,6.43999574808423e-08
3077.0,4.4698936905591605e-08
3078.0,3.3980528470704884e-08
3079.0,0.00011769721750868368
3080.0,7.323129827304556e-08
3081.0,1.3426395202928156e-08
3082.0,2.4961788743769358e-08
3083.0,2.032859498767483e-07
3084.0,2.434841634070106e-07
3085.0,2.781079074598027e-07
3086.0,6.078802256892503e-09
3087.0,2.9150672475991867e-08
3088.0,5.848813262571759e-06
3089.0,7.650176183083492e-09
3090.0,1.543408839001028e-07
3091.0,1.9635939006485918e-08
3092.0,1.8423734778757583e-06
3093.0,4.236174165179013e-08
3094.0,2.7548005179081116e-10
3095.0,3.017578045026562e-09
3096.0,2.037732115544913e-09
3097.0,1.6851616780937002e-08
3098.0,6.669294472436055e-11
3099.0,5.799502753845128e-08
3100.0,8.37868455249611e-07
3101.0,1.2526299358933548e-08
3102.0,6.000218296004195e-09
3103.0,3.908421940809808e-08
3104.0,3.399519078294397e-08
3105.0,1.4937504635509868e-09
3106.0,2.4213829473118364e-07
3107.0,1.1623704455273791e-06
3108.0,1.6067296673966176e-08
3109.0,1.5842458508753628e-08
3110.0,1.3207359986567956e-08
3111.0,2.0685862941202239e-07
3112.0,7.286268020158632e-08
3113.0,1.131446026854094e-08
3114.0,1.2407362113658436e-07
3115.0,2.6652619045522584e-09
3116.0,4.763291792656992e-08
3117.0,2.979287885881123e-07
3118.0,1.6437677142770785e-05
3119.0,1.5278607555104806e-06
3120.0,6.400412754829054e-10
3121.0,2.5824831960578447e-09
3122.0,5.823821883784915e-10
3123.0,8.823549705442957e-08
3124.0,3.71376205513598e-08
3125.0,7.871112275274328e-07
3126.0,3.2415647434917015e-07
3127.0,1.3291380967205047e-08
3128.0,3.6381899227644067e-07
3129.0,1.577001272310512e-05
3130.0,1.7884747138453166e-08
3131.0,2.451497606946472e-07
3132.0,0.0002329658779846579
3133.0,6.648875779097792e-08
3134.0,2.3018623437160723e-08
3135.0,8.852484080515387e-08
3136.0,2.8041149899791063e-07
3137.0,9.44196999430988e-09
3138.0,2.17294248978053e-09
3139.0,6.476198950095408e-09
3140.0,3.049111919930563e-08
3141.0,1.6308863770831196e-09
3142.0,3.5968859945709547e-07
3143.0,2.059476624213059e-09
3144.0,1.3446062872184445e-05
3145.0,5.682238528498566e-07
3146.0,1.7706682088578313e-07
3147.0,5.2855494451715515e-08
3148.0,1.3887462877247174e-07
3149.0,6.395350683581285e-07
3150.0,1.2751663067322383e-08
3151.0,4.487672449802693e-07
3152.0,4.734213719501708e-10
3153.0,0.0003697082356496532
3154.0,3.1540572766984714e-06
3155.0,7.847883354212301e-05
3156.0,1.1041645622263493e-07
3157.0,1.6107524527479572e-06
3158.0,4.368247830573998e-08
3159.0,1.4142296975112695e-10
3160.0,2.3768194453247414e-06
3161.0,1.637249509603875e-08
3162.0,1.2141077051436829e-06
3163.0,5.443625511683638e-06
3164.0,8.670144273898587e-08
3165.0,1.3600423517736577e-08
3166.0,3.1576648136040195e-07
3167.0,4.32309745156088e-09
3168.0,2.770929597102991e-07
3169.0,5.302748007572342e-06
3170.0,2.0701321997161114e-07
3171.0,3.214175545394994e-06
3172.0,2.591061401128219e-07
3173.0,6.023924006670449e-08
3174.0,4.835693641769908e-09
3175.0,1.7464966834802382e-09
3176.0,5.4780018294929074e-08
3177.0,3.784230291890315e-08
3178.0,1.497245251773313e-07
3179.0,9.972869997209849e-08
3180.0,9.01005562574491e-06
3181.0,5.616804501211095e-09
3182.0,1.9810780351047167e-08
3183.0,9.702037561472205e-08
3184.0,2.5737085293913717e-08
3185.0,1.6488024427239604e-09
3186.0,5.0721567697517147e-05
3187.0,1.0202824176016667e-07
3188.0,3.074260040368002e-09
3189.0,2.143848402699137e-08
3190.0,3.118336370107765e-08
3191.0,2.699568874235319e-09
3192.0,1.9580673411849346e-08
3193.0,1.7784578304697714e-08
3194.0,6.051702638517735e-09
3195.0,1.6453605938496428e-08
3196.0,1.0967542423784994e-10
3197.0,3.293390918594635e-07
3198.0,1.721952769712096e-08
3199.0,4.1599731406048127e-10
3200.0,7.2800288391415e-09
3201.0,2.972353574102356e-07
3202.0,2.3820405424846878e-05
3203.0,9.630331929036646e-08
3204.0,2.735230594875097e-10
3205.0,1.0357866277991584e-08
3206.0,7.2806291456602134e-06
3207.0,7.16142397106454e-08
3208.0,1.407466130613612e-08
3209.0,1.7608679537182177e-07
3210.0,7.857778267779195e-09
3211.0,1.3976221492124878e-08
3212.0,9.318422161808903e-10
3213.0,9.750283041767599e-09
3214.0,2.176671473317022e-06
3215.0,7.64266485087888e-07
3216.0,6.445493720413479e-06
3217.0,2.052460513121553e-08
3218.0,3.5303690360360857e-06
3219.0,2.488103650178517e-07
3220.0,5.35899145444279e-07
3221.0,1.7692869430163938e-08
3222.0,9.93759809633887e-09
3223.0,1.555966242807017e-07
3224.0,2.8786359819291387e-10
3225.0,2.6054684045893005e-08
3226.0,4.023554254185486e-07
3227.0,3.833820907890151e-06
3228.0,5.306254888770669e-07
3229.0,5.068155335923013e-07
3230.0,1.2860925929068202e-08
3231.0,1.8067991680025513e-08
3232.0,2.241779445792987e-06
3233.0,2.3173612349477873e-09
3234.0,3.2210416688457777e-07
3235.0,1.1181660046532583e-08
3236.0,5.726296676309722e-09
3237.0,5.747193996517731e-10
3238.0,6.022297777207267e-08
3239.0,2.4727812413041634e-07
3240.0,5.645926748829261e-08
3241.0,9.01949503700267e-08
3242.0,1.5685606264403921e-09
3243.0,2.947980467998652e-06
3244.0,2.298709914763341e-07
3245.0,1.1885124557601373e-07
3246.0,9.001676676112978e-10
3247.0,1.0535992878774777e-06
3248.0,1.4544446128872962e-08
3249.0,5.099076713766769e-06
3250.0,4.612960804367417e-10
3251.0,1.5104239072768754e-09
3252.0,9.237315016367322e-07
3253.0,6.17879040398811e-08
3254.0,3.6190829603963657e-09
3255.0,1.3474370867407285e-08
3256.0,6.273958015037555e-09
3257.0,5.391257142239859e-10
3258.0,2.2858181907106208e-08
3259.0,9.895807975934561e-09
3260.0,4.322635399471786e-09
3261.0,6.218386217078133e-07
3262.0,7.399882424657232e-08
3263.0,1.3007209445633918e-10
3264.0,4.523719996386903e-07
3265.0,8.855347516915257e-09
3266.0,1.3348462839964039e-08
3267.0,5.083495773923186e-08
3268.0,1.3254111836334325e-07
3269.0,2.6812189413407307e-08
3270.0,3.615969568212871e-07
3271.0,1.818682804156997e-10
3272.0,8.287064947173401e-08
3273.0,2.4878892133773605e-05
3274.0,1.1185408078238926e-08
3275.0,4.702483801292152e-08
3276.0,1.3326326063429607e-05
3277.0,7.906475198751533e-08
3278.0,1.1414667635859917e-07
3279.0,4.067886791779637e-08
3280.0,6.08559148512454e-09
3281.0,3.854634741615664e-07
3282.0,6.262333946292242e-08
3283.0,5.8549741299174956e-05
3284.0,4.141115954947593e-08
3285.0,4.094383482840796e-07
3286.0,1.6904795786018175e-08
3287.0,1.5107757042556626e-09
3288.0,1.9704712121649506e-08
3289.0,1.769011434417886e-09
3290.0,5.868033176960218e-06
3291.0,1.6254382557743336e-09
3292.0,2.0045565640840893e-07
3293.0,4.888242024664186e-09
3294.0,5.212846020787379e-09
3295.0,4.586375339576767e-09
3296.0,6.16843549612906e-07
3297.0,3.7227873808403337e-07
3298.0,3.187574508225454e-08
3299.0,3.876529940115692e-08
3300.0,6.868944794713381e-08
3301.0,1.3657453374323783e-08
3302.0,4.1040429993684655e-08
3303.0,2.1301537807364597e-07
3304.0,8.390905073499146e-08
3305.0,1.103628111886599e-07
3306.0,6.987887004025504e-09
3307.0,3.1897819574565567e-09
3308.0,1.7328116340093792e-06
3309.0,1.0209262419059567e-10
3310.0,2.2220255471384365e-08
3311.0,8.333300605190214e-10
3312.0,7.146748889752631e-08
3313.0,2.4367529338569877e-06
3314.0,8.272878617101699e-08
3315.0,2.314188195234528e-08
3316.0,7.186684647795877e-09
3317.0,4.4351450822388734e-09
3318.0,8.115496292578841e-09
3319.0,6.440545710664843e-08
3320.0,2.2910551896654354e-07
3321.0,5.197113343542893e-08
3322.0,2.7358144869561894e-09
3323.0,1.1648560573749516e-07
3324.0,5.977165177730953e-07
3325.0,3.1390647532663166e-06
3326.0,5.345492650821152e-08
3327.0,1.16743924160527e-06
3328.0,3.6281083655517566e-06
3329.0,2.194634673621406e-07
3330.0,2.4555288325378267e-07
3331.0,2.419159302127303e-09
3332.0,2.131427165578699e-09
3333.0,6.048571411286193e-06
3334.0,1.1788564155449074e-07
3335.0,1.4617382847283405e-07
3336.0,2.6888876053937242e-08
3337.0,0.0004223378637036389
3338.0,1.022537605199549e-07
3339.0,1.756591296819841e-07
3340.0,8.220648715814299e-07
3341.0,1.034662074679239e-07
3342.0,8.28172972973941e-07
3343.0,4.176559909966197e-09
3344.0,2.5130492623820124e-07
3345.0,9.45305101234569e-09
3346.0,8.345584384854118e-08
3347.0,1.343745710850597e-07
3348.0,6.366950033531684e-08
3349.0,5.302666521713592e-09
3350.0,3.1286870928037637e-07
3351.0,2.897488517920428e-08
3352.0,2.1714616068610307e-08
3353.0,1.3380737619805465e-05
3354.0,1.1917539271628593e-07
3355.0,4.613827349994183e-06
3356.0,2.8992969736649576e-06
3357.0,7.297713043545197e-07
3358.0,5.955687825581667e-06
3359.0,2.5305574610725657e-09
3360.0,5.564569133208279e-08
3361.0,7.313017191463608e-09
3362.0,1.0973655098180242e-06
3363.0,1.8131576705453157e-08
3364.0,1.0929282567560656e-06
3365.0,2.400487979706592e-08
3366.0,7.961258646858003e-07
3367.0,1.0775379471820688e-06
3368.0,1.2047250124433305e-07
3369.0,9.024050850658823e-10
3370.0,1.2362881230787757e-09
3371.0,5.232435621690569e-09
3372.0,3.8068674837393266e-08
3373.0,2.8279382513349124e-07
3374.0,2.4183666482788203e-07
3375.0,2.062878196902736e-07
3376.0,9.356405019566482e-08
3377.0,5.617125227812766e-09
3378.0,9.998053744621763e-07
3379.0,1.1664373670799592e-06
3380.0,8.236852730923414e-07
3381.0,6.559494068470087e-07
3382.0,3.7981588590333455e-09
3383.0,7.324830242751668e-08
3384.0,2.0027602213490315e-09
3385.0,4.60928148916056e-07
3386.0,5.388330583868538e-08
3387.0,1.0383594360792117e-07
3388.0,2.508217590495516e-08
3389.0,3.6960972084654355e-07
3390.0,6.7921784890963305e-09
3391.0,4.380539349874247e-07
3392.0,9.832647172162204e-07
3393.0,7.847453872781454e-08
3394.0,1.4104453287756178e-05
3395.0,4.352849886389141e-06
3396.0,5.213764618437058e-09
3397.0,1.7480103526456902e-07
3398.0,2.0714630244951068e-08
3399.0,7.618745573117395e-09
3400.0,3.158541202556045e-09
3401.0,6.188708009882674e-09
3402.0,1.4245106353792457e-06
3403.0,1.8856974781635484e-09
3404.0,0.00040340343585499607
3405.0,8.32912648381411e-10
3406.0,7.003701909975892e-09
3407.0,1.3490252425042783e-06
3408.0,3.55748030823213e-07
3409.0,1.944757878598777e-11
3410.0,3.3364533491457323e-06
3411.0,9.848988958977044e-07
3412.0,4.721593377034086e-07
3413.0,2.18360128842979e-10
3414.0,4.657722870735418e-07
3415.0,8.700955609101203e-07
3416.0,1.4600016429852096e-07
3417.0,5.859703569848492e-09
3418.0,4.087326276570219e-10
3419.0,1.0616461389494429e-05
3420.0,6.8870505785146985e-06
3421.0,5.956605132203864e-06
3422.0,7.412349669312249e-08
3423.0,4.2085220245530314e-07
3424.0,1.9417283880952212e-07
3425.0,7.306820742098727e-08
3426.0,5.837621559487152e-07
3427.0,7.329211609078548e-07
3428.0,4.143198425907963e-08
3429.0,2.8206954439662474e-08
3430.0,1.7923232907305782e-06
3431.0,1.1347276219940061e-06
3432.0,8.377947988354764e-08
3433.0,1.0578114708632818e-08
3434.0,2.1713125385283664e-08
3435.0,1.9330987919252625e-09
3436.0,2.2846792236978604e-07
3437.0,3.568498944178788e-07
3438.0,4.684151717899421e-07
3439.0,5.2721908457548674e-08
3440.0,3.4474236963932258e-09
3441.0,8.664498769656435e-08
3442.0,5.544439562917085e-07
3443.0,4.7588332449732685e-09
3444.0,4.104840927656821e-05
3445.0,6.448869295160659e-08
3446.0,3.130471880403673e-08
3447.0,6.523498792323559e-08
3448.0,6.904456154611941e-08
3449.0,6.935414911207371e-08
3450.0,1.5782250795225116e-06
3451.0,3.266027973158904e-09
3452.0,1.8815863027413e-07
3453.0,2.4190631931856583e-09
3454.0,2.6875210467583274e-07
3455.0,1.3655672824331568e-06
3456.0,7.867880485017002e-08
3457.0,3.676168197328686e-09
3458.0,3.557174780838899e-07
3459.0,9.007538959327014e-09
3460.0,3.4954724562112215e-06
3461.0,4.365663794993459e-07
3462.0,2.4978848118803277e-11
3463.0,2.0366603512384344e-08
3464.0,4.102092725952072e-08
3465.0,4.133846284686693e-08
3466.0,2.6161463006987447e-09
3467.0,1.6638647635187037e-08
3468.0,1.2533800013451808e-07
3469.0,1.240371505675603e-07
3470.0,6.599209305005674e-06
3471.0,3.627601115364986e-09
3472.0,4.747821426474311e-06
3473.0,3.6314593076715783e-06
3474.0,1.6921964661023404e-05
3475.0,3.087171249062916e-08
3476.0,2.238442314195319e-06
3477.0,4.097731023427635e-09
3478.0,9.606073102168759e-10
3479.0,2.6356541158349225e-09
3480.0,1.2232270860593763e-05
3481.0,6.129279346361192e-07
3482.0,4.05025110107656e-08
3483.0,6.035510911838691e-07
3484.0,6.031919071103065e-07
3485.0,8.233913589841648e-12
3486.0,4.3096914481968094e-09
3487.0,3.537196685737583e-08
3488.0,1.3248060912400448e-07
3489.0,4.161886622032131e-09
3490.0,7.540806570394663e-06
3491.0,7.278005353538983e-09
3492.0,4.290594075919432e-07
3493.0,4.91395918007541e-08
3494.0,1.5971182979525786e-07
3495.0,1.1964746974724423e-07
3496.0,4.9825484623113e-07
3497.0,1.371974240833746e-07
3498.0,4.5211268602590957e-07
3499.0,1.3174418558316273e-10
3500.0,3.8603039843058696e-08
3501.0,1.7744260533988317e-08
3502.0,5.309401965039046e-09
3503.0,2.8763610848649847e-08
3504.0,1.9182616188028574e-06
3505.0,9.903118015347983e-09
3506.0,3.735279404306586e-09
3507.0,6.228980271774461e-09
3508.0,1.2866657477581305e-07
3509.0,1.498861194135595e-05
3510.0,1.4675975033066032e-10
3511.0,3.6054084244563115e-08
3512.0,7.449949750840201e-09
3513.0,4.2930555294713925e-09
3514.0,9.95714758922634e-10
3515.0,1.6858346517674806e-08
3516.0,1.4744659369524087e-05
3517.0,2.0963011447442145e-07
3518.0,1.5024848429752455e-07
3519.0,1.4497735547701167e-06
3520.0,3.4711491284206586e-07
3521.0,1.7755002210801698e-06
3522.0,8.810132404142949e-09
3523.0,1.6449832232710213e-08
3524.0,9.149000494041676e-08
3525.0,8.593554055806945e-09
3526.0,2.814225457716864e-07
3527.0,7.482231477315067e-10
3528.0,1.9525444400742876e-10
3529.0,2.7731346430011013e-07
3530.0,1.6740530540956574e-09
3531.0,3.043158860344681e-08
3532.0,9.979481763496924e-08
3533.0,4.395752085972033e-06
3534.0,8.513152250392757e-06
3535.0,0.0007982679670461352
3536.0,7.83277003905433e-09
3537.0,4.562427292899983e-08
3538.0,2.9831874807503705e-08
3539.0,9.67403104498586e-08
3540.0,1.3958555633086183e-06
3541.0,4.173273361174066e-10
3542.0,3.099429692807845e-07
3543.0,2.2548122056202006e-06
3544.0,2.251782154940449e-06
3545.0,5.441854598337835e-07
3546.0,3.930826300596932e-09
3547.0,2.1649652605753525e-08
3548.0,6.235713575129547e-09
3549.0,1.9283641305369965e-07
3550.0,1.856494616175785e-06
3551.0,1.3259349834257304e-06
3552.0,6.0226318350347e-10
3553.0,2.3797771682769214e-09
3554.0,4.190636219301513e-09
3555.0,1.26327886491236e-07
3556.0,1.0290055920658192e-07
3557.0,1.8990031833093906e-06
3558.0,3.413046205995195e-10
3559.0,4.2306073035230266e-08
3560.0,7.499584787137183e-06
3561.0,2.4496739159147566e-07
3562.0,9.180094159128191e-08
3563.0,2.823245331515479e-09
3564.0,1.1622471542019653e-09
3565.0,8.065694698117373e-09
3566.0,1.6878497662595573e-08
3567.0,4.151360235771817e-09
3568.0,8.273321330064467e-07
3569.0,1.2122310593795438e-08
3570.0,3.78443749356737e-09
3571.0,1.2774016789464448e-08
3572.0,1.8415973927653465e-10
3573.0,1.1475017475387998e-07
3574.0,1.8144106139673125e-05
3575.0,9.326219197003184e-08
3576.0,2.500900238705832e-07
3577.0,5.8243086328438324e-08
3578.0,8.566802144460167e-09
3579.0,1.0439046441895795e-06
3580.0,4.440341923764684e-07
3581.0,4.91667061642163e-06
3582.0,1.1308751527140966e-08
3583.0,4.879690055305142e-06
3584.0,1.3387901414284852e-05
3585.0,2.384122193155861e-09
3586.0,2.0502126638678756e-10
3587.0,2.7603652718336435e-05
3588.0,2.2371338672004136e-07
3589.0,9.179100210779404e-09
3590.0,8.164815973715575e-10
3591.0,1.127075871526193e-09
3592.0,3.73753598222541e-07
3593.0,1.3002802133639599e-06
3594.0,1.3835556172046442e-08
3595.0,1.2836116209964744e-06
3596.0,8.775201141031327e-09
3597.0,1.4732754093756354e-05
3598.0,4.152782853678862e-09
3599.0,3.5778742111827544e-06
3600.0,5.2855017620422935e-08
3601.0,5.354937667153904e-09
3602.0,4.4991792070629426e-07
3603.0,5.357262717455016e-08
3604.0,1.588473535079153e-08
3605.0,1.1561055068125454e-09
3606.0,1.0984241897987501e-08
3607.0,7.393207082993143e-10
3608.0,3.7949273877153375e-09
3609.0,1.6095255924479696e-07
3610.0,2.7743080928143318e-08
3611.0,1.6740582982133472e-06
3612.0,2.2518543982131203e-09
3613.0,1.1798369686357589e-07
3614.0,9.610441413931796e-09
3615.0,4.647359344431885e-09
3616.0,8.258625432935383e-10
3617.0,1.4434546323230358e-07
3618.0,8.714514504184106e-06
3619.0,4.254408844823486e-09
3620.0,1.9166242710846714e-08
3621.0,1.6403377149402786e-09
3622.0,7.635100003860777e-09
3623.0,5.179214354579419e-09
3624.0,3.296860290415916e-08
3625.0,3.513552068787558e-08
3626.0,2.3140549657166042e-07
3627.0,1.4690372943698684e-08
3628.0,7.214494577610739e-10
3629.0,3.89329053940794e-08
3630.0,1.7612575611752472e-07
3631.0,3.7351419260977446e-05
3632.0,7.000134266255669e-07
3633.0,9.145938804922837e-07
3634.0,0.010178086926501054
3635.0,1.3422848775800536e-07
3636.0,6.340758430101965e-08
3637.0,7.691406062336438e-06
3638.0,1.3602165963171563e-10
3639.0,3.496416199529727e-07
3640.0,2.550796052399844e-06
3641.0,7.015747335760111e-09
3642.0,1.4210080974206352e-06
3643.0,5.649162273734999e-07
3644.0,1.4326559162953345e-07
3645.0,1.4805972513078003e-06
3646.0,4.2612312155683855e-09
3647.0,7.895517929563411e-08
3648.0,3.010872305634539e-08
3649.0,1.9928160426723665e-06
3650.0,3.692911305622409e-12
3651.0,2.496373354176578e-07
3652.0,1.591730834473283e-06
3653.0,9.029834329914484e-10
3654.0,1.493552671996161e-07
3655.0,2.3427124676758892e-07
3656.0,8.195232116634008e-07
3657.0,8.668676068766645e-09
3658.0,1.3187947718273478e-07
3659.0,1.3189992001865382e-07
3660.0,8.45021907382839e-07
3661.0,7.06127281127561e-08
3662.0,3.299928057234445e-05
3663.0,2.667818455607788e-08
3664.0,1.3044307768897704e-07
3665.0,1.9527145396282008e-07
3666.0,2.569330841983318e-06
3667.0,1.441657641534148e-06
3668.0,4.7672064652009244e-05
3669.0,6.138537192283723e-06
3670.0,9.894861215787264e-09
3671.0,6.425125986412726e-10
3672.0,7.5007185752663726e-06
3673.0,9.250547333045526e-08
3674.0,5.107217380213027e-07
3675.0,5.6981216188202696e-08
3676.0,2.4842125351776884e-08
3677.0,2.2761471847095975e-10
3678.0,1.9481277616951718e-09
3679.0,7.795323834326884e-09
3680.0,2.368965881894746e-07
3681.0,1.907312879658251e-08
3682.0,0.00010995610534893157
3683.0,1.4139440066814858e-06
3684.0,1.884521960181307e-07
3685.0,8.308146041629507e-08
3686.0,3.289637223547863e-09
3687.0,9.155765848434642e-08
3688.0,1.4462580891400107e-07
3689.0,5.2151006707269795e-08
3690.0,2.2055644623439983e-07
3691.0,5.273219673633327e-08
3692.0,1.6342691635966876e-08
3693.0,1.5926374280540406e-08
3694.0,7.344794274121619e-05
3695.0,2.0646779652836e-09
3696.0,6.959616328997955e-09
3697.0,3.008941475976729e-07
3698.0,4.08532127603493e-08
3699.0,1.8268387756061496e-08
3700.0,1.1533256994292293e-07
3701.0,6.556425883462714e-08
3702.0,5.501445059173482e-10
3703.0,2.304128199585338e-06
3704.0,1.834447024660114e-09
3705.0,6.522498021881195e-07
3706.0,1.5124498328059838e-10
3707.0,3.29523347791945e-09
3708.0,1.813002513286808e-09
3709.0,7.202236041409338e-09
3710.0,5.723123928770253e-07
3711.0,3.4884669989282804e-07
3712.0,3.874222186689493e-08
3713.0,1.1503399521537891e-07
3714.0,7.283002582269583e-08
3715.0,1.642208727389024e-10
3716.0,6.226215860118608e-09
3717.0,1.1518075406133625e-09
3718.0,8.835676596343106e-11
3719.0,9.9126557443071e-09
3720.0,5.573374027910139e-08
3721.0,4.508833039408791e-06
3722.0,2.676498495609219e-07
3723.0,9.565976129478963e-07
3724.0,1.2502814518965336e-06
3725.0,3.157429341315267e-07
3726.0,6.991672637255603e-07
3727.0,2.212870172225862e-07
3728.0,7.36035139033838e-08
3729.0,7.493190480472741e-09
3730.0,1.9857387302031363e-08
3731.0,2.489757992333865e-07
3732.0,6.551278763846352e-07
3733.0,1.8850166987994586e-07
3734.0,6.015134347749696e-06
3735.0,1.7756940254811294e-05
3736.0,3.279642257697961e-10
3737.0,2.5377262340093853e-08
3738.0,6.668742320122017e-08
3739.0,1.4765943989269505e-08
3740.0,8.266283423952407e-12
3741.0,7.674282797987402e-09
3742.0,1.2937641240590447e-08
3743.0,4.443763114415436e-10
3744.0,2.81464318453823e-07
3745.0,1.6958998127791582e-08
3746.0,3.800893069897601e-05
3747.0,9.125359462707926e-08
3748.0,1.085112072345108e-06
3749.0,2.5985641688751666e-08
3750.0,4.281073865052943e-09
3751.0,2.049104790953151e-08
3752.0,1.280705343075743e-05
3753.0,4.3639509536504704e-08
3754.0,5.679126860167725e-07
3755.0,4.245265256088136e-06
3756.0,1.8442260015465105e-08
3757.0,5.52013947835586e-10
3758.0,7.430376232153506e-07
3759.0,1.3373941657015398e-06
3760.0,7.588249976249759e-10
3761.0,3.451344331948772e-07
3762.0,3.546159751796929e-07
3763.0,3.5650498330171866e-08
3764.0,6.387279712157957e-10
3765.0,4.6103366127794866e-05
3766.0,0.00011889522798919666
3767.0,1.482866189319206e-08
3768.0,3.2135530228814755e-07
3769.0,2.1303463391755237e-06
3770.0,6.125704714414041e-06
3771.0,6.999571720262417e-09
3772.0,3.140662011232194e-06
3773.0,2.6291101587245403e-06
3774.0,2.6011818707763962e-08
3775.0,5.866643666283022e-08
3776.0,8.518735505007432e-09
3777.0,3.1621895168367804e-09
3778.0,6.062446419712157e-07
3779.0,4.4200054912106805e-08
3780.0,3.8844349324588347e-07
3781.0,1.4077603359180711e-08
3782.0,2.2939462441394616e-06
3783.0,7.068528497966908e-07
3784.0,7.566233444119346e-08
3785.0,6.441058598152821e-09
3786.0,4.070824193462432e-08
3787.0,8.381889658152319e-09
3788.0,0.00039830833083559443
3789.0,2.7403934910970806e-08
3790.0,1.6164422154266907e-09
3791.0,3.410516982223489e-08
3792.0,1.6522252028453039e-07
3793.0,6.517480851650166e-09
3794.0,6.1162912268450385e-09
3795.0,1.3711771554314937e-09
3796.0,1.4891211251447877e-07
3797.0,1.0962175613498903e-06
3798.0,3.187369307579681e-07
3799.0,2.6341391469183493e-09
3800.0,7.503596532351712e-10
3801.0,4.696024888138727e-08
3802.0,2.1873889830136396e-08
3803.0,1.0317268736629022e-08
3804.0,5.238382767245489e-06
3805.0,1.9027612692764635e-06
3806.0,1.3813242342518672e-07
3807.0,2.3700740204244157e-07
3808.0,7.240641411429451e-07
3809.0,1.1750164518739744e-06
3810.0,1.2324453144245535e-07
3811.0,2.561828591246693e-07
3812.0,7.389698652449116e-10
3813.0,1.8470912431804417e-06
3814.0,6.064931570462889e-09
3815.0,8.170724281253258e-07
3816.0,1.2870214865263003e-06
3817.0,6.654217225061811e-07
3818.0,1.7206508344175515e-06
3819.0,4.2149031115205755e-10
3820.0,4.859157403989211e-07
3821.0,2.5220327063780918e-08
3822.0,1.8926661528212416e-09
3823.0,1.8622776492550435e-08
3824.0,1.4688086736772684e-05
3825.0,4.32363318977753e-08
3826.0,1.8164768354258126e-06
3827.0,5.0195692061508935e-08
3828.0,4.891706088815745e-07
3829.0,3.1284908085316086e-08
3830.0,8.746221356773387e-11
3831.0,6.29659352722181e-07
3832.0,2.187021424416443e-07
3833.0,3.895191689163264e-09
3834.0,1.5261292957124877e-08
3835.0,1.6287262554589558e-08
3836.0,1.9921248423383456e-08
3837.0,6.089567784311597e-10
3838.0,9.075204452219509e-10
3839.0,5.794656161863167e-07
3840.0,3.3612554385913173e-10
3841.0,3.372172743143853e-08
3842.0,1.1427681261188977e-06
3843.0,7.19800555794094e-09
3844.0,1.1412877432942569e-08
3845.0,5.4102852729221236e-08
3846.0,4.0649802966665935e-06
3847.0,1.1366762966355162e-08
3848.0,3.2274181436445685e-10
3849.0,1.3389942321395681e-05
3850.0,2.9286164934412258e-08
3851.0,5.972298941788178e-07
3852.0,2.052631673574521e-07
3853.0,2.3622787289633676e-06
3854.0,3.939629154828036e-09
3855.0,1.6462751435461056e-06
3856.0,5.07305418605823e-07
3857.0,2.9424110065709386e-09
3858.0,1.0705973312416447e-07
3859.0,5.480034239084538e-09
3860.0,1.7101444655238026e-06
3861.0,8.560956885603396e-07
3862.0,1.3534427279410503e-06
3863.0,4.282829632306934e-09
3864.0,2.8886407478311104e-07
3865.0,1.0239194741941256e-07
3866.0,5.318587079654566e-07
3867.0,1.8267731771595515e-07
3868.0,1.8486587595214805e-07
3869.0,3.464817675116608e-07
3870.0,1.0736653696387893e-08
3871.0,3.3283813309032744e-10
3872.0,5.432010042297962e-07
3873.0,8.074947279814018e-08
3874.0,4.486494139196217e-09
3875.0,6.225593721463203e-05
3876.0,1.8899447668648305e-09
3877.0,1.0125682410902507e-08
3878.0,3.71846932947706e-07
3879.0,3.85682519251044e-12
3880.0,5.086172762039421e-08
3881.0,4.0788890237166565e-08
3882.0,5.174661852471768e-09
3883.0,7.203378331014923e-08
3884.0,1.6682485818976132e-07
3885.0,2.0441373000176479e-07
3886.0,3.1460154295630476e-07
3887.0,9.372471087792259e-08
3888.0,5.254307732053995e-09
3889.0,9.732526240771681e-08
3890.0,3.052452624422335e-07
3891.0,1.7279508444597197e-07
3892.0,1.9908106048629095e-07
3893.0,1.0366615235759949e-08
3894.0,3.917502975343139e-08
3895.0,5.9428570095187476e-09
3896.0,1.6395138420879614e-08
3897.0,2.485039977426917e-07
3898.0,3.896456517775438e-08
3899.0,2.860655804408313e-08
3900.0,5.960484122454266e-10
3901.0,9.441567869605467e-11
3902.0,1.9959210337121725e-08
3903.0,2.1219327247012262e-08
3904.0,5.409973297251784e-08
3905.0,1.592456629057145e-06
3906.0,7.408913182080694e-06
3907.0,3.1337805951127585e-09
3908.0,1.1551677106396923e-09
3909.0,2.1074414052363984e-08
3910.0,5.929435118544054e-10
3911.0,3.688457341635446e-07
3912.0,2.1794817680425797e-08
3913.0,7.0513153974540375e-09
3914.0,1.4229238859760817e-09
3915.0,1.0306674257126317e-09
3916.0,7.620380325259e-09
3917.0,2.312222928432129e-08
3918.0,3.379899223185434e-06
3919.0,2.278805722754381e-07
3920.0,8.744574597776338e-07
3921.0,1.1742017716128247e-07
3922.0,6.381355415994359e-07
3923.0,8.284209403888361e-08
3924.0,1.689294099293393e-05
3925.0,4.5266988560778824e-06
3926.0,4.990815271890796e-08
3927.0,6.320779699991736e-08
3928.0,8.115850850903742e-09
3929.0,2.718135720260656e-08
3930.0,2.733627446137054e-07
3931.0,9.026326427473595e-09
3932.0,2.6299470701468324e-07
3933.0,3.540165338937135e-08
3934.0,1.506459423238257e-09
3935.0,2.073328324039102e-07
3936.0,6.507614199547101e-08
3937.0,2.3911322092535042e-08
3938.0,2.1252778859144733e-07
3939.0,5.493959582471909e-07
3940.0,4.349705725743478e-09
3941.0,2.1565328148912358e-10
3942.0,1.9792811312925343e-09
3943.0,2.212274427249279e-06
3944.0,3.5039106466500334e-07
3945.0,3.168535782228208e-07
3946.0,6.925187383388671e-10
3947.0,1.1177582961948575e-07
3948.0,5.713386397770577e-09
3949.0,1.545995107837791e-07
3950.0,9.525037392650451e-10
3951.0,4.941282374022009e-07
3952.0,4.4310226754884596e-09
3953.0,5.351697056718285e-07
3954.0,6.719253945092849e-08
3955.0,7.046535193206309e-07
3956.0,9.211969918411729e-08
3957.0,7.625611733975793e-07
3958.0,1.8018612649158312e-07
3959.0,3.279109305443975e-10
3960.0,1.2154323211335859e-06
3961.0,4.123022204805932e-08
3962.0,1.0204785695487963e-05
3963.0,5.3414121327983055e-08
3964.0,1.4549209676681462e-08
3965.0,2.0140723601593798e-08
3966.0,8.372270620838846e-08
3967.0,0.00011553334133702137
3968.0,3.392254758542374e-08
3969.0,2.4933135988108545e-09
3970.0,4.8796690238130845e-12
3971.0,5.195779298680847e-08
3972.0,1.0998764061987847e-07
3973.0,3.590381045177777e-07
3974.0,2.597572913876233e-07
3975.0,2.453180192009698e-06
3976.0,2.3942415104909398e-06
3977.0,9.593577208729323e-07
3978.0,1.544285471301814e-08
3979.0,3.116856671670875e-08
3980.0,1.6240216848999525e-07
3981.0,2.646583296486365e-07
3982.0,1.7185208747737503e-08
3983.0,9.739826728142773e-09
3984.0,2.0659849056773607e-07
3985.0,2.0413149017311327e-05
3986.0,6.310233396699683e-06
3987.0,1.1068774645012938e-08
3988.0,1.6214303817550738e-06
3989.0,3.031621453350342e-06
3990.0,6.067648698922283e-08
3991.0,5.159581699438549e-08
3992.0,7.383534837976835e-09
3993.0,1.061407755243669e-07
3994.0,4.89987066472114e-10
3995.0,2.502650639833085e-09
3996.0,1.1177777914998054e-07
3997.0,3.997513183794277e-08
3998.0,4.0685463636266526e-07
3999.0,3.5183550302237215e-07
4000.0,7.95695894275963e-07
4001.0,9.032509627014263e-09
4002.0,1.6708718723463004e-09
4003.0,8.480283201372349e-08
4004.0,2.965485508272861e-07
4005.0,3.06985615081576e-05
4006.0,2.119662447680206e-05
4007.0,1.1311700096549018e-08
4008.0,4.063292623367786e-10
4009.0,2.5913118391047227e-09
4010.0,7.307000712814473e-07
4011.0,2.8454133341191445e-09
4012.0,2.4528029410243116e-07
4013.0,2.182440840529075e-07
4014.0,3.165347483007888e-08
4015.0,1.5807527316126419e-09
4016.0,4.4130199122974526e-08
4017.0,2.2600919271763786e-10
4018.0,5.302360568485866e-09
4019.0,8.863601744324864e-10
4020.0,3.1714034356185493e-06
4021.0,1.5315184404607228e-08
4022.0,2.0539406623672093e-08
4023.0,1.285779416319875e-07
4024.0,0.0001188002930999887
4025.0,2.8458499791755793e-05
4026.0,1.0558913648578895e-05
4027.0,0.0001349513606103786
4028.0,2.8004185802227375e-05
4029.0,8.28868446140233e-05
4030.0,1.2311971308813597e-07
4031.0,1.1803612524251764e-10
4032.0,2.049463531150064e-10
4033.0,8.388146690751394e-08
4034.0,2.6723712223506254e-05
4035.0,1.7409147584468798e-05
4036.0,2.8108301712749393e-07
4037.0,4.146031640207974e-08
4038.0,0.00031390157899749627
4039.0,6.433987129583887e-08
4040.0,1.902336880610218e-06
4041.0,9.059627447550532e-05
4042.0,5.414603732441023e-06
4043.0,1.4231562443842258e-05
4044.0,6.054771301789673e-06
4045.0,8.57589785219065e-05
4046.0,0.00010285923296404696
4047.0,0.0009841312489373398
4048.0,8.056349697413297e-05
4049.0,0.0039688049930146855
4050.0,0.00014774130064262354
4051.0,0.00020066810738536553
4052.0,4.144960563418038e-05
4053.0,1.441324400699494e-06
4054.0,0.00026129327654965883
4055.0,3.504964514769675e-05
4056.0,0.0038229320993804247
4057.0,2.5066388658876983e-06
4058.0,1.0581925705110235e-05
4059.0,3.39118365907535e-06
4060.0,8.811574080399279e-11
4061.0,6.736808669211479e-09
4062.0,9.264010277825469e-10
4063.0,0.00022618275087608723
4064.0,3.7738127794313015e-09
4065.0,8.854998675273706e-08
4066.0,1.0393633878644854e-05
4067.0,2.7092592202318013e-09
4068.0,1.6376102871977877e-10
4069.0,7.950449818423642e-11
4070.0,4.301582096463209e-09
4071.0,6.714342770482468e-07
4072.0,0.0011344154809251941
4073.0,1.020789705346295e-06
4074.0,1.2061828143038174e-10
4075.0,6.7283638559242155e-09
4076.0,0.0007637040626401634
4077.0,2.5098831518505966e-05
4078.0,1.9535283269825008e-05
4079.0,2.3720873746212774e-07
4080.0,1.8224482667116332e-09
4081.0,0.057445135786539564
4082.0,0.00023508352900710356
4083.0,0.023959758882142274
4084.0,9.066862216530534e-07
4085.0,5.276199601039946e-07
4086.0,1.2141682337540461e-06
4087.0,9.697933252964334e-05
4088.0,4.2823891889369615e-08
4089.0,0.0006940836366395878
4090.0,2.913321206974236e-07
4091.0,1.577462552581772e-08
4092.0,2.1521076478278502e-07
4093.0,2.180133434789766e-06
4094.0,2.340851102990486e-07
4095.0,1.7345689291913502e-06
4096.0,3.782477094720598e-08
4097.0,1.299072743447307e-07
4098.0,5.59490038721453e-09
4099.0,1.1935823730320995e-05
4100.0,9.104685850990512e-10
4101.0,6.720819138245382e-06
4102.0,2.6480601149672443e-09
4103.0,2.154418035990549e-07
4104.0,5.401033534335646e-10
4105.0,3.828856736467622e-08
4106.0,2.0024162916350214e-05
4107.0,3.618454483619859e-07
4108.0,4.425586356638267e-07
4109.0,1.9418506771444732e-07
4110.0,0.00037750478434014353
4111.0,1.831022001954671e-07
4112.0,2.3665830735745817e-05
4113.0,7.926395487701873e-07
4114.0,6.282396044067591e-10
4115.0,4.201408808278351e-08
4116.0,1.956057888260577e-09
4117.0,3.08177474063602e-05
4118.0,3.771208971279743e-09
4119.0,9.35639129701974e-09
4120.0,0.0010862861881413075
4121.0,3.948315393981273e-07
4122.0,0.00334003559660929
4123.0,3.098671416303492e-06
4124.0,6.0575764153664074e-05
4125.0,9.449326920599951e-06
4126.0,1.4143190963103132e-08
4127.0,1.2149244899194222e-10
4128.0,2.8346718252674696e-06
4129.0,0.0010075847656644487
4130.0,1.5462438058827157e-08
4131.0,2.824054187981614e-08
4132.0,0.02561921650252258
4133.0,0.0004452227623746104
4134.0,0.00847203126231629
4135.0,2.1793922631167192e-05
4136.0,0.007610474162507009
4137.0,1.967152741268047e-05
4138.0,3.2256643564636374e-05
4139.0,1.3820941929176357e-05
4140.0,0.00025883076415479043
4141.0,5.399788806836649e-07
4142.0,1.364068894590221e-06
4143.0,0.00014617219631899646
4144.0,0.00012646967031397366
4145.0,0.011386986507190484
4146.0,0.00582579233950293
4147.0,0.00016421478922426166
4148.0,0.0001199862780368777
4149.0,6.44601296166175e-05
4150.0,5.116369259123685e-05
4151.0,3.4383809491447865e-06
4152.0,0.0006174901996340278
4153.0,0.00012335578184916642
4154.0,0.0030197624749720856
4155.0,1.0592190954736726e-05
4156.0,0.0008602760817679481
4157.0,2.3651013887967645e-06
4158.0,8.490962699868604e-06
4159.0,9.284659659002338e-07
4160.0,2.0224740779888293e-07
4161.0,0.0005176447953010953
4162.0,0.0016001313990268665
4163.0,0.0008017964963805732
4164.0,0.0026417548734541866
4165.0,0.00011096450784167566
4166.0,0.013448368606390558
4167.0,0.002725685719251348
4168.0,1.669125725059884e-06
4169.0,1.5098517127815197e-06
4170.0,0.006929458866380489
4171.0,0.02534455814383054
4172.0,0.0001980848474992399
4173.0,0.008000370956120105
4174.0,0.00023993775331307844
4175.0,1.104551807349261e-06
4176.0,4.790681611370544e-05
4177.0,0.017136567344289914
4178.0,0.00019654674408675637
4179.0,0.0004702474347452363
4180.0,7.973393581378402e-06
4181.0,4.9840794248801755e-05
4182.0,0.01088627492258571
4183.0,1.1244860703498312e-08
4184.0,4.903828736090527e-07
4185.0,0.0004283058226865578
4186.0,7.347072351851e-05
4187.0,0.00215084904336664
4188.0,4.687130030966555e-07
4189.0,0.0012908306480419558
4190.0,0.00018504326570523586
4191.0,0.0022767587816374915
4192.0,3.5666400949230917e-06
4193.0,0.0011049277716617986
4194.0,4.5672004511402054e-05
4195.0,7.275179972601038e-09
4196.0,1.616334384467716e-06
4197.0,6.885063157532325e-07
4198.0,6.7182424518019075e-06
4199.0,3.438052702382354e-05
4200.0,5.440917509967469e-05
4201.0,0.001660103056396231
4202.0,2.1695774117915672e-05
4203.0,2.5212944097113288e-08
4204.0,3.630323676736424e-06
4205.0,2.322785397487177e-05
4206.0,1.689699451758014e-05
4207.0,1.759144058908808e-05
4208.0,1.71270509296983e-06
4209.0,3.2887642466490164e-06
4210.0,1.605867384901674e-05
4211.0,1.5882350291123884e-06
4212.0,2.6474519944466246e-06
4213.0,5.370767170798144e-05
4214.0,2.399918693640699e-05
4215.0,1.0014357406139465e-07
4216.0,1.7427491825713396e-06
4217.0,3.85380908735699e-06
4218.0,4.904985734436117e-06
4219.0,5.9484750475485895e-08
4220.0,8.030868873985023e-07
4221.0,0.003054001661585574
4222.0,5.67673086001074e-06
4223.0,3.590060797491193e-08
4224.0,5.191207012525935e-08
4225.0,9.856213573505267e-10
4226.0,5.4769904192932846e-08
4227.0,8.921583574388617e-08
4228.0,1.8989997132471956e-05
4229.0,7.804921260339279e-06
4230.0,2.0171247735930826e-07
4231.0,1.2786414002423231e-08
4232.0,5.2123923146535785e-05
4233.0,3.2075428641165266e-09
4234.0,6.150605934444731e-10
4235.0,3.057458060373866e-07
4236.0,4.6899697327552666e-09
4237.0,3.3722630112181513e-06
4238.0,0.038044836119708686
4239.0,7.271153321336786e-08
4240.0,1.119648566080563e-05
4241.0,9.853629021666152e-07
4242.0,4.1394589528891e-06
4243.0,2.5583419561365867e-08
4244.0,1.7010151094356603e-06
4245.0,1.0563926705351249e-08
4246.0,3.403300766201883e-08
4247.0,1.4426377094882054e-07
4248.0,2.8404176378573623e-05
4249.0,3.037128223891655e-08
4250.0,6.26504803651042e-07
4251.0,1.2535961520791048e-05
4252.0,2.1414805079336167e-07
4253.0,9.855169831978282e-07
4254.0,2.302780233818838e-08
4255.0,9.112840200662219e-10
4256.0,2.00595526467961e-09
4257.0,5.4627936224187655e-08
4258.0,0.0001284822956342082
4259.0,7.220909809180761e-07
4260.0,2.7106385279579544e-08
4261.0,3.870314856632898e-09
4262.0,3.467641947562621e-08
4263.0,2.633697672655543e-07
4264.0,4.498244880090493e-08
4265.0,8.74044518987809e-09
4266.0,1.1255873969876154e-07
4267.0,1.2170558474111586e-09
4268.0,1.1616775206459293e-07
4269.0,1.598210051890271e-08
4270.0,4.3846768896572476e-09
4271.0,3.4628027972189767e-09
4272.0,3.4652918151447165e-10
4273.0,1.8221153155689758e-10
4274.0,3.4989360866684785e-09
4275.0,1.926394107096646e-09
4276.0,2.9611520827249166e-09
4277.0,3.118943452011149e-08
4278.0,7.98535231697887e-08
4279.0,2.644350247443706e-08
4280.0,3.791635910578866e-10
4281.0,7.240982784643308e-08
4282.0,3.7443895170519476e-10
4283.0,1.2352533758345317e-08
4284.0,4.348359157073168e-09
4285.0,1.0212985889332843e-08
4286.0,3.895290695650226e-09
4287.0,3.622140309805804e-07
4288.0,3.5905353313893807e-08
4289.0,6.134648667733984e-09
4290.0,5.817078501688751e-09
4291.0,1.5831179476419e-10
4292.0,6.912535286868976e-09
4293.0,7.705922390792866e-09
4294.0,4.278336842685997e-09
4295.0,5.483247086088856e-10
4296.0,9.984323074532294e-11
4297.0,9.704140193544946e-11
4298.0,2.5919833048890305e-09
4299.0,2.1533310015328035e-08
4300.0,2.3940880415503427e-08
4301.0,3.733419474074376e-09
4302.0,9.612256156500937e-12
4303.0,4.190944450023706e-10
4304.0,1.2644586629678286e-08
4305.0,4.713653072861288e-09
4306.0,1.4079362655954923e-08
4307.0,8.063980440061534e-08
4308.0,1.2864631690000261e-08
4309.0,3.5618078042735435e-10
4310.0,3.9744922365122576e-08
4311.0,3.5847823133241245e-08
4312.0,2.090848408410202e-07
4313.0,7.576321399578155e-09
4314.0,7.437243979115227e-09
4315.0,2.0021656045080685e-10
4316.0,4.761161493252883e-09
4317.0,1.1639840587671628e-08
4318.0,4.996047949748335e-10
4319.0,1.8792119640867236e-10
4320.0,3.915655299965513e-09
4321.0,4.632306308739631e-11
4322.0,3.934122278666624e-09
4323.0,4.4723555775505133e-10
4324.0,2.3950707622356233e-11
4325.0,9.008408243325684e-09
4326.0,1.0011452184830799e-07
4327.0,1.3832441639933907e-08
4328.0,7.006687497744576e-10
4329.0,7.655642736861174e-09
4330.0,5.835839006844632e-08
4331.0,1.882908892540165e-07
4332.0,6.132390360951753e-08
4333.0,1.998955208029502e-09
4334.0,3.9982701287288306e-08
4335.0,2.0747009126504652e-08
4336.0,9.667575591053729e-08
4337.0,4.939982377694306e-09
4338.0,1.3076181209721022e-08
4339.0,1.8847643726223784e-08
4340.0,7.976415613669205e-11
4341.0,2.1689393683596165e-09
4342.0,4.709732320691136e-10
4343.0,3.153279312725078e-09
4344.0,1.8508002834808922e-08
4345.0,1.807488959071752e-08
4346.0,6.084766183690964e-08
4347.0,2.9403100018931978e-09
4348.0,9.958883429529899e-09
4349.0,7.774184565401646e-08
4350.0,7.2528643305904405e-09
4351.0,3.824140913125103e-10
4352.0,7.371914034673677e-09
4353.0,9.146927607557064e-08
4354.0,1.5262079429092887e-09
4355.0,3.534174197518621e-07
4356.0,1.1340470894522864e-11
4357.0,1.1721526288519978e-07
4358.0,4.452102159746703e-09
4359.0,1.2062551920975806e-08
4360.0,3.7308355828040485e-09
4361.0,3.8550759669783996e-08
4362.0,6.033535959187519e-11
4363.0,6.343876829291466e-08
4364.0,4.158998029029873e-09
4365.0,5.145054584703137e-09
4366.0,9.258137508067681e-09
4367.0,6.548694089276914e-10
4368.0,3.1741733275850948e-09
4369.0,2.3056341415475243e-08
4370.0,5.220281637183624e-07
4371.0,2.4288366646697067e-07
4372.0,2.3566715815210675e-05
4373.0,7.543167029780404e-08
4374.0,1.0192947712186557e-06
4375.0,1.4724337822954538e-07
4376.0,2.999569275175091e-07
4377.0,4.1532559310140085e-10
4378.0,3.189763552630269e-07
4379.0,1.1761300911405073e-09
4380.0,8.238326364815178e-09
4381.0,3.907505444258078e-08
4382.0,3.39594364017992e-10
4383.0,3.49392891505153e-09
4384.0,5.837274838777229e-09
4385.0,8.1553667668195e-09
4386.0,1.3641002424186292e-10
4387.0,2.7905224334553645e-08
4388.0,4.048145458656943e-09
4389.0,1.0693769965006845e-09
4390.0,3.6142516932387874e-07
4391.0,2.8601810454634643e-09
4392.0,1.6712581187143562e-09
4393.0,8.708541924555898e-08
4394.0,9.039172475899127e-10
4395.0,3.36344600028706e-08
4396.0,1.678041240505438e-09
4397.0,1.192438276583658e-08
4398.0,1.1253053589860295e-09
4399.0,2.2820786547343386e-10
4400.0,1.3398161649868025e-09
4401.0,6.455598365820761e-09
4402.0,6.636305209911096e-09
4403.0,2.3308982211391235e-09
4404.0,1.3171122029183013e-06
4405.0,4.9645390888350276e-09
4406.0,2.5829588283469652e-08
4407.0,8.699912176465532e-09
4408.0,4.63734001137852e-10
4409.0,2.8484012478734524e-09
4410.0,2.9209623331725475e-09
4411.0,2.15715261303063e-08
4412.0,1.0328234265954381e-08
4413.0,7.647011719600913e-08
4414.0,2.416552516274281e-07
4415.0,3.3295500199687293e-09
4416.0,4.3215610628022136e-09
4417.0,6.815336273916524e-08
4418.0,1.212354809004944e-06
4419.0,2.9746226818736155e-09
4420.0,1.0230300868352568e-07
4421.0,2.8681207022952253e-07
4422.0,3.003182321000583e-11
4423.0,4.3283023512993333e-10
4424.0,1.627623859607076e-08
4425.0,0.00017942918292059468
4426.0,4.495435165073978e-05
4427.0,6.519409478770766e-06
4428.0,2.2639697650893046e-07
4429.0,3.183849038921221e-06
4430.0,4.7717111042067245e-08
4431.0,3.548061866006903e-08
4432.0,1.228587176971263e-07
4433.0,1.7907994624174956e-07
4434.0,1.4754091110207508e-08
4435.0,1.984282105294555e-07
4436.0,4.785776269585398e-08
4437.0,3.1296893227451366e-07
4438.0,3.54911459349894e-07
4439.0,8.94956923434244e-06
4440.0,1.4486553280139146e-06
4441.0,9.635251311541005e-07
4442.0,1.2712994033980312e-06
4443.0,1.2791412976978543e-06
4444.0,9.60278290143611e-09
4445.0,4.4408284367856114e-07
4446.0,5.954511246811662e-10
4447.0,4.804032726231853e-07
4448.0,4.754053128558128e-09
4449.0,2.8890372769846715e-08
4450.0,2.659519542747153e-07
4451.0,3.0260026740687875e-09
4452.0,6.000489087271736e-07
4453.0,8.962957681876902e-09
4454.0,7.914843503566963e-09
4455.0,3.689202496207432e-06
4456.0,4.515033282727828e-12
4457.0,1.3077478034365676e-05
4458.0,5.571992869586579e-07
4459.0,1.5579427399197978e-06
4460.0,2.307524537342292e-13
4461.0,5.235086675597055e-13
4462.0,1.989715134480862e-10
4463.0,5.970766773042599e-07
4464.0,2.2766294460508035e-05
4465.0,3.360451916682323e-08
4466.0,8.14945373583524e-05
4467.0,3.418783442293463e-05
4468.0,2.2077977493828423e-07
4469.0,3.8479044152704476e-07
4470.0,4.072718166818114e-07
4471.0,4.547945400857863e-09
4472.0,2.298304687865032e-08
4473.0,2.389692078990627e-08
4474.0,4.633438826810954e-05
4475.0,1.8774746986545813e-06
4476.0,3.157134614217349e-06
4477.0,5.1999846760253555e-08
4478.0,5.644482252136502e-07
4479.0,1.358576816544109e-06
4480.0,2.7496238587300884e-07
4481.0,3.905980723606499e-06
4482.0,4.638348319372323e-06
4483.0,2.331838718905327e-08
4484.0,4.074402473741616e-08
4485.0,2.3707715838018714e-06
4486.0,1.0391409049311055e-08
4487.0,6.59920155664781e-08
4488.0,9.68512740262923e-08
4489.0,5.430335802202083e-06
4490.0,5.156639127061624e-08
4491.0,7.517252167761322e-07
4492.0,2.1963862737706654e-09
4493.0,3.306903289591316e-08
4494.0,9.3547177856055e-09
4495.0,8.533661066671286e-08
4496.0,6.307247672087367e-08
4497.0,1.093127567607445e-10
4498.0,1.270253647452494e-09
4499.0,6.519261318974235e-08
4500.0,1.4833794188685699e-08
4501.0,3.0217004102425786e-06
4502.0,6.531785364412822e-07
4503.0,4.459997532982658e-05
4504.0,5.463351676715965e-08
4505.0,6.279272914441263e-07
4506.0,7.387014121790563e-07
4507.0,1.1507131256076777e-06
4508.0,6.720167026279957e-07
4509.0,1.1791224766141014e-07
4510.0,0.0001447689104187943
4511.0,0.0014155590320531336
4512.0,0.0007243352485372371
4513.0,0.0001638768328164469
4514.0,5.364128180602441e-05
4515.0,0.0009303373683618173
4516.0,4.114809919353668e-06
4517.0,9.261655856280005e-07
4518.0,2.174666034528732e-09
4519.0,1.4120162502402635e-06
4520.0,4.497339114737623e-09
4521.0,4.851407504652734e-06
4522.0,3.816484073176838e-09
4523.0,0.0003432881490943288
4524.0,4.809669551355824e-05
4525.0,7.75023425812148e-06
4526.0,4.898792706777069e-07
4527.0,0.0002481669762304257
4528.0,0.00016008349928259708
4529.0,1.0745984751004654e-06
4530.0,5.7178577343740495e-08
4531.0,1.803876900346809e-06
4532.0,6.916660267138323e-06
4533.0,1.9207028034079202e-07
4534.0,3.9964895501824787e-07
4535.0,2.3143940397249394e-06
4536.0,1.182214622888775e-06
4537.0,1.9544696579804294e-07
4538.0,7.587368418704093e-06
4539.0,1.3299337791387338e-06
4540.0,3.2329391056733724e-07
4541.0,3.98151454562146e-08
4542.0,2.0106159427584286e-07
4543.0,0.006358203793602242
4544.0,2.6647071837503384e-05
4545.0,2.2146061622717017e-07
4546.0,4.671269281681123e-07
4547.0,0.0001131873977316482
4548.0,0.0018072708471161389
4549.0,5.388176217663697e-05
4550.0,0.00011032046602192682
4551.0,1.9455147589189975e-06
4552.0,0.0001995741525204977
4553.0,0.001538755279232756
4554.0,8.576132282832556e-08
4555.0,1.750050960232239e-05
4556.0,0.004353165855146832
4557.0,9.819956093441987e-06
4558.0,0.0005196046164885608
4559.0,2.0718604983040866e-07
4560.0,0.00038489444789459597
4561.0,0.0020547241215919253
4562.0,0.007065530466103593
4563.0,6.380525688326625e-05
4564.0,2.710332821599447e-05
4565.0,3.576046530207103e-05
4566.0,3.9354408147200434e-05
4567.0,0.0005871484583277975
4568.0,2.6602382575103874e-05
4569.0,6.47789295905798e-05
4570.0,0.0021825081234405877
4571.0,0.0009698586714360053
4572.0,2.7065577356923673e-05
4573.0,0.002035361692808185
4574.0,2.095481471426879e-06
4575.0,0.0001972030438731475
4576.0,0.0001354120237177213
4577.0,0.00011132320615610852
4578.0,4.9525001324072875e-05
4579.0,0.00026413220744210216
4580.0,1.2341759595558591e-05
4581.0,3.101289330103125e-07
4582.0,2.3691591193960122e-08
4583.0,5.9581249143515425e-06
4584.0,0.0004189733267275191
4585.0,2.8608003276275436e-06
4586.0,0.00039767821366956815
4587.0,0.00012955283220132482
4588.0,0.0005487609849096596
4589.0,0.00031228143521924506
4590.0,2.434403117468614e-05
4591.0,2.2690235686737716e-05
4592.0,4.1030577114739325e-07
4593.0,0.00017807538617824873
4594.0,9.342561790586852e-06
4595.0,1.4544370502362518e-06
4596.0,2.3622002603689815e-05
4597.0,5.6588624247307095e-08
4598.0,1.8415430502525992e-06
4599.0,9.468888935574222e-05
4600.0,4.436847489058255e-06
4601.0,0.0006210506294051881
4602.0,0.00013761543835424556
4603.0,2.964009829331503e-07
4604.0,2.4813340940232085e-05
4605.0,2.942152432096928e-06
4606.0,7.131204645519433e-06
4607.0,0.00021127071214025776
4608.0,0.0001062352368010219
4609.0,1.2830735514592205e-05
4610.0,9.538722897913272e-06
4611.0,0.000443686489006627
4612.0,5.818217656398057e-06
4613.0,3.0160254932990497e-07
4614.0,0.00014984073302991245
4615.0,3.850732234481516e-07
4616.0,5.027920561706756e-07
4617.0,0.0001322784692264761
4618.0,7.378639392540834e-07
4619.0,1.4840757143114624e-06
4620.0,2.030422186833304e-05
4621.0,0.0007816788815135808
4622.0,0.0024433844514968606
4623.0,3.0753303619380437e-07
4624.0,8.595685299940667e-08
4625.0,0.00011649153082224447
4626.0,0.0012486442633640891
4627.0,0.00012158200443606618
4628.0,1.9141749431888357e-07
4629.0,2.6381020606914393e-08
4630.0,0.0004361158098241073
4631.0,8.216478733406662e-06
4632.0,0.0001429638537054133
4633.0,1.7674812869479847e-08
4634.0,1.2681007993136263e-07
4635.0,3.336648256799539e-06
4636.0,2.6134105570864094e-05
4637.0,0.00014938018770448502
4638.0,5.993257331223056e-07
4639.0,1.0495699802671587e-06
4640.0,1.376899293797035e-05
4641.0,3.4982553644257255e-05
4642.0,3.5834204698309685e-07
4643.0,5.745820529633487e-07
4644.0,3.791897478035944e-06
4645.0,2.7054010525809748e-06
4646.0,8.01337274573692e-08
4647.0,1.6733605849351537e-06
4648.0,2.73005286028247e-07
4649.0,1.4159684996467004e-06
4650.0,8.169909057087477e-09
4651.0,7.345590200074147e-08
4652.0,0.0001547208680854491
4653.0,3.622744576092726e-11
4654.0,3.31953288862584e-09
4655.0,1.1120185217109105e-09
4656.0,3.1392077515483862e-12
4657.0,2.969237319250079e-11
4658.0,8.963405598131514e-10
4659.0,7.057476686146533e-09
4660.0,2.612181590182579e-08
4661.0,3.582846450233955e-11
4662.0,5.351684842238552e-08
4663.0,1.6359525509760358e-06
4664.0,1.1079566957833808e-10
4665.0,3.2860365954701414e-08
4666.0,1.48076906332451e-10
4667.0,4.700239824441517e-10
4668.0,7.705316119910694e-10
4669.0,7.125378201130049e-11
4670.0,5.271466347047869e-08
4671.0,2.018122292133718e-08
4672.0,3.0018675482198795e-14
4673.0,5.352604356715557e-11
4674.0,4.2967690946443254e-08
4675.0,4.468810364715641e-08
4676.0,4.6983674290673935e-08
4677.0,7.291954173000155e-11
4678.0,9.13224087631112e-12
4679.0,1.050646097763314e-07
4680.0,7.936251761573998e-10
4681.0,3.449169179150478e-06
4682.0,1.8213382555194904e-06
4683.0,4.725922667696094e-09
4684.0,6.98626260951537e-08
4685.0,5.952516309251202e-08
4686.0,3.334426734344251e-08
4687.0,2.01584092484822e-06
4688.0,5.411392836926984e-07
4689.0,3.6754057008642407e-07
4690.0,2.41416542636142e-08
4691.0,1.598433862784648e-07
4692.0,1.8850035184447878e-08
4693.0,6.679224911289877e-08
4694.0,1.0835022793076373e-05
4695.0,3.6373755164085997e-09
4696.0,1.2660830277208223e-08
4697.0,8.399178942370816e-08
4698.0,1.1926277756234643e-07
4699.0,8.047945485245461e-10
4700.0,5.578331521662448e-07
4701.0,1.0345887129230724e-07
4702.0,2.2421150007358464e-08
4703.0,1.0775119968417231e-07
4704.0,9.063355033571212e-08
4705.0,2.354537890613325e-08
4706.0,4.718004259031835e-08
4707.0,1.0444609378311926e-08
4708.0,2.220935881274977e-08
4709.0,1.2126524888107117e-07
4710.0,2.908869408101498e-08
4711.0,2.081858343293865e-08
4712.0,3.14543124259743e-07
4713.0,6.250383064483719e-08
4714.0,2.2091456425321135e-10
4715.0,2.8856313046499952e-08
4716.0,1.2704487806346937e-09
4717.0,1.4438562509035237e-06
4718.0,8.482589605075038e-08
4719.0,2.5669576822274477e-08
4720.0,2.2452291118497532e-08
4721.0,2.310628808832165e-08
4722.0,4.338979138047714e-09
4723.0,3.2535454989686007e-08
4724.0,1.035500184317736e-06
4725.0,4.2270832648152254e-09
4726.0,7.549404085838229e-07
4727.0,3.376423870622344e-08
4728.0,4.956746226423979e-09
4729.0,1.49711865103089e-07
4730.0,9.501945362712507e-09
4731.0,5.087355240500519e-07
4732.0,1.7136736102168027e-10
4733.0,2.27082159975761e-09
4734.0,3.007929057412787e-07
4735.0,2.4716273771749167e-08
4736.0,2.942905464409397e-07
4737.0,4.395320992571408e-11
4738.0,1.996244844934332e-10
4739.0,1.7425807260520165e-08
4740.0,4.451354436876136e-08
4741.0,1.5014932966557545e-08
4742.0,3.0254965652469784e-10
4743.0,2.0829934406540644e-10
4744.0,8.561313760944381e-08
4745.0,1.740170975756557e-06
4746.0,1.0964477966626143e-05
4747.0,1.4767721983780439e-06
4748.0,1.6295320454008125e-06
4749.0,0.0007305441508419722
4750.0,6.239494088173162e-08
4751.0,2.6770250293119707e-06
4752.0,6.799710215064075e-06
4753.0,2.329967903343925e-07
4754.0,7.785967269299831e-07
4755.0,3.491979561372196e-05
4756.0,3.9108915748109964e-05
4757.0,1.9931562458526283e-05
4758.0,4.589507553067285e-06
4759.0,1.1554994170516788e-05
4760.0,6.405388287901269e-05
4761.0,6.147162612016866e-05
4762.0,1.6179210780021254e-05
4763.0,7.143815289323369e-07
4764.0,4.784879221952983e-06
4765.0,4.2687276875998813e-07
4766.0,0.0007397690191169688
4767.0,1.3805971054481513e-07
4768.0,0.0025819115729634416
4769.0,4.0323646963365614e-08
4770.0,7.400479750563953e-09
4771.0,2.163327014545514e-06
4772.0,6.675194109271422e-06
4773.0,1.6172817174026197e-07
4774.0,1.4438119428893725e-08
4775.0,1.2052476501669042e-05
4776.0,3.0243780632332453e-06
4777.0,5.060440827777666e-06
4778.0,6.243846915411626e-08
4779.0,6.684484000665526e-05
4780.0,9.685228167452153e-05
4781.0,0.01905316148747618
4782.0,7.943676099777892e-07
4783.0,4.66713294356666e-05
4784.0,1.2964799091390553e-06
4785.0,1.1195158709288739e-07
4786.0,4.339825184172007e-06
4787.0,0.0010297482775310264
4788.0,1.1287121712739939e-05
4789.0,3.070178000809265e-08
4790.0,1.5828391771970016e-07
4791.0,9.125135365636763e-06
4792.0,2.1955043063456837e-07
4793.0,1.0826879714422711e-05
4794.0,9.658093051531901e-06
4795.0,1.897531339418046e-09
4796.0,8.190498048001106e-10
4797.0,7.389746499176405e-07
4798.0,3.953709901236634e-09
4799.0,1.9988414925319924e-08
4800.0,9.104274521445747e-10
4801.0,9.975970685391413e-07
4802.0,1.201814171846994e-10
4803.0,3.659561938393849e-07
4804.0,1.3618333345957346e-07
4805.0,1.0311478888073242e-10
4806.0,6.6290353262096154e-09
4807.0,4.232246246625425e-06
4808.0,1.6503126688212373e-06
4809.0,2.6366362111962716e-10
4810.0,3.5973313487012615e-08
4811.0,5.385619105980235e-08
4812.0,9.803006429774587e-09
4813.0,2.4912222401555435e-07
4814.0,3.2602123538430185e-07
4815.0,1.1708732158091515e-07
4816.0,1.0119473914686255e-06
4817.0,7.034946339104305e-06
4818.0,0.010634197878114643
4819.0,2.220498730964701e-05
4820.0,6.374248495052501e-06
4821.0,1.5204121180172405e-09
4822.0,5.887520422398603e-07
4823.0,1.5186435305497457e-06
4824.0,6.210747604989933e-11
4825.0,2.087365811365357e-11
4826.0,2.0453397451839773e-12
4827.0,3.9234644951518966e-14
4828.0,3.22987065408918e-10
4829.0,1.1136537229919152e-13
4830.0,1.1368250762470668e-12
4831.0,1.6963822813143835e-13
4832.0,3.6448390812073836e-14
4833.0,2.3715620112252884e-16
4834.0,7.10096012170028e-14
4835.0,1.3948204312433284e-10
4836.0,1.250437587020278e-10
4837.0,5.547748835181725e-08
4838.0,4.4956452730749195e-11
4839.0,9.890206085989694e-11
4840.0,5.075677435610059e-09
4841.0,1.459413102366997e-10
4842.0,4.702422742616746e-06
4843.0,1.62697274251377e-10
4844.0,1.19952699095283e-05
4845.0,2.5218143349089426e-08
4846.0,3.818792333189112e-05
4847.0,1.7761349439871387e-11
4848.0,6.220992699882627e-12
4849.0,1.3009082847133289e-12
4850.0,7.2039269847317874e-12
4851.0,2.518399459227016e-11
4852.0,1.0385671268068008e-08
4853.0,3.6514635560990745e-14
4854.0,2.414687342770195e-13
4855.0,2.714317641701281e-11
4856.0,4.648582166586322e-13
4857.0,9.35057667928736e-12
4858.0,1.5922659810013737e-09
4859.0,2.9157896514352414e-12
4860.0,1.675348624908461e-10
4861.0,5.122182305291026e-12
4862.0,2.9212527233889206e-12
4863.0,1.3242580483262635e-11
4864.0,1.5589980914725961e-12
4865.0,1.4959008478595075e-10
4866.0,1.76412069033197e-11
4867.0,6.951977536239126e-12
4868.0,1.9637089908836287e-13
4869.0,1.940965048748489e-12
4870.0,6.75855426349857e-14
4871.0,7.980266950881736e-12
4872.0,5.760993138088556e-13
4873.0,3.728681880163566e-12
4874.0,4.32959125683048e-11
4875.0,1.0425089559892223e-11
4876.0,5.286330963569218e-15
4877.0,9.281135753724711e-12
4878.0,4.5581007409522327e-08
4879.0,1.424580076508312e-14
4880.0,1.3109884394554847e-09
4881.0,2.500351223123052e-10
4882.0,3.151653068794043e-09
4883.0,2.7096983071477973e-08
4884.0,2.767424906899124e-10
4885.0,1.2692523040169e-12
4886.0,1.535186127779798e-08
4887.0,5.298652344309063e-09
4888.0,1.0836788679076649e-08
4889.0,1.19987556696616e-10
4890.0,5.348115048653645e-09
4891.0,9.045256327394907e-11
4892.0,6.891882684832669e-12
4893.0,3.9677748127654286e-12
4894.0,1.6184387097387503e-14
4895.0,1.4055739503442957e-09
4896.0,7.744976201888708e-12
4897.0,4.601462333387232e-09
4898.0,1.1773467241805433e-11
4899.0,2.4799828188499806e-08
4900.0,4.59846933892566e-13
4901.0,4.176456556498811e-11
4902.0,6.6560259407048935e-12
4903.0,1.716722069021831e-13
4904.0,5.60580140581352e-11
4905.0,1.0570860225404574e-07
4906.0,3.5392582003836167e-13
4907.0,4.0620528237441166e-10
4908.0,2.4742678699460616e-14
4909.0,1.560333585610761e-12
4910.0,1.0840345298435849e-11
4911.0,7.438365826253744e-13
4912.0,1.9175138962224422e-10
4913.0,1.1202095948216276e-11
4914.0,2.0338175310258637e-11
4915.0,5.1363528520213395e-15
4916.0,1.3442821400582724e-11
4917.0,6.579584800034696e-13
4918.0,4.272023006645613e-11
4919.0,9.491181635825689e-11
4920.0,3.2015610454328184e-11
4921.0,4.3616096151911875e-07
4922.0,2.6482212518742576e-10
4923.0,3.5533508190330267e-07
4924.0,3.106928600404379e-09
4925.0,1.2055818300175883e-09
4926.0,2.1022407668636565e-09
4927.0,2.2527452744757166e-08
4928.0,4.1138077802620925e-05
4929.0,2.1092117439903526e-06
4930.0,7.771596339642004e-07
4931.0,4.11877390560725e-09
4932.0,1.6853341284206975e-06
4933.0,3.4749283751747004e-11
4934.0,3.949421334107406e-11
4935.0,1.5769927233856524e-09
4936.0,1.0296482086488428e-09
4937.0,6.702445337493889e-06
4938.0,2.4056169172268813e-06
4939.0,1.683234620282054e-09
4940.0,1.1148304100985823e-07
4941.0,6.798978541720341e-09
4942.0,4.2763075570933844e-07
4943.0,8.21884313315037e-06
4944.0,2.6765604957719556e-06
4945.0,0.00015622462248599344
4946.0,1.7635858886835814e-08
4947.0,2.4431413053589218e-09
4948.0,3.169116211667127e-10
4949.0,1.675583232011645e-11
4950.0,9.180886250293776e-14
4951.0,9.292210020890647e-12
4952.0,1.4851631888113466e-10
4953.0,2.5802444599352885e-08
4954.0,9.496367062787708e-12
4955.0,9.578983750935137e-11
4956.0,1.6376782251624868e-10
4957.0,8.644879890800046e-10
4958.0,4.874748544049253e-10
4959.0,8.700736890732152e-12
4960.0,5.249701372779988e-08
4961.0,2.5869766391964785e-08
4962.0,3.3100373676409856e-10
4963.0,7.568846827286912e-09
4964.0,6.159572297038867e-08
4965.0,6.980528315528395e-10
4966.0,1.7809886808415408e-10
4967.0,1.130343721280558e-09
4968.0,2.478009071288833e-10
4969.0,2.261672412944568e-10
4970.0,8.995214227927767e-10
4971.0,1.6999984404999865e-08
4972.0,1.0454674862227007e-10
4973.0,3.4478389584912654e-09
4974.0,2.796017532731305e-09
4975.0,2.4236315965503512e-08
4976.0,5.6051077437986613e-11
4977.0,9.440144026170567e-10
4978.0,4.686916535860817e-09
4979.0,8.117903099446281e-09
4980.0,1.2128865832201076e-05
4981.0,2.223563542697936e-07
4982.0,4.759556705731043e-09
4983.0,2.5266215245460455e-09
4984.0,4.772347059957088e-07
4985.0,2.8680538825100905e-09
4986.0,3.7718323560953294e-09
4987.0,4.5778337313172396e-10
4988.0,9.278479119625554e-09
4989.0,1.4979835867401398e-09
4990.0,9.09218495546043e-10
4991.0,3.248361132187543e-11
4992.0,9.746056958805381e-09
4993.0,1.7024288237675734e-10
4994.0,1.1280092434242492e-08
4995.0,2.027104436558862e-10
4996.0,1.4033714783196597e-10
4997.0,1.207197343902422e-07
4998.0,7.085802615723069e-07
4999.0,6.996818720721948e-10
5000.0,3.329394377401191e-10
5001.0,1.5599403779000163e-08
5002.0,1.802837156668427e-09
5003.0,1.3876698887819167e-09
5004.0,5.70796559447135e-11
5005.0,5.564718665272735e-07
5006.0,1.6558188647418199e-10
5007.0,2.1540007233048553e-10
5008.0,8.550407647541246e-08
5009.0,1.2095942836701552e-07
5010.0,6.17089974564664e-12
5011.0,1.347502790164055e-10
5012.0,1.5080584461420464e-09
5013.0,1.0856479180536662e-10
5014.0,3.876091595998886e-06
5015.0,4.5413486504985564e-07
5016.0,1.2876226088411478e-11
5017.0,1.1098728633027776e-09
5018.0,6.592805484508609e-09
5019.0,2.9758696523588654e-09
5020.0,1.577608281781622e-11
5021.0,6.67963185951294e-12
5022.0,3.978114119323661e-08
5023.0,2.181029529487758e-10
5024.0,1.3463745421929188e-09
5025.0,1.1966976287849418e-07
5026.0,9.973999158404596e-08
5027.0,6.473262868802949e-08
5028.0,2.438581395908389e-06
5029.0,4.770488913677418e-07
5030.0,9.020187536289696e-07
5031.0,1.1904407833331121e-06
5032.0,4.11075462510989e-08
5033.0,6.54150298807051e-09
5034.0,2.3004728451892225e-08
5035.0,1.5158780385264864e-05
5036.0,6.528970902527945e-07
5037.0,5.918771447124498e-07
5038.0,3.527302610338126e-05
5039.0,4.819296408174419e-10
5040.0,2.0368939801451582e-08
5041.0,1.7280164833606607e-08
5042.0,1.5635098045769875e-06
5043.0,9.771410960238064e-08
5044.0,5.114242616163624e-09
5045.0,2.7817701994602004e-08
5046.0,2.9681191995710945e-09
5047.0,8.724330347684024e-08
5048.0,1.3041577324311052e-06
5049.0,2.563689897260447e-08
5050.0,7.498064278677572e-07
5051.0,4.518404608457584e-06
5052.0,8.243651601362184e-07
5053.0,4.1102282967555265e-06
5054.0,4.502031459510239e-09
5055.0,7.686626894846588e-09
5056.0,1.3590463077992665e-05
5057.0,6.347182971292984e-09
5058.0,3.863498860225368e-07
5059.0,1.177960846676534e-07
5060.0,6.938297147707995e-08
5061.0,8.062697576077987e-09
5062.0,7.117596571695335e-07
5063.0,5.295833173773932e-07
5064.0,1.7776242563416042e-07
5065.0,2.65984977640037e-09
5066.0,2.4987408830908985e-07
5067.0,3.0213059620051076e-07
5068.0,2.7753698341843077e-08
5069.0,3.517613989100606e-08
5070.0,3.046587768270201e-07
5071.0,2.1691426856539285e-07
5072.0,7.820870394511305e-06
5073.0,8.161745137672844e-08
5074.0,3.896183716006265e-07
5075.0,2.754873496552346e-07
5076.0,1.5808285060820577e-07
5077.0,3.7665032005195777e-07
5078.0,1.1377553323604548e-07
5079.0,1.0399041390626277e-09
5080.0,3.420468892775794e-08
5081.0,7.241871185737107e-08
5082.0,5.209180858347161e-09
5083.0,3.6347316128707495e-06
5084.0,1.2790518049171205e-06
5085.0,7.626121760697538e-07
5086.0,2.7932076812318734e-08
5087.0,1.7592043267916048e-07
5088.0,4.3762356599432725e-07
5089.0,2.359924400145448e-08
5090.0,1.1639633379886807e-06
5091.0,2.0792255164445585e-09
5092.0,3.7789461932157965e-08
5093.0,4.9957648785168013e-08
5094.0,1.5435942329549659e-06
5095.0,5.753744474175593e-06
5096.0,1.6703030933422258e-09
5097.0,6.525384938038071e-07
5098.0,6.473578789292441e-07
5099.0,5.744309479402511e-06
5100.0,1.0180169870287235e-07
5101.0,1.868542485803516e-08
5102.0,3.3742568710178834e-08
5103.0,1.8186665229492242e-07
5104.0,1.5822050490200197e-07
5105.0,3.0456684873297835e-08
5106.0,1.141696104433021e-07
5107.0,4.678525565523786e-07
5108.0,3.0403562521255895e-08
5109.0,6.677465974198153e-11
5110.0,6.911998698414224e-08
5111.0,7.297201172362958e-08
5112.0,2.7569412274625296e-08
5113.0,2.282099140016713e-07
5114.0,1.0878762842232273e-08
5115.0,1.4650780029921388e-09
5116.0,6.532271553208099e-07
5117.0,2.455048799215217e-08
5118.0,7.715300107150847e-10
5119.0,1.747112354995741e-08
5120.0,1.454829026157158e-09
5121.0,2.693347312220115e-07
5122.0,8.584918501576319e-08
5123.0,1.4702266421252521e-09
5124.0,3.330048030237494e-10
5125.0,2.133096155656336e-09
5126.0,1.0655212481033189e-08
5127.0,1.1006586964299195e-07
5128.0,9.553940165002964e-09
5129.0,8.05481814330669e-08
5130.0,5.701453453529681e-08
5131.0,1.264227870793743e-08
5132.0,3.8750274154235905e-07
5133.0,4.769005881624576e-09
5134.0,2.560619527130019e-06
5135.0,1.1240468545136045e-07
5136.0,2.1729780290284079e-07
5137.0,4.161187823702577e-06
5138.0,2.806008815436762e-07
5139.0,1.5709675864630407e-07
5140.0,1.0204061886572432e-07
5141.0,2.4382928211328046e-07
5142.0,8.725577593720931e-08
5143.0,6.744292438923661e-07
5144.0,1.240784255303751e-08
5145.0,6.5708481015195665e-09
5146.0,3.61732226320816e-09
5147.0,4.756167085727152e-07
5148.0,8.259318109228378e-10
5149.0,6.119053810214717e-07
5150.0,2.1909139667690287e-09
5151.0,1.4495862615861168e-06
5152.0,4.6096484892959746e-07
5153.0,1.6056574810050966e-09
5154.0,1.4740916559557164e-07
5155.0,1.1295699118638167e-09
5156.0,1.109447968582296e-08
5157.0,2.960545027769897e-09
5158.0,5.440561746866676e-09
5159.0,6.326257168254249e-08
5160.0,3.560905819349507e-08
5161.0,1.3343772824118313e-07
5162.0,1.0793831653445483e-08
5163.0,1.1615725048397032e-06
5164.0,4.440122693336973e-06
5165.0,3.8100749112077405e-10
5166.0,5.485503235173624e-09
5167.0,3.639393667283859e-05
5168.0,3.110622190366256e-07
5169.0,2.088055474342916e-06
5170.0,6.80185184413615e-08
5171.0,1.0387982861808295e-07
5172.0,1.1476954131374817e-07
5173.0,4.1999839094109123e-07
5174.0,4.805816181347785e-07
5175.0,2.4588889755389482e-08
5176.0,2.395104369634525e-06
5177.0,6.717460468543639e-06
5178.0,4.683036173432054e-08
5179.0,6.922024738011245e-06
5180.0,1.0955484810646942e-06
5181.0,7.379740811643304e-06
5182.0,8.18853925566634e-07
5183.0,1.3572164637692565e-07
5184.0,4.496553007507109e-06
5185.0,4.018494381116022e-09
5186.0,4.601464556598102e-07
5187.0,1.4157336908918508e-08
5188.0,7.96600649730815e-09
5189.0,2.355180593775586e-08
5190.0,1.6081813838130847e-08
5191.0,1.035937901181033e-08
5192.0,1.3645013342084195e-08
5193.0,3.99755067736824e-08
5194.0,1.4185190539864271e-08
5195.0,7.522647540869998e-08
5196.0,2.792280102569599e-09
5197.0,1.2185593733876052e-06
5198.0,2.6030716236791245e-08
5199.0,6.8506272332162794e-09
5200.0,1.3749768957670515e-07
5201.0,2.3605916293395815e-09
5202.0,2.9293012874813045e-05
5203.0,2.115826249961244e-08
5204.0,2.6581889267938643e-06
5205.0,3.184284777936513e-10
5206.0,2.6173087545482225e-05
5207.0,2.205270952720694e-10
5208.0,2.5764112627873323e-09
5209.0,4.816182190051395e-07
5210.0,6.9490499997434185e-06
5211.0,3.88472742785145e-06
5212.0,1.5167333807030754e-09
5213.0,6.941029096508596e-06
5214.0,2.5383328332535283e-08
5215.0,1.0303174822884171e-08
5216.0,8.901273549506182e-07
5217.0,2.84289415726454e-08
5218.0,3.7937046881568767e-06
5219.0,1.4492513021112107e-08
5220.0,9.430023603895335e-10
5221.0,9.053444973563003e-09
5222.0,4.6402398204567523e-07
5223.0,2.515610586777119e-08
5224.0,2.383342854157438e-09
5225.0,1.577139259897009e-08
5226.0,1.217204941552777e-09
5227.0,3.064282895333332e-07
5228.0,2.508401935214245e-07
5229.0,7.817926398932726e-08
5230.0,1.9492897528549412e-05
5231.0,1.849584465436753e-09
5232.0,3.0731125294361006e-07
5233.0,3.342123785517557e-09
5234.0,1.1204037707036104e-07
5235.0,1.014433604896952e-07
5236.0,3.591058156583368e-07
5237.0,3.049882360218868e-08
5238.0,1.1910813477523867e-06
5239.0,3.1118090290328795e-07
5240.0,1.8155769188390487e-09
5241.0,1.3562909860220975e-09
5242.0,4.2912416748468656e-09
5243.0,2.0746591825181258e-07
5244.0,1.8456558052520027e-06
5245.0,2.9531241851371164e-08
5246.0,2.2117169543220903e-08
5247.0,7.322024914165465e-07
5248.0,1.6740843896981997e-07
5249.0,1.980114536902275e-06
5250.0,1.1321314900478563e-10
5251.0,1.2403743445887535e-06
5252.0,8.722073018541796e-09
5253.0,3.365517432301964e-10
5254.0,6.246657588266449e-08
5255.0,3.3432002009473508e-09
5256.0,0.0004734508319919215
5257.0,3.925870683912107e-06
5258.0,5.640530371770816e-10
5259.0,9.2113820012043e-07
5260.0,1.0057674761041811e-05
5261.0,1.924877632330938e-08
5262.0,6.867169493870277e-07
5263.0,8.354271282262877e-08
5264.0,3.252214011339348e-08
5265.0,3.5487486037178367e-07
5266.0,9.857809169806676e-08
5267.0,1.3849917303859473e-06
5268.0,6.492153495365879e-08
5269.0,8.866947320103049e-09
5270.0,6.141917762118683e-07
5271.0,8.885252239640402e-07
5272.0,1.3688597765902813e-10
5273.0,3.9635897924852586e-08
5274.0,4.754458051414237e-08
5275.0,7.523169848440766e-09
5276.0,4.493878087611026e-09
5277.0,3.2441504218890174e-07
5278.0,1.2225563420834173e-09
5279.0,1.3267282455358824e-08
5280.0,2.3134787043045443e-07
5281.0,2.1266149446264177e-08
5282.0,8.388953347123426e-09
5283.0,1.9366723384606812e-08
5284.0,1.5106474987996467e-06
5285.0,7.549113434202058e-06
5286.0,2.451511539076761e-06
5287.0,1.2113223396653554e-06
5288.0,4.574926844165122e-09
5289.0,3.504150079600397e-05
5290.0,1.9573223015181753e-08
5291.0,1.0839979828434893e-07
5292.0,1.671029156520457e-06
5293.0,2.693688347079643e-07
5294.0,8.544540809947726e-08
5295.0,2.695487567317007e-09
5296.0,5.1700045999539614e-06
5297.0,3.574914814861984e-06
5298.0,3.90785061933227e-08
5299.0,3.705727032928083e-07
5300.0,2.30061599872699e-07
5301.0,3.7633461153559346e-08
5302.0,1.003521395365844e-08
5303.0,1.5762629563927601e-09
5304.0,5.90340166806638e-09
5305.0,5.926079568002547e-08
5306.0,1.1129110830544342e-09
5307.0,2.8381498411810814e-09
5308.0,2.2980147694500673e-05
5309.0,9.693789326721573e-09
5310.0,2.978009529063102e-07
5311.0,1.3437152492865717e-07
5312.0,1.8081997679410153e-07
5313.0,2.2251794133875863e-07
5314.0,1.260835937655709e-08
5315.0,1.1312031588823317e-07
5316.0,4.1107572302773845e-09
5317.0,7.192369593265906e-07
5318.0,2.7365353822403238e-08
5319.0,8.228204776478678e-07
5320.0,4.051682664065047e-10
5321.0,6.319555339660725e-08
5322.0,1.8954463050243744e-10
5323.0,1.986893552944246e-08
5324.0,2.7697587533899803e-09
5325.0,9.13121704630749e-08
5326.0,1.2284944033281864e-08
5327.0,3.0753228998168504e-08
5328.0,1.5327828771636624e-07
5329.0,3.8525216117773094e-08
5330.0,5.73033550619251e-05
5331.0,1.1111477127581202e-08
5332.0,9.901164358600278e-10
5333.0,1.1798747817001961e-07
5334.0,5.55310283065167e-08
5335.0,5.741686821460012e-10
5336.0,1.554805678137319e-05
5337.0,9.324590442544553e-07
5338.0,4.025545889215741e-06
5339.0,4.271639164564474e-08
5340.0,6.727050680171919e-09
5341.0,3.568222259463058e-09
5342.0,4.774581343094374e-10
5343.0,0.00013439597212226614
5344.0,5.635336656265813e-10
5345.0,1.3851051364635092e-06
5346.0,1.7372067285630902e-07
5347.0,5.183103068192201e-08
5348.0,9.322999398637936e-07
5349.0,5.409798046114027e-07
5350.0,1.6884456901359146e-08
5351.0,2.267687562116708e-06
5352.0,6.476509540190579e-09
5353.0,7.287834823047435e-09
5354.0,2.0902703282008647e-07
5355.0,2.9025640338473654e-09
5356.0,4.923669265912706e-07
5357.0,8.271704941899985e-10
5358.0,5.549693719667288e-08
5359.0,1.2344824662684252e-08
5360.0,4.227702134905434e-07
5361.0,1.8658782653557144e-08
5362.0,1.167982531992249e-06
5363.0,1.2403360401263332e-08
5364.0,7.521211594042508e-10
5365.0,8.505431030465382e-09
5366.0,1.2595679934999978e-08
5367.0,5.3494866905374526e-08
5368.0,2.3654361666823595e-07
5369.0,1.082693995937412e-08
5370.0,1.6661275583031802e-09
5371.0,1.569604577824383e-06
5372.0,9.398730645747864e-09
5373.0,7.524190418407813e-08
5374.0,1.7938066093833772e-07
5375.0,7.110368242543162e-09
5376.0,3.9989729574535635e-10
5377.0,3.315569723748055e-07
5378.0,1.359273440647339e-07
5379.0,8.130029689415084e-07
5380.0,7.337071278256313e-08
5381.0,1.448391251565324e-07
5382.0,3.115771786900278e-07
5383.0,3.895464734000319e-07
5384.0,8.857317594596807e-08
5385.0,2.5228572974347783e-07
5386.0,2.473458011938817e-07
5387.0,1.9801263228709607e-09
5388.0,4.994828490627816e-08
5389.0,8.312762753632875e-10
5390.0,1.099217396077377e-05
5391.0,1.207475093481822e-06
5392.0,2.6110059365151932e-08
5393.0,5.086272647779687e-09
5394.0,2.56443403475322e-08
5395.0,1.822758239379246e-08
5396.0,4.960290993100467e-07
5397.0,9.155211711960535e-07
5398.0,1.8296941297818004e-05
5399.0,4.801276248595636e-07
5400.0,5.75503516036771e-06
5401.0,1.906882383785261e-08
5402.0,1.735477916948831e-05
5403.0,9.026784785225531e-09
5404.0,9.286489826038564e-09
5405.0,9.708887597026667e-06
5406.0,1.0405570580131042e-07
5407.0,7.298794247831738e-07
5408.0,8.559324853484428e-08
5409.0,4.5165180660321527e-10
5410.0,4.117023403898474e-06
5411.0,9.531972517371529e-07
5412.0,3.214410117191847e-07
5413.0,5.57001483002285e-07
5414.0,1.2250094863477176e-06
5415.0,3.285181888246212e-05
5416.0,7.385926785890857e-06
5417.0,1.116642855490616e-07
5418.0,1.6881469608662606e-07
5419.0,1.593553211017335e-07
5420.0,3.44891270044198e-08
5421.0,3.380295595411544e-07
5422.0,4.370910075523893e-09
5423.0,5.1804341589323275e-06
5424.0,2.703301815583944e-07
5425.0,1.4773102908641746e-06
5426.0,1.3978685581186018e-05
5427.0,1.4300425406001757e-09
5428.0,6.991712382040767e-11
5429.0,2.71129422105303e-08
5430.0,3.4199942069916465e-10
5431.0,1.2848998746583582e-06
5432.0,6.34644134516514e-09
5433.0,1.583088302255578e-07
5434.0,4.824578861408867e-08
5435.0,3.5812211199968677e-06
5436.0,1.3978393883203969e-07
5437.0,5.487976388997678e-07
5438.0,7.929110795941051e-07
5439.0,1.827951429422952e-07
5440.0,1.083222832935106e-10
5441.0,2.2206593704729115e-09
5442.0,2.4543054768481806e-07
5443.0,3.399610199854381e-08
5444.0,3.994734646505634e-08
5445.0,3.453572425081326e-08
5446.0,3.8472493197825006e-07
5447.0,6.032748124061566e-08
5448.0,6.609666346937723e-06
5449.0,2.1702555670982873e-07
5450.0,3.3181431444131156e-07
5451.0,1.7424690264352123e-08
5452.0,1.205383071053597e-07
5453.0,1.2168087721956457e-07
5454.0,4.413890640458147e-08
5455.0,9.095074393215725e-09
5456.0,1.5450994175070205e-06
5457.0,1.0507623100659521e-06
5458.0,7.776163095939657e-08
5459.0,2.810090972065869e-07
5460.0,2.421160543803049e-10
5461.0,2.9368320604047664e-07
5462.0,8.521053967480247e-08
5463.0,2.509928298603902e-06
5464.0,7.099876604197454e-08
5465.0,1.5152521208244568e-09
5466.0,3.073444517931265e-08
5467.0,1.7511882359656568e-09
5468.0,1.0565133664591107e-07
5469.0,8.161055242680736e-06
5470.0,1.7864941990571434e-07
5471.0,4.121163238259933e-07
5472.0,6.374174453064515e-09
5473.0,3.243386914153433e-09
5474.0,6.818852343593013e-08
5475.0,1.2522388773662988e-07
5476.0,3.274284689569214e-08
5477.0,1.0678893993844056e-10
5478.0,1.6152043833282396e-06
5479.0,5.2771465328008906e-08
5480.0,1.2868602723524716e-08
5481.0,2.767009817037432e-09
5482.0,1.714878765850629e-08
5483.0,5.481506745175351e-07
5484.0,4.010304545669198e-08
5485.0,1.0712472206342679e-07
5486.0,2.685839529986805e-09
5487.0,4.0397893929298466e-09
5488.0,1.5524715438084183e-09
5489.0,5.307547792535434e-09
5490.0,8.764927056111611e-10
5491.0,3.380358912977243e-08
5492.0,1.9074605837730537e-08
5493.0,1.4842929164513566e-06
5494.0,4.072980646889086e-06
5495.0,7.498652874345172e-09
5496.0,6.356199398329616e-10
5497.0,2.0647992089215547e-06
5498.0,6.37038588858112e-09
5499.0,6.46954323365017e-10
5500.0,1.3905691706897364e-07
5501.0,4.330320128496443e-07
5502.0,1.0383228111381945e-08
5503.0,9.412228720144657e-08
5504.0,2.453703019172744e-07
5505.0,4.509843117702886e-08
5506.0,2.1585441235217952e-07
5507.0,4.982053961193823e-07
5508.0,2.3193933073446363e-06
5509.0,2.433182092282272e-07
5510.0,1.7946161551314238e-07
5511.0,3.075314786260695e-07
5512.0,6.814045421505202e-09
5513.0,4.3856160023172954e-07
5514.0,2.663748905436543e-08
5515.0,4.407653229871676e-08
5516.0,1.1004162428084624e-07
5517.0,8.95830751895162e-08
5518.0,1.814883585215309e-07
5519.0,1.5515729480982263e-09
5520.0,2.6604251737318234e-08
5521.0,7.96390109904018e-08
5522.0,9.250861076735217e-10
5523.0,1.0252816065355857e-07
5524.0,1.6377745360658224e-07
5525.0,8.990553320793156e-09
5526.0,3.7141355139303804e-07
5527.0,8.444994773761411e-09
5528.0,1.5195117853697318e-10
5529.0,4.787626683547442e-09
5530.0,3.2463529069373707e-07
5531.0,6.439275310975277e-10
5532.0,4.787852984407045e-08
5533.0,1.0617270637042533e-07
5534.0,3.3261227830087057e-07
5535.0,4.0007042788053304e-09
5536.0,2.2910507002826494e-07
5537.0,1.4494196189526858e-07
5538.0,3.5904990526112e-05
5539.0,2.014455998445173e-08
5540.0,1.5888761155103417e-07
5541.0,3.9193668409612484e-07
5542.0,8.379242881351296e-08
5543.0,2.1686744202032642e-06
5544.0,1.1613757676145729e-06
5545.0,1.1036824783001867e-07
5546.0,4.3322671033377076e-08
5547.0,2.6052459254687564e-09
5548.0,2.0364192956077363e-06
5549.0,2.2489701677429043e-07
5550.0,7.050211593055961e-07
5551.0,4.5201213299089396e-10
5552.0,7.741668881769375e-07
5553.0,4.5585638678491296e-10
5554.0,3.130078772571461e-07
5555.0,0.00025246765515361407
5556.0,2.2789775061676682e-07
5557.0,3.58370605269506e-10
5558.0,1.612530020090756e-08
5559.0,1.7089834485981829e-06
5560.0,6.568126626026754e-08
5561.0,1.097143862273643e-08
5562.0,1.4698240722773244e-07
5563.0,3.3704173417463613e-09
5564.0,5.33000198582261e-07
5565.0,2.2668379660579456e-08
5566.0,1.9114092048785437e-07
5567.0,3.4450663480291546e-06
5568.0,5.7786865113802556e-08
5569.0,4.7192561869826174e-08
5570.0,3.128553287565976e-06
5571.0,8.41664128663184e-05
5572.0,2.4044731573593707e-08
5573.0,1.0427351692300755e-06
5574.0,7.238687677607307e-07
5575.0,1.5592399870880352e-09
5576.0,1.1774862012539866e-08
5577.0,5.518067715700165e-09
5578.0,9.103670967825134e-07
5579.0,1.3611935065986657e-07
5580.0,4.2025423726555664e-09
5581.0,7.418543941591153e-07
5582.0,6.524852689093986e-08
5583.0,8.955129831135805e-08
5584.0,1.892680824575742e-08
5585.0,1.674260949542044e-06
5586.0,4.564924587948113e-12
5587.0,3.598712445014437e-07
5588.0,3.326044578348026e-07
5589.0,1.2466286099594459e-08
5590.0,4.934877991113385e-10
5591.0,1.5360088562143307e-08
5592.0,1.4244999966760735e-09
5593.0,3.043796907864675e-06
5594.0,1.0321440348199598e-05
5595.0,1.0195508355715485e-09
5596.0,5.620288440011532e-09
5597.0,2.8620404322502515e-08
5598.0,3.6368213804776997e-07
5599.0,1.9180706110243208e-08
5600.0,6.643083330753593e-09
5601.0,5.76318020794409e-09
5602.0,4.605320565777196e-08
5603.0,1.2617585383960722e-08
5604.0,2.9727998264160657e-08
5605.0,6.249131219673012e-06
5606.0,2.0976227065146692e-08
5607.0,1.1058587740954479e-05
5608.0,7.156284252581805e-09
5609.0,6.895605515181671e-10
5610.0,2.2630159562436927e-08
5611.0,7.073336628456981e-10
5612.0,3.9019425304181565e-09
5613.0,6.257677012623661e-09
5614.0,2.262465195652336e-09
5615.0,2.0434983105916572e-08
5616.0,1.4034443403890356e-09
5617.0,2.414220274435278e-07
5618.0,8.904581452438865e-09
5619.0,7.359690490247052e-08
5620.0,1.508687706336903e-08
5621.0,1.1919462274678652e-08
5622.0,1.9723353852673363e-08
5623.0,1.672218325750747e-09
5624.0,2.2659945817343118e-07
5625.0,1.4136149711493462e-09
5626.0,2.3292406332997798e-06
5627.0,2.8051953365927633e-06
5628.0,5.5113537968835085e-09
5629.0,1.1113053791557335e-08
5630.0,4.999089174626781e-11
5631.0,3.379574740841433e-08
5632.0,5.9936737803793e-10
5633.0,2.8576752609917737e-10
5634.0,4.52590759276895e-09
5635.0,3.955757067747013e-09
5636.0,2.650870542373403e-05
5637.0,1.0407633812768394e-07
5638.0,3.1137169425466545e-09
5639.0,9.950739840655206e-10
5640.0,8.727624472783157e-06
5641.0,9.451267921003523e-07
5642.0,3.461076272718373e-07
5643.0,1.4473234281404099e-07
5644.0,9.249950972073066e-07
5645.0,1.6495757474246096e-07
5646.0,9.297297723811048e-08
5647.0,4.944018455612827e-09
5648.0,3.3957489057911085e-09
5649.0,3.088354517601286e-07
5650.0,3.6172959195263687e-09
5651.0,6.439246372354181e-09
5652.0,8.178268485663008e-09
5653.0,9.125988696908344e-11
5654.0,2.7123989903270737e-07
5655.0,1.981564072880516e-07
5656.0,3.0441496079591836e-10
5657.0,3.6833865957676457e-07
5658.0,1.0471239861709045e-08
5659.0,5.256755690874905e-08
5660.0,6.837827116673823e-08
5661.0,4.930611908140886e-08
5662.0,1.026211393765991e-08
5663.0,2.998670364653953e-11
5664.0,1.0274505900059895e-07
5665.0,2.8772746202260916e-07
5666.0,6.578041530274971e-08
5667.0,7.481888662673769e-08
5668.0,2.035605075430836e-05
5669.0,1.2944830007762226e-05
5670.0,3.174075426722992e-08
5671.0,2.7591301450695956e-07
5672.0,1.4075277032475775e-07
5673.0,4.7043038505691413e-08
5674.0,4.0728934720990297e-07
5675.0,5.449655108556759e-07
5676.0,2.316034952306008e-05
5677.0,4.919288237412849e-07
5678.0,3.524853740021349e-07
5679.0,3.1478960987579224e-07
5680.0,1.6194786847271019e-09
5681.0,2.1595430833838803e-07
5682.0,2.1244219950989533e-10
5683.0,2.0322615574046477e-09
5684.0,7.365360244253975e-11
5685.0,6.687389460268107e-08
5686.0,4.279044448346073e-08
5687.0,4.94097115791926e-08
5688.0,8.209830904925856e-10
5689.0,2.2931126941140485e-09
5690.0,2.421300848326402e-09
5691.0,1.2164093023210896e-06
5692.0,5.56113362146563e-09
5693.0,2.0385233823608425e-08
5694.0,1.6127615557154826e-05
5695.0,7.594350575477982e-09
5696.0,4.2667027583176024e-07
5697.0,4.091002844501347e-09
5698.0,1.2498510379327908e-06
5699.0,2.3418020563694448e-07
5700.0,0.00023596375939273492
5701.0,2.1089976550187238e-08
5702.0,2.0604676390323813e-09
5703.0,4.471322049048012e-07
5704.0,2.796243365614153e-07
5705.0,6.163437640852975e-07
5706.0,2.1332899872187824e-06
5707.0,4.6118702329647376e-10
5708.0,3.4592925518338077e-09
5709.0,1.9590465620868106e-05
5710.0,1.1168262571782466e-08
5711.0,1.1690204486192575e-06
5712.0,4.3988827306862056e-07
5713.0,1.0037145895430444e-07
5714.0,3.0702317968184675e-09
5715.0,2.9775129132410023e-09
5716.0,3.806451602751046e-07
5717.0,1.1990405320591355e-08
5718.0,4.793699449715833e-07
5719.0,6.048635380247902e-09
5720.0,1.7659874397986328e-09
5721.0,2.189527944569458e-06
5722.0,2.3684129553438805e-08
5723.0,5.041376918380176e-07
5724.0,3.8705521282615207e-07
5725.0,2.293382491681208e-07
5726.0,1.1980266477877274e-07
5727.0,3.253576230013615e-07
5728.0,2.3163503482141704e-08
5729.0,1.64206187381864e-06
5730.0,5.424006356317958e-08
5731.0,1.3156135579704858e-08
5732.0,1.1130128580419433e-09
5733.0,1.1648816356092684e-07
5734.0,3.2852572373137375e-08
5735.0,2.561747308992768e-07
5736.0,1.2285212050698933e-06
5737.0,1.8952939434797562e-07
5738.0,8.475337421162281e-07
5739.0,1.7611015134813224e-08
5740.0,1.648657116954631e-08
5741.0,8.772659164403512e-09
5742.0,3.577305562720052e-08
5743.0,1.0432683735236031e-06
5744.0,8.651915743017514e-07
5745.0,1.714157898116361e-07
5746.0,7.4517532019937445e-06
5747.0,1.1567998686369317e-10
5748.0,1.1759478285994337e-06
5749.0,1.148017267938633e-06
5750.0,3.731988507442317e-07
5751.0,4.5765168138786886e-07
5752.0,3.199484062001963e-08
5753.0,4.526792832583836e-08
5754.0,3.456457243566431e-07
5755.0,4.284093436635831e-05
5756.0,2.9422081275990517e-06
5757.0,2.7305759165278073e-05
5758.0,9.642489652716705e-05
5759.0,1.9706031864429247e-07
5760.0,0.0005966415164085675
5761.0,5.416095768953762e-05
5762.0,0.00020536327676301178
5763.0,2.2979347105978583e-09
5764.0,2.0347617535355646e-07
5765.0,5.214684281302301e-10
5766.0,1.3671834898390364e-07
5767.0,6.248273200259756e-08
5768.0,6.194623317259194e-07
5769.0,3.1837652795140697e-08
5770.0,1.1994970170216746e-07
5771.0,1.6717503147610022e-07
5772.0,4.192824311710991e-09
5773.0,1.6067361347124667e-09
5774.0,3.047385393665199e-10
5775.0,7.673028239828612e-09
5776.0,7.765734903104754e-09
5777.0,7.053672092418593e-07
5778.0,2.2202568555018687e-06
5779.0,6.573271787729215e-07
5780.0,9.65055862116309e-06
5781.0,2.186370564593364e-06
5782.0,1.33049052141072e-07
5783.0,2.1121331175990143e-06
5784.0,2.740438377902997e-08
5785.0,4.1988225869682204e-07
5786.0,4.346788794774513e-08
5787.0,8.628358777544953e-06
5788.0,3.025652844108579e-08
5789.0,2.5167002284214984e-11
5790.0,7.3153269596576e-08
5791.0,2.7989181520702593e-09
5792.0,3.641136941398785e-08
5793.0,4.002966846078841e-08
5794.0,1.579247739738209e-08
5795.0,1.2277068608450366e-08
5796.0,3.508092083203228e-08
5797.0,1.420640541037073e-10
5798.0,3.435875183520257e-08
5799.0,0.0002039737232029128
5800.0,9.524296646252874e-09
5801.0,4.162681689176816e-08
5802.0,6.781880698085148e-07
5803.0,2.656105767301208e-06
5804.0,9.203355259497276e-09
5805.0,3.11310883350519e-10
5806.0,2.3204297594734896e-05
5807.0,1.4352188705682943e-08
5808.0,3.382912835017169e-08
5809.0,2.759268893827071e-07
5810.0,5.141614107336253e-07
5811.0,1.0447316265942589e-07
5812.0,4.933520816393795e-09
5813.0,3.288065660152416e-08
5814.0,7.761268210689302e-06
5815.0,7.208332003505136e-10
5816.0,1.0648715896796372e-07
5817.0,4.482271817610844e-10
5818.0,4.722036410961406e-06
5819.0,2.4100394164266228e-09
5820.0,6.80009003470656e-07
5821.0,2.7972121968927684e-09
5822.0,2.2280838370909263e-09
5823.0,3.594258028109475e-08
5824.0,6.39223156171987e-07
5825.0,6.559906972255066e-10
5826.0,2.5243518177049734e-08
5827.0,4.698124348995844e-09
5828.0,2.9929443234351486e-07
5829.0,7.068199846603966e-09
5830.0,6.648211626256803e-08
5831.0,6.247433837397799e-08
5832.0,3.2910715595362407e-07
5833.0,2.720473090383901e-07
5834.0,1.3465679380882946e-06
5835.0,4.925245711546149e-07
5836.0,3.6510717156713885e-05
5837.0,1.343236112038397e-06
5838.0,1.1106853043220924e-06
5839.0,1.1991037102591314e-08
5840.0,1.757171993945046e-06
5841.0,3.4744760459424052e-06
5842.0,2.2967678118126415e-07
5843.0,1.286892671659136e-05
5844.0,1.79422729455964e-05
5845.0,2.279508147439141e-07
5846.0,8.406428241126022e-08
5847.0,2.144583830271377e-07
5848.0,8.709392494760122e-07
5849.0,3.4916769525818983e-07
5850.0,1.6026279196170095e-07
5851.0,3.113195555414875e-07
5852.0,1.543391288763799e-08
5853.0,6.266435491905065e-06
5854.0,0.002260360989825367
5855.0,5.4330377497127384e-08
5856.0,4.5420466084437804e-06
5857.0,5.36533120058911e-06
5858.0,5.452104358239539e-06
5859.0,3.4877150809341014e-07
5860.0,5.931556595094509e-05
5861.0,7.180353615307619e-05
5862.0,0.0004466231385026293
5863.0,4.039008559714867e-08
5864.0,4.543882381729916e-09
5865.0,1.1347090079108906e-08
5866.0,3.127433056261425e-08
5867.0,8.955243487363077e-06
5868.0,5.36337737469074e-07
5869.0,3.7475652770660743e-10
5870.0,1.489462492545006e-08
5871.0,3.6228106703070753e-07
5872.0,5.589965131426964e-09
5873.0,5.6856781244976135e-09
5874.0,2.533839664633134e-08
5875.0,1.4455055735493022e-07
5876.0,4.783392982309259e-07
5877.0,8.364598241711439e-07
5878.0,4.697333451587132e-08
5879.0,6.784305204341193e-08
5880.0,7.564105287750088e-06
5881.0,0.001694294620943213
5882.0,0.0003843101836786446
5883.0,2.584144103510325e-06
5884.0,1.4809582118959421e-06
5885.0,1.766812132378842e-06
5886.0,7.987146058001654e-05
5887.0,5.532501976141241e-05
5888.0,4.8609025884802755e-08
5889.0,3.130613311909193e-08
5890.0,4.713904113431826e-09
5891.0,2.209773968490525e-07
5892.0,3.755671548779539e-05
5893.0,1.3742783453216385e-11
5894.0,6.52889882715471e-07
5895.0,2.7606151000273133e-08
5896.0,5.371479885464258e-08
5897.0,7.203058291901256e-08
5898.0,1.4287824079697702e-05
5899.0,5.565449867886556e-05
5900.0,3.5913259665139333e-07
5901.0,2.0409458190365995e-06
5902.0,8.058437158992364e-10
5903.0,1.1863968355325906e-07
5904.0,1.7710660085485795e-07
5905.0,2.2870046869846356e-07
5906.0,1.2735545943553172e-08
5907.0,3.9218622417566816e-08
5908.0,6.525856235985471e-06
5909.0,1.3475560575507605e-07
5910.0,7.175747520509147e-10
5911.0,2.0044871922756478e-07
5912.0,1.979810760974894e-09
5913.0,3.5765166965078314e-08
5914.0,2.026359655591096e-08
5915.0,2.0861881185494603e-07
5916.0,1.1280555730142992e-08
5917.0,8.873944734382612e-09
5918.0,2.4210471044507496e-07
5919.0,8.7240038325102e-10
5920.0,2.855618292728158e-07
5921.0,2.83503858500387e-10
5922.0,2.26758561529085e-08
5923.0,1.5193411518804928e-09
5924.0,9.523668562988725e-08
5925.0,3.455125666840641e-07
5926.0,1.6633858394485159e-09
5927.0,2.5709524729207204e-08
5928.0,3.649428997986733e-06
5929.0,4.1792033450667596e-07
5930.0,1.3645849833130293e-07
5931.0,1.3185924845646872e-08
5932.0,3.9165793071083936e-08
5933.0,1.7177033611503627e-05
5934.0,5.921624920123344e-07
5935.0,3.166469435944569e-07
5936.0,1.240762439955863e-06
5937.0,3.444615212789564e-07
5938.0,5.818547667661028e-10
5939.0,4.5490006297065725e-08
5940.0,1.1504881145895118e-08
5941.0,5.271393663635282e-07
5942.0,1.0620740591390988e-07
5943.0,4.294659356892187e-07
5944.0,2.0228059277054844e-06
5945.0,2.0434098431672853e-08
5946.0,8.386549758690867e-10
5947.0,1.0686162527212574e-08
5948.0,3.56873286073876e-10
5949.0,2.65735298054617e-08
5950.0,2.8863485294715794e-10
5951.0,1.6046983482465503e-08
5952.0,2.7623831992447757e-09
5953.0,5.585210518471717e-08
5954.0,3.4124978228139363e-07
5955.0,1.728371316839751e-08
5956.0,1.311633327846527e-09
5957.0,3.4996853097441276e-11
5958.0,1.4272062781672836e-08
5959.0,2.202264492709679e-06
5960.0,7.202268323667891e-08
5961.0,2.0786291582596782e-07
5962.0,1.0301379441535307e-09
5963.0,5.15448590746725e-07
5964.0,1.2262858451334885e-09
5965.0,7.794311954515428e-05
5966.0,5.463383056906523e-08
5967.0,1.7060766479431588e-08
5968.0,5.114846134152512e-08
5969.0,6.995668087910862e-07
5970.0,2.1123109689125916e-07
5971.0,9.282745132458114e-08
5972.0,1.489644793165416e-08
5973.0,1.1064809341685764e-07
5974.0,2.7804891565183027e-09
5975.0,2.8321460207614052e-08
5976.0,9.51332837173717e-07
5977.0,2.9638443676546053e-08
5978.0,2.6904141418597124e-07
5979.0,1.681450733006578e-08
5980.0,0.00010063277300243194
5981.0,1.8331969841123214e-06
5982.0,3.230204451368066e-07
5983.0,1.6297764222019282e-09
5984.0,0.001605866660608685
5985.0,2.151294955820563e-05
5986.0,4.003207882327651e-07
5987.0,2.421149814432544e-08
5988.0,6.143654210837864e-08
5989.0,9.433348711053025e-08
5990.0,5.022189214614787e-09
5991.0,1.7263401220734742e-07
5992.0,2.0481091649958443e-08
5993.0,9.251128384790265e-08
5994.0,7.981204065465017e-07
5995.0,2.3079450889706515e-06
5996.0,1.2668516420123705e-10
5997.0,7.872871366705718e-10
5998.0,2.753512611840639e-07
5999.0,2.6483321005375156e-09
6000.0,3.043652701115953e-08
6001.0,1.8314982106552505e-07
6002.0,1.424161214665317e-07
6003.0,2.5732326430801375e-07
6004.0,7.653765693621916e-06
6005.0,4.450797781739578e-07
6006.0,2.7315653234304703e-07
6007.0,2.4332714608874892e-06
6008.0,7.182156593392306e-08
6009.0,4.875327308521801e-09
6010.0,1.8364656493819423e-08
6011.0,5.8612023043764326e-08
6012.0,9.311284109397431e-09
6013.0,1.818800171303548e-10
6014.0,4.496478469809402e-07
6015.0,6.837569603143384e-08
6016.0,6.0680093497079004e-05
6017.0,1.8407275574831753e-07
6018.0,7.253431382434924e-08
6019.0,5.4268338943439155e-08
6020.0,1.451866957261682e-08
6021.0,6.001552727515642e-07
6022.0,3.6509201965830503e-08
6023.0,1.7830387354480873e-07
6024.0,2.4540533658896905e-07
6025.0,1.6633040878637935e-09
6026.0,3.444758786205099e-09
6027.0,4.5635548036465576e-08
6028.0,5.918232515611525e-08
6029.0,9.511392175258377e-09
6030.0,1.1821960696387423e-07
6031.0,5.30978868848721e-06
6032.0,1.6163794340783173e-06
6033.0,7.247050934138303e-07
6034.0,3.142078768790637e-07
6035.0,3.2294473225857854e-08
6036.0,4.596535935055203e-07
6037.0,0.0008324960965806079
6038.0,4.5261503866896825e-08
6039.0,1.8671112286246375e-07
6040.0,1.158643036589352e-08
6041.0,1.0913219063984434e-08
6042.0,2.600235775053331e-07
6043.0,1.0833626818853714e-07
6044.0,2.5751930168943437e-07
6045.0,3.916172634142597e-06
6046.0,2.4007898520344073e-06
6047.0,2.338749378955717e-08
6048.0,2.9024571324967124e-08
6049.0,1.4007022852813255e-07
6050.0,2.9881655840390044e-07
6051.0,1.3989572219545559e-08
6052.0,4.985759820385394e-08
6053.0,1.3006368436966221e-06
6054.0,4.974235034873756e-07
6055.0,7.82582225565863e-08
6056.0,2.3247159837901851e-07
6057.0,2.5761653155036704e-06
6058.0,1.053593330416723e-06
6059.0,1.3215137973058187e-08
6060.0,2.200361379969287e-08
6061.0,5.279596421304838e-08
6062.0,1.1777177014784467e-08
6063.0,1.0176187385192023e-07
6064.0,4.4529466479648835e-08
6065.0,1.6174200548808966e-08
6066.0,1.2163325406061807e-10
6067.0,3.9085003723667016e-09
6068.0,7.103921272576027e-10
6069.0,5.859036494628354e-07
6070.0,6.149218500599768e-07
6071.0,5.573403972682979e-08
6072.0,2.1747797200041216e-08
6073.0,7.48488610684812e-09
6074.0,2.5952131506933895e-08
6075.0,9.69469245924314e-08
6076.0,1.434943362404352e-07
6077.0,5.5246816044160006e-09
6078.0,1.3262772730665294e-10
6079.0,1.0886788328458216e-07
6080.0,2.1762862046907223e-07
6081.0,5.015060919259893e-09
6082.0,1.4300519549329211e-08
6083.0,3.1128352090398306e-08
6084.0,1.5133514906134497e-09
6085.0,1.0701643700597247e-08
6086.0,5.649327718334001e-08
6087.0,3.2784307350428356e-08
6088.0,2.1500909174991575e-07
6089.0,3.7956024334983664e-08
6090.0,6.916051501438631e-07
6091.0,2.0239084696439943e-08
6092.0,9.463063530049194e-07
6093.0,2.7785726612675844e-07
6094.0,6.414023261316404e-06
6095.0,1.9202426346305393e-08
6096.0,2.113497481679959e-06
6097.0,2.748390927108137e-06
6098.0,1.7101448364602141e-06
6099.0,8.553166790911206e-08
6100.0,2.651846035312684e-07
6101.0,4.711938219954102e-08
6102.0,2.5230087997002095e-08
6103.0,1.0155622831356819e-07
6104.0,2.1227641161073134e-07
6105.0,2.8247899958358097e-07
6106.0,3.964606163462651e-09
6107.0,5.591242388275837e-06
6108.0,2.8442642238217213e-09
6109.0,1.633163214927632e-07
6110.0,1.0738618741972579e-06
6111.0,1.1578567829375393e-09
6112.0,3.4476557298693135e-05
6113.0,8.578893873469025e-09
6114.0,6.974812326523622e-07
6115.0,1.4969122191602137e-09
6116.0,1.1677531945817852e-05
6117.0,1.240997532479793e-05
6118.0,7.972411102772632e-07
6119.0,1.3594925377145665e-06
6120.0,1.552289145380154e-05
6121.0,5.323598725611443e-09
6122.0,2.9988925879001797e-07
6123.0,3.027729586859012e-08
6124.0,4.943471015473265e-08
6125.0,2.6946033455779203e-08
6126.0,2.686940252056462e-07
6127.0,9.273076364496186e-07
6128.0,5.979158388314657e-08
6129.0,1.1540074373150889e-07
6130.0,1.541397143082468e-07
6131.0,1.695815748378268e-08
6132.0,8.161189457044767e-06
6133.0,6.161761273402376e-07
6134.0,1.204906860416021e-09
6135.0,6.83436782094648e-08
6136.0,7.929800511401145e-10
6137.0,2.040552658918997e-06
6138.0,2.0057912813682253e-09
6139.0,3.630819915917379e-09
6140.0,4.690146084120262e-08
6141.0,2.810367293050231e-08
6142.0,5.70799979796011e-10
6143.0,8.308686439880715e-07
6144.0,2.7318769324853576e-05
6145.0,6.29779312584068e-07
6146.0,2.716841968400673e-06
6147.0,1.3743387093917047e-09
6148.0,2.480560098311341e-07
6149.0,8.00567322011026e-08
6150.0,4.6156945908691624e-07
6151.0,1.1968406003616332e-09
6152.0,4.1747338752376623e-08
6153.0,8.718400280982743e-07
6154.0,7.216288090729964e-06
6155.0,2.4306351257464875e-06
6156.0,3.265188479741796e-08
6157.0,9.604468758751716e-09
6158.0,1.6156245129388615e-07
6159.0,1.636950932909127e-07
6160.0,2.7065359779650364e-08
6161.0,5.675071719376728e-08
6162.0,1.8226221207555856e-09
6163.0,8.235324817017113e-08
6164.0,5.242254267707976e-08
6165.0,2.7019726570750164e-07
6166.0,5.556236829949581e-08
6167.0,1.043851707997471e-07
6168.0,2.8316331121652e-07
6169.0,5.568074270487357e-08
6170.0,6.259286257759956e-07
6171.0,2.2081108666966357e-09
6172.0,3.2379351397382216e-08
6173.0,3.142405873669915e-09
6174.0,1.1933178900995291e-08
6175.0,1.1975048413187377e-07
6176.0,6.581420014457076e-08
6177.0,8.387952865802293e-07
6178.0,3.1773060945319424e-07
6179.0,5.523164716071076e-07
6180.0,1.0858849461877903e-07
6181.0,2.13988964403518e-08
6182.0,1.2556798323684219e-07
6183.0,3.3237407675310547e-09
6184.0,2.2437444184528024e-08
6185.0,4.823098954539498e-08
6186.0,4.2804776471153505e-06
6187.0,5.103810740491653e-09
6188.0,3.714140342555228e-05
6189.0,9.044215210505011e-06
6190.0,1.8201852875579512e-06
6191.0,6.044530221245295e-10
6192.0,1.449625556057231e-07
6193.0,1.4153164739907644e-08
6194.0,2.195664128914482e-07
6195.0,4.676656985303993e-09
6196.0,1.0388507093712174e-06
6197.0,6.422105521313695e-09
6198.0,4.7506914192688124e-09
6199.0,2.7821664803763506e-05
6200.0,3.264865211143624e-10
6201.0,5.530551711399862e-10
6202.0,2.0711140725507495e-07
6203.0,3.690229624439334e-07
6204.0,1.3865554610817762e-08
6205.0,2.6955817281330757e-09
6206.0,2.406111270807234e-06
6207.0,1.0134807651722698e-07
6208.0,1.1927213222182209e-10
6209.0,1.163285668861924e-06
6210.0,2.8342464560257822e-08
6211.0,1.1146516436938224e-08
6212.0,8.908129249769424e-06
6213.0,2.6171913486834704e-08
6214.0,8.904340810227071e-08
6215.0,4.619059116238653e-07
6216.0,5.528584580920693e-08
6217.0,3.415399736185765e-10
6218.0,1.2527835737755503e-07
6219.0,1.4987745636804424e-06
6220.0,8.568281218553548e-08
6221.0,6.843823066846357e-07
6222.0,4.25398612544012e-07
6223.0,3.5457597576561307e-07
6224.0,6.136418740528255e-07
6225.0,4.422261183948622e-09
6226.0,3.5266861415644998e-09
6227.0,8.630594728889039e-08
6228.0,1.032787976578442e-06
6229.0,4.534007782297319e-08
6230.0,1.0348009512731811e-08
6231.0,6.859696568608978e-10
6232.0,1.0004201388334816e-08
6233.0,2.7257367760623148e-08
6234.0,8.815836062980809e-09
6235.0,3.838578029519996e-09
6236.0,1.904756241689611e-08
6237.0,3.3315803746217505e-09
6238.0,4.959753046164649e-09
6239.0,3.4622171711153365e-09
6240.0,6.797398025903533e-07
6241.0,4.97762743680203e-07
6242.0,9.022186732767461e-07
6243.0,5.362979698375006e-06
6244.0,9.556844130417183e-08
6245.0,4.739180880615206e-10
6246.0,3.4247347791683263e-07
6247.0,1.1301175858918587e-06
6248.0,1.7355666821480126e-05
6249.0,6.744479885118191e-08
6250.0,1.7110642040924842e-08
6251.0,5.8307889786378365e-09
6252.0,9.909077899388404e-08
6253.0,3.716167057337471e-10
6254.0,2.7551913976458896e-08
6255.0,1.1742870482846708e-09
6256.0,2.7554234352318543e-07
6257.0,7.358246892033676e-06
6258.0,2.1631254377442714e-08
6259.0,5.344171064733575e-07
6260.0,1.840713508321203e-06
6261.0,3.800159162556257e-07
6262.0,2.082429618169017e-06
6263.0,3.4206557294391414e-08
6264.0,2.5901554302049097e-06
6265.0,0.0001455847929742721
6266.0,2.2068265742908164e-08
6267.0,2.9841795418419063e-07
6268.0,1.1164906010534227e-06
6269.0,2.3321499644790395e-08
6270.0,9.500928011339328e-08
6271.0,2.5993377932014295e-07
6272.0,5.370014581693332e-10
6273.0,7.6742378226997e-07
6274.0,0.000875739867820502
6275.0,1.2830559168454185e-06
6276.0,7.327097016251412e-07
6277.0,1.984681612557647e-09
6278.0,9.343478099417393e-06
6279.0,1.791923078829246e-05
6280.0,5.683640294132627e-07
6281.0,9.143965473806151e-05
6282.0,6.454456784101342e-05
6283.0,2.820530957645235e-08
6284.0,3.276340163930803e-06
6285.0,1.2189305307472153e-06
6286.0,2.982100638522697e-06
6287.0,1.9302950993930424e-06
6288.0,5.230804784597194e-06
6289.0,1.6133574405163146e-07
6290.0,3.6668743222182086e-06
6291.0,8.109540552958301e-07
6292.0,2.1955740635022146e-06
6293.0,2.6720492499150964e-07
6294.0,3.885143116971673e-05
6295.0,1.7430567697843577e-06
6296.0,3.282229078978833e-07
6297.0,1.7074047963315654e-05
6298.0,1.7602893604258114e-06
6299.0,5.094990643694937e-06
6300.0,2.4325856485921144e-06
6301.0,3.0388989516869763e-06
6302.0,3.682209031604351e-09
6303.0,4.843096504623908e-08
6304.0,7.898372963686805e-06
6305.0,1.451724560907489e-06
6306.0,1.0105444266488008e-08
6307.0,3.3974434765482887e-06
6308.0,6.897067797450105e-08
6309.0,2.0545593224668636e-07
6310.0,6.838208563406051e-06
6311.0,0.00092192964376644
6312.0,8.614777604539799e-07
6313.0,1.1798962373409523e-09
6314.0,0.0006914176768439839
6315.0,5.979393776353338e-07
6316.0,7.144130509730404e-07
6317.0,7.701343848165891e-08
6318.0,1.215899152255093e-05
6319.0,3.672312667459498e-08
6320.0,4.521809535547899e-08
6321.0,4.916955545308287e-09
6322.0,1.180729346672113e-08
6323.0,7.1461188503870376e-09
6324.0,1.2965594600355917e-10
6325.0,3.836927737542099e-07
6326.0,1.0267107782788127e-05
6327.0,2.0052853707507045e-09
6328.0,1.1903309897229428e-06
6329.0,3.0426578702413713e-07
6330.0,3.2409672241662125e-08
6331.0,9.353823076872194e-09
6332.0,5.299405806571681e-08
6333.0,1.1158071622432769e-09
6334.0,2.8495797196555218e-06
6335.0,1.7229438315121938e-08
6336.0,0.002039010909910802
6337.0,1.9715014992827394e-09
6338.0,7.0571624449057805e-09
6339.0,1.1203827967522718e-07
6340.0,6.295109930790206e-07
6341.0,1.59941642851893e-05
6342.0,5.735293142428265e-05
6343.0,0.000551370214331016
6344.0,4.588308414931565e-06
6345.0,5.013852595508047e-07
6346.0,4.646833279779848e-05
6347.0,3.576907830109797e-06
6348.0,4.3586870413567203e-07
6349.0,2.0642550622512415e-09
6350.0,2.0257667037748e-07
6351.0,8.864314545698385e-07
6352.0,5.310867023447716e-05
6353.0,2.5665771890277e-07
6354.0,1.7846429728629333e-08
6355.0,5.00614167644967e-08
6356.0,8.453158281115158e-07
6357.0,3.4414306024186867e-06
6358.0,9.236725034909922e-07
6359.0,1.2753918379338502e-07
6360.0,3.012486741889544e-08
6361.0,2.422298512284066e-06
6362.0,4.881810318586864e-07
6363.0,2.425340209721548e-07
6364.0,3.287780192323655e-07
6365.0,3.638225646670847e-07
6366.0,6.757573027994062e-09
6367.0,3.216388801181446e-05
6368.0,9.545033317274209e-08
6369.0,1.229737595532258e-06
6370.0,4.1874208030502533e-07
6371.0,0.00010332293943290317
6372.0,9.909679940596353e-08
6373.0,4.764268626370701e-06
6374.0,3.6091948409616716e-07
6375.0,6.578783934545432e-07
6376.0,4.688074960187426e-06
6377.0,1.3869695647154948e-07
6378.0,1.2133050061163608e-06
6379.0,1.4320824798044742e-05
6380.0,1.2296399030599717e-06
6381.0,1.4062515150600538e-07
6382.0,1.4672395351524922e-08
6383.0,1.1897494861969645e-08
6384.0,2.9383562296676475e-07
6385.0,4.263963999959846e-06
6386.0,6.233504582477857e-05
6387.0,3.01900369235081e-05
6388.0,2.8610880952225217e-08
6389.0,1.2441391638073251e-05
6390.0,4.94587333552159e-06
6391.0,6.687977769664588e-06
6392.0,1.5011936354496733e-07
6393.0,0.00013909281071112587
6394.0,4.6941975815375105e-09
6395.0,2.4936548726787867e-11
6396.0,4.222426384566411e-09
6397.0,6.813583282555993e-08
6398.0,0.0006354506761884689
6399.0,2.8624198238501706e-10
6400.0,3.2319042513717846e-06
6401.0,1.2385403825368656e-10
6402.0,4.459709489429545e-10
6403.0,2.4100170484896826e-09
6404.0,7.72652510231889e-10
6405.0,1.867714710950002e-09
6406.0,1.7916330007734985e-09
6407.0,2.3540359215318676e-10
6408.0,2.152587264396795e-11
6409.0,3.8809182479621804e-08
6410.0,1.754083722661465e-09
6411.0,9.791988014425593e-07
6412.0,1.2533969103708676e-06
6413.0,1.0917115696319615e-06
6414.0,1.1465393917840234e-06
6415.0,1.501109794092203e-08
6416.0,7.654792059790392e-06
6417.0,1.0159686294663756e-06
6418.0,6.187942247772039e-08
6419.0,2.9201505280731448e-08
6420.0,1.4568166221300705e-08
6421.0,4.549172602006427e-06
6422.0,3.912252839895627e-07
6423.0,4.588490777819389e-08
6424.0,1.6055420943115592e-09
6425.0,1.2314780350509131e-05
6426.0,5.217832513443505e-08
6427.0,1.002578098706003e-08
6428.0,3.547436061217643e-08
6429.0,2.237086544810911e-06
6430.0,4.0061744125260887e-07
6431.0,1.029503035178841e-07
6432.0,6.215126742045871e-08
6433.0,2.2267585563561663e-08
6434.0,6.692302288068928e-06
6435.0,3.5576996105459923e-08
6436.0,1.2874971263948797e-08
6437.0,5.4229784062089196e-08
6438.0,2.5156357714142853e-08
6439.0,4.3743420630723975e-09
6440.0,1.1729826005165249e-08
6441.0,5.9016539234516e-07
6442.0,8.484908621088975e-09
6443.0,0.00021311776071861232
6444.0,4.7852110383321e-08
6445.0,1.775750932451932e-09
6446.0,3.210359273130658e-08
6447.0,1.3393133969406769e-08
6448.0,1.4644128118866004e-07
6449.0,3.9223655277466776e-05
6450.0,1.8741482499267846e-10
6451.0,4.7115095886058147e-08
6452.0,9.76626118119181e-08
6453.0,5.371547452060895e-08
6454.0,4.612647765300066e-06
6455.0,5.221379529738671e-07
6456.0,1.706485158280996e-07
6457.0,3.190979997450425e-08
6458.0,8.15559651738765e-09
6459.0,2.7444045733243576e-06
6460.0,8.777488291916646e-08
6461.0,1.2687843892675261e-09
6462.0,7.846558593044911e-08
6463.0,8.133877126449475e-08
6464.0,1.50116025426758e-07
6465.0,5.800837010266404e-08
6466.0,2.587693434190334e-07
6467.0,2.982937634254681e-11
6468.0,5.6345725625689266e-09
6469.0,7.712604606393671e-07
6470.0,1.2971538516444085e-08
6471.0,5.737990207337904e-09
6472.0,1.68385022451939e-09
6473.0,1.695734980514818e-07
6474.0,1.4100164275394933e-07
6475.0,1.784862479396108e-08
6476.0,1.0520349746812373e-07
6477.0,1.3312766703852304e-07
6478.0,1.11663870672508e-07
6479.0,3.5741171682159353e-09
6480.0,4.6448542383859166e-08
6481.0,5.807143438174006e-06
6482.0,4.136199355191702e-08
6483.0,2.4281146743281016e-05
6484.0,3.838495543405283e-06
6485.0,1.2298619568245728e-08
6486.0,1.1963674363624567e-07
6487.0,7.877241606190948e-09
6488.0,4.1422750193399757e-08
6489.0,1.0028249418237637e-08
6490.0,0.00026065517120886977
6491.0,1.4641790573771827e-08
6492.0,3.853019373283793e-07
6493.0,6.150270925885911e-07
6494.0,4.722416756572358e-10
6495.0,2.2505111775524208e-09
6496.0,2.3741312501773246e-07
6497.0,1.6951455315989543e-07
6498.0,3.5130863648241895e-07
6499.0,2.6006786563466547e-09
6500.0,3.4190610929976468e-09
6501.0,7.789832938023233e-07
6502.0,4.2661171335918533e-10
6503.0,3.256286139493892e-07
6504.0,1.9267676630906415e-09
6505.0,1.038087235348381e-06
6506.0,3.23753628707659e-06
6507.0,1.4386967282624181e-07
6508.0,4.54594983993405e-06
6509.0,5.589555239277455e-06
6510.0,1.2528078156571969e-09
6511.0,1.1086187855509058e-10
6512.0,3.190673800971981e-09
6513.0,3.857784470662961e-08
6514.0,2.0373653445182873e-07
6515.0,5.5623011989441984e-08
6516.0,2.627776679812848e-09
6517.0,2.1368871583360096e-07
6518.0,1.9669466552387876e-06
6519.0,7.381736889352473e-06
6520.0,1.8374734070050972e-09
6521.0,9.829423107529134e-08
6522.0,1.0292159811691187e-06
6523.0,8.807312693050668e-06
6524.0,2.8086328874621946e-07
6525.0,3.556232193302597e-07
6526.0,4.423210106192034e-08
6527.0,9.927535105282584e-07
6528.0,1.1628040322966465e-05
6529.0,1.5260424105094968e-07
6530.0,1.197425858197465e-08
6531.0,4.844592003254851e-08
6532.0,1.4027206244662925e-06
6533.0,4.090721277555571e-11
6534.0,4.65308670723078e-09
6535.0,6.293738950845126e-07
6536.0,1.4649998970414345e-08
6537.0,1.4847685228151971e-08
6538.0,3.511319022949024e-06
6539.0,3.9465254830151327e-07
6540.0,1.7273066202199817e-07
6541.0,1.3654771934796253e-06
6542.0,1.5418487997779338e-07
6543.0,2.1328663840223544e-08
6544.0,1.3566466442403622e-07
6545.0,1.970691242749735e-07
6546.0,1.697745203163411e-09
6547.0,4.875335065490422e-08
6548.0,1.3130271097349934e-07
6549.0,2.788645127861464e-09
6550.0,5.691092284216964e-08
6551.0,1.1148867442435421e-07
6552.0,1.378796085654164e-06
6553.0,4.6001380487252095e-06
6554.0,2.2246995620313527e-08
6555.0,5.6940621099919224e-05
6556.0,2.3528635337835992e-07
6557.0,2.4476465584047085e-07
6558.0,9.97054196292727e-09
6559.0,3.9821011255434925e-09
6560.0,3.5468737716204518e-06
6561.0,8.476800556331857e-08
6562.0,3.0159950715825655e-08
6563.0,1.2633247397179e-06
6564.0,1.7873849616781983e-08
6565.0,3.658689158286158e-08
6566.0,2.1868935535713982e-07
6567.0,4.615261958809703e-10
6568.0,6.49843861994636e-07
6569.0,1.165447532615668e-06
6570.0,2.3210947709781728e-09
6571.0,2.6618753230095146e-08
6572.0,9.340943195663516e-10
6573.0,2.7871080701818705e-06
6574.0,4.759344103331592e-08
6575.0,1.0579294386907181e-08
6576.0,1.4129264852341888e-09
6577.0,3.594059579854555e-08
6578.0,1.2505176643550896e-06
6579.0,1.634928890573006e-08
6580.0,3.844722366809242e-06
6581.0,3.5927247047603196e-09
6582.0,4.423219067649178e-11
6583.0,5.722974959113117e-07
6584.0,1.5946272365167735e-07
6585.0,1.0293696245716216e-09
6586.0,1.429460060592151e-09
6587.0,3.1026243474698826e-07
6588.0,3.305460413377605e-08
6589.0,1.2675398187765336e-07
6590.0,1.9776710284393696e-06
6591.0,5.513003280847705e-07
6592.0,7.915716600083423e-09
6593.0,1.0415150768238011e-07
6594.0,4.825664632695842e-07
6595.0,5.3783718318063195e-06
6596.0,2.0358443756876145e-08
6597.0,1.7980834043384603e-09
6598.0,3.198353662544471e-07
6599.0,4.7246390418952845e-07
6600.0,5.64981399037773e-09
6601.0,7.037654093685297e-07
6602.0,1.0368315294624828e-08
6603.0,1.258794805803474e-08
6604.0,2.152428561003882e-08
6605.0,1.7531779396185978e-07
6606.0,2.6798110245478587e-08
6607.0,3.309578356490592e-06
6608.0,7.92833392526172e-07
6609.0,1.9358071573437838e-08
6610.0,1.1585506277428586e-06
6611.0,2.2611446000138483e-07
6612.0,2.7835102819714888e-08
6613.0,3.2833083693459366e-08
6614.0,4.8584597353276507e-08
6615.0,9.53735974273646e-08
6616.0,1.1368981760026016e-10
6617.0,1.1033717609303047e-07
6618.0,4.004666188314651e-06
6619.0,1.165364332871713e-08
6620.0,6.532586877047036e-09
6621.0,8.888660733751033e-10
6622.0,1.6076721912982134e-09
6623.0,4.069271260090971e-06
6624.0,8.825650728817616e-07
6625.0,3.7248004838477067e-07
6626.0,3.679757293043554e-09
6627.0,9.122626745386358e-06
6628.0,1.4637522892212845e-06
6629.0,5.604581866791235e-07
6630.0,3.6226001662497926e-08
6631.0,1.1312615078613298e-07
6632.0,6.1458575731124315e-09
6633.0,1.1219660072329638e-06
6634.0,8.418380516088112e-09
6635.0,6.713587579663819e-08
6636.0,1.8092238219790874e-07
6637.0,6.159825347157113e-08
6638.0,3.048467286237331e-08
6639.0,4.057430995407007e-05
6640.0,1.8310450989786682e-09
6641.0,3.800714072845875e-08
6642.0,7.382425083949722e-09
6643.0,9.815997538592983e-07
6644.0,2.6997813637007225e-08
6645.0,9.821595087294222e-07
6646.0,5.347960758973466e-07
6647.0,3.3738371124382705e-09
6648.0,2.3620351448813648e-07
6649.0,8.609473482086224e-08
6650.0,9.599221438817324e-08
6651.0,1.1051495664243009e-06
6652.0,2.473697976519825e-08
6653.0,1.4772078753829513e-08
6654.0,5.45798717951897e-09
6655.0,1.0544150752404797e-08
6656.0,4.1821544942281705e-08
6657.0,1.8740393062796703e-07
6658.0,2.617054994679233e-06
6659.0,2.2684910909421835e-09
6660.0,3.248454492669003e-07
6661.0,4.008294197990266e-08
6662.0,0.0001887147851312443
6663.0,2.192181794280986e-09
6664.0,2.0678379583443363e-05
6665.0,5.764111782182244e-07
6666.0,2.7605655132889505e-09
6667.0,1.4264908688360393e-07
6668.0,1.035450689623113e-05
6669.0,7.464086354821085e-09
6670.0,3.772216152454342e-07
6671.0,1.3551961764437155e-05
6672.0,5.480290564051692e-08
6673.0,9.126054143461032e-08
6674.0,1.918844465496236e-06
6675.0,4.071720253827095e-10
6676.0,2.508576672859806e-08
6677.0,1.7515147564411797e-06
6678.0,1.7634439398065726e-08
6679.0,6.849633211680294e-09
6680.0,1.509124463695358e-07
6681.0,4.2861904424960194e-08
6682.0,1.3159405943105621e-06
6683.0,1.1431331899971454e-07
6684.0,1.392572868635979e-07
6685.0,2.7538712844411454e-06
6686.0,4.060627296904811e-06
6687.0,1.2330961722624102e-07
6688.0,1.4047916464958902e-10
6689.0,9.878349386877085e-06
6690.0,7.438886791643365e-06
6691.0,4.00539941564652e-06
6692.0,2.4596821963958453e-06
6693.0,7.059452306799153e-07
6694.0,4.3313504102961035e-07
6695.0,1.5641221597484002e-06
6696.0,4.351734616697574e-07
6697.0,1.7931856220209004e-07
6698.0,5.124332299815443e-10
6699.0,4.341935089505607e-09
6700.0,3.441236301021453e-07
6701.0,2.4282388158931825e-07
6702.0,2.794505817868089e-07
6703.0,8.881993949742598e-08
6704.0,7.277091306056442e-05
6705.0,3.509011822302928e-08
6706.0,2.958841178115506e-09
6707.0,1.881055019396573e-09
6708.0,1.886270413628149e-09
6709.0,2.1684886164322816e-08
6710.0,2.0917374910550972e-05
6711.0,3.7967857936293766e-08
6712.0,2.446562220555793e-06
6713.0,1.9705192259323492e-07
6714.0,1.9623499268637994e-10
6715.0,3.254358645577165e-10
6716.0,3.410792640447686e-07
6717.0,1.4253227410888396e-10
6718.0,1.0831897675311317e-09
6719.0,1.0156900791904052e-07
6720.0,2.3124648267243855e-06
6721.0,4.5447184586138444e-08
6722.0,8.672565957508278e-09
6723.0,3.0576726332223136e-06
6724.0,8.280308250227176e-07
6725.0,1.2183417496438704e-08
6726.0,9.326100695002206e-06
6727.0,1.3579051470036728e-06
6728.0,5.358885524820461e-11
6729.0,1.703346613745376e-07
6730.0,4.177418248561492e-06
6731.0,3.4371138870132645e-07
6732.0,1.6956762775371307e-07
6733.0,1.2825829169138168e-07
6734.0,4.114034948644485e-09
6735.0,9.2471839826088e-08
6736.0,6.5957739000485e-09
6737.0,1.982294560430791e-08
6738.0,4.2531723336077015e-07
6739.0,8.27275715755401e-05
6740.0,0.0013735390735636062
6741.0,3.0150397964942295e-08
6742.0,1.0218956239908456e-06
6743.0,2.1965119754403365e-05
6744.0,1.8687622276777856e-07
6745.0,1.7906257336264646e-08
6746.0,5.242635807572107e-08
6747.0,3.7789393802348476e-08
6748.0,1.48431133047798e-07
6749.0,1.964557217398982e-08
6750.0,4.883520793850257e-07
6751.0,2.5699042862067952e-09
6752.0,6.251451654765796e-08
6753.0,1.7823962915047089e-06
6754.0,2.751846122323678e-06
6755.0,1.0179916998393863e-07
6756.0,0.0002161905224437639
6757.0,2.2531242480182742e-08
6758.0,1.5516484507021074e-06
6759.0,6.85090152375934e-08
6760.0,1.8983181138065815e-08
6761.0,3.9668509865078097e-07
6762.0,5.852539309954434e-09
6763.0,1.0324292448219052e-08
6764.0,6.622986875669176e-08
6765.0,5.613030040607306e-06
6766.0,3.616531535412503e-09
6767.0,1.8201710146069082e-07
6768.0,3.454416820099239e-06
6769.0,1.061100511308555e-07
6770.0,1.293280713008715e-05
6771.0,4.5771767106508976e-08
6772.0,1.0299447620116762e-08
6773.0,7.151084363045005e-07
6774.0,1.909935700292554e-06
6775.0,4.594570862920683e-06
6776.0,4.885166963799793e-06
6777.0,8.503055147786147e-08
6778.0,1.5651818579808713e-07
6779.0,5.8049509601591756e-08
6780.0,2.0181499086156173e-10
6781.0,9.68816446601255e-09
6782.0,5.891689344197867e-09
6783.0,8.594533509629784e-07
6784.0,2.7438682650106994e-06
6785.0,2.134375234560669e-07
6786.0,3.1741370333590624e-08
6787.0,8.296715064429731e-09
6788.0,1.5284606412770765e-05
6789.0,5.348320428043649e-10
6790.0,1.0319248602184209e-10
6791.0,3.7876334582034185e-08
6792.0,3.143002118531229e-07
6793.0,1.848129234656862e-07
6794.0,1.0687827469762551e-07
6795.0,5.148957897121702e-08
6796.0,2.5039624823806625e-07
6797.0,1.663157574084773e-05
6798.0,4.4996776068402315e-09
6799.0,8.588863917514426e-09
6800.0,5.5947041355559895e-09
6801.0,1.1023923687309819e-09
6802.0,1.0811026648333098e-07
6803.0,1.38888524675283e-06
6804.0,1.2200980165422561e-08
6805.0,1.3232369443205486e-08
6806.0,8.628290835729845e-10
6807.0,1.3874961184713267e-09
6808.0,6.5403727678607095e-09
6809.0,5.01395549233978e-09
6810.0,1.1791738027408363e-08
6811.0,1.4215194684163326e-10
6812.0,2.9617318456783317e-06
6813.0,4.185508786490418e-08
6814.0,1.574745507007808e-10
6815.0,6.470911593000678e-08
6816.0,3.342263563686633e-08
6817.0,4.703144497190666e-08
6818.0,5.4438491449164885e-09
6819.0,6.097629205565996e-07
6820.0,1.6293698482802452e-07
6821.0,3.94006805492854e-07
6822.0,3.240504475023372e-09
6823.0,4.9265709597494375e-09
6824.0,8.905423337079425e-09
6825.0,4.250598547549855e-07
6826.0,1.5007582573890342e-07
6827.0,1.7934745308642487e-10
6828.0,2.303508798525183e-07
6829.0,4.065681808867034e-09
6830.0,2.7412637002434166e-11
6831.0,1.1924643381688104e-09
6832.0,2.7091957826703644e-09
6833.0,2.9638972084044857e-05
6834.0,1.3143442824494068e-05
6835.0,2.0549781364308042e-08
6836.0,1.672279098118998e-07
6837.0,8.845669742370262e-08
6838.0,8.352590384479639e-10
6839.0,3.500015823345004e-08
6840.0,1.1060224286881996e-08
6841.0,1.4075545451826235e-07
6842.0,7.847603009160723e-07
6843.0,1.904207904543153e-08
6844.0,2.9603472882013e-08
6845.0,1.6179578646662364e-07
6846.0,1.0862828576403195e-06
6847.0,2.4578253342695734e-08
6848.0,2.3774184497976164e-09
6849.0,1.4012109135472734e-07
6850.0,2.902863374524254e-10
6851.0,4.524907755768094e-07
6852.0,2.6596696823660485e-08
6853.0,1.070546264749279e-07
6854.0,5.824560744485968e-07
6855.0,5.9271673850810557e-08
6856.0,2.2007495206403855e-07
6857.0,2.7118267540837476e-09
6858.0,2.682719100650131e-07
6859.0,6.195055304370377e-08
6860.0,4.6456384400668844e-08
6861.0,3.879806787152361e-09
6862.0,3.131943298034966e-08
6863.0,5.286082357095735e-09
6864.0,1.1895929628922403e-08
6865.0,1.403443882783559e-07
6866.0,3.486152872235227e-08
6867.0,2.645913459151674e-07
6868.0,1.7030313872774758e-06
6869.0,1.6446785132876464e-07
6870.0,2.981877011106666e-07
6871.0,1.0871729849927806e-06
6872.0,2.5045536602606247e-08
6873.0,6.485277050463325e-10
6874.0,1.395293464909936e-08
6875.0,2.2838752217582175e-08
6876.0,1.645767154408435e-08
6877.0,2.8487253487176543e-09
6878.0,4.4842571825401065e-09
6879.0,4.211089222994565e-09
6880.0,4.677631808581785e-10
6881.0,3.8785301730217006e-07
6882.0,1.1302178639420068e-09
6883.0,4.0922558737472314e-07
6884.0,4.6427398177792284e-07
6885.0,7.833110009299798e-07
6886.0,1.1405156259379894e-07
6887.0,6.220798291131804e-07
6888.0,1.3743365259647804e-09
6889.0,4.978047065337901e-08
6890.0,9.686265889653738e-10
6891.0,6.971334625758009e-09
6892.0,4.8540795358384286e-09
6893.0,1.5698860358399431e-06
6894.0,4.038531982272167e-09
6895.0,5.216348377111897e-08
6896.0,1.9940082128244947e-06
6897.0,5.273961647683892e-07
6898.0,1.2198093986908914e-08
6899.0,6.78199395774989e-08
6900.0,3.6954192803227702e-06
6901.0,6.293825579532551e-07
6902.0,6.177922218989824e-11
6903.0,8.924937176990032e-08
6904.0,1.5858230870179932e-07
6905.0,3.4982687956282474e-10
6906.0,3.1201999454175373e-09
6907.0,8.861816025435075e-09
6908.0,2.5723334980287406e-07
6909.0,1.0071071262637488e-06
6910.0,7.80040559733397e-06
6911.0,7.686113065088002e-07
6912.0,1.649525621929363e-06
6913.0,3.833090749848411e-07
6914.0,2.9510160001910402e-09
6915.0,1.5506716539807913e-06
6916.0,1.0011036918970058e-07
6917.0,5.17465917153618e-07
6918.0,6.24401120477375e-08
6919.0,2.550439340170123e-07
6920.0,7.306657536625235e-07
6921.0,3.087304192430022e-07
6922.0,2.973464858742745e-06
6923.0,5.245290060358024e-08
6924.0,5.961098035542656e-08
6925.0,0.0001343451655450339
6926.0,1.6867653164811297e-10
6927.0,2.7833345949856797e-07
6928.0,4.906764830465e-08
6929.0,4.082830438895895e-10
6930.0,1.4130434093358592e-09
6931.0,2.167257708427892e-07
6932.0,6.183062092154312e-06
6933.0,0.0003431686389701113
6934.0,7.40707813335816e-07
6935.0,1.341351790897439e-08
6936.0,3.1085647645210113e-07
6937.0,2.8840766561887367e-08
6938.0,3.705061922858421e-07
6939.0,3.1213500989372665e-10
6940.0,1.4096054248881863e-06
6941.0,3.3681408907658828e-09
6942.0,4.7497272454173626e-08
6943.0,9.545769957663261e-09
6944.0,1.234453338558318e-10
6945.0,2.009222298695342e-06
6946.0,7.14970630930015e-08
6947.0,1.760544142346345e-06
6948.0,2.056631682469266e-05
6949.0,8.536556013657877e-10
6950.0,8.357462749357437e-11
6951.0,4.4452455612674657e-08
6952.0,1.6764163174946964e-09
6953.0,5.542008201270202e-07
6954.0,1.1271327200046575e-06
6955.0,8.137415215894548e-06
6956.0,6.769631710412455e-11
6957.0,5.361925719892487e-07
6958.0,4.940518874307339e-09
6959.0,9.925928655505109e-08
6960.0,3.5493045672035705e-08
6961.0,6.953334762935591e-05
6962.0,1.527920867696813e-08
6963.0,3.209806911695197e-08
6964.0,4.57537553203857e-08
6965.0,7.632530746850422e-09
6966.0,2.7671870781813107e-09
6967.0,3.738936597429314e-07
6968.0,8.86295959237191e-09
6969.0,3.149286264215706e-09
6970.0,5.3996082359540766e-08
6971.0,3.4049507002090556e-09
6972.0,1.882637900813364e-08
6973.0,1.6337584854770772e-08
6974.0,8.616163478705145e-09
6975.0,1.1602676885133323e-07
6976.0,3.087162057630501e-08
6977.0,2.4512112767091226e-08
6978.0,6.778406359219344e-09
6979.0,4.570540118216739e-10
6980.0,7.378353484142098e-07
6981.0,8.943948325178004e-06
6982.0,8.01410886960957e-06
6983.0,1.0186903224968752e-07
6984.0,4.1175460817092894e-10
6985.0,3.4682995970241196e-10
6986.0,4.453926341153848e-07
6987.0,1.2319319229582373e-05
6988.0,2.664436762450552e-08
6989.0,6.523562850473753e-07
6990.0,6.551870517144102e-08
6991.0,5.912420909100453e-08
6992.0,3.926641195854972e-06
6993.0,9.376157611138738e-06
6994.0,7.765923010602331e-06
6995.0,6.892216403713014e-06
6996.0,5.593681606017864e-05
6997.0,1.0493521702468998e-09
6998.0,1.1366806581367892e-08
6999.0,6.49862702189893e-09
7000.0,3.0796887559400404e-09
7001.0,8.957394815653705e-09
7002.0,7.238880676010076e-08
7003.0,1.657640335228088e-06
7004.0,1.3618871847480953e-08
7005.0,1.7732650482207908e-08
7006.0,8.621053794534922e-06
7007.0,2.426600412341015e-07
7008.0,6.114905727725665e-10
7009.0,7.043345625261258e-09
7010.0,2.6186839802946755e-08
7011.0,7.073595120819832e-08
7012.0,2.0569352276531494e-06
7013.0,5.334599788593623e-08
7014.0,1.3150257335481019e-08
7015.0,1.4620236867451687e-05
7016.0,2.1807218035505512e-09
7017.0,7.481458291361681e-05
7018.0,2.0045866434861327e-06
7019.0,5.685345779441413e-08
7020.0,0.016954621726975053
7021.0,0.00035028010669697565
7022.0,3.994364957808509e-05
7023.0,6.73894633221229e-07
7024.0,4.630615259303693e-07
7025.0,2.0637828103566692e-06
7026.0,1.3145192586048145e-09
7027.0,2.637831984559811e-12
7028.0,4.144549090994559e-08
7029.0,4.78548091663041e-08
7030.0,5.701600798794029e-07
7031.0,0.00021174606130539616
7032.0,2.7904903557340985e-08
7033.0,6.8407083363255e-07
7034.0,6.7865342934858055e-06
7035.0,3.905020613026968e-08
7036.0,6.887368275570176e-07
7037.0,3.872568721523468e-06
7038.0,2.43676231681569e-07
7039.0,3.0633206987577974e-08
7040.0,2.0525703644224198e-07
7041.0,6.106237778628362e-07
7042.0,2.0044658944828796e-08
7043.0,2.0359719798498486e-07
7044.0,5.3358924947450024e-08
7045.0,6.934166444677209e-08
7046.0,4.481677737357647e-07
7047.0,8.597108422844683e-10
7048.0,7.3622726283342e-07
7049.0,2.4096664325487772e-08
7050.0,7.933249036201326e-07
7051.0,1.6725928706463543e-09
7052.0,4.3032006740696374e-07
7053.0,5.615140387806894e-09
7054.0,3.824787657164052e-09
7055.0,3.7437095462951113e-07
7056.0,5.660883786913445e-07
7057.0,4.736771562896897e-07
7058.0,7.90549788067e-11
7059.0,2.2261341608576953e-09
7060.0,1.1394188780763051e-08
7061.0,2.480487459953928e-06
7062.0,6.354412696505544e-07
7063.0,9.237831143019488e-07
7064.0,2.509434149659408e-08
7065.0,3.097980200895346e-08
7066.0,3.199918776102083e-09
7067.0,4.496865348027823e-07
7068.0,1.9258871208366395e-07
7069.0,4.124720500600207e-06
7070.0,1.928664134535805e-08
7071.0,4.212351300276831e-08
7072.0,4.44428624074422e-05
7073.0,1.2685819941080684e-07
7074.0,1.1552259199005654e-09
7075.0,1.6593793779143663e-08
7076.0,6.617347685770498e-08
7077.0,6.849212711340209e-06
7078.0,5.573233522426716e-09
7079.0,1.6145745535048563e-08
7080.0,5.85948901686976e-07
7081.0,1.4865617856177746e-06
7082.0,3.584674832619951e-06
7083.0,2.166242320429831e-07
7084.0,2.5858823404667565e-08
7085.0,3.723884998792348e-09
7086.0,5.360032966386161e-08
7087.0,3.4242068552061076e-07
7088.0,8.007653418717545e-08
7089.0,1.562965979818262e-07
7090.0,3.023087204776958e-09
7091.0,2.5136234614598987e-07
7092.0,2.0635557422723778e-08
7093.0,1.925852645572172e-09
7094.0,5.8855197790984254e-08
7095.0,1.1264933724025836e-07
7096.0,5.9060482859859966e-08
7097.0,1.3784224281753334e-08
7098.0,2.6695329880395728e-06
7099.0,4.5808102417958617e-07
7100.0,5.1126198810049564e-08
7101.0,2.860655064507463e-08
7102.0,4.8701369986593393e-08
7103.0,3.106945323838247e-08
7104.0,1.7394610031307964e-07
7105.0,1.24648544214461e-07
7106.0,2.652400770872503e-10
7107.0,1.8937616482597026e-07
7108.0,9.347533064828332e-09
7109.0,4.981132631854478e-09
7110.0,8.734846607454043e-08
7111.0,4.145231067303219e-08
7112.0,6.455702493768756e-08
7113.0,9.049701611396014e-08
7114.0,2.231601515136924e-09
7115.0,2.8481484711605353e-10
7116.0,4.521113513115516e-06
7117.0,4.9395986279583475e-09
7118.0,3.516579113000786e-06
7119.0,2.681226910207755e-07
7120.0,1.0647793639495284e-07
7121.0,1.948936417972325e-07
7122.0,1.561065591358192e-08
7123.0,9.333430531555233e-08
7124.0,8.945839980726372e-09
7125.0,8.160600814830428e-08
7126.0,4.500967837001378e-08
7127.0,4.185124392060563e-07
7128.0,4.506999363624841e-09
7129.0,3.788220032580209e-05
7130.0,4.315863190310683e-09
7131.0,1.1835656581340685e-07
7132.0,4.6593665823971723e-08
7133.0,1.6623157679444524e-06
7134.0,1.9075709768634886e-06
7135.0,2.1484298564516026e-07
7136.0,7.867284493915473e-10
7137.0,1.8269604423283822e-07
7138.0,9.563407449534565e-08
7139.0,1.109609029122363e-08
7140.0,7.945477843805051e-07
7141.0,1.0389932782431652e-08
7142.0,9.640022994753178e-07
7143.0,2.401099211774601e-07
7144.0,3.9632627332035657e-08
7145.0,4.964084759142745e-07
7146.0,4.212999033906337e-08
7147.0,1.1995472300749907e-07
7148.0,4.270729535526371e-10
7149.0,1.069705597218191e-10
7150.0,5.9339964531435726e-08
7151.0,3.2606192478672778e-09
7152.0,9.401184897899415e-09
7153.0,1.2496394365799987e-08
7154.0,5.2073818724890184e-09
7155.0,2.1851315874676767e-08
7156.0,1.969993619826199e-08
7157.0,2.592756332458747e-08
7158.0,3.1124437190024294e-09
7159.0,2.0255698640009433e-06
7160.0,1.6706511186321407e-05
7161.0,1.4395255954547444e-06
7162.0,1.5971763579375346e-08
7163.0,1.3951416626299862e-10
7164.0,7.399446168909314e-08
7165.0,2.8852372335131427e-07
7166.0,2.9623021246884886e-09
7167.0,5.907770792414005e-07
7168.0,5.38342657989016e-05
7169.0,0.0002269719063693939
7170.0,6.708431795902045e-10
7171.0,5.390129700885984e-07
7172.0,5.5847330557076944e-09
7173.0,1.9376353174317464e-07
7174.0,5.795675067438846e-08
7175.0,2.516083478756278e-06
7176.0,5.402034843133186e-07
7177.0,3.200143302850996e-06
7178.0,3.12025195545506e-07
7179.0,1.2841139212674946e-10
7180.0,2.3560325079151187e-05
7181.0,1.035518269526359e-10
7182.0,2.708167076752992e-06
7183.0,1.7911793210667426e-08
7184.0,3.094932589124825e-07
7185.0,2.4872685250254497e-05
7186.0,9.526954041371705e-10
7187.0,1.796391142512326e-07
7188.0,8.822220214960395e-07
7189.0,3.7935506617166364e-07
7190.0,1.4310682629513041e-08
7191.0,5.069232362725595e-07
7192.0,6.036408276437921e-08
7193.0,2.473894343698608e-07
7194.0,5.19451239928432e-08
7195.0,8.447038866197466e-08
7196.0,3.4059200186224064e-07
7197.0,2.476194551728665e-07
7198.0,4.862577949606893e-09
7199.0,8.30565665000389e-09
7200.0,1.094107764860653e-07
7201.0,4.304474117696937e-06
7202.0,2.6997609227970303e-09
7203.0,3.0555539619296286e-07
7204.0,6.193321158228574e-07
7205.0,3.4819602396384692e-09
7206.0,1.774745971221013e-07
7207.0,6.219646720631595e-08
7208.0,4.889834887479372e-07
7209.0,1.865350201487236e-08
7210.0,2.59321448501095e-09
7211.0,7.415888128653956e-09
7212.0,3.324070968838551e-06
7213.0,2.9351815016937134e-09
7214.0,2.372570663311541e-09
7215.0,6.387679565727399e-09
7216.0,2.1879576213271165e-07
7217.0,1.0238128631677093e-07
7218.0,2.1859659052249482e-07
7219.0,2.9329963570960683e-08
7220.0,1.2594183548238935e-07
7221.0,5.159121637869284e-06
7222.0,8.875725609080089e-07
7223.0,4.930542174784503e-09
7224.0,9.948527782750423e-10
7225.0,6.5165949320051685e-09
7226.0,6.795917017516479e-08
7227.0,3.5290616737560175e-09
7228.0,4.080099425971694e-07
7229.0,7.067205565653543e-10
7230.0,9.317386277327806e-08
7231.0,5.585966384827817e-07
7232.0,9.48977729609557e-07
7233.0,1.2719290954392263e-08
7234.0,3.4074985397886253e-08
7235.0,1.1445065046562564e-10
7236.0,6.159851001485448e-06
7237.0,6.901890217825499e-07
7238.0,2.173000417077254e-08
7239.0,6.277355497551201e-09
7240.0,5.844954877265595e-07
7241.0,3.937896387485889e-09
7242.0,8.451910724367855e-06
7243.0,4.405041526299972e-08
7244.0,2.2420876957632547e-08
7245.0,1.403233585329684e-05
7246.0,1.3831355314024697e-08
7247.0,6.292580908161405e-07
7248.0,7.261263248455737e-10
7249.0,2.6129954152168657e-08
7250.0,5.0507638997790866e-09
7251.0,1.0648184938297345e-07
7252.0,3.854364520922095e-07
7253.0,9.88084479207594e-08
7254.0,1.9796213804710567e-05
7255.0,3.447995334653153e-08
7256.0,3.0315095524030265e-07
7257.0,3.362652287783895e-07
7258.0,1.6912801319227702e-06
7259.0,4.094588228872705e-07
7260.0,1.0187028976713175e-08
7261.0,4.017629849409647e-08
7262.0,1.8538808072749457e-07
7263.0,2.0143276720879855e-07
7264.0,2.480982253906848e-07
7265.0,1.5736512282840005e-07
7266.0,3.365731276704127e-05
7267.0,2.6775465202513917e-09
7268.0,3.958195852544629e-09
7269.0,8.984790245762795e-07
7270.0,1.1606527180845912e-09
7271.0,2.20693224915969e-08
7272.0,2.9524244710549925e-08
7273.0,2.4184458974284056e-07
7274.0,3.0081933928592677e-07
7275.0,3.7850830328607665e-07
7276.0,1.094707246963202e-06
7277.0,4.705511983533461e-09
7278.0,1.7672261219555316e-07
7279.0,2.079427189626346e-08
7280.0,2.110789500066289e-06
7281.0,1.4895258903940407e-07
7282.0,3.231811491047082e-08
7283.0,1.8622426965673202e-07
7284.0,2.0179630586768224e-09
7285.0,1.106433836931726e-08
7286.0,6.122435505210907e-08
7287.0,4.6738255787304375e-07
7288.0,7.009915355604965e-07
7289.0,1.1561234017053046e-07
7290.0,8.381579095641462e-08
7291.0,2.3612526272876527e-08
7292.0,3.2576846767696087e-09
7293.0,1.1283869031479505e-08
7294.0,2.2989320687493576e-10
7295.0,1.2201359619403837e-06
7296.0,5.609949625492797e-11
7297.0,2.944321814697509e-06
7298.0,2.7658940931289396e-07
7299.0,2.6098142134324466e-07
7300.0,6.28965901049239e-09
7301.0,4.038676383484734e-07
7302.0,2.2755813538618287e-10
7303.0,8.526199754033919e-06
7304.0,2.105306306519471e-07
7305.0,1.2298936878473209e-09
7306.0,2.903323773494188e-07
7307.0,8.11014105621226e-09
7308.0,7.70422877561672e-06
7309.0,2.0889100061402575e-08
7310.0,3.230964010288615e-08
7311.0,2.2011362592122254e-08
7312.0,1.7611906232338581e-06
7313.0,1.1800683393702832e-08
7314.0,6.292062502075124e-08
7315.0,1.5204133870016507e-10
7316.0,1.9968896534315572e-07
7317.0,1.1055375887072886e-06
7318.0,1.1244783186572066e-06
7319.0,6.419210754274342e-08
7320.0,5.1034112735530643e-08
7321.0,1.8514349684211407e-07
7322.0,5.025839015417089e-07
7323.0,1.6482344560865767e-08
7324.0,2.4533818704356845e-10
7325.0,4.595589328646069e-08
7326.0,6.507250702394262e-08
7327.0,2.53517773761048e-07
7328.0,8.835889705329402e-08
7329.0,1.2688789364968995e-06
7330.0,3.966247753668119e-07
7331.0,1.0526766775016829e-06
7332.0,1.5924302474958112e-08
7333.0,1.189654404075426e-08
7334.0,1.0939269461193776e-08
7335.0,4.586282422890079e-08
7336.0,8.915647496646769e-07
7337.0,6.95845762227422e-08
7338.0,4.43931099804672e-06
7339.0,2.6162170612197057e-08
7340.0,4.2964448157607365e-08
7341.0,1.838508769050957e-07
7342.0,1.0673959901367277e-07
7343.0,3.808975636315569e-07
7344.0,5.469079353435477e-09
7345.0,1.3066226575529113e-08
7346.0,1.615466711417859e-09
7347.0,7.356764399881632e-08
7348.0,6.718945882552824e-08
7349.0,2.490473235695515e-09
7350.0,4.247005787554397e-08
7351.0,4.879455746570427e-07
7352.0,2.297329159663618e-08
7353.0,3.442628153762669e-06
7354.0,6.210890827655421e-07
7355.0,2.0966243321183754e-07
7356.0,2.0282325443561096e-09
7357.0,1.857788273702981e-09
7358.0,2.2620393696456857e-06
7359.0,2.529847846927349e-07
7360.0,2.7830543108244204e-07
7361.0,3.4063131650178064e-06
7362.0,3.155907854217476e-07
7363.0,2.646538977472141e-08
7364.0,2.3088568279903907e-08
7365.0,1.4678607722189855e-06
7366.0,3.40517565510785e-08
7367.0,5.634018234393115e-07
7368.0,3.661059973774709e-07
7369.0,6.1030228472118214e-09
7370.0,4.1721887361650286e-09
7371.0,1.2418666864380073e-06
7372.0,1.4998542730845347e-07
7373.0,3.579771044389962e-09
7374.0,7.18299719385721e-07
7375.0,5.6877605776248976e-08
7376.0,2.2928944321607185e-08
7377.0,1.0124479201563252e-06
7378.0,5.32581675561283e-09
7379.0,2.4748005761935484e-08
7380.0,1.888193359575234e-09
7381.0,6.7465780165756865e-09
7382.0,1.5178020050084554e-08
7383.0,1.0645827100563174e-06
7384.0,3.1174632578616225e-06
7385.0,8.904231521224883e-07
7386.0,3.081955911828322e-08
7387.0,4.5558154104991116e-08
7388.0,2.393890267825953e-09
7389.0,6.801425626004572e-08
7390.0,1.1975554074804137e-07
7391.0,3.9931299135694665e-10
7392.0,1.50659441628414e-08
7393.0,1.415624344664798e-07
7394.0,3.012953217723477e-08
7395.0,2.433870527250978e-06
7396.0,3.6728184255551086e-08
7397.0,8.428313313917443e-08
7398.0,9.434606783071779e-08
7399.0,7.594339103742321e-09
7400.0,1.9195566869279832e-07
7401.0,4.352184044625559e-07
7402.0,5.81721307153668e-09
7403.0,9.82274546399251e-09
7404.0,9.979150585434719e-09
7405.0,1.4727552553323567e-09
7406.0,8.721995975183364e-08
7407.0,3.018308824504197e-10
7408.0,1.4353947813565556e-05
7409.0,7.135209274418572e-07
7410.0,3.591468212949105e-07
7411.0,8.40629032393093e-08
7412.0,4.924311808982607e-09
7413.0,1.234269516190034e-08
7414.0,1.0166373347291841e-07
7415.0,8.676962315655135e-08
7416.0,8.043970920427811e-06
7417.0,2.1201495900402922e-07
7418.0,9.564184892104812e-09
7419.0,7.21908641179612e-08
7420.0,8.199402586331923e-09
7421.0,8.467563878515545e-09
7422.0,1.2468319534363326e-09
7423.0,5.058238242280545e-08
7424.0,3.059287072345451e-08
7425.0,2.657903250030756e-07
7426.0,1.7081950971951045e-08
7427.0,4.858303247690689e-06
7428.0,3.0407759674606303e-09
7429.0,2.5450650465115236e-09
7430.0,0.00032791443435779464
7431.0,2.9497289455116807e-08
7432.0,2.400549863828667e-09
7433.0,1.2645389381955788e-09
7434.0,1.0887386882486938e-05
7435.0,1.159894680090482e-07
7436.0,1.736841568296083e-09
7437.0,6.58490741660983e-07
7438.0,5.275577288130643e-09
7439.0,3.207566276786153e-08
7440.0,2.138326119137938e-07
7441.0,1.5411702595976488e-10
7442.0,8.805782586588915e-07
7443.0,1.527130364963716e-07
7444.0,2.3553634727285527e-07
7445.0,2.5096746530317475e-05
7446.0,4.7053112304117424e-09
7447.0,1.4666433544849905e-09
7448.0,1.2258712939263982e-07
7449.0,9.925141490157819e-06
7450.0,5.927825280496058e-08
7451.0,1.3328721128142902e-05
7452.0,1.4086595690087393e-09
7453.0,1.2689328702848456e-07
7454.0,2.02974397076849e-09
7455.0,1.6277782844901375e-09
7456.0,4.5020868371790674e-08
7457.0,1.8580286611499243e-06
7458.0,6.313441032674239e-07
7459.0,7.78828153366537e-11
7460.0,7.469492581042807e-07
7461.0,5.176067614522831e-05
7462.0,1.0151787429292142e-08
7463.0,2.7708667155098836e-07
7464.0,4.255804299574698e-08
7465.0,2.8365164134044948e-08
7466.0,5.593114980080481e-07
7467.0,1.9414763870579678e-07
7468.0,4.196529396416653e-09
7469.0,2.0964063331805465e-08
7470.0,7.5838617898153214e-06
7471.0,5.099224663409519e-07
7472.0,3.463650373775301e-07
7473.0,8.545393113509401e-11
7474.0,2.505783659384144e-06
7475.0,6.589458446286704e-06
7476.0,1.5167284250658985e-09
7477.0,4.231060768861775e-09
7478.0,2.6358860715582764e-10
7479.0,6.97112895551646e-07
7480.0,1.393447987241602e-07
7481.0,2.72503559077971e-07
7482.0,3.313593548981957e-07
7483.0,6.85936308459356e-11
7484.0,7.92791692501011e-08
7485.0,8.712743457905761e-07
7486.0,1.1585364159044513e-09
7487.0,2.7867688154883324e-08
7488.0,1.5951617883217668e-09
7489.0,2.0875391190264094e-05
7490.0,7.446435468589542e-05
7491.0,6.55229387056391e-07
7492.0,5.1615895826273354e-08
7493.0,3.910012651150267e-07
7494.0,3.827943484398209e-09
7495.0,2.5069675730181726e-05
7496.0,1.9094199651004823e-08
7497.0,3.9112997147421946e-06
7498.0,7.78441623025791e-08
7499.0,2.8481830135187444e-06
7500.0,4.158377102848397e-08
7501.0,4.573977113187266e-07
7502.0,1.3843017813892655e-08
7503.0,9.71628908596908e-08
7504.0,8.975821013557427e-09
7505.0,4.13716710756064e-07
7506.0,1.3153661573369181e-08
7507.0,2.314809411064545e-08
7508.0,5.890236405043773e-07
7509.0,1.7901658152542347e-09
7510.0,6.528551085753645e-07
7511.0,7.483866776572055e-07
7512.0,1.3587441362346461e-06
7513.0,3.018084124700682e-09
7514.0,2.577693618302685e-09
7515.0,1.5573028820068653e-07
7516.0,5.0753475611915163e-08
7517.0,3.1331927625351157e-06
7518.0,2.6796473260464974e-07
7519.0,5.99274500560184e-08
7520.0,1.0751861740102485e-07
7521.0,7.264619668276737e-07
7522.0,6.959676406909254e-07
7523.0,2.8856354750984976e-06
7524.0,2.336976107957711e-09
7525.0,1.4883161162091773e-06
7526.0,1.0032462898957809e-07
7527.0,1.0400800540098667e-07
7528.0,1.730888359924495e-09
7529.0,3.0337642736792132e-06
7530.0,1.6521167288602104e-07
7531.0,9.305311007727742e-09
7532.0,1.4624496880806304e-07
7533.0,2.3880586534398637e-07
7534.0,1.4862350052921896e-08
7535.0,6.108056146325593e-06
7536.0,3.785961001697058e-09
7537.0,1.258981463420514e-08
7538.0,1.030177628478437e-07
7539.0,1.6925048608944139e-09
7540.0,6.923627656803694e-07
7541.0,1.3419175573380882e-06
7542.0,2.8691869024879596e-10
7543.0,4.331552180892119e-10
7544.0,1.2765902287599088e-09
7545.0,7.197903769439502e-09
7546.0,2.667847560158731e-08
7547.0,3.7340145070992993e-07
7548.0,1.6671480069593984e-06
7549.0,6.730566968509075e-08
7550.0,5.170872985570495e-07
7551.0,4.516440427186422e-09
7552.0,3.2341159698257554e-06
7553.0,3.3676331989065575e-08
7554.0,2.0029771665422387e-09
7555.0,1.341941791194846e-08
7556.0,1.564594351851257e-07
7557.0,8.903064445672178e-07
7558.0,3.803168600575581e-08
7559.0,4.07450569970376e-07
7560.0,1.5351927922903662e-07
7561.0,6.702439729953266e-07
7562.0,1.755578017847902e-07
7563.0,3.0450631599848197e-08
7564.0,3.4897070205805e-07
7565.0,2.353995812233383e-06
7566.0,1.1736981624094258e-09
7567.0,5.2851691803863475e-09
7568.0,7.967268348642826e-08
7569.0,2.9476320004711407e-08
7570.0,1.603106920165435e-07
7571.0,1.0654240065781168e-06
7572.0,1.9380300585070447e-08
7573.0,3.3253123640064797e-07
7574.0,3.4570637562392865e-08
7575.0,2.188921502249586e-07
7576.0,6.872299170761987e-09
7577.0,3.564587868323464e-07
7578.0,1.1322000152060098e-09
7579.0,5.944345269381942e-07
7580.0,1.9018763180507316e-05
7581.0,2.593998345147242e-07
7582.0,5.5007798499672287e-08
7583.0,1.7242643227754553e-07
7584.0,2.1941320278323498e-06
7585.0,4.41397207576394e-08
7586.0,3.330641700520489e-08
7587.0,1.1898402967511013e-09
7588.0,2.724973614614531e-09
7589.0,1.5322153803717494e-08
7590.0,4.3752415434388145e-07
7591.0,2.404114211452374e-06
7592.0,1.5019217327118717e-06
7593.0,1.4295957308146456e-06
7594.0,0.00036652117337479545
7595.0,1.1469029416766916e-07
7596.0,1.4985197601561715e-06
7597.0,1.0567474141145263e-06
7598.0,1.3619166943989268e-09
7599.0,5.019083408790537e-08
7600.0,6.228321785138324e-08
7601.0,1.160619668721915e-06
7602.0,1.3429640750248387e-06
7603.0,7.78336580815468e-09
7604.0,1.8029857529145127e-09
7605.0,1.0521149802902094e-08
7606.0,3.9919304924732754e-07
7607.0,1.3189809007079498e-07
7608.0,1.529994804399176e-08
7609.0,2.4751226961077745e-08
7610.0,6.217199616654125e-07
7611.0,2.9224158685638287e-09
7612.0,6.986819552835134e-09
7613.0,2.0355671118244383e-05
7614.0,1.5029347749197786e-08
7615.0,2.3131896274009178e-08
7616.0,1.173958546563847e-06
7617.0,6.276868543048769e-07
7618.0,1.2831628732616215e-05
7619.0,1.7637257550376672e-10
7620.0,2.336623612306686e-06
7621.0,2.1687398432358867e-06
7622.0,2.812428156192408e-07
7623.0,4.100056548518111e-10
7624.0,2.701231289124158e-09
7625.0,7.522350426334647e-09
7626.0,2.6683549359431604e-07
7627.0,9.513290101340185e-07
7628.0,9.135183814019886e-07
7629.0,7.091698603666501e-09
7630.0,2.179415527957293e-08
7631.0,7.087954209854139e-07
7632.0,2.829955482330818e-10
7633.0,2.4225739733514363e-08
7634.0,3.870240027624437e-09
7635.0,1.6032580064535903e-07
7636.0,6.72347824872111e-09
7637.0,1.7382222929833716e-05
7638.0,8.930340103693301e-08
7639.0,5.349037328716427e-09
7640.0,1.0490877939062108e-07
7641.0,3.6791588105061664e-07
7642.0,1.1419939110988078e-08
7643.0,5.297100057685086e-08
7644.0,4.3171712134298184e-07
7645.0,1.5853948143744224e-09
7646.0,7.40703376383099e-08
7647.0,1.5905661926641504e-07
7648.0,1.2571907498261062e-06
7649.0,4.052352270670603e-06
7650.0,1.2348839514195348e-09
7651.0,1.7443670020601427e-08
7652.0,4.671196364912133e-07
7653.0,3.5152217238299845e-08
7654.0,1.5628451248962798e-09
7655.0,7.944620662088708e-10
7656.0,3.0561234063039105e-07
7657.0,1.2052984426661127e-08
7658.0,6.8516266638215e-08
7659.0,2.8400144178841046e-06
7660.0,6.657250075114813e-08
7661.0,1.2791241413614415e-08
7662.0,1.0277331841057445e-07
7663.0,1.8831152022849367e-06
7664.0,1.9770262976345424e-05
7665.0,3.7575700042122185e-10
7666.0,2.418850114602258e-06
7667.0,8.584420461894886e-08
7668.0,3.924046045428119e-08
7669.0,2.547036800089829e-07
7670.0,1.0400332572115014e-07
7671.0,1.489784480844165e-08
7672.0,3.234053381568106e-06
7673.0,1.6065972303169286e-07
7674.0,2.679000046288914e-08
7675.0,3.2399557581090173e-09
7676.0,1.796578495216968e-07
7677.0,4.10925161225626e-06
7678.0,6.365891640807268e-08
7679.0,2.9647995866150904e-07
7680.0,1.3529120945937742e-08
7681.0,1.2973852109265406e-08
7682.0,5.518427107612918e-07
7683.0,5.908378062902939e-09
7684.0,4.015795465450757e-05
7685.0,1.1563742736564582e-08
7686.0,2.664836798447963e-06
7687.0,4.32797195625006e-08
7688.0,4.5421492526728915e-07
7689.0,1.9693447655475246e-10
7690.0,2.8307127824180445e-06
7691.0,1.2426176303214367e-08
7692.0,4.394890464273998e-06
7693.0,1.1381941166412898e-07
7694.0,1.5434338321362314e-05
7695.0,4.3562952700970396e-08
7696.0,3.249368176182516e-07
7697.0,1.1152122459522005e-07
7698.0,6.142973488587612e-06
7699.0,9.229333809506795e-10
7700.0,4.7471226633231036e-07
7701.0,5.988904794671852e-08
7702.0,8.706983558651314e-08
7703.0,6.384920858539364e-10
7704.0,7.522882633332558e-07
7705.0,7.640307699657592e-09
7706.0,5.513002078958626e-08
7707.0,1.7384733081379187e-06
7708.0,6.3314968142893456e-06
7709.0,5.1161698186803e-08
7710.0,2.507708507231485e-09
7711.0,2.0257246164507742e-07
7712.0,7.596160180104396e-09
7713.0,7.000585340704838e-09
7714.0,1.5625712537354755e-10
7715.0,7.966719204635327e-07
7716.0,7.259438369859708e-07
7717.0,2.1680342845777703e-07
7718.0,1.5988851067408807e-07
7719.0,1.787206589132918e-08
7720.0,3.2545053649478766e-07
7721.0,2.23721849139593e-09
7722.0,1.9344083979414746e-07
7723.0,4.204313696561415e-09
7724.0,1.6724359981947064e-07
7725.0,6.691596187044648e-08
7726.0,4.413709323842537e-07
7727.0,5.912148903630259e-08
7728.0,5.116965103372741e-09
7729.0,9.684047636563884e-07
7730.0,8.89866179757793e-06
7731.0,1.2004561488448453e-07
7732.0,4.647047013716189e-08
7733.0,1.8200672852268312e-05
7734.0,6.56699058014774e-08
7735.0,2.754268547719014e-06
7736.0,4.12327637173115e-10
7737.0,3.462521359927424e-07
7738.0,5.9061598503575216e-08
7739.0,2.809771709706331e-07
7740.0,2.6137305457026052e-08
7741.0,1.1516342425615876e-07
7742.0,5.714956815768348e-06
7743.0,2.545826878101537e-06
7744.0,1.5165350942708272e-09
7745.0,4.979690494004738e-09
7746.0,8.543042900405393e-08
7747.0,2.3047736547190207e-08
7748.0,2.418959374274982e-06
7749.0,1.6728613185615478e-08
7750.0,1.565996950130592e-05
7751.0,3.212649715638057e-08
7752.0,3.040640018317535e-08
7753.0,4.063090513606605e-08
7754.0,8.83514575125509e-08
7755.0,5.093505021266523e-08
7756.0,1.4867527780071263e-07
7757.0,3.766031785641452e-08
7758.0,1.7629921484991275e-09
7759.0,2.395112348145195e-07
7760.0,7.69377059608029e-09
7761.0,2.2231710969528418e-07
7762.0,1.4598573555996698e-07
7763.0,2.409947540259455e-08
7764.0,2.3574319562002816e-08
7765.0,1.642603392404751e-10
7766.0,8.69665060020813e-07
7767.0,1.7290767539355736e-07
7768.0,1.541174345031615e-06
7769.0,2.1119380846085527e-07
7770.0,3.396062657350677e-08
7771.0,2.2344655334677637e-07
7772.0,2.7722506481131824e-08
7773.0,8.29088320090774e-07
7774.0,4.818527926490283e-06
7775.0,2.8535738739651696e-08
7776.0,2.9994928823639397e-07
7777.0,8.667826509539433e-09
7778.0,1.1457072423747817e-08
7779.0,1.7002210366087573e-08
7780.0,2.538094521240525e-10
7781.0,6.509432408563514e-07
7782.0,5.907698882992053e-05
7783.0,1.2541500469923182e-08
7784.0,1.4120508324998048e-07
7785.0,5.901358410163122e-07
7786.0,1.1901309289462933e-08
7787.0,2.3315785231779997e-09
7788.0,2.6376954231297507e-09
7789.0,2.705266776139518e-09
7790.0,4.238735703924109e-06
7791.0,3.1039704159419916e-08
7792.0,6.6387324838913e-07
7793.0,1.9299522225272562e-08
7794.0,5.746924902928219e-09
7795.0,2.066765367897898e-07
7796.0,1.0939765871227888e-06
7797.0,4.52461788708073e-08
7798.0,9.582428608248482e-09
7799.0,7.543840946010971e-10
7800.0,2.484681336769364e-06
7801.0,2.065156132865253e-08
7802.0,2.3363724638388213e-08
7803.0,1.8213111681770625e-09
7804.0,1.7103078148718804e-06
7805.0,8.325098946274612e-08
7806.0,1.831990606170135e-07
7807.0,2.3846017053469295e-08
7808.0,2.0439117390323968e-07
7809.0,3.573097466240584e-09
7810.0,2.831834973524471e-08
7811.0,1.0484243749113011e-09
7812.0,3.5882633499028947e-06
7813.0,5.824760779620601e-09
7814.0,1.6685053971368548e-09
7815.0,1.7744287442340346e-11
7816.0,1.0481553900667307e-05
7817.0,8.546337371765881e-05
7818.0,1.992474784520471e-05
7819.0,9.935304837740697e-09
7820.0,2.552229578859901e-06
7821.0,1.403029151676134e-06
7822.0,2.1437558137543695e-07
7823.0,0.00011771509143701884
7824.0,3.670981596801193e-08
7825.0,4.0964214742573665e-08
7826.0,8.154571585786842e-09
7827.0,4.5601419653616306e-08
7828.0,4.629967365642772e-10
7829.0,9.734220774416434e-06
7830.0,1.1464629865951734e-06
7831.0,1.8251268784336682e-09
7832.0,6.493589821534648e-07
7833.0,9.457480353249574e-08
7834.0,8.191436966360006e-09
7835.0,1.4426771923919778e-07
7836.0,2.562293158580009e-09
7837.0,1.3103129576495188e-08
7838.0,2.5547545244394657e-07
7839.0,2.2955112279106269e-07
7840.0,5.736271901704058e-07
7841.0,8.018747091808365e-07
7842.0,3.4595343760904036e-08
7843.0,1.738492979370371e-07
7844.0,2.787708760455355e-09
7845.0,4.9459929868318655e-06
7846.0,1.39210911099368e-07
7847.0,2.1013229035131698e-07
7848.0,3.872659921009536e-09
7849.0,4.691395219303721e-07
7850.0,7.716244418097288e-10
7851.0,1.147944796320047e-09
7852.0,2.6896032657210226e-07
7853.0,1.0266670651396716e-07
7854.0,1.0793690870635043e-08
7855.0,1.1091704378151312e-07
7856.0,1.894044820808605e-08
7857.0,1.466124771098614e-07
7858.0,1.0005669731547311e-08
7859.0,4.1993706505236e-06
7860.0,3.215232843768877e-06
7861.0,1.563220643324717e-09
7862.0,7.874991944851912e-09
7863.0,0.0009025625893784791
7864.0,1.048749502867086e-08
7865.0,0.00016354929685040402
7866.0,1.264399004536828e-07
7867.0,6.345121738115589e-07
7868.0,8.428716141823115e-08
7869.0,5.4462473495058116e-09
7870.0,1.3418140700790974e-06
7871.0,5.973007676550251e-08
7872.0,4.5550347265468e-10
7873.0,6.529815865294359e-09
7874.0,3.3717807768597034e-09
7875.0,8.088560003274369e-07
7876.0,6.78686151914145e-11
7877.0,0.0015276727050004414
7878.0,1.610487206920296e-08
7879.0,7.98978130559318e-08
7880.0,1.1134637428668435e-07
7881.0,2.547790619533534e-08
7882.0,3.360036128998446e-09
7883.0,3.47190921488524e-08
7884.0,9.474460615409955e-07
7885.0,1.802563840559125e-08
7886.0,1.2858924180439941e-06
7887.0,6.748451783083623e-08
7888.0,2.6776839273248197e-07
7889.0,5.886753556597456e-09
7890.0,1.6420009747066956e-07
7891.0,2.652836338509715e-07
7892.0,8.923922657261896e-11
7893.0,2.0844190305125294e-08
7894.0,5.664709810163162e-07
7895.0,1.1969928862017523e-08
7896.0,9.639443233010981e-07
7897.0,8.995310122657742e-07
7898.0,4.689665601258136e-09
7899.0,1.7599594078798017e-07
7900.0,9.658046765494858e-09
7901.0,1.4663961563157523e-05
7902.0,1.5911197340932106e-06
7903.0,1.3622567703786717e-05
7904.0,2.9752895382662825e-05
7905.0,5.199699784222509e-06
7906.0,1.809559077808357e-07
7907.0,7.469421704646532e-08
7908.0,5.090665312111396e-07
7909.0,9.802813197286724e-09
7910.0,9.540998404680315e-08
7911.0,5.497978406012848e-09
7912.0,8.469305911404731e-08
7913.0,4.7434761956968874e-07
7914.0,5.191000110222149e-09
7915.0,2.2579364624838696e-07
7916.0,5.542195582714467e-09
7917.0,1.482599464032463e-07
7918.0,7.326113066855877e-09
7919.0,5.716453646766146e-09
7920.0,2.2432250498806657e-07
7921.0,4.721311829627173e-05
7922.0,1.2652764099164834e-07
7923.0,2.2225719501237113e-08
7924.0,5.751858708029977e-07
7925.0,1.3409601168029777e-07
7926.0,3.9489136462492636e-08
7927.0,5.6617600332988215e-08
7928.0,2.3018804554461783e-06
7929.0,1.8061313824905812e-06
7930.0,1.279177319161398e-07
7931.0,6.971559973435169e-09
7932.0,3.71591296954823e-07
7933.0,1.9449012925764498e-07
7934.0,2.368052141845314e-09
7935.0,2.750967821000752e-07
7936.0,2.2381215437878502e-09
7937.0,1.5156265374516816e-07
7938.0,7.558304140939072e-07
7939.0,2.681528100072363e-08
7940.0,2.968970113937987e-07
7941.0,5.934040954670029e-08
7942.0,0.0032626803871889285
7943.0,0.0031719632448661823
7944.0,2.1434298782355866e-05
7945.0,3.3073606199858756e-05
7946.0,1.5783218214608198e-09
7947.0,1.6711790993280582e-09
7948.0,3.46215330033974e-08
7949.0,1.014541155398448e-08
7950.0,1.0267152389782318e-08
7951.0,4.319493647842386e-08
7952.0,5.5965659833881954e-08
7953.0,4.402283211651821e-08
7954.0,1.0896181085153302e-05
7955.0,2.705750694295335e-09
7956.0,1.2529457722016693e-10
7957.0,1.3135295443024032e-10
7958.0,1.1718923869944772e-09
7959.0,5.725792538666662e-10
7960.0,2.1814520131113623e-08
7961.0,1.5014255941884878e-07
7962.0,8.960524272522686e-07
7963.0,1.1711199998127481e-07
7964.0,3.214553650587604e-08
7965.0,9.103160267235305e-07
7966.0,1.4461340604619972e-05
7967.0,1.413526618747057e-07
7968.0,1.5754628521669533e-07
7969.0,3.165741000426083e-08
7970.0,2.7392245490826763e-10
7971.0,8.005379682129697e-06
7972.0,2.7403364625773123e-07
7973.0,2.8082824193928178e-08
7974.0,2.821996151635363e-09
7975.0,2.0422702088128737e-07
7976.0,1.762298032781933e-07
7977.0,2.4213215705235817e-06
7978.0,1.1212214528092551e-08
7979.0,3.7787984274509807e-06
7980.0,7.771503230331485e-08
7981.0,7.650592746334391e-08
7982.0,2.9632391348223497e-07
7983.0,5.462749645450028e-07
7984.0,1.1915324848918764e-08
7985.0,1.8221656392934192e-08
7986.0,1.2039499431203593e-08
7987.0,1.4108453059711686e-06
7988.0,1.7699429953805913e-07
7989.0,8.988172132819206e-06
7990.0,2.3564968424098016e-11
7991.0,2.97999984851398e-07
7992.0,4.412111155013747e-08
7993.0,5.81492131992705e-08
7994.0,3.2586627625906856e-07
7995.0,8.676049321171805e-08
7996.0,3.0856422302207005e-07
7997.0,3.0665226483965175e-06
7998.0,1.4468027925049608e-09
7999.0,2.150594166585502e-08
8000.0,8.179859346233573e-06
8001.0,2.271853986038817e-05
8002.0,7.006986280806555e-06
8003.0,2.56877974804759e-08
8004.0,3.1827642378259567e-07
8005.0,2.4211370836253385e-07
8006.0,4.185518515671206e-09
8007.0,1.0079437834961949e-06
8008.0,8.388149748497713e-07
8009.0,1.091685787744328e-09
8010.0,4.775331636049216e-08
8011.0,3.3481544498993686e-09
8012.0,3.496390929895248e-08
8013.0,9.067637049333253e-08
8014.0,1.1820018051689817e-08
8015.0,3.506067393668645e-08
8016.0,2.910235086739001e-09
8017.0,6.656457438330977e-09
8018.0,7.312233864531301e-09
8019.0,3.5155866903178524e-08
8020.0,2.727281119808407e-09
8021.0,4.429568623388137e-09
8022.0,1.4336918410349029e-05
8023.0,6.835460776179699e-07
8024.0,8.529757760506225e-09
8025.0,6.9205985198033174e-09
8026.0,3.2940002221455133e-07
8027.0,1.1830335035119056e-08
8028.0,9.725515444973344e-10
8029.0,3.4279094767147226e-10
8030.0,5.4840051572689346e-05
8031.0,7.534716736912998e-09
8032.0,7.025343615644017e-07
8033.0,8.54193997751029e-08
8034.0,1.9541803413503053e-08
8035.0,1.6859086078821336e-08
8036.0,3.112363745135291e-08
8037.0,9.85493178372007e-09
8038.0,9.501539221244494e-08
8039.0,5.2097161143285356e-09
8040.0,8.834041145981846e-11
8041.0,5.719329753587157e-06
8042.0,4.809767166492533e-09
8043.0,8.159047703813525e-05
8044.0,1.7462723756336534e-08
8045.0,0.0001746885872907758
8046.0,6.003008723207751e-07
8047.0,5.281644774258671e-09
8048.0,5.536140461910765e-08
8049.0,1.1148563947974294e-07
8050.0,8.0793888009544e-08
8051.0,0.0002166825913096376
8052.0,9.456300960217151e-07
8053.0,8.846930695121151e-06
8054.0,6.673819968679405e-08
8055.0,1.0572279088930222e-08
8056.0,5.313203457222289e-07
8057.0,3.6842507536519875e-06
8058.0,9.161032707522707e-09
8059.0,1.3851789106687567e-06
8060.0,2.4055699469049007e-07
8061.0,1.0542570155610407e-08
8062.0,6.949576697790383e-07
8063.0,4.446462216963206e-08
8064.0,2.0624972811277352e-07
8065.0,1.2797396735993472e-05
8066.0,1.0300531259138957e-08
8067.0,1.3271620054863856e-07
8068.0,4.878424558704238e-09
8069.0,6.542063772552294e-08
8070.0,1.0013919865031436e-08
8071.0,1.0852931018247087e-08
8072.0,4.455012666494679e-06
8073.0,3.145905010314151e-08
8074.0,3.482841748973063e-09
8075.0,7.201144201817185e-11
8076.0,1.7576658858898565e-08
8077.0,8.23217678103986e-09
8078.0,3.286416543823523e-06
8079.0,6.264191801579928e-11
8080.0,2.8314885284589487e-08
8081.0,1.6539855919026845e-07
8082.0,2.3483126953200733e-07
8083.0,2.3099026840815596e-10
8084.0,2.082106864126137e-09
8085.0,1.1742999254980709e-07
8086.0,4.823463291347179e-07
8087.0,1.893281840023501e-08
8088.0,6.605812977746748e-09
8089.0,2.644009499764969e-06
8090.0,6.045400988145918e-08
8091.0,1.271129430590991e-09
8092.0,2.3377876919986516e-06
8093.0,8.351694851900139e-08
8094.0,4.210175991267589e-07
8095.0,4.150103196879668e-09
8096.0,7.847570069277299e-08
8097.0,5.221848199611937e-08
8098.0,4.2069437153753084e-09
8099.0,1.683729120363464e-07
8100.0,8.604972231073854e-07
8101.0,3.059218992367909e-07
8102.0,1.5674602499139445e-08
8103.0,1.3738464793244055e-07
8104.0,3.2796278991004073e-06
8105.0,3.3421148284325666e-08
8106.0,1.111972803925564e-07
8107.0,2.6318905317163867e-09
8108.0,2.4491142748570863e-08
8109.0,7.615446716954493e-07
8110.0,5.298451198719004e-07
8111.0,0.00016106707029929572
8112.0,4.635508675930662e-08
8113.0,7.740474974806591e-09
8114.0,3.100761258399218e-08
8115.0,5.50947752786624e-07
8116.0,1.1971582699006314e-09
8117.0,1.517973775999527e-09
8118.0,1.2430747444789858e-06
8119.0,4.878088338462716e-08
8120.0,2.6942790423692593e-10
8121.0,1.741070432133366e-08
8122.0,1.1047278062352213e-08
8123.0,1.0826987526617463e-06
8124.0,1.005381076208037e-06
8125.0,6.614814559838608e-08
8126.0,1.221514170074719e-08
8127.0,1.0098878105788872e-08
8128.0,3.120094870646595e-09
8129.0,5.440037258041811e-10
8130.0,5.662042043130491e-09
8131.0,7.518738982415825e-07
8132.0,1.2704966799703833e-06
8133.0,3.5310099283133415e-07
8134.0,8.796801511989968e-10
8135.0,1.0069870446270547e-09
8136.0,2.106903222739023e-06
8137.0,4.6337956843419326e-08
8138.0,3.80683302171056e-09
8139.0,3.837835493933893e-07
8140.0,7.3424306729244955e-06
8141.0,1.9623879080595293e-06
8142.0,1.113468098369787e-06
8143.0,2.9793514194725375e-06
8144.0,4.403321553815753e-06
8145.0,6.024858343145045e-08
8146.0,3.874571426753462e-09
8147.0,2.3003604152165097e-05
8148.0,0.00027716831113338246
8149.0,1.9146341789941716e-05
8150.0,2.5004745168159473e-05
8151.0,1.414547688045823e-08
8152.0,1.1272587496948218e-08
8153.0,2.661055996751068e-06
8154.0,3.6198013871881916e-05
8155.0,8.800038435621782e-08
8156.0,1.1508257964331547e-05
8157.0,7.907347914731658e-09
8158.0,1.4657098878039475e-08
8159.0,4.956909706487255e-07
8160.0,4.522667504132619e-07
8161.0,2.675625585500183e-07
8162.0,1.4073669740955424e-08
8163.0,3.622215428009691e-08
8164.0,6.38431070995457e-10
8165.0,5.4173615690903836e-08
8166.0,1.933911278637025e-06
8167.0,2.8899745080156223e-07
8168.0,8.170301974275251e-08
8169.0,5.459208624259593e-08
8170.0,7.166757113217484e-07
8171.0,1.6243945359173302e-08
8172.0,2.782917646166493e-08
8173.0,2.462894475861791e-07
8174.0,3.873500002494528e-08
8175.0,5.539279379430819e-09
8176.0,7.20362066490562e-08
8177.0,2.4383005988466314e-10
8178.0,1.2883521811513224e-07
8179.0,5.881297882812289e-07
8180.0,5.3516379111726795e-08
8181.0,7.376371756444369e-09
8182.0,1.9388509265664454e-07
8183.0,3.881985483414761e-05
8184.0,4.254926717917766e-08
8185.0,2.7899860198867494e-08
8186.0,2.2540246285739856e-08
8187.0,3.504562316969269e-05
8188.0,7.520792241898278e-07
8189.0,3.5496643553394154e-09
8190.0,9.359861026586513e-10
8191.0,1.9096614421815977e-08
8192.0,5.124811665367136e-11
8193.0,4.006935575186962e-08
8194.0,4.49962882129236e-09
8195.0,1.948036075756425e-08
8196.0,6.117278506599931e-08
8197.0,1.245377646240731e-08
8198.0,3.9568119851659094e-09
8199.0,3.962958584535796e-08
8200.0,3.7027156960843796e-06
8201.0,7.088504827184177e-05
8202.0,1.9506872187250008e-07
8203.0,1.0144861105276052e-06
8204.0,3.974745371158803e-09
8205.0,2.7572203244511133e-06
8206.0,3.117133577662614e-07
8207.0,2.2095012495352379e-07
8208.0,0.004449025273555133
8209.0,1.9852546218983918e-08
8210.0,7.063003914947133e-08
8211.0,7.117984402386056e-09
8212.0,1.7746755460707178e-07
8213.0,3.8675227262344513e-07
8214.0,1.121050020137403e-05
8215.0,1.7990571178047244e-07
8216.0,7.76620464026307e-07
8217.0,2.2075513154954625e-06
8218.0,8.16890902052829e-08
8219.0,4.526086947352886e-07
8220.0,1.2623661167853005e-07
8221.0,2.762819956788716e-07
8222.0,1.1372382208979519e-10
8223.0,1.885806324868097e-07
8224.0,2.9835906189040497e-07
8225.0,4.523655315610263e-08
8226.0,1.6999170147069394e-08
8227.0,6.908367230373727e-06
8228.0,3.0612578305460586e-09
8229.0,8.973327922639544e-09
8230.0,5.384253978949508e-08
8231.0,6.138018213305434e-07
8232.0,5.250404778761463e-08
8233.0,5.3042454109631935e-06
8234.0,6.472765365942463e-07
8235.0,4.208391802798438e-09
8236.0,7.069462597553462e-06
8237.0,1.9929566603263275e-05
8238.0,1.272468099794925e-07
8239.0,5.416685984570609e-07
8240.0,3.08485863032558e-07
8241.0,2.212827928581453e-06
8242.0,3.211341356567952e-10
8243.0,4.2394292899557103e-07
8244.0,4.347613966694835e-06
8245.0,1.923562163688894e-08
8246.0,7.98421938266871e-08
8247.0,0.0008197259697690248
8248.0,7.321409697791134e-07
8249.0,1.059914226334621e-06
8250.0,9.188902682518662e-07
8251.0,2.3564618621245157e-06
8252.0,3.4291790366593536e-08
8253.0,3.0999792768577485e-06
8254.0,1.732352469567577e-09
8255.0,4.938111737509517e-06
8256.0,2.6229688551419224e-06
8257.0,5.443577427955425e-06
8258.0,4.335180666081524e-05
8259.0,2.1121323530132512e-09
8260.0,2.912581754238562e-09
8261.0,6.7071577188604756e-09
8262.0,7.361758772165157e-09
8263.0,1.0087351979056901e-07
8264.0,3.5348425870634873e-05
8265.0,9.49250287078165e-08
8266.0,6.668196977132219e-10
8267.0,6.97034742215808e-08
8268.0,2.4385374422400498e-08
8269.0,9.592272935897659e-08
8270.0,5.393468023953227e-07
8271.0,1.0495853496697531e-07
8272.0,1.2288659264661272e-06
8273.0,5.105422140890254e-07
8274.0,3.5904363602506164e-08
8275.0,1.297804601166801e-07
8276.0,2.039830288657106e-10
8277.0,5.405392544752981e-08
8278.0,5.06897047763263e-07
8279.0,1.060002037222655e-08
8280.0,7.036101190142522e-09
8281.0,2.4118158446335698e-05
8282.0,3.4899171070096865e-08
8283.0,9.950313878705321e-09
8284.0,1.7701641439491204e-06
8285.0,1.488333387995349e-06
8286.0,3.598377629659752e-10
8287.0,6.032692075280437e-10
8288.0,5.447282647962012e-07
8289.0,1.7111754912535832e-07
8290.0,5.15197001183165e-10
8291.0,1.5603231176155372e-09
8292.0,4.867850158692424e-07
8293.0,6.258030706057121e-10
8294.0,5.786325260868014e-08
8295.0,4.1954717566035554e-10
8296.0,9.60649015388194e-08
8297.0,2.705069426185438e-07
8298.0,9.527045489200326e-08
8299.0,1.059502296807535e-05
8300.0,1.2971839992851678e-08
8301.0,2.317538605369004e-08
8302.0,1.1092546474271609e-07
8303.0,3.161397748253975e-07
8304.0,5.199704703511193e-08
8305.0,2.3331701340466603e-06
8306.0,2.899925946953012e-09
8307.0,4.250594795455225e-09
8308.0,2.1106925676470347e-09
8309.0,4.564262597547711e-09
8310.0,1.1581253180573204e-08
8311.0,1.5133425982463993e-06
8312.0,1.1451008343129841e-07
8313.0,2.323597341784604e-10
8314.0,1.246273914616556e-07
8315.0,4.823779367975544e-08
8316.0,5.044032035948893e-08
8317.0,1.1862225636697578e-08
8318.0,7.48203109304411e-09
8319.0,1.1000794281554575e-08
8320.0,1.735808348541808e-07
8321.0,1.322927795925429e-05
8322.0,1.110950822730997e-06
8323.0,8.364270433111542e-08
8324.0,2.276041515389384e-07
8325.0,1.6097706805833442e-08
8326.0,6.241613253106877e-08
8327.0,6.916824230268378e-11
8328.0,8.402552476455235e-05
8329.0,9.862531346375687e-07
8330.0,3.0770307481897715e-11
8331.0,9.070420498643531e-09
8332.0,3.0292337601073356e-10
8333.0,5.945864319735539e-11
8334.0,3.0384653920876217e-08
8335.0,6.664889755200855e-07
8336.0,1.3405485045547722e-08
8337.0,1.6912689701878927e-08
8338.0,1.364783015651619e-09
8339.0,2.952693888263352e-09
8340.0,2.3699133696487686e-05
8341.0,9.944904481161984e-10
8342.0,2.750198259528535e-08
8343.0,2.3548956275594835e-06
8344.0,5.8187576968229547e-08
8345.0,9.682259153097889e-08
8346.0,3.81209005935215e-08
8347.0,1.0782764131240387e-07
8348.0,1.3943842624085221e-08
8349.0,1.916625182217598e-07
8350.0,2.4895214944810063e-07
8351.0,1.1927487607932223e-11
8352.0,4.074289550319321e-09
8353.0,1.1001122649355544e-08
8354.0,1.5432811067611962e-08
8355.0,7.264363682890766e-10
8356.0,1.3904046410738058e-09
8357.0,3.248359018980053e-09
8358.0,5.5186842567545775e-06
8359.0,3.13741015431267e-08
8360.0,1.8365240899578197e-06
8361.0,1.0530961608354239e-07
8362.0,9.034919640816495e-08
8363.0,2.4529532122185275e-08
8364.0,4.941568183914804e-07
8365.0,5.2219992100021586e-08
8366.0,8.324370964659846e-07
8367.0,3.484529144544735e-08
8368.0,6.937280704391336e-08
8369.0,1.2102189449531581e-09
8370.0,2.6823922069379136e-08
8371.0,1.2188365341598023e-05
8372.0,1.3979746336262835e-09
8373.0,4.4145943505189183e-07
8374.0,6.979663569210231e-07
8375.0,2.79849149746528e-10
8376.0,1.2617044991017045e-07
8377.0,4.855806469169826e-07
8378.0,5.18024396586828e-08
8379.0,1.1518552254384859e-10
8380.0,3.005976607713303e-08
8381.0,1.3686259577996093e-09
8382.0,1.0072038485997324e-05
8383.0,1.2559554423314648e-06
8384.0,4.4340893923712275e-06
8385.0,2.2424783060968883e-08
8386.0,8.058001807624119e-06
8387.0,9.740776026417879e-08
8388.0,1.1126054192367676e-08
8389.0,5.0816171965360977e-08
8390.0,2.2660174961533338e-07
8391.0,3.365104166945197e-07
8392.0,1.5584233321575685e-09
8393.0,3.7506279370759025e-08
8394.0,3.931461935921445e-09
8395.0,1.0589259928270501e-07
8396.0,2.4796354722464215e-08
8397.0,8.487400652090874e-09
8398.0,6.172757372946398e-10
8399.0,1.2799772032665033e-09
8400.0,4.7340460015498605e-08
8401.0,1.271668823843113e-07
8402.0,6.9989611463863345e-09
8403.0,1.4680880051305466e-09
8404.0,6.765730116939133e-08
8405.0,7.569767535706276e-08
8406.0,8.913798290217857e-08
8407.0,3.768145615355579e-10
8408.0,4.711137632290017e-09
8409.0,3.420213793548478e-08
8410.0,3.3066466071145006e-08
8411.0,1.9928692650545094e-09
8412.0,1.6378878685944892e-10
8413.0,1.3423865893435743e-07
8414.0,4.814250733361333e-06
8415.0,1.2580105548364127e-07
8416.0,1.3345412742078438e-07
8417.0,4.062126446011733e-08
8418.0,7.690531644299243e-08
8419.0,3.658660478170621e-07
8420.0,2.262092747262593e-07
8421.0,1.1070571767962749e-07
8422.0,3.727196637624144e-08
8423.0,1.442865811139763e-08
8424.0,7.510577208293398e-06
8425.0,1.1621340795031609e-08
8426.0,5.339977088266693e-07
8427.0,1.717340635740237e-07
8428.0,6.663644709265999e-09
8429.0,6.996259524063202e-07
8430.0,3.85085960059192e-07
8431.0,2.6017973893725208e-08
8432.0,2.0912896714741493e-09
8433.0,7.585245732637535e-07
8434.0,8.26256977554957e-08
8435.0,9.036751155867115e-09
8436.0,2.2239281337132164e-06
8437.0,1.4896356081560924e-07
8438.0,5.38551989969911e-09
8439.0,6.932947433715666e-11
8440.0,2.725817330471935e-08
8441.0,1.6236836940687808e-08
8442.0,1.0149794549558562e-08
8443.0,2.1414834429661488e-05
8444.0,9.125827502235909e-10
8445.0,5.672216675344974e-06
8446.0,3.949463092237426e-07
8447.0,1.0920568773885557e-06
8448.0,1.3788008807691854e-08
8449.0,2.3641456395168566e-07
8450.0,1.8736324259150783e-08
8451.0,2.8724297058447006e-08
8452.0,7.770834113850953e-09
8453.0,6.831584727767973e-08
8454.0,1.1293853989523205e-07
8455.0,6.755592880501224e-09
8456.0,1.2851436710212085e-05
8457.0,6.306322840250358e-08
8458.0,3.2865248857263913e-10
8459.0,6.792123737201899e-08
8460.0,9.783394314003602e-08
8461.0,2.8423766713840664e-08
8462.0,1.976390511916404e-08
8463.0,1.8779212922055917e-09
8464.0,9.567895287387017e-08
8465.0,5.930375052037486e-11
8466.0,1.2964232924040658e-07
8467.0,2.575662107758289e-08
8468.0,4.280513750650043e-08
8469.0,2.439668058434462e-08
8470.0,2.8976981747338694e-09
8471.0,3.1721442206572194e-07
8472.0,1.9256624181316042e-08
8473.0,2.1421370767023945e-06
8474.0,2.1425877890908884e-06
8475.0,5.534851512313611e-10
8476.0,5.928931673314957e-07
8477.0,1.5238720891760425e-08
8478.0,7.896451203631222e-10
8479.0,1.1160133813252203e-08
8480.0,1.5333020900240718e-06
8481.0,2.9693776283037783e-06
8482.0,3.928174195375682e-07
8483.0,0.0003055456066029957
8484.0,4.195675991284298e-09
8485.0,5.676355047441839e-07
8486.0,9.509007498111762e-09
8487.0,4.842819639020267e-07
8488.0,9.081634657945746e-06
8489.0,2.6344394989935665e-08
8490.0,1.760130400359934e-08
8491.0,8.489333023330235e-07
8492.0,8.999698681759965e-08
8493.0,3.043815101654801e-09
8494.0,3.3177299781899985e-05
8495.0,2.8354680239021443e-08
8496.0,1.1783614021541366e-09
8497.0,1.6314221971279323e-07
8498.0,1.3307176935824708e-06
8499.0,1.8978545355444632e-08
8500.0,5.460548923314882e-09
8501.0,1.6981661362624222e-08
8502.0,1.0697162394106065e-08
8503.0,3.046170464273168e-07
8504.0,1.2074176161586494e-09
8505.0,2.913417500698983e-07
8506.0,2.2245577112495682e-10
8507.0,4.7592420876901596e-09
8508.0,4.3611624942922284e-07
8509.0,4.697617175419535e-07
8510.0,3.1273716850591926e-07
8511.0,9.680568076252524e-09
8512.0,1.3808039525753607e-09
8513.0,2.4892092626686945e-05
8514.0,8.855324989831931e-08
8515.0,4.231679623314248e-06
8516.0,4.5136945224400147e-07
8517.0,2.854043530341988e-08
8518.0,8.454532911848097e-09
8519.0,6.992954455714177e-09
8520.0,1.2229592810682845e-10
8521.0,1.2069387622946468e-07
8522.0,1.933007231756146e-07
8523.0,3.767859957399089e-10
8524.0,4.793010623233772e-09
8525.0,9.123250843116804e-08
8526.0,2.1333952355541463e-06
8527.0,3.20116659502358e-08
8528.0,1.4246950426801836e-09
8529.0,1.9865362980605954e-10
8530.0,8.61708347735177e-08
8531.0,5.633909129411155e-06
8532.0,3.353077764381997e-08
8533.0,3.432090578564999e-08
8534.0,2.813775752636748e-08
8535.0,4.6335058651923923e-07
8536.0,6.212751336408322e-10
8537.0,1.4584148216858247e-07
8538.0,2.6151350910288665e-06
8539.0,1.0814158776746811e-08
8540.0,1.010852985891953e-09
8541.0,2.2197996053147026e-10
8542.0,2.977113267150115e-09
8543.0,1.284289717281561e-07
8544.0,2.988029224549437e-07
8545.0,1.0743923707205098e-06
8546.0,7.416901865157177e-11
8547.0,4.534985565737615e-07
8548.0,1.9993941153946706e-06
8549.0,2.856228300789291e-10
8550.0,5.618374647626063e-07
8551.0,3.660316360977179e-06
8552.0,3.733406852223884e-08
8553.0,3.1030234352076294e-07
8554.0,1.9560896766141807e-07
8555.0,1.8508794901456002e-06
8556.0,6.747267055899477e-08
8557.0,1.2110855391500435e-08
8558.0,1.340130706129775e-05
8559.0,1.1171517774036372e-07
8560.0,2.6661211591250904e-07
8561.0,3.258752811006935e-07
8562.0,1.1583665804259556e-08
8563.0,3.2259886601317452e-09
8564.0,4.537161310653203e-08
8565.0,3.826904527379665e-08
8566.0,9.111390007451011e-09
8567.0,1.4773550311237225e-08
8568.0,2.078782650159645e-09
8569.0,3.1632640996718402e-09
8570.0,4.580664001753605e-08
8571.0,3.166289340752289e-08
8572.0,1.0864474671641372e-05
8573.0,1.9114443115906078e-07
8574.0,1.865877382631186e-09
8575.0,3.9507438709846656e-08
8576.0,2.83312554476658e-09
8577.0,5.976158380203543e-08
8578.0,2.3800781966837323e-05
8579.0,2.60995981946741e-07
8580.0,3.960441253683863e-08
8581.0,9.326449432933362e-08
8582.0,0.00033138929146767055
8583.0,4.293476070722644e-06
8584.0,3.747723996172242e-08
8585.0,5.180589923345952e-09
8586.0,5.8030377698907785e-08
8587.0,3.4803963959714954e-07
8588.0,5.4143508791724945e-09
8589.0,4.233228802418251e-06
8590.0,5.1002932187832635e-09
8591.0,2.770470028283103e-07
8592.0,5.221803323360134e-07
8593.0,1.295419405739818e-08
8594.0,7.701868392079889e-09
8595.0,3.402347308006686e-06
8596.0,2.5857458494416155e-07
8597.0,4.347214744058401e-09
8598.0,2.5430802628401856e-07
8599.0,5.977100934869201e-09
8600.0,3.2320750817117997e-07
8601.0,3.3823150258417556e-10
8602.0,6.287315736048868e-08
8603.0,4.706979221744593e-06
8604.0,2.2104481539270315e-06
8605.0,6.950600880263774e-10
8606.0,6.784893985443743e-09
8607.0,2.0516044040163367e-07
8608.0,1.812233616938368e-07
8609.0,1.55127604671198e-08
8610.0,2.182274575830681e-07
8611.0,1.159142683871854e-09
8612.0,4.7217517387153856e-07
8613.0,1.0850819073993653e-06
8614.0,1.1193183034508857e-07
8615.0,6.850545770280861e-06
8616.0,1.292762900074392e-06
8617.0,2.148256466770091e-09
8618.0,1.1480956544798351e-07
8619.0,2.2467253552333104e-07
8620.0,6.530666575171661e-07
8621.0,1.48662058411986e-06
8622.0,3.317454612567824e-06
8623.0,7.640620255472944e-08
8624.0,1.1328986257036127e-09
8625.0,1.1745296022820261e-06
8626.0,4.833950048445914e-09
8627.0,2.399544498170906e-08
8628.0,6.470363921295972e-10
8629.0,7.184998498579409e-08
8630.0,2.3117393753484735e-07
8631.0,2.201065422589297e-08
8632.0,1.9152474698539553e-05
8633.0,4.056800924498367e-07
8634.0,1.652669939018095e-08
8635.0,1.5161047334046356e-09
8636.0,5.1178646413482415e-09
8637.0,1.0819265110128414e-08
8638.0,7.472007320675741e-07
8639.0,2.7236962152111977e-06
8640.0,1.3402114668583475e-07
8641.0,2.0280547010533774e-09
8642.0,1.0051150379771177e-08
8643.0,3.2956095451193873e-09
8644.0,7.961815408796996e-10
8645.0,4.253345769003125e-06
8646.0,1.1700789130143975e-06
8647.0,1.1871465669624938e-07
8648.0,1.7275037675790716e-09
8649.0,1.2852798832515347e-06
8650.0,1.3934256544790335e-06
8651.0,1.2483379082974314e-09
8652.0,1.43947707259698e-05
8653.0,2.2483955370134388e-06
8654.0,3.318557474691583e-05
8655.0,4.490922099321053e-09
8656.0,1.7386102241549216e-08
8657.0,2.950310014621289e-06
8658.0,2.318286561633071e-08
8659.0,1.7602235697305924e-08
8660.0,3.6707640101547825e-07
8661.0,3.422874948586768e-08
8662.0,3.242306985292942e-07
8663.0,4.234935667948305e-07
8664.0,4.0462320886426935e-07
8665.0,8.083479912417767e-06
8666.0,3.0566056362822557e-06
8667.0,6.697228527479538e-06
8668.0,5.418139571375765e-08
8669.0,4.5221094820621647e-07
8670.0,8.120354021442506e-07
8671.0,9.414587069561218e-08
8672.0,3.3162087430239294e-09
8673.0,1.510679750650005e-07
8674.0,5.052448593889898e-08
8675.0,2.883823341382973e-09
8676.0,7.623999522640773e-08
8677.0,2.0401578941559015e-07
8678.0,3.928270916787127e-07
8679.0,2.4080621050039757e-09
8680.0,2.444280167858666e-10
8681.0,3.993926136769814e-07
8682.0,1.1064253471820553e-05
8683.0,3.5847483105497988e-06
8684.0,2.8328762771705024e-09
8685.0,2.398341113439669e-06
8686.0,4.3277043222708475e-08
8687.0,1.2772166539654242e-06
8688.0,7.270551147480351e-07
8689.0,2.3941198338627324e-08
8690.0,6.523839541268101e-08
8691.0,5.803724426417447e-08
8692.0,7.733500541890343e-10
8693.0,2.6403072832057344e-06
8694.0,2.773183445536776e-09
8695.0,1.2633694233336827e-07
8696.0,8.548079575737642e-08
8697.0,8.726408597764824e-07
8698.0,4.523782925996854e-09
8699.0,4.6052839574450623e-10
8700.0,1.0924998275255422e-07
8701.0,2.0819871894629978e-08
8702.0,6.438135665542093e-08
8703.0,6.15462322535246e-11
8704.0,3.602063853610967e-08
8705.0,9.426489797266816e-08
8706.0,1.924577457208694e-09
8707.0,2.5868608400684337e-07
8708.0,2.391632325628322e-09
8709.0,7.686852383982785e-07
8710.0,1.2773455128856114e-08
8711.0,1.0920586263606883e-08
8712.0,1.9823205817338367e-07
8713.0,5.551924591547126e-07
8714.0,4.1876170997923196e-08
8715.0,1.4179705505391516e-08
8716.0,4.43329611551261e-10
8717.0,1.0222555027312234e-08
8718.0,2.3458292846943543e-08
8719.0,2.494059902480419e-08
8720.0,4.590746005254213e-08
8721.0,9.555922408257076e-07
8722.0,1.6070308615371116e-05
8723.0,5.105749741781065e-09
8724.0,4.4939618615154435e-11
8725.0,9.256658979486558e-07
8726.0,4.4231943364175715e-08
8727.0,1.344873847429863e-09
8728.0,2.2763567760467293e-07
8729.0,3.826988741501637e-07
8730.0,3.431033056508567e-08
8731.0,1.0704204883697604e-08
8732.0,6.455408615554369e-07
8733.0,3.7872879713549404e-08
8734.0,1.6058721012196e-07
8735.0,2.7480754605138857e-08
8736.0,9.188521478830733e-07
8737.0,3.4536592150773642e-06
8738.0,1.0543156981326956e-07
8739.0,8.354978321662838e-08
8740.0,3.046412822708871e-11
8741.0,8.84362133541371e-08
8742.0,3.847967115331744e-09
8743.0,5.716186149357108e-08
8744.0,4.393441771073377e-09
8745.0,4.0553899374972136e-10
8746.0,4.306679257252403e-08
8747.0,4.3230864580487135e-07
8748.0,1.1742635313113622e-07
8749.0,1.2974078698422157e-07
8750.0,4.669884310389309e-08
8751.0,5.2546411796348006e-08
8752.0,5.784194169934548e-07
8753.0,6.547824305527858e-09
8754.0,2.493322023818022e-09
8755.0,3.411206672778207e-07
8756.0,1.3869822656818257e-06
8757.0,1.5294683051055634e-05
8758.0,2.436179779336371e-07
8759.0,9.426566394904081e-08
8760.0,1.1545574129671159e-07
8761.0,1.1136990661976538e-07
8762.0,9.600899351983146e-08
8763.0,4.637833711339954e-07
8764.0,7.367903577765032e-07
8765.0,2.4254124791495015e-08
8766.0,2.5510640681350904e-08
8767.0,6.570320013485004e-10
8768.0,3.046066749599664e-07
8769.0,1.8682170940478916e-07
8770.0,2.55278608190355e-07
8771.0,1.0804170111832448e-08
8772.0,5.653550789889426e-09
8773.0,1.2229600565846958e-06
8774.0,1.1911404811131983e-08
8775.0,1.362814473348462e-07
8776.0,1.130466445904933e-08
8777.0,1.9006178300541705e-07
8778.0,1.1719844610744568e-07
8779.0,3.6851709909310124e-10
8780.0,8.730427632952437e-07
8781.0,4.986075743962155e-06
8782.0,2.2343697485848316e-09
8783.0,2.8507802936334565e-08
8784.0,1.2107808310586183e-09
8785.0,1.8191769979923772e-06
8786.0,1.780667883437482e-08
8787.0,3.923788964581881e-09
8788.0,2.5157612802392123e-07
8789.0,7.036810336469972e-10
8790.0,6.630797816855158e-08
8791.0,1.8962221754742417e-08
8792.0,1.928629051613555e-07
8793.0,4.644447301848427e-11
8794.0,1.8648006179251588e-06
8795.0,1.2042687015640422e-08
8796.0,3.350001078344983e-07
8797.0,5.543405324975721e-09
8798.0,8.53712054592308e-08
8799.0,6.314227418070958e-09
8800.0,1.6383470728483258e-08
8801.0,4.308149030901012e-08
8802.0,7.820167234192388e-09
8803.0,8.381498482644986e-10
8804.0,1.245364326462062e-09
8805.0,5.354410245899238e-07
8806.0,1.2447297115133655e-07
8807.0,1.8673432569212331e-06
8808.0,8.669024557456174e-07
8809.0,7.91799620508345e-06
8810.0,8.366776784002335e-08
8811.0,5.339174241381091e-07
8812.0,4.1661696164562e-06
8813.0,2.0348408549726086e-08
8814.0,3.99167041328901e-08
8815.0,3.971481271122205e-09
8816.0,2.035083703479014e-08
8817.0,2.228420867346741e-08
8818.0,2.164990501361568e-08
8819.0,7.938774752167945e-07
8820.0,1.0866239811416808e-08
8821.0,2.2166604725601593e-07
8822.0,9.382060635030384e-05
8823.0,1.1367038387590097e-07
8824.0,1.2101886703079662e-09
8825.0,1.4293294538230773e-08
8826.0,2.22391940106888e-06
8827.0,1.325092482019795e-07
8828.0,3.3782837564970694e-09
8829.0,1.2742933168618748e-07
8830.0,4.0982820731640715e-08
8831.0,1.754276082043538e-10
8832.0,3.7722030084309415e-07
8833.0,4.854992119389684e-07
8834.0,2.436151230620473e-06
8835.0,2.1234328586494869e-07
8836.0,1.5978947604052692e-08
8837.0,8.396889050251288e-08
8838.0,9.609960940006618e-06
8839.0,1.9509462933288473e-06
8840.0,1.219106499126674e-07
8841.0,7.498286150757736e-07
8842.0,5.5586362116286e-07
8843.0,1.7082457747354017e-07
8844.0,5.305770918644521e-09
8845.0,3.844767287185348e-07
8846.0,4.245674816766675e-09
8847.0,1.0796442849555913e-07
8848.0,7.364031297481815e-08
8849.0,1.2904637849835903e-07
8850.0,9.686468165074487e-07
8851.0,9.89302030362753e-09
8852.0,6.113373427372438e-06
8853.0,2.579140769555023e-09
8854.0,1.4703293941123115e-06
8855.0,5.3203601988832026e-08
8856.0,5.859350885667032e-08
8857.0,6.493430980805772e-08
8858.0,5.862739120716071e-06
8859.0,4.197686053429814e-07
8860.0,7.47301248917853e-08
8861.0,6.605917853966279e-07
8862.0,6.016718337687302e-08
8863.0,1.4034742069639244e-06
8864.0,3.772404389730416e-08
8865.0,7.477788995546332e-09
8866.0,2.3641908051204235e-09
8867.0,0.00010224839657215475
8868.0,9.199130874853938e-05
8869.0,3.967653160607237e-06
8870.0,1.6567759684281586e-05
8871.0,3.119284297712771e-07
8872.0,7.778444373353553e-07
8873.0,1.4243515287116194e-07
8874.0,2.96428233850072e-05
8875.0,1.8045397946224947e-05
8876.0,2.700724248250841e-05
8877.0,1.5496141467337703e-06
8878.0,6.095474047414438e-08
8879.0,3.0380594509039824e-07
8880.0,8.920217971296626e-08
8881.0,5.889515703220803e-07
8882.0,1.1206997056993235e-05
8883.0,4.1126343856281945e-08
8884.0,0.0001051697236844843
8885.0,2.697008453718014e-08
8886.0,3.530689892143591e-07
8887.0,7.772051958639935e-09
8888.0,9.431239841984177e-08
8889.0,3.4156343022172054e-09
8890.0,4.93094862818579e-10
8891.0,4.313919365054807e-07
8892.0,5.05619480381265e-09
8893.0,1.1583787847236064e-06
8894.0,9.138273760421979e-09
8895.0,4.90787796268283e-07
8896.0,9.35028948035559e-06
8897.0,9.815853238660688e-07
8898.0,1.1804067811162119e-11
8899.0,1.620098536569789e-07
8900.0,3.950233624833814e-09
8901.0,1.1396605099502004e-07
8902.0,2.727045907864167e-08
8903.0,7.755386652313013e-08
8904.0,3.0204211008584556e-09
8905.0,9.98102682008951e-09
8906.0,0.00024568837507491956
8907.0,6.632855313094722e-08
8908.0,1.5140232879553755e-07
8909.0,8.950932425758575e-07
8910.0,3.6682251908497444e-08
8911.0,1.9582274570483843e-09
8912.0,2.8318764880296226e-06
8913.0,8.331991417888512e-07
8914.0,3.6452055071730617e-08
8915.0,4.4761800142252437e-07
8916.0,6.232547119852853e-09
8917.0,6.079613925633716e-08
8918.0,2.005609584362018e-07
8919.0,4.063123489977637e-08
8920.0,9.917575989564518e-09
8921.0,4.4214609638104027e-10
8922.0,5.129109213429463e-09
8923.0,2.8117165432284832e-09
8924.0,2.082408207779254e-09
8925.0,9.530616321105429e-09
8926.0,8.410510148764966e-07
8927.0,4.610051345117184e-08
8928.0,2.0432317100835235e-09
8929.0,2.7995690066965705e-07
8930.0,3.598719116040839e-10
8931.0,1.5570306865864785e-07
8932.0,9.72753035585556e-10
8933.0,4.256204500219723e-06
8934.0,1.8782211843567663e-08
8935.0,4.3136607510109533e-08
8936.0,6.771622555902285e-10
8937.0,3.154749205243264e-08
8938.0,2.398211430697134e-07
8939.0,4.245293149050179e-08
8940.0,5.6178376712738584e-09
8941.0,8.380196956429255e-09
8942.0,1.6149026833107802e-05
8943.0,4.028230565722973e-08
8944.0,3.0030207558901625e-07
8945.0,5.067479203211514e-06
8946.0,6.571635021302077e-09
8947.0,1.569789387176361e-06
8948.0,4.050362267025667e-08
8949.0,2.421293502578684e-09
8950.0,6.246499646014042e-06
8951.0,1.274181944104611e-10
8952.0,7.997718095505896e-09
8953.0,2.3958634821433695e-09
8954.0,3.732530140413501e-08
8955.0,4.396876612531518e-06
8956.0,6.200114908626599e-09
8957.0,2.9420182313567907e-06
8958.0,3.7241084438673224e-08
8959.0,1.3958674447224733e-06
8960.0,1.9065321857067455e-05
8961.0,1.5393006649455176e-08
8962.0,2.849958015014548e-06
8963.0,1.2475274814253293e-07
8964.0,4.15579752580709e-08
8965.0,1.2317829634614294e-05
8966.0,2.380580407401656e-06
8967.0,1.662032772022599e-07
8968.0,1.0485154528099009e-06
8969.0,5.777232788370597e-07
8970.0,6.75909495546389e-06
8971.0,1.7261723983689324e-09
8972.0,7.992113298476468e-09
8973.0,4.375350030452926e-09
8974.0,6.560686499918534e-09
8975.0,2.0777740584541566e-06
8976.0,5.442730125204547e-07
8977.0,2.3720366945981273e-10
8978.0,7.612583347287994e-06
8979.0,6.435743225144205e-07
8980.0,1.1454385051290227e-08
8981.0,3.091503396484674e-07
8982.0,5.047945843223603e-07
8983.0,3.399200180098142e-07
8984.0,2.9305154346231187e-09
8985.0,1.3146219803092792e-08
8986.0,9.091423706604538e-08
8987.0,1.237454130710297e-05
8988.0,1.5786281226059668e-09
8989.0,8.569769304264597e-09
8990.0,6.712062979370205e-08
8991.0,5.215469201424265e-06
8992.0,2.9316868622305953e-07
8993.0,6.597554098895851e-10
8994.0,7.371537148953622e-09
8995.0,2.7288258947018227e-08
8996.0,1.654344678636478e-08
8997.0,2.3735472683080996e-09
8998.0,3.849624468697799e-08
8999.0,2.892123421576246e-06
9000.0,1.057634818768325e-07
9001.0,2.285511500561469e-06
9002.0,1.5613420003039214e-06
9003.0,8.125773906568315e-08
9004.0,3.6346365697641886e-08
9005.0,5.84868759329198e-09
9006.0,4.430725199998721e-09
9007.0,1.5865814263205925e-05
9008.0,1.4676013455020405e-10
9009.0,3.7711582679914375e-07
9010.0,9.885452078098085e-07
9011.0,1.2026029667126926e-05
9012.0,7.646927877906919e-07
9013.0,1.3544278863231251e-08
9014.0,6.890686910900007e-05
9015.0,2.1904907913533662e-06
9016.0,1.822177472556351e-06
9017.0,1.5334963176135257e-08
9018.0,3.433950209211956e-08
9019.0,5.0568434069972286e-08
9020.0,5.012951371129374e-09
9021.0,6.9683554162131416e-06
9022.0,8.694417251393672e-06
9023.0,3.735858211573241e-08
9024.0,2.589981929984495e-07
9025.0,3.4521103558030084e-07
9026.0,3.6670088239281135e-09
9027.0,3.782288018089108e-07
9028.0,9.170625024142273e-08
9029.0,3.114102750962726e-07
9030.0,2.734912078622216e-08
9031.0,9.245936090659092e-08
9032.0,1.3609957357625472e-07
9033.0,1.7241066785592336e-10
9034.0,5.269425553439997e-06
9035.0,4.519667178036111e-08
9036.0,4.183395522506447e-09
9037.0,4.200993783710928e-05
9038.0,3.3386484532348992e-09
9039.0,6.744904998737822e-08
9040.0,5.974921093905648e-09
9041.0,8.641226460039883e-09
9042.0,8.954768249781104e-09
9043.0,1.4300402392575984e-09
9044.0,7.223241064449968e-08
9045.0,6.329032037597643e-08
9046.0,4.1571163557606896e-08
9047.0,2.1414838389421746e-10
9048.0,2.0996994813964555e-07
9049.0,2.9996160657133273e-06
9050.0,1.0833106309297921e-07
9051.0,5.309018205498864e-10
9052.0,8.263634333540279e-08
9053.0,5.185875784703146e-07
9054.0,7.139246018049123e-08
9055.0,1.6918669952893903e-07
9056.0,3.0784154582016968e-09
9057.0,6.813249994092424e-07
9058.0,6.837037043482277e-10
9059.0,5.582536157158512e-07
9060.0,2.121845995035606e-08
9061.0,5.629617380042911e-08
9062.0,1.2582977686170752e-06
9063.0,4.648220005091909e-07
9064.0,9.99112657937182e-06
9065.0,7.855745976736517e-07
9066.0,7.845673928553481e-06
9067.0,5.111093362925861e-08
9068.0,2.3514005822577157e-08
9069.0,8.845323335738618e-06
9070.0,1.1062356286152859e-08
9071.0,9.21092625022563e-08
9072.0,8.084056321275798e-08
9073.0,6.956627271064343e-10
9074.0,6.51485369063474e-11
9075.0,6.872239722989288e-10
9076.0,3.091995876251088e-05
9077.0,1.1298945797630695e-10
9078.0,6.538268646500021e-09
9079.0,4.0941466488435326e-09
9080.0,3.398220506647463e-11
9081.0,1.6605413866473574e-10
9082.0,4.044959219518475e-12
9083.0,1.893433646463621e-12
9084.0,4.323041765016902e-06
9085.0,2.02699756825109e-08
9086.0,8.102613176215109e-08
9087.0,0.0008030734497826294
9088.0,7.162284928198964e-07
9089.0,2.2321646330827277e-05
9090.0,2.282002658660339e-07
9091.0,1.5429580133003612e-06
9092.0,9.562577668644314e-07
9093.0,4.9230385137970975e-05
9094.0,8.645644096556549e-08
9095.0,1.0525479103045052e-06
9096.0,1.669372979705394e-09
9097.0,2.505564193061797e-09
9098.0,1.4399787722658137e-09
9099.0,2.3748097633827477e-10
9100.0,3.1813968328079006e-11
9101.0,1.041024740195713e-06
9102.0,1.9053225086003288e-06
9103.0,3.694330383039102e-08
9104.0,6.58999317498452e-11
9105.0,5.479439850469984e-08
9106.0,2.1154770500362938e-07
9107.0,3.216733342765451e-08
9108.0,2.290533819161088e-12
9109.0,2.1224173654017687e-11
9110.0,6.16109132977931e-09
9111.0,6.24458482412264e-08
9112.0,1.158662871300596e-09
9113.0,0.000275913355131333
9114.0,9.387223233236956e-08
9115.0,2.470571799200481e-07
9116.0,2.212650951220804e-07
9117.0,5.270832568669659e-09
9118.0,2.5074910967351615e-09
9119.0,7.17212630801511e-09
9120.0,1.3244283939820685e-07
9121.0,6.421850158061308e-08
9122.0,4.679698677415663e-06
9123.0,5.312338218630388e-06
9124.0,2.027048663779854e-10
9125.0,2.8454733456585047e-07
9126.0,3.8667203445221265e-07
9127.0,5.132237928488024e-05
9128.0,2.0377841887158013e-06
9129.0,1.1007695199493203e-07
9130.0,2.1510665789301554e-06
9131.0,2.4727595617996127e-06
9132.0,5.762945019635977e-08
9133.0,2.7579304250410604e-06
9134.0,1.176451750102572e-07
9135.0,3.056415071429624e-07
9136.0,1.3571474339082596e-09
9137.0,6.219754228659608e-07
9138.0,3.191140268519492e-06
9139.0,7.539790650782226e-07
9140.0,9.24061725843448e-07
9141.0,5.967606265860977e-06
9142.0,6.017273612039512e-07
9143.0,5.401411063750628e-07
9144.0,3.336052094000631e-06
9145.0,3.397405389016488e-07
9146.0,1.7583440849777843e-05
9147.0,1.64326821677141e-07
9148.0,1.0139120922393227e-07
9149.0,2.654745719307581e-07
9150.0,2.34959017377459e-06
9151.0,3.033080950107108e-07
9152.0,2.3741731565191064e-06
9153.0,1.1852137337296032e-08
9154.0,2.3581291464104677e-09
9155.0,1.0411432141542293e-08
9156.0,1.7471878730582316e-07
9157.0,1.2606805093528363e-07
9158.0,1.7683638872276012e-09
9159.0,4.6187354465311755e-07
9160.0,6.195194830067465e-08
9161.0,8.8898411764898e-09
9162.0,3.0707129180918374e-07
9163.0,3.943694856073377e-09
9164.0,1.2221999867848822e-05
9165.0,4.492364478142692e-08
9166.0,1.0931691981924753e-09
9167.0,2.6222603141441497e-08
9168.0,2.609908495985165e-07
9169.0,7.1508689510414645e-09
9170.0,1.3535097952984458e-06
9171.0,8.510753824579094e-08
9172.0,8.417159657377951e-06
9173.0,1.978699249445445e-07
9174.0,1.2510937947443102e-06
9175.0,3.099671219736809e-09
9176.0,2.3697091760468187e-07
9177.0,4.556740785903433e-07
9178.0,2.865037331805324e-07
9179.0,1.8128304359270213e-09
9180.0,1.0036102166961624e-09
9181.0,4.067664992860175e-08
9182.0,3.1112370881245427e-10
9183.0,1.2583255088150176e-07
9184.0,4.404077382523638e-08
9185.0,1.1093713822278367e-07
9186.0,2.001484873449173e-05
9187.0,1.3584930937509602e-07
9188.0,4.095685522959441e-07
9189.0,1.7954841934134897e-08
9190.0,4.15589525071784e-07
9191.0,3.1853050228538262e-09
9192.0,0.00010910742779072724
9193.0,3.870226640938572e-08
9194.0,2.0900099972468066e-07
9195.0,1.7968104401665933e-05
9196.0,3.90564613854188e-06
9197.0,6.698588236930436e-09
9198.0,3.995557469156098e-07
9199.0,2.2125119852544815e-06
9200.0,1.9305832111289607e-05
9201.0,7.038854035730193e-08
9202.0,4.634352564543701e-08
9203.0,1.201184951191243e-06
9204.0,7.421408525143389e-07
9205.0,1.1092152576197838e-06
9206.0,2.7536886610076893e-09
9207.0,1.1927592717786383e-07
9208.0,1.0104283936908894e-05
9209.0,1.869786867952049e-05
9210.0,1.714011089903492e-08
9211.0,5.214768629397653e-06
9212.0,2.054974178174302e-06
9213.0,2.0890929958650436e-09
9214.0,1.9409685443935315e-06
9215.0,1.3181325414304354e-06
9216.0,1.0192593392385149e-06
9217.0,1.4669305359610038e-06
9218.0,6.909074221929876e-08
9219.0,1.2229933824018128e-05
9220.0,2.5491094615966743e-08
9221.0,7.283089360016702e-06
9222.0,1.2515273408461647e-07
9223.0,5.778551354770788e-07
9224.0,5.577929761661876e-07
9225.0,8.188624610311966e-06
9226.0,1.4636564103584906e-05
9227.0,2.1966244207885355e-05
9228.0,3.4817422876549185e-07
9229.0,3.260627633737047e-08
9230.0,5.738763982837334e-09
9231.0,2.7880765225768237e-06
9232.0,4.165820883096461e-09
9233.0,5.670578268797484e-07
9234.0,1.197722377191198e-06
9235.0,3.12398015723303e-07
9236.0,1.2093151149520223e-05
9237.0,8.231824557838649e-06
9238.0,2.3699492429600652e-08
9239.0,7.280367408392671e-07
9240.0,1.1507656981060454e-08
9241.0,1.816678302675199e-07
9242.0,6.786592443857746e-06
9243.0,2.2609768041274117e-05
9244.0,5.213466766041197e-08
9245.0,2.5265825818737648e-06
9246.0,2.503927062707206e-08
9247.0,7.676306365203449e-12
9248.0,1.9399512391110646e-12
9249.0,1.8132757037165723e-10
9250.0,1.5717607111288525e-08
9251.0,9.109806270523034e-08
9252.0,7.914068772738761e-08
9253.0,1.6883401542220262e-09
9254.0,1.9831692140698214e-08
9255.0,1.3914561223955943e-06
9256.0,1.0380371112013477e-06
9257.0,7.0942043708136e-06
9258.0,5.470115241610381e-07
9259.0,6.22753213607767e-05
9260.0,1.8846584854141767e-06
9261.0,4.998962132795022e-07
9262.0,5.507006415254884e-08
9263.0,1.216568497485871e-07
9264.0,7.366977421189383e-07
9265.0,6.078991376667874e-08
9266.0,9.520885440212063e-09
9267.0,1.420591136659905e-07
9268.0,2.622486625973883e-08
9269.0,1.04067482535571e-05
9270.0,8.122372547332469e-09
9271.0,2.7937511463677303e-06
9272.0,1.4460694055465656e-07
9273.0,2.4732490544025598e-06
9274.0,8.857111063998667e-06
9275.0,9.755064870744639e-07
9276.0,2.2202974667977612e-07
9277.0,1.1111347931772283e-08
9278.0,2.317931801683002e-07
9279.0,1.2902848202722598e-06
9280.0,2.438239122985645e-07
9281.0,6.411300008829135e-09
9282.0,1.119872281728028e-06
9283.0,5.951116261791294e-07
9284.0,7.202997332423387e-11
9285.0,1.0444882762912734e-05
9286.0,2.076424879616199e-08
9287.0,1.4823646149319116e-07
9288.0,4.5365612584040936e-08
9289.0,4.6212839776611433e-05
9290.0,4.1004736137293215e-07
9291.0,7.530952268824532e-09
9292.0,1.3916181043821002e-08
9293.0,2.897091311644841e-07
9294.0,9.450957575627053e-08
9295.0,3.950491596062473e-08
9296.0,1.178650894789934e-06
9297.0,4.271395305242694e-08
9298.0,4.863970603879628e-05
9299.0,6.486720791712626e-06
9300.0,8.125675038903848e-08
9301.0,2.7118159967049624e-08
9302.0,0.00010379392669516707
9303.0,7.061728208682208e-09
9304.0,4.16416104910304e-09
9305.0,4.896882799488196e-06
9306.0,1.7700343698259296e-08
9307.0,1.839049029878758e-09
9308.0,2.6213714590883362e-08
9309.0,1.767067908983094e-08
9310.0,7.692261969435978e-10
9311.0,4.6616302243989914e-08
9312.0,2.6453589053859944e-08
9313.0,9.23687680125607e-08
9314.0,1.0055153015925458e-06
9315.0,5.624309660552466e-07
9316.0,8.194651743471329e-09
9317.0,2.942863800313957e-05
9318.0,2.39110858600507e-08
9319.0,8.660300231234319e-08
9320.0,4.659802358480111e-09
9321.0,6.310660012799054e-05
9322.0,9.149616571610991e-08
9323.0,6.441907568366172e-07
9324.0,7.895139214269382e-07
9325.0,1.0973820426185837e-08
9326.0,5.485129033160836e-10
9327.0,3.6658745474198464e-10
9328.0,1.8494128112484226e-09
9329.0,3.364032741051343e-08
9330.0,4.788496693853539e-11
9331.0,5.587496223499147e-08
9332.0,1.15647600230974e-07
9333.0,1.843574411129174e-07
9334.0,9.576808022445596e-09
9335.0,7.134427388765317e-08
9336.0,2.2965467926888956e-05
9337.0,2.2866656501700768e-07
9338.0,2.4727986012679253e-08
9339.0,1.8129960114971912e-09
9340.0,2.1518433408984094e-07
9341.0,5.0837841923778567e-08
9342.0,3.126252584056995e-08
9343.0,3.793638675412174e-06
9344.0,1.3893582265659016e-08
9345.0,5.145389758648597e-08
9346.0,1.17744055638927e-06
9347.0,1.4292561688207267e-08
9348.0,3.1071771112461475e-06
9349.0,1.556156932344455e-07
9350.0,9.66256463405284e-10
9351.0,2.6930602015687475e-06
9352.0,6.174760430788181e-08
9353.0,3.528055074411698e-07
9354.0,4.5502316175756317e-07
9355.0,1.268380328747136e-05
9356.0,1.4390779211047566e-07
9357.0,2.176620909941335e-08
9358.0,6.973934201214584e-08
9359.0,4.943315936421188e-06
9360.0,2.797373018739756e-09
9361.0,1.306979261111831e-06
9362.0,2.878429170831123e-08
9363.0,4.179666003785518e-07
9364.0,1.3495983343666365e-08
9365.0,2.365578970431954e-08
9366.0,3.47645030230721e-08
9367.0,9.724363757490209e-09
9368.0,7.268575212650085e-07
9369.0,6.023232432221064e-07
9370.0,1.7599073301772426e-08
9371.0,9.525311794352202e-08
9372.0,9.555354150689268e-09
9373.0,2.7131202042696485e-10
9374.0,2.1526640590194455e-08
9375.0,1.3763043936128658e-07
9376.0,2.3270331150880194e-10
9377.0,2.6869675993356004e-08
9378.0,1.0485749281067632e-08
9379.0,2.177531377055006e-08
9380.0,5.0533589687643805e-08
9381.0,2.104851047259673e-08
9382.0,1.026701743087103e-06
9383.0,1.1149448272021771e-07
9384.0,8.04879351363602e-08
9385.0,2.3565533550128154e-07
9386.0,5.718993537929771e-07
9387.0,1.2398547453950629e-09
9388.0,1.8410208283320517e-06
9389.0,5.433538120284557e-07
9390.0,2.017465829566137e-08
9391.0,2.648803695272784e-07
9392.0,2.0868157082875804e-07
9393.0,3.971046540957204e-06
9394.0,3.1488290512286756e-07
9395.0,9.238228687445371e-08
9396.0,6.051007100822557e-08
9397.0,4.1389817250835433e-08
9398.0,1.8950934988068374e-06
9399.0,1.143462839106963e-06
9400.0,6.72090326676536e-07
9401.0,1.5222533988687475e-08
9402.0,1.4432241194739087e-08
9403.0,6.783076276026677e-07
9404.0,4.201003651710767e-08
9405.0,3.5545067523056116e-06
9406.0,5.76681949518538e-09
9407.0,1.024211782082039e-08
9408.0,1.0115111046731197e-06
9409.0,3.13258049199243e-09
9410.0,1.7675735610937307e-06
9411.0,1.0708970413284011e-07
9412.0,3.615217519069988e-07
9413.0,8.667786681198444e-07
9414.0,1.940996245520586e-09
9415.0,4.5543945220728736e-07
9416.0,1.2273924414059098e-09
9417.0,8.75802395588282e-07
9418.0,8.653695612384681e-07
9419.0,6.815554195599726e-07
9420.0,9.229846273584836e-10
9421.0,8.614697783427752e-09
9422.0,5.602263685816207e-09
9423.0,6.873329459443152e-09
9424.0,8.401323330310656e-09
9425.0,1.5130167416823744e-06
9426.0,8.414064350866528e-09
9427.0,3.9473328245142054e-09
9428.0,6.6824806778430525e-09
9429.0,2.1460610649680134e-08
9430.0,2.397070060528917e-06
9431.0,1.927198845735053e-05
9432.0,2.0120969982137014e-08
9433.0,1.5220923555390662e-07
9434.0,2.0676946589365853e-09
9435.0,5.94485505663157e-06
9436.0,7.79452980489294e-09
9437.0,1.997362930616512e-08
9438.0,1.2003487617611954e-07
9439.0,3.807111874071065e-07
9440.0,2.2826317555406912e-08
9441.0,3.383297843506699e-07
9442.0,5.865367924616903e-10
9443.0,2.6221395153341196e-09
9444.0,2.4750891090926472e-08
9445.0,5.90415118367884e-09
9446.0,2.0426679189910675e-08
9447.0,2.4427717323569526e-07
9448.0,1.7480701073038394e-05
9449.0,2.4472780922645208e-06
9450.0,9.149036756125756e-08
9451.0,2.4659100863680857e-07
9452.0,7.640440616328064e-08
9453.0,1.1546165583033885e-09
9454.0,1.1946850431930446e-06
9455.0,4.118788118709607e-08
9456.0,3.79593322787459e-05
9457.0,1.663685463122972e-11
9458.0,1.667070551929862e-06
9459.0,8.95024289715637e-09
9460.0,1.0364802525394219e-07
9461.0,1.1784133003572743e-08
9462.0,1.8774885596104522e-07
9463.0,1.9133727215066005e-06
9464.0,1.7389720093219259e-06
9465.0,1.8249326092525812e-07
9466.0,1.5159363936663256e-06
9467.0,2.0879124829889874e-07
9468.0,1.218618686134507e-05
9469.0,1.447690738974296e-10
9470.0,2.746792679193186e-07
9471.0,1.781411319848828e-08
9472.0,2.6755795912619856e-06
9473.0,1.0586969580254611e-07
9474.0,3.8160887822171277e-07
9475.0,1.1263915222272847e-07
9476.0,8.495213106783883e-09
9477.0,6.389123165954879e-06
9478.0,2.0517219430388634e-06
9479.0,3.2135812496153013e-08
9480.0,1.659406532007918e-08
9481.0,1.8229695756536755e-06
9482.0,3.2058229100986946e-09
9483.0,2.866443861449052e-07
9484.0,1.5005796161542572e-06
9485.0,3.7516595942410906e-08
9486.0,8.148918042161454e-10
9487.0,1.8148333337214903e-09
9488.0,7.762241204041492e-08
9489.0,3.0149786894230596e-08
9490.0,5.453495446581273e-08
9491.0,8.186004788863888e-08
9492.0,9.804557541031233e-09
9493.0,4.2611704161378295e-09
9494.0,3.4581386760030887e-07
9495.0,3.368500216932047e-07
9496.0,2.4836151722987127e-06
9497.0,8.775197636351295e-06
9498.0,1.4305550650934279e-09
9499.0,2.986830827416878e-08
9500.0,4.7627096562869784e-07
9501.0,3.774354539057146e-09
9502.0,6.29117792441625e-09
9503.0,1.722522844516455e-09
9504.0,2.58732345213234e-07
9505.0,1.7965975625569897e-07
9506.0,1.3785027801674984e-08
9507.0,1.0602734287365156e-09
9508.0,3.352332698058351e-09
9509.0,1.265028014917437e-07
9510.0,0.0007046868797188155
9511.0,6.781766737119046e-07
9512.0,2.3832938240154052e-07
9513.0,2.8172827018106655e-06
9514.0,5.626196711920139e-10
9515.0,0.000328596408963432
9516.0,1.741695759343191e-05
9517.0,2.4452171704194273e-09
9518.0,1.9503216245522385e-09
9519.0,9.158284469389812e-08
9520.0,5.430394520977818e-07
9521.0,4.0891599118767725e-09
9522.0,3.2396607524090035e-08
9523.0,5.412825334679225e-09
9524.0,7.5533905834899685e-06
9525.0,7.743410267707045e-09
9526.0,1.1938292007081035e-07
9527.0,6.546442972408255e-08
9528.0,1.1453659065150134e-07
9529.0,1.5227436938758692e-05
9530.0,1.8380384543099757e-09
9531.0,2.1888419034946632e-08
9532.0,1.1548987013399984e-08
9533.0,1.0284780811899561e-07
9534.0,1.0218243714650996e-08
9535.0,7.006027419588945e-07
9536.0,3.132994422915489e-08
9537.0,4.1307179402180853e-07
9538.0,3.9388666272206086e-07
9539.0,3.6542358220317856e-07
9540.0,1.6595112731173086e-09
9541.0,1.1578094106253841e-05
9542.0,5.77317320391364e-08
9543.0,1.006254846186898e-09
9544.0,1.5000597879953962e-07
9545.0,2.3364932982090327e-09
9546.0,4.586248157610866e-07
9547.0,3.102644351399362e-08
9548.0,2.806427454893485e-09
9549.0,1.4440949955591277e-07
9550.0,2.091961736640945e-09
9551.0,3.0720068577230916e-09
9552.0,1.3840614149146146e-08
9553.0,1.4596663855740156e-07
9554.0,1.459355253729288e-07
9555.0,1.583029641404251e-08
9556.0,2.5225383932963694e-06
9557.0,1.7885013573773394e-10
9558.0,2.668497322732407e-10
9559.0,7.414504398799335e-10
9560.0,4.155615752335894e-09
9561.0,2.59163819174043e-09
9562.0,2.5391974172137607e-08
9563.0,2.1800081599995872e-10
9564.0,2.2376601223487655e-11
9565.0,1.0798722387197219e-09
9566.0,9.819768395828495e-09
9567.0,2.730139001374095e-08
9568.0,3.80998072707352e-10
9569.0,2.0826366761140455e-09
9570.0,2.578712014726524e-10
9571.0,1.8125079295329807e-07
9572.0,1.5691850568630947e-09
9573.0,7.555557448068287e-10
9574.0,1.7605936531192041e-07
9575.0,3.94888760864471e-09
9576.0,2.4809505425720393e-08
9577.0,8.181000702635866e-11
9578.0,2.1987196349524906e-08
9579.0,3.314848005926721e-09
9580.0,1.2237902904746893e-05
9581.0,2.2724963753866385e-09
9582.0,6.522634504874823e-08
9583.0,2.3265064923873027e-09
9584.0,4.386018438515117e-07
9585.0,1.3166622566503285e-08
9586.0,1.357806169436253e-06
9587.0,4.3576206345784116e-07
9588.0,1.9640226573345935e-07
9589.0,2.4631078600128747e-07
9590.0,3.7460718233840334e-09
9591.0,3.960803941142319e-05
9592.0,7.652884634116727e-06
9593.0,4.1755024863759605e-09
9594.0,4.0941340687007345e-09
9595.0,2.34912935819991e-09
9596.0,7.245170379512396e-08
9597.0,4.3463284520649193e-07
9598.0,1.0160668542949783e-08
9599.0,1.6643814276282442e-05
9600.0,2.9749188801645948e-09
9601.0,4.217802470335899e-07
9602.0,3.0869142561897046e-09
9603.0,1.554559714090715e-07
9604.0,4.258422219858367e-07
9605.0,7.920765349210109e-08
9606.0,5.635498599739742e-07
9607.0,2.935418824832398e-06
9608.0,8.836222755945173e-09
9609.0,5.169626223011613e-08
9610.0,4.046721821489642e-07
9611.0,1.3103120230686011e-09
9612.0,0.00021987740762000472
9613.0,1.3336548599716016e-08
9614.0,4.934780994651093e-08
9615.0,6.694251178827837e-07
9616.0,1.6666716863112878e-09
9617.0,2.7459770948083343e-06
9618.0,5.137543500691103e-10
9619.0,3.2193780695424297e-06
9620.0,2.1484680169672835e-05
9621.0,3.697224160172309e-06
9622.0,1.5106731726047327e-07
9623.0,1.384391760967152e-06
9624.0,4.772873221978572e-09
9625.0,8.750506719856093e-08
9626.0,1.0723012877647147e-08
9627.0,1.4175542432314636e-10
9628.0,3.8997689615339293e-08
9629.0,4.180342150490029e-07
9630.0,1.93482647850715e-08
9631.0,2.483851296387834e-10
9632.0,1.4619124495184608e-08
9633.0,2.4239112282750273e-07
9634.0,1.6497698403098714e-08
9635.0,1.6214476839679884e-07
9636.0,6.073165091618838e-09
9637.0,1.321440460190049e-07
9638.0,1.2163596249257282e-06
9639.0,1.5472312814570864e-08
9640.0,1.8542444029604889e-06
9641.0,9.482262079492318e-07
9642.0,2.453514270397116e-08
9643.0,8.072870716849183e-07
9644.0,5.169951759194039e-08
9645.0,1.795710965591232e-08
9646.0,5.196560531484152e-11
9647.0,1.3984435340975211e-10
9648.0,2.060654315674913e-09
9649.0,1.0696652064698813e-10
9650.0,4.0198732949773957e-10
9651.0,1.0185623359593511e-08
9652.0,8.451940698700426e-08
9653.0,5.834654174943436e-07
9654.0,4.679396062439961e-07
9655.0,1.4238058141179272e-07
9656.0,1.5126447077131564e-08
9657.0,9.730051066594078e-09
9658.0,1.6741771793725056e-08
9659.0,5.3775181509275474e-08
9660.0,1.528353254258532e-07
9661.0,1.4836404091619138e-08
9662.0,9.465138403118432e-10
9663.0,2.643746195455897e-07
9664.0,2.3143142372369412e-09
9665.0,6.347704471340263e-08
9666.0,1.024560603293709e-07
9667.0,1.4772947376970568e-09
9668.0,2.160785230208717e-06
9669.0,3.290425625887854e-09
9670.0,1.0085651908453451e-07
9671.0,9.222655599074108e-08
9672.0,2.9786402195356133e-06
9673.0,1.0674551184528693e-06
9674.0,1.282088531050278e-06
9675.0,2.7046235138885354e-06
9676.0,1.5465090349390616e-09
9677.0,5.6446986780768684e-08
9678.0,2.0937013372879297e-08
9679.0,1.4390838176320011e-09
9680.0,4.392364009550285e-07
9681.0,3.8715758149830593e-07
9682.0,4.343725071907435e-09
9683.0,2.6381958755906776e-07
9684.0,2.555598267322077e-08
9685.0,2.7266767815054937e-07
9686.0,7.995669113624417e-09
9687.0,6.574429939518039e-07
9688.0,3.115323886467561e-09
9689.0,8.374872319837092e-10
9690.0,2.0866886602712118e-08
9691.0,7.30279258283901e-08
9692.0,9.284181263949467e-08
9693.0,1.903736310666416e-07
9694.0,1.948742253815663e-10
9695.0,3.3318801890810835e-09
9696.0,8.024879375894695e-07
9697.0,3.62763130651625e-05
9698.0,4.1873499467234866e-08
9699.0,1.7381131306975832e-07
9700.0,3.1102956789630837e-09
9701.0,1.4480871632674541e-06
9702.0,3.0502363492496455e-07
9703.0,3.9655466274069353e-07
9704.0,9.168522133647203e-05
9705.0,4.6317000292721395e-08
9706.0,3.7700068002023877e-07
9707.0,1.671543717085602e-05
9708.0,5.396264980726796e-07
9709.0,1.4951496449111484e-07
9710.0,1.3745372578351836e-08
9711.0,1.6976642201404614e-06
9712.0,2.065573324010381e-09
9713.0,2.7209195850844974e-08
9714.0,1.596797178903766e-08
9715.0,5.05915849753283e-08
9716.0,5.1970661659670606e-08
9717.0,1.9716305195589712e-07
9718.0,9.707990102891661e-08
9719.0,3.295106310943411e-07
9720.0,1.6287742146698292e-09
9721.0,1.8743754070951594e-07
9722.0,1.0790100689566208e-08
9723.0,8.256903884008976e-09
9724.0,1.256894017532496e-10
9725.0,1.5108084180325096e-09
9726.0,2.2574633252096794e-06
9727.0,1.3400578511609885e-06
9728.0,1.3427640633832444e-07
9729.0,8.957125630381461e-10
9730.0,1.4421619959512252e-09
9731.0,2.3841414868306065e-06
9732.0,7.685819700106132e-07
9733.0,1.223270910601861e-07
9734.0,1.7767174656339625e-07
9735.0,8.364216987870936e-07
9736.0,1.2802327695457972e-08
9737.0,1.5680232148548876e-09
9738.0,3.130448246341976e-06
9739.0,3.198574769573303e-06
9740.0,1.105757140992002e-08
9741.0,1.4467500501847346e-08
9742.0,4.266438022860685e-06
9743.0,8.119907377171865e-06
9744.0,7.29621010791307e-08
9745.0,8.67801083732901e-10
9746.0,1.0137473584809242e-07
9747.0,1.4576155870423831e-06
9748.0,5.5695740766433505e-09
9749.0,4.4837790832965365e-08
9750.0,1.8113458768662071e-06
9751.0,3.2201069518374955e-09
9752.0,2.9793910692757155e-06
9753.0,5.1249156819709565e-08
9754.0,1.9551318324087435e-07
9755.0,3.2727006883511865e-08
9756.0,2.6151483557512595e-08
9757.0,2.79545286510582e-06
9758.0,1.043045980705393e-09
9759.0,1.5222503666982013e-07
9760.0,3.461872928952695e-10
9761.0,5.4483064069221246e-08
9762.0,1.150078917949716e-06
9763.0,1.3598749405349975e-08
9764.0,5.674297323005013e-09
9765.0,1.994447300797757e-07
9766.0,2.2822263831742133e-10
9767.0,2.0959106269150136e-06
9768.0,3.013449038404556e-07
9769.0,3.325642846887811e-06
9770.0,6.839417231354748e-09
9771.0,1.120108955799073e-09
9772.0,1.8766397745538235e-09
9773.0,1.6810778353105008e-07
9774.0,4.8391320865915574e-11
9775.0,1.0326782978597203e-06
9776.0,2.177264118146407e-06
9777.0,1.9058660876220383e-07
9778.0,1.166674611661646e-09
9779.0,1.8036741829191018e-09
9780.0,2.1270339258988647e-05
9781.0,1.4457017786775308e-08
9782.0,2.3860144624846174e-09
9783.0,1.2526936943035487e-06
9784.0,3.86132302309179e-09
9785.0,1.8038721807892237e-09
9786.0,2.9837702089112243e-08
9787.0,7.644343850471834e-08
9788.0,6.833504470701954e-10
9789.0,2.434667175688558e-07
9790.0,1.0290851220492062e-05
9791.0,8.13148850658393e-06
9792.0,3.7478740756382555e-10
9793.0,8.466607228742678e-08
9794.0,6.392397159553575e-09
9795.0,6.459533388328733e-08
9796.0,1.6871111376006106e-08
9797.0,2.3768903641531638e-07
9798.0,3.080060228987147e-07
9799.0,5.619456272362726e-08
9800.0,2.0514586027898956e-09
9801.0,2.784022476446651e-07
9802.0,2.596752160243242e-06
9803.0,3.55476176565933e-08
9804.0,2.5569181133641338e-08
9805.0,2.1562361201356104e-07
9806.0,6.3293194776192e-05
9807.0,8.274106262888728e-07
9808.0,6.8878403496233e-07
9809.0,2.0278237276601564e-08
9810.0,3.8508831491533746e-07
9811.0,4.862794736121403e-06
9812.0,2.642645326744214e-08
9813.0,7.086302184184919e-08
9814.0,2.61026238387611e-06
9815.0,1.0399335686898025e-07
9816.0,2.1890244096147638e-05
9817.0,5.387329492139142e-07
9818.0,4.98927762156713e-08
9819.0,9.859218028008974e-07
9820.0,2.389614238707864e-09
9821.0,1.8506780223577765e-09
9822.0,4.5719555231305435e-09
9823.0,4.4073437149552783e-10
9824.0,6.4298955818368435e-09
9825.0,6.445462109031397e-07
9826.0,1.2379911872029343e-07
9827.0,5.9893551749661445e-09
9828.0,1.5024035903009257e-07
9829.0,3.115927460128536e-10
9830.0,8.586611272064083e-07
9831.0,8.920315782595827e-08
9832.0,2.6631705560005965e-08
9833.0,2.7187172996580703e-08
9834.0,1.456116538333353e-07
9835.0,2.3868233447862044e-08
9836.0,1.702165148336075e-08
9837.0,1.1124617111061765e-06
9838.0,8.2061762958041e-08
9839.0,2.1031732302759262e-07
9840.0,1.433902549059555e-07
9841.0,8.011791731812597e-08
9842.0,9.851882256519731e-09
9843.0,2.571191484213294e-10
9844.0,4.032646599037222e-08
9845.0,1.5321059717898397e-06
9846.0,3.552079927359609e-07
9847.0,4.977096237736522e-08
9848.0,9.661052266832536e-08
9849.0,1.8358762701370059e-07
9850.0,4.832920424862029e-09
9851.0,2.60919607703198e-08
9852.0,6.501151220026009e-09
9853.0,3.602779643226817e-08
9854.0,2.6687004243147378e-06
9855.0,4.340286355943378e-07
9856.0,1.0842196617910616e-08
9857.0,2.143869223582709e-09
9858.0,7.4881816050647e-07
9859.0,5.971209520465885e-07
9860.0,7.511552723311048e-09
9861.0,3.67303752653793e-08
9862.0,3.332235596133708e-11
9863.0,6.47510662267083e-06
9864.0,3.8724665695196045e-08
9865.0,1.5418204950104436e-07
9866.0,1.1460265743919987e-08
9867.0,8.572708435385802e-09
9868.0,9.66242561626749e-09
9869.0,2.9482763475509014e-06
9870.0,4.977638489735737e-07
9871.0,1.1170964785024658e-07
9872.0,5.659087719211746e-06
9873.0,5.998895846517008e-09
9874.0,1.5172354435605997e-10
9875.0,1.0903545788809283e-07
9876.0,2.1839913940314324e-08
9877.0,1.0159543681675191e-08
9878.0,1.4079881985561899e-06
9879.0,9.471985232749527e-09
9880.0,1.2894214669696636e-05
9881.0,3.426991028380707e-08
9882.0,3.752679261186218e-09
9883.0,6.64417713198525e-10
9884.0,1.423926748851583e-07
9885.0,2.067387861697763e-08
9886.0,2.803870285702904e-07
9887.0,3.0030086078194646e-07
9888.0,4.1524033476341434e-05
9889.0,2.933265790222776e-06
9890.0,6.773530496353824e-09
9891.0,4.721626764183506e-07
9892.0,3.940975386506008e-07
9893.0,3.2463100256199485e-06
9894.0,2.074338953727194e-08
9895.0,1.2475207453346602e-05
9896.0,1.1674544390163578e-09
9897.0,1.6213607486124226e-07
9898.0,1.4913964391745898e-08
9899.0,2.9929614840340136e-08
9900.0,2.892059466093224e-06
9901.0,6.3241786729857345e-09
9902.0,5.020078716335834e-07
9903.0,3.2790013758839313e-06
9904.0,8.677444678172265e-09
9905.0,9.819721139474407e-08
9906.0,1.1410619150803384e-07
9907.0,3.266198500656545e-09
9908.0,3.6630552837181007e-07
9909.0,4.581716866603864e-06
9910.0,4.7142003182147905e-07
9911.0,5.304738498512062e-07
9912.0,3.839294986739292e-08
9913.0,5.250265331524655e-08
9914.0,2.2217814110460952e-08
9915.0,1.0861098159832806e-07
9916.0,9.285668371045388e-07
9917.0,9.549512399372712e-09
9918.0,3.611148962063867e-08
9919.0,3.0558265913140654e-09
9920.0,6.93227434996961e-08
9921.0,6.133098272715564e-09
9922.0,6.68233831522784e-10
9923.0,4.424636553708015e-09
9924.0,2.600542241714958e-09
9925.0,2.2988376130116672e-09
9926.0,2.674992552828513e-07
9927.0,7.322118552668187e-08
9928.0,4.271457510826952e-06
9929.0,2.239287047584255e-06
9930.0,1.2777568466374476e-06
9931.0,0.0002051608007354177
9932.0,1.0595656433411878e-10
9933.0,5.311496065689055e-09
9934.0,1.7423084007521753e-07
9935.0,3.674578603898542e-07
9936.0,1.0091677190025448e-08
9937.0,1.3566868095524916e-08
9938.0,2.940052683440295e-09
9939.0,5.820586344774345e-08
9940.0,8.215757310036083e-08
9941.0,9.496303964775656e-07
9942.0,3.48013762791019e-06
9943.0,1.7499126163838408e-06
9944.0,6.242143549370398e-08
9945.0,4.0691863280561066e-08
9946.0,4.4490409969291463e-07
9947.0,8.776166122194282e-09
9948.0,2.208428662630615e-09
9949.0,1.0737398613819842e-08
9950.0,7.601225618000399e-07
9951.0,3.055911845491845e-07
9952.0,7.564189492599119e-09
9953.0,6.0488203390846e-08
9954.0,1.865581122070143e-07
9955.0,4.1090213671856314e-08
9956.0,7.265004983634733e-06
9957.0,1.1369417415403868e-05
9958.0,3.7495151619729144e-07
9959.0,5.231179572574463e-08
9960.0,1.9966686152429434e-11
9961.0,7.957326802107987e-07
9962.0,0.0001329459671550297
9963.0,2.704218021867082e-09
9964.0,1.306207888474791e-10
9965.0,7.337231017995327e-07
9966.0,7.917666541382563e-06
9967.0,7.138359685410513e-07
9968.0,1.6138522357480763e-05
9969.0,2.0791898849044964e-08
9970.0,8.809395022978616e-10
9971.0,3.3220311456749137e-07
9972.0,2.0592836056162408e-07
9973.0,2.435347572491872e-09
9974.0,6.950889756390166e-09
9975.0,6.909571505239365e-07
9976.0,3.47320052663765e-11
9977.0,2.293026742350976e-06
9978.0,9.98639725530681e-08
9979.0,2.585880221926034e-06
9980.0,1.0275021008310338e-07
9981.0,2.900636644732481e-10
9982.0,1.8048961888587394e-08
9983.0,1.4740253758034857e-06
9984.0,4.465727328499392e-06
9985.0,3.70896290541207e-08
9986.0,1.2707417614017892e-06
9987.0,8.255713982315002e-09
9988.0,6.918255498414736e-10
9989.0,6.227344684949018e-09
9990.0,1.4656343622099323e-05
9991.0,2.9298175917696664e-09
9992.0,4.2936392713623896e-08
9993.0,1.654779095946874e-07
9994.0,3.2533633156974775e-05
9995.0,1.0419485376625163e-05
9996.0,4.6068681453937875e-08
9997.0,2.9184795171546604e-06
9998.0,1.9718244866719526e-07
9999.0,6.214848449048077e-08
10000.0,2.6395580231313328e-08
10001.0,3.0006659807779247e-07
10002.0,2.38429571672066e-07
10003.0,6.589338793780314e-06
10004.0,1.5589841711720292e-08
10005.0,3.186037959154494e-08
10006.0,2.943054146498078e-08
10007.0,4.737647223127537e-08
10008.0,3.0082249099750716e-09
10009.0,4.5089932987830095e-07
10010.0,5.960804681218242e-08
10011.0,9.4379044878241e-09
10012.0,5.3610420609891646e-05
10013.0,4.178189033217295e-07
10014.0,3.864707181746091e-08
10015.0,8.123870923264333e-09
10016.0,1.5884320894229634e-08
10017.0,6.560961232208078e-08
10018.0,8.448291568363878e-08
10019.0,7.103882809496915e-08
10020.0,1.4174229416609653e-08
10021.0,3.9170141141506915e-06
10022.0,4.318943163862603e-09
10023.0,6.90421165027829e-08
10024.0,1.6797173754767146e-09
10025.0,2.8766291131594406e-10
10026.0,1.060839345967437e-09
10027.0,7.581513163645344e-08
10028.0,1.3550255846072136e-06
10029.0,1.8129736398142428e-05
10030.0,1.593298425154179e-08
10031.0,1.2991311792307745e-10
10032.0,7.688620229284124e-09
10033.0,5.9547245841714295e-06
10034.0,4.323117904590012e-07
10035.0,5.610122703545761e-08
10036.0,1.5178589809354574e-06
10037.0,1.1443769252902426e-08
10038.0,7.472538319361483e-09
10039.0,8.658675978858918e-08
10040.0,3.4844892364291676e-08
10041.0,1.2414362191504744e-05
10042.0,4.323839847638192e-08
10043.0,1.999367376497767e-09
10044.0,7.578117392421698e-07
10045.0,2.5342526024626135e-07
10046.0,3.76764813776349e-07
10047.0,3.703907031159178e-08
10048.0,0.00029957728802010623
10049.0,5.441802156223443e-06
10050.0,4.950391131590593e-07
10051.0,8.167349541234961e-13
10052.0,4.906217027993159e-09
10053.0,7.156932482887941e-11
10054.0,3.0104324928483313e-07
10055.0,2.6509511573659126e-06
10056.0,3.5592836415476587e-07
10057.0,1.3918789910951545e-09
10058.0,8.188543451637884e-10
10059.0,8.359862746529666e-09
10060.0,1.5519723297400765e-10
10061.0,1.1907000594463304e-06
10062.0,3.991575676620588e-11
10063.0,1.662361567565912e-08
10064.0,1.5140195349651172e-07
10065.0,8.953228235391684e-07
10066.0,4.712772710859248e-08
10067.0,2.1706955633427026e-08
10068.0,2.5181416885874572e-08
10069.0,3.9464921545108635e-07
10070.0,8.231752074589604e-07
10071.0,2.855830007734151e-08
10072.0,6.982066391408328e-10
10073.0,1.6768467709691923e-06
10074.0,4.034617822249469e-09
10075.0,7.755308027056474e-10
10076.0,2.9906383784667476e-08
10077.0,2.5569238887403317e-08
10078.0,1.740973174154558e-06
10079.0,1.2588334624762402e-07
10080.0,7.31189413920062e-10
10081.0,1.2744727589871867e-06
10082.0,8.286561846984053e-07
10083.0,2.4726928869966754e-09
10084.0,9.215166390244073e-08
10085.0,2.3809940378589376e-06
10086.0,6.607632801288131e-09
10087.0,7.88562851547314e-09
10088.0,1.731272769723132e-09
10089.0,1.2574623323198681e-08
10090.0,1.814234987367408e-07
10091.0,1.6157396052937307e-07
10092.0,3.649702458262627e-09
10093.0,3.280797183833875e-08
10094.0,1.6147805350861257e-08
10095.0,9.801241187763365e-06
10096.0,1.4389576288789203e-07
10097.0,1.3870472317311426e-08
10098.0,3.4460744148679587e-10
10099.0,4.0385102603010226e-08
10100.0,7.022088948753674e-10
10101.0,1.118839001725214e-06
10102.0,3.06309202347441e-08
10103.0,5.6211175527704927e-08
10104.0,1.7017446520284405e-08
10105.0,2.1795211251608232e-09
10106.0,5.934455201925013e-08
10107.0,3.512282904059099e-10
10108.0,2.115519419202578e-09
10109.0,2.907640875861687e-09
10110.0,1.7283537781344075e-07
10111.0,3.2975811926160023e-12
10112.0,1.401642446150849e-06
10113.0,4.983571262699297e-13
10114.0,7.561736732809273e-09
10115.0,9.994131135698741e-08
10116.0,2.719393793869285e-08
10117.0,4.197296161896753e-09
10118.0,4.732890998861515e-07
10119.0,3.337441183201177e-08
10120.0,1.593885006904567e-09
10121.0,1.6449423007893613e-09
10122.0,1.327814803089731e-09
10123.0,3.444947602553021e-09
10124.0,4.960005789365673e-07
10125.0,4.441515257291882e-08
10126.0,1.6736082994750286e-07
10127.0,2.0575985747780712e-07
10128.0,5.929950286096796e-08
10129.0,6.501606251231634e-12
10130.0,1.2053443734892721e-08
10131.0,1.313876047389581e-06
10132.0,1.0498737742454386e-09
10133.0,5.81505047357781e-08
10134.0,5.446121032693682e-10
10135.0,1.0484767348293685e-05
10136.0,6.209972698591948e-07
10137.0,7.721238715561344e-07
10138.0,3.0012668547216003e-06
10139.0,4.8213246043085405e-08
10140.0,9.3864339019601e-11
10141.0,9.78955953273207e-10
10142.0,3.7117915784225593e-10
10143.0,6.614549687390995e-10
10144.0,6.87595356180603e-09
10145.0,2.5308689404955413e-07
10146.0,9.994410048508904e-09
10147.0,1.1483936026157878e-06
10148.0,8.248738454505544e-10
10149.0,5.762814142641324e-10
10150.0,1.221772880626573e-07
10151.0,2.3431348785548098e-08
10152.0,7.598954550020521e-10
10153.0,9.38704947360502e-09
10154.0,1.7824595985369627e-07
10155.0,1.7284285962124845e-07
10156.0,7.982453584051885e-11
10157.0,6.318363656989925e-11
10158.0,7.499399919558456e-10
10159.0,2.1992187577355685e-08
10160.0,6.939180589216428e-09
10161.0,1.573658127966077e-08
10162.0,5.924506603106694e-08
10163.0,7.376820382577711e-09
10164.0,1.3757477249533696e-06
10165.0,1.9104501146411767e-08
10166.0,3.895182220668812e-09
10167.0,3.8335264278414254e-08
10168.0,1.462138291963076e-06
10169.0,1.6269196099894494e-05
10170.0,2.124838367292578e-06
10171.0,3.244879493564651e-05
10172.0,9.932580404078816e-06
10173.0,1.7413451730010751e-06
10174.0,3.091321863039402e-08
10175.0,2.8835307803102793e-07
10176.0,8.527761349492963e-07
10177.0,4.693955581173225e-07
10178.0,4.34064183455623e-08
10179.0,1.7640853014172756e-07
10180.0,8.07016342843514e-07
10181.0,1.0011868879458285e-07
10182.0,5.481700904501446e-09
10183.0,3.74226223891185e-09
10184.0,7.700591863053592e-06
10185.0,2.944476600307288e-05
10186.0,2.581554818833671e-07
10187.0,1.936250173014581e-06
10188.0,3.8045793405394664e-06
10189.0,5.347738999292968e-05
10190.0,1.0914185315605082e-06
10191.0,2.1362992483368045e-06
10192.0,4.133469716289585e-07
10193.0,1.67781179405368e-08
10194.0,3.012594652333208e-08
10195.0,9.460417376224388e-09
10196.0,8.485163247355281e-10
10197.0,4.330984363443824e-08
10198.0,2.0456752051742635e-08
10199.0,1.2734532322660287e-07
10200.0,1.3497503587254826e-08
10201.0,6.293016124224486e-08
10202.0,1.0187276504337925e-06
10203.0,1.5368585073079056e-06
10204.0,0.0004063807820946178
10205.0,1.797167383927488e-08
10206.0,1.1684090691193205e-08
10207.0,8.165980328811074e-08
10208.0,3.379416969644627e-08
10209.0,5.132880203251455e-06
10210.0,6.485638895180649e-10
10211.0,1.722623190186063e-07
10212.0,1.969440623898533e-08
10213.0,5.035762416518879e-08
10214.0,3.459935289888503e-07
10215.0,3.420022181990127e-08
10216.0,3.624407652554623e-08
10217.0,3.6284173357563975e-08
10218.0,3.822191629622541e-07
10219.0,0.00021385728713571212
10220.0,3.1862308830870364e-06
10221.0,2.450586939323195e-07
10222.0,1.2290591929409917e-09
10223.0,1.8486141490012132e-07
10224.0,6.5145881376945686e-09
10225.0,2.9401939770242473e-08
10226.0,1.1447994050186556e-08
10227.0,2.0134317930616977e-07
10228.0,3.4671135562993444e-07
10229.0,2.3075857154543307e-08
10230.0,8.246000866938402e-09
10231.0,5.381418139317102e-09
10232.0,2.808038929690239e-09
10233.0,1.0422845342228677e-07
10234.0,3.1941649437563737e-10
10235.0,9.835372358889886e-09
10236.0,7.068996117097765e-07
10237.0,8.334025923728181e-06
10238.0,4.0178886347597727e-08
10239.0,1.5328501928569877e-09
10240.0,7.294395872301743e-10
10241.0,9.477925080694667e-08
10242.0,5.3964277638382106e-05
10243.0,1.5439801745039043e-07
10244.0,2.2560208919330021e-07
10245.0,1.3893631580104963e-08
10246.0,6.961653337273557e-08
10247.0,9.534697368702047e-07
10248.0,4.248181517734467e-07
10249.0,5.4343653945583e-06
10250.0,9.421284607426709e-06
10251.0,0.00017435058940999454
10252.0,1.363249971561177e-07
10253.0,2.6425934646842113e-08
10254.0,4.619891874316307e-07
10255.0,8.180756404720853e-09
10256.0,7.128421996384248e-08
10257.0,1.001165284444938e-06
10258.0,3.6272527706729935e-07
10259.0,1.893255489769568e-05
10260.0,7.370074906285637e-05
10261.0,4.3206004667766575e-09
10262.0,1.5671686366605189e-10
10263.0,2.868284248624449e-08
10264.0,5.753234780977344e-10
10265.0,1.3282493056335356e-06
10266.0,4.747395345806682e-09
10267.0,7.820394239922617e-08
10268.0,1.5458831845652004e-06
10269.0,1.2807982840881389e-08
10270.0,1.8373925172939709e-06
10271.0,2.731903131153207e-08
10272.0,8.133575318447165e-13
10273.0,1.099471107124967e-06
10274.0,2.499012906905588e-08
10275.0,8.558699495953215e-08
10276.0,1.748669535373965e-06
10277.0,1.5936636733571156e-07
10278.0,7.488996298946565e-07
10279.0,1.4242644656994548e-05
10280.0,1.7962424710962042e-06
10281.0,1.3510717098482348e-09
10282.0,1.0756847471076488e-07
10283.0,9.84021965225005e-09
10284.0,4.077717001241934e-08
10285.0,5.2763427913832964e-08
10286.0,6.443980810895111e-09
10287.0,1.0252450213228693e-07
10288.0,3.4816850560366996e-10
10289.0,7.653473423274638e-08
10290.0,5.59872310669553e-10
10291.0,3.688677126756938e-11
10292.0,9.147405485755156e-08
10293.0,5.2413559617788134e-09
10294.0,1.4005035488564473e-08
10295.0,4.6585187446635066e-05
10296.0,4.518284332326307e-07
10297.0,2.3755601876810537e-06
10298.0,1.4124123641815425e-07
10299.0,1.3472178382440996e-08
10300.0,1.3854462705685351e-06
10301.0,6.147826452055504e-07
10302.0,7.905739768521554e-08
10303.0,5.733453733417532e-07
10304.0,1.0507602051036012e-05
10305.0,7.492427043923765e-08
10306.0,2.7102154965697705e-09
10307.0,2.7795653291928184e-07
10308.0,1.362935043150395e-06
10309.0,2.8278090191178807e-07
10310.0,2.1638015128912045e-08
10311.0,5.891682839159607e-07
10312.0,5.75830409328016e-06
10313.0,5.012152217640255e-07
10314.0,8.598854952400927e-10
10315.0,1.3166241912569928e-07
10316.0,2.5872779932579703e-07
10317.0,3.185746802671861e-08
10318.0,2.2155745947754768e-08
10319.0,5.156838368618611e-07
10320.0,5.2885660613976745e-12
10321.0,3.53967695199005e-10
10322.0,3.799317314596739e-07
10323.0,8.50255854341644e-11
10324.0,6.720139558952084e-10
10325.0,3.528833873698253e-11
10326.0,2.21016692515487e-07
10327.0,1.4399380294293133e-07
10328.0,3.412498410203475e-07
10329.0,3.85751968296888e-07
10330.0,3.780148134707401e-08
10331.0,2.873644473750582e-09
10332.0,2.195625289178327e-08
10333.0,1.3939349913163046e-08
10334.0,3.981785118388646e-06
10335.0,7.232490631401085e-09
10336.0,7.500521313317911e-11
10337.0,1.7653334552165767e-07
10338.0,4.893657693041448e-08
10339.0,3.477525661040516e-07
10340.0,3.1554157134030516e-08
10341.0,1.4419194691266708e-07
10342.0,1.0750135592121135e-09
10343.0,5.879513755371405e-05
10344.0,4.732455218167942e-08
10345.0,2.2367758923357098e-06
10346.0,1.4601962420651464e-08
10347.0,1.7109109971241661e-06
10348.0,1.1061507374799291e-08
10349.0,3.1042320181089335e-07
10350.0,1.0476017864121759e-08
10351.0,2.1529988138741262e-10
10352.0,7.837658728148641e-08
10353.0,3.539507506534138e-08
10354.0,1.488771244939262e-08
10355.0,4.89832680323682e-08
10356.0,9.435944656933308e-08
10357.0,1.8210741960303504e-08
10358.0,2.1349166922100903e-05
10359.0,1.3460136711390598e-06
10360.0,3.1719472268534573e-09
10361.0,8.81380540880348e-06
10362.0,7.73886696884987e-09
10363.0,1.5316463175751705e-08
10364.0,2.2919333041368326e-09
10365.0,1.2759759711988247e-08
10366.0,3.98869927834918e-08
10367.0,0.00025647897213698135
10368.0,8.133732063327326e-09
10369.0,2.0732742459173618e-08
10370.0,1.7636119882749361e-06
10371.0,2.767690827675189e-07
10372.0,1.7502658159939643e-09
10373.0,3.292736721467627e-08
10374.0,2.9219941870204357e-05
10375.0,4.70129932294978e-08
10376.0,2.9303200762485197e-07
10377.0,8.177685711978763e-08
10378.0,2.8892905746674925e-07
10379.0,1.4705591372072603e-07
10380.0,4.079430083172867e-06
10381.0,3.547615601074893e-09
10382.0,1.950311155515647e-07
10383.0,4.05520277594312e-09
10384.0,1.863948767858607e-07
10385.0,9.16615235106424e-09
10386.0,1.0213748079155646e-08
10387.0,5.18555815084092e-08
10388.0,2.1020294601584983e-10
10389.0,7.145314658929117e-07
10390.0,4.221988655564691e-06
10391.0,2.1370154651218485e-07
10392.0,1.5802808736101417e-07
10393.0,4.478349916359277e-08
10394.0,1.4426438297774926e-06
10395.0,5.921596154292402e-09
10396.0,5.905613612825132e-11
10397.0,4.3284643854252264e-09
10398.0,1.087044402937222e-09
10399.0,4.002498370572968e-07
10400.0,8.542151948729774e-10
10401.0,8.929184355343197e-06
10402.0,5.485930783282476e-07
10403.0,7.332066990114298e-08
10404.0,1.145284843192034e-07
10405.0,6.5057343590051406e-12
10406.0,8.413363129265902e-09
10407.0,5.020578140043633e-06
10408.0,1.5977515290034238e-07
10409.0,4.451115163180163e-07
10410.0,7.370667744389509e-09
10411.0,9.450187050730955e-10
10412.0,4.83156929884447e-08
10413.0,1.1389195419954698e-06
10414.0,3.512556978379299e-08
10415.0,6.700822484647979e-07
10416.0,2.2005375697765884e-08
10417.0,9.417620800513043e-07
10418.0,1.0938796615980229e-08
10419.0,7.578449265706644e-08
10420.0,1.1924845853039623e-07
10421.0,1.666625008393099e-07
10422.0,9.734284097093578e-08
10423.0,3.836065297299038e-09
10424.0,9.758244530266509e-08
10425.0,8.254205785456022e-07
10426.0,5.6237757721329875e-09
10427.0,6.479846691223926e-07
10428.0,3.112238247243397e-07
10429.0,8.403734879159264e-06
10430.0,5.12018644347323e-07
10431.0,1.6517313159703363e-07
10432.0,3.0234830168867575e-09
10433.0,9.126294059002377e-07
10434.0,5.1913102532447587e-08
10435.0,2.2532067425034086e-06
10436.0,1.752160151681925e-08
10437.0,6.815121675748273e-08
10438.0,3.2177523148519186e-06
10439.0,6.694201102649421e-09
10440.0,9.713978493054462e-08
10441.0,1.754781709663491e-08
10442.0,2.390338256451487e-09
10443.0,1.0675252729567981e-07
10444.0,6.309375212702409e-07
10445.0,3.2780879348958884e-09
10446.0,2.9769761392188096e-07
10447.0,3.362808739369404e-08
10448.0,5.4928892577115205e-08
10449.0,1.1492689187150261e-07
10450.0,9.919019174444313e-07
10451.0,1.6852869870086689e-06
10452.0,4.892531420829753e-06
10453.0,6.332832218701913e-07
10454.0,8.334815184057706e-09
10455.0,1.023634470451168e-06
10456.0,2.3737067830137012e-09
10457.0,1.5278899356334333e-07
10458.0,2.5103216920946003e-06
10459.0,1.6377485318380233e-07
10460.0,2.306994281938532e-08
10461.0,1.2442233469250854e-06
10462.0,1.728743599803107e-07
10463.0,2.5850926009897577e-08
10464.0,1.9064204662789983e-08
10465.0,1.2079003655981082e-08
10466.0,2.8405708192841962e-08
10467.0,3.3988395585265117e-10
10468.0,5.234861881622654e-07
10469.0,7.166878722810245e-08
10470.0,6.628910807014992e-10
10471.0,6.770824624652631e-10
10472.0,2.5807036107693594e-08
10473.0,4.62535799726729e-08
10474.0,1.3907276131021867e-07
10475.0,1.2408406508814411e-07
10476.0,2.474302014914211e-07
10477.0,3.980157924204537e-05
10478.0,1.261994990640746e-07
10479.0,3.7233586657136732e-09
10480.0,2.5796835013888025e-09
10481.0,2.0811184484857833e-09
10482.0,3.581130218455569e-08
10483.0,5.829126897113773e-07
10484.0,2.2672540261378455e-06
10485.0,4.7689647946174576e-08
10486.0,1.69839079793546e-08
10487.0,1.8287479493494287e-08
10488.0,4.102216689088273e-09
10489.0,9.409891655563393e-08
10490.0,9.444287411214265e-06
10491.0,2.0636483474709567e-07
10492.0,5.812641488848005e-08
10493.0,1.3989384603923459e-07
10494.0,2.7039219576819728e-08
10495.0,1.9206135800824722e-06
10496.0,1.7502692795874125e-08
10497.0,1.9864403932746677e-07
10498.0,1.0519886964149688e-09
10499.0,9.459065295196032e-08
10500.0,1.4713659856307685e-07
10501.0,4.592301388669164e-07
10502.0,3.007309202679179e-07
10503.0,8.358759951380937e-10
10504.0,2.455857252650949e-06
10505.0,2.4217672383630517e-06
10506.0,1.4191042845824183e-08
10507.0,1.1210344386894744e-08
10508.0,1.0474396581127481e-09
10509.0,3.4898107791477746e-07
10510.0,6.006479703538978e-08
10511.0,3.425432909357052e-09
10512.0,1.929932223617008e-06
10513.0,1.876431810680586e-07
10514.0,4.582364763846241e-08
10515.0,4.4965325690738163e-08
10516.0,5.55348962080962e-10
10517.0,1.428921784960488e-06
10518.0,1.504928127826351e-08
10519.0,1.2818209356125253e-06
10520.0,5.19977628875278e-09
10521.0,3.188842983793891e-07
10522.0,5.774411451369847e-08
10523.0,2.2750111546710292e-07
10524.0,3.9899255967451284e-07
10525.0,2.1651651117138696e-07
10526.0,6.5756467275124915e-09
10527.0,2.799596633498606e-06
10528.0,5.3349303084957e-07
10529.0,8.834658774406978e-07
10530.0,1.3859660425325054e-07
10531.0,0.003483096659972296
10532.0,3.7762493955957695e-07
10533.0,3.0237542802037805e-08
10534.0,2.811517934979245e-08
10535.0,4.954444307615332e-07
10536.0,7.937257995461936e-10
10537.0,6.225767556634291e-07
10538.0,2.9770242933508823e-08
10539.0,2.3041108924348047e-10
10540.0,6.5444448951116745e-09
10541.0,7.57631364390793e-09
10542.0,2.7859984797342412e-08
10543.0,2.1916558461637964e-08
10544.0,3.6323601603854123e-09
10545.0,5.732568934230917e-09
10546.0,1.453921349192818e-08
10547.0,1.5495574824665836e-07
10548.0,6.420286559484006e-09
10549.0,1.5854214649018907e-09
10550.0,3.3970579374573985e-08
10551.0,6.952355525649694e-08
10552.0,4.9544003790609066e-08
10553.0,3.5297593481028344e-05
10554.0,8.028654773229972e-08
10555.0,3.3382269314328483e-06
10556.0,1.5761469960170472e-07
10557.0,2.0617549189942332e-07
10558.0,1.397278230893926e-07
10559.0,2.558118117416765e-07
10560.0,2.971923759935529e-07
10561.0,1.7033016389478845e-07
10562.0,1.689707438526251e-08
10563.0,1.0666871049540276e-07
10564.0,6.241085499261174e-07
10565.0,3.151340175262961e-08
10566.0,2.1068566545650646e-07
10567.0,1.8285721521784636e-06
10568.0,9.842599048733868e-06
10569.0,1.1408097922128974e-06
10570.0,1.1760641455115396e-06
10571.0,1.04597816398088e-06
10572.0,1.0145014313372915e-10
10573.0,3.103551475829501e-08
10574.0,8.543239886241236e-10
10575.0,5.672389366434802e-07
10576.0,6.8281895005435545e-09
10577.0,3.105788686886646e-07
10578.0,1.3701299184817825e-07
10579.0,3.832409286438394e-09
10580.0,1.2432098079512511e-09
10581.0,4.419315055126959e-07
10582.0,2.3113210393774934e-08
10583.0,2.6172575830982066e-08
10584.0,6.320621650214561e-07
10585.0,2.8725063288775527e-07
10586.0,3.328116338923636e-09
10587.0,2.1410570637717522e-10
10588.0,1.548410898264272e-07
10589.0,2.9096782838316057e-08
10590.0,1.8072529669763532e-10
10591.0,1.4426224138766965e-06
10592.0,9.594449241445473e-06
10593.0,6.051696599752416e-08
10594.0,1.3434861470054316e-07
10595.0,1.3232368802221295e-10
10596.0,2.875070384519809e-07
10597.0,5.718427182278382e-06
10598.0,3.013503861695723e-06
10599.0,2.9371699154392377e-06
10600.0,2.4748257980920607e-07
10601.0,1.3236713309331277e-08
10602.0,2.416796042649953e-08
10603.0,2.617319218828971e-09
10604.0,1.4051046203368066e-07
10605.0,2.364147841346572e-08
10606.0,5.649355909004186e-07
10607.0,1.5515518875676506e-09
10608.0,8.196193134151055e-07
10609.0,1.2394876902102619e-08
10610.0,1.671855380310675e-10
10611.0,1.1476498480409819e-07
10612.0,2.3107027496045342e-08
10613.0,4.444753068719923e-07
10614.0,1.7347768833883495e-08
10615.0,2.0098585185084044e-05
10616.0,1.4685025841127352e-10
10617.0,4.873888206478649e-06
10618.0,7.155886292817246e-12
10619.0,9.105778014122019e-09
10620.0,6.463665112652163e-07
10621.0,1.2771455849879787e-09
10622.0,2.166397889097377e-08
10623.0,1.3277482377162295e-09
10624.0,1.2513915970458927e-08
10625.0,1.3124128466331984e-08
10626.0,2.4429804843333688e-08
10627.0,1.832042545169439e-07
10628.0,2.7521292357700755e-08
10629.0,3.196165840937167e-06
10630.0,1.128400524048697e-05
10631.0,8.876897134062046e-09
10632.0,9.738056379818043e-07
10633.0,2.9205314853067594e-07
10634.0,2.6955585949897915e-08
10635.0,1.332811335376037e-08
10636.0,1.3006017139520539e-08
10637.0,4.122300132485099e-08
10638.0,1.3681241232214898e-07
10639.0,3.636877125380917e-07
10640.0,3.991967242838655e-06
10641.0,3.052572396285069e-07
10642.0,7.021466067928138e-09
10643.0,3.977835731368523e-06
10644.0,1.3416773511775846e-06
10645.0,7.88000344445029e-07
10646.0,1.907539256142859e-08
10647.0,1.0680080473109069e-06
10648.0,2.930820637854295e-08
10649.0,1.1218840124741024e-06
10650.0,3.4162821761265914e-09
10651.0,3.4300108044018595e-09
10652.0,2.0982824688524347e-06
10653.0,3.1608461464629483e-09
10654.0,1.5836157818074788e-06
10655.0,2.396392782271352e-08
10656.0,2.3826408994394246e-08
10657.0,2.2892283524029653e-07
10658.0,3.4914398846426297e-07
10659.0,7.61420093336051e-08
10660.0,5.500542784600906e-08
10661.0,1.4340587640400194e-08
10662.0,1.4434748815515218e-09
10663.0,5.281437023372901e-07
10664.0,1.6305377346946447e-06
10665.0,3.1622457196766985e-10
10666.0,2.9113306988371147e-09
10667.0,8.379478737830445e-08
10668.0,8.01134587622014e-10
10669.0,2.5063071403749127e-08
10670.0,2.1703744124301656e-08
10671.0,1.626790055394997e-10
10672.0,4.098077703926995e-13
10673.0,6.161993515424935e-10
10674.0,1.5522666180624547e-11
10675.0,1.6597115837241044e-10
10676.0,3.428763773236419e-09
10677.0,1.5158626748271143e-09
10678.0,4.57625817150858e-10
10679.0,4.670759016308695e-09
10680.0,3.085924859067151e-09
10681.0,4.566754877364888e-11
10682.0,2.012088222347846e-09
10683.0,1.1915745063739211e-12
10684.0,9.618134983413588e-09
10685.0,1.781954641234375e-08
10686.0,1.915483178627691e-08
10687.0,1.412719743852147e-09
10688.0,1.0892617877147549e-09
10689.0,7.56055672993564e-11
10690.0,1.5056604170748094e-08
10691.0,1.578406769487167e-11
10692.0,1.2677536623111024e-11
10693.0,6.058566214291397e-10
10694.0,1.5225012694293151e-07
10695.0,1.7060922578822914e-08
10696.0,4.264302639043052e-09
10697.0,5.995698121863973e-09
10698.0,1.4580426515632442e-06
10699.0,9.763944495482654e-11
10700.0,3.4755636485379056e-09
10701.0,2.227646119652625e-07
10702.0,1.5690821536506678e-07
10703.0,9.55663336299966e-06
10704.0,1.9537283454525773e-08
10705.0,2.028216663104983e-09
10706.0,1.7987585247130762e-10
10707.0,4.022295339170504e-08
10708.0,3.03279928037598e-10
10709.0,1.0940272481416454e-10
10710.0,8.287531467189931e-07
10711.0,5.255241139644722e-10
10712.0,6.238334329747794e-11
10713.0,3.817839722299204e-06
10714.0,6.685593701430165e-11
10715.0,4.96177440133604e-09
10716.0,3.740571891898132e-08
10717.0,1.3044740597857755e-08
10718.0,1.3762089198126248e-07
10719.0,8.949593338960993e-08
10720.0,1.1832133753083435e-09
10721.0,2.70089506213574e-06
10722.0,5.117379407571712e-09
10723.0,4.0052457944413074e-07
10724.0,5.631562657059879e-06
10725.0,6.3731769296085185e-06
10726.0,5.417510167135677e-07
10727.0,5.054487505695111e-08
10728.0,1.652341646073692e-09
10729.0,7.289729493157437e-07
10730.0,2.450573151376987e-10
10731.0,4.5450155724867476e-08
10732.0,3.29028216032672e-07
10733.0,1.3168804717129756e-07
10734.0,3.079968419064728e-08
10735.0,6.160352742946795e-05
10736.0,5.694728505101443e-06
10737.0,3.445870363528886e-05
10738.0,6.02414396312206e-07
10739.0,1.7615887186750827e-08
10740.0,9.114007279794791e-08
10741.0,6.163112673758519e-06
10742.0,2.0665212148230532e-08
10743.0,4.286529875528371e-08
10744.0,2.005551715448116e-08
10745.0,2.288321501576889e-10
10746.0,5.211501628919518e-09
10747.0,1.00099132355536e-09
10748.0,3.8872785576881934e-08
10749.0,8.58792778169996e-09
10750.0,1.721297937507279e-09
10751.0,2.7213310471844746e-06
10752.0,2.505215803172337e-07
10753.0,5.417144373862996e-10
10754.0,5.1699554320149015e-09
10755.0,2.672059696667484e-06
10756.0,4.960309441534348e-08
10757.0,1.7897677112404098e-07
10758.0,2.62667414301864e-10
10759.0,1.6278691828731522e-06
10760.0,6.633072824150574e-11
10761.0,1.4004643481818031e-09
10762.0,2.6378549426049746e-09
10763.0,1.713832789803469e-08
10764.0,2.71176700963553e-06
10765.0,2.9779643357506817e-08
10766.0,3.0749478243538e-09
10767.0,1.899318408640796e-10
10768.0,6.952860194522645e-10
10769.0,1.947426382448207e-06
10770.0,4.941870288913521e-09
10771.0,1.8538017311168977e-08
10772.0,7.776391726998049e-08
10773.0,1.66104940615851e-07
10774.0,6.102960335248514e-08
10775.0,5.086981333441152e-07
10776.0,8.568898709785805e-08
10777.0,6.549974698315707e-10
10778.0,8.432095457326129e-05
10779.0,1.7929147870212258e-07
10780.0,5.499358761733579e-07
10781.0,4.500539976476989e-09
10782.0,7.779728048782279e-09
10783.0,2.4588020528891254e-10
10784.0,2.3198757638588247e-08
10785.0,1.3027385529317844e-10
10786.0,8.112551619421941e-08
10787.0,2.2578172467802497e-07
10788.0,3.802878553612999e-09
10789.0,1.9061935167879113e-07
10790.0,4.943449163344438e-10
10791.0,3.0694952808370535e-08
10792.0,2.016373759945718e-08
10793.0,4.295378809686315e-08
10794.0,8.06359468528781e-07
10795.0,3.007544940484835e-10
10796.0,2.2719465256870776e-09
10797.0,4.7847723979057124e-09
10798.0,1.426504135632158e-09
10799.0,2.950501237420212e-11
10800.0,1.2485784701834924e-07
10801.0,3.905655939375373e-07
10802.0,1.9117444807269763e-09
10803.0,4.1027581127207505e-10
10804.0,5.217110002370451e-10
10805.0,1.6224334615331065e-09
10806.0,5.311597079921867e-09
10807.0,2.8370143611382164e-10
10808.0,1.2371673018913046e-07
10809.0,4.932312780067315e-09
10810.0,8.696104505486169e-08
10811.0,7.010899370678192e-09
10812.0,2.1123951586514614e-06
10813.0,4.773586383108777e-08
10814.0,2.9183392999204233e-08
10815.0,4.4172137347675515e-06
10816.0,1.8797882944622165e-09
10817.0,7.714260968098093e-06
10818.0,1.2538220081097763e-08
10819.0,8.397599207586487e-06
10820.0,1.4437380231828335e-09
10821.0,2.831823758418849e-06
10822.0,2.0950740476730402e-08
10823.0,6.017543832900018e-10
10824.0,2.172492706205686e-07
10825.0,9.30662115477012e-09
10826.0,7.254429215031315e-08
10827.0,1.3468638240535662e-09
10828.0,3.6266499414625577e-09
10829.0,9.924425902454373e-06
10830.0,1.7853623210274544e-07
10831.0,9.274130077392112e-07
10832.0,4.199183844704073e-10
10833.0,2.658093205380291e-07
10834.0,1.989643464231363e-07
10835.0,1.2096036045289103e-08
10836.0,2.310232126652174e-06
10837.0,2.66721818319293e-07
10838.0,2.4498299939355273e-10
10839.0,1.3458406072113314e-08
10840.0,1.2058647018950895e-06
10841.0,4.619526458002746e-08
10842.0,4.893533627241785e-07
10843.0,2.5120234726281767e-09
10844.0,1.297464882728223e-07
10845.0,7.98321832543693e-08
10846.0,1.508942941789921e-10
10847.0,3.544605921680902e-10
10848.0,4.413158653508989e-05
10849.0,4.032476974376015e-08
10850.0,0.01326685057958669
10851.0,0.00032015097642752185
10852.0,4.93140889537637e-09
10853.0,1.3315286177933848e-09
10854.0,7.560476914843915e-08
10855.0,1.2576248077656286e-07
10856.0,3.0965937160541077e-09
10857.0,1.0179429653291194e-07
10858.0,4.4262686022689287e-10
10859.0,1.0296335513621953e-07
10860.0,1.0365288574458123e-07
10861.0,3.9992353951946715e-08
10862.0,1.9074120198271164e-09
10863.0,6.432908355337572e-08
10864.0,3.8754795119179444e-08
10865.0,7.330005692552307e-07
10866.0,3.137732278887877e-07
10867.0,5.396172035104402e-07
10868.0,3.3580335183352164e-08
10869.0,2.049912822910643e-09
10870.0,9.250999190007293e-05
10871.0,5.056964058505435e-11
10872.0,1.8221095838083205e-09
10873.0,1.4585662695086717e-09
10874.0,7.218046044996575e-07
10875.0,5.539269212433186e-07
10876.0,8.437930182536824e-09
10877.0,2.3390423288426905e-10
10878.0,2.399246961349129e-07
10879.0,2.8182487234186826e-08
10880.0,2.236813734920132e-09
10881.0,3.2330106089643755e-06
10882.0,4.0967207093931214e-10
10883.0,1.208857171851672e-07
10884.0,5.844529826128012e-07
10885.0,1.5722916523380002e-07
10886.0,1.5026732240103738e-08
10887.0,8.677344234969189e-10
10888.0,3.027060109318101e-09
10889.0,2.3213063729494256e-08
10890.0,6.232850982131324e-09
10891.0,3.0314140822621457e-07
10892.0,1.0281580334724213e-08
10893.0,2.0148799581316226e-07
10894.0,7.092751696969991e-09
10895.0,3.27008314095921e-08
10896.0,1.26998831908997e-07
10897.0,1.7315065250804824e-07
10898.0,6.110151653440918e-07
10899.0,5.3495251861824837e-08
10900.0,4.7191227231835145e-09
10901.0,2.33366312539093e-10
10902.0,8.836504682488644e-07
10903.0,1.7880029869703224e-07
10904.0,7.172048777545789e-09
10905.0,1.8224647685780147e-07
10906.0,5.343656502840673e-07
10907.0,9.761492011376954e-08
10908.0,6.96113775725716e-07
10909.0,6.859869679519337e-08
10910.0,6.759064273428596e-07
10911.0,8.363379187853506e-06
10912.0,8.809951625251467e-05
10913.0,2.4098535974161417e-05
10914.0,4.096182295922034e-10
10915.0,2.8745611226837828e-06
10916.0,4.7127337085213825e-08
10917.0,5.304498230301295e-05
10918.0,5.205665057221585e-07
10919.0,2.4991444769793025e-09
10920.0,1.2544194401326358e-07
10921.0,8.925530210369512e-09
10922.0,9.081293786793157e-08
10923.0,6.779183714929478e-08
10924.0,1.856344712624557e-08
10925.0,1.836922353187984e-08
10926.0,9.393888616290842e-07
10927.0,2.8582256720493368e-08
10928.0,1.8428157316702025e-06
10929.0,2.026999230093359e-09
10930.0,6.17001646039632e-08
10931.0,3.663444098993925e-08
10932.0,4.857603366312486e-07
10933.0,9.267812658101715e-08
10934.0,2.803013363257909e-08
10935.0,2.179757174454323e-06
10936.0,4.112883166436128e-06
10937.0,5.185736356666716e-06
10938.0,7.577646960236727e-08
10939.0,5.337717897617874e-07
10940.0,1.9835048896602673e-07
10941.0,1.2124496036679939e-08
10942.0,6.238664618116524e-10
10943.0,3.658982799874302e-09
10944.0,7.652306798708235e-07
10945.0,2.5226495388195705e-08
10946.0,9.65421211029998e-09
10947.0,1.4119604231596662e-05
10948.0,8.126052560679484e-08
10949.0,6.9568133120222644e-09
10950.0,7.099758705874008e-09
10951.0,1.4242978796568532e-06
10952.0,1.5542409228691303e-07
10953.0,1.2230430270945266e-06
10954.0,3.942692214823658e-08
10955.0,2.0675892780354098e-08
10956.0,2.0743136906297472e-10
10957.0,1.2163315585940227e-09
10958.0,6.78478281224746e-07
10959.0,3.672156596314932e-09
10960.0,5.816183114344238e-10
10961.0,1.2802765802455145e-10
10962.0,4.2660474676063805e-07
10963.0,7.036099846169056e-08
10964.0,1.0692648744013695e-08
10965.0,3.401398524372726e-07
10966.0,3.0440533856759535e-06
10967.0,5.476492051618201e-07
10968.0,3.1654075436452066e-07
10969.0,4.1207376817464604e-07
10970.0,3.5605082323309015e-08
10971.0,4.06188017641451e-08
10972.0,6.963449526808358e-09
10973.0,2.3248023477900908e-07
10974.0,6.291718574045082e-09
10975.0,1.9897909577170122e-07
10976.0,1.408016916404471e-07
10977.0,1.5978292269394706e-08
10978.0,3.989196758633456e-08
10979.0,2.2907372394916874e-06
10980.0,3.378827651117772e-06
10981.0,1.2252404439052637e-09
10982.0,2.852612746126769e-09
10983.0,2.6449341066144072e-08
10984.0,1.1926170396099358e-06
10985.0,2.0573804727051177e-07
10986.0,6.747305316937404e-07
10987.0,1.3176450425469402e-08
10988.0,3.721093553714378e-08
10989.0,7.537526319538242e-09
10990.0,6.000160629897268e-08
10991.0,7.97209655699682e-08
10992.0,1.5921687697953333e-06
10993.0,9.12998012162643e-09
10994.0,4.162295371184938e-08
10995.0,3.3112738319740365e-09
10996.0,1.448884912349348e-06
10997.0,2.913037716140513e-07
10998.0,2.131005266551755e-09
10999.0,1.3196750000494423e-07
11000.0,2.398555507473136e-07
11001.0,4.243531170195668e-06
11002.0,4.3064235994577904e-05
11003.0,1.8840633218696096e-07
11004.0,1.0241604891916194e-07
11005.0,8.281911570584165e-07
11006.0,6.306740977423496e-08
11007.0,2.3642461584376815e-10
11008.0,2.539696443711421e-07
11009.0,6.168217636201862e-09
11010.0,8.549214164992669e-07
11011.0,8.342519168644914e-08
11012.0,1.523108247288696e-08
11013.0,2.0408776999357032e-06
11014.0,8.194960225658589e-09
11015.0,3.31864448578318e-08
11016.0,2.8549978048431386e-07
11017.0,4.3148458423027376e-08
11018.0,1.9644636909638274e-07
11019.0,6.699401381064096e-07
11020.0,3.3001815706144614e-09
11021.0,2.36068809335308e-09
11022.0,6.99246276165434e-07
11023.0,1.0146226598531598e-07
11024.0,3.6144678128395876e-07
11025.0,6.164503594199226e-08
11026.0,3.005132529338135e-08
11027.0,2.4335111131170867e-06
11028.0,2.6564684913584837e-07
11029.0,1.9401588950416123e-08
11030.0,8.480684795360931e-07
11031.0,5.608457185196427e-08
11032.0,3.1156404076564865e-07
11033.0,3.9611374757932883e-10
11034.0,7.626000694905271e-07
11035.0,9.521295315155956e-06
11036.0,3.5592868325307162e-09
11037.0,8.247513188370335e-08
11038.0,1.7664229980932153e-06
11039.0,2.697135482451596e-06
11040.0,1.497669795831191e-08
11041.0,1.3667385884624405e-09
11042.0,3.589469677095774e-07
11043.0,1.7273460443964593e-09
11044.0,5.320645217683857e-08
11045.0,2.3435286900731922e-07
11046.0,1.0308636375739767e-06
11047.0,5.096303034561695e-07
11048.0,2.1545956988690832e-07
11049.0,2.1450414534829894e-08
11050.0,5.201255890787662e-07
11051.0,2.3064468383113167e-06
11052.0,4.065342040344776e-09
11053.0,1.569762682296931e-07
11054.0,5.024033232593327e-09
11055.0,9.438273258032457e-09
11056.0,4.068244086285597e-07
11057.0,5.29134578426594e-07
11058.0,1.1535356789049442e-08
11059.0,1.4068308001288844e-07
11060.0,1.7766426506322917e-09
11061.0,7.715490001168345e-09
11062.0,3.114731280689985e-07
11063.0,4.205096367935687e-09
11064.0,3.857380346029578e-08
11065.0,2.699194100583345e-08
11066.0,3.5655262155108645e-06
11067.0,5.26721406914187e-07
11068.0,1.3875994623968194e-07
11069.0,1.1874640219056024e-07
11070.0,1.852493558775636e-06
11071.0,6.147872492950937e-08
11072.0,2.425838311060149e-06
11073.0,1.0211201479439295e-08
11074.0,1.5511742776796089e-06
11075.0,6.455778199645708e-09
11076.0,3.60651133402297e-09
11077.0,3.9362213136911e-06
11078.0,4.504926311793336e-08
11079.0,3.096929530798273e-08
11080.0,8.307728173644556e-06
11081.0,2.2562322651187408e-09
11082.0,4.229376724002499e-08
11083.0,3.0184370838773438e-09
11084.0,4.702261949270899e-08
11085.0,1.0831419674624035e-06
11086.0,9.672882979977578e-08
11087.0,1.8462633708252567e-06
11088.0,2.592505466721351e-08
11089.0,2.9051180115063825e-08
11090.0,1.3252853935915968e-07
11091.0,5.557115492106065e-07
11092.0,8.667753767558538e-08
11093.0,7.805675791008867e-08
11094.0,8.137540996216159e-09
11095.0,9.992712023148483e-07
11096.0,4.8954672930042334e-08
11097.0,1.0874223563453586e-06
11098.0,8.241600829160719e-08
11099.0,2.042891035964015e-06
11100.0,1.5433133699677592e-10
11101.0,1.098313242033348e-08
11102.0,1.553093776355687e-06
11103.0,6.811839411163041e-08
11104.0,6.784087875696882e-08
11105.0,4.4858960838553173e-08
11106.0,6.661186974707492e-08
11107.0,3.808314397013261e-05
11108.0,2.2810961355655844e-06
11109.0,5.922227958285617e-09
11110.0,1.011731224299326e-08
11111.0,2.036630245967816e-09
11112.0,6.126010848489402e-08
11113.0,1.2232654782263993e-06
11114.0,2.1411327500667574e-08
11115.0,1.0630524279675473e-06
11116.0,1.748964478443278e-09
11117.0,8.626259435204728e-10
11118.0,2.874497982937539e-07
11119.0,9.456529050063895e-10
11120.0,1.648209068104529e-10
11121.0,1.9033793433644695e-08
11122.0,4.092019958426847e-09
11123.0,2.0543186118984383e-07
11124.0,7.580905437074563e-08
11125.0,4.204923982797498e-07
11126.0,6.050979255199277e-06
11127.0,2.9311862076198423e-08
11128.0,4.4185492032864874e-07
11129.0,1.2653020003419008e-05
11130.0,1.2519296003003467e-07
11131.0,3.1524370046480824e-08
11132.0,3.3799124267074834e-06
11133.0,4.1467646252753766e-07
11134.0,1.690718329923498e-08
11135.0,7.841539108542979e-08
11136.0,4.167736132892904e-06
11137.0,8.590943578399044e-09
11138.0,1.2799304633564784e-08
11139.0,4.804780911776945e-07
11140.0,1.5283438047789726e-09
11141.0,1.2500760508444965e-08
11142.0,5.891372901569914e-07
11143.0,6.040391668503239e-08
11144.0,9.243147856389908e-07
11145.0,4.775435955762509e-08
11146.0,1.2213827458719415e-09
11147.0,4.314371157869983e-08
11148.0,1.5658930110022045e-08
11149.0,2.500170319551401e-08
11150.0,4.4093027982555306e-07
11151.0,9.824024570865376e-09
11152.0,1.0190893121287992e-07
11153.0,4.344554190124963e-09
11154.0,1.55743771127718e-08
11155.0,6.830309397619534e-07
11156.0,4.994017926743025e-08
11157.0,1.560753657766517e-08
11158.0,5.812523571075101e-08
11159.0,1.3596100160465692e-06
11160.0,2.0883273508547218e-06
11161.0,8.905288775260361e-08
11162.0,1.3654099659980723e-07
11163.0,5.970220739082972e-09
11164.0,6.276027885213262e-09
11165.0,2.548573226385421e-09
11166.0,3.4630435969058535e-05
11167.0,8.406335017911632e-08
11168.0,5.20425857565432e-06
11169.0,4.196283236223958e-07
11170.0,3.2168099771818007e-10
11171.0,1.565043753294592e-08
11172.0,8.821144646203042e-05
11173.0,2.717227499204345e-07
11174.0,2.322074262417429e-07
11175.0,5.120041871208772e-10
11176.0,1.3399430613874894e-08
11177.0,1.0836782081364635e-08
11178.0,9.372329962814442e-08
11179.0,1.09335423908257e-07
11180.0,1.0855681321758764e-07
11181.0,4.234764497669916e-09
11182.0,3.4949500729478783e-06
11183.0,1.8367245959717862e-10
11184.0,4.574127075286133e-10
11185.0,6.594132040057317e-08
11186.0,1.7440941222122593e-08
11187.0,1.4777453135474389e-06
11188.0,3.5675824099125976e-09
11189.0,1.0098321244957069e-07
11190.0,2.3416562133770146e-08
11191.0,5.0066465234415016e-09
11192.0,1.5223457168353946e-08
11193.0,1.0851160104263746e-08
11194.0,5.961869051073863e-11
11195.0,2.4260434227824155e-09
11196.0,7.507269018201918e-08
11197.0,2.2590784326705244e-07
11198.0,5.546931286901072e-08
11199.0,1.7457214715296726e-09
11200.0,1.4834229763543588e-10
11201.0,1.651688695402315e-06
11202.0,3.000333165826787e-06
11203.0,2.5133537953349074e-05
11204.0,6.261114824940449e-09
11205.0,1.8216042941425785e-08
11206.0,2.9439536508848414e-07
11207.0,6.697885393393377e-10
11208.0,5.214262066998048e-07
11209.0,4.80203316934569e-05
11210.0,1.6364233723568567e-06
11211.0,2.2215693084500258e-08
11212.0,4.81526878043607e-10
11213.0,2.534001811746071e-09
11214.0,1.2244261890787558e-06
11215.0,7.814326824490986e-08
11216.0,7.568188133410702e-08
11217.0,1.07505399327177e-06
11218.0,1.135146920865269e-06
11219.0,2.0856878029793321e-07
11220.0,4.533584168352813e-08
11221.0,1.824383951523935e-09
11222.0,2.6283350006524192e-08
11223.0,4.930351610900105e-08
11224.0,6.196993280111582e-06
11225.0,5.715021222618976e-06
11226.0,3.011546074033323e-09
11227.0,1.2947913683329334e-07
11228.0,1.1071821060034973e-08
11229.0,5.017125810162298e-08
11230.0,4.1676845074538446e-08
11231.0,1.202051111190446e-05
11232.0,3.215037219739586e-09
11233.0,1.5286191017387568e-08
11234.0,1.717260178826989e-09
11235.0,2.5376851074938983e-10
11236.0,3.379204528739566e-05
11237.0,9.189843146797111e-05
11238.0,4.1300090754387684e-09
11239.0,3.03876577215522e-07
11240.0,4.250548715554883e-08
11241.0,4.972907340946135e-09
11242.0,4.064957724613683e-08
11243.0,1.106982367977624e-06
11244.0,7.173795014088259e-07
11245.0,1.1163477022767956e-08
11246.0,1.3231218279188356e-07
11247.0,5.261879368993781e-06
11248.0,2.1238482557177576e-06
11249.0,9.04033173829415e-06
11250.0,0.003165357873595681
11251.0,1.7157566180821185e-06
11252.0,8.60442325604611e-08
11253.0,1.2884925348839248e-10
11254.0,3.4700410343279665e-07
11255.0,2.3522584212306094e-10
11256.0,1.8964849018437203e-07
11257.0,4.559869076530959e-08
11258.0,2.390040586997124e-09
11259.0,8.381811054942032e-08
11260.0,1.0890299506595949e-07
11261.0,3.118974963461702e-07
11262.0,2.706909900107008e-08
11263.0,1.417813165922852e-07
11264.0,6.22589503987336e-08
11265.0,1.8530802453270715e-08
11266.0,3.2527152168278665e-05
11267.0,3.248930328916431e-05
11268.0,3.865867175668892e-07
11269.0,1.5581849355897672e-09
11270.0,1.8790706696309903e-07
11271.0,2.3060855126597576e-06
11272.0,6.400828461561848e-09
11273.0,2.2788354769304794e-07
11274.0,6.317812024988644e-08
11275.0,1.3540024920642408e-08
11276.0,4.330660542390944e-08
11277.0,3.2295664168654303e-09
11278.0,1.7567598040725724e-08
11279.0,9.171309288457622e-05
11280.0,5.087530354206921e-08
11281.0,2.037486969962092e-09
11282.0,3.2136313772142157e-06
11283.0,8.617736918231375e-08
11284.0,1.3019367798894612e-07
11285.0,2.984535757289801e-08
11286.0,2.1827252251925957e-07
11287.0,7.718825364084768e-05
11288.0,2.578480445875154e-07
11289.0,5.152845814313615e-09
11290.0,1.9536062911785313e-05
11291.0,1.3131822875929682e-07
11292.0,1.5352697515736143e-09
11293.0,2.6035891811304248e-09
11294.0,1.1293984871817438e-07
11295.0,7.294407416376669e-09
11296.0,2.3335766136530448e-06
11297.0,3.441412105676485e-07
11298.0,7.939372688164956e-07
11299.0,1.0935208766779552e-07
11300.0,2.27020195673745e-06
11301.0,6.24915681599188e-09
11302.0,8.857797532317644e-09
11303.0,5.60080703119818e-07
11304.0,2.8502731131507357e-06
11305.0,3.2745035814544605e-07
11306.0,1.7189272135451236e-08
11307.0,9.176120161416202e-08
11308.0,2.1727938744612563e-07
11309.0,3.530464893716697e-08
11310.0,9.011213937394766e-06
11311.0,1.2111273394276226e-08
11312.0,3.53799564953089e-08
11313.0,1.0433290041082181e-08
11314.0,0.0011134598448329365
11315.0,1.0044178702901463e-10
11316.0,3.113823999360484e-09
11317.0,6.060541775087913e-07
11318.0,6.717993783974392e-07
11319.0,2.4779562254943093e-08
11320.0,3.7338901935469254e-08
11321.0,6.986404129126404e-08
11322.0,6.250766867983916e-08
11323.0,1.447180462032885e-09
11324.0,3.1385375354924653e-07
11325.0,3.740964138191946e-06
11326.0,1.2513429267479858e-07
11327.0,4.0480044560093287e-07
11328.0,6.2139548254302575e-09
11329.0,2.380976568222489e-08
11330.0,4.793774654846079e-08
11331.0,3.9049194102668995e-07
11332.0,7.9614265187335e-09
11333.0,3.2603324184386487e-09
11334.0,1.0655418852769531e-09
11335.0,5.7243779774459795e-09
11336.0,3.5252313687213094e-09
11337.0,3.9847813477193606e-05
11338.0,1.499138941002617e-09
11339.0,2.926361890196223e-07
11340.0,1.8303328977083775e-09
11341.0,6.97190346371991e-07
11342.0,2.403534425631007e-06
11343.0,5.076298307470841e-08
11344.0,9.831649691873936e-08
11345.0,1.9847704905669728e-08
11346.0,3.808451041000945e-07
11347.0,7.950903563047867e-06
11348.0,2.2907209419434551e-07
11349.0,9.955937638930076e-08
11350.0,5.896947940891073e-07
11351.0,4.670060767242443e-09
11352.0,3.66014274993248e-09
11353.0,2.42519674308195e-09
11354.0,2.0435028201737917e-06
11355.0,1.1017742757999484e-05
11356.0,2.821740121245358e-10
11357.0,5.753292462288768e-07
11358.0,4.7954350204668585e-09
11359.0,1.0205653587974082e-09
11360.0,1.9033217722525115e-09
11361.0,1.968892301617397e-08
11362.0,7.40575198353204e-08
11363.0,1.0833073169832318e-08
11364.0,2.643418607851133e-07
11365.0,2.3234000694269725e-09
11366.0,9.579589091502552e-08
11367.0,5.439783994509483e-08
11368.0,1.1240123658623184e-05
11369.0,4.044165564499853e-09
11370.0,7.116933223759843e-07
11371.0,6.905908755175874e-07
11372.0,1.0638777171063632e-06
11373.0,4.377438772247219e-08
11374.0,1.1971506045877678e-05
11375.0,8.972283525416734e-09
11376.0,2.9278587438714542e-08
11377.0,2.0999102539675532e-08
11378.0,2.1504621516888976e-07
11379.0,6.06015018856106e-08
11380.0,1.9078428154151987e-07
11381.0,1.7513451653533416e-06
11382.0,2.5897619041693326e-08
11383.0,6.56952614794057e-08
11384.0,4.277377591428844e-09
11385.0,2.3905796713155344e-08
11386.0,4.37375339951453e-09
11387.0,2.39890094617493e-10
11388.0,3.2336176733902746e-08
11389.0,4.946890234028441e-08
11390.0,4.262840842136644e-09
11391.0,1.1599544401798793e-06
11392.0,2.5021462434987155e-06
11393.0,2.310989587380002e-09
11394.0,6.553634697375214e-09
11395.0,1.1080863882789972e-06
11396.0,4.2100860920265646e-07
11397.0,2.7698676229251193e-09
11398.0,3.7624622125720647e-08
11399.0,9.153808988408856e-08
11400.0,8.187765564141404e-08
11401.0,7.909259051624822e-09
11402.0,5.20823660556361e-07
11403.0,2.155019874127075e-06
11404.0,3.821570823550744e-10
11405.0,1.3089036315102129e-07
11406.0,1.1389815501968742e-08
11407.0,1.7858144083339265e-06
11408.0,1.106594256758146e-06
11409.0,1.508311890329104e-07
11410.0,4.60662095353717e-08
11411.0,1.3622412414704073e-07
11412.0,8.89705179975873e-11
11413.0,4.212308588142933e-07
11414.0,2.4628113485856172e-09
11415.0,7.170267609850437e-07
11416.0,9.991344073002389e-09
11417.0,2.9206854555865567e-07
11418.0,7.218249598570009e-07
11419.0,3.2693126297360274e-08
11420.0,3.993471103174078e-09
11421.0,9.085436010706845e-06
11422.0,2.045114492634277e-09
11423.0,7.451560255283872e-09
11424.0,2.3574499005699189e-07
11425.0,1.636380149291254e-08
11426.0,2.2161308599768943e-07
11427.0,1.024579111679088e-07
11428.0,4.099463544074336e-14
11429.0,6.529239738581722e-08
11430.0,5.3203886845227054e-08
11431.0,5.828141189511058e-08
11432.0,2.874152195526036e-08
11433.0,4.033248688762825e-09
11434.0,8.349731439553241e-08
11435.0,3.764385135897893e-07
11436.0,3.73485714437825e-09
11437.0,2.522104050298008e-07
11438.0,1.0030858489666986e-09
11439.0,5.000173824580942e-07
11440.0,1.6517521936998522e-08
11441.0,1.8423631468206197e-09
11442.0,1.354237370675503e-07
11443.0,8.378167972115109e-07
11444.0,8.66784933167687e-08
11445.0,1.1780392155181992e-09
11446.0,2.8520934479754505e-08
11447.0,7.734606702007337e-10
11448.0,5.327014512733142e-06
11449.0,4.5909262052006393e-07
11450.0,1.476488237556641e-09
11451.0,6.733179792491468e-08
11452.0,3.599655338410694e-06
11453.0,4.161256128534935e-07
11454.0,4.532231087028748e-09
11455.0,8.542065652781773e-08
11456.0,5.066413962031291e-10
11457.0,7.951382210349878e-09
11458.0,2.2381218347907248e-05
11459.0,5.1217843309608356e-06
11460.0,4.0950152758214837e-07
11461.0,2.007615765017566e-06
11462.0,1.4504715155447865e-07
11463.0,1.0660386763508608e-08
11464.0,5.072746150781894e-08
11465.0,2.532360566559154e-10
11466.0,2.9863811822803105e-08
11467.0,5.237074743630048e-08
11468.0,2.106221959815294e-08
11469.0,2.3440568147495805e-06
11470.0,2.3641261701673964e-06
11471.0,9.799585174402186e-06
11472.0,6.095630379192344e-10
11473.0,1.9095649688116904e-07
11474.0,2.9370180613084627e-09
11475.0,4.633659459170218e-08
11476.0,5.486763194640414e-07
11477.0,6.20794508257104e-08
11478.0,4.956425035318103e-06
11479.0,6.388209103960208e-07
11480.0,1.1967628261691363e-06
11481.0,5.894054827466391e-07
11482.0,1.1033703682589988e-08
11483.0,3.309265684672735e-07
11484.0,2.198064546062521e-09
11485.0,4.428396833084566e-06
11486.0,1.3517094724638723e-07
11487.0,6.974995391136772e-09
11488.0,8.190582314236498e-08
11489.0,3.629625305096188e-08
11490.0,5.724389020949084e-08
11491.0,1.6680707150991936e-08
11492.0,6.494013917796572e-08
11493.0,1.2880762035691397e-08
11494.0,3.9512594961057876e-07
11495.0,1.5235385708906795e-05
11496.0,2.785781841413209e-09
11497.0,5.453555847801394e-10
11498.0,3.571807072322419e-09
11499.0,2.1659855770899902e-08
11500.0,1.755900376248524e-07
11501.0,7.027240542932547e-09
11502.0,9.92829220309412e-08
11503.0,3.3446919792175486e-07
11504.0,9.973074935250838e-08
11505.0,7.379606023820739e-10
11506.0,7.46414703479911e-07
11507.0,1.4107500966819704e-10
11508.0,9.28599521588753e-07
11509.0,1.3544481899306003e-07
11510.0,3.313465184950056e-08
11511.0,9.192878373433185e-09
11512.0,2.24110155268876e-09
11513.0,3.279414606028434e-08
11514.0,2.5137356089971972e-08
11515.0,5.129824492960747e-10
11516.0,5.024059037466829e-08
11517.0,8.221800347490207e-07
11518.0,1.14308670297168e-06
11519.0,1.1438100694692713e-07
11520.0,2.7588946003117375e-08
11521.0,2.6055923932959742e-08
11522.0,1.9788106637408162e-07
11523.0,4.274628855320923e-08
11524.0,1.1412796149443242e-07
11525.0,1.1885584457769547e-07
11526.0,9.554314285932179e-11
11527.0,6.513789081874057e-10
11528.0,3.975344811812542e-07
11529.0,3.4670938965510817e-07
11530.0,7.862964997298462e-08
11531.0,1.3181762630015525e-07
11532.0,2.0470510172975058e-08
11533.0,2.0678190317276637e-07
11534.0,8.23209337136762e-07
11535.0,8.019665437910835e-09
11536.0,2.547553753961374e-08
11537.0,4.88942376934545e-07
11538.0,1.1425350279386044e-08
11539.0,5.686490260105318e-08
11540.0,3.999363877521145e-09
11541.0,2.1241955187013652e-07
11542.0,1.58155043749766e-08
11543.0,5.814692576626205e-07
11544.0,1.5368822509116548e-08
11545.0,1.313766032851319e-06
11546.0,4.1519808165849695e-07
11547.0,7.971932100964337e-05
11548.0,3.036037939779203e-08
11549.0,4.586262872904065e-07
11550.0,2.1172962849851332e-08
11551.0,1.781516248722335e-10
11552.0,1.1574028462931055e-06
11553.0,4.7656235692273265e-07
11554.0,1.1161624303409156e-08
11555.0,1.2696328771083446e-06
11556.0,2.0083209082365787e-07
11557.0,1.2622672804175034e-07
11558.0,1.2434724491919876e-06
11559.0,4.429793229256598e-08
11560.0,1.711884106102062e-09
11561.0,4.899978639925671e-08
11562.0,6.950474809980153e-07
11563.0,1.3862990064339013e-09
11564.0,1.4518409511048358e-07
11565.0,1.3979655636602409e-09
11566.0,2.2020226128981174e-07
11567.0,2.233333321832699e-06
11568.0,2.650547394744714e-07
11569.0,5.409152201073503e-05
11570.0,2.916792891140022e-07
11571.0,1.663022821377701e-08
11572.0,2.844360102682104e-07
11573.0,9.401100945134175e-10
11574.0,9.577617686726698e-08
11575.0,1.16960523658612e-08
11576.0,6.091733294861291e-07
11577.0,2.8134212620139803e-09
11578.0,1.229801966711414e-07
11579.0,1.3381778675746216e-07
11580.0,6.859874806544927e-08
11581.0,2.973039993609315e-05
11582.0,9.401927855281733e-09
11583.0,1.0678970420728855e-06
11584.0,1.4225967222396687e-07
11585.0,1.6894541544050552e-08
11586.0,8.493218201887384e-07
11587.0,9.131464323566838e-10
11588.0,5.695636133462011e-09
11589.0,7.153288580345846e-07
11590.0,3.447402497766197e-07
11591.0,6.366363101553258e-07
11592.0,7.630514853926634e-06
11593.0,1.0114630232650628e-08
11594.0,7.252455678684924e-08
11595.0,2.3410586625746706e-07
11596.0,1.1413124356269472e-08
11597.0,1.3438900034721218e-09
11598.0,1.324371551369974e-06
11599.0,6.965169506367516e-07
11600.0,6.813881554519596e-10
11601.0,1.2682359431617052e-09
11602.0,1.533377921924505e-08
11603.0,3.8419684889508474e-08
11604.0,2.922655103729206e-07
11605.0,1.2034720367814982e-08
11606.0,8.8157089637387e-08
11607.0,5.980764228974317e-07
11608.0,2.0223103823333424e-07
11609.0,5.502662735197343e-08
11610.0,1.8978364121205694e-09
11611.0,8.091306508539494e-06
11612.0,4.2777981110811284e-08
11613.0,2.67803566988752e-09
11614.0,2.9023679231576507e-09
11615.0,4.564219991786981e-08
11616.0,2.1063915390855989e-10
11617.0,2.257729565765841e-09
11618.0,1.7103060126437392e-08
11619.0,2.6590720703429574e-07
11620.0,3.766014393559586e-08
11621.0,6.361281599809104e-09
11622.0,9.254869513104826e-09
11623.0,9.6589991452637e-07
11624.0,4.157479085163386e-09
11625.0,8.706767994876549e-06
11626.0,1.3857116088889699e-06
11627.0,4.7771823204753206e-09
11628.0,1.873020310656178e-09
11629.0,1.6720837834606337e-09
11630.0,2.7332191613123465e-05
11631.0,1.8666502540487807e-08
11632.0,8.808532148397885e-08
11633.0,8.66950172484811e-08
11634.0,2.123344365352566e-07
11635.0,3.679235291815002e-08
11636.0,1.118496258331097e-05
11637.0,2.1163715100391146e-09
11638.0,4.2530852866058855e-07
11639.0,1.0710860241414277e-07
11640.0,2.323518068802808e-07
11641.0,7.006627665487354e-10
11642.0,6.675249661525636e-09
11643.0,4.368271813743402e-09
11644.0,2.4345674660321344e-07
11645.0,1.2273111729812385e-07
11646.0,3.214875699328472e-08
11647.0,3.691458085675374e-07
11648.0,3.9795479170337066e-07
11649.0,2.5027869112205814e-06
11650.0,3.490161890554356e-07
11651.0,1.8485601779066095e-06
11652.0,9.851907737989814e-06
11653.0,1.008574164144374e-05
11654.0,3.6721171154435486e-07
11655.0,8.51845601364213e-09
11656.0,9.631244650962582e-09
11657.0,2.223792597261658e-06
11658.0,1.0622601750012826e-10
11659.0,2.168030558470426e-06
11660.0,8.595602277993644e-09
11661.0,1.2267611653833437e-08
11662.0,4.2850475327865886e-08
11663.0,1.9334842338170872e-09
11664.0,1.537882701373333e-07
11665.0,4.0189114521726695e-08
11666.0,2.0127735640532435e-06
11667.0,3.6453047445229737e-06
11668.0,0.0004860721907013205
11669.0,1.229425770183178e-10
11670.0,8.04482206626737e-09
11671.0,9.296896910553928e-07
11672.0,8.782543864013989e-09
11673.0,1.71951732423278e-09
11674.0,2.4319987292126445e-07
11675.0,2.9422704556436176e-08
11676.0,1.598873441777238e-08
11677.0,5.260952760313353e-06
11678.0,3.175295281006687e-08
11679.0,9.16195775680148e-08
11680.0,2.6874940357120965e-06
11681.0,2.160981109525662e-06
11682.0,4.043099739909545e-08
11683.0,8.50603557849917e-07
11684.0,4.297392989438486e-08
11685.0,1.323672024687885e-07
11686.0,2.0844915215053197e-08
11687.0,1.0762135746773902e-07
11688.0,1.377126176604992e-09
11689.0,1.42157045275991e-09
11690.0,8.470307469950274e-08
11691.0,5.29006574036375e-08
11692.0,4.070263012081859e-07
11693.0,1.958667651815063e-08
11694.0,1.1416497814727456e-09
11695.0,8.558774166610227e-08
11696.0,1.8831705329992216e-09
11697.0,1.6679461458447384e-07
11698.0,1.3756347069107842e-07
11699.0,1.7952927643196747e-08
11700.0,7.4353968709516396e-09
11701.0,6.9656639348118544e-09
11702.0,4.057926380303682e-09
11703.0,1.451152953477073e-07
11704.0,1.0111980549215508e-08
11705.0,5.386845268539386e-08
11706.0,4.51585774340955e-09
11707.0,3.1097853940723026e-09
11708.0,1.9094756035086416e-08
11709.0,1.5404544621985709e-06
11710.0,1.6064608838651225e-06
11711.0,4.928337391628171e-06
11712.0,4.6480792692489956e-07
11713.0,2.3088688314858987e-08
11714.0,5.5828756012272374e-08
11715.0,3.0518336288990187e-07
11716.0,2.7803680801162767e-08
11717.0,1.685652806407483e-08
11718.0,6.191343240568433e-09
11719.0,2.6924961525595164e-07
11720.0,1.576567501657507e-06
11721.0,3.7814728866845245e-07
11722.0,3.755919443635713e-08
11723.0,5.450041856002746e-07
11724.0,1.7699423549820044e-07
11725.0,3.184887141279427e-08
11726.0,3.0643133131318364e-06
11727.0,7.696181841080927e-09
11728.0,6.093215225327554e-07
11729.0,2.3050458798832996e-08
11730.0,1.4848761757522734e-09
11731.0,1.495799066115034e-08
11732.0,1.0572985462920229e-05
11733.0,9.370347028193034e-09
11734.0,4.914584964249304e-10
11735.0,2.2845664707153544e-09
11736.0,6.081826072385955e-09
11737.0,5.998131394648013e-08
11738.0,1.1279828470725828e-07
11739.0,8.06597249920816e-08
11740.0,2.0119731268662247e-09
11741.0,7.171435200318276e-08
11742.0,7.908084232445188e-07
11743.0,2.2134942374598126e-07
11744.0,1.5039322909931948e-06
11745.0,1.4258590864121145e-07
11746.0,1.5183885541664267e-08
11747.0,8.688065114358648e-06
11748.0,7.836573417903921e-08
11749.0,6.109214310122468e-10
11750.0,2.777883092203086e-08
11751.0,2.58900458656567e-07
11752.0,3.107050440387924e-05
11753.0,0.005439108643413536
11754.0,5.154806112388874e-08
11755.0,1.5050361199048766e-05
11756.0,1.2964744644773124e-07
11757.0,8.131780290050322e-08
11758.0,9.484417956470945e-08
11759.0,2.7554862037902214e-09
11760.0,6.70502258276826e-09
11761.0,6.17903663891283e-07
11762.0,7.523402730530687e-09
11763.0,3.956561661655032e-08
11764.0,3.1001991012202445e-08
11765.0,1.3950854482899796e-08
11766.0,6.199403035400305e-10
11767.0,8.454724161498136e-09
11768.0,7.959371881648832e-06
11769.0,2.4441857702043716e-08
11770.0,2.8248947045380046e-05
11771.0,4.440903078306593e-06
11772.0,3.5667851706820885e-08
11773.0,2.404476306465148e-07
11774.0,4.4545180288957944e-10
11775.0,6.464101855757398e-07
11776.0,6.151596991605047e-07
11777.0,6.441570411707428e-09
11778.0,1.710850762478056e-09
11779.0,1.804751059200365e-08
11780.0,1.1428897221182365e-08
11781.0,3.9373870785657453e-08
11782.0,8.913476920273682e-09
11783.0,1.214459414329894e-07
11784.0,1.9036201631413381e-07
11785.0,3.5139115705958442e-06
11786.0,8.593213625605637e-08
11787.0,3.816690029479111e-08
11788.0,1.3783769490992298e-06
11789.0,1.1593215342246095e-07
11790.0,9.755812664277155e-07
11791.0,7.959017042467659e-10
11792.0,2.5268082766280973e-08
11793.0,1.7239465825514554e-05
11794.0,4.155169136129179e-06
11795.0,1.0376638692151464e-08
11796.0,1.1417012159520416e-07
11797.0,8.66331590511564e-10
11798.0,6.484266331620399e-08
11799.0,2.820349029558795e-08
11800.0,1.2760966152955688e-07
11801.0,7.800645772902913e-08
11802.0,1.1573813650959201e-08
11803.0,3.139864162666851e-06
11804.0,1.8378260431856125e-07
11805.0,2.3766739483826905e-09
11806.0,8.259241850923214e-10
11807.0,1.1531373099598198e-08
11808.0,6.26464366761145e-10
11809.0,5.161455684898629e-08
11810.0,1.361205269676081e-07
11811.0,2.7974474781025176e-09
11812.0,1.2341284700442627e-06
11813.0,4.951085564419545e-06
11814.0,1.132642762780333e-09
11815.0,1.6354506108973238e-08
11816.0,5.331351008132175e-08
11817.0,1.2678226703669777e-08
11818.0,3.07880577510554e-07
11819.0,1.8897421600192178e-06
11820.0,1.8056278493835857e-06
11821.0,1.3097052047398245e-09
11822.0,3.425008538341058e-09
11823.0,6.086478049701915e-08
11824.0,5.189653448809191e-09
11825.0,4.570901616945689e-07
11826.0,2.011567904901825e-08
11827.0,3.2253290124106446e-09
11828.0,2.107067915222173e-08
11829.0,7.58483940864934e-08
11830.0,1.033773763052419e-06
11831.0,8.564074632305966e-07
11832.0,5.67470072384827e-09
11833.0,5.195064273603593e-07
11834.0,8.213625520975177e-06
11835.0,4.511803213148708e-09
11836.0,1.6416905076124957e-05
11837.0,1.3995657189979539e-05
11838.0,5.837280478547777e-07
11839.0,7.304559523250329e-10
11840.0,2.0759117260442624e-06
11841.0,1.0580159390514649e-07
11842.0,1.5487884942234278e-07
11843.0,4.115287644663384e-08
11844.0,5.8697579075281134e-08
11845.0,4.0751077619589906e-07
11846.0,1.1991418893072578e-08
11847.0,4.880116381756953e-09
11848.0,0.00016931095970220582
11849.0,9.194394794275667e-08
11850.0,2.094427683099912e-07
11851.0,6.40206252655779e-07
11852.0,1.4224259149242085e-09
11853.0,8.450743016931663e-08
11854.0,6.284236719044625e-08
11855.0,8.34474773066045e-09
11856.0,1.666285830350035e-07
11857.0,1.2803590967980994e-07
11858.0,2.9515209889731326e-08
11859.0,4.7753259909631896e-08
11860.0,2.622176694484006e-08
11861.0,8.897645584830625e-09
11862.0,2.267989844431949e-08
11863.0,1.030631181802401e-06
11864.0,1.8154980181898388e-07
11865.0,1.7262268338519452e-08
11866.0,9.205573026374521e-10
11867.0,9.11331634247945e-09
11868.0,5.659507480636174e-07
11869.0,2.1753882757736748e-08
11870.0,5.025761145374534e-07
11871.0,3.49202192152893e-08
11872.0,2.158685035986458e-07
11873.0,6.877536734938198e-08
11874.0,1.6739239099179766e-05
11875.0,1.2993653706534586e-07
11876.0,4.8352446165781985e-09
11877.0,3.187757092842402e-07
11878.0,4.981289651268777e-07
11879.0,9.941127035388561e-06
11880.0,5.429657596886354e-07
11881.0,6.224507726434853e-07
11882.0,4.684855225972003e-07
11883.0,1.0939771754744663e-06
11884.0,6.366207135637151e-10
11885.0,1.2376552638200302e-07
11886.0,8.597055050645536e-07
11887.0,5.242012989912264e-07
11888.0,3.6627846829969554e-09
11889.0,7.06908931401299e-07
11890.0,8.971586493399008e-08
11891.0,5.1546861946605026e-09
11892.0,3.032051451381325e-08
11893.0,1.7137201803259024e-06
11894.0,1.454724135493622e-07
11895.0,4.761782540423769e-09
11896.0,1.8392254340540668e-08
11897.0,4.124486798327158e-07
11898.0,3.4127203959039813e-08
11899.0,2.8863334671380392e-08
11900.0,6.572846719823762e-08
11901.0,4.7219624714733894e-07
11902.0,2.5163015492654635e-08
11903.0,2.3942527084810383e-09
11904.0,4.911437860619195e-06
11905.0,1.184797659748375e-06
11906.0,1.0457167270558997e-08
11907.0,4.1219319692376316e-07
11908.0,1.591020211400932e-08
11909.0,3.5349959867404033e-10
11910.0,4.676891041250866e-09
11911.0,1.0656503249552159e-07
11912.0,2.8343386138391246e-10
11913.0,2.9059073085744502e-08
11914.0,2.0695237813885134e-07
11915.0,1.8216210363634576e-08
11916.0,5.39049408935397e-08
11917.0,6.661700489745226e-10
11918.0,4.7478592755369394e-09
11919.0,3.21578369233326e-10
11920.0,8.913153588133546e-09
11921.0,9.977352318067122e-08
11922.0,6.0125925342241385e-09
11923.0,2.1945066953154547e-06
11924.0,1.1318267852236223e-07
11925.0,1.5620101992109475e-06
11926.0,1.2760124680209076e-06
11927.0,4.197879060121126e-08
11928.0,1.5270867558176222e-10
11929.0,6.675666824318011e-09
11930.0,6.307602265821411e-07
11931.0,1.5927623579184108e-07
11932.0,1.1034938431051288e-05
11933.0,2.1456673008278754e-08
11934.0,4.648870694357177e-05
11935.0,8.32012883318911e-09
11936.0,5.26000049169631e-08
11937.0,6.627024900255889e-08
11938.0,2.0961243161448937e-06
11939.0,4.614008800269967e-09
11940.0,2.581108686412358e-08
11941.0,3.76487795601512e-08
11942.0,6.276590097772846e-09
11943.0,1.367349938145616e-06
11944.0,8.158534899625219e-08
11945.0,5.197734975456177e-07
11946.0,9.378988063726169e-10
11947.0,1.0533024172158107e-07
11948.0,5.438440181938703e-10
11949.0,2.1138217655785406e-07
11950.0,9.140095045587502e-09
11951.0,1.0504279279829275e-07
11952.0,2.298968254042525e-08
11953.0,3.413230339713799e-08
11954.0,5.652677358704495e-10
11955.0,4.024641959000344e-09
11956.0,1.5110921590567504e-07
11957.0,8.161019036820694e-07
11958.0,9.000743766947742e-09
11959.0,1.7374631886650276e-06
11960.0,7.315333780068561e-07
11961.0,8.827850573904084e-08
11962.0,4.614791146856835e-07
11963.0,5.345971452140615e-06
11964.0,1.1203998436248018e-07
11965.0,9.421342516174904e-07
11966.0,2.6500039511455544e-07
11967.0,7.966445198384786e-06
11968.0,4.959494895942678e-09
11969.0,1.7020430981892356e-08
11970.0,7.112563212138e-08
11971.0,4.881008689515578e-09
11972.0,4.631632517319471e-07
11973.0,2.0392837609356187e-07
11974.0,1.162368275040969e-09
11975.0,3.0895644723385977e-07
11976.0,2.045568491186284e-06
11977.0,8.879392961176887e-07
11978.0,1.1409555078757657e-07
11979.0,8.816090591734844e-10
11980.0,8.018277076836532e-06
11981.0,4.45358295326229e-09
11982.0,8.703535802671789e-07
11983.0,2.00042041110311e-07
11984.0,3.403586392201906e-07
11985.0,5.6366658802060035e-09
11986.0,9.72610183978105e-09
11987.0,4.5055938535566925e-08
11988.0,1.6279694592952695e-05
11989.0,1.3725938464049547e-07
11990.0,6.943348016693143e-09
11991.0,1.1166760531986029e-07
11992.0,7.131540470350819e-08
11993.0,1.4144566227753271e-06
11994.0,7.690473160555214e-05
11995.0,1.1631414094046404e-05
11996.0,1.736727823633925e-06
11997.0,1.6168876249800042e-09
11998.0,3.0993057457956164e-07
11999.0,1.4098969786252095e-07
12000.0,1.5312588601388985e-06
12001.0,9.558986077022598e-06
12002.0,8.23028414604009e-10
12003.0,2.9709809229082537e-09
12004.0,4.849126806010993e-09
12005.0,1.8894332294183373e-10
12006.0,8.219838344847465e-08
12007.0,9.556726515064807e-09
12008.0,2.2623254967119798e-08
12009.0,1.147295083966515e-06
12010.0,8.843119013698204e-09
12011.0,1.6495265532499791e-07
12012.0,1.6176516727560305e-06
12013.0,1.422588550940377e-05
12014.0,6.51015943404238e-06
12015.0,9.331157474674811e-07
12016.0,1.537344032059726e-09
12017.0,8.801841263980089e-07
12018.0,2.624932212517338e-08
12019.0,2.467296087567011e-07
12020.0,1.0780453643787408e-08
12021.0,1.3378186951288673e-06
12022.0,4.267797167252089e-08
12023.0,3.5336911798197264e-10
12024.0,7.35117961162815e-09
12025.0,1.247926265075566e-06
12026.0,2.0838543633041214e-07
12027.0,2.1138053852659736e-07
12028.0,1.1781007052455368e-08
12029.0,4.85767108067466e-08
12030.0,1.1101333426318245e-07
12031.0,4.212474772163172e-07
12032.0,4.340844462960799e-08
12033.0,1.8510074511876402e-08
12034.0,5.041913622522108e-11
12035.0,9.666409607264833e-09
12036.0,2.9539095764913666e-06
12037.0,1.9205098534406616e-08
12038.0,1.1704796883111554e-09
12039.0,1.1904968389210226e-07
12040.0,4.8226440272056394e-08
12041.0,3.825221920800939e-06
12042.0,4.9076319833700974e-08
12043.0,6.236060051449077e-06
12044.0,3.8651439960140854e-07
12045.0,5.232807586883165e-07
12046.0,3.062196709688067e-09
12047.0,1.8406053617515762e-10
12048.0,1.353089407260169e-07
12049.0,1.3074847370079909e-06
12050.0,1.6421588624203308e-06
12051.0,1.8373348923883618e-08
12052.0,2.0318917684527468e-07
12053.0,1.134545467511897e-09
12054.0,9.806940482067266e-07
12055.0,8.657082879825555e-08
12056.0,3.8096505617345383e-08
12057.0,5.024632942224595e-07
12058.0,6.782617140757473e-08
12059.0,3.510375207984438e-07
12060.0,5.726754171290049e-10
12061.0,2.28254672588306e-06
12062.0,1.4668417790534386e-07
12063.0,4.3671343805456594e-07
12064.0,3.2233375646235575e-09
12065.0,7.503788758051881e-08
12066.0,1.7581863153655523e-06
12067.0,3.129194505115548e-08
12068.0,5.993660005133005e-06
12069.0,3.552463625194132e-08
12070.0,3.1755740375587363e-09
12071.0,6.927369016405172e-09
12072.0,5.088754127381574e-07
12073.0,5.236057077355831e-08
12074.0,4.273796231786354e-07
12075.0,8.685667613629321e-08
12076.0,3.5207013866485407e-09
12077.0,1.3570379997823746e-08
12078.0,2.870724148337087e-07
12079.0,4.451529471110038e-08
12080.0,1.8450095968090033e-06
12081.0,5.296906787237391e-06
12082.0,1.52362330922982e-06
12083.0,3.617597923515092e-07
12084.0,0.00014043946401362902
12085.0,2.6033499114510036e-06
12086.0,1.444551880995022e-08
12087.0,9.827455920344458e-09
12088.0,3.085620793708778e-08
12089.0,4.5546573244356787e-08
12090.0,4.2905572566242707e-10
12091.0,5.931923846797406e-07
12092.0,1.349765894275578e-05
12093.0,6.20579098553582e-09
12094.0,2.013925571467513e-08
12095.0,8.240965184111476e-09
12096.0,7.369875751637122e-07
12097.0,1.2700690249244869e-07
12098.0,6.398617165922142e-08
12099.0,0.00042200042618661607
12100.0,1.206105530529941e-10
12101.0,1.4795146666598177e-07
12102.0,1.0071566595184859e-07
12103.0,7.039868661767903e-09
12104.0,7.115009684532736e-08
12105.0,1.2554307317748264e-06
12106.0,1.4237607758897636e-07
12107.0,1.3847755884536981e-05
12108.0,2.5189239682644785e-07
12109.0,7.571741624719357e-08
12110.0,1.2471712383719232e-09
12111.0,3.0146802698211093e-07
12112.0,7.010671111327035e-07
12113.0,3.7978987540030286e-07
12114.0,2.3468526350860033e-10
12115.0,1.4863353805726704e-06
12116.0,1.988205586425088e-08
12117.0,1.265856578901188e-06
12118.0,1.0218570993123314e-08
12119.0,1.0996484397259965e-06
12120.0,2.0560443989783956e-09
12121.0,3.759423738705551e-09
12122.0,1.1946017247411495e-06
12123.0,5.252464583206561e-09
12124.0,8.19808794525373e-06
12125.0,9.099723100812768e-07
12126.0,4.725637126714582e-07
12127.0,1.5052238775873843e-08
12128.0,1.2225528543265345e-07
12129.0,2.399871513095115e-09
12130.0,1.6927380714681982e-07
12131.0,3.7015803662933494e-07
12132.0,4.139006362062121e-08
12133.0,9.120156085247305e-10
12134.0,8.463851591496356e-06
12135.0,6.053642244754194e-09
12136.0,2.530788677001061e-08
12137.0,5.200497748569365e-07
12138.0,9.665849080846093e-08
12139.0,6.7079050926477134e-09
12140.0,0.0001422040335801256
12141.0,2.0267064215196842e-08
12142.0,1.3641666493399909e-07
12143.0,6.609677189758721e-07
12144.0,1.2129845108098468e-05
12145.0,3.27424838400208e-08
12146.0,3.205805856289015e-08
12147.0,8.344089727059824e-07
12148.0,6.97650785684977e-08
12149.0,1.7446082598181433e-08
12150.0,1.2873237845977225e-07
12151.0,1.1130109269810144e-08
12152.0,2.217551716473163e-08
12153.0,1.2233264288765199e-05
12154.0,2.0370091050950935e-07
12155.0,1.8077160852879306e-08
12156.0,4.0718299086672346e-07
12157.0,1.5444164944323835e-08
12158.0,1.211887806812229e-06
12159.0,1.943656681074658e-07
12160.0,2.0882263492526633e-07
12161.0,1.3179673824997244e-08
12162.0,1.3600723804232143e-05
12163.0,4.2366756878238585e-09
12164.0,5.45412951400387e-07
12165.0,1.4779941635350292e-10
12166.0,1.0392014845085889e-08
12167.0,3.25982557198686e-07
12168.0,3.2646062399372316e-08
12169.0,4.315928743393248e-05
12170.0,2.6577353494765826e-09
12171.0,3.887828119064109e-08
12172.0,1.3481126764196436e-11
12173.0,1.2329386180304054e-07
12174.0,7.168762969263959e-07
12175.0,9.013463791076067e-05
12176.0,1.940301581503554e-07
12177.0,4.105159734214223e-09
12178.0,7.884364623667709e-08
12179.0,4.149928845549634e-08
12180.0,2.0001583594681965e-10
12181.0,1.6331509646545356e-07
12182.0,1.5107454990349675e-08
12183.0,1.1122228841380271e-08
12184.0,5.856997367755589e-07
12185.0,2.758946724939427e-08
12186.0,1.0377204831535477e-06
12187.0,3.1502333601761845e-07
12188.0,1.1544601611832521e-06
12189.0,8.755776087161135e-07
12190.0,1.8357318620646625e-06
12191.0,4.7737648401293605e-08
12192.0,6.487462291354336e-08
12193.0,1.4155678247457142e-09
12194.0,7.57316382798727e-09
12195.0,1.3348359488881463e-09
12196.0,7.581472979448162e-09
12197.0,1.608696846948837e-06
12198.0,9.628858444330705e-08
12199.0,2.1136844380147102e-08
12200.0,5.587429749596394e-11
12201.0,4.774430277403036e-08
12202.0,9.35587460573178e-10
12203.0,4.859651443571573e-07
12204.0,1.0854458456545239e-08
12205.0,3.653631576906086e-07
12206.0,4.443341056434747e-06
12207.0,1.070131457060566e-05
12208.0,2.1648852026568767e-08
12209.0,5.935164865358973e-10
12210.0,2.8369033613309397e-08
12211.0,8.579544423666268e-09
12212.0,4.305685503689676e-10
12213.0,1.8342983457379322e-07
12214.0,6.92413785169701e-07
12215.0,1.7222439106934576e-08
12216.0,4.779905094709686e-08
12217.0,2.3745416417361915e-10
12218.0,9.149852323953395e-09
12219.0,2.4267009297382103e-09
12220.0,1.557942858577657e-07
12221.0,1.233648637903511e-07
12222.0,3.968148859720457e-07
12223.0,4.9188658124343955e-08
12224.0,7.139717522786926e-09
12225.0,1.1377223752401469e-07
12226.0,2.7775079033365773e-05
12227.0,3.574371602746753e-05
12228.0,2.3912549169457215e-08
12229.0,1.2232570666099455e-08
12230.0,2.8492217283851733e-08
12231.0,4.969674720875286e-07
12232.0,1.1429582354265294e-07
12233.0,1.2937720172719162e-07
12234.0,2.1702223380432853e-07
12235.0,2.4174094852416384e-09
12236.0,2.9211938598949073e-09
12237.0,4.652650899297366e-08
12238.0,2.632360780398104e-07
12239.0,1.926226687299164e-08
12240.0,9.06534029973565e-06
12241.0,1.6147943068156195e-07
12242.0,5.799322428722624e-08
12243.0,2.9666211914512737e-06
12244.0,1.0619081819110107e-06
12245.0,6.491669308627351e-09
12246.0,1.4581791028685637e-09
12247.0,2.6324943064699213e-08
12248.0,6.6283878526872015e-06
12249.0,1.0444243303954827e-06
12250.0,2.3543988836656158e-09
12251.0,4.200249315210898e-07
12252.0,6.156442936338714e-07
12253.0,2.86436300769259e-07
12254.0,4.934899013245855e-07
12255.0,5.286979325131904e-06
12256.0,7.862230459173267e-09
12257.0,1.3990919175053406e-06
12258.0,1.853426110735407e-06
12259.0,7.117349686830135e-08
12260.0,5.174555891099654e-06
12261.0,1.525772060136532e-06
12262.0,3.409290300967954e-10
12263.0,1.1254531686631647e-07
12264.0,3.611763237026122e-07
12265.0,4.1571368638047596e-07
12266.0,1.3246429732546673e-07
12267.0,1.4640854038634015e-09
12268.0,7.504748648507267e-07
12269.0,1.708235349465391e-08
12270.0,1.6246499236211843e-06
12271.0,5.4941459806162164e-09
12272.0,4.829944426748648e-06
12273.0,3.398328855472378e-07
12274.0,5.085162213895965e-08
12275.0,4.9976470288276715e-09
12276.0,8.2153165817077e-09
12277.0,8.891572721483838e-09
12278.0,1.1649935098737288e-07
12279.0,1.4629533075429029e-05
12280.0,1.0901023196481416e-07
12281.0,1.7162167404810206e-07
12282.0,5.593563543426413e-05
12283.0,1.1879822780508688e-08
12284.0,3.4559022604510454e-06
12285.0,2.0571977170222347e-06
12286.0,9.855606114059811e-08
12287.0,1.3821970905221267e-05
12288.0,1.7280832560237862e-06
12289.0,3.065822654269752e-07
12290.0,5.899592242581593e-09
12291.0,4.502884815774638e-06
12292.0,2.8215592387973028e-06
12293.0,5.747314922332194e-10
12294.0,7.118211854721423e-06
12295.0,5.0632559198377086e-09
12296.0,1.957714277410464e-07
12297.0,0.00036814651755054796
12298.0,2.2476422591849464e-07
12299.0,1.1763986055468802e-07
12300.0,5.043724983421356e-07
12301.0,1.3154244135785673e-08
12302.0,4.075003742872316e-07
12303.0,3.2921290801935834e-10
12304.0,4.7717327301494805e-08
12305.0,2.856993674846136e-07
12306.0,5.445310884704023e-07
12307.0,1.5264842633247405e-06
12308.0,1.4913942036633943e-07
12309.0,2.6271897377315675e-06
12310.0,2.0516387084832932e-09
12311.0,1.9039787778388988e-07
12312.0,8.300265253278665e-09
12313.0,7.544595467076659e-09
12314.0,2.96164685576384e-07
12315.0,1.9153564710245382e-08
12316.0,1.604971873270592e-07
12317.0,1.3265835659160852e-05
12318.0,2.722145831377011e-10
12319.0,1.6408228435956668e-06
12320.0,6.863161141260528e-07
12321.0,3.561637184616208e-08
12322.0,1.4024603957949214e-07
12323.0,8.854937233242587e-10
12324.0,1.12448152527111e-08
12325.0,1.005554080482634e-08
12326.0,1.4575013038212808e-09
12327.0,1.2154253262130236e-07
12328.0,1.3254182498601076e-06
12329.0,4.454047567380298e-08
12330.0,6.773889966350588e-07
12331.0,4.893079875095071e-07
12332.0,6.842469829953124e-08
12333.0,1.0394124602284835e-08
12334.0,1.7394926150481357e-11
12335.0,9.415076504420737e-10
12336.0,9.797323738777651e-08
12337.0,1.6464596211295423e-10
12338.0,6.797525860380211e-07
12339.0,7.536177015483665e-06
12340.0,6.414693496545941e-07
12341.0,1.2920068661392154e-08
12342.0,2.723319124168988e-07
12343.0,1.1952082251531618e-07
12344.0,6.453542496393243e-08
12345.0,2.1399642898636608e-09
12346.0,1.1774309782798967e-08
12347.0,2.0043586586730885e-07
12348.0,2.405463713542978e-06
12349.0,1.5294799061074897e-07
12350.0,5.789667973261974e-07
12351.0,1.35576786462134e-08
12352.0,1.0845722914663425e-07
12353.0,1.0960454671143863e-06
12354.0,4.146674712758904e-07
12355.0,2.5555835646683756e-07
12356.0,9.126965689383687e-08
12357.0,1.63952706712604e-07
12358.0,2.8462297999076042e-08
12359.0,7.415820830776758e-06
12360.0,1.0391230468942749e-07
12361.0,3.248336363650074e-06
12362.0,1.2144885568761753e-07
12363.0,1.6441434389069765e-08
12364.0,2.4251020771894176e-08
12365.0,2.0992427499637036e-08
12366.0,3.59773455751424e-07
12367.0,1.0447100560845781e-06
12368.0,3.0779128200032286e-06
12369.0,3.338366198933609e-09
12370.0,2.1118941117774623e-06
12371.0,1.2986333549772648e-09
12372.0,3.5343377259193655e-09
12373.0,1.3729033954135503e-08
12374.0,1.494263868569442e-10
12375.0,9.422189565974182e-08
12376.0,1.0807820263615328e-06
12377.0,3.977202143260601e-09
12378.0,2.5196902338670023e-08
12379.0,6.860322098879996e-08
12380.0,2.8883760872713012e-09
12381.0,7.905116072435142e-11
12382.0,4.795824652524538e-08
12383.0,3.009504587875818e-06
12384.0,3.1874233176760134e-09
12385.0,1.6596951814712768e-08
12386.0,1.4950369342531544e-05
12387.0,1.0795975644499783e-07
12388.0,6.347035709039401e-06
12389.0,1.867088776861592e-07
12390.0,3.060463459315709e-08
12391.0,1.125161375918267e-08
12392.0,1.2057622581639254e-08
12393.0,1.0601052950935689e-07
12394.0,2.9441673013981106e-10
12395.0,1.9688171579887756e-07
12396.0,6.093816493061814e-08
12397.0,4.735657144134498e-07
12398.0,9.552669757390526e-10
12399.0,1.633387473369678e-06
12400.0,3.552572855604165e-08
12401.0,6.192630542978775e-06
12402.0,4.425389302779665e-08
12403.0,2.9665669465252563e-07
12404.0,1.959501323412839e-06
12405.0,3.586307983785759e-07
12406.0,5.536431009445168e-09
12407.0,1.8387901043812422e-08
12408.0,3.2477709482305447e-07
12409.0,6.64895639875584e-07
12410.0,5.272659423436642e-07
12411.0,3.0626029007654476e-07
12412.0,6.818242635005841e-09
12413.0,4.324942378152398e-09
12414.0,1.5885117419659727e-07
12415.0,1.4600492989170234e-08
12416.0,3.939602003225286e-09
12417.0,2.1500743449909126e-05
12418.0,0.00010672608170773005
12419.0,7.415674451870669e-08
12420.0,2.5314509504785236e-08
12421.0,2.1530975263403948e-08
12422.0,6.551913265066064e-08
12423.0,5.708799574814967e-08
12424.0,4.534984807577063e-09
12425.0,2.6682881879540844e-08
12426.0,3.9798201906414455e-08
12427.0,3.5397224082172796e-07
12428.0,2.0255616635287627e-08
12429.0,1.4599312627992002e-07
12430.0,9.750157039485538e-10
12431.0,1.2942342226513598e-07
12432.0,2.363019637679924e-08
12433.0,9.654955097889902e-08
12434.0,3.4921694229991906e-06
12435.0,1.9708824617390544e-08
12436.0,1.5376063265160914e-07
12437.0,8.392996194195369e-11
12438.0,9.03132213737109e-08
12439.0,8.306620814236602e-09
12440.0,1.3670242017699693e-08
12441.0,4.13869131846497e-08
12442.0,1.513802462937064e-07
12443.0,9.391750162664252e-07
12444.0,1.1521399160361559e-07
12445.0,3.106537191267715e-07
12446.0,1.2865963266423975e-10
12447.0,2.304202896401342e-08
12448.0,2.0516588750277332e-08
12449.0,3.2763860229409448e-06
12450.0,1.139987769492419e-06
12451.0,1.7209974616047272e-06
12452.0,1.0935992805657426e-10
12453.0,2.311455253345382e-07
12454.0,1.4408447506515131e-09
12455.0,7.346083523733609e-07
12456.0,2.9793819040325002e-08
12457.0,6.642433816624223e-11
12458.0,7.867942371311904e-09
12459.0,9.171229254553688e-09
12460.0,6.38442681089899e-08
12461.0,4.1047027560489294e-08
12462.0,2.6909506067574085e-10
12463.0,1.4966109279729376e-10
12464.0,3.04060963534893e-08
12465.0,6.635864359877858e-08
12466.0,3.515034292606767e-08
12467.0,2.3513789318308995e-09
12468.0,4.105814605158969e-09
12469.0,4.765182169002302e-08
12470.0,4.597517241889407e-08
12471.0,2.6680182315108185e-07
12472.0,4.577158567226124e-06
12473.0,1.6657655386679218e-07
12474.0,1.293153908190784e-07
12475.0,6.628001993714727e-09
12476.0,4.501379063403068e-07
12477.0,8.902439131337841e-07
12478.0,9.346317534849748e-06
12479.0,1.9871157601857412e-07
12480.0,6.19787616206387e-08
12481.0,8.220928750479285e-08
12482.0,2.636805897915559e-09
12483.0,1.965302614540955e-06
12484.0,2.892933208731287e-08
12485.0,2.989978142782428e-06
12486.0,3.63124584940269e-06
12487.0,4.2164538265059025e-06
12488.0,5.231912851069006e-07
12489.0,2.0732047415982242e-07
12490.0,7.484921740958479e-09
12491.0,3.4523087660572917e-07
12492.0,2.3939208415926847e-07
12493.0,1.3055295675312907e-05
12494.0,6.497724101261986e-06
12495.0,2.1473058995953685e-07
12496.0,6.5456495317576395e-09
12497.0,1.248292999021296e-08
12498.0,1.149450741615404e-08
12499.0,2.559361600293521e-10
12500.0,1.0753476590715744e-06
12501.0,5.863878491678446e-07
12502.0,8.81184271027555e-09
12503.0,2.1324200832545854e-07
12504.0,9.463979057212365e-09
12505.0,6.024669826196891e-08
12506.0,2.7989969407780325e-06
12507.0,7.614255756825768e-11
12508.0,4.0918557586276225e-10
12509.0,1.8318964991474523e-08
12510.0,9.228595582317525e-08
12511.0,8.64533361834876e-07
12512.0,1.2879147433877517e-07
12513.0,1.230768003797119e-09
12514.0,7.946843059473902e-10
12515.0,3.2914342045749245e-10
12516.0,4.288686103551172e-08
12517.0,9.813353010297727e-09
12518.0,2.3918488686378934e-05
12519.0,3.5935175796648796e-07
12520.0,4.565594960429084e-09
12521.0,1.9295273522908338e-08
12522.0,1.152769459255078e-08
12523.0,8.928525668340806e-10
12524.0,1.0898783107747078e-07
12525.0,1.0362192884180536e-09
12526.0,6.5407077425968154e-06
12527.0,1.2634033577140152e-06
12528.0,4.974447831844634e-10
12529.0,2.1339044857416959e-10
12530.0,4.9291073647911e-07
12531.0,6.06357837148815e-10
12532.0,2.7135535152402717e-06
12533.0,3.91223412976054e-08
12534.0,2.1140749187603656e-07
12535.0,1.5189681522125484e-07
12536.0,3.969957077571349e-07
12537.0,4.989611996759906e-08
12538.0,1.8206564362058505e-07
12539.0,6.892059190600924e-08
12540.0,1.0325509207124112e-07
12541.0,3.584840422184457e-08
12542.0,1.9988071207153246e-07
12543.0,7.014321449867112e-11
12544.0,2.9159815063768e-08
12545.0,8.508946500462608e-07
12546.0,2.018011048312584e-07
12547.0,2.327270551703164e-06
12548.0,2.6491341430793756e-07
12549.0,2.7577092380550816e-07
12550.0,2.3423922121194294e-09
12551.0,8.984835748173213e-09
12552.0,5.364493610267048e-06
12553.0,5.772883211772563e-07
12554.0,3.4311106959107533e-10
12555.0,1.0073637014052573e-09
12556.0,1.7488374693152266e-07
12557.0,1.4185150764490463e-05
12558.0,0.0005437178836030337
12559.0,7.50927249134528e-09
12560.0,3.952107976464659e-06
12561.0,9.482141347430496e-11
12562.0,3.2464916262768784e-08
12563.0,3.226548238044921e-07
12564.0,4.9046267051712325e-08
12565.0,9.370206029159733e-10
12566.0,1.3259424000312166e-09
12567.0,1.6469692974748613e-06
12568.0,7.387706622503175e-09
12569.0,7.820684028946696e-07
12570.0,1.2482554350026673e-07
12571.0,2.44549534586459e-07
12572.0,4.359497637733236e-07
12573.0,4.3191448479376767e-07
12574.0,2.651224835651686e-07
12575.0,1.534956523771529e-08
12576.0,5.2518350272421486e-08
12577.0,9.662111056442492e-08
12578.0,1.3940391939353804e-09
12579.0,7.736082869082402e-07
12580.0,9.470736139684479e-07
12581.0,2.050195722621273e-07
12582.0,1.901633358154576e-09
12583.0,5.384654212048365e-08
12584.0,6.301074500915271e-09
12585.0,2.621961626455e-08
12586.0,1.4448541050938479e-08
12587.0,3.326272538577644e-07
12588.0,6.295503538383403e-07
12589.0,2.5583363101761303e-09
12590.0,1.1594611020825065e-08
12591.0,4.3066134507893445e-07
12592.0,3.896391351145236e-06
12593.0,2.3272862177251013e-10
12594.0,4.47876344353649e-07
12595.0,2.0136516906482246e-07
12596.0,3.847281853230542e-08
12597.0,1.2810286314787106e-05
12598.0,6.672636191365465e-08
12599.0,8.913204909212431e-08
12600.0,1.3539104000186852e-08
12601.0,8.91972824723903e-08
12602.0,1.1891177955352658e-08
12603.0,2.0809983105704654e-07
12604.0,1.047484578067537e-07
12605.0,9.797210687291007e-10
12606.0,9.825648328498496e-10
12607.0,1.1981744773223884e-06
12608.0,1.1787656336278456e-06
12609.0,6.04458166253985e-07
12610.0,1.1495533472219716e-07
12611.0,7.133642449488817e-07
12612.0,1.7946107323919233e-07
12613.0,6.948513448976099e-08
12614.0,1.2735966261280067e-05
12615.0,3.042441060492178e-10
12616.0,2.3584065666999398e-07
12617.0,2.089002183429556e-08
12618.0,1.8795536956761666e-05
12619.0,1.599549872102017e-08
12620.0,7.923031615272425e-09
12621.0,2.9586457166243305e-10
12622.0,2.8082182185699833e-07
12623.0,1.5323462751464937e-09
12624.0,5.9657483176024955e-09
12625.0,9.052417100430362e-09
12626.0,4.907808453949142e-09
12627.0,1.010248153769414e-06
12628.0,1.9124325918266946e-07
12629.0,8.105541084389433e-08
12630.0,4.584742702232524e-09
12631.0,3.861736471488098e-07
12632.0,1.0494962935680446e-08
12633.0,1.1222908246468798e-10
12634.0,1.5386728815845956e-09
12635.0,7.599546172068875e-09
12636.0,7.891838792766911e-08
12637.0,1.9397901228989108e-07
12638.0,4.87601678598836e-09
12639.0,1.0241463680369739e-07
12640.0,1.7549235131730224e-10
12641.0,6.336103717222347e-10
12642.0,5.1413909252237834e-09
12643.0,2.9858436397580855e-07
12644.0,6.608650906317218e-07
12645.0,8.604256931380319e-08
12646.0,3.5024315397514574e-06
12647.0,1.649407809240504e-06
12648.0,1.4641591577750473e-05
12649.0,1.5606422843142137e-06
12650.0,7.105228980232368e-07
12651.0,2.98673367781024e-06
12652.0,4.761554086662822e-09
12653.0,1.156892787628937e-08
12654.0,4.265075848017389e-08
12655.0,2.3923143807947318e-08
12656.0,4.283430490463161e-09
12657.0,4.755440853209589e-08
12658.0,2.486377867963574e-07
12659.0,4.426572641526871e-07
12660.0,5.385631996148459e-09
12661.0,6.817630133410216e-07
12662.0,6.827269667256541e-06
12663.0,6.47532801925228e-11
12664.0,2.1736975063410418e-07
12665.0,0.0016558698297302237
12666.0,1.1830459229263946e-07
12667.0,1.2582608576259326e-09
12668.0,1.03883302040397e-08
12669.0,9.912840930469277e-08
12670.0,2.1155834879969785e-08
12671.0,1.1231052137419546e-10
12672.0,2.7919215380802586e-08
12673.0,4.65264134052457e-08
12674.0,2.035471809125189e-08
12675.0,4.217639708993701e-08
12676.0,6.014438491305985e-06
12677.0,1.8533922945750825e-05
12678.0,3.2786250860388374e-07
12679.0,1.3823989149145224e-08
12680.0,1.2827979429383521e-08
12681.0,2.674779446316062e-06
12682.0,8.3262680890636e-08
12683.0,1.199048922131472e-07
12684.0,0.000653189380944331
12685.0,5.4072478811794555e-05
12686.0,4.398652456054255e-06
12687.0,1.033443319994781e-08
12688.0,4.3114237995113333e-07
12689.0,2.020801284052969e-05
12690.0,6.69075362842193e-05
12691.0,4.1125930667697543e-07
12692.0,3.236259984561229e-07
12693.0,1.0968270571449112e-05
12694.0,2.311312775141032e-07
12695.0,2.132786357106421e-08
12696.0,3.561787618862599e-08
12697.0,4.52243863270118e-08
12698.0,9.87155209964754e-07
12699.0,1.6255039469821286e-09
12700.0,3.2685045834882184e-07
12701.0,4.3624379023391924e-07
12702.0,1.8303189959298425e-08
12703.0,3.544996389238553e-07
12704.0,1.0408668062999485e-06
12705.0,2.012650138819899e-08
12706.0,1.7228560573576681e-07
12707.0,1.9644720130319544e-08
12708.0,7.090399525713601e-07
12709.0,1.0256517876293725e-06
12710.0,1.2565725960990868e-05
12711.0,2.4352353134090154e-07
12712.0,8.02250496316259e-10
12713.0,1.8685901999618138e-08
12714.0,1.6334865478653545e-07
12715.0,1.6058359218354642e-10
12716.0,3.091961375695567e-08
12717.0,8.307597137295509e-09
12718.0,8.086863590501922e-08
12719.0,4.081652379272225e-08
12720.0,2.989258120370638e-06
12721.0,1.4708501250095642e-08
12722.0,2.943481058795131e-10
12723.0,4.1635404749461595e-07
12724.0,2.767038814934329e-08
12725.0,1.4106382874205675e-06
12726.0,6.982129548515996e-08
12727.0,3.32176579825775e-09
12728.0,2.0933599302680522e-08
12729.0,5.479636957132805e-06
12730.0,1.314880733755933e-08
12731.0,3.2484882579275514e-08
12732.0,1.5227382670431584e-07
12733.0,5.009999912390353e-09
12734.0,2.3251917014210905e-07
12735.0,1.5116399341589105e-07
12736.0,9.27496679301586e-08
12737.0,1.5266345411744337e-07
12738.0,5.123177721146487e-09
12739.0,6.224295119618202e-08
12740.0,2.111669635217426e-08
12741.0,7.078712113511492e-08
12742.0,1.7102491761595488e-08
12743.0,4.737300478370771e-10
12744.0,5.365619037198132e-06
12745.0,1.818107448993241e-06
12746.0,1.2379203774590246e-05
12747.0,9.28328726106721e-08
12748.0,4.727258446440514e-06
12749.0,8.027251668270175e-08
12750.0,5.656828839824744e-08
12751.0,6.069426820867709e-06
12752.0,6.951896232778932e-07
12753.0,2.404165268339781e-06
12754.0,1.3571709674162576e-07
12755.0,4.3622612125642225e-08
12756.0,1.3571820605191904e-06
12757.0,7.810019419512095e-07
12758.0,1.2466767704430647e-07
12759.0,1.1418538416383218e-08
12760.0,1.8073069995323053e-08
12761.0,1.6975748401440624e-06
12762.0,1.4132253651722245e-06
12763.0,7.28821275622946e-09
12764.0,3.307166973422649e-08
12765.0,1.2867086966825587e-08
12766.0,9.54723346471761e-08
12767.0,1.043704170671047e-08
12768.0,3.501414305210963e-07
12769.0,1.0495835636848245e-08
12770.0,1.1423303655552646e-08
12771.0,5.439395754013643e-06
12772.0,9.79889006587017e-10
12773.0,4.848387245196667e-05
12774.0,1.149031829219716e-08
12775.0,7.364954083786969e-08
12776.0,7.712745758975144e-06
12777.0,2.4173837477893925e-07
12778.0,3.082920155395745e-08
12779.0,6.068748185092807e-08
12780.0,2.2409488309846904e-09
12781.0,3.063647737583112e-10
12782.0,8.754141736309019e-07
12783.0,4.1760241946172356e-08
12784.0,1.1316712062960893e-08
12785.0,5.831214531195173e-09
12786.0,5.238027614669948e-08
12787.0,1.2581869930959696e-07
12788.0,9.159671890958297e-08
12789.0,5.548001411848749e-06
12790.0,1.1937432280010376e-05
12791.0,2.1890238785088835e-08
12792.0,7.708408407176981e-07
12793.0,5.710732927070166e-08
12794.0,6.321023612097332e-08
12795.0,1.010470850673015e-09
12796.0,7.07704374316673e-09
12797.0,8.915840846650168e-09
12798.0,3.6641701479711363e-07
12799.0,1.7054818974467902e-09
12800.0,1.0027465577511057e-08
12801.0,3.851936183334752e-06
12802.0,4.198312557729175e-09
12803.0,1.2839330738978882e-09
12804.0,1.345846159766692e-09
12805.0,1.04195676588918e-08
12806.0,9.159829644057039e-10
12807.0,7.716036670242877e-07
12808.0,2.9608784145380232e-09
12809.0,3.5367466934255354e-09
12810.0,4.608182963326912e-09
12811.0,2.56081099998538e-07
12812.0,1.722606875514994e-05
12813.0,1.5665055038031775e-08
12814.0,1.0820401994559955e-08
12815.0,1.1670630499889499e-08
12816.0,2.2779365686987603e-07
12817.0,3.3200225178384434e-06
12818.0,1.7398141966310343e-08
12819.0,8.23723770364608e-08
12820.0,3.4356360331455085e-07
12821.0,1.117299767727553e-09
12822.0,1.6923776956592868e-07
12823.0,1.5298228716569759e-07
12824.0,9.109899322420554e-07
12825.0,1.7092477260092286e-06
12826.0,1.8989712883028014e-08
12827.0,7.444422302504503e-09
12828.0,1.4449939422326746e-06
12829.0,4.597833568170382e-08
12830.0,9.866264089022923e-06
12831.0,1.0360606100921535e-08
12832.0,5.042690733047177e-09
12833.0,2.1382371086364647e-07
12834.0,5.347432424222259e-07
12835.0,5.511578351240053e-08
12836.0,2.8127915190273935e-09
12837.0,4.034578226843564e-06
12838.0,3.729761539731203e-09
12839.0,1.3813552973722686e-06
12840.0,7.025710769109528e-09
12841.0,6.448336123530562e-08
12842.0,1.5793482005014438e-07
12843.0,1.280760917240381e-07
12844.0,2.608273617893742e-07
12845.0,1.8885236382722304e-07
12846.0,1.6942165934089472e-09
12847.0,1.585580636967658e-06
12848.0,1.7482223935962511e-06
12849.0,1.6902376771647899e-07
12850.0,4.73172067522013e-09
12851.0,6.110553614658591e-11
12852.0,6.050445381547874e-09
12853.0,3.092255577873274e-07
12854.0,4.921578318255716e-07
12855.0,5.2442230848579465e-09
12856.0,1.0487296781455504e-08
12857.0,5.1825061879006574e-08
12858.0,2.475349956388751e-06
12859.0,1.4257356169853085e-06
12860.0,8.548760418095189e-09
12861.0,6.350862540884975e-07
12862.0,6.486689113727015e-09
12863.0,5.667190425233978e-10
12864.0,3.0715024685858165e-07
12865.0,1.214737495196104e-08
12866.0,1.3813153166193345e-06
12867.0,1.8727290802709036e-07
12868.0,3.109609072755926e-08
12869.0,9.186926336904707e-08
12870.0,3.4492301303127766e-07
12871.0,1.0334736718442533e-07
12872.0,1.2827140280441758e-06
12873.0,4.4492633063677404e-07
12874.0,2.850619614305422e-07
12875.0,1.218810421130859e-07
12876.0,7.29118304453225e-07
12877.0,4.0296827354951044e-05
12878.0,4.099635907615333e-05
12879.0,5.845940910320811e-09
12880.0,3.508002705576006e-08
12881.0,2.4003946777404444e-08
12882.0,0.0019565227566958857
12883.0,1.683266634938319e-07
12884.0,1.778980751360923e-09
12885.0,1.2047403979744015e-07
12886.0,2.3514364889546166e-07
12887.0,1.585679049446701e-08
12888.0,3.144156823357215e-06
12889.0,1.6796454799897698e-07
12890.0,5.347513925147451e-08
12891.0,8.567986563288255e-08
12892.0,2.6991327937445103e-08
12893.0,6.871765412335905e-07
12894.0,1.7965445282882055e-07
12895.0,1.875983039306427e-06
12896.0,3.3516309483545862e-09
12897.0,1.365679293124173e-07
12898.0,6.708936326243712e-06
12899.0,3.614639661962366e-09
12900.0,1.503117908231383e-07
12901.0,8.544924228512937e-08
12902.0,2.164623875418892e-07
12903.0,2.0335774149237715e-06
12904.0,1.6640003789949476e-07
12905.0,6.098285909124025e-08
12906.0,1.2727270915451393e-07
12907.0,1.0783136731269659e-08
12908.0,3.345584897013467e-08
12909.0,9.255213058902667e-09
12910.0,2.9002680284292267e-07
12911.0,1.5307098021496754e-06
12912.0,5.181592496586162e-07
12913.0,7.023484747871589e-09
12914.0,7.98627712761756e-10
12915.0,1.3350540839960312e-08
12916.0,1.0256060243052657e-07
12917.0,4.845115921818419e-08
12918.0,1.0533111342006835e-07
12919.0,1.2442006710303513e-07
12920.0,2.199082714339445e-09
12921.0,1.2760265320105745e-07
12922.0,4.610316165824469e-06
12923.0,1.2133038079176444e-06
12924.0,1.9856761005096614e-08
12925.0,4.191137231517319e-09
12926.0,4.169145898340887e-07
12927.0,7.321735215448879e-07
12928.0,1.0007385582365396e-09
12929.0,1.0483744176263109e-08
12930.0,8.334620234134979e-08
12931.0,3.9096994538870106e-08
12932.0,8.461520159943512e-10
12933.0,4.072234115695837e-08
12934.0,3.8699969738719265e-06
12935.0,1.0568359784342974e-06
12936.0,1.6523400036013872e-08
12937.0,5.642382058241492e-10
12938.0,5.6623965045790704e-08
12939.0,2.352848198802571e-07
12940.0,8.327991975899687e-08
12941.0,3.0982440889724884e-08
12942.0,6.15323336046565e-08
12943.0,3.1909980384128554e-08
12944.0,7.722727039133438e-09
12945.0,6.479050558892826e-08
12946.0,2.1533126878539904e-09
12947.0,1.6196262229544542e-07
12948.0,2.971234802365708e-07
12949.0,3.089111973987698e-08
12950.0,1.303952232110252e-06
12951.0,8.370504145571656e-08
12952.0,2.4286809940276437e-09
12953.0,0.002575101639975035
12954.0,2.0377677203978806e-06
12955.0,5.519639551194595e-07
12956.0,1.0750499812640135e-08
12957.0,3.0959526616971495e-08
12958.0,2.8107795234175894e-08
12959.0,5.026690727344261e-09
12960.0,1.1305525890766434e-07
12961.0,4.452261728905489e-07
12962.0,2.7140504598822266e-08
12963.0,3.681810664434586e-08
12964.0,2.3288388548447449e-07
12965.0,5.307685103061114e-09
12966.0,3.0942840643342827e-07
12967.0,2.157351475171083e-06
12968.0,3.330589873567553e-07
12969.0,3.278694498314871e-09
12970.0,9.443364374200295e-12
12971.0,1.2555661170285482e-05
12972.0,3.0710654467067794e-09
12973.0,2.5507142775507606e-08
12974.0,5.822063416924916e-10
12975.0,7.2895922236982e-07
12976.0,2.035666576000425e-08
12977.0,1.3031068272730203e-06
12978.0,2.4108819486758488e-08
12979.0,2.6649482733368758e-06
12980.0,1.1094099807954788e-06
12981.0,8.128803983382945e-08
12982.0,2.7582031571779928e-08
12983.0,4.194229299558534e-08
12984.0,1.9104850724164965e-07
12985.0,4.1065345214230885e-06
12986.0,4.390072917181899e-08
12987.0,8.32280154751424e-06
12988.0,4.2275201660313075e-06
12989.0,2.1291648578839117e-07
12990.0,3.4553850637172416e-09
12991.0,2.0391910607208713e-08
12992.0,2.0354468177796008e-07
12993.0,8.184646709294023e-08
12994.0,1.3164369484682882e-07
12995.0,9.960247327058087e-08
12996.0,5.224105686814135e-08
12997.0,9.365581679110317e-08
12998.0,8.717762524135699e-09
12999.0,4.3340781625928175e-09
13000.0,4.806122508391979e-10
13001.0,1.6161742711040782e-08
13002.0,1.4608165568605863e-08
13003.0,3.354764368964869e-09
13004.0,1.984340888256152e-09
13005.0,5.184114362596003e-08
13006.0,1.7600721822222648e-08
13007.0,5.57057037837659e-08
13008.0,6.8436696394502275e-09
13009.0,1.2829800048047378e-07
13010.0,2.127482739077223e-05
13011.0,3.754526739525463e-09
13012.0,3.2032097505945985e-07
13013.0,7.268801130323562e-09
13014.0,2.315696503326391e-07
13015.0,4.6582740681181506e-07
13016.0,3.718550932419165e-07
13017.0,3.081377437136804e-10
13018.0,2.299587847419665e-06
13019.0,1.1760384265309796e-06
13020.0,4.575534097854388e-09
13021.0,1.7531385001342835e-08
13022.0,3.629479934945526e-07
13023.0,7.0246947442477e-10
13024.0,4.111103696471537e-06
13025.0,9.715131053537396e-09
13026.0,3.698418157405753e-09
13027.0,1.879402769125856e-07
13028.0,5.284052029499718e-06
13029.0,7.15398822164354e-07
13030.0,1.956702519251023e-08
13031.0,3.226126109988682e-07
13032.0,4.541021704476835e-08
13033.0,2.3894985759459597e-07
13034.0,3.7066598582486654e-07
13035.0,3.536916187872089e-06
13036.0,5.640706478581396e-07
13037.0,1.8581052892261217e-07
13038.0,7.1329100001400495e-09
13039.0,7.45743397287153e-09
13040.0,3.266279638549913e-09
13041.0,3.201717344856789e-08
13042.0,6.940050252638523e-08
13043.0,3.186001739228572e-08
13044.0,1.5676342958742342e-07
13045.0,4.3865312232680894e-10
13046.0,9.051823583543708e-08
13047.0,2.898357046645227e-05
13048.0,4.149397354575315e-09
13049.0,7.793209010962722e-07
13050.0,3.691979656167319e-08
13051.0,1.660696268081279e-07
13052.0,3.643432068602338e-07
13053.0,4.9707961387430606e-05
13054.0,1.5879880861661758e-09
13055.0,3.483620437448051e-08
13056.0,7.640738672095305e-09
13057.0,1.3109323804853824e-06
13058.0,2.2426650221417966e-08
13059.0,3.19521351333845e-10
13060.0,5.542844448148757e-08
13061.0,1.0336975853914933e-06
13062.0,1.139613706012771e-06
13063.0,7.550873620674516e-08
13064.0,1.4939290027415577e-08
13065.0,7.745670712631289e-09
13066.0,4.751646545067982e-09
13067.0,2.6033025840548813e-05
13068.0,7.959067002214304e-07
13069.0,1.4838677047712149e-07
13070.0,1.880547837915941e-06
13071.0,7.136010955576779e-08
13072.0,1.1835769095317438e-08
13073.0,5.297546064421562e-09
13074.0,1.8208184982949767e-09
13075.0,2.3295165612222485e-06
13076.0,1.6884743806571767e-09
13077.0,3.414386714177207e-07
13078.0,1.6296580558194784e-05
13079.0,0.00010351208541236995
13080.0,6.1866640001828645e-06
13081.0,7.136949593031445e-08
13082.0,1.6389020908012951e-06
13083.0,7.367301070929633e-06
13084.0,1.462801388784599e-11
13085.0,4.581677972318073e-07
13086.0,3.880999228458026e-08
13087.0,1.5912750446423323e-08
13088.0,2.444685578011149e-08
13089.0,9.283526823020584e-07
13090.0,7.985161159305691e-07
13091.0,7.320653289600684e-07
13092.0,6.670538203621978e-07
13093.0,3.8057269367681065e-08
13094.0,1.9235543314185416e-07
13095.0,9.2322158519633e-09
13096.0,2.7081948521223916e-07
13097.0,4.3792891761400615e-09
13098.0,2.528809740833204e-08
13099.0,1.687145512188959e-07
13100.0,3.48833872685469e-07
13101.0,8.605022745050567e-07
13102.0,3.0513566558665264e-08
13103.0,1.9484104084171057e-07
13104.0,1.205636280551408e-09
13105.0,5.735237494769689e-09
13106.0,6.623738928694001e-09
13107.0,4.706031924099857e-08
13108.0,3.722407145994312e-06
13109.0,5.216322405301628e-09
13110.0,3.3768272520585386e-07
13111.0,5.053578224171661e-07
13112.0,6.712855591352006e-09
13113.0,1.4042443167280294e-07
13114.0,6.51515856015137e-08
13115.0,1.6543836180683304e-08
13116.0,0.00011002275654453069
13117.0,1.9207684732531085e-07
13118.0,9.288850771666328e-08
13119.0,1.6113408856302147e-07
13120.0,1.0431151314247938e-05
13121.0,6.14130937210409e-07
13122.0,2.5809399259139007e-07
13123.0,4.532179559054263e-08
13124.0,1.373038233897185e-08
13125.0,1.806422419303135e-08
13126.0,1.6593839129609826e-07
13127.0,5.069629033525215e-05
13128.0,1.3114010098355437e-05
13129.0,2.6558915394800557e-08
13130.0,1.593521510573163e-10
13131.0,7.082550376342402e-09
13132.0,1.4498437220908145e-08
13133.0,0.00023058939000290468
13134.0,7.709296757749884e-07
13135.0,1.2677927366437616e-09
13136.0,2.492695190131221e-07
13137.0,4.506648922941043e-08
13138.0,8.802201386673114e-07
13139.0,5.153279401224885e-07
13140.0,2.8008619876364676e-09
13141.0,3.485191253496739e-08
13142.0,2.8319440654829788e-08
13143.0,7.30257127375972e-09
13144.0,1.5179325742803515e-07
13145.0,1.7628575343965266e-06
13146.0,4.113848905434242e-08
13147.0,4.585818179106715e-10
13148.0,3.2324480489781123e-07
13149.0,3.501537262386204e-07
13150.0,7.646032909396156e-08
13151.0,6.404228269107195e-08
13152.0,7.141040907475347e-06
13153.0,1.3578328814894593e-07
13154.0,2.047427539271884e-06
13155.0,2.354804228174852e-07
13156.0,3.876963449486158e-07
13157.0,2.470636803349538e-07
13158.0,1.4547156610546232e-06
13159.0,1.591883820974042e-06
13160.0,4.5615079329322304e-08
13161.0,8.527665420350167e-08
13162.0,4.42064813963888e-07
13163.0,2.7026341413999836e-08
13164.0,2.8448753582661684e-07
13165.0,4.4559014291801393e-07
13166.0,4.199340343948704e-09
13167.0,2.727622214159164e-06
13168.0,4.998723059804475e-06
13169.0,4.019937881143285e-08
13170.0,4.2515618829415174e-06
13171.0,1.1232968108669e-07
13172.0,2.3232881988987158e-08
13173.0,3.626794384427865e-09
13174.0,5.042528149354847e-09
13175.0,1.707269244500017e-08
13176.0,1.0243599006769869e-09
13177.0,6.658982324423022e-08
13178.0,1.0235471468732859e-08
13179.0,6.934618608759755e-07
13180.0,4.993232757122934e-07
13181.0,0.0003284830302159912
13182.0,1.0692311683892363e-05
13183.0,2.802795077247136e-07
13184.0,3.008173245430412e-10
13185.0,3.6965651962006234e-08
13186.0,3.965872162354559e-09
13187.0,3.1361242551166176e-07
13188.0,2.075126561925135e-08
13189.0,4.9571621013500705e-06
13190.0,1.7760291413480433e-07
13191.0,3.2878917882223814e-08
13192.0,9.952545452578115e-09
13193.0,2.2243545174063205e-09
13194.0,2.8576592655347e-09
13195.0,2.3220771965563457e-06
13196.0,9.017075572724558e-11
13197.0,3.452959998938469e-07
13198.0,9.419594457930985e-08
13199.0,7.790005701644171e-10
13200.0,2.0485822425429737e-09
13201.0,5.850143370803033e-08
13202.0,1.1128546908030255e-06
13203.0,1.0830052581253075e-08
13204.0,6.097228600004713e-10
13205.0,1.911244876000101e-08
13206.0,2.1518059990540694e-08
13207.0,9.337359616811339e-08
13208.0,6.264761282301378e-08
13209.0,3.1619873103052706e-09
13210.0,2.191025342740488e-10
13211.0,1.9835518555311306e-10
13212.0,2.9635784501298327e-08
13213.0,1.1196306009806118e-06
13214.0,1.3454739427645574e-08
13215.0,4.604614241847021e-08
13216.0,1.1075861052435201e-07
13217.0,4.827716949544665e-08
13218.0,6.407074048615788e-07
13219.0,5.109141337759825e-08
13220.0,4.896056125141737e-10
13221.0,2.7606245754038e-06
13222.0,1.5468717276686654e-08
13223.0,2.226725479990011e-07
13224.0,1.737738630686768e-07
13225.0,4.247920437176028e-09
13226.0,4.305821079132893e-09
13227.0,7.535215070721115e-09
13228.0,4.866781404157817e-09
13229.0,1.4636764868220227e-06
13230.0,3.2941207062532395e-07
13231.0,3.963677013951895e-08
13232.0,7.976396253243864e-09
13233.0,2.208542349510393e-08
13234.0,5.5151700568920366e-08
13235.0,4.2675129780030784e-05
13236.0,4.1397206107403185e-07
13237.0,3.102116541295969e-07
13238.0,1.15296868599179e-09
13239.0,7.733633674492199e-09
13240.0,9.792296869099126e-09
13241.0,9.812098997730687e-09
13242.0,1.5411720111962532e-07
13243.0,9.184356135668199e-09
13244.0,2.2015925921006692e-07
13245.0,1.4263362626675979e-08
13246.0,1.212136951956743e-09
13247.0,3.55931896768504e-05
13248.0,6.127441995301879e-10
13249.0,1.7012105873396344e-09
13250.0,7.341111958859989e-09
13251.0,2.7649656156420134e-10
13252.0,6.220287236596281e-07
13253.0,3.31576656120626e-08
13254.0,1.2692628354507452e-07
13255.0,2.796865591382464e-09
13256.0,6.020330530614302e-09
13257.0,1.5435329049782268e-07
13258.0,2.2129217572821222e-07
13259.0,1.3236571479323845e-08
13260.0,1.8381531502178454e-06
13261.0,2.607477662234737e-07
13262.0,2.686948789891686e-07
13263.0,4.289769055933295e-09
13264.0,4.039786419653532e-08
13265.0,3.6600809008088306e-07
13266.0,4.570630219634088e-08
13267.0,2.1640992646745416e-09
13268.0,2.8832945252126282e-08
13269.0,3.928009351852384e-07
13270.0,3.1095974046824893e-06
13271.0,0.0001095981499972026
13272.0,6.263466112323892e-06
13273.0,2.4936942191183765e-08
13274.0,1.095801396751675e-06
13275.0,1.6716051428914736e-08
13276.0,2.2476387102444135e-08
13277.0,2.0302883738247952e-10
13278.0,2.7369228818424385e-07
13279.0,3.027665626152194e-07
13280.0,4.233506978834562e-07
13281.0,3.337537890878761e-07
13282.0,4.5567447074706784e-08
13283.0,6.23127575593122e-09
13284.0,2.7097730805371667e-08
13285.0,2.106353540037704e-09
13286.0,1.2326985140995933e-08
13287.0,1.3540396625016178e-07
13288.0,3.015107729284684e-06
13289.0,9.613547139003696e-06
13290.0,3.8944790652594246e-07
13291.0,3.1086215954591917e-09
13292.0,3.041367831250912e-06
13293.0,1.5167360680972612e-06
13294.0,1.2827576031190056e-08
13295.0,7.55457880326342e-09
13296.0,1.4808159039103894e-06
13297.0,2.869770755695044e-06
13298.0,9.460040250012576e-06
13299.0,4.8350800755917545e-06
13300.0,1.4340257799845968e-08
13301.0,8.718801653841054e-09
13302.0,6.565483485956454e-09
13303.0,3.023739671975344e-07
13304.0,2.3523576850121763e-10
13305.0,3.833585527569513e-07
13306.0,1.909144531782507e-08
13307.0,1.0169657130842667e-07
13308.0,4.904000421142287e-06
13309.0,3.1524177412259888e-06
13310.0,6.248442601877808e-06
13311.0,6.236645632624919e-05
13312.0,4.851056633462596e-09
13313.0,1.3215367145018205e-07
13314.0,5.026221422197101e-08
13315.0,2.149836658146616e-09
13316.0,5.23626523195565e-07
13317.0,3.939915177448619e-08
13318.0,1.00237472414708e-08
13319.0,3.8931905073515725e-07
13320.0,1.9105275709773244e-06
13321.0,6.551730278494527e-09
13322.0,4.177367409342406e-09
13323.0,1.6378930987499057e-09
13324.0,7.968674145470449e-06
13325.0,3.7882456466585264e-06
13326.0,9.941885600671794e-07
13327.0,5.111584802163348e-07
13328.0,1.5984680958705028e-06
13329.0,3.98390822055384e-10
13330.0,4.557608009112785e-05
13331.0,5.9515546248435e-06
13332.0,7.711650237973365e-09
13333.0,2.6303769278391094e-07
13334.0,4.3085594870750067e-10
13335.0,3.370744021262807e-07
13336.0,7.272433858941215e-06
13337.0,2.96678390714819e-07
13338.0,3.935909345557559e-08
13339.0,2.8743446250639474e-07
13340.0,8.55505925870923e-09
13341.0,4.063948042554074e-09
13342.0,2.715427857798766e-08
13343.0,1.209492666819461e-07
13344.0,8.3840024697456e-07
13345.0,1.3802387947477432e-08
13346.0,3.1481844331877537e-07
13347.0,2.2431434463026114e-08
13348.0,2.4354011278656994e-07
13349.0,6.785441296644525e-09
13350.0,5.004484630565241e-09
13351.0,7.000187625448852e-06
13352.0,3.236701093147721e-07
13353.0,8.114512885468123e-07
13354.0,6.765713734162261e-09
13355.0,5.605054104127861e-06
13356.0,6.821859620607936e-08
13357.0,2.9331944466351435e-06
13358.0,9.251770927163271e-10
13359.0,1.0215011034392819e-07
13360.0,6.850419381784229e-08
13361.0,2.7577526175783273e-08
13362.0,1.365137064448409e-08
13363.0,8.250133114829854e-06
13364.0,2.798009386731192e-10
13365.0,4.901831609925454e-07
13366.0,0.0002814157661147329
13367.0,2.0723882468051636e-08
13368.0,1.29831452540262e-07
13369.0,9.004704450472119e-08
13370.0,4.159038699675496e-08
13371.0,7.815699636919506e-09
13372.0,8.742567122596909e-09
13373.0,1.2645510462385494e-07
13374.0,7.938608297156337e-09
13375.0,5.507763702715596e-06
13376.0,5.2122503966287636e-08
13377.0,3.446732129832265e-09
13378.0,3.435735993797986e-07
13379.0,4.300713581319643e-07
13380.0,4.059979093248408e-08
13381.0,7.62163342662157e-06
13382.0,2.189534039267604e-07
13383.0,1.3577973106481358e-07
13384.0,7.814462050930367e-09
13385.0,2.7142985194920586e-09
13386.0,1.6161906716875382e-08
13387.0,2.4493932348865063e-08
13388.0,5.555353205057399e-06
13389.0,1.623743297225163e-09
13390.0,6.937595159170712e-07
13391.0,3.572753073993839e-08
13392.0,2.4517693705385386e-07
13393.0,4.928819835632436e-07
13394.0,3.6302221782597964e-08
13395.0,1.4741428077739683e-10
13396.0,1.9243942771828825e-06
13397.0,2.860005098803539e-07
13398.0,1.0193780473261123e-08
13399.0,1.2016858479755747e-06
13400.0,9.32054212096416e-10
13401.0,6.504454916403887e-09
13402.0,4.153546572772292e-07
13403.0,6.930364898157373e-08
13404.0,7.637411519511752e-08
13405.0,1.3613600770828207e-08
13406.0,4.6493999521026704e-08
13407.0,5.615832129383832e-07
13408.0,3.0921424231428637e-07
13409.0,4.891071549224425e-07
13410.0,2.092290265127827e-07
13411.0,2.2918439167125686e-05
13412.0,9.189526450639614e-08
13413.0,5.956300843987026e-08
13414.0,5.0636007909279966e-08
13415.0,2.92823360668886e-09
13416.0,5.252158385567244e-06
13417.0,3.411500901382269e-08
13418.0,6.174359664445593e-08
13419.0,9.149833793468768e-08
13420.0,3.3750579745430773e-10
13421.0,5.040061577269872e-09
13422.0,1.8681689587065396e-06
13423.0,1.5629742189532631e-09
13424.0,5.68222649670595e-10
13425.0,3.349019409334838e-08
13426.0,3.0346999291646644e-07
13427.0,8.842135247357314e-06
13428.0,1.45135890468645e-09
13429.0,1.087403318232255e-08
13430.0,7.22753422393017e-08
13431.0,1.4905280674580598e-06
13432.0,3.0686818867116094e-09
13433.0,1.3728378564494374e-07
13434.0,5.235032427719171e-08
13435.0,3.4062073103651893e-09
13436.0,9.551726594227103e-08
13437.0,1.2766180337192477e-06
13438.0,6.899973820736249e-07
13439.0,1.411906103346583e-07
13440.0,4.12577732228615e-06
13441.0,3.333380168829322e-06
13442.0,1.0999400123796053e-07
13443.0,2.7015340792976123e-09
13444.0,5.268737574775456e-09
13445.0,1.6219631158929246e-08
13446.0,1.0415215535888014e-07
13447.0,1.4404828327204927e-08
13448.0,3.4058176860448966e-08
13449.0,4.1257216005529605e-10
13450.0,1.963580428673937e-07
13451.0,6.3868206489852975e-06
13452.0,3.448315316226631e-07
13453.0,9.022209360579901e-10
13454.0,4.6371849309639215e-08
13455.0,1.3829727539839962e-09
13456.0,5.107567613699149e-08
13457.0,6.8591356361629225e-09
13458.0,2.9620335144013212e-06
13459.0,4.176848851912842e-06
13460.0,2.0501693875963455e-07
13461.0,3.887406043447213e-07
13462.0,3.153469874532041e-07
13463.0,1.527777733327626e-07
13464.0,7.871132308232257e-08
13465.0,3.3198318087810626e-09
13466.0,2.5627296006585056e-07
13467.0,8.38171304657795e-08
13468.0,5.237672748908466e-07
13469.0,3.7688625134429575e-06
13470.0,5.173931640658635e-08
13471.0,2.123203744330351e-07
13472.0,2.66031746121952e-07
13473.0,1.555450632977038e-06
13474.0,4.543392810247226e-09
13475.0,3.6452537134503504e-09
13476.0,2.724195114078545e-07
13477.0,3.1648347976458876e-10
13478.0,8.234802896792641e-08
13479.0,4.664379681965224e-09
13480.0,2.9515015585074854e-06
13481.0,3.516299437126899e-10
13482.0,1.9121812866772797e-10
13483.0,1.0237399253461385e-09
13484.0,3.0104315222647173e-07
13485.0,6.976506761108627e-10
13486.0,2.9667331816339757e-06
13487.0,8.815534517413696e-10
13488.0,1.6005167472500403e-07
13489.0,2.0978654482610373e-09
13490.0,5.035203001581034e-08
13491.0,7.480401374311015e-08
13492.0,8.150956936412074e-06
13493.0,7.731986621760634e-09
13494.0,5.267445083522042e-08
13495.0,9.72103179896936e-07
13496.0,3.2157309460913445e-08
13497.0,4.5270362413618295e-08
13498.0,1.2018654038902867e-07
13499.0,2.5820059851325095e-07
13500.0,1.4510224134486033e-05
13501.0,1.052699384040443e-07
13502.0,2.754792383158936e-08
13503.0,9.051731848986615e-07
13504.0,1.930854019978653e-10
13505.0,1.7388041737845887e-07
13506.0,5.3837099086180534e-06
13507.0,3.463887697303796e-05
13508.0,3.319221995712673e-08
13509.0,2.322170637112603e-06
13510.0,1.7971732112925648e-09
13511.0,2.1381954169472781e-07
13512.0,3.71582150215091e-08
13513.0,4.249984606530029e-07
13514.0,9.504329638680924e-09
13515.0,2.8101519829629125e-10
13516.0,1.4051048569046484e-05
13517.0,4.955524650174281e-08
13518.0,6.856459908737255e-08
13519.0,5.4934654184739584e-08
13520.0,2.180437818485955e-08
13521.0,4.25964751010481e-06
13522.0,8.322568267278008e-07
13523.0,4.944422767294883e-08
13524.0,1.2341491886769448e-07
13525.0,7.531093240909469e-08
13526.0,1.1918863721627704e-07
13527.0,8.50047937882847e-06
13528.0,8.352792561439494e-08
13529.0,5.9394676660734337e-08
13530.0,2.7476020243441835e-08
13531.0,2.1411183828791144e-08
13532.0,7.857620004301759e-07
13533.0,9.76263618686455e-09
13534.0,1.0741788557752642e-07
13535.0,2.3306218446019154e-09
13536.0,3.0800725041338214e-07
13537.0,1.859539439673848e-05
13538.0,2.7325277170125883e-08
13539.0,5.8161401244612115e-06
13540.0,2.8984852309805623e-09
13541.0,1.0817365793683268e-08
13542.0,7.368840614852556e-07
13543.0,1.4302922141334754e-07
13544.0,7.417320416851003e-06
13545.0,1.5374708163478e-07
13546.0,1.3365847954551763e-07
13547.0,4.898058298107362e-07
13548.0,7.75800860577573e-08
13549.0,3.294202820122544e-09
13550.0,5.3643534675691235e-05
13551.0,6.236228334985607e-10
13552.0,1.4366218196939431e-08
13553.0,2.2383654425358553e-07
13554.0,4.3324650467811437e-10
13555.0,5.174397228431363e-07
13556.0,3.1717941877310495e-08
13557.0,6.810289333668952e-08
13558.0,5.960480698925642e-10
13559.0,6.505988072018689e-07
13560.0,1.1804449836679752e-09
13561.0,3.6766798420916725e-09
13562.0,9.456628291764761e-06
13563.0,2.6309010974967736e-09
13564.0,2.6511174336099715e-09
13565.0,1.020194912557159e-07
13566.0,6.956364701522684e-08
13567.0,1.770487376009074e-08
13568.0,1.784751290034941e-05
13569.0,8.105485055428732e-09
13570.0,3.796034844613039e-08
13571.0,1.5033722558775755e-08
13572.0,2.942220888381211e-09
13573.0,4.124126163880728e-06
13574.0,2.1349406561616278e-07
13575.0,3.568937386031559e-05
13576.0,9.351422749483141e-08
13577.0,1.002767837366315e-08
13578.0,1.6963081762285391e-09
13579.0,6.940647214570095e-08
13580.0,3.5753513812079455e-08
13581.0,5.881036972731612e-05
13582.0,4.310903798646317e-12
13583.0,1.0978993946449174e-07
13584.0,1.152031982327336e-08
13585.0,4.8394953370224535e-08
13586.0,5.426694333749093e-07
13587.0,6.561010351761974e-08
13588.0,6.261100093091362e-06
13589.0,2.1355201435914726e-06
13590.0,1.6861581176160173e-08
13591.0,8.734258050152753e-08
13592.0,5.5452121335437734e-08
13593.0,1.5838319309762516e-05
13594.0,1.4683811007673617e-06
13595.0,4.109461251386328e-07
13596.0,2.41420951519846e-06
13597.0,3.1246761555335112e-06
13598.0,7.239435750327787e-06
13599.0,1.7049787174378202e-09
13600.0,6.88620489144251e-08
13601.0,3.015108986617173e-08
13602.0,2.0362651143450386e-08
13603.0,1.9494259521168244e-08
13604.0,2.14811121362851e-05
13605.0,1.1483822375574923e-08
13606.0,2.721849849361888e-08
13607.0,1.2934605804363646e-07
13608.0,7.598285626974656e-09
13609.0,1.7168702555573933e-08
13610.0,3.775607685911308e-08
13611.0,1.0242974806613914e-07
13612.0,6.592293111053385e-09
13613.0,3.191567755654558e-08
13614.0,4.062913315209752e-08
13615.0,4.99787474127543e-07
13616.0,5.8521571376384356e-08
13617.0,2.578747577451541e-08
13618.0,2.7661178977380148e-09
13619.0,6.133505224012383e-09
13620.0,1.4379044513439071e-08
13621.0,2.26674389414233e-08
13622.0,9.571127665860616e-09
13623.0,1.8667651890617718e-07
13624.0,1.4591778224821428e-08
13625.0,5.0389952374014096e-08
13626.0,4.6643352806962205e-07
13627.0,7.687610364150527e-08
13628.0,1.931908698386495e-09
13629.0,2.619053986640379e-06
13630.0,1.1863682287950371e-07
13631.0,1.0553504550036265e-07
13632.0,6.204992050015773e-08
13633.0,3.269091112128071e-06
13634.0,3.043218869048766e-07
13635.0,1.3215553531826711e-07
13636.0,3.6946951312372733e-09
13637.0,2.19907910789847e-07
13638.0,2.6386323119761005e-06
13639.0,8.651509396898009e-06
13640.0,2.4922468594070624e-08
13641.0,1.7465433814255393e-07
13642.0,1.0398775009944718e-07
13643.0,1.5220672388292654e-09
13644.0,4.4014592492445527e-07
13645.0,1.2813088732807984e-08
13646.0,3.9730228257574186e-06
13647.0,3.4536393722100665e-08
13648.0,1.2075304805674733e-07
13649.0,4.1887618647887556e-06
13650.0,1.7414882824503126e-06
13651.0,1.0855616177070148e-08
13652.0,5.454397285952347e-10
13653.0,3.130610303822587e-07
13654.0,3.5245515702485164e-08
13655.0,1.7504999858704115e-06
13656.0,1.2411077293454382e-07
13657.0,4.871018673208336e-10
13658.0,6.295344539668749e-07
13659.0,1.4237144248417144e-09
13660.0,2.605138770991618e-07
13661.0,1.078137726250288e-06
13662.0,3.116911735207103e-10
13663.0,1.5137857697134514e-07
13664.0,4.516370640728249e-09
13665.0,3.140980489859117e-08
13666.0,3.541957004194067e-08
13667.0,1.8040086190040509e-09
13668.0,1.6994969047651782e-08
13669.0,3.876215216003716e-11
13670.0,2.224031802137287e-11
13671.0,1.1738366452949264e-06
13672.0,2.7438068936547787e-09
13673.0,7.3683047608119985e-06
13674.0,4.749143046607184e-07
13675.0,1.8892310337880632e-07
13676.0,3.26163216764164e-07
13677.0,8.184365763363621e-07
13678.0,3.093022791143498e-06
13679.0,1.6555964507928598e-07
13680.0,7.163032333876424e-07
13681.0,8.07613969554921e-10
13682.0,1.2461772812258332e-10
13683.0,3.898210469260861e-09
13684.0,3.563447609705037e-07
13685.0,8.684830257320809e-08
13686.0,5.3562210497013464e-08
13687.0,5.830200199814106e-09
13688.0,1.0099625500244472e-08
13689.0,4.4060380659313534e-09
13690.0,2.2428883002879538e-07
13691.0,7.699620061200389e-08
13692.0,3.7723118514231345e-07
13693.0,1.830276408956123e-10
13694.0,2.8187966019288954e-07
13695.0,8.615015546398344e-08
13696.0,1.780178871378448e-09
13697.0,1.9966813468742335e-08
13698.0,1.899493694101283e-09
13699.0,2.759866705911954e-09
13700.0,8.902964267540839e-07
13701.0,4.593391282777581e-09
13702.0,2.7373609690061973e-06
13703.0,1.359781807678445e-07
13704.0,3.4449548299399207e-07
13705.0,6.18351446820389e-11
13706.0,1.9876404570562147e-09
13707.0,1.9891031618445216e-06
13708.0,4.220147376008667e-09
13709.0,1.1547124004641802e-08
13710.0,1.144864087856037e-06
13711.0,0.00019841905388357566
13712.0,9.534533870209482e-09
13713.0,2.618577930798498e-09
13714.0,1.8505059017799158e-08
13715.0,1.5812551307285116e-09
13716.0,7.95557530713684e-09
13717.0,4.113406076129003e-06
13718.0,5.375633903890881e-08
13719.0,6.269327841756734e-10
13720.0,2.40120157439013e-07
13721.0,9.903950304569152e-09
13722.0,2.684527969016508e-10
13723.0,4.2671429981969556e-07
13724.0,5.203386258903474e-08
13725.0,1.7936726200599115e-05
13726.0,6.922283661410656e-10
13727.0,4.960682885254915e-05
13728.0,1.5898922946535403e-09
13729.0,4.6054700432374296e-08
13730.0,4.903592550772445e-07
13731.0,1.9750776149485087e-08
13732.0,1.7170931394572014e-07
13733.0,2.808376424266654e-05
13734.0,4.575133094541085e-10
13735.0,2.534218239879934e-06
13736.0,2.7329902710222466e-07
13737.0,5.286140406574273e-10
13738.0,9.861871700843314e-08
13739.0,2.2667375390185874e-08
13740.0,3.564494029637061e-09
13741.0,1.7073413880788457e-09
13742.0,5.103714355706874e-09
13743.0,8.833009839781337e-10
13744.0,7.57796507223765e-09
13745.0,4.975372151393511e-06
13746.0,5.061946679023498e-06
13747.0,6.37202024179685e-08
13748.0,4.673029028564558e-08
13749.0,1.70265477418795e-06
13750.0,5.560688784796905e-10
13751.0,3.4289813833369154e-06
13752.0,9.611405352137425e-08
13753.0,6.956656517935504e-08
13754.0,4.182752758769988e-08
13755.0,1.2814858351823074e-06
13756.0,3.878075553641131e-07
13757.0,2.2241512250412057e-05
13758.0,1.4751636847528343e-06
13759.0,4.002799189649817e-07
13760.0,1.9778051569234447e-08
13761.0,2.9342869010718388e-09
13762.0,4.38027404479919e-05
13763.0,7.008647485105465e-09
13764.0,1.4512279740635984e-05
13765.0,2.198972124685206e-07
13766.0,1.1684793790699974e-08
13767.0,6.002413796033987e-08
13768.0,1.1380544339494456e-08
13769.0,7.367358407802252e-05
13770.0,9.880078795723873e-09
13771.0,5.653614422475404e-10
13772.0,6.352173429359781e-10
13773.0,2.652571232390374e-09
13774.0,5.314279155820304e-08
13775.0,3.627589107205848e-08
13776.0,1.8626065596800002e-07
13777.0,2.6869823769571594e-07
13778.0,3.139598955721147e-07
13779.0,2.3810231322659546e-08
13780.0,2.42848504290828e-08
13781.0,1.997848594268467e-09
13782.0,4.419877617161775e-06
13783.0,2.796445943656814e-07
13784.0,8.8344405092845e-07
13785.0,5.831481938802829e-08
13786.0,2.7897907873109283e-08
13787.0,4.185248469482205e-10
13788.0,2.6640706783210274e-06
13789.0,5.680444460768763e-06
13790.0,5.040772680771931e-07
13791.0,9.093273631468353e-09
13792.0,7.292632851706159e-07
13793.0,8.115642464532097e-09
13794.0,5.747966158745541e-08
13795.0,1.7894175822991006e-07
13796.0,5.702005921007086e-07
13797.0,1.2817846892006278e-06
13798.0,9.49380283534367e-09
13799.0,2.286847185737831e-09
13800.0,4.228730911811713e-05
13801.0,4.376700612230125e-09
13802.0,9.736385333882318e-07
13803.0,6.870153955478229e-08
13804.0,1.4424524615339842e-06
13805.0,6.971148914910921e-08
13806.0,2.178984430608481e-09
13807.0,8.513197639843954e-07
13808.0,1.9125973405776047e-07
13809.0,5.888991261522454e-07
13810.0,1.705340740512506e-08
13811.0,6.557555967820434e-07
13812.0,7.170368074071648e-09
13813.0,1.9160793451453145e-06
13814.0,1.5109102377749712e-07
13815.0,9.354945568068658e-08
13816.0,5.825570484938998e-07
13817.0,4.265737739050667e-09
13818.0,3.025726782734618e-08
13819.0,5.434431016346898e-09
13820.0,1.1873675866555736e-07
13821.0,8.212564587232562e-09
13822.0,2.6959466937173647e-06
13823.0,4.513809895903151e-10
13824.0,3.073566849168353e-06
13825.0,1.0761076277810798e-08
13826.0,0.0025157593942046123
13827.0,4.260338645821847e-06
13828.0,3.373955342727402e-08
13829.0,3.30681834230956e-07
13830.0,9.61151523866195e-09
13831.0,2.3152026433467918e-07
13832.0,3.3203455118160946e-07
13833.0,3.31994001765112e-05
13834.0,7.304682911527847e-07
13835.0,8.172129518059167e-08
13836.0,1.8495124482478705e-06
13837.0,1.2774299881629323e-08
13838.0,3.2117588402498907e-09
13839.0,7.86612426032977e-09
13840.0,2.149744211333932e-07
13841.0,2.959419812989476e-07
13842.0,1.2112097756120783e-08
13843.0,1.9604204016965255e-06
13844.0,1.7926300993515736e-08
13845.0,1.7592406417522435e-08
13846.0,4.230051098885208e-08
13847.0,5.273328510220978e-07
13848.0,3.99932593083098e-06
13849.0,7.120841949124285e-09
13850.0,2.253793448497148e-08
13851.0,1.2698992967190542e-05
13852.0,1.1571734042275444e-10
13853.0,1.1441654978871518e-11
13854.0,4.223144933276053e-08
13855.0,2.3751069074897543e-08
13856.0,1.4925046112604048e-06
13857.0,6.33081325152653e-08
13858.0,3.311691426125719e-08
13859.0,1.135050324683692e-06
13860.0,4.206976760550786e-07
13861.0,8.954423300151043e-08
13862.0,1.304391483957389e-08
13863.0,6.7660056350238885e-09
13864.0,8.488109570668876e-08
13865.0,2.2410643324830278e-07
13866.0,3.346568780612066e-09
13867.0,3.3684598809601955e-10
13868.0,1.9482947698769315e-07
13869.0,4.23654779041202e-09
13870.0,2.2062652303588793e-08
13871.0,4.732921818383016e-09
13872.0,7.562400046058485e-06
13873.0,1.5434015885424068e-07
13874.0,1.788979235919904e-08
13875.0,1.5907876387956123e-06
13876.0,1.1372150020922582e-07
13877.0,1.580122757169552e-07
13878.0,5.050369607986275e-08
13879.0,2.465846070349552e-09
13880.0,1.5578328032774113e-07
13881.0,3.000094536662808e-10
13882.0,9.198241609595139e-08
13883.0,9.688754211744636e-09
13884.0,2.9988953583827693e-07
13885.0,1.0163481229379996e-07
13886.0,5.970688096638568e-05
13887.0,7.617390762937872e-08
13888.0,2.434314862590307e-06
13889.0,4.618752392025392e-07
13890.0,2.2221227636127894e-10
13891.0,2.4153800884346907e-08
13892.0,1.4067810024423333e-05
13893.0,8.532848321116382e-07
13894.0,3.12324805339276e-06
13895.0,1.723730050655792e-07
13896.0,4.164729531728108e-08
13897.0,1.0515681426863859e-10
13898.0,1.6374763284762162e-07
13899.0,4.082203503626747e-09
13900.0,3.658688022718672e-08
13901.0,1.7574567236623602e-07
13902.0,5.676247588021573e-09
13903.0,9.43168106423129e-06
13904.0,2.2522303062295756e-07
13905.0,5.491729082601382e-07
13906.0,2.890537656343229e-09
13907.0,2.1822360486505e-07
13908.0,3.82587467254861e-09
13909.0,1.1186558531979857e-08
13910.0,3.185727459115085e-07
13911.0,3.1751230604496013e-07
13912.0,4.893875813946459e-08
13913.0,1.528913754725229e-08
13914.0,1.2742914864305617e-05
13915.0,4.171132174551464e-11
13916.0,3.27072200234205e-07
13917.0,2.3541691704595027e-09
13918.0,5.492137044970076e-06
13919.0,3.2272474467485055e-07
13920.0,1.55651925656247e-07
13921.0,3.5758141726679313e-12
13922.0,2.721336783463552e-09
13923.0,1.4308880781086807e-08
13924.0,1.2845094823997885e-07
13925.0,1.0349182007425602e-10
13926.0,3.802333956933892e-07
13927.0,2.2654496329617146e-08
13928.0,1.6782720803741531e-06
13929.0,4.221466944008263e-08
13930.0,2.1334680014496604e-06
13931.0,1.9380737002296564e-09
13932.0,0.0002383673017741353
13933.0,6.273848855761133e-07
13934.0,4.3905282903357635e-06
13935.0,2.294219225440118e-08
13936.0,3.565777977305207e-08
13937.0,8.219184326544182e-07
13938.0,6.960273498958762e-07
13939.0,1.113416800740748e-08
13940.0,1.652512036312213e-09
13941.0,2.639477744723835e-08
13942.0,4.359431766000551e-09
13943.0,1.2948361542454476e-08
13944.0,6.835297767726039e-09
13945.0,3.723059273922336e-08
13946.0,8.547908814505474e-06
13947.0,2.1613802405554128e-08
13948.0,3.0885000593465157e-06
13949.0,3.217274160674493e-07
13950.0,9.450340794273525e-08
13951.0,6.2395989438594705e-09
13952.0,1.0504230426605768e-08
13953.0,1.789701269712791e-10
13954.0,2.6693114881308884e-06
13955.0,9.426492945588256e-09
13956.0,5.201063905283003e-07
13957.0,3.5196306762165238e-12
13958.0,1.3730934585671405e-08
13959.0,1.507049114623151e-08
13960.0,6.705611925112222e-07
13961.0,7.132838580881305e-09
13962.0,2.785679965097732e-07
13963.0,1.864140671871626e-09
13964.0,1.4162323246296943e-08
13965.0,9.538060040281133e-07
13966.0,4.2735045128752035e-08
13967.0,1.8995342981020385e-07
13968.0,1.0670670020941237e-09
13969.0,1.1370280831741311e-08
13970.0,9.220459710399624e-08
13971.0,6.924916049216266e-08
13972.0,1.3538933152623732e-06
13973.0,1.5465802527321557e-06
13974.0,1.9731023515376545e-06
13975.0,1.8028579666348644e-07
13976.0,1.6287501376774572e-06
13977.0,4.262663305687538e-07
13978.0,5.858461315989365e-08
13979.0,5.091260705666741e-09
13980.0,3.7775813137493806e-06
13981.0,9.55718841326735e-07
13982.0,3.8335878296672806e-07
13983.0,4.2875341836019644e-08
13984.0,9.316442868104886e-08
13985.0,2.204966885957932e-07
13986.0,3.318747381128381e-08
13987.0,1.741487810525901e-07
13988.0,9.390336195163456e-09
13989.0,1.2459424428754795e-08
13990.0,1.5010258543109344e-11
13991.0,2.3475135169467762e-07
13992.0,1.0031544794328048e-07
13993.0,3.932738850325774e-06
13994.0,1.6162521558556166e-07
13995.0,6.960086223537895e-08
13996.0,0.012505910086563743
13997.0,1.0935198128614817e-07
13998.0,3.0086708725978446e-07
13999.0,2.951083090003021e-07
14000.0,4.4306914104601475e-08
14001.0,1.6193014254036288e-07
14002.0,1.3261332280864248e-07
14003.0,2.2914970912095216e-08
14004.0,1.5054451236546698e-09
14005.0,3.9792288432703184e-08
14006.0,2.6165267612504303e-08
14007.0,2.540013730973172e-07
14008.0,1.631241524016463e-07
14009.0,7.950750304920054e-07
14010.0,2.8153852980896366e-07
14011.0,2.537684265152169e-08
14012.0,5.1480700043371114e-09
14013.0,2.1760064221929976e-08
14014.0,2.218127295383328e-06
14015.0,1.4153439062327677e-08
14016.0,1.4778834617676474e-06
14017.0,6.845941053232994e-08
14018.0,2.4542671986767646e-05
14019.0,1.0922020653121019e-06
14020.0,3.294998973014239e-05
14021.0,9.23852730500253e-07
14022.0,7.688642330254727e-08
14023.0,3.035893604103891e-08
14024.0,2.7571852698582978e-08
14025.0,4.827591614877182e-07
14026.0,7.945626776722849e-07
14027.0,2.261754016406032e-09
14028.0,3.893379871167298e-08
14029.0,2.156387258304003e-07
14030.0,3.9682027898964744e-07
14031.0,8.99085589182898e-09
14032.0,1.9649801751230053e-08
14033.0,1.5309868240691955e-07
14034.0,3.448696762248451e-08
14035.0,2.3327717545980333e-09
14036.0,1.7932930205834401e-07
14037.0,6.574803964465501e-06
14038.0,1.2168067190429948e-07
14039.0,3.906421314574277e-09
14040.0,4.0940197806101133e-08
14041.0,1.823669445669049e-06
14042.0,3.94636843451462e-06
14043.0,1.9992336104318242e-07
14044.0,1.4295928994912886e-08
14045.0,3.7213578272273176e-07
14046.0,2.940808966263088e-06
14047.0,9.810014911153634e-07
14048.0,7.160332047659531e-08
14049.0,1.126035554248839e-06
14050.0,3.520887139044336e-09
14051.0,2.8148528897368365e-09
14052.0,1.561406691651633e-07
14053.0,6.277302163055916e-08
14054.0,1.2408962323837713e-06
14055.0,1.3008996780100643e-07
14056.0,3.8517688416663263e-08
14057.0,1.8503132448264307e-08
14058.0,1.0414663672215597e-08
14059.0,4.664923052647464e-07
14060.0,1.664398383745256e-06
14061.0,5.252864838989474e-06
14062.0,1.605390919740352e-08
14063.0,1.01033712765026e-07
14064.0,1.0096852026704436e-07
14065.0,1.3143003598804597e-08
14066.0,6.013222831122818e-08
14067.0,2.2891284265104325e-07
14068.0,3.037482602817827e-06
14069.0,5.744408638643241e-08
14070.0,1.9892807165769132e-07
14071.0,3.422756217513832e-08
14072.0,7.660308986920698e-06
14073.0,4.4611607692401206e-08
14074.0,1.189616642819682e-10
14075.0,2.7595736964444535e-07
14076.0,4.618437301216933e-09
14077.0,2.423914395250988e-09
14078.0,2.325582675711324e-10
14079.0,1.2808829647745274e-07
14080.0,2.6112316866424517e-08
14081.0,3.16872226231054e-05
14082.0,5.671075616957933e-09
14083.0,3.736653526234806e-08
14084.0,2.0742366650964506e-07
14085.0,5.937665449882853e-09
14086.0,4.1980110825484334e-07
14087.0,4.62821416929714e-07
14088.0,6.494662733918271e-07
14089.0,2.089701359776555e-07
14090.0,3.7252564691287545e-09
14091.0,2.7492050964847484e-07
14092.0,9.085717862113932e-08
14093.0,2.117168067107697e-09
14094.0,5.188498229177242e-07
14095.0,1.5250064696117213e-07
14096.0,1.3427243486811462e-09
14097.0,4.3383047851079157e-07
14098.0,2.1929193462325224e-05
14099.0,1.3684774455783633e-08
14100.0,1.4629042960273564e-09
14101.0,2.858948590527597e-08
14102.0,3.3155945825432e-07
14103.0,1.7764387333698877e-08
14104.0,6.722655597050992e-09
14105.0,6.570239462255132e-09
14106.0,3.662235095070144e-07
14107.0,1.3872006967807882e-08
14108.0,1.2810275650605143e-08
14109.0,1.5728309267947388e-07
14110.0,2.8010438948425628e-08
14111.0,1.0388349042986375e-08
14112.0,3.738097104762097e-07
14113.0,4.566175649974035e-09
14114.0,3.4108251080192996e-07
14115.0,2.8479683575522153e-07
14116.0,3.6012080099431595e-07
14117.0,7.70813630302066e-08
14118.0,6.098510351081779e-07
14119.0,5.997957070634664e-07
14120.0,2.7584040008059374e-07
14121.0,1.811732328916524e-07
14122.0,3.990331131355596e-08
14123.0,8.800406230601442e-10
14124.0,8.148649009416418e-07
14125.0,7.043798128864041e-07
14126.0,6.001016845830621e-06
14127.0,4.759793889225002e-09
14128.0,2.116940803959648e-06
14129.0,2.448204204708449e-10
14130.0,1.8908659997110143e-06
14131.0,9.138993198003662e-09
14132.0,1.5510015530174727e-07
14133.0,2.2190394114249868e-07
14134.0,9.695992576072692e-07
14135.0,6.369542588025297e-08
14136.0,4.4530268193473656e-08
14137.0,1.7748613426872676e-06
14138.0,3.6877765002477227e-10
14139.0,5.315668516658768e-07
14140.0,5.325190072447348e-07
14141.0,1.519407937750966e-07
14142.0,5.736290254353333e-07
14143.0,4.3977255656659134e-10
14144.0,3.4139017102726054e-07
14145.0,5.907644869821726e-07
14146.0,8.646483842578133e-09
14147.0,1.3919182032168913e-09
14148.0,4.8398003309917674e-05
14149.0,5.530114795668761e-08
14150.0,1.0672953129201007e-07
14151.0,2.653362830167719e-07
14152.0,4.645710763566451e-09
14153.0,7.944385178964964e-09
14154.0,2.0343624596415088e-08
14155.0,7.326697642256325e-06
14156.0,1.2889044182347905e-11
14157.0,7.505281899456176e-10
14158.0,1.3974749212384423e-08
14159.0,5.5908399340106874e-08
14160.0,1.3886978911183153e-08
14161.0,1.9315511717668847e-10
14162.0,1.7847916069215213e-09
14163.0,9.456277516102467e-11
14164.0,3.71411307408344e-08
14165.0,3.889605257140908e-05
14166.0,7.775410509856586e-08
14167.0,1.0423618944696823e-07
14168.0,2.1537153749074274e-07
14169.0,7.165682425583231e-09
14170.0,1.0739181653851477e-07
14171.0,8.128131048200013e-07
14172.0,7.421993697828221e-09
14173.0,3.402898627612571e-09
14174.0,4.286155189716934e-10
14175.0,4.9415684351758373e-11
14176.0,4.2873290125649446e-08
14177.0,4.919779844310495e-08
14178.0,2.4048579650239695e-08
14179.0,4.219136046680633e-08
14180.0,1.5797867039177924e-07
14181.0,2.1062304561071107e-07
14182.0,3.236069023120894e-08
14183.0,2.4730443184448876e-07
14184.0,1.3823658894958785e-08
14185.0,6.74566675161026e-08
14186.0,2.802406508547516e-08
14187.0,8.418424409063808e-09
14188.0,6.786795533049077e-05
14189.0,3.251932027440909e-06
14190.0,0.0003801873698786232
14191.0,1.4178321084083216e-05
14192.0,1.4275018100183351e-05
14193.0,2.7683199526857117e-09
14194.0,4.387087746304669e-08
14195.0,1.0138904920551743e-09
14196.0,2.1731189699144526e-06
14197.0,4.334545361266398e-06
14198.0,4.786173319565773e-07
14199.0,3.405561063161857e-09
14200.0,1.9865751005089064e-07
14201.0,2.9208896082033044e-08
14202.0,4.1756718701288635e-07
14203.0,3.062689789781486e-07
14204.0,1.4318016588050443e-08
14205.0,4.923018551171457e-08
14206.0,9.070084476442594e-05
14207.0,1.1600928767425467e-08
14208.0,8.571778606203923e-08
14209.0,2.4240826900356113e-09
14210.0,3.0644618065305643e-07
14211.0,1.853069691441556e-07
14212.0,7.529029140855425e-07
14213.0,7.705530874522543e-09
14214.0,1.8402085554405848e-09
14215.0,4.913422240390999e-09
14216.0,8.340598896494883e-09
14217.0,2.6662038603653855e-09
14218.0,7.560074994862275e-08
14219.0,1.7245014270963402e-08
14220.0,4.403375019472992e-08
14221.0,1.0794362448505466e-08
14222.0,5.708055356810976e-07
14223.0,5.123543496376747e-08
14224.0,1.1225152227617393e-06
14225.0,2.406131431651976e-07
14226.0,2.7475449895762108e-08
14227.0,1.249908892448794e-09
14228.0,1.301045353048208e-10
14229.0,5.6101692150968875e-08
14230.0,7.755601610799702e-09
14231.0,5.366542856914215e-08
14232.0,1.3832388153288478e-05
14233.0,4.2771625988658565e-09
14234.0,2.342621018294756e-06
14235.0,5.991315231486552e-09
14236.0,8.689192199969212e-08
14237.0,8.987152865925322e-06
14238.0,1.3983662344249048e-09
14239.0,3.740980261834199e-07
14240.0,1.1294181760617973e-07
14241.0,1.0966588207923695e-09
14242.0,8.799779367451627e-07
14243.0,1.204975559485189e-07
14244.0,1.4907601125198767e-09
14245.0,1.8102120628843417e-07
14246.0,2.251145997363003e-06
14247.0,4.682448276043994e-06
14248.0,1.1126986515187391e-07
14249.0,4.385919551849007e-09
14250.0,7.158183448991467e-09
14251.0,6.387369933001339e-09
14252.0,1.0818893883617764e-07
14253.0,1.3249509206984156e-07
14254.0,8.782648679951859e-06
14255.0,6.061653667577664e-07
14256.0,1.3311977024843512e-09
14257.0,3.6475241139004417e-09
14258.0,8.179728644802343e-06
14259.0,4.317750559621354e-07
14260.0,3.8347529110251614e-08
14261.0,2.9681253360500683e-07
14262.0,7.439527910187775e-09
14263.0,5.968894722130571e-08
14264.0,0.00010383177846720312
14265.0,4.8412582605641814e-09
14266.0,1.0218852364249613e-08
14267.0,4.5431836470366574e-08
14268.0,4.484960859621592e-08
14269.0,2.359947268680707e-08
14270.0,4.52031786906969e-09
14271.0,2.1891606592965055e-07
14272.0,3.3394812145585456e-07
14273.0,1.7662287848804616e-07
14274.0,4.261635201220285e-09
14275.0,1.1080234756563196e-06
14276.0,8.289997132349847e-07
14277.0,2.2298493144207204e-08
14278.0,5.7554673717335315e-08
14279.0,5.013720035978915e-09
14280.0,4.2235055565726963e-10
14281.0,4.7514892756354025e-08
14282.0,8.809425618831347e-08
14283.0,6.986163234095502e-07
14284.0,6.929403585492811e-05
14285.0,3.014870117485831e-07
14286.0,2.6167664906625797e-09
14287.0,5.20527817085506e-10
14288.0,1.1246198218366297e-08
14289.0,4.657741638108617e-08
14290.0,6.474514778523176e-08
14291.0,4.985113474901352e-10
14292.0,1.9130804809803226e-07
14293.0,5.415059641855405e-07
14294.0,4.7304373465429174e-08
14295.0,2.8477122563783713e-09
14296.0,2.24072865741989e-08
14297.0,4.2300563824143635e-05
14298.0,8.472519887458053e-09
14299.0,2.1339757836400602e-10
14300.0,5.9543801252678934e-08
14301.0,3.9885944509361305e-11
14302.0,1.6894708731222973e-08
14303.0,2.165556355024028e-09
14304.0,3.3874195456551758e-06
14305.0,3.010290755178131e-07
14306.0,2.718015025359489e-07
14307.0,1.3431164873871286e-08
14308.0,2.9804423485300865e-06
14309.0,3.3855025812262883e-07
14310.0,1.2258215085279828e-08
14311.0,6.798211302113324e-08
14312.0,1.3537921773874465e-09
14313.0,8.303706226397402e-08
14314.0,8.705646957086431e-09
14315.0,7.807230706568953e-09
14316.0,6.080652678562787e-07
14317.0,2.0743174214015168e-08
14318.0,2.5208291706403597e-08
14319.0,1.6235152491110214e-06
14320.0,3.626360744128627e-08
14321.0,1.9332776662612667e-10
14322.0,3.724676380026208e-08
14323.0,1.1852939957349014e-08
14324.0,2.1192148485770986e-08
14325.0,3.866546265207606e-06
14326.0,3.833642046630065e-09
14327.0,8.08831225825555e-10
14328.0,3.323910912664005e-10
14329.0,4.741690400760778e-09
14330.0,3.805541771380281e-08
14331.0,4.8043444371404795e-08
14332.0,3.685834596378393e-10
14333.0,5.680909837274797e-10
14334.0,6.566333616478381e-10
14335.0,2.1636226978055635e-06
14336.0,5.429032818140812e-10
14337.0,2.640536912866885e-07
14338.0,1.3333843867159524e-08
14339.0,1.054889692024097e-09
14340.0,6.844050025171844e-07
14341.0,1.5447495172677578e-07
14342.0,3.138799624410347e-05
14343.0,1.0137794226273162e-07
14344.0,1.4921852625556057e-07
14345.0,2.0340411527994323e-07
14346.0,2.539888700088209e-08
14347.0,1.1869720718363086e-07
14348.0,6.6413619042474816e-09
14349.0,3.450958384182976e-05
14350.0,3.444343557947527e-07
14351.0,2.3155792836729785e-06
14352.0,6.769925685084496e-07
14353.0,1.7186377949537315e-08
14354.0,4.1859354473886486e-07
14355.0,3.0889571405918186e-07
14356.0,1.3357623851464762e-09
14357.0,2.496446990803406e-09
14358.0,7.297794277737232e-09
14359.0,5.673917959816143e-07
14360.0,2.607746465476165e-10
14361.0,1.972977160340665e-08
14362.0,2.979973598231985e-07
14363.0,2.8430611818087524e-07
14364.0,9.85219753594819e-10
14365.0,1.9342566004231972e-09
14366.0,7.3997675590978845e-09
14367.0,5.738141311610184e-09
14368.0,7.950057401224735e-09
14369.0,1.1536488552761892e-09
14370.0,2.5607470440852806e-08
14371.0,2.3028827387704842e-08
14372.0,4.7030382330058565e-07
14373.0,3.086429880706639e-08
14374.0,1.8394376234307576e-09
14375.0,1.0592276440306884e-08
14376.0,1.1384877654289129e-06
14377.0,2.858529002117495e-10
14378.0,7.871158098690901e-08
14379.0,1.539888995875252e-08
14380.0,2.9391213700315667e-08
14381.0,2.114084376165447e-09
14382.0,5.421850347565276e-09
14383.0,3.9975101804163486e-08
14384.0,1.916174557864401e-06
14385.0,1.194937991181495e-08
14386.0,2.495158187651399e-06
14387.0,2.9834395809454137e-08
14388.0,0.0073914201974377486
14389.0,1.7461170478150556e-06
14390.0,4.168364870040422e-08
14391.0,2.9185912328723836e-06
14392.0,2.4411993111601068e-06
14393.0,1.806851401070245e-07
14394.0,2.174784026711713e-06
14395.0,4.135108888747203e-09
14396.0,5.514374511080813e-06
14397.0,2.516958810983198e-08
14398.0,4.264563891321129e-08
14399.0,6.419842655753329e-08
14400.0,4.680771035146842e-09
14401.0,3.101346529772826e-07
14402.0,2.4604726484744977e-09
14403.0,3.613517627557893e-07
14404.0,6.804010571732316e-08
14405.0,1.4684720106030335e-07
14406.0,1.5402105863057992e-07
14407.0,3.525556065809138e-05
14408.0,0.0008139104408643546
14409.0,1.1466702380236249e-08
14410.0,9.950895063368824e-07
14411.0,4.642351740516014e-06
14412.0,5.1145271616058004e-08
14413.0,3.737013523836547e-08
14414.0,1.8465246369924725e-08
14415.0,1.5958034123835655e-08
14416.0,2.487303673275118e-10
14417.0,1.0718767409206356e-05
14418.0,1.239198973972196e-08
14419.0,3.2295038404857294e-09
14420.0,3.6310594720226664e-07
14421.0,2.9018487590857037e-09
14422.0,2.7277158553983232e-08
14423.0,8.475131009897962e-06
14424.0,2.762154352838748e-06
14425.0,3.2107364979522826e-07
14426.0,1.1235107523396137e-05
14427.0,3.783647157294078e-07
14428.0,7.812583826018339e-09
14429.0,1.743567975572806e-08
14430.0,4.175977979683597e-08
14431.0,2.5061679137622663e-07
14432.0,9.240795576656416e-09
14433.0,2.6005946705915304e-08
14434.0,4.045549724680362e-08
14435.0,3.3109554906337906e-08
14436.0,6.169328832509648e-09
14437.0,3.7199992518844016e-08
14438.0,6.031664684409568e-09
14439.0,4.374227376082131e-06
14440.0,1.3557096748629207e-08
14441.0,7.497564112537049e-08
14442.0,7.000240156011909e-10
14443.0,8.470476222274129e-08
14444.0,6.299914665290922e-07
14445.0,5.715145533007236e-06
14446.0,2.3999722126534456e-06
14447.0,5.799615825743104e-07
14448.0,4.231296433800857e-07
14449.0,1.0143817542469448e-07
14450.0,1.9377205161918184e-08
14451.0,1.0744402609727193e-06
14452.0,5.480748657699064e-09
14453.0,8.532282256999653e-09
14454.0,1.19050645596005e-08
14455.0,3.55421720245025e-06
14456.0,2.9401587934046794e-08
14457.0,2.532867693562754e-08
14458.0,4.067053797740837e-08
14459.0,2.337002953721703e-08
14460.0,4.940855634814536e-08
14461.0,1.1248105289156772e-08
14462.0,7.426491331000219e-09
14463.0,9.689035980657402e-08
14464.0,2.2483362176609552e-08
14465.0,2.0678134480187226e-07
14466.0,1.0822297162236917e-06
14467.0,2.622479802605757e-06
14468.0,4.7629839570796915e-06
14469.0,4.300126841649723e-08
14470.0,1.9954055529622063e-07
14471.0,1.985290811622803e-06
14472.0,9.198727192587487e-08
14473.0,4.679979342854139e-08
14474.0,2.503320466767351e-07
14475.0,8.646885893218267e-07
14476.0,1.0756233921539281e-08
14477.0,3.943023148495736e-08
14478.0,4.0124174246386886e-10
14479.0,1.0629603552344557e-08
14480.0,7.699456677483475e-08
14481.0,0.00023673585749144714
14482.0,1.5021858547151215e-09
14483.0,7.486831365351535e-09
14484.0,4.642115195209657e-11
14485.0,1.089648631901923e-08
14486.0,2.432280949906649e-09
14487.0,7.037410609740711e-07
14488.0,2.4012185988454365e-08
14489.0,6.068671527464297e-09
14490.0,2.6701678921113562e-08
14491.0,7.91877960047997e-07
14492.0,4.917702453262451e-09
14493.0,1.5674142865248663e-08
14494.0,3.627434802358271e-10
14495.0,7.758482738850791e-07
14496.0,2.957797871596058e-06
14497.0,7.108804547971125e-06
14498.0,1.3274867275605941e-08
14499.0,1.6226139760890942e-09
14500.0,1.0595325010270599e-07
14501.0,5.814830393093241e-06
14502.0,7.174476978891532e-07
14503.0,5.105260859879714e-08
14504.0,1.78495884093428e-07
14505.0,2.990937312506869e-08
14506.0,5.830047771441785e-09
14507.0,1.9890419137459656e-07
14508.0,4.162696070381848e-08
14509.0,2.2065098143187188e-10
14510.0,1.1402412346674033e-06
14511.0,2.4096495642840144e-06
14512.0,3.1313428357838563e-10
14513.0,1.709945061621074e-10
14514.0,6.784790411993179e-06
14515.0,3.948287425103808e-07
14516.0,3.73113477799157e-07
14517.0,2.3889981872469283e-07
14518.0,3.7991218916706064e-07
14519.0,2.969646055665346e-07
14520.0,2.7975371305659538e-11
14521.0,1.2080576738183137e-07
14522.0,9.370011617780318e-09
14523.0,1.8590340757050542e-07
14524.0,2.2714997463667127e-06
14525.0,9.849336642525244e-10
14526.0,2.4503773321906655e-08
14527.0,1.8218470866446132e-06
14528.0,1.049997376734627e-07
14529.0,1.3111581186785166e-07
14530.0,2.7721980980405173e-07
14531.0,1.8541147185281835e-06
14532.0,7.232354922116978e-08
14533.0,1.2186479523758185e-08
14534.0,1.3832848179718347e-08
14535.0,4.3060538536810903e-07
14536.0,1.310211339317592e-08
14537.0,1.863249277548595e-08
14538.0,1.2264452940978017e-08
14539.0,1.0431975991369802e-05
14540.0,4.332120939026448e-07
14541.0,9.985885692114959e-07
14542.0,6.142512188831916e-07
14543.0,1.13213080517069e-06
14544.0,3.209473626949283e-07
14545.0,2.273087675386676e-06
14546.0,1.1811684398151152e-06
14547.0,3.5974468745845557e-06
14548.0,2.425836328917364e-07
14549.0,1.4539420409470908e-06
14550.0,2.024776328453136e-10
14551.0,8.917286411982019e-07
14552.0,5.373554876761825e-07
14553.0,2.5009306006510038e-08
14554.0,1.6545060448563144e-09
14555.0,3.939154277193265e-06
14556.0,1.4828459236461236e-09
14557.0,2.82456686583411e-07
14558.0,1.2060401718442876e-08
14559.0,3.633767655877315e-06
14560.0,6.245032491614971e-08
14561.0,8.190394549637906e-07
14562.0,1.8251101051962027e-06
14563.0,1.4122013591443716e-07
14564.0,1.459726988800874e-09
14565.0,1.039049203650075e-08
14566.0,4.138062566950292e-09
14567.0,2.0173709038616995e-08
14568.0,3.674508889172833e-07
14569.0,3.087173880373237e-07
14570.0,1.8388919686115571e-06
14571.0,9.596297572465132e-06
14572.0,2.3561754811834356e-10
14573.0,2.697119801974445e-05
14574.0,3.1094384828014108e-06
14575.0,1.610532550258524e-09
14576.0,4.550828802656616e-09
14577.0,0.00011438013469419097
14578.0,7.557411205879772e-09
14579.0,3.112016582135678e-10
14580.0,4.25035817392872e-08
14581.0,2.2114917586898783e-08
14582.0,2.1483625505280528e-07
14583.0,1.2531328241339528e-08
14584.0,5.675013943965964e-08
14585.0,1.3864365020368118e-07
14586.0,2.0537253446749939e-10
14587.0,1.840617494277281e-06
14588.0,4.806385988931427e-09
14589.0,6.280915154629609e-09
14590.0,6.704552331513597e-08
14591.0,4.940929531883389e-06
14592.0,5.316455976553264e-08
14593.0,3.2177293138096733e-06
14594.0,3.722846358238218e-08
14595.0,1.0251315123579382e-09
14596.0,2.543363132298164e-07
14597.0,4.1223431687042077e-10
14598.0,1.863014422663552e-08
14599.0,1.04232556763348e-06
14600.0,2.1969006160198278e-10
14601.0,6.191418918834574e-10
14602.0,2.721274797589278e-06
14603.0,5.8247791381073614e-08
14604.0,1.0142746974755118e-08
14605.0,4.4051279066702794e-08
14606.0,6.545407076506562e-09
14607.0,1.0753018330568822e-06
14608.0,1.0010473986754022e-09
14609.0,2.2964006917583326e-07
14610.0,1.2348859793320353e-05
14611.0,2.5882584763148733e-07
14612.0,9.311296125929905e-09
14613.0,3.184746931247584e-09
14614.0,1.1421603973154025e-06
14615.0,4.2370053054698056e-07
14616.0,1.5262890027663428e-08
14617.0,2.474243353718412e-07
14618.0,4.8174437422433325e-06
14619.0,8.399626500771295e-07
14620.0,1.25402944710202e-08
14621.0,1.4866382376088047e-08
14622.0,2.7888444509440085e-06
14623.0,3.9299439911794595e-07
14624.0,4.3742401819608007e-08
14625.0,2.8935127770706135e-08
14626.0,3.6868794098916843e-06
14627.0,5.09097972061484e-09
14628.0,6.286546237045449e-09
14629.0,2.439135999576768e-06
14630.0,3.0323026567423e-10
14631.0,6.383113080187935e-07
14632.0,8.841467667246992e-10
14633.0,3.3937186387798907e-07
14634.0,9.65794362136088e-09
14635.0,3.699732369994362e-08
14636.0,4.778115926005358e-09
14637.0,1.8785449255714754e-09
14638.0,6.031927380680083e-07
14639.0,1.5509743962767808e-07
14640.0,6.846700959795385e-07
14641.0,2.2312332960848803e-09
14642.0,1.353782726306884e-06
14643.0,9.74150158618822e-07
14644.0,1.0119762191620943e-08
14645.0,3.2357807289705197e-06
14646.0,1.480358452818825e-05
14647.0,4.5868035814562757e-07
14648.0,2.6417215163641364e-07
14649.0,3.4821662714067607e-09
14650.0,7.147657565051834e-08
14651.0,8.209727038724114e-09
14652.0,2.8987047029472273e-07
14653.0,1.9004424014186425e-06
14654.0,1.3933950381052697e-08
14655.0,3.561344964905355e-08
14656.0,6.379735194394646e-08
14657.0,4.503996067442366e-08
14658.0,1.7201227540716192e-09
14659.0,3.596104615260763e-07
14660.0,2.9227356641353004e-08
14661.0,6.976631470823148e-10
14662.0,3.8463047262518595e-08
14663.0,1.1218965987013483e-07
14664.0,2.699354226515996e-08
14665.0,6.401029799080433e-06
14666.0,6.547947377812626e-07
14667.0,2.309665221739339e-06
14668.0,5.1258630643684296e-08
14669.0,6.242031393274279e-09
14670.0,2.5391829435875e-06
14671.0,8.048839964241976e-09
14672.0,2.20690496850846e-06
14673.0,4.15979385271609e-08
14674.0,7.065341564787505e-08
14675.0,4.575509619624727e-09
14676.0,1.4978828476906644e-07
14677.0,8.81764196426078e-10
14678.0,3.5223608563223404e-07
14679.0,1.022106849196679e-09
14680.0,1.157196608438195e-11
14681.0,6.995469396800042e-09
14682.0,5.232411403140323e-09
14683.0,2.325374153776423e-08
14684.0,2.4740102560161405e-06
14685.0,2.5543029206815035e-06
14686.0,1.6094682334220198e-06
14687.0,7.750645414782024e-09
14688.0,3.817725762710198e-08
14689.0,2.5906427395828465e-09
14690.0,2.6543331858439984e-10
14691.0,4.3135191227320317e-08
14692.0,2.9443471357530162e-09
14693.0,4.366214364723095e-09
14694.0,1.6126991298468984e-06
14695.0,1.7850591358100642e-09
14696.0,7.858173082508054e-11
14697.0,8.056063054401683e-08
14698.0,3.2612013365993683e-07
14699.0,3.3261260882851535e-08
14700.0,5.21005693137268e-09
14701.0,4.035296529909728e-10
14702.0,9.239537175350384e-06
14703.0,1.3070451575787154e-08
14704.0,3.1926494502052367e-07
14705.0,2.3690089028298663e-09
14706.0,1.352352740468609e-10
14707.0,1.682208787151157e-07
14708.0,1.1602048293809045e-06
14709.0,2.970564791228644e-08
14710.0,3.926149228572377e-07
14711.0,4.368679775232896e-07
14712.0,2.1635643197785076e-09
14713.0,3.113863592707502e-08
14714.0,8.320333737498274e-08
14715.0,2.410462705827505e-07
14716.0,1.428610634914353e-10
14717.0,3.182439023577112e-08
14718.0,9.586454643887033e-08
14719.0,3.060543181426304e-08
14720.0,2.603578266725087e-08
14721.0,1.4356548500491101e-09
14722.0,1.0390121514516254e-08
14723.0,4.285870226429379e-08
14724.0,1.6780376619641015e-09
14725.0,3.8577501476421754e-08
14726.0,2.8576186721039566e-08
14727.0,1.6827486776867101e-09
14728.0,4.1963344964159694e-09
14729.0,1.1127955492975542e-09
14730.0,4.454746638823172e-06
14731.0,1.632016592820075e-07
14732.0,7.675891654049738e-08
14733.0,4.101930242527794e-08
14734.0,2.636644390302931e-09
14735.0,2.8725462076565e-06
14736.0,3.076271705522501e-09
14737.0,3.827551045897031e-05
14738.0,1.0400633688808322e-06
14739.0,3.3834028222439535e-07
14740.0,5.834067217158705e-10
14741.0,2.382798630795049e-06
14742.0,7.532550086603849e-09
14743.0,2.473256898151802e-06
14744.0,2.9426867608049758e-08
14745.0,1.1875520491707148e-09
14746.0,6.56412977636719e-09
14747.0,2.4521901933453424e-07
14748.0,3.59695632750326e-07
14749.0,3.839065428360406e-08
14750.0,1.3415369421618845e-08
14751.0,6.164994436865651e-08
14752.0,4.468765391465627e-07
14753.0,9.818690949911285e-07
14754.0,1.2400333394553642e-06
14755.0,1.1022777439447996e-07
14756.0,3.5986670248005024e-08
14757.0,8.617549259208364e-07
14758.0,1.9750923488172654e-06
14759.0,8.714110404094138e-08
14760.0,1.1323291908765239e-10
14761.0,1.9701911908745143e-06
14762.0,3.880532722813955e-10
14763.0,1.0775431955349178e-07
14764.0,4.048966805567836e-07
14765.0,1.902497204254297e-09
14766.0,1.6297776080454689e-06
14767.0,5.432549973136821e-07
14768.0,4.229953039327185e-08
14769.0,4.853193739673644e-08
14770.0,5.926404746224847e-08
14771.0,1.5871071406008934e-08
14772.0,2.7826014381191453e-08
14773.0,5.7110095351195226e-08
14774.0,2.0911825348565955e-07
14775.0,3.9439237430007874e-07
14776.0,5.114832464575071e-08
14777.0,1.194445048315133e-06
14778.0,3.7561364999081155e-09
14779.0,1.5065237549917183e-06
14780.0,9.354651903811562e-07
14781.0,2.0202284133131445e-06
14782.0,2.8149741514492736e-07
14783.0,1.8901367607772736e-07
14784.0,1.6885082158251335e-10
14785.0,3.329308389862244e-09
14786.0,4.209440707313965e-09
14787.0,4.046395432217674e-06
14788.0,5.771240081925189e-08
14789.0,2.3518999070607796e-08
14790.0,4.7465761586839364e-08
14791.0,6.938127556328149e-09
14792.0,6.506001577669524e-07
14793.0,7.440472479753715e-09
14794.0,1.5339842967365e-05
14795.0,4.2848607159781175e-07
14796.0,1.5596506961844818e-08
14797.0,2.990604976875972e-06
14798.0,3.0823381240501557e-09
14799.0,3.0170332276490994e-08
14800.0,0.00022231166917479454
14801.0,1.2416770035881013e-06
14802.0,4.852466289922068e-09
14803.0,1.0028233417480984e-08
14804.0,7.661947553573002e-08
14805.0,7.382099843764733e-07
14806.0,7.538225546774457e-08
14807.0,2.508182371554248e-09
14808.0,2.177990850818979e-08
14809.0,5.114517953718191e-09
14810.0,1.1364334888577074e-06
14811.0,3.027565761952071e-08
14812.0,1.5615852615930164e-10
14813.0,1.21654813806322e-08
14814.0,3.729104695222897e-09
14815.0,3.792689883933246e-07
14816.0,0.00015198372149328638
14817.0,1.306015496155829e-08
14818.0,2.564123437980578e-08
14819.0,3.3776471679821636e-07
14820.0,7.707154088577751e-08
14821.0,7.476269465572804e-07
14822.0,7.153681185860025e-07
14823.0,2.2025252685083554e-08
14824.0,1.286116905445116e-08
14825.0,1.1737068454080927e-07
14826.0,8.021381489821479e-08
14827.0,6.198852868123418e-08
14828.0,1.1872799289646159e-08
14829.0,1.81870307196581e-07
14830.0,1.183477334495779e-06
14831.0,2.5446641360150625e-07
14832.0,3.002561771701382e-07
14833.0,2.5017493789535553e-07
14834.0,2.79994281204375e-07
14835.0,4.346283476809014e-08
14836.0,3.740235649716349e-08
14837.0,3.3009656553601986e-08
14838.0,7.3523625668169345e-06
14839.0,3.383598075920052e-08
14840.0,1.455424886491552e-07
14841.0,1.1627372807096593e-08
14842.0,6.663077985703994e-11
14843.0,4.793228271511911e-06
14844.0,6.9250311549525735e-09
14845.0,1.0046993575832356e-07
14846.0,6.235895656771315e-09
14847.0,9.210767334740879e-07
14848.0,1.3649615863216943e-09
14849.0,7.269165458424033e-09
14850.0,6.420629035641135e-08
14851.0,4.603797322335027e-08
14852.0,1.911845913096644e-09
14853.0,4.3923887486809156e-07
14854.0,1.7994769412538453e-07
14855.0,3.4026174416006e-08
14856.0,2.6538439101838596e-08
14857.0,6.598718031773819e-06
14858.0,3.3500682401994524e-07
14859.0,1.0554850091647988e-07
14860.0,2.2561927792737013e-09
14861.0,6.263297296514779e-07
14862.0,4.870723947670615e-10
14863.0,1.9442978641690114e-07
14864.0,1.3688221035380957e-07
14865.0,1.1096980703878976e-06
14866.0,1.0956156257792627e-06
14867.0,1.7620070713185413e-06
14868.0,1.7903420921071362e-08
14869.0,1.6973215810708803e-05
14870.0,2.9161829570822228e-08
14871.0,1.3039918079034713e-06
14872.0,6.29075260654628e-05
14873.0,4.167277726168291e-05
14874.0,1.1152728347483029e-10
14875.0,9.25808451025656e-06
14876.0,1.8180625702596444e-08
14877.0,1.0157773647157136e-08
14878.0,2.8363935414835957e-07
14879.0,3.2616697144366335e-07
14880.0,5.640512064372006e-10
14881.0,1.972178682219145e-06
14882.0,3.240838377925535e-07
14883.0,3.73255910661891e-09
14884.0,4.004419015291417e-08
14885.0,1.2264396229638106e-05
14886.0,1.0587671154091816e-07
14887.0,1.3830335252472849e-08
14888.0,2.6817449824642228e-06
14889.0,8.036108220698256e-06
14890.0,7.20248665854344e-09
14891.0,2.7574043313592496e-10
14892.0,5.612926465695383e-08
14893.0,3.1665081988288656e-09
14894.0,2.176081720055293e-09
14895.0,2.200914212855377e-08
14896.0,5.571174153130125e-08
14897.0,1.1895154678241128e-08
14898.0,9.901070380566721e-08
14899.0,1.6271952257926295e-06
14900.0,4.4164359775707826e-07
14901.0,1.2764763569512896e-09
14902.0,1.8500379411030576e-06
14903.0,1.148964065823179e-08
14904.0,1.1302519117079114e-07
14905.0,1.5827267278830742e-07
14906.0,6.665041935654852e-06
14907.0,7.484775998668667e-08
14908.0,3.6542849877731096e-06
14909.0,3.730600329947052e-09
14910.0,7.198406683065087e-08
14911.0,3.5884572452484355e-08
14912.0,1.3377398294852375e-07
14913.0,3.264120499600355e-09
14914.0,8.171794334918935e-08
14915.0,1.0951073478393949e-09
14916.0,6.817797684396148e-10
14917.0,1.2934756906415667e-05
14918.0,1.7690081735068715e-08
14919.0,7.151081526545548e-08
14920.0,1.1752136295130092e-08
14921.0,3.346035349215375e-06
14922.0,2.8207573269754103e-08
14923.0,1.1410712107528399e-08
14924.0,4.409806866426398e-09
14925.0,2.4957091366303675e-07
14926.0,9.481930161780992e-07
14927.0,7.99085611172604e-09
14928.0,6.635809076992018e-08
14929.0,4.8815365737547955e-08
14930.0,1.207519297873552e-09
14931.0,3.5172474808324518e-09
14932.0,3.9713643839321087e-07
14933.0,4.1203610756825875e-08
14934.0,4.997617305566672e-07
14935.0,1.0899988405701123e-09
14936.0,8.619782677756283e-08
14937.0,6.41800759862248e-10
14938.0,6.050833478661725e-08
14939.0,2.7128983874376063e-09
14940.0,6.714041793099217e-07
14941.0,1.1613540197088738e-09
14942.0,2.8496455457805524e-08
14943.0,5.048466908755675e-07
14944.0,1.2285200136662984e-06
14945.0,3.6257185391162793e-06
14946.0,5.371052528267472e-10
14947.0,7.166656449949351e-09
14948.0,1.3268296537924613e-08
14949.0,9.371448243722475e-08
14950.0,9.829747623250949e-08
14951.0,2.7882464364580996e-07
14952.0,5.901159819736372e-07
14953.0,5.5296098483028855e-08
14954.0,4.405273837015685e-08
14955.0,7.411860442297218e-06
14956.0,2.330005186559648e-05
14957.0,1.1292312111676945e-06
14958.0,2.816315969427761e-06
14959.0,5.219155809753216e-07
14960.0,1.0648163521793987e-07
14961.0,4.774160438798579e-09
14962.0,1.6404313567684862e-08
14963.0,5.263605566720432e-07
14964.0,1.4357326256346017e-07
14965.0,3.5614728135875568e-09
14966.0,5.044877192285113e-08
14967.0,4.97575494613086e-07
14968.0,1.2876367226293774e-08
14969.0,5.0178097574642215e-08
14970.0,4.7448539027935695e-08
14971.0,7.57797025740194e-05
14972.0,1.7293934658166332e-09
14973.0,1.1867211404715645e-07
14974.0,1.4104165795892248e-07
14975.0,7.418617149924746e-06
14976.0,1.5922279348402136e-08
14977.0,2.4576828183375144e-07
14978.0,2.493829045227492e-09
14979.0,5.107710597105828e-06
14980.0,9.164255967555006e-07
14981.0,1.1684909372100077e-07
14982.0,1.0372472067920683e-05
14983.0,2.8932946372726004e-08
14984.0,6.747013398611011e-07
14985.0,9.358205377644852e-08
14986.0,2.7739700678432665e-07
14987.0,2.6336985989346692e-09
14988.0,2.0348069228488373e-10
14989.0,1.8188729756340006e-08
14990.0,3.807076662212686e-09
14991.0,1.3219242440465616e-08
14992.0,1.6597020254017728e-09
14993.0,1.0903282420122768e-06
14994.0,2.1402774678618047e-05
14995.0,1.8644109226244125e-08
14996.0,1.2678599014474476e-06
14997.0,2.7820733243842696e-07
14998.0,1.847765178742815e-09
14999.0,4.944089932689988e-08
15000.0,1.2495106471243204e-07
15001.0,5.246820803633197e-08
15002.0,7.406210897302653e-07
15003.0,3.3269401164602873e-07
15004.0,3.101344887913153e-06
15005.0,3.746456068340827e-06
15006.0,1.644077765267289e-08
15007.0,2.361838741562626e-06
15008.0,2.2604042238157754e-08
15009.0,7.727637219958644e-09
15010.0,3.2742199287159217e-07
15011.0,2.593254839833407e-07
15012.0,6.521949933255887e-08
15013.0,1.1761123971519078e-06
15014.0,9.972518125136013e-10
15015.0,9.117343372690164e-09
15016.0,1.1572424348914277e-07
15017.0,1.7702416876782556e-05
15018.0,4.5122498915459927e-07
15019.0,9.992728417608278e-09
15020.0,2.9089062348293203e-09
15021.0,1.666086806494491e-08
15022.0,3.0641439894777594e-08
15023.0,9.261999005104864e-10
15024.0,1.7849846157186215e-06
15025.0,8.86956366165776e-07
15026.0,4.71686758361281e-06
15027.0,1.9460454165017824e-06
15028.0,1.5997827550875683e-06
15029.0,3.7841567604251707e-06
15030.0,6.88788343124497e-06
15031.0,8.409767172963959e-07
15032.0,9.727310627322983e-10
15033.0,1.0515596691143983e-06
15034.0,1.4100457805771392e-08
15035.0,6.82304208966758e-08
15036.0,4.985803842959666e-07
15037.0,5.722480322180655e-07
15038.0,8.330307350153599e-07
15039.0,5.643729526515492e-09
15040.0,2.2561306858182198e-08
15041.0,7.74453546198074e-08
15042.0,6.623101244167673e-07
15043.0,9.055144403897704e-09
15044.0,9.455137279951608e-08
15045.0,7.727413704505248e-08
15046.0,1.0378356588681588e-06
15047.0,2.9239158742225083e-08
15048.0,9.316145060904399e-05
15049.0,1.592657002211438e-08
15050.0,1.6074003533212428e-09
15051.0,3.778252783911406e-09
15052.0,4.644362906038307e-11
15053.0,2.0978801739278994e-06
15054.0,1.4588329064938139e-07
15055.0,3.471087944974593e-07
15056.0,1.3586477626690777e-07
15057.0,3.571872775374775e-08
15058.0,6.047401342301016e-08
15059.0,2.619840946556873e-09
15060.0,9.696941747650739e-11
15061.0,3.4783536413645726e-06
15062.0,2.0358972829784638e-07
15063.0,4.7192721893026464e-08
15064.0,1.0946125517793615e-06
15065.0,3.1849878573048775e-10
15066.0,1.1152829065999283e-09
15067.0,8.533776844969862e-06
15068.0,5.947585488417087e-09
15069.0,1.7950751152892593e-10
15070.0,3.9610781290226333e-07
15071.0,3.2385030180177445e-07
15072.0,4.7508897876855616e-08
15073.0,1.023648192763139e-07
15074.0,2.0924092813314108e-07
15075.0,2.8778326962489194e-09
15076.0,1.431010511527234e-06
15077.0,4.498246088553701e-08
15078.0,1.835888541682616e-07
15079.0,1.1004579178270256e-06
15080.0,6.998740078652562e-07
15081.0,4.8023236966408646e-09
15082.0,4.081287475849358e-08
15083.0,5.687976108996175e-10
15084.0,2.7986394265938864e-06
15085.0,2.273599300110096e-09
15086.0,1.3783019149066688e-08
15087.0,1.2136237785141027e-09
15088.0,2.2555625672795916e-07
15089.0,5.229881114736008e-09
15090.0,5.904496473939402e-08
15091.0,3.429874497643112e-08
15092.0,4.345027432277045e-09
15093.0,5.41848248042908e-09
15094.0,7.889001480704522e-07
15095.0,6.20593961238698e-08
15096.0,3.800215754433037e-08
15097.0,8.235426715325846e-08
15098.0,9.97877477672338e-06
15099.0,9.054737706954223e-08
15100.0,1.5756819260848208e-09
15101.0,3.632418342485938e-08
15102.0,1.384050038290516e-07
15103.0,3.324601333836272e-05
15104.0,1.0168131765395704e-08
15105.0,1.3952157433929052e-05
15106.0,3.093832812110706e-08
15107.0,8.726216681377285e-09
15108.0,7.811377158573351e-09
15109.0,1.6660958987452672e-08
15110.0,2.874733993981586e-10
15111.0,1.8377501058813044e-07
15112.0,1.802159201553815e-07
15113.0,6.564494253544844e-08
15114.0,3.1510935054494123e-07
15115.0,8.251468023503552e-07
15116.0,1.975343805054789e-06
15117.0,6.78483280600681e-08
15118.0,3.508079134381904e-07
15119.0,1.4204314052960821e-06
15120.0,7.387780596514245e-06
15121.0,2.1127622557106282e-07
15122.0,1.3539125965339819e-06
15123.0,5.593613998459184e-07
15124.0,3.707842756842335e-05
15125.0,7.720859054599676e-09
15126.0,9.185140812957316e-07
15127.0,1.6792169921090606e-08
15128.0,1.6838904961490418e-07
15129.0,8.900259650872912e-07
15130.0,4.183309288166063e-08
15131.0,3.144906811516788e-08
15132.0,9.065201893131508e-09
15133.0,4.795084517081081e-07
15134.0,2.858084005625947e-05
15135.0,5.169340328508374e-08
15136.0,4.292560110962184e-10
15137.0,6.0792788965335375e-05
15138.0,0.00017574592434684073
15139.0,7.385039808081918e-06
15140.0,3.7568811734798944e-08
15141.0,6.246627323584468e-09
15142.0,2.241042216492356e-06
15143.0,9.76363282089205e-07
15144.0,9.90405651665644e-08
15145.0,1.625488073759866e-07
15146.0,3.370677015836038e-08
15147.0,8.698454567993075e-06
15148.0,3.697307387817492e-07
15149.0,4.3355351072568525e-08
15150.0,1.1624161278627755e-09
15151.0,2.454163746687485e-08
15152.0,9.996262469633845e-08
15153.0,2.0196355699808392e-08
15154.0,2.8509569914054926e-08
15155.0,3.049076128449179e-08
15156.0,5.130360817284436e-08
15157.0,4.083639514886529e-07
15158.0,7.896592589592151e-07
15159.0,2.202967292796012e-08
15160.0,2.7966297188800354e-07
15161.0,1.917427001660393e-10
15162.0,1.678875513762667e-06
15163.0,6.701405857587523e-08
15164.0,8.146050396437749e-08
15165.0,7.443303285871617e-10
15166.0,3.5577518419469685e-07
15167.0,3.4100850627508445e-08
15168.0,3.5153995392913736e-07
15169.0,2.4945281596615393e-05
15170.0,1.852624353284183e-08
15171.0,1.231018560606103e-07
15172.0,3.225995652450479e-08
15173.0,1.4448305085287983e-09
15174.0,4.131313070967262e-08
15175.0,3.0059446154080163e-07
15176.0,1.8234742109959194e-06
15177.0,2.2311096420493279e-07
15178.0,7.684006854081755e-09
15179.0,4.542824478320748e-05
15180.0,4.929875987911747e-08
15181.0,3.192354445859266e-08
15182.0,8.9542055947066e-09
15183.0,2.0181899128939165e-06
15184.0,4.471766616182752e-08
15185.0,7.701262512624689e-08
15186.0,1.2985291054304088e-08
15187.0,3.143304460699395e-07
15188.0,6.157870564142685e-10
15189.0,8.003840271576267e-08
15190.0,6.0104829874333795e-05
15191.0,1.8245220017941278e-07
15192.0,5.083892962885045e-07
15193.0,1.6702643263852015e-09
15194.0,2.817924895020584e-07
15195.0,1.8956212233646772e-06
15196.0,3.586029483497546e-08
15197.0,1.9428895684323273e-08
15198.0,2.1413225869680322e-07
15199.0,1.465082816600574e-09
15200.0,9.431928769804807e-08
15201.0,6.939351476971562e-07
15202.0,9.792489813687311e-08
15203.0,8.722375218988598e-07
15204.0,3.8559139358388555e-09
15205.0,7.163831185072206e-09
15206.0,4.10618250842309e-06
15207.0,1.9726344036431186e-06
15208.0,1.1587573250716123e-06
15209.0,4.565000138282395e-08
15210.0,5.975483193597428e-07
15211.0,9.57563974250771e-10
15212.0,9.636247794151556e-07
15213.0,1.4745107598888216e-07
15214.0,1.1688856805058299e-08
15215.0,7.062244728263777e-09
15216.0,1.993553823689474e-08
15217.0,7.611139028956837e-07
15218.0,3.2764202441162585e-08
15219.0,4.91345846511039e-07
15220.0,7.539275669795896e-09
15221.0,9.00545700435269e-05
15222.0,5.3012611154112183e-08
15223.0,1.1528260611321652e-07
15224.0,5.8156624667608865e-08
15225.0,4.919992207778386e-10
15226.0,5.961782449182705e-06
15227.0,2.996754487657527e-08
15228.0,1.0384354792002321e-08
15229.0,3.7517818155582667e-06
15230.0,4.990102241336941e-07
15231.0,7.173252752993853e-05
15232.0,1.7802628315419008e-06
15233.0,3.5402429349596103e-07
15234.0,2.0990407999583594e-09
15235.0,5.6070652555137904e-08
15236.0,1.653598052725957e-09
15237.0,1.3833775155071144e-06
15238.0,5.252683256062819e-09
15239.0,1.698660085542593e-08
15240.0,4.288290017294104e-08
15241.0,6.395851339601727e-07
15242.0,2.2360947095628274e-06
15243.0,2.084197113311743e-07
15244.0,2.8087054326219912e-06
15245.0,5.910213844274378e-10
15246.0,5.048486304309279e-07
15247.0,3.462527935619682e-08
15248.0,8.329129839349124e-07
15249.0,2.5474742947072937e-07
15250.0,3.209340778343965e-07
15251.0,3.3968010886924845e-06
15252.0,2.903510054499231e-07
15253.0,5.928042316471069e-08
15254.0,5.38495832115477e-07
15255.0,1.740505487348861e-08
15256.0,1.0025857896206602e-07
15257.0,7.289610765325194e-08
15258.0,3.768233806698335e-08
15259.0,8.692373073078984e-07
15260.0,6.801294248390402e-07
15261.0,5.279588811622142e-07
15262.0,1.4107012268837625e-06
15263.0,8.49069596956793e-09
15264.0,4.190284732631678e-07
15265.0,2.6573858801951835e-07
15266.0,2.4275882134950775e-10
15267.0,2.145743446596459e-08
15268.0,3.15349837232878e-07
15269.0,6.297125525320351e-06
15270.0,5.494925095972367e-09
15271.0,1.3556279622036127e-09
15272.0,7.333702760861662e-09
15273.0,7.68182709842554e-07
15274.0,3.6787225193014105e-08
15275.0,5.12817448887193e-07
15276.0,1.9580417041226312e-08
15277.0,9.397359521474027e-09
15278.0,2.0532193612111704e-05
15279.0,6.602981818385346e-08
15280.0,7.625892716587237e-08
15281.0,2.972528718747705e-09
15282.0,1.2850592739788565e-08
15283.0,9.571812817473527e-07
15284.0,4.084895763746452e-07
15285.0,5.748457321775017e-06
15286.0,3.1446648429261335e-10
15287.0,4.69830572873475e-08
15288.0,8.372138794371456e-08
15289.0,3.9619930324067e-07
15290.0,7.730469954620175e-08
15291.0,2.1825629355103604e-07
15292.0,3.225498929340239e-06
15293.0,8.300654041469131e-06
15294.0,2.9493848388102763e-06
15295.0,2.917073296505324e-07
15296.0,1.166752960791524e-06
15297.0,5.807580921552121e-09
15298.0,4.3485125499955314e-07
15299.0,1.18717571619393e-06
15300.0,3.773838249612483e-07
15301.0,6.811396237639222e-06
15302.0,2.6658720365493675e-07
15303.0,2.650832724622759e-08
15304.0,9.234685201558107e-09
15305.0,2.996853332957766e-08
15306.0,1.550127254495343e-10
15307.0,1.539423726853442e-06
15308.0,1.1334956840610419e-10
15309.0,1.715120810039791e-08
15310.0,2.9776619594214226e-09
15311.0,4.707838557008034e-07
15312.0,1.0649529018364422e-07
15313.0,6.0034286068945465e-09
15314.0,1.1970604149593885e-08
15315.0,1.0002871272634313e-07
15316.0,6.884074342057216e-07
15317.0,2.774876675813443e-08
15318.0,7.025559853475795e-08
15319.0,1.2390596379470721e-08
15320.0,7.615760373542939e-09
15321.0,7.285128125777682e-08
15322.0,7.55329495644628e-08
15323.0,1.1319754853255752e-07
15324.0,4.827236074248647e-08
15325.0,1.7845902295766995e-05
15326.0,9.78615612978557e-06
15327.0,5.005034871474492e-07
15328.0,1.2722417297646752e-06
15329.0,1.0591129102692442e-07
15330.0,4.998656838607156e-09
15331.0,1.1466719046503019e-05
15332.0,6.511232182212161e-08
15333.0,2.253536176002202e-07
15334.0,2.676653154095114e-07
15335.0,1.6110225260991608e-09
15336.0,2.489955758940918e-06
15337.0,3.958949170397244e-05
15338.0,5.3556513076311125e-08
15339.0,1.1766771545594308e-08
15340.0,1.8240762528795648e-09
15341.0,2.6095552712968996e-08
15342.0,7.76760987264383e-08
15343.0,1.7881867801432207e-09
15344.0,1.7703372116808873e-07
15345.0,1.3132333793722795e-08
15346.0,5.847618202905826e-07
15347.0,4.926281881656055e-08
15348.0,4.731285283277241e-08
15349.0,1.1988485193755806e-08
15350.0,1.984285111502459e-09
15351.0,1.174613691024682e-07
15352.0,6.903051306543468e-07
15353.0,4.18147147154104e-06
15354.0,8.489803167782466e-08
15355.0,1.1889175731134797e-09
15356.0,5.766611726911688e-07
15357.0,1.2861924011539786e-07
15358.0,6.93925215877126e-08
15359.0,8.596951885178097e-08
15360.0,5.650002025662966e-07
15361.0,1.1052824757172284e-08
15362.0,6.29958879185383e-08
15363.0,6.172316607187611e-06
15364.0,2.8542066726895347e-10
15365.0,1.2487113620837286e-07
15366.0,5.833650528678732e-09
15367.0,1.9285713847858843e-08
15368.0,1.5781487933609015e-06
15369.0,2.444152088803726e-07
15370.0,6.20234125727391e-06
15371.0,7.567423835489204e-07
15372.0,3.4036917152783056e-06
15373.0,1.637722389158699e-08
15374.0,1.1590876987280717e-06
15375.0,3.7466608774546957e-07
15376.0,9.53142254905942e-08
15377.0,6.224215464626787e-08
15378.0,2.47694549458954e-07
15379.0,1.5150706685078035e-09
15380.0,1.9741299029728105e-07
15381.0,2.3765167556467704e-05
15382.0,3.7863670205513397e-07
15383.0,8.95891629980917e-06
15384.0,5.646212453369058e-09
15385.0,8.753126936834607e-07
15386.0,3.6649487904407367e-06
15387.0,9.072559167462214e-08
15388.0,3.2652708363530594e-08
15389.0,1.4443966295364813e-09
15390.0,4.410914847479051e-11
15391.0,1.0833237508613024e-07
15392.0,5.902625752498538e-07
15393.0,1.1618461489808129e-08
15394.0,3.9597938453770193e-07
15395.0,6.729018766615811e-10
15396.0,2.544150855871934e-06
15397.0,1.6043220698053574e-08
15398.0,1.7787738806107036e-05
15399.0,6.1963078187527985e-06
15400.0,2.671716807868634e-07
15401.0,1.3698038998963509e-06
15402.0,1.0979264501530337e-08
15403.0,7.689762661114907e-05
15404.0,1.5244822048387865e-06
15405.0,1.0992747716352869e-06
15406.0,5.359465654994751e-09
15407.0,1.1228066414511575e-08
15408.0,2.0847478032544e-09
15409.0,6.926763284543273e-08
15410.0,1.739201880359068e-09
15411.0,1.74986644626292e-07
15412.0,1.5535777510688857e-06
15413.0,6.786208194863203e-07
15414.0,4.1299302002010434e-09
15415.0,1.0207573958616805e-07
15416.0,4.044313477630088e-09
15417.0,1.9793305564864525e-07
15418.0,5.612455889311491e-09
15419.0,2.68647525460924e-10
15420.0,2.0063986509858022e-08
15421.0,2.123724927309063e-09
15422.0,2.9819631567744786e-09
15423.0,5.436830686270068e-10
15424.0,3.5527780749998515e-08
15425.0,4.13890467528612e-07
15426.0,1.2681611363852474e-06
15427.0,2.8031422161575085e-09
15428.0,4.2262072455539455e-08
15429.0,6.2540153534707465e-09
15430.0,3.1541352719952716e-07
15431.0,2.9992834304296075e-07
15432.0,5.5573226365794545e-09
15433.0,6.396532370619018e-09
15434.0,1.2079296034045238e-05
15435.0,8.808453984708257e-08
15436.0,2.753507479660412e-06
15437.0,7.834395949926907e-06
15438.0,1.372431654269437e-07
15439.0,1.8395602962517389e-09
15440.0,1.0246449301032987e-09
15441.0,2.554155443086645e-07
15442.0,6.671253296645146e-08
15443.0,2.966840060370791e-09
15444.0,8.272903967350738e-09
15445.0,1.719168275006684e-08
15446.0,1.2642560797209802e-07
15447.0,8.061410568988854e-07
15448.0,2.817065672359173e-09
15449.0,1.9076425506444695e-07
15450.0,2.8052030525898023e-08
15451.0,7.056116242381073e-11
15452.0,2.9647006672055256e-08
15453.0,2.1997919907450835e-08
15454.0,5.758517388191088e-09
15455.0,3.4792823966205006e-09
15456.0,9.1338903952022e-09
15457.0,1.625799241880218e-08
15458.0,2.9281882279377793e-06
15459.0,1.5362839322452276e-07
15460.0,3.7554069176850764e-08
15461.0,1.7597131589668394e-07
15462.0,1.5662032331210442e-09
15463.0,2.3243806777526953e-08
15464.0,4.347917411278436e-08
15465.0,3.330987710940964e-09
15466.0,5.6815790484323245e-08
15467.0,3.013183465630706e-10
15468.0,1.5129821888572298e-10
15469.0,3.6182192065093347e-10
15470.0,9.523067697784056e-10
15471.0,3.2943232098897984e-07
15472.0,7.001250830947815e-11
15473.0,4.6410012647690996e-08
15474.0,4.383891246933058e-07
15475.0,3.029339753030498e-09
15476.0,5.636059090229979e-09
15477.0,1.8238135765513694e-10
15478.0,5.1185035727464824e-09
15479.0,4.587922277581167e-07
15480.0,7.462573359468072e-09
15481.0,1.1891850058967907e-07
15482.0,3.9912888705366083e-08
15483.0,2.550046936991255e-07
15484.0,6.842541346119987e-07
15485.0,2.5464973324313407e-06
15486.0,7.996471831984607e-09
15487.0,7.898359902982605e-11
15488.0,2.6166916361207434e-07
15489.0,3.932537329563084e-06
15490.0,2.0636393199598486e-08
15491.0,6.216679829166094e-07
15492.0,9.551042393207791e-08
15493.0,5.876926347174352e-08
15494.0,1.5192262605121918e-08
15495.0,5.19611726855218e-08
15496.0,5.259727601302263e-09
15497.0,2.0669300984129537e-07
15498.0,1.1702208611022986e-07
15499.0,3.040552045624847e-07
15500.0,2.551185800307135e-09
15501.0,6.961331171344668e-06
15502.0,2.8313410588479075e-07
15503.0,2.4055975473290726e-07
15504.0,6.22165634693966e-07
15505.0,8.733789470200109e-08
15506.0,8.173321301830054e-07
15507.0,1.64435828178333e-09
15508.0,2.4471514563546154e-08
15509.0,2.589647879364756e-06
15510.0,2.2131445432350946e-08
15511.0,1.1451709026531629e-07
15512.0,1.2830982665813233e-09
15513.0,1.0618524497273147e-08
15514.0,1.466346374770953e-09
15515.0,4.513454386833613e-10
15516.0,3.538951738926177e-10
15517.0,4.0200329850805446e-07
15518.0,4.49350133675733e-07
15519.0,2.3434643332943196e-06
15520.0,1.3176253059044226e-08
15521.0,6.846847122357784e-10
15522.0,2.5321410726018824e-07
15523.0,4.4565423200344575e-08
15524.0,2.6399008340364273e-09
15525.0,2.792472295544863e-09
15526.0,1.232109348962985e-08
15527.0,8.48746791780386e-09
15528.0,2.527188303886129e-08
15529.0,1.2293223853115413e-06
15530.0,1.5352719790677645e-05
15531.0,3.599502335012622e-05
15532.0,1.575365958845085e-07
15533.0,2.4721600150313246e-10
15534.0,7.206941629964646e-08
15535.0,1.3373068806937353e-07
15536.0,2.692374315331249e-07
15537.0,9.975881351960038e-09
15538.0,2.277261762414347e-09
15539.0,3.132407768775489e-07
15540.0,4.866839955748235e-06
15541.0,0.0004121903812260102
15542.0,4.4895733456021476e-07
15543.0,1.0442166870933042e-06
15544.0,4.08814719623163e-08
15545.0,1.552339041830074e-07
15546.0,3.6641661033799726e-06
15547.0,3.266375910745117e-08
15548.0,1.7475367607266338e-07
15549.0,6.783821791913688e-07
15550.0,2.678758521532778e-07
15551.0,3.447498205042081e-09
15552.0,1.991050535184783e-07
15553.0,1.4474168482209448e-07
15554.0,8.7591555526956e-07
15555.0,2.928775546836945e-07
15556.0,7.534972822153654e-09
15557.0,1.3755982293203466e-06
15558.0,3.8627726612991926e-07
15559.0,3.3712412551325154e-07
15560.0,1.2244599585626592e-07
15561.0,7.33081251253562e-09
15562.0,3.27531273899238e-08
15563.0,4.636277413543435e-09
15564.0,4.737413874510295e-07
15565.0,4.9761553122412234e-09
15566.0,1.1894228320151603e-08
15567.0,2.1919173938510567e-07
15568.0,2.2704494494771867e-09
15569.0,7.070848021752144e-08
15570.0,7.493609074151695e-09
15571.0,7.692858347062367e-10
15572.0,2.3300677258814006e-07
15573.0,7.759179356404269e-09
15574.0,4.467980942308585e-06
15575.0,6.976980955595218e-09
15576.0,8.365592975049901e-07
15577.0,2.5586131951285372e-08
15578.0,3.6412262358491005e-08
15579.0,5.1024740507976725e-06
15580.0,4.793720264356499e-08
15581.0,9.452465272115597e-08
15582.0,0.00013456907657385557
15583.0,7.892420690112622e-08
15584.0,3.311349961584731e-06
15585.0,2.5468494677745795e-05
15586.0,2.835800622198771e-10
15587.0,9.634815355280298e-11
15588.0,4.662763748896869e-09
15589.0,5.9289559325686265e-08
15590.0,9.221475613609596e-09
15591.0,2.3224487731042476e-09
15592.0,3.4236858421107295e-07
15593.0,1.5563832448509446e-06
15594.0,5.880252836981843e-07
15595.0,1.3646881072148027e-06
15596.0,4.0865826592047166e-08
15597.0,0.0006032675314507864
15598.0,1.1536870492726818e-05
15599.0,1.6806541354213824e-06
15600.0,1.325365816359387e-06
15601.0,2.0140660597537995e-08
15602.0,3.519406366374647e-07
15603.0,3.6605786896664464e-09
15604.0,2.0343576960081122e-10
15605.0,5.975602281504327e-09
15606.0,3.656855118330181e-08
15607.0,5.74254466201483e-07
15608.0,6.35611886090515e-07
15609.0,5.2100583768640774e-05
15610.0,3.196144985284111e-08
15611.0,3.0219515882699105e-08
15612.0,1.9903435560518302e-05
15613.0,1.2096203898144406e-06
15614.0,2.5811695813429336e-06
15615.0,4.4365466552491037e-10
15616.0,7.464494375196861e-07
15617.0,2.1385093275578385e-07
15618.0,2.2886662044744092e-07
15619.0,1.9744544774113216e-10
15620.0,4.1662221525679167e-07
15621.0,3.019618029201771e-08
15622.0,6.882891395444477e-07
15623.0,8.620088449234121e-06
15624.0,2.9487618684133603e-06
15625.0,3.9663227485613804e-07
15626.0,8.55671182218247e-08
15627.0,8.745991418600107e-10
15628.0,8.610619654137556e-13
15629.0,1.5720196892776948e-11
15630.0,4.1867710417060795e-09
15631.0,2.7143483792647784e-11
15632.0,7.243630270210149e-09
15633.0,4.357630274792502e-08
15634.0,5.573248236736843e-08
15635.0,0.0003395192411912036
15636.0,2.0534104874129274e-06
15637.0,6.196922516999126e-07
15638.0,1.9223306765366073e-06
15639.0,3.218885027696874e-08
15640.0,1.3583522809475476e-10
15641.0,1.6865409165455996e-06
15642.0,7.119926455809531e-08
15643.0,6.298559399623105e-08
15644.0,1.3196620609925944e-08
15645.0,1.63213003639084e-08
15646.0,5.577430929183346e-05
15647.0,5.8333766583409525e-06
15648.0,1.050047836104998e-06
15649.0,1.1255605850932383e-07
15650.0,5.906099132037036e-08
15651.0,3.895184901143336e-08
15652.0,8.997180635730253e-06
15653.0,7.736341480611605e-07
15654.0,8.425841526568871e-08
15655.0,3.7482451355706536e-06
15656.0,3.967736152329961e-11
15657.0,2.1814308905227057e-11
15658.0,1.3466779847976565e-08
15659.0,2.5787868634149745e-07
15660.0,1.9248871796036456e-08
15661.0,7.706166544343082e-06
15662.0,1.0989442266336842e-05
15663.0,2.0709288197913994e-11
15664.0,1.0518015043882905e-10
15665.0,4.881941814930172e-08
15666.0,1.2736334251375155e-07
15667.0,7.853027455391184e-10
15668.0,6.001171291321894e-07
15669.0,8.268485622253739e-09
15670.0,1.63992453425225e-10
15671.0,1.4780310678730792e-06
15672.0,1.9734334270442446e-06
15673.0,1.312617183728323e-09
15674.0,4.741602499999288e-07
15675.0,5.634303728420349e-08
15676.0,4.309271096526899e-06
15677.0,3.0789829765337524e-07
15678.0,2.7337572818689215e-06
15679.0,3.934451220942056e-08
15680.0,2.033824738604259e-06
15681.0,3.3214887211160776e-10
15682.0,2.8657911925417656e-06
15683.0,2.001219870852303e-07
15684.0,4.892188439255132e-09
15685.0,9.485604678756146e-07
15686.0,1.5372907843715594e-08
15687.0,4.866611583889116e-09
15688.0,1.2213762710571866e-08
15689.0,2.182782726437542e-07
15690.0,2.005162251739542e-07
15691.0,4.105991757634962e-08
15692.0,4.778651828698974e-06
15693.0,3.741234727793513e-08
15694.0,8.704661314451268e-09
15695.0,2.8012621989275535e-09
15696.0,1.2051091815191492e-07
15697.0,6.054439571019703e-07
15698.0,6.103909612351798e-08
15699.0,2.772921829932749e-07
15700.0,1.6212673296758814e-05
15701.0,2.171134866667044e-09
15702.0,3.434270353177811e-08
15703.0,9.19546748349133e-08
15704.0,8.444180140806166e-08
15705.0,2.6200478865698194e-07
15706.0,3.983307428403881e-08
15707.0,2.1277186462417923e-08
15708.0,8.607394520931639e-08
15709.0,3.408904848635956e-08
15710.0,2.362934710189449e-08
15711.0,7.478750012260492e-07
15712.0,4.6542658220326085e-07
15713.0,2.5384107268977617e-07
15714.0,9.027697092104268e-07
15715.0,3.21631778964098e-08
15716.0,8.640964079428248e-09
15717.0,5.576994991482908e-09
15718.0,6.203548738912704e-06
15719.0,7.856280554029839e-09
15720.0,2.0209094714208288e-10
15721.0,1.5850353702873055e-07
15722.0,3.6017350052175936e-08
15723.0,3.743749098114621e-08
15724.0,1.9548016852809727e-06
15725.0,5.888678588724174e-09
15726.0,2.3700891386711737e-07
15727.0,4.905365483278333e-09
15728.0,1.3402792946474302e-07
15729.0,1.7942988958633794e-06
15730.0,1.2467407016000082e-05
15731.0,1.4218582455276277e-07
15732.0,2.4356882676191798e-08
15733.0,1.6877000987828861e-10
15734.0,1.9683676871924882e-08
15735.0,5.4875392701548764e-08
15736.0,4.2172739274569405e-08
15737.0,1.628928457332135e-07
15738.0,1.2323571752853092e-08
15739.0,2.789108177331498e-08
15740.0,2.244061401099999e-07
15741.0,6.565863506457522e-08
15742.0,6.834090292319286e-06
15743.0,1.0432558645528381e-08
15744.0,1.8529452340108872e-07
15745.0,3.312148128262393e-08
15746.0,3.921677340261438e-08
15747.0,4.818580182850956e-07
15748.0,7.623031095372983e-10
15749.0,2.3070673225587045e-07
15750.0,6.85041311958862e-10
15751.0,1.7629559308785227e-08
15752.0,1.6997248138882973e-08
15753.0,3.613793478798091e-07
15754.0,3.729190459199066e-08
15755.0,1.4653855498167933e-07
15756.0,7.388353732862337e-07
15757.0,9.659673813602699e-07
15758.0,1.583792718238677e-06
15759.0,6.876943603863611e-07
15760.0,4.180401442624665e-07
15761.0,9.632932447193095e-07
15762.0,4.4526288002004034e-05
15763.0,1.154941183841774e-06
15764.0,4.051425224410752e-08
15765.0,3.950580624349336e-07
15766.0,1.762503711044396e-07
15767.0,2.3203951967519625e-09
15768.0,3.71489258476549e-05
15769.0,2.7961853758052274e-05
15770.0,1.3496938733914573e-09
15771.0,7.46020257490522e-09
15772.0,5.252591035452105e-07
15773.0,3.924855070023427e-08
15774.0,3.1944777977952516e-06
15775.0,1.5034688699539791e-07
15776.0,1.679954358673051e-08
15777.0,4.5430507144144495e-09
15778.0,5.009880510470095e-09
15779.0,1.1443948705952557e-09
15780.0,8.516354583408122e-09
15781.0,6.124282973367009e-07
15782.0,2.7166573528397583e-08
15783.0,3.9896280204547305e-08
15784.0,7.350548947797157e-07
15785.0,4.780474444399023e-07
15786.0,5.22896987287675e-08
15787.0,2.434373945294819e-07
15788.0,1.2854570378293407e-06
15789.0,1.2723530058852654e-05
15790.0,5.223340455108246e-06
15791.0,5.656941172834091e-07
15792.0,7.60632173629068e-07
15793.0,4.643702905365184e-09
15794.0,9.678501485774842e-08
15795.0,5.754104497951694e-09
15796.0,6.671244857170124e-08
15797.0,5.349568646606466e-08
15798.0,9.214072483100312e-09
15799.0,4.094875273246996e-09
15800.0,7.201915606019582e-10
15801.0,3.906120645027725e-08
15802.0,1.5064187184180814e-05
15803.0,9.363908432145116e-08
15804.0,2.676187578842696e-05
15805.0,1.8304692749780358e-09
15806.0,1.0832015169382807e-07
15807.0,5.97658122832086e-06
15808.0,7.999481460590073e-07
15809.0,3.3024612847980226e-07
15810.0,2.6377816099315775e-06
15811.0,4.6380395858670597e-07
15812.0,4.762956028258836e-10
15813.0,3.038335745387795e-07
15814.0,4.893399199549523e-06
15815.0,5.352740774370664e-07
15816.0,7.41098892969509e-07
15817.0,2.0410131281732846e-07
15818.0,1.4804752615035677e-09
15819.0,7.033362564371775e-07
15820.0,4.648747370390962e-08
15821.0,3.558190845482024e-07
15822.0,1.5482479052827358e-07
15823.0,5.698392932051386e-07
15824.0,2.3785831575801593e-08
15825.0,5.2547103657830594e-09
15826.0,1.909410046512708e-08
15827.0,1.55573698254275e-07
15828.0,6.446952178409655e-07
15829.0,5.143569057393439e-07
15830.0,2.9881172964820587e-07
15831.0,4.8953953719282665e-09
15832.0,2.8635949510493383e-07
15833.0,9.428142148094412e-09
15834.0,1.0706885137494475e-09
15835.0,4.785091871898675e-08
15836.0,7.864275815320651e-08
15837.0,1.3904678995624373e-08
15838.0,3.260712331517231e-07
15839.0,2.9803988526906006e-08
15840.0,9.176227618498292e-06
15841.0,1.9453628826163702e-09
15842.0,1.9645704219647837e-09
15843.0,1.9410811172329825e-09
15844.0,1.4530123650277371e-06
15845.0,1.1144060570182209e-06
15846.0,9.910964088429632e-07
15847.0,1.114999757915034e-08
15848.0,1.1625427828410996e-08
15849.0,7.546273612727104e-07
15850.0,8.878840143158768e-10
15851.0,3.595545547800475e-07
15852.0,3.9774469833226405e-10
15853.0,5.609327861042319e-07
15854.0,4.643858236057744e-07
15855.0,1.1584559349735069e-08
15856.0,1.2863049311487105e-08
15857.0,6.367776217742785e-08
15858.0,4.698331810325817e-09
15859.0,4.293151010412817e-09
15860.0,5.459844495485897e-06
15861.0,1.2281023926705211e-05
15862.0,9.252867575594237e-09
15863.0,1.3322539520275947e-05
15864.0,1.1208429317713285e-08
15865.0,7.083382444385603e-08
15866.0,2.1337679560561192e-08
15867.0,1.4699747018372424e-05
15868.0,2.428390543528549e-08
15869.0,3.13566313282292e-10
15870.0,9.618865024129783e-10
15871.0,8.398587242206655e-08
15872.0,3.6579140619459286e-08
15873.0,2.8733393408262827e-07
15874.0,6.711384586955457e-09
15875.0,4.913352474855568e-07
15876.0,1.426280267147246e-08
15877.0,2.832779965784905e-09
15878.0,5.374038193145044e-09
15879.0,5.689125740451637e-07
15880.0,3.4084316736377665e-06
15881.0,3.1652213357558176e-10
15882.0,7.126625400000695e-08
15883.0,1.17253612799997e-07
15884.0,1.2914639263605192e-07
15885.0,4.007305358966473e-09
15886.0,4.4610116094632056e-10
15887.0,9.250047302391412e-08
15888.0,8.508989628078271e-08
15889.0,5.43458240759143e-09
15890.0,1.7136047854866457e-07
15891.0,1.6618943744444364e-07
15892.0,2.757563812942477e-09
15893.0,4.1780276768758755e-08
15894.0,4.1491412309948474e-07
15895.0,2.8153041059373143e-06
15896.0,2.816272899084657e-07
15897.0,3.1177059189648127e-08
15898.0,9.616136638011261e-08
15899.0,2.43249556749998e-06
15900.0,1.9168394107904956e-08
15901.0,9.558735340969367e-08
15902.0,3.422977125706401e-08
15903.0,7.638852591581524e-07
15904.0,7.25362423855457e-07
15905.0,2.3212721821531586e-08
15906.0,1.9053184237978076e-07
15907.0,9.961511968277115e-08
15908.0,2.8308439958022082e-08
15909.0,1.5265726777779562e-06
15910.0,3.9099358609925125e-08
15911.0,1.3966907939635762e-09
15912.0,6.25073645978931e-08
15913.0,1.6422107645475424e-09
15914.0,8.831968889659682e-07
15915.0,1.648373478562055e-09
15916.0,2.3466711635117362e-06
15917.0,5.462137070685752e-10
15918.0,7.529989207169421e-09
15919.0,8.640865774685159e-07
15920.0,4.1672389617251757e-07
15921.0,2.3759828738877245e-09
15922.0,7.4655731630154e-08
15923.0,3.924109651436703e-09
15924.0,2.5996396098404643e-06
15925.0,2.1529126792320898e-07
15926.0,1.3006965684990317e-07
15927.0,7.34536672714193e-07
15928.0,2.831239834035492e-06
15929.0,7.689207241364906e-06
15930.0,4.081601639610252e-09
15931.0,2.954821320091268e-09
15932.0,3.897000224992952e-05
15933.0,6.360885858438097e-07
15934.0,6.228938423641676e-09
15935.0,1.2173717950371494e-08
15936.0,5.366727254767035e-05
15937.0,9.122694362847834e-08
15938.0,3.160079871988928e-09
15939.0,1.148966143814961e-09
15940.0,6.146124385693854e-07
15941.0,1.1455805368384652e-07
15942.0,3.1525112460126245e-08
15943.0,1.9412604676699972e-07
15944.0,8.90459610079572e-08
15945.0,1.2067580684406216e-08
15946.0,1.084201440112956e-11
15947.0,6.23104074645743e-08
15948.0,5.901552821211314e-07
15949.0,7.348485050025429e-09
15950.0,6.537939403261447e-08
15951.0,1.113589085946614e-06
15952.0,7.619076611217695e-08
15953.0,1.9253609151598662e-07
15954.0,1.8188408031827436e-09
15955.0,7.145970704870223e-09
15956.0,1.1557090135636383e-07
15957.0,5.7467114258596007e-08
15958.0,3.8461323427088435e-08
15959.0,1.371643139806234e-07
15960.0,4.152220135968621e-07
15961.0,2.0289086444561146e-07
15962.0,1.873070081112428e-07
15963.0,1.0315589743859278e-08
15964.0,9.914851345426377e-09
15965.0,2.953024979412447e-08
15966.0,3.9186275137143276e-09
15967.0,2.9273026624753666e-08
15968.0,1.4202996715005904e-08
15969.0,4.935890228935154e-07
15970.0,2.3200902435549665e-09
15971.0,3.222107367308733e-09
15972.0,2.436485400802445e-07
15973.0,4.629753313479641e-07
15974.0,6.782207082396444e-07
15975.0,2.5668713303688795e-08
15976.0,4.5324312403122143e-07
15977.0,2.995726440327695e-09
15978.0,1.1536371474142226e-05
15979.0,3.107750449532612e-08
15980.0,8.421355522986086e-06
15981.0,3.5246360364370577e-09
15982.0,2.468176559893321e-06
15983.0,2.974965992714581e-08
15984.0,4.725676918491121e-09
15985.0,2.582838320788598e-07
15986.0,6.951697579560108e-07
15987.0,1.4036799291254578e-07
15988.0,4.912611620277665e-08
15989.0,5.267603094233363e-09
15990.0,4.9148029688285355e-09
15991.0,0.0006261846168061331
15992.0,2.8746021562038842e-05
15993.0,4.6231452141702705e-05
15994.0,8.036990213768433e-07
15995.0,5.021265576534651e-08
15996.0,1.790077011629813e-07
15997.0,2.7846974017649286e-07
15998.0,1.0991136662356007e-06
15999.0,5.373952464437579e-08
16000.0,1.1760632743549344e-08
16001.0,4.286447020173642e-08
16002.0,7.333542973161449e-07
16003.0,8.305609115739832e-08
16004.0,4.176025312147602e-07
16005.0,5.384438976455917e-06
16006.0,6.346756176580361e-07
16007.0,7.098853015616186e-09
16008.0,1.3935996294866925e-06
16009.0,1.2803228208728414e-06
16010.0,3.090268948501341e-07
16011.0,5.570120561507135e-08
16012.0,1.2006278460445662e-09
16013.0,3.128758279257262e-08
16014.0,5.374918185448389e-08
16015.0,2.7967294479832676e-08
16016.0,4.811924721662635e-09
16017.0,0.00010316007282441102
16018.0,2.117589662930332e-05
16019.0,5.707708173733905e-07
16020.0,2.4576608164425587e-09
16021.0,7.781102650110499e-09
16022.0,2.870180155584858e-09
16023.0,6.113936833201863e-07
16024.0,7.948844372802618e-07
16025.0,4.0673359590636475e-07
16026.0,1.8929693855626145e-06
16027.0,6.9580469916910504e-09
16028.0,7.399664369387518e-10
16029.0,5.378864305409189e-09
16030.0,1.640183248630401e-07
16031.0,1.5214297270294965e-08
16032.0,1.4355924432559664e-09
16033.0,2.1461414898744488e-07
16034.0,3.0459407592363574e-08
16035.0,1.8536831057440836e-07
16036.0,1.158236888602061e-06
16037.0,1.1905977112337348e-07
16038.0,9.732861537071193e-07
16039.0,1.8074848612113308e-07
16040.0,1.6516312705086814e-09
16041.0,2.074241135300057e-07
16042.0,1.1263356584696197e-05
16043.0,7.516939132098155e-07
16044.0,1.109319948286448e-07
16045.0,9.545308277988895e-07
16046.0,3.982436202696365e-06
16047.0,4.024879256435271e-09
16048.0,3.5611699006996797e-07
16049.0,2.0128069256727322e-07
16050.0,1.8261215070100354e-08
16051.0,1.6548020714303052e-07
16052.0,4.258437294632671e-08
16053.0,1.6248804423960368e-09
16054.0,1.5029012916439282e-09
16055.0,1.7128364326631215e-09
16056.0,1.2342644307926428e-09
16057.0,5.375302751611131e-09
16058.0,1.2183119076033868e-08
16059.0,8.364842575758988e-09
16060.0,7.809502385599855e-05
16061.0,1.0823133620894633e-08
16062.0,6.54921492907603e-09
16063.0,1.304860909666017e-06
16064.0,4.964859463544593e-10
16065.0,1.038807142637953e-05
16066.0,2.754461822815765e-09
16067.0,1.7081392507784336e-08
16068.0,8.630299001333245e-07
16069.0,6.569815906346325e-07
16070.0,1.2052485892422896e-06
16071.0,6.187461815494404e-08
16072.0,8.805036837947005e-07
16073.0,2.8998140075311436e-05
16074.0,3.3221770636866075e-06
16075.0,3.467953182033714e-10
16076.0,1.3313686223363909e-08
16077.0,1.0684802763648196e-08
16078.0,5.979219826344592e-08
16079.0,9.294416617313351e-09
16080.0,9.960338488550406e-09
16081.0,2.994864579980567e-10
16082.0,4.810684915944448e-09
16083.0,1.8437160324947936e-07
16084.0,9.87323311838044e-07
16085.0,1.7280254044350058e-09
16086.0,3.517923458575756e-07
16087.0,6.514374405212697e-08
16088.0,1.57619819992487e-08
16089.0,2.615284511127507e-08
16090.0,1.6899266726305458e-06
16091.0,7.92326856644075e-07
16092.0,1.8622222317552092e-05
16093.0,1.305087084963998e-07
16094.0,1.0830671447911806e-09
16095.0,9.713668801233952e-05
16096.0,1.611267537788095e-08
16097.0,6.711947799810748e-09
16098.0,8.133507508520316e-08
16099.0,5.533825411718215e-07
16100.0,1.6576014060034916e-09
16101.0,2.7184574330235263e-06
16102.0,1.683331274714759e-07
16103.0,1.2508294491976252e-06
16104.0,1.0221938581433773e-05
16105.0,4.8294341485228834e-08
16106.0,2.6882472181743836e-09
16107.0,5.215939004833689e-06
16108.0,1.4681873889158012e-07
16109.0,3.846729998093098e-07
16110.0,3.325477522275803e-06
16111.0,4.098700486765948e-07
16112.0,2.8831505561357564e-08
16113.0,2.224284552042279e-07
16114.0,6.305693926886508e-08
16115.0,8.721324123345858e-07
16116.0,1.116641942685672e-07
16117.0,1.1046348260265761e-05
16118.0,7.671055064383614e-08
16119.0,9.640225173724222e-07
16120.0,5.288934777285334e-09
16121.0,2.657280071828832e-06
16122.0,1.203252061447484e-08
16123.0,1.6076819652498525e-07
16124.0,3.672636895149145e-07
16125.0,2.417092331664441e-07
16126.0,3.797923532814264e-07
16127.0,2.709892214886405e-06
16128.0,3.7069846775940136e-07
16129.0,4.1036952090045826e-08
16130.0,2.394261214367744e-07
16131.0,6.86945683204275e-08
16132.0,2.3738631175288404e-07
16133.0,1.422505060622019e-06
16134.0,1.0380951005267397e-07
16135.0,5.881754081030458e-09
16136.0,1.1745723243534316e-08
16137.0,4.427737145779047e-08
16138.0,3.185783707303508e-07
16139.0,4.656701481291679e-07
16140.0,7.207045801785213e-06
16141.0,1.4213484884617572e-07
16142.0,2.746372765558464e-09
16143.0,3.3622658691105974e-08
16144.0,1.0604851870000648e-06
16145.0,2.2025711896200347e-07
16146.0,2.9792166616053177e-06
16147.0,3.4458661148794644e-11
16148.0,5.806247348122156e-07
16149.0,3.191221516740045e-07
16150.0,1.5559532689743257e-09
16151.0,1.5690923647439856e-06
16152.0,1.3947910825513378e-07
16153.0,5.858842703013611e-08
16154.0,1.5487673520289754e-08
16155.0,1.154745050966693e-07
16156.0,1.4788268450099052e-07
16157.0,1.851320788704888e-05
16158.0,4.682488328086612e-08
16159.0,1.1509504371691652e-09
16160.0,1.7646802567212094e-07
16161.0,2.691703060297986e-07
16162.0,2.2789269138207677e-06
16163.0,1.3074101170419898e-07
16164.0,1.8399422650638676e-10
16165.0,2.8057276111836366e-09
16166.0,8.108694748653043e-09
16167.0,2.4500358007631495e-08
16168.0,3.0672772687270477e-07
16169.0,2.3809342176895275e-08
16170.0,1.8404209818780842e-07
16171.0,7.487114383690612e-07
16172.0,3.886764804095169e-07
16173.0,2.1870346965003236e-05
16174.0,6.4201068241509564e-06
16175.0,3.789060240605153e-07
16176.0,1.363023184944729e-10
16177.0,7.086319758466342e-09
16178.0,3.0881403871368615e-09
16179.0,6.775473584016817e-08
16180.0,6.405216635970215e-07
16181.0,2.1921716225137307e-07
16182.0,7.09479391963476e-08
16183.0,2.213663300484789e-08
16184.0,7.848163581500323e-08
16185.0,6.021819895519137e-06
16186.0,7.94070858890809e-08
16187.0,2.3307683485685514e-07
16188.0,2.7386214078939206e-08
16189.0,5.981559856199806e-09
16190.0,1.0401688791797308e-08
16191.0,4.080229989891015e-07
16192.0,1.0826004173331927e-08
16193.0,1.1705996054300756e-07
16194.0,7.654157978446327e-07
16195.0,1.4566774817998843e-07
16196.0,1.7947800626879637e-08
16197.0,2.998348419082657e-07
16198.0,3.7785295424423343e-08
16199.0,1.1846793638353402e-07
16200.0,2.4080331401989803e-06
16201.0,5.829766349328229e-07
16202.0,6.952659858742844e-08
16203.0,1.71820728024047e-06
16204.0,1.7601634685753358e-07
16205.0,1.5020173919338148e-09
16206.0,9.793948891882726e-08
16207.0,1.0018245207800536e-08
16208.0,8.856905821026739e-09
16209.0,6.725105751249378e-08
16210.0,1.744301823692696e-08
16211.0,2.941280630163439e-06
16212.0,1.4099952157801053e-07
16213.0,2.4839850736835864e-11
16214.0,3.402941010779656e-05
16215.0,1.8793690689011026e-07
16216.0,2.330950848087495e-10
16217.0,4.0957460682353935e-08
16218.0,3.837690453756275e-09
16219.0,7.309282600277323e-06
16220.0,3.062384249224099e-07
16221.0,5.976613010124978e-08
16222.0,3.846711073820535e-09
16223.0,5.481628962704122e-11
16224.0,4.828115346657057e-08
16225.0,4.099705111091973e-07
16226.0,6.354093189729379e-08
16227.0,4.576180581842951e-08
16228.0,1.100444173573999e-07
16229.0,1.3793366942663669e-08
16230.0,1.609437911507755e-08
16231.0,1.8495564751754827e-09
16232.0,4.5489886205484637e-07
16233.0,6.479008842481099e-10
16234.0,1.0258548625582614e-06
16235.0,4.4064703452454735e-09
16236.0,6.8541841180844335e-09
16237.0,7.361046844538676e-08
16238.0,3.908522622358841e-06
16239.0,2.610089771505183e-08
16240.0,8.816591556429318e-07
16241.0,1.0337523655008884e-09
16242.0,2.177585839325275e-06
16243.0,3.8144482118098226e-08
16244.0,6.878908592901778e-07
16245.0,4.687766647675227e-08
16246.0,1.0283093005708488e-06
16247.0,6.671343266860794e-07
16248.0,1.2146295239583088e-07
16249.0,1.5876998030627762e-09
16250.0,8.1831723273957e-09
16251.0,8.173242304823881e-08
16252.0,8.725457703391387e-08
16253.0,2.191280707893464e-05
16254.0,7.749598381919136e-08
16255.0,2.7779603367786196e-07
16256.0,7.3952565325625505e-09
16257.0,3.906559881895334e-09
16258.0,5.886069970281983e-06
16259.0,3.471578587820358e-09
16260.0,6.845506541576826e-07
16261.0,1.8143172139932247e-09
16262.0,4.808856037010867e-12
16263.0,1.2618786238190513e-07
16264.0,1.931277683227271e-06
16265.0,7.060096154821714e-09
16266.0,5.262973721465218e-06
16267.0,4.191003922174473e-09
16268.0,6.056186020785473e-07
16269.0,5.551873737822295e-09
16270.0,1.25182236721189e-07
16271.0,2.695493491425915e-08
16272.0,8.229227101343317e-08
16273.0,5.347315408178177e-07
16274.0,7.032058887602414e-09
16275.0,2.45422579695139e-08
16276.0,4.174701631056591e-08
16277.0,2.716534073166531e-07
16278.0,5.247946768704294e-11
16279.0,3.2553711441250166e-08
16280.0,5.523415356894301e-08
16281.0,4.9941316841602115e-08
16282.0,1.1101802038545332e-08
16283.0,8.801385168738058e-09
16284.0,1.3419598844111345e-08
16285.0,3.4576517115612944e-08
16286.0,6.388568282225696e-09
16287.0,7.756972939902304e-08
16288.0,2.788860458590646e-08
16289.0,9.749998517205767e-08
16290.0,2.9197798920390403e-07
16291.0,7.873963405689267e-07
16292.0,6.373430110636987e-10
16293.0,8.643689954923782e-09
16294.0,9.331262246120587e-06
16295.0,4.047721039944729e-08
16296.0,6.034231553420735e-06
16297.0,2.6850627504205014e-08
16298.0,2.2852212550649644e-08
16299.0,5.366322129304832e-08
16300.0,2.084207413331482e-08
16301.0,1.2891120818682772e-07
16302.0,2.8199061845108882e-06
16303.0,1.4168379897354345e-07
16304.0,3.8546865018839853e-08
16305.0,2.2393075552963064e-06
16306.0,3.2954391698521794e-08
16307.0,3.226571116636133e-08
16308.0,7.706634633368082e-07
16309.0,6.172630678221225e-08
16310.0,6.92949638172336e-10
16311.0,4.882825446476243e-07
16312.0,3.0057256026499507e-10
16313.0,5.336549930463844e-07
16314.0,6.499949679394629e-10
16315.0,6.484756347128392e-09
16316.0,3.5316350831621205e-07
16317.0,1.6901760568293054e-07
16318.0,2.2321609609183234e-08
16319.0,1.1889042792497565e-08
16320.0,1.4309151788089648e-08
16321.0,2.16130852147426e-06
16322.0,4.986734295244954e-07
16323.0,3.350076376419261e-08
16324.0,2.5762900985633174e-07
16325.0,8.968804134503795e-08
16326.0,2.075534298020845e-06
16327.0,3.795182183064741e-08
16328.0,6.843080848702441e-10
16329.0,3.003437574217793e-07
16330.0,8.139012565547927e-10
16331.0,1.1070070051538764e-08
16332.0,1.1603002528552748e-08
16333.0,8.416204724003614e-11
16334.0,1.3943972701558752e-07
16335.0,3.9660919981771316e-08
16336.0,0.00011997891054299846
16337.0,2.5347057308593707e-08
16338.0,3.1056487703455387e-06
16339.0,1.89491438178717e-07
16340.0,1.8742883725269533e-06
16341.0,2.33733498899096e-08
16342.0,3.9705689771373465e-08
16343.0,9.735574715925914e-09
16344.0,2.9536923013526737e-06
16345.0,1.3876007491374722e-09
16346.0,3.465806870547749e-07
16347.0,6.329171003712089e-08
16348.0,2.090332848537508e-08
16349.0,1.7398183631077662e-08
16350.0,1.494633961022985e-09
16351.0,2.26646887845775e-07
16352.0,2.7395986429045393e-08
16353.0,1.1423478146473616e-07
16354.0,2.455118036430227e-07
16355.0,4.35081449287222e-07
16356.0,4.4148274612486167e-07
16357.0,3.7504597609356244e-07
16358.0,1.4815488805570243e-08
16359.0,7.130597380162612e-08
16360.0,4.0579275504853745e-07
16361.0,3.761442043730221e-08
16362.0,1.8068502352845545e-08
16363.0,6.600995096313161e-08
16364.0,1.3783178607861722e-08
16365.0,9.430772108758665e-07
16366.0,7.726115652827021e-05
16367.0,7.68487336186899e-08
16368.0,1.961439614047398e-08
16369.0,6.919944532828501e-10
16370.0,1.0463149235193137e-07
16371.0,3.5272224199047942e-06
16372.0,3.1620323735342024e-07
16373.0,6.730131026549286e-10
16374.0,1.0267077836060536e-07
16375.0,2.004443926221443e-06
16376.0,4.241241090253729e-07
16377.0,8.167202491141316e-10
16378.0,7.682673663670979e-09
16379.0,2.2719280820983374e-06
16380.0,7.803511321583904e-06
16381.0,3.7541969099201687e-07
16382.0,6.626868388025961e-06
16383.0,2.3890818112580274e-07
16384.0,1.9764140503108795e-06
16385.0,1.5531873605846154e-08
16386.0,4.3587879260836984e-07
16387.0,1.99620329788658e-07
16388.0,5.734162095269365e-09
16389.0,7.759856942673419e-10
16390.0,3.841784990254406e-08
16391.0,9.3783112409304e-07
16392.0,5.7730377135551785e-09
16393.0,1.0338137210773097e-07
16394.0,1.6034348374146686e-07
16395.0,3.495953384680045e-08
16396.0,8.761021856618631e-10
16397.0,1.9432618419544816e-08
16398.0,2.497510498011957e-07
16399.0,2.4670582837333747e-07
16400.0,4.234292696102643e-08
16401.0,9.569878198213311e-09
16402.0,4.3384552888423985e-06
16403.0,2.8092527602329232e-08
16404.0,2.2193248319814946e-08
16405.0,4.959787767446215e-07
16406.0,1.8787764574609255e-08
16407.0,1.0551350551281754e-08
16408.0,3.559157623883566e-07
16409.0,3.573930192942075e-09
16410.0,2.386530419200455e-07
16411.0,2.656157272997849e-06
16412.0,4.045798917250472e-05
16413.0,6.6219095042365024e-06
16414.0,2.3526855488760914e-07
16415.0,7.430366491875397e-07
16416.0,2.4123929930123653e-07
16417.0,4.6807323616346605e-07
16418.0,2.0032199315802603e-08
16419.0,2.2165338043419478e-05
16420.0,2.5222103992713266e-06
16421.0,1.364865459891436e-09
16422.0,5.912409211152224e-11
16423.0,1.5324406391264627e-06
16424.0,4.3512072791709694e-08
16425.0,5.07997131026857e-10
16426.0,1.4878456121502428e-08
16427.0,5.501024503674309e-06
16428.0,1.3546478640949458e-08
16429.0,5.627894023840513e-07
16430.0,4.0792637039105394e-08
16431.0,5.2423145411552255e-08
16432.0,8.192647410948088e-08
16433.0,3.3361669210717784e-08
16434.0,8.864224621599682e-08
16435.0,1.5394005742424164e-08
16436.0,2.0940239645214016e-06
16437.0,5.780858494712317e-07
16438.0,4.8881782439549494e-09
16439.0,2.675605362894137e-07
16440.0,9.309454106157971e-09
16441.0,1.0710110348948689e-08
16442.0,1.2137438598140083e-08
16443.0,1.3626033721239157e-08
16444.0,4.942886073969358e-09
16445.0,1.9286416990239214e-07
16446.0,2.547523263808765e-09
16447.0,2.5039233668066722e-09
16448.0,1.1368603387159044e-06
16449.0,1.334774016001987e-07
16450.0,7.664704273148291e-07
16451.0,4.429418021860506e-08
16452.0,4.049130715668174e-08
16453.0,5.0178547710095917e-08
16454.0,2.100330869202001e-06
16455.0,7.215062829571591e-09
16456.0,2.7222203673187022e-09
16457.0,3.0858413694322006e-08
16458.0,2.9749955686631573e-08
16459.0,4.541543288283975e-08
16460.0,1.968209996178326e-09
16461.0,1.2380930721302286e-08
16462.0,1.043659238015815e-07
16463.0,3.074125759185542e-07
16464.0,2.315203976530313e-07
16465.0,2.7641933689222052e-06
16466.0,2.0991947953907575e-06
16467.0,1.78435728669413e-07
16468.0,7.143441835794472e-05
16469.0,0.00012091564253411306
16470.0,1.5699124223778474e-07
16471.0,1.661277575353214e-08
16472.0,1.2269368108177964e-09
16473.0,3.089167307751891e-06
16474.0,3.05496541179602e-07
16475.0,1.2158293412537439e-09
16476.0,6.625684153730569e-08
16477.0,3.9364437885833744e-08
16478.0,5.53376574818107e-07
16479.0,1.0581565997516346e-08
16480.0,9.202077802754607e-08
16481.0,2.466284765600094e-10
16482.0,9.832016645545284e-10
16483.0,1.911485671436529e-06
16484.0,9.405206228223797e-07
16485.0,4.759530698387091e-08
16486.0,3.237003080466616e-09
16487.0,6.006151914391721e-06
16488.0,8.347194224041524e-08
16489.0,1.1945284983253898e-07
16490.0,8.646575267459574e-08
16491.0,5.7945497809540495e-06
16492.0,2.9903483025366614e-07
16493.0,0.00107259256726015
16494.0,1.6206291647910465e-07
16495.0,6.794927534620225e-09
16496.0,1.902533220983726e-07
16497.0,5.287125684184971e-07
16498.0,1.1664002793578956e-08
16499.0,8.80679262292544e-09
16500.0,1.5193661791217255e-06
16501.0,1.3912641779340615e-07
16502.0,4.7556460715188615e-09
16503.0,1.3547899973973354e-09
16504.0,6.443317171742403e-08
16505.0,2.4869274363844867e-06
16506.0,3.4747012285021436e-08
16507.0,2.816761184465293e-10
16508.0,4.41500118408557e-07
16509.0,8.326482793037965e-08
16510.0,3.7538605648170982e-06
16511.0,1.3069342671812659e-08
16512.0,8.616106999568448e-06
16513.0,7.629308115231709e-08
16514.0,1.6593386877999417e-06
16515.0,0.00010647411181290296
16516.0,1.4834338896547343e-07
16517.0,9.940036720824193e-09
16518.0,1.6613801620243825e-09
16519.0,7.879826213990979e-08
16520.0,3.2631054856333953e-09
16521.0,2.072711439672339e-08
16522.0,3.514408433403938e-05
16523.0,5.289885159601965e-06
16524.0,7.564844329361575e-09
16525.0,2.4169739927392207e-08
16526.0,2.0578158062731336e-07
16527.0,9.990385984753946e-07
16528.0,2.1375965188341636e-05
16529.0,3.5832034161050143e-08
16530.0,1.5943642873550752e-06
16531.0,1.8297698936485851e-07
16532.0,4.240039180045545e-07
16533.0,2.7454911345775783e-06
16534.0,2.35158390013143e-06
16535.0,3.1380532972953614e-05
16536.0,3.873239065461962e-09
16537.0,9.106292608840518e-07
16538.0,1.2299139922205854e-07
16539.0,7.633792975753669e-08
16540.0,3.344395248992444e-05
16541.0,2.881233944432069e-08
16542.0,1.6664793733959314e-07
16543.0,2.127393148836393e-07
16544.0,3.9731421629117766e-08
16545.0,2.9204390773469386e-05
16546.0,2.4133891467574854e-08
16547.0,6.446500934440174e-09
16548.0,1.875792108673663e-05
16549.0,1.6176981165785256e-08
16550.0,1.1822898484425422e-07
16551.0,4.5931912799703865e-08
16552.0,7.413143975967216e-08
16553.0,7.703232847627343e-09
16554.0,2.440658729682018e-08
16555.0,1.1254551266327105e-07
16556.0,4.717995916168157e-09
16557.0,7.008309605138856e-07
16558.0,2.186009398408284e-07
16559.0,5.018778519795037e-06
16560.0,1.402957371702278e-07
16561.0,2.4433004201582234e-08
16562.0,0.00015446219008976182
16563.0,4.132470602032189e-08
16564.0,4.753158297404527e-09
16565.0,1.8022041904554233e-05
16566.0,9.4192078872138e-06
16567.0,1.1927418334738364e-08
16568.0,8.659825338040512e-07
16569.0,3.28624490070522e-09
16570.0,2.829685631802307e-08
16571.0,1.901205692389749e-09
16572.0,1.7358865452931297e-06
16573.0,2.0838248448414135e-06
16574.0,4.337162634955476e-07
16575.0,1.778342896823542e-06
16576.0,2.7835721333421594e-10
16577.0,1.031137571585149e-09
16578.0,6.177629342353909e-06
16579.0,2.8182182371877623e-09
16580.0,5.902626825059319e-06
16581.0,1.27381215452206e-08
16582.0,1.1337802488731827e-08
16583.0,4.913794191009749e-08
16584.0,1.9453943627305072e-08
16585.0,1.8516121881594016e-08
16586.0,9.80573018676305e-09
16587.0,3.956966358433448e-06
16588.0,1.006863509481907e-05
16589.0,6.639120389237202e-08
16590.0,1.3340205515479929e-08
16591.0,2.1012122402928125e-09
16592.0,1.2962651759263792e-08
16593.0,4.860733171647394e-07
16594.0,1.2756320062572082e-08
16595.0,6.343661959281263e-09
16596.0,2.934864744742376e-10
16597.0,1.2680432886460268e-08
16598.0,4.890960155446378e-07
16599.0,1.64565580273555e-08
16600.0,1.7719312623492153e-08
16601.0,8.67972141744989e-09
16602.0,4.172793740871567e-08
16603.0,5.0469885060766715e-09
16604.0,4.835963054182148e-08
16605.0,3.5581010011923434e-07
16606.0,9.882392947150065e-07
16607.0,1.8419901260841954e-10
16608.0,1.0745658173560766e-07
16609.0,1.9425427689600483e-07
16610.0,3.304947884538697e-09
16611.0,1.6841972560323183e-05
16612.0,5.881452879326589e-07
16613.0,2.9955834289114117e-08
16614.0,2.1550667207780585e-07
16615.0,2.7630794938259564e-09
16616.0,7.697373382994885e-09
16617.0,2.9077190001701357e-07
16618.0,8.236884176566434e-08
16619.0,4.407285348667852e-08
16620.0,0.0001443848451667048
16621.0,6.226069224743589e-08
16622.0,9.503687796832888e-08
16623.0,2.079570331438793e-08
16624.0,6.95876276037356e-09
16625.0,8.563542266863865e-11
16626.0,1.4858194556654419e-09
16627.0,6.327341321984894e-07
16628.0,1.073205376603428e-07
16629.0,1.887711497788913e-08
16630.0,1.6770000529997003e-08
16631.0,1.4444687234317486e-08
16632.0,7.101964503485731e-07
16633.0,4.87130771609926e-07
16634.0,6.384555469190066e-07
16635.0,1.071528580501608e-08
16636.0,3.268229208261588e-09
16637.0,1.6888273428016035e-08
16638.0,6.4195635807230244e-09
16639.0,3.569102103908124e-08
16640.0,4.1343737939006085e-06
16641.0,2.678928360805773e-09
16642.0,1.1977796112829957e-07
16643.0,1.0674213071203032e-07
16644.0,4.508050340276114e-08
16645.0,3.6289391891160705e-07
16646.0,2.255084460876289e-08
16647.0,7.142296276909465e-09
16648.0,4.981298323986258e-07
16649.0,7.2212863899179414e-09
16650.0,1.3998597644208968e-08
16651.0,4.035549953171395e-10
16652.0,7.694260296581252e-08
16653.0,9.402921540523601e-06
16654.0,5.646238072333296e-10
16655.0,7.870954010275915e-07
16656.0,1.5616241642192863e-09
16657.0,1.266787008600726e-08
16658.0,3.2994327265655622e-06
16659.0,1.2954245306323285e-07
16660.0,3.177356939456821e-08
16661.0,5.506646899358459e-07
16662.0,2.39266764594264e-08
16663.0,3.7058890663703303e-07
16664.0,1.1398919909424849e-07
16665.0,1.9277699172614287e-06
16666.0,1.3594239056108904e-06
16667.0,8.804040458598767e-09
16668.0,1.3177989784112652e-08
16669.0,4.70558155986329e-11
16670.0,1.6683630985299686e-07
16671.0,4.999198084438728e-09
16672.0,5.231604359477641e-07
16673.0,3.0076152017588705e-08
16674.0,6.873454161473282e-10
16675.0,8.685390319204872e-08
16676.0,8.459575424773614e-08
16677.0,1.4708393726494813e-07
16678.0,2.4365431351706117e-08
16679.0,6.651782468747816e-07
16680.0,4.003622129728373e-09
16681.0,1.4676557154822454e-09
16682.0,9.453520534007188e-08
16683.0,1.945793343697618e-08
16684.0,3.390219391318789e-07
16685.0,6.310509373534095e-08
16686.0,3.7337523173096374e-07
16687.0,1.01131735540785e-07
16688.0,1.6675594877602685e-07
16689.0,1.9941287493053195e-08
16690.0,5.386025051490981e-07
16691.0,2.4923105383113682e-09
16692.0,1.3216078027196556e-07
16693.0,5.316511643925748e-06
16694.0,3.193868801426998e-05
16695.0,4.315127802397849e-08
16696.0,2.040713386533359e-06
16697.0,5.256740594836036e-09
16698.0,1.6275624261933395e-06
16699.0,2.3651311074646177e-09
16700.0,7.888420881644598e-07
16701.0,7.433034700670451e-08
16702.0,1.1037594012712434e-06
16703.0,1.0341527353607045e-07
16704.0,6.862384121517263e-09
16705.0,8.204968362584128e-06
16706.0,1.3909015751568774e-08
16707.0,1.7270756722249976e-07
16708.0,3.046153692064616e-08
16709.0,1.3128734515395081e-09
16710.0,2.325898510778212e-06
16711.0,1.0218683715850518e-06
16712.0,1.3142564035117195e-06
16713.0,4.022606072142349e-08
16714.0,6.7415644030543745e-09
16715.0,1.4475889305994335e-09
16716.0,3.149072170374028e-07
16717.0,2.1943754758076264e-07
16718.0,3.267909570034644e-08
16719.0,7.297917928092226e-08
16720.0,8.568005822942084e-09
16721.0,1.6789052445591385e-08
16722.0,3.004157404421504e-07
16723.0,3.5030173101740524e-07
16724.0,4.653368121813633e-10
16725.0,7.758163681844674e-10
16726.0,2.5527278620011204e-06
16727.0,1.2512326156900132e-09
16728.0,1.641287529155271e-05
16729.0,6.861056133386113e-07
16730.0,1.3081689394348713e-08
16731.0,2.4419720690058486e-06
16732.0,4.1974032505822556e-07
16733.0,4.737444731876096e-08
16734.0,2.1084181939216965e-07
16735.0,2.3237202335179824e-07
16736.0,1.058660241910471e-10
16737.0,1.3397554744626138e-09
16738.0,1.8036339630716453e-07
16739.0,4.380207605384991e-07
16740.0,5.0727169765149775e-08
16741.0,3.5456814324716095e-06
16742.0,1.5984466423082418e-09
16743.0,4.625278491618037e-08
16744.0,8.191638792169695e-08
16745.0,1.4021397433317236e-09
16746.0,1.9677204986247763e-09
16747.0,6.002105724696659e-10
16748.0,4.717874999309983e-08
16749.0,1.3614341232346866e-07
16750.0,3.768779861130239e-10
16751.0,1.2122906965107377e-06
16752.0,9.654960038318875e-06
16753.0,3.617574249488733e-09
16754.0,2.455573963153567e-07
16755.0,8.574978505698562e-08
16756.0,5.755786975552954e-07
16757.0,2.6878546880944244e-09
16758.0,1.2585985757576804e-06
16759.0,2.228830573524187e-08
16760.0,4.6151785990674566e-09
16761.0,2.0575445218584835e-07
16762.0,1.351834107550504e-06
16763.0,5.055482227067123e-10
16764.0,4.737585486863742e-09
16765.0,3.819388839728551e-08
16766.0,1.3763000048664525e-07
16767.0,2.1924185001238075e-08
16768.0,3.7230649185692917e-06
16769.0,8.674480117546803e-09
16770.0,4.3563283072887004e-07
16771.0,6.203659059982112e-08
16772.0,3.8872320357233924e-10
16773.0,2.5510546818106247e-09
16774.0,8.2242262597672e-07
16775.0,4.221804473828978e-08
16776.0,3.5587684230924514e-08
16777.0,3.709532746796432e-08
16778.0,1.065136157573642e-08
16779.0,4.826040837613312e-07
16780.0,5.834617945422625e-08
16781.0,6.169371003916809e-09
16782.0,6.299329960185377e-08
16783.0,6.879172067362607e-07
16784.0,1.3726204181700663e-08
16785.0,1.2034999165674607e-06
16786.0,8.231500324932624e-08
16787.0,2.0697464545848676e-05
16788.0,1.9909387569778584e-07
16789.0,6.534158439382568e-09
16790.0,8.132510384176479e-06
16791.0,2.6288019073951953e-09
16792.0,2.7251693318104374e-10
16793.0,1.9198649846315673e-09
16794.0,4.501116638579687e-08
16795.0,2.8180769943525876e-07
16796.0,2.017359962243019e-09
16797.0,6.11351465535607e-08
16798.0,7.251309115074131e-09
16799.0,6.327773151722402e-08
16800.0,6.566408532373454e-08
16801.0,2.0051139313944395e-05
16802.0,7.70597324662163e-09
16803.0,2.356902967899581e-08
16804.0,5.3615476633282934e-09
16805.0,6.262088540802123e-07
16806.0,5.90156372971292e-08
16807.0,6.123549455018249e-06
16808.0,1.2703803500316449e-07
16809.0,1.7060147907191018e-07
16810.0,2.5258455589819676e-07
16811.0,2.863692703451659e-10
16812.0,3.49829848061568e-08
16813.0,8.20858045543333e-07
16814.0,4.0582135716591725e-07
16815.0,7.517656972373204e-06
16816.0,2.076552938532736e-08
16817.0,1.6138502540885604e-08
16818.0,9.370140211583455e-07
16819.0,8.211885389228671e-08
16820.0,1.024733433890738e-07
16821.0,1.099165233794238e-09
16822.0,6.808041346467208e-08
16823.0,1.345997802775717e-07
16824.0,2.644989046034474e-10
16825.0,1.3263666899371406e-08
16826.0,7.997290242930877e-10
16827.0,9.499901553305816e-07
16828.0,4.173214518806828e-06
16829.0,5.3408171150706196e-09
16830.0,2.1722409128430707e-09
16831.0,5.9081527005459436e-08
16832.0,1.968658937090816e-07
16833.0,4.146992137051893e-09
16834.0,1.615828081716789e-08
16835.0,2.1636957436295255e-05
16836.0,2.664814139134581e-05
16837.0,2.800354871894475e-09
16838.0,2.517023827959358e-06
16839.0,6.680432808873355e-10
16840.0,6.10627677653313e-08
16841.0,9.231184626819866e-08
16842.0,1.410053670908099e-06
16843.0,1.033421972784119e-05
16844.0,4.952957812660637e-06
16845.0,3.4108105288961565e-08
16846.0,5.363551420931906e-07
16847.0,8.082019751619927e-08
16848.0,8.594188836574197e-11
16849.0,4.968232680076753e-09
16850.0,1.6936215760893293e-06
16851.0,1.1192264993765533e-08
16852.0,1.3703234328543017e-09
16853.0,1.3689948857685086e-07
16854.0,4.346194817592845e-08
16855.0,3.2336111789405763e-09
16856.0,2.119168303108661e-08
16857.0,8.88676485938304e-10
16858.0,1.8461497844445923e-06
16859.0,7.421851510319078e-06
16860.0,2.5867608857463044e-08
16861.0,3.7054578946074665e-08
16862.0,2.091033183316501e-06
16863.0,7.705594004835535e-07
16864.0,1.8294480860769986e-05
16865.0,6.296290971968135e-07
16866.0,1.1752141426448343e-08
16867.0,1.540945117237821e-05
16868.0,5.137743959156178e-09
16869.0,3.8696563330056925e-08
16870.0,0.0009364252560259409
16871.0,5.180377312571919e-05
16872.0,1.9678438678874021e-07
16873.0,5.0909763377339934e-08
16874.0,5.435997130595303e-06
16875.0,2.5057678010990123e-07
16876.0,1.119024789733656e-09
16877.0,5.911511286340497e-06
16878.0,1.1982570221114e-06
16879.0,4.576885483365877e-08
16880.0,1.133199092276254e-09
16881.0,3.8244679524803757e-08
16882.0,6.305799144433432e-07
16883.0,1.1233854119586014e-06
16884.0,1.6001827388464898e-08
16885.0,9.043967091519745e-07
16886.0,6.540543973254114e-08
16887.0,1.847051957634615e-07
16888.0,5.3797076458576e-07
16889.0,6.809297294414334e-09
16890.0,1.0972593893530522e-08
16891.0,1.6600406031084242e-09
16892.0,1.2693901123056243e-08
16893.0,2.1983176218453063e-06
16894.0,1.9163883360922464e-08
16895.0,1.4026842312801445e-06
16896.0,8.56597646227933e-06
16897.0,1.7598569877426322e-07
16898.0,1.3305709812652351e-08
16899.0,1.3802344650495408e-05
16900.0,9.22150927131052e-07
16901.0,1.946044331378348e-08
16902.0,2.9534247932350395e-07
16903.0,5.771972438902278e-09
16904.0,1.8035480972905468e-07
16905.0,8.348386117238135e-08
16906.0,3.4018834618126463e-09
16907.0,1.8939931523952526e-08
16908.0,1.161128351024765e-06
16909.0,3.56376890662683e-06
16910.0,1.7278358520207456e-06
16911.0,3.926748470113745e-06
16912.0,2.4358002369581038e-08
16913.0,2.1483582791196383e-12
16914.0,9.191159604941978e-07
16915.0,8.447427787852817e-06
16916.0,6.296295005080938e-09
16917.0,7.693207338443548e-09
16918.0,2.7927350673184926e-08
16919.0,5.412648040677951e-12
16920.0,2.1776067718625167e-07
16921.0,2.3215063729674513e-06
16922.0,1.5047444174856216e-06
16923.0,3.056625594138778e-09
16924.0,1.3630755956622905e-07
16925.0,8.777479265857622e-08
16926.0,1.551029230277604e-07
16927.0,1.543105843717932e-11
16928.0,1.2342957375575207e-08
16929.0,2.4613748382537953e-08
16930.0,1.8503992171555835e-08
16931.0,2.6807418585035922e-09
16932.0,9.649425369674926e-11
16933.0,3.076869648008847e-08
16934.0,1.4830055375333637e-08
16935.0,5.057422353404354e-08
16936.0,1.8972713942108708e-06
16937.0,1.0401120473962678e-07
16938.0,4.738788293034805e-09
16939.0,8.129746085252494e-09
16940.0,1.1081753315160823e-08
16941.0,1.3133853962507686e-07
16942.0,5.222074587000431e-07
16943.0,9.885078794255803e-06
16944.0,9.845586912083606e-07
16945.0,1.8310906995426066e-07
16946.0,3.700699062730845e-07
16947.0,2.944631594017103e-08
16948.0,8.55503751060281e-05
16949.0,2.489737856529638e-07
16950.0,9.066509831573954e-10
16951.0,3.739032785011425e-08
16952.0,3.583314644296681e-05
16953.0,1.3281153886379416e-09
16954.0,2.8877181105872408e-08
16955.0,3.6364842443998735e-07
16956.0,1.9575130485772537e-07
16957.0,1.1331408301282231e-07
16958.0,4.120863971157112e-10
16959.0,9.230973492833317e-07
16960.0,2.551353119280109e-08
16961.0,1.022756563040797e-05
16962.0,1.8526891712801958e-08
16963.0,2.592095937478065e-06
16964.0,3.3391956834520063e-06
16965.0,6.109741268890746e-07
16966.0,6.394068829098816e-10
16967.0,3.400404220544017e-09
16968.0,3.398977110448058e-09
16969.0,2.829031434040409e-06
16970.0,1.189300497852757e-05
16971.0,8.584727244824843e-10
16972.0,5.51179437284897e-08
16973.0,1.1094225169522937e-07
16974.0,8.770578850345669e-09
16975.0,1.075745047985259e-06
16976.0,2.989490300103525e-08
16977.0,2.109141848275775e-07
16978.0,8.0015659625535e-12
16979.0,5.2207924337037985e-08
16980.0,4.058522808011102e-10
16981.0,4.111063154913876e-08
16982.0,2.611192965420802e-08
16983.0,8.78791596647913e-08
16984.0,1.0936931913052341e-07
16985.0,1.5144156648085807e-09
16986.0,5.6784458961132747e-08
16987.0,2.1300878350216387e-08
16988.0,1.9761034712650677e-07
16989.0,1.3284792387322033e-07
16990.0,1.498591464585841e-06
16991.0,5.573086002922779e-08
16992.0,3.2965555709060164e-06
16993.0,3.329847272611132e-09
16994.0,9.534705320893942e-10
16995.0,2.0835027375176643e-07
16996.0,6.3612936982200885e-09
16997.0,8.715859162521205e-11
16998.0,1.9205486160520302e-08
16999.0,7.199084877805505e-10
17000.0,8.995955332894923e-08
17001.0,4.9699269985691596e-08
17002.0,1.7499545267774163e-06
17003.0,6.219944163687904e-09
17004.0,3.590230965452084e-07
17005.0,1.459658660259785e-07
17006.0,0.00014124858174645728
17007.0,8.00710622209368e-09
17008.0,2.5993043574389627e-07
17009.0,1.0396783325213414e-08
17010.0,1.3604735171664263e-07
17011.0,1.2441907880425052e-07
17012.0,3.1887731443690665e-08
17013.0,1.3494145445728296e-05
17014.0,3.3346662570754337e-06
17015.0,3.351898955012182e-06
17016.0,1.4733386579972442e-09
17017.0,1.4719051893328156e-08
17018.0,6.031530674912722e-08
17019.0,2.6072422785470114e-09
17020.0,1.743878389125986e-06
17021.0,1.5534976892475608e-05
17022.0,3.603846147316012e-06
17023.0,7.456916165224411e-07
17024.0,2.284265444772053e-09
17025.0,1.6837197943283442e-06
17026.0,5.593391154298276e-10
17027.0,1.9934126771132188e-07
17028.0,1.2944207206149776e-05
17029.0,2.7998527963603554e-07
17030.0,5.279024215698383e-08
17031.0,4.782363106860189e-09
17032.0,1.8745804378231513e-08
17033.0,1.0864170097843687e-09
17034.0,1.538371055687725e-06
17035.0,1.0811204393964573e-08
17036.0,1.1526181035680776e-07
17037.0,5.569841795256855e-11
17038.0,4.244246697180236e-08
17039.0,4.4694537106851475e-07
17040.0,3.7901881541304e-07
17041.0,1.1511430811651773e-08
17042.0,4.5896654864285874e-07
17043.0,2.603442935246176e-06
17044.0,2.463536294646055e-07
17045.0,5.010349454397888e-10
17046.0,1.4428298483282602e-07
17047.0,7.374221230160102e-08
17048.0,3.2665308484420294e-08
17049.0,1.109186911368507e-06
17050.0,9.44789705235485e-08
17051.0,7.563239990528669e-08
17052.0,3.766556240416515e-08
17053.0,3.609990750048233e-06
17054.0,4.2718790413764896e-07
17055.0,7.5923387667538885e-06
17056.0,1.0411717888796704e-08
17057.0,5.5342553788653664e-08
17058.0,2.020468589828593e-08
17059.0,1.1014256681272726e-07
17060.0,1.201397886654453e-07
17061.0,8.91421499332467e-08
17062.0,1.3346433464123289e-05
17063.0,1.0208011298748335e-05
17064.0,2.1511300147596897e-06
17065.0,1.1664446220267946e-07
17066.0,1.7611801893488504e-08
17067.0,2.943902608957433e-05
17068.0,3.93062191780353e-07
17069.0,1.292906019736185e-09
17070.0,1.3472178932272412e-09
17071.0,2.8751875652059404e-08
17072.0,2.444559191764718e-06
17073.0,1.1594810623143005e-08
17074.0,1.2449445423384741e-08
17075.0,1.4517061503595097e-08
17076.0,4.159016362131647e-09
17077.0,4.188212385148791e-09
17078.0,2.374627239809011e-07
17079.0,1.0645744854652187e-08
17080.0,1.8380279215875376e-06
17081.0,4.887284900128452e-09
17082.0,1.1050495834717209e-06
17083.0,1.461805840198509e-07
17084.0,1.9748644157257363e-06
17085.0,3.719823369240752e-08
17086.0,5.518342430554093e-10
17087.0,4.2161045802896516e-08
17088.0,2.2584634706707298e-09
17089.0,8.529377563343663e-09
17090.0,6.397358656926526e-08
17091.0,3.638270381092643e-07
17092.0,2.644394119168086e-08
17093.0,1.0063744895030219e-09
17094.0,6.835823516234551e-08
17095.0,8.601209018381676e-07
17096.0,1.9770308732468727e-05
17097.0,2.995958195620936e-08
17098.0,4.478787165253769e-07
17099.0,3.866732996937946e-08
17100.0,2.6926052716200757e-08
17101.0,1.8413110729973175e-08
17102.0,1.266518412787506e-07
17103.0,1.2499970641566066e-08
17104.0,1.384760741040991e-08
17105.0,1.0642197176479237e-08
17106.0,1.5604757680402565e-10
17107.0,1.1020653882619916e-07
17108.0,4.1693651727180145e-10
17109.0,1.4015298370726057e-06
17110.0,1.1869965967552693e-10
17111.0,1.3486416975777397e-08
17112.0,3.790727170068331e-08
17113.0,7.12687251657678e-07
17114.0,5.942796520935051e-08
17115.0,5.403813684471943e-08
17116.0,3.084872545337166e-07
17117.0,5.401308461996854e-07
17118.0,3.086719063518051e-05
17119.0,1.8495711545613784e-08
17120.0,1.664668323309095e-07
17121.0,1.2464677709153214e-08
17122.0,1.4132297784996792e-06
17123.0,6.83829109447127e-09
17124.0,2.5126239186811203e-07
17125.0,2.5793924477975138e-08
17126.0,5.519250526338933e-07
17127.0,2.1983047519895778e-06
17128.0,7.045040123356428e-08
17129.0,9.432531608891009e-11
17130.0,1.07871062750822e-10
17131.0,1.7558070835142443e-09
17132.0,5.73290640591524e-10
17133.0,6.4902274270122995e-09
17134.0,2.7416812665988025e-09
17135.0,6.850897494162278e-05
17136.0,2.8426239472681725e-07
17137.0,9.575197412500537e-07
17138.0,2.3640179265091738e-05
17139.0,2.4636733029076782e-05
17140.0,5.875773581738114e-07
17141.0,1.5736860226547232e-07
17142.0,5.321971565912999e-10
17143.0,3.130301636513051e-08
17144.0,4.767134787032342e-09
17145.0,1.6032468574437988e-07
17146.0,4.246852541880862e-09
17147.0,2.5363546289046614e-08
17148.0,6.813444448586572e-08
17149.0,2.1917619760784493e-07
17150.0,4.0053755334571663e-07
17151.0,4.834993412234742e-07
17152.0,5.202005046227423e-07
17153.0,2.7524116611267017e-06
17154.0,8.556344236430225e-08
17155.0,1.2955515609828125e-06
17156.0,8.078164308875834e-08
17157.0,8.598214823745441e-07
17158.0,1.6094368377068727e-08
17159.0,1.5568359498088817e-06
17160.0,8.811108970940136e-07
17161.0,6.902082193083421e-08
17162.0,2.275775578192571e-08
17163.0,5.0650425606424186e-08
17164.0,1.2241841881156173e-06
17165.0,3.1627311955539384e-07
17166.0,6.834844647018973e-10
17167.0,0.00011834037019418212
17168.0,8.796977193064096e-10
17169.0,0.00016423459991802685
17170.0,7.939751105193328e-09
17171.0,2.0243873922832954e-10
17172.0,7.008749270692135e-08
17173.0,1.3570930158078689e-08
17174.0,3.6465521659415295e-07
17175.0,3.954357699157993e-07
17176.0,2.53872676702792e-07
17177.0,6.7682403316741455e-09
17178.0,1.041894423583842e-05
17179.0,4.889571219986645e-10
17180.0,5.435003618202943e-09
17181.0,7.709204336952838e-08
17182.0,2.1789207076593663e-07
17183.0,5.444179997891863e-07
17184.0,1.3227961413740787e-08
17185.0,2.432681766256073e-07
17186.0,3.9754122051712106e-07
17187.0,3.911602557782934e-09
17188.0,3.3024672215013823e-07
17189.0,2.0044301175700407e-07
17190.0,3.421756688511312e-07
17191.0,2.5884586935086238e-08
17192.0,5.517170765509537e-09
17193.0,3.602201330357972e-09
17194.0,8.104275004228467e-08
17195.0,2.679661658951158e-07
17196.0,1.5146418529991146e-10
17197.0,1.4401176556008213e-08
17198.0,0.00013284790790355739
17199.0,1.514508113570715e-06
17200.0,1.5143718407009263e-08
17201.0,7.814201173253097e-08
17202.0,5.528364431606769e-07
17203.0,2.0991220632927843e-08
17204.0,4.5482089701976806e-05
17205.0,1.0016272457752817e-07
17206.0,5.475963617709205e-09
17207.0,2.001507031011816e-10
17208.0,1.0687530392244766e-07
17209.0,2.779521641297617e-07
17210.0,1.4199127434025237e-07
17211.0,4.8060240633462765e-05
17212.0,1.3544151917094006e-08
17213.0,3.7960636771278006e-06
17214.0,1.178364247233613e-09
17215.0,8.679505354636739e-08
17216.0,3.2906008178107554e-09
17217.0,8.703704148499316e-08
17218.0,5.87679018202038e-08
17219.0,4.456235529118034e-07
17220.0,5.794529177669639e-08
17221.0,1.9533380187789586e-09
17222.0,1.2363860390579303e-07
17223.0,1.4712936863078852e-09
17224.0,2.049915367521957e-06
17225.0,5.585904671884824e-07
17226.0,9.135932096255815e-09
17227.0,9.436261279012987e-07
17228.0,1.000205092259825e-07
17229.0,4.2209779542604605e-09
17230.0,1.7948484160072387e-08
17231.0,7.659249682541612e-08
17232.0,7.517598337966782e-08
17233.0,1.5878251972095637e-06
17234.0,6.5332640089832e-08
17235.0,2.069285121615751e-06
17236.0,4.1340933497508614e-08
17237.0,9.477866019711809e-09
17238.0,2.454810684505573e-08
17239.0,4.3843336125481084e-09
17240.0,2.3577434392895066e-06
17241.0,3.3996228505123297e-06
17242.0,1.826806347423664e-08
17243.0,2.991540798141822e-08
17244.0,3.1946012798989177e-09
17245.0,7.441695015015394e-08
17246.0,1.1999778724681161e-08
17247.0,2.2121200211593227e-10
17248.0,1.1362093706814979e-06
17249.0,4.158505625745805e-07
17250.0,2.7455636904846576e-08
17251.0,3.948442626554188e-06
17252.0,1.4050914969923668e-09
17253.0,6.254402461396809e-07
17254.0,0.00014673048492110032
17255.0,1.8025342318856428e-09
17256.0,3.860039176168658e-08
17257.0,8.114433096439733e-07
17258.0,1.1633522724480467e-08
17259.0,5.933781697273073e-07
17260.0,3.0844084082555446e-08
17261.0,1.0496368169168818e-06
17262.0,1.0989049900129698e-07
17263.0,6.061334149107978e-09
17264.0,1.8359428162306358e-07
17265.0,2.2649660422687955e-06
17266.0,6.644420283288453e-07
17267.0,6.1340142309807475e-06
17268.0,1.5197833121317868e-06
17269.0,6.186959585461631e-09
17270.0,2.692778944625079e-07
17271.0,9.99369507326625e-07
17272.0,4.885698762721306e-07
17273.0,7.581760000855664e-06
17274.0,4.34509895396342e-07
17275.0,8.660714246478994e-07
17276.0,1.4394441145805132e-07
17277.0,1.594483936652305e-07
17278.0,4.4402357473382675e-07
17279.0,2.5122602854165206e-10
17280.0,5.360373925618034e-08
17281.0,6.618155387654254e-07
17282.0,2.4727869509284736e-07
17283.0,7.051169691598837e-09
17284.0,7.086698894835843e-07
17285.0,5.867697360717862e-08
17286.0,2.3938833277875756e-08
17287.0,2.1692764005762754e-08
17288.0,9.846776522520618e-09
17289.0,5.29930507920248e-07
17290.0,2.705429226664004e-07
17291.0,3.4756193858733234e-07
17292.0,5.10363142113164e-06
17293.0,9.543115605828196e-10
17294.0,2.4179140056733558e-08
17295.0,6.879115784838206e-11
17296.0,3.183856092267532e-10
17297.0,2.5317877690055214e-07
17298.0,2.3673200783748586e-07
17299.0,8.33831643646118e-07
17300.0,2.6977166797999093e-09
17301.0,2.6055373159808383e-09
17302.0,2.223491977918027e-09
17303.0,1.2067679945903665e-06
17304.0,2.1282191350263053e-06
17305.0,2.0900210351270567e-07
17306.0,1.7541681684996196e-08
17307.0,1.4616660631714926e-08
17308.0,1.1218858989501953e-07
17309.0,6.873012717330639e-09
17310.0,5.427599616167144e-07
17311.0,4.184798563473816e-08
17312.0,6.153798991370868e-07
17313.0,1.4492836084537043e-07
17314.0,7.825381988428145e-07
17315.0,2.267218990378942e-09
17316.0,1.8529653676846827e-09
17317.0,5.339155533805701e-09
17318.0,2.0233137444451703e-07
17319.0,1.0377813661537091e-07
17320.0,4.17067868519025e-06
17321.0,8.999948241707368e-09
17322.0,2.971781791344083e-08
17323.0,3.309348571647407e-08
17324.0,1.4923169913623377e-08
17325.0,9.257547536766925e-07
17326.0,1.2146870425951514e-06
17327.0,1.0662350475175778e-07
17328.0,1.1621216171528003e-06
17329.0,6.488843267017276e-08
17330.0,3.88735622017005e-08
17331.0,2.083900576435903e-07
17332.0,4.8444078183953e-09
17333.0,8.755288935355343e-10
17334.0,4.772631476182257e-08
17335.0,6.598702971742946e-07
17336.0,1.7586290283370633e-08
17337.0,2.2007186933338017e-08
17338.0,9.145344738885763e-08
17339.0,1.8633114940073262e-08
17340.0,5.8129649523912246e-11
17341.0,2.670554641913006e-08
17342.0,1.3963824371113807e-09
17343.0,2.199113718206833e-09
17344.0,1.7880109707291664e-07
17345.0,6.614084141421353e-08
17346.0,1.7429960246164657e-07
17347.0,6.492333087370994e-09
17348.0,4.590057845687187e-12
17349.0,2.0470315800282574e-08
17350.0,1.0483705624469028e-09
17351.0,3.3704201640376443e-09
17352.0,1.1763877795014383e-07
17353.0,2.7350945812626125e-08
17354.0,2.3232212661583346e-08
17355.0,2.0168563474035167e-10
17356.0,1.8038314815258693e-08
17357.0,1.3841577368728739e-09
17358.0,2.1852461137479173e-10
17359.0,8.702399875405325e-08
17360.0,6.1740024554563045e-09
17361.0,2.366248929307211e-09
17362.0,2.514575338539738e-07
17363.0,3.9384536573922657e-10
17364.0,5.866599068577139e-07
17365.0,7.027932017545797e-09
17366.0,8.361186538930403e-09
17367.0,1.0437541289152612e-07
17368.0,4.230668157340521e-07
17369.0,5.070947963167676e-07
17370.0,8.165072849176593e-07
17371.0,1.116245950294763e-07
17372.0,5.988392511153147e-07
17373.0,2.033848032760705e-07
17374.0,1.3275392534459766e-08
17375.0,4.5970345651363364e-07
17376.0,3.017978735399672e-09
17377.0,2.3338860525618077e-07
17378.0,1.9335812519780597e-05
17379.0,1.544440034795388e-07
17380.0,3.32457569090842e-09
17381.0,3.7671576220652465e-08
17382.0,0.0004211014057880901
17383.0,9.336813986276138e-06
17384.0,1.4737971461344807e-06
17385.0,7.015416270618704e-07
17386.0,4.68420838825503e-09
17387.0,5.409075739596808e-10
17388.0,1.240703751558115e-08
17389.0,7.1650378562269e-09
17390.0,1.2722823247915992e-05
17391.0,2.5943045844860376e-09
17392.0,4.916918807560412e-09
17393.0,1.0416483069511767e-07
17394.0,7.50756331126742e-08
17395.0,2.3959455187254557e-06
17396.0,2.4346131689495093e-08
17397.0,2.131887528188215e-08
17398.0,5.1862319544819106e-08
17399.0,6.391163578925989e-07
17400.0,2.072614483672339e-09
17401.0,1.716179273195624e-08
17402.0,5.157513989954567e-08
17403.0,2.509978960009628e-07
17404.0,1.1307509475389267e-06
17405.0,4.1132959961547076e-10
17406.0,4.5158761087857646e-08
17407.0,3.1946257702487186e-07
17408.0,7.312016049454447e-07
17409.0,1.9060097639130184e-08
17410.0,1.964208168384869e-09
17411.0,1.2086642040142299e-08
17412.0,5.292904761333979e-08
17413.0,2.6125353956756554e-08
17414.0,1.7079879853750765e-07
17415.0,4.799264636211705e-08
17416.0,4.353309472051624e-07
17417.0,8.604026158231726e-08
17418.0,3.249822077981417e-09
17419.0,4.312121145486772e-08
17420.0,2.482072327784965e-08
17421.0,5.119718898910112e-10
17422.0,1.3294123495098881e-06
17423.0,1.7137739306816086e-08
17424.0,1.593070662643938e-08
17425.0,3.0846701485719356e-08
17426.0,1.987127168628518e-09
17427.0,9.132718991705161e-07
17428.0,4.443254929880664e-08
17429.0,1.3952887548870897e-07
17430.0,3.779920536484138e-08
17431.0,7.46153997895369e-07
17432.0,1.9440602704981662e-07
17433.0,3.117016508466395e-07
17434.0,2.4377860942766356e-07
17435.0,1.525606214368605e-07
17436.0,6.745030571303446e-09
17437.0,7.800920617331567e-09
17438.0,6.31567401016462e-08
17439.0,7.766801439932105e-08
17440.0,3.2213912177093782e-06
17441.0,2.4168253499098278e-09
17442.0,6.275632774290086e-06
17443.0,1.5049901730026591e-09
17444.0,1.0523406817571223e-05
17445.0,4.91408405254003e-07
17446.0,1.1073800104844218e-07
17447.0,1.6344040595887137e-07
17448.0,5.352449631870972e-07
17449.0,1.7318759773580208e-06
17450.0,6.905969490250981e-10
17451.0,9.725929202708781e-07
17452.0,1.4890763592434874e-08
17453.0,9.858402482500517e-08
17454.0,1.9170389991175453e-08
17455.0,2.760256722758882e-07
17456.0,1.2801907947877638e-06
17457.0,1.1022804590918254e-09
17458.0,1.311017706200071e-08
17459.0,2.6600696417945988e-08
17460.0,1.3391433337940298e-05
17461.0,8.592997459212196e-09
17462.0,4.84936076338568e-10
17463.0,7.162438631629013e-08
17464.0,1.7008930991257632e-08
17465.0,6.455118776096839e-10
17466.0,1.2678126415293927e-07
17467.0,4.09912508905296e-10
17468.0,1.2591430137742544e-08
17469.0,6.441921812542616e-10
17470.0,4.8687026030983834e-12
17471.0,1.2193577687989786e-05
17472.0,1.4749813605323085e-05
17473.0,2.9704316315823956e-05
17474.0,1.2886621585382114e-10
17475.0,1.1800275048589998e-07
17476.0,8.908396177238585e-09
17477.0,6.188057050006705e-07
17478.0,1.2261971867426232e-05
17479.0,4.2637720620766814e-07
17480.0,4.475777562188037e-06
17481.0,4.926591409026465e-08
17482.0,1.512156835540766e-07
17483.0,1.2934572109064853e-06
17484.0,6.688532219801222e-05
17485.0,2.514097229363907e-05
17486.0,2.8148668110001248e-05
17487.0,3.4967234645094723e-07
17488.0,2.0292100775157947e-07
17489.0,4.3858666822328714e-07
17490.0,2.313882739033734e-06
17491.0,2.4580806667976467e-07
17492.0,5.238656577001915e-08
17493.0,3.721566756384589e-09
17494.0,1.0556004239858566e-09
17495.0,4.462624703546601e-11
17496.0,2.0363859485827605e-10
17497.0,2.66076679307937e-07
17498.0,5.759519427294588e-07
17499.0,8.152063540779338e-08
17500.0,9.316727843581475e-07
17501.0,1.030474925361733e-09
17502.0,4.5801618111762046e-08
17503.0,7.318781198578786e-08
17504.0,2.396964207541163e-08
17505.0,1.6393513360344774e-08
17506.0,1.4096744469884784e-08
17507.0,3.72086501304032e-10
17508.0,8.614910267578154e-05
17509.0,3.0427730602277516e-08
17510.0,2.8073517847807826e-08
17511.0,1.2732210194256061e-08
17512.0,1.873801016416261e-09
17513.0,1.5890675534491554e-07
17514.0,5.44712612463079e-07
17515.0,1.4654887283423966e-07
17516.0,2.2138056288857812e-05
17517.0,7.486957105415683e-07
17518.0,2.9280547716094943e-07
17519.0,1.5212814652584477e-07
17520.0,1.9984506943573986e-07
17521.0,4.333557632766132e-08
17522.0,3.790438605292259e-08
17523.0,4.2340333192134076e-08
17524.0,5.497305186332568e-10
17525.0,1.7182209775429284e-07
17526.0,3.596037096116565e-07
17527.0,2.0454877303192597e-05
17528.0,1.3905056523812502e-07
17529.0,3.6648712147524846e-07
17530.0,1.655926148984339e-05
17531.0,1.902332061736385e-06
17532.0,1.6374041575462552e-08
17533.0,1.1558557275883985e-06
17534.0,4.655152518034266e-08
17535.0,2.2975853754647257e-07
17536.0,9.9455880538631e-08
17537.0,3.053197386899866e-07
17538.0,6.663634303805818e-10
17539.0,2.4277651592609557e-08
17540.0,2.388106075458819e-08
17541.0,1.812689716687692e-07
17542.0,2.9572806253922657e-09
17543.0,5.194650711271617e-10
17544.0,4.205994078881013e-08
17545.0,2.355479447871545e-09
17546.0,2.6664011453625153e-08
17547.0,3.408654013593727e-07
17548.0,8.032718446061101e-10
17549.0,6.027282593582419e-07
17550.0,0.00010430248953002321
17551.0,1.1887533853178038e-08
17552.0,2.6796694219321526e-07
17553.0,6.534389346584035e-11
17554.0,1.385162723902148e-08
17555.0,2.236242372415896e-06
17556.0,8.538596618975648e-07
17557.0,4.566394137691324e-05
17558.0,5.47992809938951e-08
17559.0,2.0170285660209563e-07
17560.0,9.871284574508448e-09
17561.0,6.700500835341748e-08
17562.0,3.773528004782294e-08
17563.0,7.185195970704705e-08
17564.0,1.1964459667673803e-06
17565.0,6.873368607174993e-09
17566.0,4.26739256494107e-09
17567.0,3.1509896888111957e-06
17568.0,3.115560816164638e-08
17569.0,1.529484235662895e-07
17570.0,1.7803845286704732e-07
17571.0,4.867933122113537e-09
17572.0,5.323156660358034e-09
17573.0,1.910273223805444e-08
17574.0,6.696869696310567e-06
17575.0,2.5631972984457275e-10
17576.0,3.788193229591008e-08
17577.0,4.2964355891391114e-08
17578.0,1.2383821133629128e-06
17579.0,1.226649004941568e-10
17580.0,4.968955233373945e-06
17581.0,2.4613318799385113e-08
17582.0,4.6310565718736656e-09
17583.0,3.959039117990735e-09
17584.0,1.0635521564934042e-07
17585.0,1.1085891296316685e-09
17586.0,4.099828402715753e-08
17587.0,4.3098561336447674e-06
17588.0,3.494260401999751e-07
17589.0,7.889388127503537e-08
17590.0,2.843866336102301e-07
17591.0,2.0301606300371788e-07
17592.0,4.777527178862515e-07
17593.0,1.6729255007139623e-08
17594.0,4.0152244504021105e-08
17595.0,8.411660523613702e-07
17596.0,9.243421875387793e-06
17597.0,1.1355814668189926e-07
17598.0,2.0610928818329883e-07
17599.0,2.3342093967974394e-06
17600.0,5.142772025956809e-09
17601.0,7.394167253144458e-08
17602.0,4.066471206038867e-07
17603.0,2.935209800708509e-08
17604.0,4.163789621685317e-08
17605.0,4.926245107924032e-10
17606.0,6.604099181443307e-08
17607.0,1.7536318306990985e-07
17608.0,5.499934295028405e-07
17609.0,1.8435789444915837e-06
17610.0,3.233457271614489e-08
17611.0,4.2224299058722845e-09
17612.0,1.0056768357436154e-06
17613.0,5.313681830523035e-12
17614.0,7.625787603235353e-09
17615.0,4.6515463644078434e-07
17616.0,3.4324955635533835e-07
17617.0,6.736214593439076e-07
17618.0,1.4711229607437446e-07
17619.0,3.1601824482729198e-09
17620.0,2.4017290273773563e-06
17621.0,5.4845713278144766e-08
17622.0,1.307564480518819e-07
17623.0,9.947483864371156e-08
17624.0,2.991708001424966e-08
17625.0,2.2029641132393788e-06
17626.0,3.7539918521298716e-08
17627.0,7.795108207139202e-09
17628.0,3.7442680480808897e-07
17629.0,3.601506946460835e-07
17630.0,8.004919088510698e-08
17631.0,1.861026405268045e-09
17632.0,8.010212670756974e-09
17633.0,1.614064525935178e-08
17634.0,2.619587635513811e-08
17635.0,1.1685674236801048e-06
17636.0,2.605997492681091e-08
17637.0,2.786199275544076e-10
17638.0,1.7396320627062606e-06
17639.0,9.094298581302367e-07
17640.0,8.998803692704055e-06
17641.0,4.4833467238527676e-08
17642.0,5.204403641305693e-08
17643.0,4.772556844755384e-07
17644.0,1.529472814305042e-07
17645.0,2.2566796312584096e-07
17646.0,9.739134399581715e-08
17647.0,1.1828050866280856e-07
17648.0,8.621203528544904e-08
17649.0,2.3749773417118633e-07
17650.0,1.481346403004759e-05
17651.0,4.818052982344991e-07
17652.0,1.8304938468247768e-08
17653.0,5.4577712078585937e-11
17654.0,2.609024361792489e-08
17655.0,1.1261120804109345e-06
17656.0,2.8577759620194132e-09
17657.0,9.364521663442549e-09
17658.0,4.882569209911381e-07
17659.0,2.4543691562056006e-09
17660.0,1.0750618740905138e-06
17661.0,4.982818195043399e-10
17662.0,2.6547572871664912e-06
17663.0,7.004605358749891e-08
17664.0,4.478132606475478e-08
17665.0,1.7965844097071385e-08
17666.0,1.3335978530105244e-07
17667.0,4.711041437283194e-08
17668.0,3.5312223382532484e-07
17669.0,3.4859687586550264e-08
17670.0,4.077558303373833e-06
17671.0,1.177235747429089e-07
17672.0,2.293785422382832e-07
17673.0,1.4588659023249032e-08
17674.0,1.0987858119072197e-08
17675.0,6.52540167042823e-07
17676.0,9.86880489690682e-08
17677.0,3.754750424061957e-08
17678.0,2.189574624298513e-06
17679.0,1.3372765554963804e-06
17680.0,1.6361240091478235e-05
17681.0,1.1186060824158119e-07
17682.0,4.679994597270953e-08
17683.0,5.866297037618854e-07
17684.0,5.948571815281013e-08
17685.0,1.777292428389264e-08
17686.0,1.1673524683180126e-07
17687.0,7.349899542164232e-06
17688.0,3.260234664374909e-08
17689.0,1.3075754742191214e-09
17690.0,3.8074626181902604e-08
17691.0,6.001942752015163e-11
17692.0,4.713132292496962e-08
17693.0,8.952886557353939e-11
17694.0,9.48179316767998e-10
17695.0,2.0824924865402024e-07
17696.0,6.247056269966282e-08
17697.0,4.789251886895097e-06
17698.0,3.979983777747227e-06
17699.0,1.5932997634305966e-09
17700.0,7.68006475838346e-10
17701.0,7.956455977812913e-08
17702.0,4.821297691981824e-09
17703.0,4.429856402501486e-09
17704.0,1.7872030482715947e-09
17705.0,1.6803327971435224e-09
17706.0,1.689118773802476e-09
17707.0,8.924735895023234e-09
17708.0,5.548638726649884e-09
17709.0,7.228062979181843e-09
17710.0,1.1501837246583668e-08
17711.0,9.144545372059404e-10
17712.0,1.8939770938042837e-07
17713.0,1.4516986944070275e-09
17714.0,3.613096119804234e-08
17715.0,5.857857821000655e-07
17716.0,3.097759876438044e-05
17717.0,2.6614981253985824e-07
17718.0,9.966698207080721e-06
17719.0,3.097638748140094e-08
17720.0,1.3017279804632564e-08
17721.0,1.2617044666579411e-06
17722.0,2.649939961905798e-07
17723.0,3.7764318362920264e-07
17724.0,7.881951166313714e-06
17725.0,6.9734215391177394e-09
17726.0,8.980773400674277e-07
17727.0,1.1966709313164446e-07
17728.0,7.260781068827111e-10
17729.0,5.562449525176687e-10
17730.0,6.238689507593587e-09
17731.0,3.508253829535434e-11
17732.0,4.2082866102337335e-07
17733.0,2.2070802716997518e-10
17734.0,3.6039547748060874e-09
17735.0,4.20409935743663e-09
17736.0,2.174170675374819e-09
17737.0,8.70042847505462e-08
17738.0,2.737232525846004e-07
17739.0,4.111292032932693e-08
17740.0,3.928781844888717e-06
17741.0,1.4587056376360007e-06
17742.0,3.681486351813341e-06
17743.0,1.032096197056777e-06
17744.0,1.0387864767506383e-07
17745.0,2.820623002921998e-09
17746.0,9.602667812049006e-11
17747.0,8.357697096946553e-06
17748.0,5.515141958863808e-09
17749.0,2.5520399419327094e-07
17750.0,1.3741379040081786e-07
17751.0,8.844800771788747e-10
17752.0,1.2684318535272992e-08
17753.0,1.4548144242815932e-06
17754.0,3.25818015036742e-06
17755.0,4.007535394442161e-06
17756.0,8.555778605837683e-07
17757.0,6.555206917192528e-07
17758.0,1.997072412741208e-07
17759.0,4.969511156564588e-10
17760.0,8.659535213953144e-10
17761.0,1.60769356291413e-09
17762.0,2.291752122098755e-09
17763.0,4.9420272646039275e-05
17764.0,2.461861385029337e-06
17765.0,2.0457867386492374e-07
17766.0,3.304385149332953e-06
17767.0,4.698000658848954e-07
17768.0,3.3367574081986653e-06
17769.0,4.731402729077507e-07
17770.0,4.340816834782727e-07
17771.0,2.4915500086588177e-07
17772.0,6.188275989123636e-05
17773.0,5.338483506504404e-08
17774.0,1.4504463043328768e-08
17775.0,8.173609596608428e-09
17776.0,8.7161220843588e-06
17777.0,3.2447477733927096e-07
17778.0,2.9473367554156006e-08
17779.0,5.321247176023599e-06
17780.0,2.4560894334978073e-09
17781.0,9.80614937478989e-10
17782.0,2.7637862532040644e-07
17783.0,6.186472188926538e-09
17784.0,3.494581686668385e-07
17785.0,3.4107203785636853e-09
17786.0,5.431399093026137e-09
17787.0,2.806148686894343e-08
17788.0,1.939896777903891e-07
17789.0,5.113375279222665e-07
17790.0,1.4013089111770558e-08
17791.0,1.315787912485567e-07
17792.0,5.3167475523121624e-08
17793.0,3.552711784776829e-06
17794.0,3.3257769579410375e-07
17795.0,4.5371318597747124e-09
17796.0,1.326789356369754e-08
17797.0,7.154890540356317e-07
17798.0,4.645990338135159e-10
17799.0,9.497236571488567e-09
17800.0,4.224293076614775e-07
17801.0,1.8096560777365749e-07
17802.0,8.12345834198529e-08
17803.0,2.4103305464950896e-06
17804.0,8.037547340339723e-09
17805.0,5.0148161846594945e-09
17806.0,3.7983418860618747e-07
17807.0,7.159518930172159e-08
17808.0,5.166198100897203e-08
17809.0,3.4723616258195684e-08
17810.0,1.9265186239859518e-08
17811.0,3.569677805965422e-08
17812.0,2.1727993655361904e-08
17813.0,3.8567315566363104e-07
17814.0,6.1200770241527815e-09
17815.0,7.40170697023031e-08
17816.0,8.588479885252563e-07
17817.0,5.3061016135440263e-08
17818.0,8.537394386425816e-08
17819.0,8.137731575389845e-08
17820.0,7.803823706267078e-05
17821.0,1.1933018845997516e-08
17822.0,1.2339749187908553e-07
17823.0,7.389840318434549e-09
17824.0,1.800569143347863e-07
17825.0,5.764423977904389e-07
17826.0,1.3955395401450653e-08
17827.0,3.075838742197642e-05
17828.0,6.470291862907891e-10
17829.0,1.7314266523685455e-06
17830.0,4.233150821295177e-08
17831.0,9.440178221524472e-08
17832.0,2.9802545697567084e-07
17833.0,8.13037534913056e-08
17834.0,1.230527352530993e-07
17835.0,1.627398367675351e-10
17836.0,2.2034431203216564e-08
17837.0,1.4188048429456175e-06
17838.0,9.845031605626541e-10
17839.0,8.135689646109821e-08
17840.0,1.4406337525673911e-08
17841.0,1.0878363194631004e-07
17842.0,7.325008732179185e-08
17843.0,4.918331656826792e-06
17844.0,9.031785716587132e-08
17845.0,1.04750733944529e-08
17846.0,2.321703616369768e-08
17847.0,9.122985167626496e-07
17848.0,4.261069941852716e-07
17849.0,0.0002628840551467985
17850.0,1.2839751517051933e-06
17851.0,4.8177428673253616e-08
17852.0,7.351471405835732e-08
17853.0,4.258317585495765e-10
17854.0,3.080640294904031e-08
17855.0,2.0145713203778437e-08
17856.0,3.190917558501815e-06
17857.0,8.137179427606948e-10
17858.0,3.933491811516026e-06
17859.0,1.3365674135273054e-06
17860.0,1.9445516378700102e-05
17861.0,4.4965606074022766e-08
17862.0,7.914907776342195e-09
17863.0,2.2921983917738885e-09
17864.0,1.2737599927575643e-07
17865.0,8.547424125927732e-07
17866.0,8.752693636209294e-09
17867.0,1.046931925844126e-08
17868.0,3.727429521462928e-08
17869.0,2.2164746897633242e-08
17870.0,1.6611408367052014e-09
17871.0,5.727414053430118e-07
17872.0,7.834995060261539e-09
17873.0,3.7053826198009936e-07
17874.0,1.4882259765768229e-06
17875.0,1.4188318342432286e-06
17876.0,1.1049693975514316e-07
17877.0,8.232805017355878e-09
17878.0,3.333838495017756e-08
17879.0,1.7515803464010304e-07
17880.0,1.1832987753888573e-09
17881.0,2.8931671116527903e-07
17882.0,3.7044062766778767e-07
17883.0,7.937962744727931e-09
17884.0,1.2260871216803923e-06
17885.0,1.051471120958346e-07
17886.0,1.5339240676337237e-07
17887.0,4.983004770728934e-09
17888.0,4.153567327111424e-06
17889.0,1.158824585647187e-06
17890.0,6.552555453294642e-10
17891.0,7.754134856401265e-10
17892.0,2.0960841237829136e-10
17893.0,2.599072317372795e-09
17894.0,1.8673246319019047e-07
17895.0,2.8332356022290545e-08
17896.0,8.104463509941513e-08
17897.0,1.7662783106471573e-06
17898.0,8.975999202405752e-06
17899.0,2.0138094974847057e-07
17900.0,4.991824981346583e-07
17901.0,1.8555430511330915e-08
17902.0,7.008478909443107e-10
17903.0,1.0849053013892905e-07
17904.0,4.189855520165905e-09
17905.0,5.642385099140446e-08
17906.0,3.471708361744549e-07
17907.0,6.377062388574389e-08
17908.0,8.762063920701384e-09
17909.0,4.8670095989017956e-08
17910.0,1.07346334173492e-07
17911.0,2.7576484276982493e-05
17912.0,5.107671381911659e-09
17913.0,3.2739803804831603e-09
17914.0,1.3986143334636114e-09
17915.0,1.0199677350251482e-07
17916.0,5.768043562476119e-08
17917.0,1.8307145433375494e-06
17918.0,3.5279992003312196e-07
17919.0,2.805958073382029e-07
17920.0,3.086265317223743e-08
17921.0,9.915555702841433e-08
17922.0,4.665711879022742e-08
17923.0,1.0701685924470247e-08
17924.0,4.358522159684396e-07
17925.0,8.54141334362746e-08
17926.0,5.189890004090947e-08
17927.0,5.365700590624407e-09
17928.0,3.142100446654173e-06
17929.0,2.6853823960138615e-07
17930.0,2.204198522659788e-06
17931.0,1.3716018504675138e-06
17932.0,3.4287141463590384e-07
17933.0,4.665086693065429e-08
17934.0,3.163922039470824e-08
17935.0,3.2020212817215475e-07
17936.0,1.969541484231545e-08
17937.0,1.7460254660326624e-09
17938.0,6.367968655985257e-07
17939.0,5.6407026617312e-07
17940.0,3.908409304505506e-06
17941.0,9.303272027478456e-08
17942.0,7.895566005961245e-07
17943.0,8.31985988162834e-09
17944.0,6.248003358449053e-08
17945.0,7.793925294541816e-07
17946.0,3.7888682772288894e-08
17947.0,3.5522818334923807e-09
17948.0,1.6030321422502245e-09
17949.0,1.2379759059967437e-09
17950.0,1.0420655879427328e-07
17951.0,1.0703899385650796e-07
17952.0,1.8283693693298272e-07
17953.0,2.124795704060553e-06
17954.0,6.864425263200219e-09
17955.0,1.4639415458127292e-08
17956.0,8.647851481848221e-10
17957.0,7.186604758854507e-08
17958.0,2.678277958599299e-07
17959.0,1.010166522784052e-07
17960.0,1.490006307496329e-07
17961.0,6.814818462959818e-08
17962.0,8.983380924454055e-09
17963.0,2.2997706424217216e-07
17964.0,2.7976929531337237e-08
17965.0,1.0449770498485693e-10
17966.0,1.2919972413060958e-06
17967.0,1.07059077303535e-07
17968.0,5.252906030793931e-10
17969.0,2.1252503038936758e-05
17970.0,4.3631511462090886e-07
17971.0,6.520337607293604e-08
17972.0,8.762267214706692e-09
17973.0,4.187314913479499e-10
17974.0,3.0698560477366785e-06
17975.0,3.047237966744924e-08
17976.0,1.5076504590423328e-10
17977.0,5.1027766227050136e-08
17978.0,7.652371936902215e-07
17979.0,4.3299157258497477e-07
17980.0,6.063008777938643e-12
17981.0,1.469075061672433e-07
17982.0,1.9775561146231083e-07
17983.0,6.830820443620084e-07
17984.0,1.2950037719064552e-06
17985.0,3.552858994577025e-10
17986.0,2.1933851995430607e-08
17987.0,1.008082590626688e-06
17988.0,1.7128504540266772e-09
17989.0,5.857909635658564e-07
17990.0,4.9293231946135194e-08
17991.0,1.773072201680134e-07
17992.0,1.0374024304978484e-09
17993.0,2.2090054097883907e-06
17994.0,1.9804865978871614e-07
17995.0,2.8429183219738364e-05
17996.0,1.409996189519619e-08
17997.0,1.289211673113537e-07
17998.0,9.623991524903759e-08
17999.0,7.314340429754844e-06
18000.0,1.3967541631604322e-10
18001.0,3.2952009080871425e-07
18002.0,2.165469609274183e-08
18003.0,6.333452263462558e-09
18004.0,5.260567614642608e-07
18005.0,9.506343405330841e-08
18006.0,4.552498037495351e-08
18007.0,2.739041035506075e-06
18008.0,7.746521956012002e-08
18009.0,3.5684849326115055e-09
18010.0,7.193958778156734e-08
18011.0,1.1178048089993346e-07
18012.0,4.595817983359137e-07
18013.0,7.230053191583857e-08
18014.0,1.3792405769741742e-06
18015.0,1.9535544997289655e-09
18016.0,3.544009393016485e-10
18017.0,1.3288655296008318e-08
18018.0,7.262985411073498e-09
18019.0,2.8685163241713045e-08
18020.0,4.368339249307926e-10
18021.0,5.014447492619944e-09
18022.0,2.1256617994922447e-09
18023.0,7.501079636007036e-07
18024.0,1.0339237303480544e-07
18025.0,1.3749077280665515e-05
18026.0,8.771275653421542e-10
18027.0,1.5876967873368265e-10
18028.0,3.124962762652448e-08
18029.0,1.0018213926523987e-06
18030.0,4.885611062737051e-08
18031.0,4.561141383605581e-07
18032.0,3.461937184602334e-07
18033.0,5.0767886579917784e-08
18034.0,1.701241010373064e-08
18035.0,4.66083258706245e-06
18036.0,1.6483055312065002e-07
18037.0,6.530763224702255e-07
18038.0,2.583332412932194e-09
18039.0,1.012063001214062e-08
18040.0,9.110994295694056e-07
18041.0,1.635815147748248e-08
18042.0,2.137146784626655e-06
18043.0,2.1505046378990541e-07
18044.0,3.1935106999294673e-07
18045.0,6.737866369227804e-08
18046.0,5.609551534033677e-09
18047.0,2.912852986277464e-07
18048.0,9.862380168137171e-09
18049.0,9.814246862618918e-11
18050.0,2.2888208012599443e-08
18051.0,2.265380295669437e-08
18052.0,0.00013634857438254695
18053.0,2.6668836734769694e-05
18054.0,0.00031700228608477304
18055.0,5.368515470102931e-07
18056.0,7.065274971617707e-09
18057.0,3.726273073870617e-08
18058.0,6.709743478762681e-09
18059.0,8.506531613781439e-08
18060.0,2.78452563376017e-10
18061.0,3.4131167959051903e-06
18062.0,1.1943146992145494e-09
18063.0,1.2961613249397303e-07
18064.0,8.812798789257162e-08
18065.0,4.7876295194056495e-08
18066.0,6.74131877245135e-07
18067.0,7.169750414972016e-06
18068.0,1.2413547470737581e-07
18069.0,1.0270822298420314e-07
18070.0,1.3480487049361298e-07
18071.0,1.5709284323743536e-08
18072.0,2.0448500058662415e-07
18073.0,7.479238132312783e-08
18074.0,5.995943946110997e-08
18075.0,2.907378265303928e-07
18076.0,1.5288199407746152e-07
18077.0,5.843167235264248e-09
18078.0,2.6400270544998094e-06
18079.0,1.0033797650863308e-07
18080.0,2.2542214649974477e-06
18081.0,2.4106130657366883e-07
18082.0,1.2360836789586347e-08
18083.0,0.00016436873565263738
18084.0,2.166641581182964e-07
18085.0,6.936412026026008e-07
18086.0,5.6377740049567654e-08
18087.0,9.486366095651116e-07
18088.0,3.172171573651954e-08
18089.0,1.3489995285622938e-06
18090.0,6.911304650218977e-09
18091.0,1.4042796527555662e-09
18092.0,1.5532300823852122e-06
18093.0,2.5071380673231667e-07
18094.0,1.4132796152666576e-06
18095.0,2.0430373204323856e-09
18096.0,3.4212080174754205e-11
18097.0,2.2193557427463928e-06
18098.0,1.7386165463804618e-06
18099.0,1.7413283085035187e-06
18100.0,3.7756099940727754e-05
18101.0,1.2358378314578484e-06
18102.0,1.3813816051027696e-06
18103.0,0.00017955976927271517
18104.0,1.1219608935611743e-05
18105.0,0.0042987843128544576
18106.0,3.8828225484641905e-05
18107.0,0.0007353882576695626
18108.0,2.307386989925389e-09
18109.0,4.6404961947444473e-10
18110.0,1.2431825994461175e-06
18111.0,2.516445046891706e-08
18112.0,2.335695964751993e-11
18113.0,4.784597005923669e-10
18114.0,2.1900804135980503e-09
18115.0,8.555107855592057e-09
18116.0,2.121858561267007e-09
18117.0,2.0926837808210088e-10
18118.0,9.232450730192993e-07
18119.0,9.410055663793403e-07
18120.0,7.509374885641697e-08
18121.0,7.94526358486556e-09
18122.0,3.71655902237622e-08
18123.0,1.286330969786682e-09
18124.0,6.134222871109795e-07
18125.0,2.1513345620019713e-06
18126.0,3.4450021862952263e-06
18127.0,1.6687766551818554e-06
18128.0,1.4720122089170964e-09
18129.0,2.7648492624534883e-06
18130.0,1.9483414653502967e-05
18131.0,9.556700832762638e-07
18132.0,7.048133073910188e-09
18133.0,9.280214030676394e-06
18134.0,1.711326148895816e-07
18135.0,1.2528219190243324e-06
18136.0,1.25920843840788e-07
18137.0,7.896680267110163e-06
18138.0,8.914121789188768e-08
18139.0,1.7049602167712792e-07
18140.0,3.388738816241288e-11
18141.0,2.2408011018691196e-07
18142.0,7.342871726803954e-07
18143.0,1.1200306009535982e-07
18144.0,3.106342849760611e-09
18145.0,1.0388058372157247e-08
18146.0,1.6725581657643377e-08
18147.0,1.5097997947144967e-06
18148.0,8.332916336180218e-07
18149.0,4.5916146278260935e-06
18150.0,1.7151582774603265e-08
18151.0,1.8212004724959834e-06
18152.0,0.00011032702121432786
18153.0,2.3683297354310496e-09
18154.0,6.045678563795755e-06
18155.0,5.356138491558453e-06
18156.0,2.786229415436664e-05
18157.0,1.982185705114425e-07
18158.0,7.2363273529021735e-09
18159.0,8.453283769295571e-07
18160.0,3.5866279654811275e-12
18161.0,6.325020984136486e-08
18162.0,2.3140095835808668e-05
18163.0,0.02305039729850953
18164.0,2.6625981818770397e-06
18165.0,3.4862897558381444e-06
18166.0,5.567361268809588e-06
18167.0,0.0005377209895901923
18168.0,6.987142527783583e-11
18169.0,3.390861400543457e-09
18170.0,1.822759872577286e-08
18171.0,6.74383276719388e-08
18172.0,3.738602614002684e-09
18173.0,5.4076827397170026e-08
18174.0,1.4594462777372546e-12
18175.0,3.130229690820536e-10
18176.0,7.852200928933212e-09
18177.0,4.918864225581182e-09
18178.0,1.590754279275817e-09
18179.0,1.0401116703470557e-09
18180.0,3.3934263691257964e-07
18181.0,1.4984851539708816e-06
18182.0,5.311962500947815e-06
18183.0,5.991745134522035e-08
18184.0,1.692976792195404e-09
18185.0,8.052664073802786e-09
18186.0,3.054013697503377e-10
18187.0,1.753295052348216e-08
18188.0,1.943779249116532e-05
18189.0,7.062230583771107e-06
18190.0,9.136286758452482e-10
18191.0,7.875024915923363e-09
18192.0,1.7075465973523346e-09
18193.0,7.900992257321366e-11
18194.0,2.563003570235159e-08
18195.0,3.7969342149946246e-07
18196.0,1.2194902634205786e-08
18197.0,1.3332118846743296e-10
18198.0,1.8187749948542327e-09
18199.0,8.219892992099041e-07
18200.0,1.4235538132868275e-06
18201.0,1.502585365481236e-08
18202.0,4.4070662746333934e-08
18203.0,6.178768563226881e-09
18204.0,1.1897448060054534e-09
18205.0,8.341300633744635e-10
18206.0,1.039151746122747e-08
18207.0,5.89854092596227e-11
18208.0,1.0233115218797878e-09
18209.0,8.610563689248776e-09
18210.0,7.305711373695547e-10
18211.0,3.7471889909934867e-10
18212.0,8.906032812352592e-12
18213.0,3.396088300163025e-11
18214.0,2.6451505904791827e-10
18215.0,1.0263617427951371e-10
18216.0,4.070601661089059e-07
18217.0,1.0497228766567757e-10
18218.0,6.304530453164144e-09
18219.0,4.4578513970651515e-08
18220.0,5.3962763134306265e-11
18221.0,1.231195644388941e-10
18222.0,3.2513518573689957e-10
18223.0,4.3072525894700544e-10
18224.0,5.407627960609229e-10
18225.0,1.1089329069151603e-08
18226.0,2.139882758476484e-09
18227.0,1.376621274497529e-09
18228.0,3.84447036135214e-11
18229.0,1.5313255932788167e-09
18230.0,1.064357180828004e-08
18231.0,2.697138690390924e-10
18232.0,4.049708514636755e-08
18233.0,6.005005884641529e-08
18234.0,1.4144044163671702e-08
18235.0,2.7638795480873235e-08
18236.0,2.1624951492189284e-08
18237.0,3.5961935482373315e-10
18238.0,1.9533564769200805e-06
18239.0,1.7169877577743377e-07
18240.0,5.136968201438974e-07
18241.0,1.8024657130869851e-09
18242.0,0.001656570048662508
18243.0,9.182674996886564e-08
18244.0,2.58625941739168e-06
18245.0,4.884204139323936e-11
18246.0,2.442977440946262e-07
18247.0,6.115256458563848e-06
18248.0,2.7456622121660495e-08
18249.0,2.3687208764911133e-08
18250.0,5.114645372509069e-07
18251.0,1.8799677497357864e-06
18252.0,0.0009291062984586836
18253.0,1.3857116512419141e-05
18254.0,9.125216774062557e-08
18255.0,9.78225659962605e-07
18256.0,4.4182984554991915e-07
18257.0,2.6399105233643746e-08
18258.0,5.819602828190203e-07
18259.0,5.145859252513798e-09
18260.0,1.6094631773659648e-05
18261.0,9.893019372252859e-08
18262.0,2.0045158211786945e-07
18263.0,5.580452144086631e-09
18264.0,2.4150147555868637e-09
18265.0,3.16648764051563e-07
18266.0,2.0882785731176363e-08
18267.0,5.7481674657528546e-11
18268.0,7.418883495737454e-09
18269.0,1.58046612311025e-07
18270.0,8.126657805933956e-10
18271.0,0.00016605598054977142
18272.0,7.915099701953651e-10
18273.0,1.3162335756979736e-08
18274.0,4.606401933505431e-09
18275.0,6.864302958170083e-10
18276.0,7.507702222902184e-10
18277.0,2.1843015336782096e-07
18278.0,1.3556859128449863e-09
18279.0,2.5545370222955195e-05
18280.0,2.856605038533946e-06
18281.0,1.091856487200618e-06
18282.0,4.075827305604876e-06
18283.0,3.179069930131373e-06
18284.0,2.9554761196834503e-05
18285.0,1.1925052894595966e-05
18286.0,9.316920281052858e-08
18287.0,7.269126877429268e-07
18288.0,0.0007832605936681905
18289.0,1.2564032759820553e-08
18290.0,5.0631089469589425e-08
18291.0,0.0007977506690499884
18292.0,3.4355705149901955e-11
18293.0,1.1811258262706271e-06
18294.0,1.5935126381489615e-06
18295.0,5.699451933060312e-05
18296.0,0.0007309085912664234
18297.0,1.0380231409199126e-06
18298.0,4.2827057229614696e-08
18299.0,0.0002004772457233556
18300.0,2.1976980854831665e-06
18301.0,2.4980323389997606e-07
18302.0,7.110526923359865e-11
18303.0,8.937621022021089e-10
18304.0,8.944728799548888e-08
18305.0,1.20881364859057e-07
18306.0,2.653479362788626e-06
18307.0,2.695929715773821e-11
18308.0,2.3642189132973468e-12
18309.0,1.2567924343367842e-08
18310.0,1.160348078092768e-09
18311.0,9.042679255396129e-07
18312.0,2.6130301524239346e-05
18313.0,7.929413380586198e-07
18314.0,0.0005948267148818718
18315.0,1.1273694727948676e-06
18316.0,1.7524540977786308e-07
18317.0,0.001067715351961632
18318.0,1.1280637966109318e-07
18319.0,1.7970807547518926e-05
18320.0,0.05437218824708818
18321.0,0.001463502602197876
18322.0,0.00012723416940283556
18323.0,6.608523553606934e-05
18324.0,1.1463945459036589e-05
18325.0,8.836185172675821e-08
18326.0,3.2846898429059986e-06
18327.0,1.4472321315464303e-06
18328.0,7.557695299373773e-08
18329.0,1.1199840711984148e-12
18330.0,3.90457626462261e-05
18331.0,0.0003779597446772538
18332.0,1.0404884382521495e-07
18333.0,7.003684610027223e-11
18334.0,5.6364190320801396e-08
18335.0,2.36717470894759e-09
18336.0,1.2460262568403488e-05
18337.0,2.702401348546773e-06
18338.0,1.4634685443442757e-05
18339.0,2.6392037963825986e-07
18340.0,8.415656718158619e-05
18341.0,9.27190052690688e-09
18342.0,7.639341394185261e-07
18343.0,1.5220636283097339e-06
18344.0,4.2652035174413e-07
18345.0,0.00012843387435130895
18346.0,7.569670073039938e-12
18347.0,2.1038218019333038e-10
18348.0,4.255241378355289e-09
18349.0,2.5330286822140194e-09
18350.0,2.6415821262938963e-11
18351.0,5.545690080662902e-10
18352.0,3.9403563284714974e-09
18353.0,8.871260201704919e-11
18354.0,2.9499390078198297e-07
18355.0,7.959407724849081e-11
18356.0,4.62079678707541e-11
18357.0,2.1159153108060765e-11
18358.0,9.543139427439907e-10
18359.0,3.151682882587766e-08
18360.0,4.985786487103078e-13
18361.0,1.3985063818157135e-11
18362.0,3.828492048419683e-12
18363.0,4.816563375066253e-11
18364.0,7.449804818458689e-10
18365.0,2.311026099630752e-10
18366.0,2.0820438831235096e-10
18367.0,5.407253750302599e-08
18368.0,2.0019388822402063e-05
18369.0,1.1830098854570596e-08
18370.0,5.9617991160642254e-06
18371.0,2.0752942957492245e-13
18372.0,5.30261657264295e-12
18373.0,1.1403197474917654e-09
18374.0,5.326296208607591e-11
18375.0,1.26007973810707e-10
18376.0,5.844338041511879e-12
18377.0,3.439615498852761e-13
18378.0,2.0632342598181213e-09
18379.0,2.5547074503882775e-09
18380.0,1.0922118346456871e-11
18381.0,9.261324744852068e-10
18382.0,2.5092283507016625e-11
18383.0,2.2871392951379279e-10
18384.0,5.784177742943282e-10
18385.0,1.3104724524816962e-10
18386.0,1.0941112703313816e-10
18387.0,9.003417925941536e-07
18388.0,1.623484460972573e-10
18389.0,8.387006028673298e-10
18390.0,1.7970658203402216e-11
18391.0,4.172767794499282e-10
18392.0,9.693767140295243e-12
18393.0,7.754305663716724e-09
18394.0,1.0850011281733512e-10
18395.0,2.8174694865696623e-11
18396.0,3.7255569457705977e-10
18397.0,3.953526121079503e-10
18398.0,3.8621403876360074e-10
18399.0,2.9854900179325497e-11
18400.0,2.096995307055316e-11
18401.0,1.1205454821965359e-11
18402.0,6.327075321084481e-10
18403.0,1.2378782238748018e-10
18404.0,2.024642548666581e-08
18405.0,1.7118564470645362e-09
18406.0,1.8535549303162826e-10
18407.0,3.227869121731476e-09
18408.0,1.4651505362225808e-10
18409.0,3.284312913780794e-08
18410.0,2.6545382104271274e-09
18411.0,2.5693854191763028e-11
18412.0,5.871820529627361e-09
18413.0,3.302410964770036e-12
18414.0,4.8970995361922194e-08
18415.0,3.4774379991920384e-10
18416.0,1.2810545395248048e-08
18417.0,1.0655406726898774e-06
18418.0,1.0888062523865904e-08
18419.0,2.380529668877768e-11
18420.0,6.716461290120784e-12
18421.0,1.3510897856554032e-09
18422.0,3.0263078858852835e-11
18423.0,2.3482932050550258e-09
18424.0,5.253615223227726e-10
18425.0,2.972256145454022e-11
18426.0,2.5145796545149693e-12
18427.0,6.037034211888323e-12
18428.0,1.591179779632291e-09
18429.0,2.455289145524966e-09
18430.0,3.4255021862606166e-09
18431.0,9.69646584537452e-11
18432.0,8.48705323653978e-10
18433.0,1.5732086345299842e-08
18434.0,4.3038066860196344e-10
18435.0,1.0998391801529157e-08
18436.0,3.9726206217132595e-09
18437.0,4.830138029081739e-10
18438.0,1.1738681435203778e-10
18439.0,3.376965046923427e-10
18440.0,7.668320693211015e-12
18441.0,1.66543607335575e-10
18442.0,2.5468587598176105e-11
18443.0,4.807877999537858e-12
18444.0,2.5663112458715095e-07
18445.0,3.021706525625515e-12
18446.0,4.9938772447305945e-09
18447.0,7.734365669163508e-10
18448.0,1.0550733139304714e-07
18449.0,7.179363627917855e-10
18450.0,2.4885259127407445e-11
18451.0,1.448699932147658e-09
18452.0,1.697627595150953e-09
18453.0,4.957458596485889e-09
18454.0,9.299161730798101e-09
18455.0,1.0282438698408513e-08
18456.0,1.489502470005576e-09
18457.0,2.6946805782903443e-12
18458.0,4.2688707105215526e-12
18459.0,5.870867741472891e-09
18460.0,1.9515299865379038e-10
18461.0,4.0290115646558164e-11
18462.0,5.609914452180912e-10
18463.0,9.34945614432483e-09
18464.0,9.930228036533141e-11
18465.0,4.172918432408529e-10
18466.0,1.0868565868850086e-09
18467.0,6.563019608972844e-10
18468.0,7.833226052007134e-11
18469.0,4.1304497565213975e-08
18470.0,3.0430983906804854e-08
18471.0,6.277163097892321e-09
18472.0,4.395130419677724e-11
18473.0,2.411807195973425e-10
18474.0,3.214139836838257e-11
18475.0,2.0749933061080457e-11
18476.0,4.590209892489754e-09
18477.0,2.80128602424897e-10
18478.0,1.1571004943824558e-08
18479.0,1.8244626187531478e-10
18480.0,3.063240408426245e-09
18481.0,4.3634142092555793e-11
18482.0,3.28515258017619e-09
18483.0,6.236125703321005e-11
18484.0,7.355800035271804e-10
18485.0,7.407776054791133e-10
18486.0,6.695957228684972e-10
18487.0,1.8422055222101939e-13
18488.0,3.901305191013722e-09
18489.0,1.3320478213472018e-12
18490.0,5.143992986103844e-10
18491.0,6.204350985536617e-11
18492.0,4.5336622688423e-07
18493.0,3.898796775668183e-05
18494.0,6.762979827301624e-05
18495.0,0.0001426168842652836
18496.0,8.176090566719301e-07
18497.0,0.00031607366727135774
18498.0,0.00023856204339682503
18499.0,1.4961328904790128e-06
18500.0,1.1317985606813319e-05
18501.0,0.020790817487123758
18502.0,6.155503371205754e-05
18503.0,0.00035825659187220505
18504.0,0.00030972629818344394
18505.0,2.9577925086522737e-05
18506.0,5.7571865505687724e-05
18507.0,0.00029436322116788453
18508.0,0.0008285650983818766
18509.0,3.783109284300251e-05
18510.0,0.0002329188619366093
18511.0,2.507416647563757e-06
18512.0,0.0006029297480270118
18513.0,0.00011922834382136272
18514.0,4.357652375245865e-06
18515.0,2.4779676783271623e-06
18516.0,3.986318961106014e-07
18517.0,6.484246625121282e-05
18518.0,0.0029079819349120757
18519.0,3.545103893660864e-05
18520.0,1.2579766211459795e-05
18521.0,2.306557105673405e-05
18522.0,2.783825455908363e-06
18523.0,7.499832557518997e-07
18524.0,1.271228383806576e-06
18525.0,1.9528288342844717e-06
18526.0,6.630011045798734e-06
18527.0,6.209052501698636e-07
18528.0,0.0005993028258035378
18529.0,9.623691756026853e-05
18530.0,9.777695287926014e-08
18531.0,1.3033696119789498e-07
18532.0,2.022922637503272e-06
18533.0,2.407911486670423e-05
18534.0,1.2099818931505801e-06
18535.0,2.9848505925869635e-08
18536.0,7.728050567446075e-05
18537.0,1.2919579173224159e-06
18538.0,9.848247450367385e-07
18539.0,4.320572337028589e-06
18540.0,3.166479735466147e-07
18541.0,1.7766527598459553e-09
18542.0,5.567821382289827e-07
18543.0,1.8234708315200534e-10
18544.0,7.588647701772886e-09
18545.0,1.19763646239031e-09
18546.0,2.838013088754161e-08
18547.0,3.039447398548517e-09
18548.0,1.9691786003805408e-07
18549.0,3.033756726553818e-07
18550.0,5.578790898568648e-07
18551.0,1.2939675901152148e-08
18552.0,4.932735934087778e-08
18553.0,6.469693129088271e-09
18554.0,3.014335858487927e-07
18555.0,1.4424729167401828e-09
18556.0,6.048636847171622e-12
18557.0,2.2609721950843772e-09
18558.0,8.246358385608642e-09
18559.0,4.508539087409148e-10
18560.0,2.2909904497597925e-06
18561.0,2.0756903177223885e-09
18562.0,1.7193349580035706e-10
18563.0,8.428825047951853e-09
18564.0,7.121103574545784e-09
18565.0,2.282590093343667e-11
18566.0,1.2431412896825514e-10
18567.0,5.760581530315846e-10
18568.0,5.381204573136047e-12
18569.0,1.241327227579471e-12
18570.0,1.6648354719641696e-12
18571.0,5.298731938771325e-07
18572.0,1.352169257882891e-09
18573.0,2.3678531651427823e-09
18574.0,2.892848918674284e-09
18575.0,9.678948604866643e-08
18576.0,1.5394197474070994e-11
18577.0,2.2726329675542623e-09
18578.0,1.9292743344470308e-11
18579.0,3.780376897407359e-12
18580.0,2.2682336458293207e-09
18581.0,5.17344789227486e-10
18582.0,1.2788899977860143e-08
18583.0,1.3540626154803829e-10
18584.0,5.413265441737856e-12
18585.0,4.5106255906873845e-08
18586.0,5.039818354109665e-13
18587.0,1.4823291510096127e-10
18588.0,5.08256701801223e-10
18589.0,2.112412553462346e-14
18590.0,3.009906401496745e-11
18591.0,2.9502646111770807e-11
18592.0,3.794681589754229e-10
18593.0,1.6062622745763715e-08
18594.0,5.093972906391245e-12
18595.0,2.2635231526452916e-09
18596.0,1.421613184362875e-06
18597.0,1.4792405982327502e-10
18598.0,2.036803057319421e-10
18599.0,9.343420425998635e-10
18600.0,7.696052152146098e-10
18601.0,3.0419360820707645e-12
18602.0,5.69418928349079e-13
18603.0,3.838177030711335e-12
18604.0,2.0571255850900274e-09
18605.0,2.7675479472459727e-12
18606.0,6.40745709423896e-15
18607.0,1.6259111174165774e-15
18608.0,4.6596256961887624e-11
18609.0,1.3947434415961371e-14
18610.0,1.0409306456985874e-10
18611.0,1.8699506262386603e-09
18612.0,1.1303779544469663e-09
18613.0,1.0633960763607508e-10
18614.0,1.8429087711651157e-10
18615.0,2.0599106338400213e-09
18616.0,5.437008619665658e-13
18617.0,2.9970068450676813e-10
18618.0,7.071670482928863e-11
18619.0,2.224773557839859e-10
18620.0,3.6502721866864433e-10
18621.0,4.542998635972599e-13
18622.0,2.2682543852053536e-12
18623.0,9.997989038454835e-09
18624.0,3.6327207967985157e-12
18625.0,1.3206450332224359e-11
18626.0,1.830432319947384e-11
18627.0,2.1867869639579347e-11
18628.0,4.234286049475507e-11
18629.0,0.00823553005164271
18630.0,2.6148061153724407e-10
18631.0,7.548626766098993e-12
18632.0,6.365364181806344e-10
18633.0,5.089686076199334e-12
18634.0,1.2029240390201378e-10
18635.0,2.899534779925006e-12
18636.0,1.262293032138868e-09
18637.0,4.1402481041673144e-11
18638.0,2.4624183537324996e-11
18639.0,5.0912972279866923e-11
18640.0,1.6219126296833612e-09
18641.0,3.0702612767916514e-13
18642.0,5.652141648019164e-11
18643.0,3.6051719083914465e-10
18644.0,9.757309739405931e-11
18645.0,1.0801467553693595e-10
18646.0,1.2650729148583624e-09
18647.0,1.124627589616394e-11
18648.0,1.1610180984166542e-10
18649.0,1.1215077915762783e-09
18650.0,1.2439471809012352e-10
18651.0,8.919600690855159e-11
18652.0,3.5936735722855696e-09
18653.0,3.3965530733214257e-11
18654.0,3.4538906990374133e-10
18655.0,1.677583134483547e-11
18656.0,8.052728562800878e-10
18657.0,3.589459202454877e-10
18658.0,2.7656780284715342e-08
18659.0,8.87155003573038e-12
18660.0,2.483319976404461e-11
18661.0,1.295152331475738e-11
18662.0,4.010848107679521e-07
18663.0,1.852621051592901e-12
18664.0,9.766932080663008e-11
18665.0,4.029598652118618e-12
18666.0,3.1367101056415683e-09
18667.0,1.9133046863277322e-12
18668.0,1.3627869747186208e-14
18669.0,9.292044938976346e-14
18670.0,2.7229207359519414e-10
18671.0,3.8155279510566443e-13
18672.0,7.07372028094565e-14
18673.0,6.084097926245838e-13
18674.0,1.0548285979368979e-11
18675.0,2.9120465581424403e-12
18676.0,1.5833749322212683e-10
18677.0,5.915836397811286e-09
18678.0,1.2316541693426242e-13
18679.0,1.9100020941173293e-11
18680.0,2.4937862227669394e-13
18681.0,3.1372773795649475e-12
18682.0,8.38503164102889e-12
18683.0,3.983539608007988e-08
18684.0,8.90701455953154e-13
18685.0,4.376002803823942e-09
18686.0,9.667252583618855e-09
18687.0,1.920583291017918e-10
18688.0,1.1632625606028175e-12
18689.0,5.427488430461202e-10
18690.0,1.6743008261237854e-08
18691.0,3.0752043146969954e-06
18692.0,9.987360210784838e-11
18693.0,1.0908483613753697e-09
18694.0,9.558962436183002e-09
18695.0,6.881362897874241e-09
18696.0,8.829587220033942e-06
18697.0,2.997122970187725e-06
18698.0,6.068957242706595e-07
18699.0,3.0394265815336385e-09
18700.0,6.873492867485138e-09
18701.0,2.256804368506633e-06
18702.0,6.64864904324867e-07
18703.0,3.356735914974529e-09
18704.0,1.6831644046919875e-06
18705.0,1.874583885994822e-10
18706.0,2.612367756997574e-07
18707.0,5.197638254055331e-12
18708.0,5.694834660238121e-09
18709.0,1.0187764355166257e-10
18710.0,6.06312271890678e-11
18711.0,2.3421903349568112e-11
18712.0,2.460208601144979e-10
18713.0,2.6413326485694755e-11
18714.0,1.9753874631554873e-10
18715.0,1.929119878190456e-11
18716.0,1.8778988844423085e-08
18717.0,2.0321867919911462e-10
18718.0,9.686576581084828e-07
18719.0,1.0463746195481838e-07
18720.0,4.029052444899825e-08
18721.0,1.888365102531528e-09
18722.0,5.83367403973506e-09
18723.0,1.0930466721698576e-10
18724.0,4.1142395757591203e-10
18725.0,2.2441255530845548e-08
18726.0,5.299618663511545e-06
18727.0,7.718618990004926e-09
18728.0,1.4344541747201544e-06
18729.0,3.0128370727845944e-07
18730.0,1.0003335412863885e-09
18731.0,1.8223175263401497e-10
18732.0,1.1429230141357987e-05
18733.0,7.093345106831629e-08
18734.0,1.094774648231494e-06
18735.0,6.477563939045581e-09
18736.0,3.61516599151682e-08
18737.0,3.052632041374377e-10
18738.0,1.6834774242189923e-07
18739.0,8.951788901207853e-09
18740.0,6.624981221770019e-09
18741.0,1.7964851999945356e-07
18742.0,3.605340515692297e-08
18743.0,3.101880761931007e-10
18744.0,7.102423521167857e-07
18745.0,8.508446767279215e-08
18746.0,2.174249578170359e-10
18747.0,6.535921394411484e-06
18748.0,7.05265822196054e-07
18749.0,4.079104539560165e-09
18750.0,7.819205813822475e-07
18751.0,1.9256788780438615e-08
18752.0,0.0005085744388632284
18753.0,0.00031800148905366366
18754.0,4.593458943366242e-06
18755.0,9.741175165179982e-09
18756.0,1.0743977873600086e-05
18757.0,3.521785362826194e-05
18758.0,6.151227378827081e-07
18759.0,3.5134392020866657e-07
18760.0,5.950749684482864e-11
18761.0,1.0984900663063567e-08
18762.0,1.8249300074847676e-07
18763.0,3.020117283732405e-08
18764.0,1.2311225912697094e-09
18765.0,7.535950570183747e-06
18766.0,0.00010890190154429047
18767.0,5.0978979393390456e-05
18768.0,2.1986803288314158e-05
18769.0,4.987392478106521e-08
18770.0,4.139938247981818e-07
18771.0,1.319656880655879e-07
18772.0,4.49574624305624e-09
18773.0,7.391574607286088e-09
18774.0,2.293021580635924e-08
18775.0,1.2467336719319024e-09
18776.0,1.3660919994362041e-10
18777.0,5.2077802305170085e-09
18778.0,1.2516116404424117e-07
18779.0,2.7085620492325926e-08
18780.0,4.1480020255301387e-11
18781.0,6.898577114179216e-13
18782.0,3.828980739907128e-09
18783.0,3.353925231626536e-09
18784.0,8.080238357001864e-08
18785.0,2.2633881824925343e-06
18786.0,3.823755230897329e-09
18787.0,0.010618915683869653
18788.0,2.8060525093188987e-06
18789.0,4.389897435769445e-08
18790.0,4.0429756334575995e-06
18791.0,2.8598153234409863e-07
18792.0,2.042861001556465e-07
18793.0,8.142826197710204e-06
18794.0,0.0006251829111114377
18795.0,0.0003809984059733695
18796.0,1.172159817520909e-05
18797.0,5.2838187614040295e-06
18798.0,7.258710668820602e-07
18799.0,3.6407056156796807e-06
18800.0,3.340112479814168e-05
18801.0,6.715876602342745e-06
18802.0,1.9759190101437162e-06
18803.0,0.024759043248882402
18804.0,7.057147956861217e-07
18805.0,2.4646799383337896e-06
18806.0,8.305368372001336e-07
18807.0,7.118669873313733e-05
18808.0,0.00013412537680883272
18809.0,0.053379722264802774
18810.0,2.3440059734642145e-05
18811.0,0.0034381140491566496
18812.0,0.00012786176098802002
18813.0,1.5594579256988911e-06
18814.0,3.023420601802421e-07
18815.0,3.0943496253941995e-06
18816.0,1.691373629840223e-05
18817.0,9.364629300662662e-05
18818.0,0.00010613651216251725
18819.0,0.00020630130587471945
18820.0,7.589095875941757e-05
18821.0,0.0008733618236462322
18822.0,9.360341838806401e-05
18823.0,4.2828768746605915e-06
18824.0,1.0348374767943441e-06
18825.0,0.001046183756058233
18826.0,5.37669507348017e-06
18827.0,1.299004736778324e-06
18828.0,2.773313807427101e-06
18829.0,0.0035726516220345676
18830.0,0.003942346268615854
18831.0,1.0994558097675115e-06
18832.0,0.0005910092121749833
18833.0,0.011923562383797447
18834.0,4.568617312199762e-07
18835.0,7.8285073637035e-06
18836.0,3.1924251915127066e-05
18837.0,0.0007862279729027973
18838.0,0.0004434387519210051
18839.0,3.0141104512328906e-07
18840.0,1.0209138239188302e-05
18841.0,0.000966492195895127
18842.0,2.790570484452312e-07
18843.0,5.17012971680871e-08
18844.0,6.9772450356095e-05
18845.0,1.9653880328559984e-06
18846.0,2.7747988352328436e-06
18847.0,0.0001995386240365133
18848.0,7.219957873720485e-06
18849.0,1.1247912200491293e-05
18850.0,2.622124201188867e-05
18851.0,0.0003184703451674772
18852.0,0.000488635292553761
18853.0,2.64360868909219e-05
18854.0,3.821758741990841e-07
18855.0,5.024667328808543e-07
18856.0,2.130493011177e-06
18857.0,5.179557769937905e-06
18858.0,0.00101095592692365
18859.0,3.824782756985177e-05
18860.0,2.0421667823960018e-05
18861.0,2.967702720435127e-07
18862.0,2.1107533405754777e-05
18863.0,7.772472293279116e-06
18864.0,5.666729014357327e-05
18865.0,5.095661215886073e-07
18866.0,0.0006260502909995431
18867.0,6.7104983035443794e-06
18868.0,0.0008660259465701885
18869.0,2.039775022372835e-05
18870.0,0.00010194488950738925
18871.0,0.0008466755037907841
18872.0,0.0002064436531677358
18873.0,5.8618467501088006e-05
18874.0,0.0006248660499071374
18875.0,0.0003019100349857549
18876.0,0.00026533002699758265
18877.0,2.546912400158463e-05
18878.0,7.064980305711177e-05
18879.0,5.209568747750099e-05
18880.0,1.132781737988593e-06
18881.0,3.666703109229843e-05
18882.0,1.1778041599539636e-06
18883.0,0.005471783377256369
18884.0,8.350593548909292e-05
18885.0,0.0005783622883886663
18886.0,0.0001551675455940274
18887.0,0.0011976097947636768
18888.0,0.00010057091296780091
18889.0,0.0005799607866410633
18890.0,0.00538479596311028
18891.0,0.028703184141766636
18892.0,0.00012796637219403848
18893.0,0.0425118584629525
18894.0,8.068473007974545e-08
18895.0,7.509655038076598e-08
18896.0,1.9705468448812027e-09
18897.0,1.1509845203574618e-11
18898.0,1.4957720283207635e-10
18899.0,5.870003002393954e-09
18900.0,2.0016400199950566e-09
18901.0,2.1212774421911044e-09
18902.0,8.762500897828119e-11
18903.0,1.5464387018292204e-10
18904.0,3.5307097951478715e-10
18905.0,1.7113720959330403e-09
18906.0,2.9048470973786807e-10
18907.0,1.2783802391382193e-07
18908.0,1.3177562736543822e-08
18909.0,5.0290677671867695e-08
18910.0,5.296307541334204e-08
18911.0,3.679790732862849e-09
18912.0,3.0350334446834346e-09
18913.0,2.095815172752101e-10
18914.0,1.1787593554532084e-08
18915.0,3.35199281427023e-10
18916.0,3.920430690480266e-09
18917.0,1.033089442957376e-08
18918.0,7.068705303312468e-08
18919.0,7.604074662839856e-09
18920.0,1.8068886976572325e-06
18921.0,6.3589447863484335e-09
18922.0,7.193242516692786e-08
18923.0,7.590271439002622e-09
18924.0,2.0681110178674814e-07
18925.0,9.40255511403724e-08
18926.0,1.938457820141272e-10
18927.0,1.7953839070382314e-07
18928.0,1.1556542398985326e-08
18929.0,1.4265765901638384e-09
18930.0,3.835070581889054e-08
18931.0,6.816404858872522e-08
18932.0,3.269800635842051e-06
18933.0,1.2744731247533281e-09
18934.0,9.179526575497362e-09
18935.0,4.0729337092390157e-10
18936.0,4.346631981344286e-08
18937.0,1.0651963718245839e-08
18938.0,1.1002553866413953e-07
18939.0,3.5664616775407153e-09
18940.0,2.1145072472572373e-07
18941.0,5.856333289296853e-07
18942.0,0.0005523563758380491
18943.0,5.3258942730760024e-05
18944.0,3.525056046215434e-05
18945.0,2.5031446225986516e-07
18946.0,0.00014109228450188353
18947.0,4.7994553943257075e-08
18948.0,1.0917709402165175e-05
18949.0,6.773465441728018e-05
18950.0,1.1809347999856924e-06
18951.0,8.79952935678555e-07
18952.0,0.00010830917297616899
18953.0,5.351966698011432e-10
18954.0,3.0201355248175725e-07
18955.0,1.4772813955755444e-05
18956.0,7.928588309339875e-10
18957.0,2.887864978295844e-09
18958.0,1.1441506618146715e-06
18959.0,6.600660415864582e-10
18960.0,1.4527405730230326e-07
18961.0,3.1724976978757675e-08
18962.0,1.365878135948717e-09
18963.0,1.1608138862061302e-08
18964.0,2.049310805948272e-08
18965.0,1.214503026517947e-09
18966.0,3.837440490325355e-09
18967.0,3.972946384505722e-09
18968.0,3.855606721523094e-08
18969.0,6.619101332280997e-07
18970.0,1.36790083880328e-10
18971.0,2.7799471532972676e-08
18972.0,1.0456394181090187e-08
18973.0,1.1134006542721448e-09
18974.0,1.6895390148558441e-09
18975.0,1.4453861562337637e-09
18976.0,1.925952578362108e-07
18977.0,3.8151649298325797e-13
18978.0,3.248573227231711e-08
18979.0,1.132484316792256e-06
18980.0,8.985213252884202e-10
18981.0,9.24222288866637e-10
18982.0,2.2135730546803858e-12
18983.0,4.9708064295410005e-12
18984.0,1.2574738631193457e-10
18985.0,1.8617565175789145e-07
18986.0,1.0384904003287988e-07
18987.0,4.468579246299416e-08
18988.0,1.2179903949680229e-08
18989.0,9.085520415744594e-11
18990.0,1.910076543940847e-09
18991.0,7.701036551476109e-07
18992.0,8.924854842112876e-06
18993.0,3.7854839862149303e-07
18994.0,3.682475316443007e-08
18995.0,3.2576692612596624e-05
18996.0,9.682247197866424e-05
18997.0,7.158427916488533e-06
18998.0,4.396089869139166e-09
18999.0,3.420134152998418e-10
19000.0,7.49441765995135e-05
19001.0,4.264602477808643e-06
19002.0,3.8150357528000735e-07
19003.0,2.2687037903424954e-05
19004.0,4.607526333601041e-06
19005.0,2.172721112018445e-05
19006.0,0.00028312408253010183
19007.0,1.0758386684564246e-08
19008.0,1.8358777647033347e-09
19009.0,0.00016345556245482521
19010.0,4.666791759381478e-07
19011.0,0.007632327904975584
19012.0,0.0011779670321364522
19013.0,8.85319761725332e-08
19014.0,1.6554922595811298e-11
19015.0,3.787575430691638e-08
19016.0,1.1766090590588891e-06
19017.0,1.4198485516048737e-07
19018.0,5.467942579129205e-07
19019.0,9.758478653226571e-08
19020.0,2.5167782724466113e-08
19021.0,3.0839318341250817e-09
19022.0,1.6393545820536723e-08
19023.0,5.36374392273489e-08
19024.0,5.052595111481754e-08
19025.0,1.0598107175651652e-08
19026.0,8.51314661559454e-08
19027.0,2.718504323081779e-10
19028.0,9.015740608544384e-11
19029.0,1.1672405053078468e-06
19030.0,4.255679727278284e-09
19031.0,0.00025378237985355966
19032.0,4.1405787895662625e-06
19033.0,2.7279763446220302e-05
19034.0,6.502792028003704e-05
19035.0,1.796856431553034e-09
19036.0,0.0010095133377294428
19037.0,5.282717275903441e-05
19038.0,0.00014590059373073582
19039.0,9.41345579391358e-08
19040.0,1.3180815281641356e-08
19041.0,2.2795852700872396e-08
19042.0,3.8455028289953327e-07
19043.0,7.270843175913202e-06
19044.0,4.4791837272965226e-07
19045.0,2.5451591580414988e-11
19046.0,3.3308708922214404e-08
19047.0,2.8830081388765754e-07
19048.0,2.1878026670085756e-05
19049.0,5.978476155453333e-09
19050.0,2.954711814394556e-08
19051.0,6.32909236584255e-09
19052.0,2.6139241149522743e-08
19053.0,7.583543264395491e-08
19054.0,1.594268954787314e-06
19055.0,3.356371422408564e-05
19056.0,1.3946054203967897e-09
19057.0,8.968752551782e-07
19058.0,2.5265065904880386e-06
19059.0,4.500756702132448e-07
19060.0,8.507797291581074e-06
19061.0,0.00024016841460528987
19062.0,2.931669745689629e-05
19063.0,2.6427884752659295e-07
19064.0,2.9264578188170117e-07
19065.0,1.5823116360869027e-05
19066.0,1.3078889746329223e-06
19067.0,2.287780827897239e-06
19068.0,8.504709661765269e-06
19069.0,0.011333480318166275
19070.0,1.3157220348467651e-06
19071.0,1.0309876588372947e-06
19072.0,6.474061691229961e-07
19073.0,3.3281782705400156e-06
19074.0,4.625802864239013e-06
19075.0,9.077242507877587e-07
19076.0,8.163656199057593e-07
19077.0,3.725365777760587e-08
19078.0,2.198578655147921e-06
19079.0,3.3995707410107014e-08
19080.0,7.210920282967541e-06
19081.0,4.7284398475629954e-08
19082.0,2.0051353758924843e-08
19083.0,1.7846262299027628e-07
19084.0,4.791059040794641e-08
19085.0,1.7225170971960475e-05
19086.0,6.483834539523158e-09
19087.0,1.04712696385117e-06
19088.0,6.195761230699568e-08
19089.0,9.933000774729966e-08
19090.0,7.266760882944717e-09
19091.0,8.221395943372879e-08
19092.0,3.52607621874181e-10
19093.0,4.743804489571367e-09
19094.0,8.323203145994746e-10
19095.0,3.838743449787301e-06
19096.0,2.8597155221495265e-09
19097.0,2.5064514935653366e-08
19098.0,1.265845303669712e-08
19099.0,7.982572010345979e-08
19100.0,6.873378699800442e-06
19101.0,1.7463265039999156e-06
19102.0,1.7745729722377815e-07
19103.0,2.899808673077742e-06
19104.0,3.6779599536660526e-05
19105.0,1.7878767169912426e-05
19106.0,2.169101932258015e-08
19107.0,2.9575213780738025e-08
19108.0,9.162250388748105e-07
19109.0,5.3777373430288296e-05
19110.0,0.00015887072593865134
19111.0,1.3366855964010954e-07
19112.0,1.9145236788202395e-07
19113.0,1.1721677104654097e-07
19114.0,2.0256084014832424e-07
19115.0,4.210198740705389e-07
19116.0,1.7754895498563904e-06
19117.0,9.062733005925047e-09
19118.0,1.3920647627284244e-08
19119.0,1.1904005582650394e-07
19120.0,6.89206939401462e-08
19121.0,5.599535599262533e-06
19122.0,1.3568491957586259e-07
19123.0,2.7899751907198546e-07
19124.0,1.404243062253869e-07
19125.0,1.787532486476415e-07
19126.0,7.708480321011072e-09
19127.0,2.5292560786344372e-08
19128.0,1.0603578223181624e-07
19129.0,6.186530972529384e-08
19130.0,1.0129577716527603e-06
19131.0,2.7186173286740615e-09
19132.0,6.027857051242708e-10
19133.0,2.271975923490275e-08
19134.0,1.8454327489966067e-07
19135.0,5.8127312467200856e-08
19136.0,2.7512061045947585e-08
19137.0,7.681661491868727e-09
19138.0,1.2279510412687612e-05
19139.0,1.4874277106229253e-08
19140.0,5.816675543625396e-08
19141.0,5.433872718216027e-08
19142.0,3.675353150792635e-06
19143.0,2.834794299039409e-08
19144.0,3.0041331382147855e-08
19145.0,3.095006826594176e-07
19146.0,2.9918125635659534e-06
19147.0,1.3597486623038096e-08
19148.0,2.895177069441628e-09
19149.0,9.195840737886232e-08
19150.0,8.499543884537162e-09
19151.0,7.127597409776557e-07
19152.0,1.2429137878824945e-07
19153.0,2.541185861251949e-08
19154.0,2.2906082202019727e-07
19155.0,1.5933313833741496e-09
19156.0,3.432568288130458e-09
19157.0,4.4448752015693565e-07
19158.0,4.037274658356951e-06
19159.0,1.2259450620066562e-09
19160.0,2.256792000654672e-10
19161.0,8.419621287787227e-07
19162.0,8.123473741298714e-06
19163.0,1.3231218316417905e-10
19164.0,2.5110784926256705e-06
19165.0,5.012682186432134e-07
19166.0,2.827110925760705e-06
19167.0,3.98789234139089e-10
19168.0,3.9795129058942665e-08
19169.0,2.4326492526920552e-09
19170.0,2.6672706464743757e-07
19171.0,9.215115606781073e-08
19172.0,1.4049889917227457e-09
19173.0,2.1423691505035684e-06
19174.0,3.939811689808853e-06
19175.0,0.00023299852369749116
19176.0,9.48648851052824e-05
19177.0,2.6639597100250526e-07
19178.0,1.0152067579925186e-09
19179.0,1.56315136771955e-07
19180.0,7.624169707467577e-10
19181.0,2.113447712436253e-07
19182.0,2.246427945800186e-08
19183.0,8.381974071392493e-06
19184.0,2.416838389720487e-05
19185.0,1.9359970853913412e-05
19186.0,7.307841098953767e-07
19187.0,1.1310213364324182e-08
19188.0,7.07366719690851e-09
19189.0,5.2747387934458675e-08
19190.0,3.791070336771322e-07
19191.0,1.0214944544114364e-08
19192.0,1.2497269560155155e-09
19193.0,8.421756153786352e-08
19194.0,4.4931747252954397e-07
19195.0,5.788183249493131e-08
19196.0,1.0085184642346162e-09
19197.0,2.6514820160664304e-07
19198.0,4.473374546328983e-10
19199.0,7.32739709518363e-09
19200.0,3.512443849174315e-08
19201.0,1.856054177416977e-07
19202.0,6.311796103004733e-08
19203.0,2.7763017663642492e-05
19204.0,5.607521776908291e-08
19205.0,1.641085139921459e-08
19206.0,7.799022601061509e-07
19207.0,2.4518463384071063e-08
19208.0,5.054106538795063e-09
19209.0,5.460365391390075e-08
19210.0,4.4646888234131246e-09
19211.0,1.0012464449110721e-07
19212.0,4.874028087358353e-10
19213.0,7.89825316414357e-09
19214.0,7.850930782590065e-09
19215.0,6.626925301010913e-08
19216.0,1.3929147372837142e-09
19217.0,6.287170587960939e-06
19218.0,3.798852420168051e-07
19219.0,4.148956909668465e-08
19220.0,6.480563266385908e-06
19221.0,0.004000284187461431
19222.0,5.186259610131415e-06
19223.0,2.2570019013415323e-06
19224.0,0.0019587668013334642
19225.0,9.323320933433492e-09
19226.0,4.287128409606823e-09
19227.0,7.536511704921127e-08
19228.0,2.0647482679738525e-08
19229.0,1.4106716204098708e-07
19230.0,1.0897102164387452e-09
19231.0,4.1283108799061864e-11
19232.0,1.013438589456551e-09
19233.0,2.4262163841916254e-08
19234.0,2.79926777145166e-09
19235.0,2.6626171613325378e-08
19236.0,7.861518982885509e-10
19237.0,7.629882999086865e-10
19238.0,2.064654803173077e-06
19239.0,1.5013184382857628e-07
19240.0,2.457043958303417e-07
19241.0,1.4176969256445262e-07
19242.0,1.3293994926647873e-05
19243.0,9.265931453050416e-07
19244.0,5.3118665281062714e-08
19245.0,3.073492539102972e-06
19246.0,1.124868250482974e-06
19247.0,1.263599292177859e-08
19248.0,7.168193441005276e-10
19249.0,1.5052783782817278e-08
19250.0,1.6627336906329925e-09
19251.0,4.1798303938767586e-07
19252.0,4.931824359388404e-09
19253.0,2.4415107465629167e-08
19254.0,6.02826555346159e-10
19255.0,1.4282157547436307e-07
19256.0,8.781984376297013e-07
19257.0,1.2716552294322635e-07
19258.0,2.1879681078311232e-09
19259.0,2.552082065818537e-08
19260.0,1.3479425929280153e-05
19261.0,7.24802308275521e-07
19262.0,7.484374186506978e-09
19263.0,5.760985957157774e-10
19264.0,1.1220971737479077e-06
19265.0,7.598445929568803e-08
19266.0,6.072438380098745e-08
19267.0,6.497433722057875e-06
19268.0,1.0378393722777096e-06
19269.0,3.1152506023740884e-07
19270.0,4.960977012172466e-07
19271.0,1.869066892670377e-09
19272.0,6.283815257233023e-08
19273.0,2.7087479566675977e-08
19274.0,2.9556809401999746e-08
19275.0,2.139019143173468e-09
19276.0,2.595635286076298e-07
19277.0,1.9900919213637516e-09
19278.0,7.25881302954948e-09
19279.0,2.6212645348972888e-06
19280.0,5.612171965854511e-08
19281.0,2.7631086213770763e-09
19282.0,8.123391448276315e-09
19283.0,4.692638024870316e-10
19284.0,8.462653773055665e-07
19285.0,1.0289048630722963e-06
19286.0,2.635808253914444e-05
19287.0,7.131214046568252e-08
19288.0,1.4530643007980068e-07
19289.0,2.197067996743507e-07
19290.0,6.319475683741884e-09
19291.0,7.709374294056692e-08
19292.0,8.637251372336795e-09
19293.0,6.280277734854395e-07
19294.0,1.5095220337770368e-06
19295.0,1.113715048008309e-08
19296.0,4.16059757235241e-09
19297.0,7.243820906963771e-09
19298.0,4.325677420803429e-06
19299.0,5.6069858379435555e-08
19300.0,4.3662511916099046e-08
19301.0,1.0155267258021926e-06
19302.0,1.0234224405504961e-08
19303.0,2.1914700946848286e-07
19304.0,1.615286497189065e-08
19305.0,6.889395759525551e-08
19306.0,4.699467306307168e-07
19307.0,2.643503411779253e-07
19308.0,5.165197582942725e-07
19309.0,7.412748731707404e-08
19310.0,1.2424113586703105e-07
19311.0,3.375772277891741e-08
19312.0,3.0388230612261844e-07
19313.0,3.931574151176776e-07
19314.0,8.30729970420241e-08
19315.0,2.9429390061891654e-06
19316.0,1.938510360629647e-07
19317.0,3.8542918868962925e-08
19318.0,5.3988127574295006e-08
19319.0,2.5625851205987887e-08
19320.0,4.082636461719012e-07
19321.0,1.325612741789428e-06
19322.0,1.2136311717725545e-08
19323.0,4.4900715782995805e-08
19324.0,5.568837342027767e-10
19325.0,4.758516634849708e-06
19326.0,6.506691537917215e-07
19327.0,4.129611448275844e-08
19328.0,4.4097841008619766e-08
19329.0,3.421785992121631e-06
19330.0,6.009644572359927e-08
19331.0,3.89204298962561e-08
19332.0,2.14554134470852e-05
19333.0,9.813777987638659e-08
19334.0,1.0553876045752324e-06
19335.0,1.2349272678009354e-09
19336.0,2.1340692997622323e-09
19337.0,3.2246182404370565e-10
19338.0,4.318355789692528e-10
19339.0,1.9551450698027927e-09
19340.0,3.126789220366954e-08
19341.0,8.198933078865351e-07
19342.0,1.219632555591125e-06
19343.0,7.215126135695284e-05
19344.0,5.829790916612032e-07
19345.0,2.7323698284473106e-06
19346.0,3.8675071362800345e-09
19347.0,1.0160250262105033e-07
19348.0,3.53463474364464e-07
19349.0,2.725901345030276e-09
19350.0,6.307512747720874e-08
19351.0,3.259105214326559e-09
19352.0,3.0486789040278305e-08
19353.0,3.539132390839327e-07
19354.0,1.6257516138771905e-07
19355.0,2.6528098030493757e-09
19356.0,1.3759275362084663e-07
19357.0,5.1184676244505286e-08
19358.0,7.793471527699368e-07
19359.0,1.740246920757445e-07
19360.0,7.51800261705642e-09
19361.0,1.6761921296570987e-08
19362.0,2.7457152334296645e-09
19363.0,1.3211127112925705e-08
19364.0,2.1502540404475917e-08
19365.0,4.84108983315757e-08
19366.0,3.440399063285742e-08
19367.0,9.397089735944863e-08
19368.0,5.471994668403539e-07
19369.0,1.0767410223372142e-08
19370.0,8.609715055222225e-08
19371.0,1.305024071308009e-07
19372.0,3.910585454412342e-06
19373.0,7.410992030667432e-10
19374.0,1.4726990095390785e-06
19375.0,0.01339423842425085
19376.0,9.605007763632073e-07
19377.0,2.669654458875818e-06
19378.0,4.7153163052633245e-08
19379.0,2.7215410361893643e-08
19380.0,6.162184172104978e-08
19381.0,6.7135878282141165e-09
19382.0,1.573059234817238e-07
19383.0,1.7345002004649378e-06
19384.0,1.95200077745144e-07
19385.0,3.4670351697385336e-07
19386.0,7.2719498094843316e-09
19387.0,2.891674440268238e-08
19388.0,4.873185081835443e-07
19389.0,1.2001376217384246e-07
19390.0,8.723085696983888e-09
19391.0,8.069205653884731e-08
19392.0,1.9529239981658094e-07
19393.0,5.000721029448303e-07
19394.0,1.4226091386651945e-07
19395.0,1.4779305855877205e-07
19396.0,2.1778930849371764e-08
19397.0,4.996676521421769e-08
19398.0,1.62159111688901e-09
19399.0,1.3675858737257647e-06
19400.0,1.9878104344574605e-09
19401.0,1.729908908788544e-09
19402.0,5.050735665310525e-07
19403.0,2.915662735293619e-08
19404.0,1.5643070604184996e-07
19405.0,2.3082543787942823e-09
19406.0,7.10389465596587e-09
19407.0,4.2273967765688025e-09
19408.0,6.723159174528456e-09
19409.0,3.351977080482564e-07
19410.0,4.534205442610698e-09
19411.0,7.840025100122269e-08
19412.0,2.9117645298947314e-08
19413.0,6.903250437699606e-09
19414.0,1.6741249419697557e-08
19415.0,6.702028129359632e-06
19416.0,3.6305833834953606e-07
19417.0,3.0977574357220265e-07
19418.0,6.324709180278528e-09
19419.0,9.628062700535657e-08
19420.0,2.1001239278996662e-07
19421.0,1.8029290447331518e-08
19422.0,2.4653483711131323e-08
19423.0,6.210451560553708e-07
19424.0,3.887390524057763e-06
19425.0,1.4506992500758954e-09
19426.0,9.680123514631997e-09
19427.0,5.574890155606358e-08
19428.0,1.504513642752718e-08
19429.0,2.3998457462196012e-08
19430.0,2.0922178727575694e-09
19431.0,6.412821198331665e-07
19432.0,1.317963907565175e-07
19433.0,1.3081239227839473e-07
19434.0,4.704901088502836e-09
19435.0,1.4201409766839875e-06
19436.0,7.992536059718566e-08
19437.0,9.237235093108522e-09
19438.0,6.892145787088102e-08
19439.0,6.774577750929938e-07
19440.0,1.6348813343633875e-07
19441.0,3.5354172037856064e-06
19442.0,2.7565365046390637e-08
19443.0,4.311824627154162e-10
19444.0,4.741928988891169e-06
19445.0,9.166549944706792e-06
19446.0,5.169127292762273e-08
19447.0,8.579979080938992e-07
19448.0,6.696945958060457e-11
19449.0,6.106916200787003e-07
19450.0,3.435265187642858e-09
19451.0,5.429455845103847e-08
19452.0,2.738010311195731e-07
19453.0,1.668659884660951e-10
19454.0,1.1365044254293883e-09
19455.0,3.147149163675209e-08
19456.0,2.806656830251379e-09
19457.0,4.265036330030397e-08
19458.0,2.579530104144632e-07
19459.0,7.87645417900016e-08
19460.0,4.1924325535545927e-07
19461.0,1.528431035667997e-06
19462.0,1.0115087904795911e-07
19463.0,1.8828139946267246e-07
19464.0,7.338578189426608e-09
19465.0,8.003584435389368e-08
19466.0,1.3799738563574567e-06
19467.0,6.262246569839391e-09
19468.0,6.987334138997462e-08
19469.0,4.364057621713616e-08
19470.0,1.2879587601616338e-08
19471.0,1.0553228311950583e-09
19472.0,2.1786937595138427e-06
19473.0,3.593283958511441e-08
19474.0,2.3358313637191993e-10
19475.0,3.3161322688403785e-08
19476.0,1.8787293657912839e-10
19477.0,2.8305748312778186e-08
19478.0,7.243334619365775e-08
19479.0,1.0949411909053085e-09
19480.0,1.0933837397612127e-09
19481.0,1.8665653584617767e-09
19482.0,6.912914797656448e-07
19483.0,1.5626460914405467e-07
19484.0,4.332185476664084e-08
19485.0,1.3888934732014315e-08
19486.0,1.8443111714132728e-08
19487.0,1.6745809157586644e-08
19488.0,1.3335155688604174e-08
19489.0,3.8064666171286873e-08
19490.0,3.657150152647925e-08
19491.0,1.954102518741641e-05
19492.0,1.3804357119540269e-07
19493.0,5.2061801721812956e-08
19494.0,6.337181067524537e-08
19495.0,3.2485819384487865e-06
19496.0,1.0585512414174128e-07
19497.0,2.5492584625981755e-10
19498.0,1.7549665924634071e-06
19499.0,1.2253418575109737e-06
19500.0,7.441829552191414e-11
19501.0,1.8821439010745682e-06
19502.0,3.1240000253210284e-07
19503.0,3.008108369218514e-08
19504.0,9.046947604325911e-09
19505.0,4.915611078451371e-09
19506.0,2.506755326113164e-08
19507.0,6.37040878990488e-07
19508.0,0.0001364992801579452
19509.0,1.7277371439668276e-05
19510.0,2.92312625773816e-07
19511.0,1.5740459975668427e-06
19512.0,1.1447035617632355e-06
19513.0,8.938141601054375e-08
19514.0,1.3969697169383336e-07
19515.0,2.6343555881215063e-09
19516.0,1.1562415223858746e-09
19517.0,1.9821552805547166e-09
19518.0,1.4558806885740714e-10
19519.0,4.757943766488918e-06
19520.0,1.3757684957755198e-09
19521.0,2.608991943467222e-08
19522.0,1.2004456268526522e-05
19523.0,1.4686076394246797e-06
19524.0,8.391847524081054e-07
19525.0,2.2955446206193064e-08
19526.0,1.0140007323420267e-06
19527.0,8.815985268678584e-08
19528.0,3.666118473304351e-08
19529.0,3.4125209333624614e-09
19530.0,2.4120739010422702e-09
19531.0,6.467513597885164e-10
19532.0,5.41280863428793e-07
19533.0,2.511013084868557e-07
19534.0,2.722253169532289e-07
19535.0,4.897963515496882e-10
19536.0,1.1825253150209975e-06
19537.0,2.434409576816333e-08
19538.0,5.39375290537552e-07
19539.0,9.810608554475017e-09
19540.0,4.6341070615678094e-07
19541.0,3.742048923400925e-09
19542.0,5.617910983028489e-07
19543.0,2.451225568414849e-07
19544.0,7.189336809526548e-08
19545.0,8.167385541281313e-10
19546.0,1.0025012317189138e-06
19547.0,0.00028847832269632853
19548.0,1.9906913654473793e-06
19549.0,1.740759975057651e-08
19550.0,1.9679653589365099e-07
19551.0,5.150501078749413e-08
19552.0,7.697512815472363e-08
19553.0,1.1701036817649103e-08
19554.0,2.503144491404901e-07
19555.0,4.7202283415244544e-08
19556.0,1.8477429077881873e-09
19557.0,2.4345777870461587e-10
19558.0,8.943253628649108e-08
19559.0,8.682182205643647e-05
19560.0,3.1010544018268495e-08
19561.0,3.118206676482809e-07
19562.0,1.3707024104192405e-07
19563.0,8.216783113841755e-08
19564.0,3.95493863134686e-07
19565.0,3.303314573676143e-06
19566.0,9.383374324636414e-09
19567.0,3.786017837804978e-07
19568.0,1.5274524119928197e-09
19569.0,2.2166330464577194e-08
19570.0,3.9108150855536647e-07
19571.0,4.601264628234637e-06
19572.0,9.278424580284025e-07
19573.0,4.84006351134446e-09
19574.0,2.1355805156117035e-07
19575.0,3.0528657759812226e-08
19576.0,5.223982002091365e-10
19577.0,1.7984762143687284e-07
19578.0,1.2933417194211744e-06
19579.0,2.318926114711782e-07
19580.0,5.828741140140723e-09
19581.0,1.2992411993550586e-07
19582.0,6.920683959365701e-10
19583.0,3.5924747276273356e-07
19584.0,5.313389287431816e-08
19585.0,4.050014369292295e-08
19586.0,4.485294870229767e-10
19587.0,1.6160305586885117e-07
19588.0,3.2211066846592096e-07
19589.0,8.974330076192666e-05
19590.0,1.1687069861462091e-07
19591.0,1.5218322994424207e-09
19592.0,2.475885959943442e-09
19593.0,5.918434755689375e-08
19594.0,2.0026780836003495e-06
19595.0,8.009239211795085e-07
19596.0,8.198711418961819e-08
19597.0,1.1196080105434587e-08
19598.0,7.111803502727904e-05
19599.0,1.2600212952513132e-07
19600.0,9.689256033736252e-09
19601.0,1.366220960104086e-06
19602.0,1.2846288876852805e-07
19603.0,1.0681127435885013e-06
19604.0,1.563128438427257e-07
19605.0,2.755069175580678e-08
19606.0,2.9892374075947864e-09
19607.0,4.328318816100453e-07
19608.0,3.3424387808885308e-09
19609.0,1.909416092024393e-07
19610.0,1.6951823785685219e-07
19611.0,7.866457112767751e-08
19612.0,7.064572345654901e-08
19613.0,4.643396103637617e-07
19614.0,2.647717989353478e-07
19615.0,3.391260874768968e-07
19616.0,4.304047524395378e-08
19617.0,6.594544777827655e-07
19618.0,1.0584166948266904e-07
19619.0,3.1676444780483816e-09
19620.0,9.448537733430597e-07
19621.0,1.6473726227143106e-08
19622.0,6.790638238268801e-11
19623.0,6.921347230674568e-09
19624.0,3.8416857300765534e-08
19625.0,1.623028965046785e-08
19626.0,1.876578604020184e-08
19627.0,6.198690523521636e-08
19628.0,6.596168966401414e-08
19629.0,8.543787992643984e-10
19630.0,5.520682917111204e-07
19631.0,5.546746087410449e-09
19632.0,1.1399511654328066e-06
19633.0,1.3914064110222413e-07
19634.0,7.20440783498729e-08
19635.0,6.648042826607699e-08
19636.0,4.2527522859704516e-09
19637.0,1.0401859391530872e-06
19638.0,1.079400563017471e-08
19639.0,3.760716172697004e-09
19640.0,9.787285650987936e-09
19641.0,3.543537266690954e-11
19642.0,2.0679332920246382e-08
19643.0,5.8999455159173525e-08
19644.0,2.2435621844995443e-05
19645.0,1.4435416949678866e-06
19646.0,5.190941093305297e-08
19647.0,2.78947285556647e-06
19648.0,4.203092833131713e-08
19649.0,7.5648995619915e-07
19650.0,3.6410372438158647e-06
19651.0,2.6714946695269774e-08
19652.0,5.650244601225106e-08
19653.0,3.939216045949315e-09
19654.0,7.841929752422954e-09
19655.0,6.962922483585976e-09
19656.0,4.0315484297063146e-08
19657.0,7.403796683843019e-07
19658.0,2.6584685021564487e-07
19659.0,8.630265859702764e-07
19660.0,8.32616074085237e-10
19661.0,5.656304367349084e-10
19662.0,7.761847509935303e-10
19663.0,1.1935882394369558e-06
19664.0,6.955611085095286e-09
19665.0,2.1567982970139962e-05
19666.0,4.0354612786500393e-07
19667.0,1.5050939005175754e-06
19668.0,2.3065521635303363e-09
19669.0,4.2339522134513927e-07
19670.0,7.810995084882535e-08
19671.0,4.477879329132445e-07
19672.0,2.9630102653994516e-07
19673.0,8.348715275916613e-07
19674.0,1.2660074724579303e-09
19675.0,5.631308531161889e-09
19676.0,2.389965972915379e-05
19677.0,4.210127169584533e-09
19678.0,2.1253472849227435e-06
19679.0,7.50633975893686e-09
19680.0,2.0567302055428045e-06
19681.0,3.0426173208103905e-09
19682.0,5.2936479687441176e-06
19683.0,1.2891879675414283e-08
19684.0,6.21375162135882e-08
19685.0,5.107350309373019e-06
19686.0,1.8797836558538594e-07
19687.0,1.2398296697489511e-05
19688.0,7.8020535910918e-07
19689.0,1.750619039089706e-09
19690.0,2.750753241660531e-05
19691.0,4.069106089766428e-09
19692.0,5.231807766679326e-09
19693.0,1.5032192444454726e-10
19694.0,3.3693340946281014e-09
19695.0,8.267341468974034e-07
19696.0,1.9999166716943324e-07
19697.0,2.395572359033331e-05
19698.0,2.132532249371522e-05
19699.0,8.125307865882888e-08
19700.0,0.0029052768845414106
19701.0,2.6834846880733626e-07
19702.0,4.9174365443717544e-06
19703.0,4.5217018758830064e-07
19704.0,1.1442195453879192e-07
19705.0,3.6532858187721124e-08
19706.0,0.00013244991395165332
19707.0,7.935676638983897e-06
19708.0,6.75995864690597e-05
19709.0,9.877204647518957e-07
19710.0,1.5744061046865224e-09
19711.0,2.748574696551636e-07
19712.0,1.0724357977273905e-08
19713.0,8.969849487187867e-10
19714.0,3.8259124199194546e-08
19715.0,1.2327454975857303e-06
19716.0,1.4177936816701778e-08
19717.0,7.985218977719896e-09
19718.0,1.825830322272692e-07
19719.0,1.0053748304064136e-08
19720.0,1.5507187855234123e-08
19721.0,2.967431294636164e-06
19722.0,5.606012052985958e-09
19723.0,4.6196849198408066e-08
19724.0,1.738115120218178e-07
19725.0,5.998568784033574e-06
19726.0,2.9332887234197995e-08
19727.0,2.781059453292917e-07
19728.0,2.8814966616163955e-05
19729.0,8.034871781970655e-09
19730.0,1.8366371813754738e-06
19731.0,5.12501087732332e-07
19732.0,4.102522194210019e-08
19733.0,1.5161609292226104e-08
19734.0,1.1394553288254304e-08
19735.0,4.967809517099999e-12
19736.0,3.870986762547317e-09
19737.0,3.960364430046013e-09
19738.0,5.424337007442933e-09
19739.0,1.8102764676986066e-07
19740.0,2.4030634842883653e-07
19741.0,2.620878888393188e-07
19742.0,1.675310565779229e-07
19743.0,1.6036004159393543e-11
19744.0,2.9190496819244233e-08
19745.0,7.556588496179253e-09
19746.0,3.1548910558130647e-08
19747.0,6.826632609989021e-08
19748.0,6.285020570184879e-08
19749.0,2.0431265346205628e-11
19750.0,3.3998896492735085e-08
19751.0,2.3407118774955207e-06
19752.0,1.0135936227552345e-07
19753.0,1.6801707763937695e-07
19754.0,7.465116523731744e-10
19755.0,2.7620786379123382e-05
19756.0,6.968778528134537e-09
19757.0,1.430799032441845e-07
19758.0,5.395457194778454e-08
19759.0,6.950504826419212e-07
19760.0,1.7834059191371021e-09
19761.0,2.1975434672258534e-08
19762.0,6.248039651906647e-08
19763.0,5.2636457185742784e-08
19764.0,9.02352957258445e-09
19765.0,8.056614156021007e-08
19766.0,1.118762660369804e-07
19767.0,2.6877143329600833e-09
19768.0,2.309162590062269e-09
19769.0,1.2397596548180447e-07
19770.0,3.5036515312500205e-08
19771.0,5.093172560615886e-07
19772.0,1.358924641149373e-06
19773.0,2.0262952103675347e-07
19774.0,3.3943272315802585e-08
19775.0,1.1701885504085054e-05
19776.0,2.736908119051754e-08
19777.0,4.1184820457643706e-08
19778.0,2.2673213494411029e-07
19779.0,7.154248431147125e-11
19780.0,1.7649977958876268e-06
19781.0,6.222517696597008e-06
19782.0,6.635320764186056e-08
19783.0,1.0911678138854784e-05
19784.0,3.732935216480466e-09
19785.0,9.214825266431097e-07
19786.0,1.891801231434106e-07
19787.0,2.500198333475455e-05
19788.0,1.9609513685196023e-09
19789.0,1.4046294872760636e-07
19790.0,2.241460921442348e-09
19791.0,4.374021040778015e-07
19792.0,4.9870209013466354e-08
19793.0,8.188858151583776e-08
19794.0,7.512617050664037e-10
19795.0,1.5147335137224602e-07
19796.0,1.2952561940737664e-08
19797.0,3.232136573558969e-08
19798.0,1.0693379332441475e-08
19799.0,2.541956281454846e-08
19800.0,4.575158723166457e-06
19801.0,1.0603101964190681e-07
19802.0,5.889462915157254e-10
19803.0,9.545370770224517e-08
19804.0,1.2074978720694307e-08
19805.0,8.480533620484336e-05
19806.0,4.991889672817775e-08
19807.0,1.4584281464513984e-07
19808.0,1.2234913605874507e-07
19809.0,2.4523663163620382e-08
19810.0,2.5888750932144877e-08
19811.0,4.365361878345231e-05
19812.0,1.9667876015240337e-07
19813.0,2.9962451082715185e-07
19814.0,4.85543874490776e-07
19815.0,8.029171033132126e-09
19816.0,1.3892179692975777e-06
19817.0,1.0721758996774668e-09
19818.0,8.809642311181597e-09
19819.0,4.624095816591545e-06
19820.0,1.2834382389784204e-08
19821.0,4.13981268114239e-09
19822.0,3.5758411342955794e-06
19823.0,2.152843270404201e-05
19824.0,1.1264632881024034e-08
19825.0,4.105429544068459e-08
19826.0,1.4759925527130696e-06
19827.0,2.391065999861318e-05
19828.0,2.873304058679575e-11
19829.0,1.465294199619683e-09
19830.0,5.388952392032601e-09
19831.0,1.959515913816403e-07
19832.0,1.3012170448635557e-09
19833.0,6.731323644012987e-11
19834.0,8.187263040750385e-08
19835.0,1.0723348720105466e-06
19836.0,2.397762768171577e-07
19837.0,3.5186327584293856e-09
19838.0,1.9664350974408473e-09
19839.0,3.4792726253160014e-07
19840.0,5.171433434506727e-10
19841.0,9.01695677734122e-09
19842.0,1.4110348160033636e-08
19843.0,1.0241136877587714e-08
19844.0,7.455958057990223e-08
19845.0,2.0182342774508757e-08
19846.0,9.560599271642469e-08
19847.0,1.296315184990915e-07
19848.0,5.335711945140243e-07
19849.0,2.2260134118740508e-06
19850.0,5.589040008404536e-09
19851.0,2.6542968611321325e-07
19852.0,1.9242146031863755e-09
19853.0,5.632320695650721e-08
19854.0,1.4640494296710508e-07
19855.0,2.3609387115073518e-07
19856.0,1.6732335803552018e-06
19857.0,3.4885833484971927e-07
19858.0,1.1767582389005442e-08
19859.0,1.5558365478807484e-06
19860.0,1.4702274711915338e-08
19861.0,5.243010009095981e-05
19862.0,6.090311427032939e-07
19863.0,4.29024026633243e-08
19864.0,2.1150844968713645e-07
19865.0,1.8731858124437416e-06
19866.0,3.887526191291294e-09
19867.0,2.8444397482932625e-10
19868.0,1.7901572554655013e-07
19869.0,4.072254861537357e-07
19870.0,1.6770746079933814e-10
19871.0,7.041887180510084e-05
19872.0,1.6068439665898587e-09
19873.0,2.6203862276290295e-07
19874.0,6.376593897289017e-07
19875.0,4.526466994822986e-06
19876.0,1.5682951379590102e-07
19877.0,1.0206794832486078e-05
19878.0,1.1023245590161165e-09
19879.0,5.168290322464563e-07
19880.0,3.253699921758328e-08
19881.0,2.6101365328255107e-09
19882.0,2.2844807951891747e-08
19883.0,1.2409732969784166e-06
19884.0,4.286405883694945e-10
19885.0,2.3582915438225633e-09
19886.0,1.008949049363131e-07
19887.0,3.342829037713686e-09
19888.0,2.970424870580362e-09
19889.0,3.7997008192403754e-10
19890.0,3.654363221248665e-12
19891.0,6.423878269757223e-07
19892.0,3.247709593883626e-10
19893.0,3.2319722658338e-09
19894.0,2.473610634699729e-08
19895.0,2.2556365910036353e-07
19896.0,2.482847969192288e-07
19897.0,5.3082522952649716e-08
19898.0,3.838099397395716e-07
19899.0,1.0097658452783223e-08
19900.0,3.800296469817397e-08
19901.0,3.8755916326234695e-07
19902.0,1.038029852533412e-09
19903.0,2.0044067550651778e-06
19904.0,3.076892234020321e-06
19905.0,5.620330018295008e-07
19906.0,2.2410583269301754e-10
19907.0,2.300137996397633e-06
19908.0,3.8039786342056046e-07
19909.0,3.0273455805438917e-08
19910.0,3.6506610755919807e-06
19911.0,2.6511342251434416e-08
19912.0,2.144257931083626e-07
19913.0,2.4385862548396265e-07
19914.0,0.00010311913173886328
19915.0,7.237206995194764e-11
19916.0,1.6657349211717067e-09
19917.0,9.155000107734311e-11
19918.0,9.301591693120056e-09
19919.0,2.9913869991391476e-08
19920.0,1.497833259810242e-08
19921.0,3.9262309769561534e-08
19922.0,1.7517520278530497e-07
19923.0,1.3667266075722906e-07
19924.0,4.399668361401547e-08
19925.0,1.5099658858521784e-07
19926.0,1.1271341958144482e-07
19927.0,3.7831151604165607e-07
19928.0,2.574959139341929e-07
19929.0,1.1709507303573423e-05
19930.0,1.3758710866333565e-09
19931.0,2.2975431696314943e-08
19932.0,4.390566799925844e-08
19933.0,1.4185972768723621e-08
19934.0,8.680007163114428e-08
19935.0,1.1681169837528183e-10
19936.0,5.329859396796095e-09
19937.0,1.3957858495249096e-06
19938.0,6.47164265611183e-08
19939.0,4.8704267313303345e-09
19940.0,5.607993887411131e-06
19941.0,1.7735323092031152e-06
19942.0,4.862534299881916e-09
19943.0,5.3460384660300185e-09
19944.0,3.904353723289476e-07
19945.0,1.531543940171164e-07
19946.0,5.518345322534851e-09
19947.0,3.041598188804859e-10
19948.0,2.3535162644135033e-08
19949.0,3.3508205608390194e-06
19950.0,1.1375616734803152e-06
19951.0,4.7359136171362494e-05
19952.0,1.3283249905742332e-08
19953.0,1.947259144123975e-07
19954.0,2.9280615302159586e-06
19955.0,1.0506340547345827e-05
19956.0,6.218678994710211e-09
19957.0,4.0424224578097846e-08
19958.0,2.846460883532087e-09
19959.0,7.317968556596221e-08
19960.0,1.858762581196508e-07
19961.0,1.6068286750574366e-07
19962.0,2.1017631781551173e-07
19963.0,1.6996740089090022e-08
19964.0,2.538689265498572e-05
19965.0,5.798767134022677e-10
19966.0,1.6866573851836184e-08
19967.0,2.6902099365227436e-06
19968.0,1.7623166863236005e-06
19969.0,1.8726111649623042e-08
19970.0,7.67555614360745e-08
19971.0,2.0380232496209218e-07
19972.0,1.067878632360385e-08
19973.0,3.1131646337068744e-07
19974.0,3.2368317568766796e-06
19975.0,2.100358938857603e-06
19976.0,5.825443609029137e-09
19977.0,1.5792688547829136e-06
19978.0,8.040972236785324e-09
19979.0,1.1915942237047695e-07
19980.0,1.4310408621146112e-07
19981.0,2.721422885775501e-07
19982.0,5.942696160749894e-07
19983.0,5.62724447040151e-09
19984.0,0.00012160578998371938
19985.0,7.734332633461029e-07
19986.0,1.8951047290618385e-07
19987.0,9.745257473743275e-06
19988.0,1.7115602997671748e-06
19989.0,4.914206872397856e-08
19990.0,3.0761461354768264e-06
19991.0,1.8586996414566748e-06
19992.0,1.4304576588146206e-09
19993.0,1.563748639835535e-08
19994.0,1.6076318134490813e-07
19995.0,1.1179158962072833e-07
19996.0,1.6716756807320358e-07
19997.0,2.919531142377532e-06
19998.0,2.030230318710153e-07
19999.0,4.910894275852476e-10
20000.0,3.084592504135148e-10
20001.0,2.8918213889729707e-07
20002.0,1.563663412839301e-08
20003.0,1.0836207245497175e-06
20004.0,1.6128620460127726e-05
20005.0,1.8751300208558005e-07
20006.0,0.002563178878724931
20007.0,0.00017134591046446564
20008.0,3.50894918344118e-08
20009.0,2.4997121361423946e-07
20010.0,9.051019524972753e-08
20011.0,1.5029275879707932e-06
20012.0,6.453833528325149e-07
20013.0,1.3900050705321393e-06
20014.0,2.852499696586925e-06
20015.0,4.974128582251784e-07
20016.0,3.6813660304482946e-08
20017.0,4.743956160024266e-08
20018.0,2.5172424468584736e-08
20019.0,1.5304977492631355e-07
20020.0,2.8445346300906802e-08
20021.0,1.9352849513924608e-08
20022.0,2.480128546380463e-08
20023.0,4.244733363088745e-09
20024.0,2.8563505064523033e-10
20025.0,2.629846665421355e-07
20026.0,2.9894463791725456e-08
20027.0,2.988805288839389e-07
20028.0,4.08180241684506e-09
20029.0,2.133148394940437e-09
20030.0,4.004205846923328e-09
20031.0,5.399166534463833e-09
20032.0,1.2122708079512575e-09
20033.0,1.6417514211161383e-07
20034.0,2.1331471180615073e-06
20035.0,1.6681767601702217e-08
20036.0,2.64434784251289e-07
20037.0,6.433652022121657e-10
20038.0,1.9744338767014468e-07
20039.0,1.4132249153054594e-05
20040.0,5.2095015139773885e-06
20041.0,6.564789761327059e-07
20042.0,2.5042743063664252e-08
20043.0,1.5464465302891747e-08
20044.0,2.117488992443615e-09
20045.0,1.4119757221551951e-07
20046.0,7.452297164348378e-07
20047.0,3.4463668592465524e-07
20048.0,9.426166295911094e-09
20049.0,2.6547601756209094e-08
20050.0,4.062906539219871e-08
20051.0,1.5792396510892843e-06
20052.0,6.733630970054564e-08
20053.0,1.2149240106913945e-06
20054.0,8.713826217168543e-09
20055.0,6.936285729275438e-08
20056.0,5.2185755098307305e-08
20057.0,2.8679240875836635e-09
20058.0,3.839332677390588e-06
20059.0,8.399465097841268e-07
20060.0,3.370622509683127e-09
20061.0,2.575127038905081e-09
20062.0,9.724115198421468e-08
20063.0,8.16220328399804e-09
20064.0,9.288965457225442e-09
20065.0,3.7047545789440824e-07
20066.0,9.685304227882662e-10
20067.0,9.688410075244224e-05
20068.0,3.4538633457856485e-09
20069.0,6.397205306241814e-09
20070.0,2.3003799603530098e-09
20071.0,8.025978884432095e-09
20072.0,9.275788052618824e-08
20073.0,7.742412658567439e-08
20074.0,3.800788598824356e-09
20075.0,5.02617098175471e-07
20076.0,3.152966547682311e-09
20077.0,7.015568434245211e-07
20078.0,3.5569784083896837e-10
20079.0,4.289235691107013e-08
20080.0,3.851333087894619e-08
20081.0,2.677825310561765e-08
20082.0,3.2822761840246144e-08
20083.0,9.241357661496124e-09
20084.0,2.9410078198677723e-07
20085.0,5.576989028660568e-09
20086.0,5.762256495404857e-09
20087.0,2.279644431399626e-06
20088.0,4.0663497517555945e-08
20089.0,2.1337871900626297e-07
20090.0,1.2657367383866357e-06
20091.0,7.34779114264002e-09
20092.0,2.0521471866704375e-07
20093.0,5.785684569850255e-11
20094.0,2.0078542448134153e-08
20095.0,5.9797651584093074e-06
20096.0,8.342451187790715e-07
20097.0,9.301568348073068e-08
20098.0,9.652794055649215e-08
20099.0,7.413798366319558e-08
