0,1
0.0,2.392684883269104e-12
1.0,5.540024762916809e-11
2.0,1.1318094676670025e-11
3.0,1.1401606670931658e-08
4.0,6.699181831499771e-10
5.0,2.74880903124044e-08
6.0,2.7981077752571614e-11
7.0,2.5446617246993846e-10
8.0,1.966716156209784e-11
9.0,3.0396988194070925e-10
10.0,6.937474798534809e-06
11.0,3.5882000754723485e-10
12.0,6.756778458117587e-07
13.0,2.2334422206886966e-11
14.0,3.791652747935605e-13
15.0,3.4940716215178765e-08
16.0,1.0085587579119585e-11
17.0,2.7252039391891613e-06
18.0,2.194722921785088e-11
19.0,1.2732226999857437e-10
20.0,1.5610858318719522e-13
21.0,0.0007652809525121768
22.0,3.5523000618854628e-09
23.0,1.5532419317310688e-09
24.0,2.8563715592153933e-10
25.0,4.787696323093949e-13
26.0,2.687879753202485e-10
27.0,6.858201429153009e-12
28.0,5.973175287098694e-13
29.0,1.9209812334136974e-11
30.0,5.082124594123183e-07
31.0,2.8981483028828182e-08
32.0,2.096583279476119e-12
33.0,2.188342139364064e-11
34.0,1.1356486741368648e-06
35.0,2.685469832764439e-12
36.0,4.563418493784548e-10
37.0,5.822761050887685e-09
38.0,4.081963109569896e-08
39.0,1.927315144637705e-09
40.0,4.4801132339284354e-10
41.0,2.8644951712493553e-07
42.0,8.152069457041806e-13
43.0,4.92730505079756e-10
44.0,2.225249924941158e-09
45.0,4.546029401853811e-11
46.0,2.445424060798502e-13
47.0,1.3837024306324239e-08
48.0,2.9812937265764534e-15
49.0,4.179083403088783e-12
50.0,2.665597101717604e-10
51.0,2.046667147484466e-09
52.0,8.166846816949068e-06
53.0,1.4108403647179249e-11
54.0,3.618358385547027e-08
55.0,2.4066307601438683e-06
56.0,3.063116840122374e-11
57.0,4.068819856557473e-09
58.0,6.961333652557755e-12
59.0,3.947423666418237e-07
60.0,4.0990248096118954e-09
61.0,2.4015287357639488e-09
62.0,3.2018995439192167e-07
63.0,5.206175964951107e-10
64.0,2.2015261713807636e-10
65.0,8.917274351931646e-13
66.0,4.161838133177491e-13
67.0,1.4986065189263807e-12
68.0,1.305747316609496e-08
69.0,2.2531430657992073e-10
70.0,1.5584887081416444e-08
71.0,1.1197552018503145e-10
72.0,3.6288777950892025e-10
73.0,2.219939515534844e-12
74.0,3.578207712676173e-13
75.0,3.75453863084222e-10
76.0,4.237753218824954e-10
77.0,4.2690129319773715e-09
78.0,7.591807398519659e-13
79.0,6.43123728621654e-07
80.0,4.763336407146514e-08
81.0,3.1956283281993163e-10
82.0,8.457137406862443e-09
83.0,9.148066438067962e-12
84.0,2.5078303838426204e-09
85.0,3.697912531352684e-09
86.0,9.464170160061456e-12
87.0,2.2330735618270262e-09
88.0,1.6278350773496133e-09
89.0,2.3248939619009728e-08
90.0,5.358887727506055e-08
91.0,5.4867779770665616e-09
92.0,2.513765040982972e-12
93.0,1.7945034488883636e-11
94.0,2.8571069999379545e-11
95.0,1.6766031553796841e-10
96.0,2.6976037722924277e-11
97.0,1.189620752014155e-08
98.0,1.3193296605862415e-09
99.0,3.969156379020629e-11
100.0,1.5983472853087317e-08
101.0,2.9262566408632895e-12
102.0,1.5768509894959414e-11
103.0,3.34788482088067e-08
104.0,6.751746783955825e-10
105.0,1.0768449707764385e-11
106.0,8.052764900402022e-09
107.0,1.268361544279767e-11
108.0,1.7300761681082154e-11
109.0,4.6332103778198976e-07
110.0,9.265973828331533e-11
111.0,6.218171822292958e-10
112.0,2.2042064310198464e-14
113.0,1.676793637066916e-10
114.0,9.091548585205244e-15
115.0,6.446713389326818e-09
116.0,4.87191090204504e-08
117.0,4.244756303934292e-08
118.0,1.4703891677178205e-07
119.0,1.2231467829574607e-07
120.0,6.82981521767745e-11
121.0,2.1839726761274693e-07
122.0,5.4550239580279456e-11
123.0,4.4883415481300653e-11
124.0,2.6564724844122483e-09
125.0,4.421082022731058e-08
126.0,2.2742544786033885e-11
127.0,9.154143937798068e-09
128.0,3.1572420817036425e-12
129.0,3.184021248360756e-10
130.0,5.70380768489181e-11
131.0,6.071706606996752e-10
132.0,3.819377064566297e-09
133.0,1.1333622598908412e-07
134.0,3.282724244821902e-09
135.0,5.930299672148755e-09
136.0,5.315456096179408e-09
137.0,2.3227237824494269e-10
138.0,2.0354642908684315e-11
139.0,2.641018629730723e-08
140.0,1.2043112425754426e-07
141.0,2.6864359621397916e-09
142.0,1.3237470986227343e-08
143.0,8.120663688002977e-10
144.0,3.400351874980789e-12
145.0,4.900234279168134e-07
146.0,8.288953190032458e-11
147.0,1.0890618556328166e-09
148.0,4.383913978209709e-10
149.0,8.288218281527426e-13
150.0,5.834448725826594e-09
151.0,2.295215380214628e-10
152.0,1.2008333755831938e-10
153.0,2.241792340485319e-09
154.0,3.2870442870382226e-14
155.0,5.0494329530745676e-11
156.0,1.5450123311752397e-08
157.0,2.3359881389581045e-10
158.0,3.5062056835870666e-08
159.0,1.7716635653377922e-10
160.0,4.050843571112245e-08
161.0,9.211253751082184e-13
162.0,7.048199723370981e-11
163.0,5.117745812216577e-10
164.0,8.140313366778813e-11
165.0,1.3024623962971537e-12
166.0,1.814085488806947e-09
167.0,1.1888505504476964e-06
168.0,2.25492133576686e-10
169.0,8.243451057024325e-12
170.0,1.189398515719955e-09
171.0,4.92832124564777e-10
172.0,7.551852722720282e-07
173.0,6.019482418803342e-10
174.0,1.4226042589139663e-08
175.0,3.0202929049493955e-13
176.0,3.0944838441796096e-14
177.0,1.1887889866000966e-10
178.0,4.556977267528352e-09
179.0,8.350413546091159e-08
180.0,2.701873721040546e-11
181.0,5.952443338990629e-12
182.0,7.283067561265873e-10
183.0,3.6760987156709576e-10
184.0,1.694521475316835e-11
185.0,9.66296837076565e-12
186.0,1.0698657352702155e-11
187.0,6.839678435910291e-10
188.0,3.812899917530714e-09
189.0,7.297016762121659e-07
190.0,3.5823834210880772e-09
191.0,7.49896989936602e-12
192.0,1.6106869171503447e-08
193.0,1.0351415052940291e-10
194.0,1.6330280955908282e-11
195.0,1.0066552691131205e-09
196.0,4.6334557584250216e-10
197.0,1.316019349563485e-09
198.0,1.8367042890052072e-07
199.0,2.7252635066597e-10
200.0,6.354290055239884e-09
201.0,2.6297179062806866e-10
202.0,1.5102978821699615e-13
203.0,1.5089079038688359e-09
204.0,1.0634961090999505e-09
205.0,6.641416894656343e-09
206.0,1.3138390095370183e-10
207.0,1.0641932318144403e-09
208.0,1.491180905182277e-11
209.0,2.6482569299752716e-07
210.0,1.4220287602692527e-08
211.0,9.017156750233459e-12
212.0,1.674512548392205e-10
213.0,3.8422849843960166e-09
214.0,5.658201686505955e-07
215.0,3.747888152265595e-12
216.0,8.623860604576496e-09
217.0,2.7234237271227125e-06
218.0,4.0248241537301296e-10
219.0,4.762703237500699e-11
220.0,2.736980387329294e-13
221.0,4.370981303636485e-09
222.0,5.801157222020481e-10
223.0,4.490740658486525e-08
224.0,4.3778552678896875e-13
225.0,5.912199710514675e-09
226.0,7.82556699516973e-11
227.0,1.4033527621146838e-10
228.0,3.1904145988046264e-10
229.0,5.059847757460408e-07
230.0,5.159524673624258e-13
231.0,3.585885148029261e-11
232.0,1.3751831212221353e-11
233.0,6.21949432508538e-11
234.0,6.399423836666346e-10
235.0,5.802620599323195e-08
236.0,6.889122370850002e-10
237.0,5.079142592888878e-10
238.0,3.5100584151879106e-08
239.0,2.409318476802831e-07
240.0,6.436280425089589e-13
241.0,2.640082863430251e-10
242.0,1.2364634863205974e-10
243.0,1.0310258360326691e-08
244.0,6.621850614166532e-12
245.0,1.0004391335976e-06
246.0,7.034415495486262e-10
247.0,2.6372875781682413e-09
248.0,9.221613543526223e-13
249.0,5.718817130226952e-10
250.0,1.3841366990224825e-07
251.0,0.00015896866249043786
252.0,1.6360575528807132e-11
253.0,1.1729608008207884e-08
254.0,1.2059506228831098e-12
255.0,4.3699237122936365e-10
256.0,3.9841336417731825e-07
257.0,2.8626471230011426e-09
258.0,1.1576576949899284e-08
259.0,4.771363790610035e-11
260.0,1.6990016659531773e-11
261.0,6.403214917533068e-13
262.0,4.823680622640131e-09
263.0,3.469442878332125e-11
264.0,6.742427690537207e-11
265.0,1.9397280646798253e-10
266.0,3.308397006847137e-09
267.0,1.3910063651014853e-09
268.0,2.95698396439063e-09
269.0,6.639545738462453e-09
270.0,3.4541096867099395e-13
271.0,1.7764908000695251e-09
272.0,4.8327351739447364e-08
273.0,4.337709053435588e-11
274.0,5.270630862429652e-07
275.0,3.010352071621274e-09
276.0,5.989020137228975e-10
277.0,1.7150961369997856e-12
278.0,4.113525924037784e-11
279.0,2.9836209207888e-08
280.0,4.7239012620321345e-12
281.0,3.900355584483843e-12
282.0,1.3711548047291967e-10
283.0,2.0559360771811142e-08
284.0,8.140720019778933e-11
285.0,5.3033561434127394e-08
286.0,1.289852601807112e-09
287.0,6.233808229669891e-10
288.0,1.6066507562787548e-11
289.0,2.3294991885562722e-09
290.0,2.668473070263097e-07
291.0,2.1658018126125886e-07
292.0,1.220688038636543e-13
293.0,4.028684048572239e-13
294.0,9.361792418943415e-12
295.0,1.4200450556926476e-11
296.0,2.41462406908663e-09
297.0,4.0095547384365555e-09
298.0,1.706508434065463e-12
299.0,1.855324980300736e-08
300.0,1.6951017211248278e-13
301.0,1.4729119295506806e-12
302.0,5.030896746772155e-10
303.0,2.1917185733456304e-07
304.0,4.2453044738579874e-11
305.0,2.402739459811256e-08
306.0,3.0987361806321293e-09
307.0,9.921403860380577e-11
308.0,2.1230897311597552e-11
309.0,9.443379362351486e-10
310.0,7.219915316676553e-11
311.0,2.5681714763003e-09
312.0,1.5675374043633805e-07
313.0,1.2040879397723332e-10
314.0,1.0250914048780554e-12
315.0,5.213346443341697e-10
316.0,1.259119049023983e-10
317.0,1.8591781960896779e-10
318.0,1.070985449696481e-07
319.0,2.2340445287384594e-10
320.0,1.8216598122687942e-11
321.0,1.6963151402253903e-12
322.0,2.004493323618163e-08
323.0,5.929286541731634e-08
324.0,5.21238148278108e-12
325.0,4.854158203450715e-11
326.0,1.6366471436833008e-11
327.0,5.465157634699747e-10
328.0,2.481912906444723e-10
329.0,4.0683372010097586e-08
330.0,8.243971092371027e-12
331.0,3.602878412002411e-11
332.0,2.9911666735926795e-06
333.0,3.524023595989918e-11
334.0,4.779068242199148e-12
335.0,3.942905716343098e-09
336.0,1.0372698637864981e-08
337.0,6.456581025159354e-10
338.0,8.479795906493832e-11
339.0,1.0262112769142436e-10
340.0,2.344712095759846e-08
341.0,1.588832562047812e-11
342.0,5.451101282616505e-11
343.0,5.9136711185974196e-08
344.0,2.7998365241760013e-10
345.0,2.489487719731684e-10
346.0,3.693092689163246e-12
347.0,2.137695031855842e-09
348.0,1.1807845659345774e-11
349.0,3.917129931591903e-08
350.0,4.126836874201369e-11
351.0,1.1603474477202353e-07
352.0,2.691439860861568e-13
353.0,1.5530918968986546e-08
354.0,1.1961835064065105e-09
355.0,6.079889928951278e-07
356.0,4.811225693301439e-13
357.0,1.0094225344582788e-08
358.0,9.710268283946008e-09
359.0,2.1710654725355484e-10
360.0,9.512869660259895e-09
361.0,9.32925375703768e-12
362.0,4.198831723930119e-09
363.0,4.698418261167909e-10
364.0,3.895087334934816e-10
365.0,8.287523980917039e-10
366.0,1.3653126854988048e-11
367.0,2.3273274758421134e-09
368.0,6.021306339253098e-10
369.0,3.7789664572771874e-07
370.0,4.903858097843399e-10
371.0,1.1524077375270806e-07
372.0,4.291989040942839e-10
373.0,7.082064153065188e-10
374.0,1.2677679396006377e-08
375.0,1.2233569011250894e-08
376.0,1.73041704719805e-11
377.0,2.0869298890327558e-12
378.0,3.126640427947378e-11
379.0,5.062775971207323e-09
380.0,1.496409821462915e-09
381.0,2.3416559794292835e-10
382.0,3.01501314511419e-12
383.0,8.366215069872459e-09
384.0,5.7137902383929264e-09
385.0,2.1643314962569408e-11
386.0,1.0664816533664022e-12
387.0,1.59190597868206e-10
388.0,1.8582753545871242e-12
389.0,1.0542699055569584e-08
390.0,2.3092592144321404e-08
391.0,2.0664138032064518e-10
392.0,1.507163961596069e-11
393.0,4.479082853797425e-10
394.0,1.1528856443702765e-08
395.0,8.907988993086057e-11
396.0,5.095156141953707e-10
397.0,9.696486538234447e-11
398.0,0.00026001391798893695
399.0,7.435105741758537e-07
400.0,8.797384041087469e-05
401.0,9.41108470729959e-08
402.0,3.530444513945661e-12
403.0,3.251429374679855e-08
404.0,3.094751354323055e-10
405.0,2.317157041690591e-08
406.0,9.69749772010507e-11
407.0,2.3050780847451457e-11
408.0,5.705635996605231e-13
409.0,6.603289903244541e-11
410.0,1.0662746422778785e-09
411.0,7.917942771045123e-10
412.0,1.5215042741632978e-09
413.0,1.4860545752869064e-09
414.0,1.3122591322855455e-11
415.0,9.034877276672316e-12
416.0,2.073272899573073e-07
417.0,1.7841389927039777e-08
418.0,3.274178855233452e-10
419.0,7.543205302184284e-07
420.0,3.110079961563864e-10
421.0,2.271069802666556e-11
422.0,5.931210060830955e-11
423.0,2.6891709544746066e-08
424.0,3.350562731971412e-08
425.0,1.2015558683505595e-08
426.0,2.0731421288747072e-13
427.0,1.0497390974566234e-11
428.0,2.8693228760497214e-09
429.0,8.276262815185109e-10
430.0,4.143074809115868e-09
431.0,2.766689861938596e-10
432.0,3.921508561395117e-08
433.0,3.9142902832395e-10
434.0,9.268647146052218e-12
435.0,2.0841573760566636e-11
436.0,1.3844437277887572e-11
437.0,3.9825216739664735e-08
438.0,5.876073202023389e-09
439.0,1.1108178538374276e-09
440.0,1.2381603773323188e-07
441.0,5.387327933092133e-09
442.0,4.392643667113395e-13
443.0,4.728997005474321e-09
444.0,5.642627708414605e-10
445.0,2.1022264855540846e-07
446.0,2.032208883203875e-09
447.0,6.579538792300932e-15
448.0,2.5219183256464487e-10
449.0,1.5487110748565802e-13
450.0,2.8173448778773323e-06
451.0,1.7683378105285514e-10
452.0,7.778055189186664e-10
453.0,1.9701383410408112e-10
454.0,2.9463483782704774e-08
455.0,1.1566650222633216e-10
456.0,6.861735317373416e-09
457.0,8.452875238060554e-12
458.0,1.5670254578318899e-09
459.0,3.4813390533244176e-13
460.0,3.7641246239126936e-11
461.0,1.6357201291946217e-07
462.0,3.123976593468156e-11
463.0,1.8385162850107398e-07
464.0,2.3015731796861935e-11
465.0,1.602172977885694e-10
466.0,6.202362945907073e-12
467.0,6.775065718363747e-05
468.0,3.1048714156861476e-10
469.0,5.365377437716299e-15
470.0,5.859252131931463e-13
471.0,1.4151082500853608e-07
472.0,5.0303220624052837e-11
473.0,3.1934290356874178e-12
474.0,9.561144693374852e-10
475.0,1.3477818017069525e-07
476.0,1.092423523171856e-10
477.0,5.089846113838841e-12
478.0,2.527979664590344e-07
479.0,9.676950969757247e-10
480.0,7.174210990216656e-15
481.0,5.306157100499741e-12
482.0,9.318339130535097e-12
483.0,1.1081879643149895e-10
484.0,1.752279018628845e-11
485.0,5.941757215594441e-09
486.0,8.004553514177108e-13
487.0,5.859853761855648e-09
488.0,3.996196877198315e-09
489.0,8.403341559777722e-06
490.0,1.2204912826884066e-08
491.0,4.995128204787376e-10
492.0,1.297049715677163e-09
493.0,5.889608229104264e-09
494.0,2.2097603924267348e-10
495.0,5.63970594138689e-10
496.0,1.455315978517394e-11
497.0,6.500656367236675e-11
498.0,1.8728954082315337e-05
499.0,5.18934742496941e-10
500.0,2.69265456203726e-12
501.0,2.884471776891769e-11
502.0,5.368764012864539e-09
503.0,1.1632347088760566e-11
504.0,6.330480024302026e-09
505.0,2.4524717862179324e-09
506.0,5.618405887718367e-11
507.0,4.944318255480968e-09
508.0,1.2536288627574414e-10
509.0,3.730159050858233e-07
510.0,6.059328734423611e-10
511.0,1.8943322020381244e-08
512.0,8.693120373955396e-08
513.0,1.3073841649191606e-09
514.0,2.3792923304641628e-07
515.0,1.8013902728472024e-10
516.0,6.591776040093256e-11
517.0,8.512883028689907e-09
518.0,6.282317822829718e-08
519.0,6.806906018567537e-06
520.0,1.7757658401992286e-09
521.0,4.603797094296369e-12
522.0,2.2876049967388823e-08
523.0,1.1831904223277745e-09
524.0,2.4904329533939925e-09
525.0,1.0140924181488047e-08
526.0,3.2992969561963494e-09
527.0,3.116089862683177e-08
528.0,6.123157392074912e-09
529.0,1.016290026595773e-13
530.0,1.5760562561396345e-13
531.0,2.403122973752894e-10
532.0,2.387512209047054e-10
533.0,5.4146748124859996e-08
534.0,3.6522572062350166e-06
535.0,1.8573768689307066e-11
536.0,1.1818919155801988e-07
537.0,1.392517187446835e-07
538.0,8.824570981009297e-10
539.0,2.6970893078830915e-10
540.0,1.1162260785057372e-09
541.0,7.29118641735704e-12
542.0,7.050565687158832e-09
543.0,3.541610352783529e-11
544.0,1.2457037156493066e-09
545.0,3.0473360741207744e-09
546.0,3.777630978405351e-10
547.0,1.0940266418379894e-06
548.0,1.251579163660313e-10
549.0,3.6762870837116866e-10
550.0,1.03729406922866e-12
551.0,1.7650395931789474e-10
552.0,2.3761892059844293e-12
553.0,1.3231403941360737e-08
554.0,6.90471761084392e-11
555.0,1.94579994819293e-08
556.0,1.505603748250061e-11
557.0,7.428411731808479e-07
558.0,2.1366313775352725e-09
559.0,7.52919210397894e-11
560.0,1.8628618300910088e-10
561.0,4.729901410978514e-10
562.0,1.009843802958846e-09
563.0,1.9948287491813504e-09
564.0,2.3451855813532503e-12
565.0,8.146896149209835e-08
566.0,1.747138564710849e-08
567.0,4.2184024225533564e-08
568.0,1.185060813152437e-09
569.0,6.751455142936628e-13
570.0,9.361186008183128e-08
571.0,3.743209466151213e-09
572.0,1.0523954337054646e-10
573.0,2.8246716984682897e-11
574.0,1.968764078406741e-10
575.0,4.994280409665992e-10
576.0,1.7815661301436382e-11
577.0,3.362308469791757e-11
578.0,8.718572749801651e-10
579.0,4.663833456039093e-11
580.0,5.969845563574213e-08
581.0,8.865510855801819e-09
582.0,4.387907889780428e-11
583.0,5.587037676963461e-10
584.0,1.8878289988989857e-07
585.0,5.376147223501052e-10
586.0,1.6793596160016381e-13
587.0,6.468420403104295e-11
588.0,1.0860977887905357e-07
589.0,5.535510808412269e-09
590.0,3.5387596763444304e-13
591.0,2.0569119126349316e-08
592.0,6.807580234835379e-09
593.0,1.3771365305193012e-09
594.0,1.0295647462272123e-07
595.0,4.488380730172839e-10
596.0,2.2117349786096812e-12
597.0,6.653262000632022e-08
598.0,3.3523254425268496e-11
599.0,1.6525844994675848e-11
600.0,2.7806485802746907e-09
601.0,1.1978822896752446e-07
602.0,9.293355324356899e-07
603.0,3.1389557441933696e-08
604.0,1.912569857088868e-06
605.0,1.0391938493725578e-10
606.0,1.0500553546145375e-12
607.0,3.011139974622761e-10
608.0,1.4999539781883964e-09
609.0,4.170106395655165e-11
610.0,9.228354888757932e-14
611.0,1.1183470032471527e-10
612.0,7.172623718666823e-13
613.0,1.539778812997018e-14
614.0,1.4277549627397713e-07
615.0,1.6833724680187908e-09
616.0,3.036499895490061e-08
617.0,1.809736651076255e-10
618.0,3.822282440845279e-08
619.0,2.714242062709969e-10
620.0,1.5715163919006749e-12
621.0,2.28430542573206e-11
622.0,5.16553464532337e-10
623.0,7.584657978764404e-10
624.0,6.243204568279605e-14
625.0,6.441930887320411e-13
626.0,5.212465141458375e-10
627.0,1.6075521107671386e-05
628.0,1.485283555364992e-09
629.0,2.692460409879926e-07
630.0,2.0820334365476754e-10
631.0,7.703973322967093e-10
632.0,8.062847139314465e-10
633.0,2.992071073938278e-13
634.0,8.934268634652556e-12
635.0,6.670130676301004e-11
636.0,1.345110505662625e-09
637.0,4.487616978022129e-11
638.0,6.245605145662593e-06
639.0,3.515002385180341e-07
640.0,1.3014031290385341e-12
641.0,3.0173025988436075e-12
642.0,1.5709428147200608e-09
643.0,3.9463868679320223e-10
644.0,4.202295339660303e-08
645.0,1.703970372637603e-11
646.0,7.835695350505597e-12
647.0,4.135811035613847e-08
648.0,1.3422302552393902e-12
649.0,3.5804101113648034e-10
650.0,1.4321248834212164e-12
651.0,1.0678077509207276e-08
652.0,1.3221478197831409e-08
653.0,3.9891031898825445e-10
654.0,2.339869169310682e-11
655.0,1.095325026581069e-06
656.0,2.2577942155582824e-12
657.0,4.260175517784038e-10
658.0,1.6959559849011408e-09
659.0,3.8090286677211373e-13
660.0,1.1383195299851701e-10
661.0,5.779641798917487e-08
662.0,5.941348356281271e-13
663.0,1.5233672730385302e-07
664.0,9.015025913423605e-10
665.0,5.853620591417917e-10
666.0,5.261508478166457e-09
667.0,3.0756153392767726e-10
668.0,2.0445306096798587e-10
669.0,9.294335228444045e-10
670.0,9.134658062931562e-08
671.0,5.3294386812985886e-11
672.0,3.138387751054772e-11
673.0,1.3943046162009354e-08
674.0,2.2552290900511059e-10
675.0,4.38128559098716e-07
676.0,3.8047480078031165e-11
677.0,1.0563496868248254e-12
678.0,1.016680631204831e-09
679.0,9.113372942806499e-10
680.0,7.436141104919199e-12
681.0,7.864557876261847e-11
682.0,5.695427061432129e-10
683.0,1.8316859991693028e-10
684.0,6.449190712275929e-10
685.0,2.518099926419739e-06
686.0,3.56496372331997e-09
687.0,2.5434286536418365e-10
688.0,6.030026085162191e-11
689.0,3.4242389421742874e-11
690.0,8.940309021210863e-09
691.0,5.808805382730605e-08
692.0,5.053753524863623e-14
693.0,1.639274364697199e-10
694.0,3.38016959341637e-09
695.0,1.3537646875500553e-06
696.0,1.9676694524706277e-10
697.0,5.188239246758576e-11
698.0,5.0560853572375175e-09
699.0,2.1293825810360957e-09
700.0,1.059171584276636e-09
701.0,8.95851658917316e-09
702.0,8.725882149738719e-10
703.0,2.547467506175519e-12
704.0,1.742629080594913e-09
705.0,2.5408289662615926e-08
706.0,1.3027602101111294e-08
707.0,1.1624388159421594e-06
708.0,3.3625362967438433e-07
709.0,6.307822264042871e-12
710.0,4.837798923099648e-07
711.0,2.1861613691505363e-08
712.0,1.0659334577776694e-09
713.0,1.610378315819798e-12
714.0,3.658952704328846e-08
715.0,1.647560246672475e-11
716.0,5.100710056274371e-10
717.0,6.754976633814663e-07
718.0,5.331957357553004e-11
719.0,2.2340819068068927e-08
720.0,6.984271241243524e-11
721.0,7.07462951308427e-10
722.0,2.0843482823275575e-06
723.0,2.6269298659923145e-12
724.0,1.1606279934188398e-08
725.0,5.393033509035286e-09
726.0,8.257506729739412e-12
727.0,2.878501995334889e-13
728.0,2.951699642333046e-12
729.0,3.2470427843044586e-12
730.0,8.141682950630292e-09
731.0,2.281561855810196e-08
732.0,1.2405116664650883e-07
733.0,6.334646063421805e-10
734.0,6.394012794493933e-13
735.0,5.844145260494324e-09
736.0,2.0768131164588232e-08
737.0,4.9725657519591e-12
738.0,1.5332991846630186e-08
739.0,4.085699178779606e-10
740.0,8.72352641508093e-08
741.0,1.3073961065815202e-07
742.0,1.033647264374226e-09
743.0,3.553780758379346e-10
744.0,2.515977483421829e-10
745.0,1.6079754967481626e-09
746.0,1.102370955287178e-08
747.0,1.0881344869089682e-12
748.0,8.817232235705625e-15
749.0,1.7783060495357736e-09
750.0,1.5561123896149306e-07
751.0,8.30932528022429e-12
752.0,1.766246367343596e-07
753.0,1.1729026598417213e-10
754.0,2.15084122229445e-12
755.0,3.466024581628452e-10
756.0,1.4362156803776767e-07
757.0,1.246183751925761e-10
758.0,5.107710849865657e-13
759.0,1.2333966379267516e-10
760.0,3.3189977731571644e-09
761.0,7.955218873031581e-10
762.0,9.004154557614939e-10
763.0,4.3385972043485777e-10
764.0,2.6783136009770105e-10
765.0,0.00044303909364465046
766.0,3.921337251949388e-08
767.0,1.6673880619814622e-09
768.0,4.0361708020794723e-07
769.0,2.2608442788731273e-12
770.0,2.2388425179523876e-10
771.0,3.169173102477545e-12
772.0,2.7353940275504778e-12
773.0,3.728220239986792e-09
774.0,6.849296838391723e-10
775.0,3.5161827447734583e-13
776.0,3.22225432651917e-09
777.0,2.7077906224130276e-10
778.0,2.310073264782489e-06
779.0,5.355102205944541e-11
780.0,1.9065259969650086e-12
781.0,2.6192504864768023e-10
782.0,2.795280843883043e-07
783.0,1.0489933636620867e-06
784.0,3.606196959788425e-12
785.0,4.827734047455986e-08
786.0,1.1229877897938196e-09
787.0,3.804047443155247e-07
788.0,1.2459468615381828e-10
789.0,3.3167431962556537e-09
790.0,2.5694328227088303e-08
791.0,1.4410872969939666e-06
792.0,1.8117155584777884e-11
793.0,7.579198291666251e-11
794.0,1.2271091614903733e-07
795.0,1.8409443811347887e-09
796.0,1.0852163633116494e-10
797.0,3.597545969412502e-12
798.0,7.04478591891735e-07
799.0,2.3284290905475004e-09
800.0,4.1081070261351715e-12
801.0,1.8252427983363702e-11
802.0,9.475543713503122e-13
803.0,4.7520213222815956e-11
804.0,3.7069257844194985e-13
805.0,7.250197687479482e-06
806.0,2.8066260585960624e-09
807.0,8.533439425881362e-08
808.0,1.1426378060039306e-10
809.0,6.959023081898907e-10
810.0,4.184826209652184e-07
811.0,4.0360678448969784e-07
812.0,1.6912640942753277e-09
813.0,8.853445049095376e-11
814.0,3.1756109582849536e-09
815.0,3.995589941853044e-11
816.0,1.4363516599763095e-11
817.0,2.2297273352371185e-09
818.0,6.209712759488933e-08
819.0,1.535500422598845e-10
820.0,7.081363257503128e-13
821.0,1.8586768689809175e-08
822.0,2.090832954948749e-09
823.0,8.90701807643888e-11
824.0,6.995160943646033e-11
825.0,3.125700846524596e-08
826.0,4.4943415998263563e-11
827.0,1.019057213627701e-10
828.0,5.1216705630658834e-08
829.0,4.073590502484429e-12
830.0,1.627096647887777e-07
831.0,5.466051424623519e-09
832.0,6.540467799617015e-11
833.0,1.771018491474967e-11
834.0,1.85871521717437e-09
835.0,2.4566947657454205e-10
836.0,3.992673372874681e-09
837.0,6.857242996527249e-13
838.0,1.7041981083010687e-10
839.0,6.766523349996396e-09
840.0,1.4415520425958055e-08
841.0,4.642217711169004e-12
842.0,3.363545554069339e-08
843.0,3.1666103679516108e-09
844.0,5.211749095356128e-11
845.0,9.543672061346425e-09
846.0,3.4678705620816947e-10
847.0,3.198610695156085e-09
848.0,3.1053623225821635e-11
849.0,3.810803889180752e-13
850.0,7.39776854826894e-07
851.0,2.052787499262409e-13
852.0,3.642976645549902e-08
853.0,2.4764104088830617e-10
854.0,1.6276976213730043e-10
855.0,3.770900831351057e-09
856.0,1.182888941276115e-06
857.0,1.2400276155152634e-10
858.0,6.712164504450393e-11
859.0,3.934962442588598e-11
860.0,5.296766301754763e-12
861.0,2.652615237774492e-10
862.0,3.704527534602728e-09
863.0,1.954533868081636e-10
864.0,7.174654203094979e-14
865.0,1.0535136351763645e-10
866.0,4.0567094020471335e-10
867.0,3.023500685558763e-11
868.0,7.427867780053562e-07
869.0,3.409481533734447e-07
870.0,5.032548654350766e-07
871.0,2.691283049260598e-07
872.0,5.694355464544221e-11
873.0,1.413871053143905e-09
874.0,1.527405130028153e-11
875.0,1.06690288379444e-09
876.0,6.426698503751479e-10
877.0,2.7181359327704686e-06
878.0,2.3082622705935364e-09
879.0,2.2767706651161255e-08
880.0,1.4853422401091519e-09
881.0,1.7820906620191229e-09
882.0,1.5858883394318675e-07
883.0,1.507010363130174e-08
884.0,2.526527917524478e-11
885.0,2.2653957509750448e-08
886.0,5.8116644300302845e-11
887.0,1.150069478120818e-09
888.0,4.9803903552185605e-14
889.0,7.453767397684025e-11
890.0,1.4952656167039644e-10
891.0,7.66008405177774e-11
892.0,1.25449561360483e-09
893.0,1.2031188859358834e-14
894.0,1.8483939569848408e-09
895.0,1.1790358399646567e-10
896.0,1.4458803629353905e-12
897.0,1.1489490497232725e-10
898.0,9.612371860061085e-12
899.0,6.781436997125921e-08
900.0,7.134724194566306e-07
901.0,2.3865085258709254e-09
902.0,4.206059342720584e-07
903.0,4.82819074010118e-12
904.0,5.9538947204515734e-12
905.0,1.8869622280030946e-05
906.0,1.1835773256583501e-12
907.0,2.9867887043642635e-11
908.0,1.850315087864894e-11
909.0,1.5072125796459588e-10
910.0,9.765972822958041e-11
911.0,2.6434609181820316e-11
912.0,9.792952924855833e-10
913.0,2.0035138481588508e-11
914.0,1.0643923860783092e-09
915.0,2.9310800930602975e-10
916.0,1.1481809643725804e-12
917.0,4.321635588836121e-12
918.0,7.523903466423556e-10
919.0,1.6642220603543202e-10
920.0,4.1116631431008904e-11
921.0,2.7009704107329853e-12
922.0,3.2989402721056496e-12
923.0,1.7401187224340593e-10
924.0,1.6293559844495572e-10
925.0,1.932237945099104e-07
926.0,2.2058004133031038e-11
927.0,3.738177714498674e-10
928.0,3.8269307387105194e-09
929.0,2.4705368655567704e-08
930.0,4.2409731265877386e-08
931.0,2.587012826191268e-07
932.0,6.986063515010046e-10
933.0,5.44911024002003e-12
934.0,1.632510372752167e-11
935.0,1.6945407614133567e-12
936.0,1.7596243989905947e-08
937.0,4.256847388882879e-08
938.0,3.758153334411634e-10
939.0,3.2337577440727893e-12
940.0,2.4885499916646945e-10
941.0,1.371239994139269e-07
942.0,7.258141243281651e-11
943.0,1.854006246347053e-11
944.0,5.124816770060169e-11
945.0,1.5763463463252054e-10
946.0,6.333147520654434e-10
947.0,1.2155042733882778e-09
948.0,6.327324328506613e-12
949.0,6.196468469723766e-12
950.0,1.4607346911840145e-09
951.0,1.2153732781503184e-11
952.0,4.569782153991832e-09
953.0,2.5499264595023814e-07
954.0,8.833287025621804e-13
955.0,3.653557226499125e-13
956.0,1.914480735471168e-07
957.0,4.280913880810145e-13
958.0,2.5783090088846447e-10
959.0,4.432814638734477e-10
960.0,1.7306760229179169e-10
961.0,1.3054415893296423e-11
962.0,8.762707721726455e-09
963.0,5.273478690035011e-10
964.0,1.9704445914789097e-12
965.0,2.6935666474002407e-12
966.0,1.4761374274133113e-07
967.0,5.439451161705492e-11
968.0,1.8674065866167463e-09
969.0,9.845450467118245e-12
970.0,8.35196687847494e-11
971.0,3.252154398093843e-13
972.0,1.4888414250129932e-15
973.0,4.604038700449224e-10
974.0,3.7952207460018115e-10
975.0,9.531604927609934e-10
976.0,1.9535623397216902e-09
977.0,4.010092011174742e-09
978.0,1.9423162459629356e-11
979.0,3.097342164280351e-08
980.0,4.733943921754758e-11
981.0,9.298542824068985e-14
982.0,1.06484942380464e-08
983.0,1.3642091676722094e-10
984.0,1.231840256701658e-10
985.0,4.705954205616963e-09
986.0,2.6647493333074895e-11
987.0,4.5833997532040037e-08
988.0,2.8075014350540063e-12
989.0,2.6351144984892218e-05
990.0,5.879947918608551e-14
991.0,5.976123359279789e-11
992.0,1.880953240785946e-10
993.0,2.4068826716893544e-08
994.0,2.0586312590272486e-09
995.0,1.0114167925508056e-07
996.0,3.82692603713036e-09
997.0,5.102066432972915e-11
998.0,8.069403085867149e-10
999.0,2.495535129143702e-12
1000.0,6.281677189048986e-10
1001.0,2.861480759509045e-09
1002.0,4.689273524185141e-09
1003.0,7.479084835118518e-15
1004.0,5.760948575851833e-08
1005.0,1.7494820024325957e-08
1006.0,4.309165140015024e-08
1007.0,5.008576869717479e-10
1008.0,1.1643908668290812e-07
1009.0,3.3378735741997927e-11
1010.0,1.4391715549929942e-10
1011.0,2.65722156083197e-08
1012.0,9.257347680852109e-10
1013.0,4.963739031651957e-06
1014.0,1.545467032834124e-10
1015.0,3.9993253455693175e-08
1016.0,6.085100860592553e-12
1017.0,2.591204658446099e-08
1018.0,2.128006470854906e-08
1019.0,1.09143554399738e-13
1020.0,8.059257937279257e-09
1021.0,1.3260701213572734e-10
1022.0,2.154614254367872e-08
1023.0,1.0883334822498327e-11
1024.0,3.458932823720545e-13
1025.0,1.2491889999683873e-07
1026.0,2.978820675244928e-11
1027.0,1.4426959885083958e-11
1028.0,9.751585115661133e-12
1029.0,2.849687761678619e-12
1030.0,4.66805754497616e-07
1031.0,6.203787457278684e-11
1032.0,4.3346479871512e-11
1033.0,1.4675427335336598e-09
1034.0,1.2070247188629564e-10
1035.0,8.642560134526682e-12
1036.0,1.1742829890018489e-09
1037.0,6.487346734385371e-08
1038.0,6.016203012968509e-11
1039.0,5.495854822111434e-10
1040.0,3.575688583432851e-10
1041.0,3.7331355896509682e-06
1042.0,8.965020103578151e-12
1043.0,7.328486814914061e-12
1044.0,1.1053570591530906e-11
1045.0,4.5221724744033014e-10
1046.0,1.0211670832080886e-09
1047.0,2.2530628577308426e-09
1048.0,1.701567461365181e-10
1049.0,1.4132433686223322e-09
1050.0,6.703878173455213e-08
1051.0,9.475434350108221e-10
1052.0,1.4728910455507663e-11
1053.0,2.3868949118438647e-13
1054.0,1.5066934087536366e-11
1055.0,2.3252065749765907e-08
1056.0,3.7568683413521524e-12
1057.0,1.775828338741321e-06
1058.0,2.002768714732716e-09
1059.0,3.142040097584317e-10
1060.0,1.178590767461869e-09
1061.0,2.0008134259874717e-12
1062.0,9.684642779409166e-09
1063.0,5.82145681009025e-11
1064.0,5.60579037657876e-11
1065.0,4.833933591726971e-11
1066.0,1.6986806004875333e-08
1067.0,3.53493171929396e-13
1068.0,2.2676435660204257e-08
1069.0,5.364558380975476e-12
1070.0,2.199969986023505e-08
1071.0,8.579399335813605e-10
1072.0,1.4304672935890251e-13
1073.0,2.3506171248121617e-10
1074.0,3.7753747399025446e-08
1075.0,3.838893748743396e-12
1076.0,3.3588093839385055e-09
1077.0,1.970861766076266e-09
1078.0,6.135415223920818e-11
1079.0,6.462734742315479e-10
1080.0,1.1183057286240664e-11
1081.0,1.3931703210981803e-11
1082.0,5.0321081476787647e-08
1083.0,3.550000274473662e-08
1084.0,1.342433011339452e-10
1085.0,3.890583683982577e-09
1086.0,2.866060808646731e-09
1087.0,2.3310048049354803e-07
1088.0,2.9163886814047074e-13
1089.0,4.108676262225857e-11
1090.0,1.3638368507916417e-08
1091.0,1.2503052955238626e-11
1092.0,8.037594013039636e-11
1093.0,6.097375619493867e-08
1094.0,7.315560087525286e-12
1095.0,3.0060004482639024e-12
1096.0,7.985878826117839e-10
1097.0,4.5089115470538945e-09
1098.0,1.2542218500551852e-10
1099.0,1.7386530351212947e-11
1100.0,3.5155890147773276e-10
1101.0,5.034790201864574e-12
1102.0,1.4935862099523636e-11
1103.0,4.420360643600647e-11
1104.0,2.69415934760532e-11
1105.0,1.8929449559345547e-10
1106.0,7.409758763611089e-07
1107.0,1.5562803551911495e-10
1108.0,1.489523424960103e-10
1109.0,3.2326045234406017e-07
1110.0,8.84509728940157e-11
1111.0,8.425489128313771e-06
1112.0,2.8021002161280652e-11
1113.0,4.573389878177947e-13
1114.0,1.119659069849278e-11
1115.0,1.0087728572120452e-09
1116.0,1.9560842331749472e-09
1117.0,1.3858293546633675e-08
1118.0,7.40657916658147e-08
1119.0,4.185721182750755e-09
1120.0,2.423666724950104e-10
1121.0,1.5747015782021564e-09
1122.0,3.374761378233441e-08
1123.0,2.7671018708175545e-06
1124.0,2.6347322506058906e-08
1125.0,1.1421663498581357e-07
1126.0,3.894891980835439e-11
1127.0,2.8368487856093393e-09
1128.0,4.52488220360076e-11
1129.0,5.236531026796398e-13
1130.0,1.1569723302899666e-11
1131.0,8.249421523890684e-11
1132.0,3.168202126746291e-11
1133.0,1.3706757225816112e-10
1134.0,9.467052845917239e-12
1135.0,8.767088344591329e-11
1136.0,2.6272388264651854e-08
1137.0,1.621368033577888e-11
1138.0,2.2603343793563253e-07
1139.0,1.9120993029600108e-11
1140.0,1.3189322757286248e-11
1141.0,1.3964691497178102e-05
1142.0,1.4282694033294355e-08
1143.0,1.3902772120868052e-11
1144.0,1.4242500518650038e-10
1145.0,2.0464817988804326e-11
1146.0,3.598811949643439e-11
1147.0,7.1043816607001946e-12
1148.0,2.1227858257274712e-07
1149.0,2.1513448934909506e-13
1150.0,1.7700485425394153e-10
1151.0,3.925433192896066e-12
1152.0,1.897255893825975e-11
1153.0,1.1643663245064722e-11
1154.0,3.398860000682801e-11
1155.0,1.7841847273754609e-09
1156.0,5.216637778747276e-07
1157.0,5.430449064769293e-11
1158.0,6.040648197107756e-07
1159.0,1.1176415062697279e-10
1160.0,1.4177993844870503e-08
1161.0,4.334808023504031e-10
1162.0,1.0048128199493522e-08
1163.0,4.441152154318843e-10
1164.0,1.4996182449992206e-09
1165.0,2.2056281308462873e-08
1166.0,3.9428421174099066e-10
1167.0,2.4476512660648623e-08
1168.0,1.979045498528026e-09
1169.0,4.068165047299124e-09
1170.0,5.336925080051387e-14
1171.0,1.623282891171661e-07
1172.0,2.1454942530856387e-13
1173.0,3.9471128213299e-09
1174.0,5.729474241587839e-12
1175.0,5.260968587917831e-07
1176.0,7.54546643568395e-08
1177.0,1.1320114805749386e-12
1178.0,3.97099318254797e-12
1179.0,4.4918058138761256e-11
1180.0,3.919902570786399e-11
1181.0,1.3457650435621195e-09
1182.0,2.334474394170045e-11
1183.0,3.0948099798284315e-09
1184.0,8.120367227368774e-11
1185.0,1.4504506077072758e-07
1186.0,4.4774244814385825e-10
1187.0,2.3838436869541737e-07
1188.0,2.683904339632362e-07
1189.0,3.519161266360655e-09
1190.0,3.297901422521e-08
1191.0,2.3843277245837808e-09
1192.0,1.0621240876961394e-08
1193.0,4.026771824185817e-09
1194.0,2.1420689945642487e-09
1195.0,4.3757322568071715e-13
1196.0,4.0609012140928894e-14
1197.0,6.670782007167739e-12
1198.0,2.095895625539837e-09
1199.0,1.6594287918323583e-08
1200.0,2.973532474328632e-06
1201.0,3.3113911518216035e-09
1202.0,4.4549674755701596e-10
1203.0,4.026795293517383e-12
1204.0,5.4225415191810225e-06
1205.0,3.6363986749891457e-06
1206.0,2.992110596381049e-10
1207.0,6.038221868460363e-08
1208.0,8.919228478022369e-10
1209.0,8.97905004756347e-13
1210.0,2.8660075612967526e-11
1211.0,1.4632532688814192e-06
1212.0,2.322666611169776e-08
1213.0,4.527462255338137e-08
1214.0,2.8950871399036325e-11
1215.0,3.738526828970943e-10
1216.0,8.163523740843571e-09
1217.0,5.51863452614168e-10
1218.0,9.991258543684842e-09
1219.0,1.7044591365425727e-12
1220.0,1.7196429267485558e-16
1221.0,6.033835281125081e-14
1222.0,2.358891368298684e-07
1223.0,5.324677404293074e-07
1224.0,0.00016112828716310234
1225.0,0.0005662464400161753
1226.0,1.6023149640211065e-06
1227.0,1.1918043206227766e-11
1228.0,0.04895731847077578
1229.0,0.001247876036464391
1230.0,1.8164683162378816e-07
1231.0,3.4298988706948726e-11
1232.0,6.906310279535053e-09
1233.0,1.6555412336379116e-11
1234.0,2.8740936175536833e-07
1235.0,1.6987565397717154e-11
1236.0,6.410281332765587e-10
1237.0,2.698815487161956e-08
1238.0,5.716328368225008e-12
1239.0,9.657923447924115e-12
1240.0,3.569103711997996e-13
1241.0,5.455699576137515e-10
1242.0,1.0471733337024614e-06
1243.0,3.0443720031387404e-07
1244.0,4.160739901860832e-07
1245.0,1.841317092367677e-08
1246.0,7.835998356371973e-13
1247.0,1.7444564242494483e-09
1248.0,5.811390892538348e-07
1249.0,3.2267394785734656e-05
1250.0,3.1829650657683136e-10
1251.0,5.3212639245692245e-09
1252.0,8.48978548715406e-11
1253.0,4.4294675282401716e-10
1254.0,8.059486737815564e-11
1255.0,1.268902939126258e-07
1256.0,6.929672057457722e-10
1257.0,7.611410356242972e-08
1258.0,7.535615335619468e-09
1259.0,2.0733207956718265e-11
1260.0,1.0967311115391397e-11
1261.0,1.0800891272077408e-07
1262.0,3.9192991577162473e-10
1263.0,5.833175195132647e-09
1264.0,1.411256496943765e-10
1265.0,4.9447810233147024e-11
1266.0,3.095983627811376e-10
1267.0,3.253405971806199e-09
1268.0,1.0271839625823423e-08
1269.0,1.1317129798448585e-10
1270.0,5.86462493207398e-11
1271.0,2.8769871409511276e-10
1272.0,8.399340793443188e-11
1273.0,1.1763535912850882e-08
1274.0,9.527345217029667e-07
1275.0,2.4879589062110215e-09
1276.0,1.2843570962190894e-10
1277.0,1.4333865103570014e-11
1278.0,1.5655730532674213e-08
1279.0,8.758951056259091e-10
1280.0,5.577939813707299e-09
1281.0,2.472141433610145e-09
1282.0,1.994164730301716e-10
1283.0,5.605474662251291e-08
1284.0,1.3988699181555616e-09
1285.0,8.204715526950836e-13
1286.0,4.153458093399382e-09
1287.0,5.489165308478082e-12
1288.0,3.1261398443218845e-09
1289.0,8.906751064017079e-10
1290.0,1.9233031194240552e-09
1291.0,1.8942866081240075e-08
1292.0,1.3618387823717825e-08
1293.0,2.495519480914786e-12
1294.0,4.2704307955458596e-10
1295.0,8.475105813496991e-12
1296.0,2.377220407943701e-10
1297.0,6.995115496534949e-10
1298.0,5.1419684515944787e-08
1299.0,5.223056639505758e-10
1300.0,1.1814603135024642e-12
1301.0,1.6667335940101963e-08
1302.0,3.0952894152675358e-12
1303.0,2.3103858805165582e-08
1304.0,1.2216775406002793e-12
1305.0,3.399101582978853e-08
1306.0,1.7927604728525874e-12
1307.0,5.936028695354995e-10
1308.0,1.7946410318430759e-12
1309.0,2.5375108525455656e-10
1310.0,5.174959316904703e-10
1311.0,1.009642836026555e-08
1312.0,1.3137827390683691e-08
1313.0,4.793104665255639e-10
1314.0,4.505722207643664e-11
1315.0,3.847994279443269e-09
1316.0,5.147280419184379e-11
1317.0,1.7429738881350928e-08
1318.0,2.4303335888270553e-09
1319.0,9.644420838391012e-13
1320.0,1.2706158875506526e-10
1321.0,8.101086132750279e-11
1322.0,4.036398954965602e-10
1323.0,8.324172016828796e-11
1324.0,2.8108317725000795e-12
1325.0,7.559672858490963e-08
1326.0,4.194582598588641e-12
1327.0,5.612225290993121e-10
1328.0,4.010117735689628e-11
1329.0,1.1295776976460421e-09
1330.0,2.1394933017494947e-09
1331.0,1.6414453032241194e-08
1332.0,5.980276190218014e-11
1333.0,1.3043925866344151e-09
1334.0,6.468984745864768e-10
1335.0,3.2268688711636904e-11
1336.0,1.3765481191435424e-09
1337.0,1.2792408261270405e-10
1338.0,1.674791515243461e-06
1339.0,2.262588129814088e-12
1340.0,5.310504324685812e-06
1341.0,4.877601632278235e-10
1342.0,7.490208073940819e-10
1343.0,4.2417020583450526e-11
1344.0,3.764115584281733e-08
1345.0,5.881342363754881e-12
1346.0,1.0357227063248517e-08
1347.0,3.782873839769438e-09
1348.0,7.17605030708853e-10
1349.0,2.1965501877596952e-14
1350.0,2.921633108630511e-06
1351.0,4.664637823720942e-11
1352.0,6.305469745574393e-09
1353.0,6.183110514039873e-08
1354.0,3.4140811818551614e-06
1355.0,1.6983572118181493e-09
1356.0,3.778761013833266e-06
1357.0,8.993698925578447e-11
1358.0,9.58380983971326e-13
1359.0,1.1766020041843113e-12
1360.0,2.411349813206051e-10
1361.0,5.531082669236178e-13
1362.0,4.2377774109407756e-11
1363.0,7.148245565616738e-09
1364.0,9.886035366371974e-11
1365.0,9.423007481225125e-11
1366.0,1.9985114844513075e-11
1367.0,1.4680970569428325e-09
1368.0,2.0779258574632914e-11
1369.0,1.8131699048403312e-11
1370.0,2.6254488958453372e-09
1371.0,2.770521511689659e-09
1372.0,3.505724426681378e-07
1373.0,8.147937345359312e-12
1374.0,2.6787547162553422e-11
1375.0,2.1176648553150045e-07
1376.0,7.11698827817186e-10
1377.0,2.4115948610805365e-12
1378.0,6.30386763615929e-11
1379.0,1.4155000929159623e-07
1380.0,2.6483740306985283e-12
1381.0,2.831308752659097e-07
1382.0,5.067048790064123e-10
1383.0,1.165966467563944e-10
1384.0,2.212084491053706e-08
1385.0,1.5807162151241475e-09
1386.0,5.232999511285277e-08
1387.0,5.190944072421887e-13
1388.0,1.1575887852076498e-10
1389.0,7.973022758184944e-11
1390.0,2.434957594489691e-08
1391.0,3.5274699945674645e-09
1392.0,1.371246186242775e-07
1393.0,1.0266772330609106e-07
1394.0,4.15321980033274e-12
1395.0,1.924145452270113e-11
1396.0,3.6595358467157483e-07
1397.0,1.248160824139429e-07
1398.0,3.1814165053825436e-11
1399.0,3.7983808087952746e-11
1400.0,1.396445320825912e-09
1401.0,2.0759627550527483e-12
1402.0,2.1435543713762524e-12
1403.0,2.6294550570142308e-08
1404.0,1.462715553134592e-12
1405.0,2.0908276842868744e-11
1406.0,7.771082460406023e-07
1407.0,2.0943656513114654e-08
1408.0,3.199048352396363e-10
1409.0,7.553262579430648e-09
1410.0,9.096569487159581e-10
1411.0,3.890966664609269e-09
1412.0,1.0037563210658481e-11
1413.0,1.4666622943865062e-09
1414.0,1.5787543531996316e-08
1415.0,2.0632383573053597e-10
1416.0,4.15370523363529e-09
1417.0,5.466799784348103e-13
1418.0,4.99444537912949e-07
1419.0,7.960835606186333e-10
1420.0,1.1880417184746988e-07
1421.0,1.414640040122654e-07
1422.0,2.130891531256518e-11
1423.0,8.095379730734356e-11
1424.0,1.954985027900177e-11
1425.0,1.9096772429162898e-10
1426.0,1.599350384487625e-12
1427.0,2.2771649776554793e-10
1428.0,1.1496668195006469e-11
1429.0,3.366376536561599e-09
1430.0,6.030448718150796e-09
1431.0,1.4590525245986506e-11
1432.0,1.7615044176678834e-12
1433.0,1.2618273440500706e-09
1434.0,9.634683831633144e-13
1435.0,2.525682133384839e-12
1436.0,3.3883018266646203e-10
1437.0,2.4105169354320117e-12
1438.0,1.5676622205678081e-09
1439.0,4.378709982447895e-12
1440.0,7.533407131854296e-13
1441.0,6.67028549135926e-08
1442.0,1.4143478043350635e-07
1443.0,5.512125527188803e-11
1444.0,5.5992018456505393e-11
1445.0,1.0459163975906042e-08
1446.0,4.422762870567526e-12
1447.0,5.586268278605643e-06
1448.0,2.2778717662371922e-10
1449.0,1.1625438848340539e-05
1450.0,9.239757441126133e-12
1451.0,7.251076348980288e-09
1452.0,7.621438140777408e-07
1453.0,9.348237843235212e-10
1454.0,7.348638341419744e-08
1455.0,8.135487551564285e-15
1456.0,3.040049258672773e-09
1457.0,2.6297032748854693e-09
1458.0,9.332573000188987e-10
1459.0,7.283124940935068e-08
1460.0,1.1436818536647594e-10
1461.0,1.991462205346088e-12
1462.0,1.5325238645187606e-10
1463.0,4.632111249528933e-12
1464.0,2.5869245165394254e-10
1465.0,7.592064422489982e-12
1466.0,1.027203838429309e-12
1467.0,3.340284064873257e-11
1468.0,3.3372633604370036e-10
1469.0,1.922208257118482e-07
1470.0,3.5867126650176337e-10
1471.0,7.90383137382992e-07
1472.0,2.1208649803289626e-09
1473.0,9.469799835888068e-13
1474.0,1.9754206130684932e-12
1475.0,1.95335019977308e-10
1476.0,1.60559885188379e-10
1477.0,1.0031345433474712e-10
1478.0,1.0093256782962136e-07
1479.0,7.797352892487739e-13
1480.0,3.1828777458273516e-07
1481.0,1.4060051915570437e-08
1482.0,1.2052766233152156e-13
1483.0,9.572987933822102e-10
1484.0,3.7895305415815294e-10
1485.0,6.485698288677707e-10
1486.0,3.714093974923157e-11
1487.0,8.11247870989591e-09
1488.0,2.018242782540942e-09
1489.0,6.878000786102113e-11
1490.0,2.5108669154041756e-10
1491.0,3.3777424751451923e-12
1492.0,4.6901220369114596e-12
1493.0,1.2617286650068266e-10
1494.0,3.1534228900905605e-09
1495.0,2.0373321720367896e-09
1496.0,3.015354502966098e-12
1497.0,1.6087076993636887e-10
1498.0,4.153793680530741e-11
1499.0,6.625417334173352e-11
1500.0,6.243899071339365e-11
1501.0,4.858231728743468e-12
1502.0,6.338443103286795e-07
1503.0,3.0043958442416546e-09
1504.0,8.582527376188595e-10
1505.0,2.0409604559383728e-07
1506.0,8.936281217263254e-11
1507.0,4.382346541810421e-11
1508.0,1.576096337856822e-11
1509.0,1.7759165286641553e-13
1510.0,7.818354385782533e-13
1511.0,3.449982061961237e-10
1512.0,3.979931943794674e-07
1513.0,3.6575678768921003e-09
1514.0,2.1434151068427494e-08
1515.0,2.598836955946678e-10
1516.0,8.057433640972475e-12
1517.0,2.2320893068767213e-11
1518.0,7.862198273141662e-10
1519.0,1.4764827823885606e-08
1520.0,2.9394540983905604e-09
1521.0,6.37118846023031e-09
1522.0,4.751947062301221e-10
1523.0,8.113373093642318e-08
1524.0,1.1340084038772211e-09
1525.0,1.4765971662940443e-11
1526.0,1.3439175615651982e-15
1527.0,1.1589461163856177e-12
1528.0,2.0438137611532854e-09
1529.0,1.5106260565832114e-09
1530.0,2.953116003640289e-10
1531.0,2.2561627226204384e-11
1532.0,1.9974024555614076e-11
1533.0,1.0664152259862099e-09
1534.0,1.3026555856266646e-09
1535.0,3.814785296653812e-08
1536.0,4.534134007182803e-10
1537.0,1.0753038307255222e-11
1538.0,2.116635010394634e-09
1539.0,2.055563614244211e-10
1540.0,2.5288915281103356e-09
1541.0,5.477643473187794e-09
1542.0,1.000347186196127e-11
1543.0,8.468995474002494e-07
1544.0,4.3287776956282584e-10
1545.0,1.4679411605817553e-09
1546.0,3.9638202768879805e-10
1547.0,5.5752451514699205e-09
1548.0,6.083458682751711e-10
1549.0,5.0689893698123974e-08
1550.0,2.2525046644737554e-05
1551.0,3.8582323211434086e-11
1552.0,2.4652439506893468e-09
1553.0,3.109544364096296e-11
1554.0,6.42323576950094e-11
1555.0,1.5927414982385573e-10
1556.0,4.559794501045942e-11
1557.0,3.250588867253748e-07
1558.0,9.475990453816135e-11
1559.0,6.989959351207286e-09
1560.0,2.856652696030124e-09
1561.0,4.533558135089683e-07
1562.0,5.433767033399675e-11
1563.0,2.8906580737987435e-10
1564.0,7.487811406423649e-10
1565.0,3.073766644363311e-07
1566.0,4.3692330216166695e-05
1567.0,3.371547707723862e-08
1568.0,1.6914809086501082e-09
1569.0,2.8770719889894806e-06
1570.0,2.3128239908099378e-11
1571.0,2.8576917223079324e-09
1572.0,7.091524392175534e-10
1573.0,6.067650072672087e-09
1574.0,7.333232724205111e-07
1575.0,0.001206886623970772
1576.0,9.755001873485255e-08
1577.0,4.3989987754955883e-07
1578.0,5.157398931042003e-09
1579.0,2.0474607449386665e-10
1580.0,1.080466058651093e-06
1581.0,8.580925972418427e-12
1582.0,1.195000770749185e-11
1583.0,1.351630881690947e-11
1584.0,1.184202377605694e-12
1585.0,1.3777996914010144e-11
1586.0,1.0622152331951569e-09
1587.0,3.923918078460235e-08
1588.0,1.2970081016218062e-09
1589.0,1.237129338786557e-10
1590.0,8.126645318040668e-12
1591.0,2.111138224657722e-08
1592.0,5.9838595614018665e-12
1593.0,1.6890864281934655e-09
1594.0,9.621032997296358e-10
1595.0,1.60898789793642e-12
1596.0,6.188779696810797e-11
1597.0,1.855942531903322e-05
1598.0,1.7644590034505982e-09
1599.0,9.916382777882413e-13
1600.0,1.2816884303245026e-10
1601.0,1.0558563771607046e-08
1602.0,1.3956270043295945e-11
1603.0,9.683219736712878e-08
1604.0,4.721198553586704e-10
1605.0,1.385863162488474e-10
1606.0,5.662306338191397e-10
1607.0,9.345866715051247e-08
1608.0,2.517519666612141e-07
1609.0,1.0684869809295447e-10
1610.0,8.459391736280663e-19
1611.0,3.605559279647931e-13
1612.0,1.8845160506282025e-10
1613.0,1.4665679288611691e-12
1614.0,2.9018611234106983e-11
1615.0,3.3560454799570113e-12
1616.0,1.4896503668028305e-08
1617.0,1.8545911531646866e-10
1618.0,2.1152457674137916e-12
1619.0,3.3402478275710805e-12
1620.0,1.0230095765009158e-10
1621.0,2.6533673863553036e-10
1622.0,8.533251423208839e-10
1623.0,9.058965218212038e-11
1624.0,2.096820101299833e-12
1625.0,6.874991718760625e-10
1626.0,7.950112660787973e-06
1627.0,3.18619985562796e-08
1628.0,1.3769771301514407e-10
1629.0,9.971938504953017e-12
1630.0,4.164243181654341e-09
1631.0,1.0957293502051498e-11
1632.0,6.978735442397564e-10
1633.0,1.1575145359907812e-11
1634.0,3.287698089944947e-09
1635.0,6.257354807942427e-11
1636.0,1.7212845959725836e-11
1637.0,3.6267032132070985e-08
1638.0,7.321943656450198e-09
1639.0,5.0914179280721e-12
1640.0,1.7550068098949239e-12
1641.0,5.1425182672358915e-08
1642.0,1.5331553651855054e-09
1643.0,3.956478224225465e-10
1644.0,1.0041977118833558e-10
1645.0,2.800985234064665e-11
1646.0,7.144153816815937e-16
1647.0,1.9246670131051806e-11
1648.0,6.10764828731928e-11
1649.0,6.274341449725979e-13
1650.0,9.066554934806058e-09
1651.0,3.622097745177868e-09
1652.0,1.3703397100898175e-08
1653.0,7.651537764642888e-13
1654.0,8.417547096495514e-08
1655.0,1.3188367146015753e-09
1656.0,3.4132866478435925e-11
1657.0,1.0126481926214619e-13
1658.0,6.896350500719425e-09
1659.0,1.5902127346532351e-10
1660.0,2.9644864717558134e-09
1661.0,7.558798426197252e-10
1662.0,9.675294507673888e-14
1663.0,9.737952237028458e-09
1664.0,3.289368805384662e-08
1665.0,5.400039598353921e-11
1666.0,8.559432993730303e-11
1667.0,4.0327213145091484e-11
1668.0,9.883979717738555e-09
1669.0,7.388271783613094e-13
1670.0,2.9225200174460763e-10
1671.0,2.075048111179653e-09
1672.0,9.372126640324948e-11
1673.0,5.884564504922329e-12
1674.0,6.393487927909613e-09
1675.0,3.950621686817673e-14
1676.0,3.776780344291857e-08
1677.0,9.677860952006819e-11
1678.0,3.0426372568025143e-07
1679.0,1.6429991342539888e-08
1680.0,1.9567988686044994e-09
1681.0,4.715146638083829e-10
1682.0,3.7454356343794235e-10
1683.0,8.76297595184972e-12
1684.0,2.162482047312437e-07
1685.0,8.841523407724594e-07
1686.0,1.1742059706273215e-06
1687.0,1.15022504243733e-06
1688.0,1.0579171810062024e-08
1689.0,5.205890749950848e-09
1690.0,1.34367352296922e-08
1691.0,1.6530870898089198e-09
1692.0,2.415588695446962e-11
1693.0,1.4506820313428636e-09
1694.0,5.285753167281206e-11
1695.0,2.5776607710985644e-07
1696.0,8.187363526671468e-11
1697.0,3.2866558500133414e-09
1698.0,4.323425459278424e-08
1699.0,6.642445531649042e-12
1700.0,6.77498000846068e-07
1701.0,4.1406904729494874e-10
1702.0,1.63175780576227e-09
1703.0,4.1336522033031844e-09
1704.0,5.300420162503481e-07
1705.0,2.6709593842605205e-09
1706.0,5.411201025396207e-07
1707.0,1.9314126474459945e-11
1708.0,2.3703489364413898e-06
1709.0,9.961876460057114e-08
1710.0,3.405026507787331e-08
1711.0,3.014123633489936e-12
1712.0,9.195644232935193e-12
1713.0,1.2345822719741187e-10
1714.0,1.8226730515490698e-13
1715.0,2.7007266242785587e-08
1716.0,2.503095412841099e-09
1717.0,7.29880202097514e-11
1718.0,2.761846143935589e-13
1719.0,3.900254277481183e-09
1720.0,5.7848765176425446e-09
1721.0,9.152153192884955e-09
1722.0,1.9376812285124166e-08
1723.0,2.44216222467594e-12
1724.0,5.184964835881861e-10
1725.0,5.852900583143951e-09
1726.0,1.1203412172267988e-10
1727.0,4.65767835657886e-10
1728.0,2.6322460348866193e-09
1729.0,1.43740599841324e-07
1730.0,5.928105727539231e-09
1731.0,3.194291011168672e-11
1732.0,5.469797888861014e-10
1733.0,2.2896490395954556e-07
1734.0,2.5239421637858376e-06
1735.0,2.475260016167929e-12
1736.0,7.523820868494736e-12
1737.0,6.823747118460747e-07
1738.0,3.5641268033243374e-12
1739.0,7.494336749760716e-12
1740.0,1.391757697245663e-09
1741.0,6.46881751968728e-10
1742.0,4.6400298568245007e-10
1743.0,1.8626234957606388e-08
1744.0,1.0844933923908258e-11
1745.0,3.947901320889667e-12
1746.0,1.626570464187651e-10
1747.0,9.967018566612578e-10
1748.0,8.829057243892484e-10
1749.0,6.423943807927449e-07
1750.0,3.4864175964878196e-12
1751.0,3.8878495439627494e-14
1752.0,3.7196207875086893e-11
1753.0,5.318099646767636e-08
1754.0,8.29537180968338e-10
1755.0,1.0113048968403142e-07
1756.0,2.1738061091411095e-13
1757.0,5.534707938602328e-11
1758.0,2.1941220702730653e-09
1759.0,1.731675689647264e-11
1760.0,1.915276034672189e-09
1761.0,9.787473664272252e-11
1762.0,8.009356827903357e-11
1763.0,4.08030186106197e-08
1764.0,1.4458178920316398e-08
1765.0,1.1638782038477253e-09
1766.0,8.254193538196667e-12
1767.0,3.6477634947919693e-10
1768.0,2.8801414673224315e-10
1769.0,4.010294389678169e-11
1770.0,4.172638430130133e-09
1771.0,9.720464596225424e-11
1772.0,1.6399159063558166e-09
1773.0,8.48488796444072e-13
1774.0,7.920096763020535e-09
1775.0,1.0264881105055218e-09
1776.0,1.7450077380934098e-12
1777.0,3.7144669631649166e-11
1778.0,4.086391945498521e-08
1779.0,3.810338762527922e-12
1780.0,1.2241180672163751e-11
1781.0,9.508124333889664e-08
1782.0,1.0120131298398123e-08
1783.0,4.273445365277309e-12
1784.0,1.3759512698536855e-10
1785.0,6.894403530270175e-10
1786.0,2.6849747325446472e-11
1787.0,8.64932980332593e-09
1788.0,1.6842226596167303e-11
1789.0,7.486681333186376e-07
1790.0,1.248198002616595e-11
1791.0,2.463700117092395e-09
1792.0,1.3556231517540587e-07
1793.0,7.890426573250428e-11
1794.0,5.157659353717786e-11
1795.0,4.236237685474794e-05
1796.0,7.142481454812071e-11
1797.0,7.414279344150299e-13
1798.0,1.6072238692730253e-07
1799.0,5.092338571047925e-10
1800.0,4.023834011584643e-10
1801.0,9.099551554081146e-11
1802.0,4.961873775330378e-12
1803.0,9.530217846299594e-08
1804.0,4.124129962837172e-09
1805.0,1.012783574817686e-11
1806.0,9.1680918804902e-12
1807.0,1.4156351690572357e-07
1808.0,2.8386647924215598e-11
1809.0,7.292614039237117e-09
1810.0,1.9119031764062544e-14
1811.0,5.561489962707016e-12
1812.0,1.3913565045077325e-08
1813.0,1.9793641734224447e-05
1814.0,1.4834064025565502e-06
1815.0,1.546995586034287e-10
1816.0,6.005053216198555e-12
1817.0,6.008177761659784e-12
1818.0,5.2437357393249515e-12
1819.0,5.390709433234024e-09
1820.0,3.4983929723542057e-10
1821.0,2.0045612118683246e-11
1822.0,4.978901872356469e-07
1823.0,6.112140753897398e-09
1824.0,4.3258611608330795e-11
1825.0,1.0029681618748093e-10
1826.0,4.0575606381495414e-12
1827.0,3.060011452583069e-10
1828.0,8.894639749017083e-10
1829.0,1.1516946570279188e-09
1830.0,1.572881038354105e-09
1831.0,4.175396775654334e-09
1832.0,2.2419046888906463e-08
1833.0,2.7861577499824425e-11
1834.0,7.02220951034712e-11
1835.0,2.4623968881749776e-08
1836.0,2.730894436286666e-10
1837.0,2.0069999414923707e-09
1838.0,3.7904446213860045e-11
1839.0,6.021224368833398e-14
1840.0,2.905372924022681e-09
1841.0,1.1451525936734242e-06
1842.0,7.796231150810771e-13
1843.0,1.8007668403681166e-09
1844.0,1.3852321585526035e-10
1845.0,2.0758212459857088e-10
1846.0,7.993362559833082e-10
1847.0,5.9695117296039e-11
1848.0,2.7783272388171036e-09
1849.0,5.474463890053302e-10
1850.0,6.11778573831164e-12
1851.0,2.6311626641860237e-12
1852.0,1.5751375727802586e-13
1853.0,2.0862590279979435e-12
1854.0,7.152918406454364e-11
1855.0,2.5006098536109483e-09
1856.0,4.438974592285853e-09
1857.0,1.2827099507238857e-10
1858.0,7.124590117454416e-11
1859.0,1.814334434046311e-07
1860.0,5.139827082924038e-09
1861.0,1.0419403310027102e-05
1862.0,4.089079608178103e-09
1863.0,1.9009877210314015e-10
1864.0,1.436925849863755e-10
1865.0,5.825139308914007e-06
1866.0,1.7474630271709834e-12
1867.0,7.119570337274672e-12
1868.0,1.4273498844120739e-08
1869.0,1.063566408628957e-08
1870.0,5.191073871419565e-11
1871.0,2.270881673365003e-11
1872.0,4.8588777590721925e-09
1873.0,9.621720519985672e-07
1874.0,3.1311093290613337e-09
1875.0,8.781474808983054e-10
1876.0,6.850229812362847e-10
1877.0,6.336353321838551e-09
1878.0,9.437274855978701e-11
1879.0,3.1702591436961975e-09
1880.0,7.394391651566496e-12
1881.0,1.721167736881829e-11
1882.0,6.071387358801999e-10
1883.0,6.326831331943342e-12
1884.0,6.214910468388641e-11
1885.0,5.982592492016015e-10
1886.0,1.1760385206513996e-07
1887.0,5.0863216317066235e-12
1888.0,2.8636249037085477e-08
1889.0,5.647535663949298e-09
1890.0,2.3309850595427356e-08
1891.0,1.834453012431829e-08
1892.0,7.802506707697344e-10
1893.0,2.4409564761354174e-09
1894.0,1.588644880567366e-11
1895.0,8.852050934594409e-09
1896.0,7.798585560489832e-11
1897.0,1.8089102887290223e-11
1898.0,1.4148234879177396e-09
1899.0,6.810942851500067e-09
1900.0,1.400996244314057e-09
1901.0,7.882054637470854e-11
1902.0,5.089135128296143e-13
1903.0,2.2550089778160313e-08
1904.0,3.2964284004937823e-10
1905.0,1.1131873749723126e-09
1906.0,3.4978360850992474e-13
1907.0,3.298210145498209e-07
1908.0,4.887874852661737e-09
1909.0,1.1584686186475428e-09
1910.0,1.3142527175546395e-10
1911.0,1.067279222376651e-09
1912.0,6.424593890611642e-13
1913.0,6.456744778611705e-09
1914.0,4.683500338995897e-09
1915.0,8.496836067425644e-11
1916.0,2.2529111501758306e-12
1917.0,4.378819959588946e-08
1918.0,4.859792516719463e-05
1919.0,1.417828379095017e-08
1920.0,3.3023903192773767e-07
1921.0,1.9198836108623194e-08
1922.0,3.192025441098536e-05
1923.0,2.4351015896279548e-08
1924.0,2.355146795118877e-08
1925.0,1.9409753364501452e-08
1926.0,1.3101465058290381e-07
1927.0,6.855670306730488e-13
1928.0,3.164624295241198e-09
1929.0,5.78477635489276e-10
1930.0,1.7843124914203744e-12
1931.0,1.2508609608739958e-15
1932.0,8.578790965373095e-07
1933.0,2.7451566842741003e-07
1934.0,1.245131887342603e-10
1935.0,3.8106437006082435e-10
1936.0,2.177585765976348e-06
1937.0,5.265172457462323e-11
1938.0,2.43633408029233e-07
1939.0,1.0046637599153595e-09
1940.0,1.3382901220298104e-10
1941.0,1.5625751321119903e-10
1942.0,8.870046512882442e-09
1943.0,2.130596227386532e-13
1944.0,9.606785699230357e-10
1945.0,6.699582256415754e-05
1946.0,2.80246772930008e-11
1947.0,6.927153834693358e-08
1948.0,1.6083093494293676e-09
1949.0,1.0610082501326429e-08
1950.0,1.5548840992909678e-07
1951.0,8.555307525797335e-12
1952.0,1.1769421772490325e-09
1953.0,1.3748406557494808e-11
1954.0,1.4921163764843386e-10
1955.0,3.8094261901245137e-10
1956.0,9.690081392765223e-13
1957.0,4.081154585692444e-08
1958.0,3.840985665800995e-14
1959.0,2.03353174628245e-12
1960.0,3.0052650050397314e-10
1961.0,5.85865156449207e-13
1962.0,2.1703476349513765e-11
1963.0,3.094170166502544e-09
1964.0,5.335974077018906e-08
1965.0,3.1644151293299996e-10
1966.0,4.204240514971163e-12
1967.0,2.570938744232979e-11
1968.0,2.4616217390575668e-11
1969.0,1.7273096139205854e-08
1970.0,5.998442867076255e-07
1971.0,2.2459769927767567e-10
1972.0,7.071650255536575e-10
1973.0,3.390660620530426e-11
1974.0,5.822782172288744e-11
1975.0,2.839225200133033e-11
1976.0,6.448034267524327e-11
1977.0,3.006704575578578e-09
1978.0,6.744668499298095e-09
1979.0,2.8384470626188044e-08
1980.0,2.3836596768019806e-09
1981.0,2.1745118452527015e-10
1982.0,9.395634562600504e-10
1983.0,7.708449405350859e-10
1984.0,1.8572278293517275e-06
1985.0,1.3830173942032728e-09
1986.0,1.107368758958783e-13
1987.0,7.786198954072005e-13
1988.0,1.1855875421656586e-08
1989.0,4.960151590170438e-09
1990.0,6.472707719148227e-10
1991.0,5.956891960546314e-09
1992.0,2.3885895329102508e-11
1993.0,1.0413142770490022e-10
1994.0,7.210503148421824e-12
1995.0,1.1496886197152264e-11
1996.0,2.878495091901278e-06
1997.0,6.00468056353461e-13
1998.0,1.9519070515990095e-05
1999.0,3.6453984541429765e-08
2000.0,0.002533505999737058
2001.0,1.2563473206475049e-06
2002.0,1.465675236418395e-08
2003.0,3.398151420306462e-11
2004.0,2.3940673609632254e-06
2005.0,2.3089811136471856e-10
2006.0,2.6463610588027517e-09
2007.0,7.311991637951388e-13
2008.0,1.1991322907498932e-09
2009.0,7.947337814507237e-10
2010.0,1.3880889173766502e-14
2011.0,4.574875710498407e-08
2012.0,6.649209980565807e-13
2013.0,2.4507778410030625e-07
2014.0,5.922470556465413e-10
2015.0,6.949329030138358e-12
2016.0,4.095018666761371e-12
2017.0,2.778587200324257e-07
2018.0,1.3136966788227547e-10
2019.0,2.6853888447862386e-13
2020.0,1.2250913272779956e-09
2021.0,1.608156312408529e-11
2022.0,1.859146456665837e-11
2023.0,2.9817557128594e-06
2024.0,7.813446481555532e-09
2025.0,2.9831229136723406e-09
2026.0,1.5198205256206594e-10
2027.0,4.522073855670254e-10
2028.0,6.751868135082338e-10
2029.0,3.5982484761430695e-11
2030.0,1.1862499585468382e-10
2031.0,4.908973252118637e-10
2032.0,2.420229434405436e-09
2033.0,2.5148786146234795e-10
2034.0,3.807661592163245e-12
2035.0,5.963815193152803e-09
2036.0,1.2589369206898475e-10
2037.0,4.831944482843762e-09
2038.0,1.0354663843989561e-11
2039.0,6.271796298867021e-11
2040.0,6.368473408623857e-12
2041.0,5.2498615240797596e-11
2042.0,3.144291158094429e-09
2043.0,3.2552152871227045e-09
2044.0,2.983533389988365e-10
2045.0,2.5584902993324e-13
2046.0,6.1097948438185156e-12
2047.0,6.105370656249779e-09
2048.0,1.1840454351519555e-11
2049.0,2.3199917056785354e-13
2050.0,1.1672319982786038e-10
2051.0,7.235987579214559e-09
2052.0,4.069836291909507e-12
2053.0,4.108547929089354e-10
2054.0,8.157898838699442e-11
2055.0,5.035993202582352e-10
2056.0,0.0008057763541032967
2057.0,8.610728968973124e-07
2058.0,5.263252843737098e-06
2059.0,3.500827005848623e-07
2060.0,8.291250651672489e-06
2061.0,6.426508708492866e-12
2062.0,1.7177379686179378e-07
2063.0,3.002590418443201e-10
2064.0,3.5255726457366873e-11
2065.0,1.1269451175646884e-09
2066.0,1.5874852733857237e-10
2067.0,1.635500351961746e-07
2068.0,5.873979949566869e-11
2069.0,6.072336357554745e-08
2070.0,5.360034067600138e-10
2071.0,2.2725878508360646e-09
2072.0,4.36936774620719e-12
2073.0,1.0036099960786136e-09
2074.0,4.447869853460487e-10
2075.0,3.32360174444087e-11
2076.0,2.4862827598752216e-09
2077.0,5.675846197390392e-09
2078.0,1.9970728976474895e-06
2079.0,2.8427647157893387e-11
2080.0,1.352942345256939e-10
2081.0,2.5676700572201768e-08
2082.0,1.9753558779417413e-07
2083.0,1.7716210667855517e-13
2084.0,2.158830735874163e-09
2085.0,3.079594911849339e-10
2086.0,4.424371869721062e-09
2087.0,2.1928722904438507e-11
2088.0,9.143165407340325e-10
2089.0,2.0015952022213346e-08
2090.0,2.8892983644813506e-08
2091.0,8.91818238103933e-09
2092.0,7.037550171743873e-12
2093.0,8.015008245452957e-10
2094.0,1.5299498157423545e-09
2095.0,2.6416146671126832e-08
2096.0,7.052041201011305e-09
2097.0,5.217702459932753e-12
2098.0,5.9955478716937605e-12
2099.0,4.751121191997635e-10
2100.0,1.0551403880408212e-07
2101.0,7.325238945974203e-08
2102.0,1.4544287579564578e-10
2103.0,7.259303176944143e-11
2104.0,8.471010473835813e-11
2105.0,2.3940098455391548e-11
2106.0,1.4035296350763903e-10
2107.0,1.0108382223291451e-09
2108.0,2.0344718448268398e-06
2109.0,1.0593584093884987e-11
2110.0,8.331111625680441e-10
2111.0,1.891191744314563e-10
2112.0,1.6078998747068058e-08
2113.0,3.4877391522891904e-11
2114.0,1.893240528563037e-10
2115.0,2.664215645588751e-11
2116.0,1.6863843375255634e-11
2117.0,9.898742999481148e-10
2118.0,2.1501199388060206e-08
2119.0,3.836519797721302e-10
2120.0,7.821754573611145e-11
2121.0,5.078456367870586e-10
2122.0,4.902305019703179e-08
2123.0,9.421139126964463e-13
2124.0,1.5174199577643278e-10
2125.0,4.177422065081151e-09
2126.0,5.063442686463762e-09
2127.0,1.8774400106039741e-07
2128.0,5.547407761405274e-12
2129.0,1.7521203849550778e-09
2130.0,3.2152209858526684e-10
2131.0,1.754009805635691e-10
2132.0,1.015283604801838e-09
2133.0,1.7051128529363818e-09
2134.0,2.660057737698849e-12
2135.0,3.207353859283258e-09
2136.0,3.534661397464466e-08
2137.0,7.526636289135053e-10
2138.0,2.6400870435070135e-09
2139.0,3.775599722437879e-09
2140.0,1.775743576893846e-10
2141.0,1.6440885047332432e-12
2142.0,1.1300119366123447e-09
2143.0,1.4498665452207742e-09
2144.0,5.84304851267779e-14
2145.0,2.352191116178507e-09
2146.0,2.689001741057627e-11
2147.0,3.94601746554413e-09
2148.0,2.0634265388609373e-12
2149.0,6.022914379870982e-08
2150.0,8.249441396878079e-11
2151.0,1.4612414777918083e-12
2152.0,2.9537472222867125e-10
2153.0,1.005787400677287e-07
2154.0,3.011867750548524e-06
2155.0,1.2973157955991472e-10
2156.0,1.3048826267916873e-11
2157.0,6.098914952563328e-07
2158.0,1.0651819123350313e-09
2159.0,4.871617366475118e-09
2160.0,1.1910503364033327e-09
2161.0,2.800239126804545e-09
2162.0,3.9556880194580486e-10
2163.0,1.7385160286377572e-08
2164.0,1.6458293961477757e-09
2165.0,8.057673635890988e-12
2166.0,8.35330647967631e-08
2167.0,3.7464410376991024e-06
2168.0,1.0878913933350113e-09
2169.0,1.1622334060484009e-05
2170.0,4.47737206740946e-12
2171.0,2.83485671789752e-09
2172.0,1.4531793150957568e-09
2173.0,4.910195576111471e-10
2174.0,3.747647399849697e-08
2175.0,7.083486275168829e-12
2176.0,1.1649748187751048e-06
2177.0,1.6978824091255617e-07
2178.0,9.24831997358471e-11
2179.0,2.3243583743389575e-10
2180.0,2.5708394186305248e-11
2181.0,1.2439213692245894e-07
2182.0,1.4726829614608323e-07
2183.0,7.572551778026284e-10
2184.0,1.934675101235817e-11
2185.0,8.259649986088393e-10
2186.0,7.564854552814958e-10
2187.0,1.6789610566479976e-10
2188.0,2.345960902709637e-13
2189.0,2.0466367068010846e-12
2190.0,1.2253774617285557e-10
2191.0,1.1957829165931288e-09
2192.0,8.41314912198684e-10
2193.0,1.3551787551698866e-07
2194.0,4.4502310518754775e-09
2195.0,3.468600510865101e-11
2196.0,1.5601692423766106e-10
2197.0,4.870267043448964e-11
2198.0,9.633367023953401e-11
2199.0,1.1227341971195214e-07
2200.0,2.0352232729560045e-10
2201.0,6.355594104224725e-09
2202.0,1.134586819283504e-11
2203.0,7.800728189790515e-12
2204.0,4.113084038378776e-10
2205.0,2.4864824140521613e-07
2206.0,4.023942442915861e-10
2207.0,3.679563988166924e-11
2208.0,4.334334355367157e-12
2209.0,1.6317462708665035e-09
2210.0,1.2364091833958688e-08
2211.0,3.2155395915933204e-08
2212.0,2.0817868190858833e-08
2213.0,5.085686461405117e-13
2214.0,1.9429825697815617e-07
2215.0,1.8878875417642677e-11
2216.0,8.999979664747187e-06
2217.0,3.56219391104172e-08
2218.0,3.498930217362375e-10
2219.0,1.889912472371337e-10
2220.0,5.4970909287879675e-08
2221.0,2.1826306673581805e-10
2222.0,7.50545110036266e-11
2223.0,7.443842909706176e-10
2224.0,2.302037209292517e-09
2225.0,8.934830346614614e-09
2226.0,1.6860748251288347e-06
2227.0,3.786534046690078e-11
2228.0,6.289144154410744e-07
2229.0,8.707313158833221e-10
2230.0,5.6632770590546734e-11
2231.0,6.733021871530786e-06
2232.0,6.23655955577022e-11
2233.0,8.404453418080511e-15
2234.0,1.065215427253534e-12
2235.0,1.8383102042576636e-12
2236.0,3.793822931201612e-09
2237.0,5.981084982951722e-13
2238.0,0.000684356038742529
2239.0,2.604049943827954e-10
2240.0,3.235961174014596e-08
2241.0,3.5320635374109264e-10
2242.0,1.6494416604894356e-14
2243.0,4.3822580299109634e-11
2244.0,1.6043420218181106e-10
2245.0,1.4635703845443195e-12
2246.0,4.433014008730939e-09
2247.0,3.9764016566245094e-07
2248.0,1.9261912700863989e-13
2249.0,2.5779516321020836e-08
2250.0,2.215131908689126e-06
2251.0,2.68108251870174e-09
2252.0,1.1726799635564104e-11
2253.0,1.7405023144410707e-11
2254.0,2.3108858072855893e-09
2255.0,6.241339399259715e-10
2256.0,1.5591332455880208e-10
2257.0,2.83628112492747e-08
2258.0,5.505579538322733e-09
2259.0,1.1047576868652837e-08
2260.0,4.841641723884855e-08
2261.0,3.420481822342131e-10
2262.0,4.592901122809809e-10
2263.0,3.578390689980364e-07
2264.0,2.2363581894518207e-09
2265.0,1.245748583469802e-09
2266.0,2.0696229494480137e-10
2267.0,2.4481302373312172e-11
2268.0,1.4998785949615935e-08
2269.0,1.2362785607816073e-09
2270.0,7.33878981676227e-10
2271.0,2.6814905013174528e-11
2272.0,2.398791777889464e-10
2273.0,2.295898359838299e-11
2274.0,8.551155717427832e-07
2275.0,2.0103225294410875e-10
2276.0,1.587587079169921e-10
2277.0,3.009026471929472e-11
2278.0,3.98024838820886e-08
2279.0,4.8301626218462134e-11
2280.0,1.7145935855708298e-08
2281.0,2.5610625323760765e-09
2282.0,1.9721186305604785e-09
2283.0,5.106242217499595e-11
2284.0,3.215202566111611e-06
2285.0,5.1667866753261e-11
2286.0,9.589828868201745e-09
2287.0,1.0595644645644396e-08
2288.0,2.1659807603360356e-13
2289.0,9.772565802637586e-11
2290.0,1.0656913496685385e-09
2291.0,4.6489131005411517e-10
2292.0,1.5051863659466589e-09
2293.0,1.4935406599131947e-12
2294.0,1.2373554320298385e-07
2295.0,2.321945347771332e-07
2296.0,4.0346264459753855e-10
2297.0,3.3859402106749623e-09
2298.0,3.3145703742239324e-13
2299.0,7.233989767924659e-11
2300.0,1.1051890217939955e-09
2301.0,1.4327452761199208e-12
2302.0,2.222640743690406e-09
2303.0,3.38237824436408e-11
2304.0,3.922151669761063e-13
2305.0,6.337280566326192e-11
2306.0,1.361005610554059e-10
2307.0,8.408056212350367e-09
2308.0,5.801167471003781e-08
2309.0,1.0934491724802022e-09
2310.0,6.630791170784704e-07
2311.0,5.585329977659347e-09
2312.0,9.875989669128647e-08
2313.0,2.4507710640752922e-11
2314.0,6.064863459848468e-10
2315.0,9.015604458762194e-11
2316.0,5.156270457537443e-13
2317.0,1.3246040540605806e-07
2318.0,1.1093478023853608e-11
2319.0,8.177425453465123e-09
2320.0,7.572437210706539e-11
2321.0,2.847610667697166e-10
2322.0,1.4121589273100056e-11
2323.0,1.4657581769575177e-11
2324.0,3.3636552408909795e-06
2325.0,1.128170779712335e-08
2326.0,1.0687744301407434e-09
2327.0,1.1882035763992807e-10
2328.0,2.4290624379542074e-09
2329.0,1.4006662082768649e-08
2330.0,1.6734033348571535e-09
2331.0,2.2434166997793997e-08
2332.0,2.744407167083697e-09
2333.0,2.1097087579696244e-11
2334.0,1.7328290283044242e-12
2335.0,1.9644791082475933e-11
2336.0,5.410317534991499e-12
2337.0,5.788364621217201e-11
2338.0,9.031153909961309e-13
2339.0,2.881040584734124e-12
2340.0,4.5401888882785107e-10
2341.0,3.569360091127648e-08
2342.0,3.0075968391696903e-15
2343.0,3.8283793452803127e-13
2344.0,1.4097317623574685e-09
2345.0,6.86020508068682e-11
2346.0,1.712974444181808e-09
2347.0,3.628566811539138e-11
2348.0,5.734242826416916e-10
2349.0,4.129306258949439e-09
2350.0,3.74794744700596e-12
2351.0,7.438127097011938e-10
2352.0,4.248887698414578e-09
2353.0,8.926490032558624e-08
2354.0,1.3097503945114685e-08
2355.0,1.6828103520269666e-09
2356.0,6.998635733105824e-11
2357.0,2.707342479519698e-10
2358.0,8.123548900879859e-12
2359.0,1.8893501724601576e-09
2360.0,1.1132965519791628e-11
2361.0,1.224910015162277e-07
2362.0,8.390656113309263e-10
2363.0,3.931472046044792e-11
2364.0,1.62601687310835e-09
2365.0,4.7028658145719995e-08
2366.0,3.037699991504031e-11
2367.0,6.293881755906916e-12
2368.0,2.325581959258441e-11
2369.0,1.0744098337492507e-08
2370.0,1.3314757025696797e-08
2371.0,3.041011207720741e-07
2372.0,7.171007781243824e-05
2373.0,0.00012832849782928613
2374.0,3.8015016634643615e-05
2375.0,7.205439557315606e-12
2376.0,6.742038570919563e-08
2377.0,7.814297713935148e-11
2378.0,1.0098314275376366e-07
2379.0,3.2670919543330376e-11
2380.0,7.767164691996323e-11
2381.0,1.152655269640575e-09
2382.0,8.653425893048788e-10
2383.0,8.464131936690536e-12
2384.0,2.6736877451777603e-11
2385.0,6.270529670850756e-11
2386.0,1.4850230645993355e-12
2387.0,3.9284459827649105e-10
2388.0,4.2568033902186375e-11
2389.0,2.7424072152566327e-09
2390.0,8.215795246561133e-07
2391.0,2.9367189672904503e-10
2392.0,5.952095602033202e-13
2393.0,1.7781041931989998e-12
2394.0,9.254068782004751e-11
2395.0,1.270228128170778e-09
2396.0,2.853865622113698e-10
2397.0,1.6215540006862664e-07
2398.0,1.7657619733732704e-07
2399.0,6.612937916296156e-10
2400.0,6.618199150310328e-11
2401.0,5.406032780135392e-10
2402.0,2.484224985031293e-10
2403.0,2.4592768695645128e-11
2404.0,1.5143091404492315e-09
2405.0,1.3820451423925249e-10
2406.0,5.17203961237182e-08
2407.0,1.2695160575415734e-11
2408.0,2.617834936942007e-12
2409.0,1.2970312452289384e-10
2410.0,2.2865639491093325e-09
2411.0,8.331344030187537e-12
2412.0,6.342620844305908e-09
2413.0,3.5992584890291115e-08
2414.0,2.6853513296221706e-10
2415.0,4.620553035337113e-09
2416.0,5.890809712934607e-10
2417.0,1.04181173831136e-10
2418.0,2.1812422094039537e-10
2419.0,6.429943162744958e-07
2420.0,1.847205373165679e-12
2421.0,6.333179108747329e-11
2422.0,6.904230161271682e-14
2423.0,1.1189788876839138e-11
2424.0,2.3632248844992065e-11
2425.0,2.0013409840556453e-09
2426.0,5.04965060137421e-12
2427.0,2.1572588438209188e-08
2428.0,2.6657051608026698e-11
2429.0,3.138245678723906e-09
2430.0,2.1174250505150661e-07
2431.0,1.0254928003005594e-07
2432.0,1.6180991598668039e-12
2433.0,1.6883950248375213e-12
2434.0,3.743077952166565e-10
2435.0,3.959722377799979e-12
2436.0,1.0483313939015098e-08
2437.0,1.0129563597042752e-11
2438.0,9.753054130016459e-11
2439.0,9.071596098677378e-09
2440.0,2.8706838904155813e-09
2441.0,1.4313997697165518e-08
2442.0,2.7020745045388266e-12
2443.0,8.788377856146119e-11
2444.0,1.4552024180492664e-08
2445.0,6.31862080512697e-10
2446.0,6.231904632250159e-10
2447.0,8.789894476962789e-13
2448.0,2.2738528622329447e-11
2449.0,2.340046925488843e-12
2450.0,6.63463337406395e-11
2451.0,1.971079322895981e-10
2452.0,5.4584479399333125e-09
2453.0,1.3628474067056156e-08
2454.0,9.328633785662767e-12
2455.0,3.773270554158499e-09
2456.0,4.892367054136012e-08
2457.0,1.0182411441877607e-10
2458.0,2.3492550902453042e-12
2459.0,2.2566869215447973e-09
2460.0,3.4031749366139586e-07
2461.0,1.18172813834675e-06
2462.0,2.9080547054339225e-10
2463.0,1.0363966237268712e-09
2464.0,1.5637940266163943e-09
2465.0,1.0843042563378852e-08
2466.0,5.701938201080578e-07
2467.0,1.3705573349083943e-12
2468.0,8.934813995508992e-14
2469.0,9.012971204490361e-14
2470.0,2.7571671200631246e-05
2471.0,4.1372324665279095e-10
2472.0,5.097073501994063e-09
2473.0,1.8168540707769373e-08
2474.0,1.6680522686982692e-08
2475.0,1.0808365796661648e-09
2476.0,1.3432042064535588e-08
2477.0,3.188970839090069e-08
2478.0,2.2563516218061314e-08
2479.0,4.924394954784466e-10
2480.0,4.35524252704662e-08
2481.0,3.281110107329054e-07
2482.0,1.5307670427299109e-13
2483.0,7.95870009067453e-10
2484.0,5.133769815966995e-08
2485.0,2.1197941768562938e-10
2486.0,2.40387915965922e-08
2487.0,5.748617331921084e-06
2488.0,6.898820271781912e-09
2489.0,3.5355497815454474e-13
2490.0,3.7719534400809024e-10
2491.0,1.4239693615942423e-11
2492.0,8.20055596016434e-10
2493.0,1.30170427745948e-11
2494.0,5.124216999920092e-09
2495.0,1.0119144964427218e-10
2496.0,1.1016271459426475e-10
2497.0,6.400429445394238e-11
2498.0,9.512737930881687e-13
2499.0,6.598346291329244e-14
2500.0,8.47724155611104e-08
2501.0,5.353474155024572e-10
2502.0,1.9166393989270554e-13
2503.0,2.7338778009576357e-06
2504.0,2.4973355015763802e-09
2505.0,3.0971296963418596e-06
2506.0,7.0740591652254314e-12
2507.0,7.687943397095891e-10
2508.0,7.050236446649916e-10
2509.0,1.2350471329954657e-10
2510.0,3.875120093226473e-10
2511.0,7.024873695359507e-09
2512.0,5.9591423971384314e-12
2513.0,6.757515152727843e-10
2514.0,3.462061410433994e-11
2515.0,6.784376380010738e-14
2516.0,1.504122607451478e-08
2517.0,1.4775459390408347e-06
2518.0,1.799561848100507e-10
2519.0,1.3882734736598995e-09
2520.0,3.6453134155328355e-09
2521.0,2.4199842113056774e-08
2522.0,1.8528546128234817e-09
2523.0,3.075407463938656e-07
2524.0,3.931391390746209e-05
2525.0,5.485480738450157e-08
2526.0,3.352584662647431e-11
2527.0,1.3118029120226605e-11
2528.0,2.38843942763579e-07
2529.0,1.4774429538733976e-10
2530.0,8.522494849627309e-08
2531.0,5.5446192759784424e-14
2532.0,7.704667377662633e-12
2533.0,1.9658407930849544e-06
2534.0,2.3077953806381015e-09
2535.0,2.0323903656338276e-10
2536.0,1.463829325444079e-09
2537.0,6.110587922162308e-11
2538.0,7.61547491586075e-11
2539.0,5.37861862686407e-11
2540.0,1.3848361347469311e-09
2541.0,3.837562920132045e-10
2542.0,7.248422106906537e-13
2543.0,1.2758468668136079e-10
2544.0,8.147584525405856e-08
2545.0,3.421681341677885e-09
2546.0,4.865059305351158e-08
2547.0,1.4683248553851886e-09
2548.0,2.331144571227798e-09
2549.0,3.3944443310122045e-11
2550.0,1.7860852170302682e-11
2551.0,3.465735865172393e-10
2552.0,1.1833975162951316e-08
2553.0,2.6254204669287454e-12
2554.0,7.091722401454148e-10
2555.0,3.961761066192322e-11
2556.0,7.647739441631652e-11
2557.0,6.076223585875541e-08
2558.0,9.641471774502586e-10
2559.0,3.304733500561287e-12
2560.0,1.5679329185976612e-07
2561.0,3.019737756057965e-08
2562.0,3.574529359487987e-09
2563.0,6.270259266558486e-13
2564.0,6.575172709313495e-13
2565.0,2.674101887502199e-08
2566.0,1.7840083624463103e-10
2567.0,3.6094872138715145e-12
2568.0,1.2456971054032515e-11
2569.0,1.8627099782439545e-08
2570.0,1.4000496528123986e-09
2571.0,8.688448513042353e-10
2572.0,8.632775337142893e-10
2573.0,2.3325080881253113e-08
2574.0,6.26925512973184e-10
2575.0,1.8813309148082233e-09
2576.0,2.2401253605324505e-11
2577.0,3.853502716648341e-10
2578.0,3.887665715820821e-09
2579.0,9.444064281349961e-09
2580.0,2.0848954673666917e-11
2581.0,3.688608596360909e-10
2582.0,5.081017926468655e-09
2583.0,6.542467751116237e-08
2584.0,1.1878018239379609e-11
2585.0,4.03546618095656e-08
2586.0,5.084527402173169e-09
2587.0,4.3239143652908716e-07
2588.0,3.904696890011633e-12
2589.0,6.475787013211503e-08
2590.0,1.1891973247966308e-10
2591.0,2.632855834651056e-09
2592.0,3.164116123985024e-08
2593.0,7.582821243422394e-12
2594.0,1.7331538943417304e-10
2595.0,1.2087933971204876e-08
2596.0,2.4254906010950293e-11
2597.0,1.0825560513043516e-07
2598.0,1.9741328951961426e-10
2599.0,2.029877639869211e-07
2600.0,1.5365215851034172e-13
2601.0,5.6306599239471145e-11
2602.0,3.2550134311282565e-10
2603.0,5.043456042989552e-08
2604.0,1.165670507751472e-07
2605.0,1.1125541452980613e-09
2606.0,2.38951686726296e-06
2607.0,9.213489356833289e-11
2608.0,8.503852132720625e-11
2609.0,1.2013100061694295e-10
2610.0,1.9027487450277703e-06
2611.0,9.200239103085197e-10
2612.0,1.5439348078135825e-11
2613.0,3.2941423008911345e-08
2614.0,4.970475102604247e-06
2615.0,1.3228989823278701e-08
2616.0,4.5637640209151505e-11
2617.0,3.1035604356714954e-10
2618.0,2.7788118375331815e-12
2619.0,8.70980798739924e-08
2620.0,1.7250907765145203e-09
2621.0,1.4642027925249354e-08
2622.0,1.57461703941567e-11
2623.0,2.6907035942456294e-11
2624.0,4.368225338637785e-09
2625.0,8.85450793615076e-10
2626.0,8.800521854285874e-11
2627.0,6.2413921022638e-08
2628.0,4.461101212449443e-14
2629.0,1.22928951194648e-15
2630.0,2.6773576924757482e-11
2631.0,3.544557653003984e-10
2632.0,4.4383248597701675e-12
2633.0,8.701953379570795e-11
2634.0,1.418343299603321e-09
2635.0,5.3748237341625165e-09
2636.0,1.6101791815671631e-09
2637.0,4.7464623898112426e-08
2638.0,1.330741681693152e-09
2639.0,6.9253953047336025e-09
2640.0,1.805254328985896e-10
2641.0,1.5497558003319322e-09
2642.0,3.4491791012564324e-07
2643.0,1.1952346159861496e-12
2644.0,4.888348633020507e-12
2645.0,1.0326833036017982e-10
2646.0,1.3832879152367952e-10
2647.0,3.788727292777672e-12
2648.0,2.7248950435506584e-13
2649.0,1.883075188832331e-12
2650.0,3.6534024348628357e-07
2651.0,5.4366284832197664e-12
2652.0,1.62010388484904e-08
2653.0,2.797551236318481e-11
2654.0,1.2672422697662956e-10
2655.0,5.0676000160768863e-11
2656.0,2.67479899722066e-08
2657.0,1.5610663437918175e-09
2658.0,6.553929886392501e-10
2659.0,6.821886362454196e-11
2660.0,3.941046870395955e-09
2661.0,8.278570945292983e-10
2662.0,4.3276318285032274e-07
2663.0,6.558975138360334e-12
2664.0,4.030918126201706e-12
2665.0,4.414964583587028e-12
2666.0,2.3142359653070376e-09
2667.0,1.071992157219637e-08
2668.0,1.0088119527764314e-07
2669.0,1.3543942137583112e-12
2670.0,7.749986793646901e-09
2671.0,3.508205677004714e-09
2672.0,1.1476022059132757e-09
2673.0,2.754464026662126e-08
2674.0,2.473874605075944e-10
2675.0,3.240364911008089e-11
2676.0,1.7094565524127838e-09
2677.0,3.5715745198132518e-09
2678.0,1.4867618543882595e-11
2679.0,1.319215972776619e-08
2680.0,5.67488274640823e-09
2681.0,2.4257255407387264e-07
2682.0,3.663879968123997e-11
2683.0,1.1903006033409375e-15
2684.0,9.494772456616286e-10
2685.0,7.0896978294495825e-09
2686.0,8.448180229964558e-09
2687.0,1.7685419787051728e-10
2688.0,2.348659648958662e-09
2689.0,7.863324855939254e-09
2690.0,1.6420268411711194e-09
2691.0,1.87437233902764e-10
2692.0,1.752810725453624e-08
2693.0,3.1800658316635823e-13
2694.0,3.201877136110686e-11
2695.0,1.9996189277812857e-11
2696.0,1.7436335477591602e-12
2697.0,1.570817977093721e-07
2698.0,1.6873949371135422e-12
2699.0,5.1053757289343305e-08
2700.0,4.645814413070859e-07
2701.0,3.782105886579461e-12
2702.0,1.7052803443388425e-12
2703.0,7.882821031914219e-09
2704.0,4.0649907539687605e-13
2705.0,1.2884262633051412e-08
2706.0,5.481349541215895e-08
2707.0,3.8843522763520665e-10
2708.0,1.7174927182278688e-11
2709.0,3.642044158925653e-13
2710.0,1.2400940328282365e-07
2711.0,5.548588366624039e-11
2712.0,6.844152418070667e-09
2713.0,4.450843484809922e-09
2714.0,3.1684616293842233e-10
2715.0,1.7370969080071124e-09
2716.0,9.371437454947456e-10
2717.0,7.556227946043229e-11
2718.0,1.5193511486386155e-09
2719.0,3.198859388166012e-10
2720.0,2.320824006798552e-11
2721.0,2.8056715283996248e-11
2722.0,4.465788833308533e-08
2723.0,7.722543076078599e-09
2724.0,7.84491902359831e-12
2725.0,5.25094823338299e-09
2726.0,6.616042546280473e-09
2727.0,5.5001407424116864e-09
2728.0,5.412490637522826e-11
2729.0,2.2411982063162382e-10
2730.0,4.212994530416001e-09
2731.0,1.681618472736548e-12
2732.0,5.0917120005574754e-14
2733.0,2.00815647303009e-09
2734.0,4.535405599035184e-11
2735.0,6.49098029229251e-11
2736.0,1.35237089284018e-09
2737.0,4.831568457334076e-07
2738.0,1.8745359048888645e-11
2739.0,3.257713476675666e-10
2740.0,7.450635950066831e-10
2741.0,4.009586064893958e-12
2742.0,1.5335906076710168e-09
2743.0,8.309364988345773e-12
2744.0,5.634792578413149e-11
2745.0,2.057965527450934e-08
2746.0,2.1147968070206443e-10
2747.0,1.598379637821887e-08
2748.0,6.072550285134611e-09
2749.0,2.116334525691968e-12
2750.0,6.05830848370169e-07
2751.0,3.795876131961911e-10
2752.0,1.7839805748882134e-09
2753.0,5.145684670303633e-11
2754.0,8.345594835066403e-12
2755.0,1.1134407886234822e-07
2756.0,3.9573168889146866e-10
2757.0,1.0103585272591293e-10
2758.0,6.124813558540382e-10
2759.0,4.380268575044526e-06
2760.0,2.4720934253457985e-08
2761.0,2.2812302507951356e-10
2762.0,2.390787242775287e-10
2763.0,3.941344169861139e-15
2764.0,4.505851549439197e-12
2765.0,3.7007158421136944e-10
2766.0,3.4403652949238058e-12
2767.0,3.8883517424856315e-08
2768.0,5.072000924387207e-07
2769.0,2.2726988196062706e-09
2770.0,1.7271635153723412e-09
2771.0,1.1385193473188755e-10
2772.0,3.813677979508499e-08
2773.0,4.194896632341913e-10
2774.0,4.760081817160838e-11
2775.0,1.486905681246345e-10
2776.0,1.359409296944729e-09
2777.0,2.1248766045707357e-09
2778.0,1.0496159140653583e-11
2779.0,2.0866443656350015e-11
2780.0,2.352527533729347e-08
2781.0,1.3706075676025493e-08
2782.0,1.5687777309893453e-09
2783.0,1.8215200436365168e-08
2784.0,2.5977527919081964e-12
2785.0,9.428581897177906e-10
2786.0,1.790308842102827e-08
2787.0,9.265584276798249e-14
2788.0,2.948204247029332e-10
2789.0,4.915036183349909e-07
2790.0,1.7624571591308762e-13
2791.0,1.2809819607030031e-09
2792.0,5.647366735470636e-09
2793.0,6.912522761946035e-11
2794.0,4.2420207259194146e-10
2795.0,2.6753770544373703e-11
2796.0,7.629303316319169e-10
2797.0,1.0883459723606937e-11
2798.0,1.3474769329280412e-12
2799.0,1.5556328257841486e-10
2800.0,3.9040224828105026e-08
2801.0,4.6962011350403417e-11
2802.0,3.081930557758173e-10
2803.0,6.340367513428363e-10
2804.0,1.290708277632006e-10
2805.0,9.74449256560525e-09
2806.0,3.899445869067186e-12
2807.0,3.6935823531705373e-10
2808.0,1.3381859122148537e-13
2809.0,8.272104217313313e-09
2810.0,4.967950981452112e-11
2811.0,5.482546547074135e-13
2812.0,2.2682262403454962e-12
2813.0,1.199156584281314e-10
2814.0,4.269011877066535e-12
2815.0,5.183358009032646e-11
2816.0,5.309887451475478e-10
2817.0,3.6292340023437396e-08
2818.0,6.052235774788338e-14
2819.0,7.559127277151179e-12
2820.0,1.267166065400655e-08
2821.0,1.4382895153815896e-13
2822.0,5.917090827317416e-09
2823.0,4.894025484879355e-07
2824.0,1.2990977291911142e-11
2825.0,1.897855850125665e-08
2826.0,4.902674009972054e-10
2827.0,1.9351739426792068e-13
2828.0,6.302184018161195e-10
2829.0,1.654867047601324e-11
2830.0,8.550048420702651e-13
2831.0,2.436285330202757e-11
2832.0,1.5312191453344943e-09
2833.0,1.5304924816801616e-08
2834.0,9.376211163807852e-09
2835.0,1.3128709245477916e-11
2836.0,4.474383956709521e-07
2837.0,1.6768982611188987e-07
2838.0,9.612404301992974e-12
2839.0,4.0356969830693793e-13
2840.0,1.5361984304142253e-11
2841.0,1.5716904887171333e-10
2842.0,7.3211680515034e-09
2843.0,4.538855244791229e-08
2844.0,8.453650060773651e-10
2845.0,2.167094224351055e-08
2846.0,5.090581892691848e-08
2847.0,4.0519706816756885e-06
2848.0,1.7165680750016888e-07
2849.0,5.855125760785618e-12
2850.0,1.0254682616956062e-08
2851.0,1.8146863523546763e-10
2852.0,5.05262769009186e-12
2853.0,1.8354436934023867e-09
2854.0,1.5654380027807344e-11
2855.0,1.306178570731267e-10
2856.0,1.730810824395002e-10
2857.0,2.5920347763883503e-09
2858.0,4.962708819334104e-12
2859.0,3.298698211713084e-11
2860.0,2.967714988426133e-10
2861.0,5.51790326346966e-07
2862.0,1.4361140374069812e-09
2863.0,5.290538563028116e-08
2864.0,7.202286144097786e-11
2865.0,2.4898466635041772e-05
2866.0,2.3549980819283395e-10
2867.0,4.361547429094403e-11
2868.0,1.3296974657508283e-08
2869.0,6.65471713066126e-11
2870.0,4.2216457630581727e-07
2871.0,6.2266388245193684e-12
2872.0,1.5097698376768884e-09
2873.0,1.4437416297441734e-10
2874.0,1.310887865510497e-09
2875.0,6.920895420394658e-11
2876.0,8.62993672709294e-09
2877.0,1.90533123691267e-11
2878.0,1.258410194072082e-07
2879.0,5.094242630138139e-09
2880.0,7.351630591563205e-12
2881.0,5.618248098751072e-09
2882.0,6.222431909513388e-10
2883.0,1.5403294166520019e-09
2884.0,5.6845067765625546e-09
2885.0,1.427087168240158e-08
2886.0,3.783158876771917e-13
2887.0,4.025222564109602e-09
2888.0,4.018790750437554e-12
2889.0,7.42710276087731e-08
2890.0,3.5452606372622774e-11
2891.0,2.9809274806295497e-09
2892.0,1.483507734415934e-11
2893.0,2.763654824429056e-13
2894.0,9.227511303072667e-13
2895.0,2.2686462036035898e-07
2896.0,1.181506596250038e-11
2897.0,1.2734964588007297e-07
2898.0,1.6847832093768613e-10
2899.0,4.2507805822812953e-10
2900.0,1.6217774475233408e-08
2901.0,3.4554939888151672e-12
2902.0,4.4766107144508685e-10
2903.0,1.711847100578781e-10
2904.0,7.052977005228285e-10
2905.0,1.4929866222011007e-07
2906.0,3.502996123639775e-11
2907.0,4.371741963041805e-11
2908.0,1.9183747144898754e-10
2909.0,9.52573649249557e-11
2910.0,6.8843514621025815e-09
2911.0,7.270926804488539e-13
2912.0,4.412407995237097e-09
2913.0,2.9322621570600227e-09
2914.0,1.1398263588254938e-13
2915.0,2.84972942418292e-11
2916.0,1.0802942674806996e-10
2917.0,1.0535187482368086e-10
2918.0,2.596279999951293e-06
2919.0,2.0118873441530872e-13
2920.0,4.4376891058550606e-08
2921.0,3.053981276400319e-10
2922.0,2.2656240738445544e-12
2923.0,3.366307191680381e-09
2924.0,9.073720211801392e-09
2925.0,4.413285149251885e-10
2926.0,7.268675969891914e-09
2927.0,4.827402057974902e-10
2928.0,3.142539932621449e-08
2929.0,7.940664481821607e-07
2930.0,1.9273354304512514e-07
2931.0,8.467076790282914e-08
2932.0,1.6070611621448332e-09
2933.0,3.390500837597272e-14
2934.0,2.5032980002388356e-12
2935.0,1.5126664001065678e-10
2936.0,9.807826830517249e-08
2937.0,4.053672342825258e-10
2938.0,2.5624923125114416e-06
2939.0,6.319862461989849e-12
2940.0,4.685721885386058e-10
2941.0,1.3531262553463447e-10
2942.0,5.646012064672622e-10
2943.0,3.150322331828073e-08
2944.0,4.380216952316483e-13
2945.0,5.289961788593493e-05
2946.0,8.414809971953895e-08
2947.0,1.44862863849677e-09
2948.0,1.7517734168724239e-09
2949.0,1.448402507512933e-08
2950.0,1.1386129438559451e-07
2951.0,3.885135374150783e-09
2952.0,1.1437067673963207e-13
2953.0,1.263010269536805e-10
2954.0,1.8400155659915549e-09
2955.0,9.616419308538203e-11
2956.0,3.217644407265972e-11
2957.0,3.0923494965707716e-09
2958.0,1.778786409239132e-11
2959.0,7.965506605573873e-07
2960.0,1.1966685506922467e-11
2961.0,3.1842458668996547e-09
2962.0,1.6172187596114567e-09
2963.0,2.2037669626814008e-08
2964.0,4.12517757344897e-10
2965.0,1.4794043006096007e-09
2966.0,1.877906244046688e-09
2967.0,1.750923466260172e-10
2968.0,8.97981678194601e-09
2969.0,3.4062946319111915e-06
2970.0,1.607653616765805e-07
2971.0,1.1657296114034268e-07
2972.0,2.3401153818879643e-07
2973.0,8.732693682448457e-06
2974.0,4.925463706220891e-05
2975.0,4.089522574769629e-11
2976.0,1.8263326926394954e-07
2977.0,1.2465841044799587e-05
2978.0,2.1635990789234545e-08
2979.0,4.73333955313377e-09
2980.0,1.9022094339037359e-06
2981.0,4.623563481832355e-06
2982.0,0.00025320777565177786
2983.0,1.8918570275074676e-07
2984.0,6.744944657366431e-06
2985.0,9.8036475144064e-07
2986.0,1.920761458926005e-06
2987.0,1.9526426524464687e-13
2988.0,4.206211190318061e-09
2989.0,8.00158634689083e-09
2990.0,2.0791317788107543e-09
2991.0,6.63477517134444e-08
2992.0,8.960593293300087e-10
2993.0,2.866753104656124e-10
2994.0,4.8443354964695905e-05
2995.0,1.5962482280249052e-05
2996.0,1.2496912294050962e-09
2997.0,1.1036053104576303e-07
2998.0,8.556937794756649e-11
2999.0,1.6473713171313903e-08
3000.0,7.95125789300062e-12
3001.0,4.523525029069661e-10
3002.0,1.6475216959356742e-09
3003.0,1.6300594667451584e-08
3004.0,5.5237296311269105e-08
3005.0,1.1074822211314118e-08
3006.0,6.799840017514033e-09
3007.0,7.133731640093799e-10
3008.0,5.8802704553671545e-09
3009.0,2.8156572587199773e-11
3010.0,3.2406354533826493e-12
3011.0,8.487022186685981e-11
3012.0,3.97980423688989e-09
3013.0,1.734588021842994e-07
3014.0,1.940222268882967e-06
3015.0,2.668156795719257e-11
3016.0,9.874411630632945e-10
3017.0,6.794411835501405e-09
3018.0,5.12830766528018e-10
3019.0,8.384533252903638e-10
3020.0,1.9277317853931316e-11
3021.0,9.052700097894296e-11
3022.0,2.0370750595967007e-10
3023.0,2.7268632449665474e-11
3024.0,2.5724517895577136e-11
3025.0,6.9926826014784645e-09
3026.0,1.6643229109184858e-11
3027.0,1.2302045517372124e-09
3028.0,1.907126022558967e-10
3029.0,2.740279089431669e-10
3030.0,3.5794270086466866e-08
3031.0,1.0036924966306182e-09
3032.0,8.593298624625221e-11
3033.0,8.176920341464364e-08
3034.0,9.184215307901082e-08
3035.0,5.535391709425996e-11
3036.0,1.7392398434834646e-09
3037.0,2.5512048949308545e-08
3038.0,1.2674107532003085e-10
3039.0,2.644573097668699e-10
3040.0,5.118585542688928e-08
3041.0,3.860645311583589e-10
3042.0,9.559602960574028e-10
3043.0,2.0802261123876555e-13
3044.0,5.639893601982184e-10
3045.0,1.1213777600246888e-11
3046.0,4.841035863144674e-10
3047.0,1.6801043311931417e-09
3048.0,9.307121880626098e-09
3049.0,3.6600187455764044e-08
3050.0,2.4786433086808046e-08
3051.0,3.6034071050592734e-14
3052.0,1.6230575646908066e-11
3053.0,6.61316186226733e-10
3054.0,4.238575675187945e-12
3055.0,1.232834383846055e-12
3056.0,2.227070160358084e-09
3057.0,5.2196053109016835e-11
3058.0,1.85421756610826e-08
3059.0,1.158494480999494e-09
3060.0,3.469340367630435e-09
3061.0,2.682665746210173e-07
3062.0,3.05686053732159e-11
3063.0,9.997827456459083e-09
3064.0,9.253113041111359e-10
3065.0,3.831585642369114e-12
3066.0,4.1329788776509227e-10
3067.0,7.680469543187876e-06
3068.0,6.985429501982954e-11
3069.0,5.992553612385842e-11
3070.0,2.4718359927736894e-09
3071.0,7.296449925779075e-11
3072.0,1.445905698757848e-08
3073.0,2.840500533065828e-09
3074.0,1.5944613839105635e-07
3075.0,4.861260825925276e-08
3076.0,3.7877986729245986e-10
3077.0,2.555121834946948e-10
3078.0,1.5823445038089814e-10
3079.0,2.388051757885154e-05
3080.0,6.226709919568093e-10
3081.0,3.5043636539311175e-11
3082.0,1.0143244113015193e-10
3083.0,2.2460221635570365e-09
3084.0,1.8521670113831568e-09
3085.0,3.527305479692505e-09
3086.0,1.3430936856043597e-11
3087.0,1.2876409822728667e-10
3088.0,2.588425435895239e-07
3089.0,1.761205824839056e-11
3090.0,1.3464971350666623e-09
3091.0,5.522402572298657e-11
3092.0,6.048174758626253e-08
3093.0,1.6807204791731517e-10
3094.0,1.1549542857758924e-13
3095.0,4.394840337444266e-12
3096.0,2.4917288867264166e-12
3097.0,6.993477790651156e-11
3098.0,1.5919874138559654e-14
3099.0,3.378198992210938e-10
3100.0,1.6041161018928056e-08
3101.0,3.870466892871342e-11
3102.0,1.0829366215564317e-11
3103.0,1.848002695145231e-10
3104.0,1.3137231585950968e-10
3105.0,1.4948743702476105e-12
3106.0,2.494258962249837e-09
3107.0,3.0548408324925744e-08
3108.0,4.2287973362370446e-11
3109.0,4.291993199655524e-11
3110.0,4.3010605545449425e-11
3111.0,2.140147201855289e-09
3112.0,4.688601911503749e-10
3113.0,2.7609342552452373e-11
3114.0,1.0654834917109664e-09
3115.0,3.982653053483987e-12
3116.0,2.352360685796773e-10
3117.0,4.3424016852900924e-09
3118.0,1.2397014210031517e-06
3119.0,3.3749589749241504e-08
3120.0,5.849781447891644e-13
3121.0,3.24309619991995e-12
3122.0,4.007075042578688e-13
3123.0,6.0595384543147e-10
3124.0,1.6801353116778803e-10
3125.0,1.5508756560523568e-08
3126.0,4.929108963460993e-09
3127.0,3.728167970614914e-11
3128.0,4.717741708511239e-09
3129.0,1.1867985244170311e-06
3130.0,6.1562389985616e-11
3131.0,2.6124528679410674e-09
3132.0,5.740187303204427e-05
3133.0,5.405739351304396e-10
3134.0,8.460247002838869e-11
3135.0,5.236006517748105e-10
3136.0,3.8547432023907245e-09
3137.0,2.3517995715944258e-11
3138.0,2.886665635873815e-12
3139.0,1.495277467011608e-11
3140.0,1.549833604326747e-10
3141.0,1.840586514659765e-12
3142.0,3.725060809519695e-09
3143.0,2.684261749334695e-12
3144.0,1.1079218019469142e-06
3145.0,9.20995357529568e-09
3146.0,1.5422317013699861e-09
3147.0,2.8080564154402784e-10
3148.0,1.2733134413496643e-09
3149.0,1.1472425331823448e-08
3150.0,3.771949460546035e-11
3151.0,5.371689135760934e-09
3152.0,3.2357506664975213e-13
3153.0,0.00011151681181550572
3154.0,1.3122762024832922e-07
3155.0,1.2876137375477193e-05
3156.0,8.00611423056068e-10
3157.0,4.170511303664629e-08
3158.0,2.1750703882772414e-10
3159.0,6.407796188355041e-14
3160.0,8.261035302778504e-08
3161.0,4.692792115540924e-11
3162.0,3.0025453003280666e-08
3163.0,2.8093586026452054e-07
3164.0,6.311045922765948e-10
3165.0,4.01621802854472e-11
3166.0,3.6521232193780014e-09
3167.0,6.294054036192435e-12
3168.0,2.610947400381454e-09
3169.0,2.3422535208190083e-07
3170.0,2.5391384698624597e-09
3171.0,1.1397843665201536e-07
3172.0,3.037526187736372e-09
3173.0,3.514348812469004e-10
3174.0,9.02761767684524e-12
3175.0,1.971902959344119e-12
3176.0,3.5420631153770184e-10
3177.0,1.853632644387943e-10
3178.0,1.4754735183705012e-09
3179.0,6.474981965557493e-10
3180.0,4.876401776392576e-07
3181.0,1.0014254602596775e-11
3182.0,7.082943280967124e-11
3183.0,7.242885577705659e-10
3184.0,1.0145762625842061e-10
3185.0,1.6211472235394388e-12
3186.0,5.962256110400602e-06
3187.0,8.811983781429502e-10
3188.0,3.8995056032350974e-12
3189.0,7.591918578132798e-11
3190.0,1.365450398339742e-10
3191.0,4.431083548028884e-12
3192.0,6.213015987444722e-11
3193.0,5.5913042631856544e-11
3194.0,1.0843430295005667e-11
3195.0,4.932589194062444e-11
3196.0,3.254233861412674e-14
3197.0,3.9561295708015666e-09
3198.0,5.179192134831507e-11
3199.0,2.4711442653440436e-13
3200.0,1.430456613195509e-11
3201.0,3.5067627438625896e-09
3202.0,2.35281403046728e-06
3203.0,7.583072909454276e-10
3204.0,1.337435198801121e-13
3205.0,2.6050069489231295e-11
3206.0,3.7738618673844047e-07
3207.0,4.3151757565098755e-10
3208.0,3.7700774141064956e-11
3209.0,1.8178608944734467e-09
3210.0,1.8657225619984026e-11
3211.0,4.769991639417102e-11
3212.0,7.751588257970844e-13
3213.0,2.1971153139684658e-11
3214.0,5.6757516703145365e-08
3215.0,1.496453702531572e-08
3216.0,3.055175480523914e-07
3217.0,7.835606672709896e-11
3218.0,1.0462016421862106e-07
3219.0,2.5542048712255617e-09
3220.0,7.981735577300506e-09
3221.0,5.7385669776149e-11
3222.0,2.1218642510073635e-11
3223.0,1.1824568812307509e-09
3224.0,1.2338031076345636e-13
3225.0,9.959893880143803e-11
3226.0,4.681772698932151e-09
3227.0,1.5675893254391585e-07
3228.0,9.13968054190562e-09
3229.0,8.174142194507372e-09
3230.0,4.102609312211415e-11
3231.0,7.881438291126337e-11
3232.0,6.772438663472584e-08
3233.0,2.7562633074647764e-12
3234.0,4.42003835415417e-09
3235.0,3.4158132494289235e-11
3236.0,1.2073319000151834e-11
3237.0,4.41799909742072e-13
3238.0,3.914991895628032e-10
3239.0,2.8581452423872867e-09
3240.0,3.1349867114114934e-10
3241.0,5.445235337196587e-10
3242.0,1.8508689300021546e-12
3243.0,9.707314995051246e-08
3244.0,2.3392452940811868e-09
3245.0,9.026785456171735e-10
3246.0,7.988587992239093e-13
3247.0,2.0536755954457674e-08
3248.0,3.597926361596986e-11
3249.0,2.1807989326060553e-07
3250.0,2.9964438717736304e-13
3251.0,1.882617706902188e-12
3252.0,2.0859248518207112e-08
3253.0,3.895703798986667e-10
3254.0,5.384035307550234e-12
3255.0,3.432498025389029e-11
3256.0,1.2596410494676356e-11
3257.0,4.525252631148434e-13
3258.0,1.0370133398044103e-10
3259.0,2.6307097794580086e-11
3260.0,7.27201806931411e-12
3261.0,1.0336288943881907e-08
3262.0,4.715818124899675e-10
3263.0,5.3990023678107745e-14
3264.0,5.950822813519215e-09
3265.0,2.365106465529047e-11
3266.0,3.740886958219212e-11
3267.0,3.1547696382962645e-10
3268.0,1.2596258090900239e-09
3269.0,1.0453332321552173e-10
3270.0,5.1832977845047356e-09
3271.0,8.086661555342609e-14
3272.0,5.786520819978976e-10
3273.0,2.154851591512144e-06
3274.0,2.6801526179025533e-11
3275.0,2.7435878840162924e-10
3276.0,7.837485966863834e-07
3277.0,5.138771164106621e-10
3278.0,9.640637378547515e-10
3279.0,1.9801359511614726e-10
3280.0,1.2012846776643458e-11
3281.0,5.14477762254793e-09
3282.0,3.5858180110706816e-10
3283.0,7.398213549968539e-06
3284.0,2.735946077958944e-10
3285.0,6.601841367450562e-09
3286.0,5.752341861558333e-11
3287.0,1.640409836197366e-12
3288.0,6.158828214787104e-11
3289.0,2.0192537298115667e-12
3290.0,2.5670808361488494e-07
3291.0,2.0434721849536146e-12
3292.0,2.2501138523735073e-09
3293.0,8.160527226023175e-12
3294.0,1.2415967462286766e-11
3295.0,8.59310820256518e-12
3296.0,1.0250341701809452e-08
3297.0,4.6533028113881695e-09
3298.0,1.3043889794148236e-10
3299.0,1.6323029978735912e-10
3300.0,4.850326169220297e-10
3301.0,4.0756858534955027e-11
3302.0,2.005559042169057e-10
3303.0,2.1013926706795533e-09
3304.0,6.025024056851426e-10
3305.0,9.200399473139638e-10
3306.0,1.3672284011617785e-11
3307.0,5.702076977442745e-12
3308.0,4.4116521987703904e-08
3309.0,3.4598406941998215e-14
3310.0,7.54773248026774e-11
3311.0,8.147719618061459e-13
3312.0,5.092506515779973e-10
3313.0,9.223338889372978e-08
3314.0,4.914285750770882e-10
3315.0,9.775750919812342e-11
3316.0,1.656946501374538e-11
3317.0,6.7945590946737525e-12
3318.0,1.8008477770912906e-11
3319.0,4.0945539603790214e-10
3320.0,2.6541824184285935e-09
3321.0,2.738491186883018e-10
3322.0,4.246695698839752e-12
3323.0,9.02841538716683e-10
3324.0,9.427322426646405e-09
3325.0,1.2293734887455705e-07
3326.0,3.061272183958929e-10
3327.0,2.6368203178682067e-08
3328.0,1.1775960168919826e-07
3329.0,2.1408717303311687e-09
3330.0,3.1189080508297934e-09
3331.0,3.3646321773099427e-12
3332.0,2.5105556777761156e-12
3333.0,2.695436313452971e-07
3334.0,8.615045459603537e-10
3335.0,1.2630495009649802e-09
3336.0,9.993192890282552e-11
3337.0,0.00017498738903536898
3338.0,8.87782308628471e-10
3339.0,1.7640137283634822e-09
3340.0,1.7266707303796097e-08
3341.0,8.24761464755177e-10
3342.0,1.6593327880547993e-08
3343.0,6.169699243000064e-12
3344.0,3.1883905736421336e-09
3345.0,3.2477661162800216e-11
3346.0,4.4522540921623396e-10
3347.0,9.641472470460365e-10
3348.0,3.554812708797291e-10
3349.0,1.1222725335880986e-11
3350.0,3.647603353680927e-09
3351.0,1.3059479231114627e-10
3352.0,9.383059732494719e-11
3353.0,1.026791452396907e-06
3354.0,9.382441631994932e-10
3355.0,1.9241947891810418e-07
3356.0,9.438392653540637e-08
3357.0,1.3540808985772079e-08
3358.0,3.0726186863801276e-07
3359.0,3.961298064591361e-12
3360.0,3.021743966829662e-10
3361.0,1.735112495450682e-11
3362.0,2.573272422945485e-08
3363.0,5.82069837246188e-11
3364.0,2.7805611043999013e-08
3365.0,8.783508326448764e-11
3366.0,1.6335748277925113e-08
3367.0,2.188303516611836e-08
3368.0,9.277952327276975e-10
3369.0,8.768731284205333e-13
3370.0,1.0193154704473917e-12
3371.0,9.476060504985794e-12
3372.0,1.7344391571801018e-10
3373.0,3.186954533538263e-09
3374.0,2.5109111188036363e-09
3375.0,2.243313427938178e-09
3376.0,6.534630705479268e-10
3377.0,1.090674748436998e-11
3378.0,2.4683704571415953e-08
3379.0,2.447261678708523e-08
3380.0,1.7650817934352606e-08
3381.0,1.220395260487477e-08
3382.0,5.537362250176401e-12
3383.0,5.068723990358496e-10
3384.0,2.70090688300516e-12
3385.0,6.574214784358216e-09
3386.0,2.603149153579775e-10
3387.0,6.608341358003762e-10
3388.0,1.3249422479708497e-10
3389.0,4.483013690397168e-09
3390.0,1.6305810805883547e-11
3391.0,6.705635511028976e-09
3392.0,2.142075802904242e-08
3393.0,5.25398521557338e-10
3394.0,9.875760217937766e-07
3395.0,1.6686868236421757e-07
3396.0,1.0113354130275685e-11
3397.0,1.7839516005103716e-09
3398.0,7.000970074935236e-11
3399.0,1.7111165167155915e-11
3400.0,4.663823157305683e-12
3401.0,1.4323892825328317e-11
3402.0,4.418337259005843e-08
3403.0,2.042599674402636e-12
3404.0,0.00013865515595440128
3405.0,6.968343298754372e-13
3406.0,1.2316045235720359e-11
3407.0,3.185925116267399e-08
3408.0,4.890844327452834e-09
3409.0,2.8084851405240274e-15
3410.0,1.4801124261350942e-07
3411.0,1.8886984030964084e-08
3412.0,6.774114698787261e-09
3413.0,9.169568534795405e-14
3414.0,6.968898442212701e-09
3415.0,1.866135216986003e-08
3416.0,1.4075020217198988e-09
3417.0,1.116222596825823e-11
3418.0,2.7156322564688397e-13
3419.0,6.425804548589043e-07
3420.0,2.8038709811235145e-07
3421.0,2.913564922518978e-07
3422.0,3.68049010980033e-10
3423.0,5.685010127548037e-09
3424.0,1.7920974825609272e-09
3425.0,5.384592533147946e-10
3426.0,8.987680942180335e-09
3427.0,1.2143418636638062e-08
3428.0,2.108813037513911e-10
3429.0,1.1756266933604095e-10
3430.0,4.061071201255046e-08
3431.0,1.9346250729006523e-08
3432.0,5.067513445871159e-10
3433.0,2.335380545286181e-11
3434.0,7.942079478970334e-11
3435.0,2.1480269686387444e-12
3436.0,2.031984168484655e-09
3437.0,4.2923282816328235e-09
3438.0,7.57309029940196e-09
3439.0,2.9960451037330497e-10
3440.0,6.415230064818252e-12
3441.0,7.857157741711914e-10
3442.0,8.944290749963887e-09
3443.0,1.067831292044223e-11
3444.0,4.568076978910108e-06
3445.0,3.44247375331801e-10
3446.0,1.6114562737259257e-10
3447.0,3.37543074076041e-10
3448.0,3.506383212890266e-10
3449.0,4.4686022698962783e-10
3450.0,3.781840655685645e-08
3451.0,6.1709953287908056e-12
3452.0,1.5690505596577061e-09
3453.0,2.7929538306056967e-12
3454.0,3.287100102109836e-09
3455.0,3.9709756584504176e-08
3456.0,5.322457264437813e-10
3457.0,6.289827913347535e-12
3458.0,5.165680840462233e-09
3459.0,1.868319719519043e-11
3460.0,1.3439507700299577e-07
3461.0,6.708750739029779e-09
3462.0,4.209396619565373e-15
3463.0,7.500491352898232e-11
3464.0,1.9335564266972983e-10
3465.0,1.8282959467123834e-10
3466.0,4.0339724109834385e-12
3467.0,5.015813808282394e-11
3468.0,9.0422440502943e-10
3469.0,1.1750424939026297e-09
3470.0,3.467346922575545e-07
3471.0,5.221958212044078e-12
3472.0,2.1634501207743434e-07
3473.0,1.2890919275928532e-07
3474.0,1.3012990477807744e-06
3475.0,1.2157887904870736e-10
3476.0,7.281261894536537e-08
3477.0,7.522887504634526e-12
3478.0,9.460255963297564e-13
3479.0,3.2607968221012863e-12
3480.0,7.242389186916358e-07
3481.0,9.095428458531924e-09
3482.0,1.9909118646728558e-10
3483.0,9.875126866457128e-09
3484.0,1.137760479199795e-08
3485.0,8.185794599658232e-16
3486.0,7.666450255243545e-12
3487.0,1.5916877726056752e-10
3488.0,1.0269262401435796e-09
3489.0,6.535117556919845e-12
3490.0,4.6764554715380057e-07
3491.0,1.616774005861512e-11
3492.0,6.254671138623715e-09
3493.0,2.4733521888383754e-10
3494.0,1.792655362660461e-09
3495.0,8.822288226328153e-10
3496.0,7.537716832668297e-09
3497.0,1.3877298416249943e-09
3498.0,6.222153706858431e-09
3499.0,4.060689070981059e-14
3500.0,2.097256827371743e-10
3501.0,4.591734408356639e-11
3502.0,1.0958691925086901e-11
3503.0,1.299472319697626e-10
3504.0,7.292866782426719e-08
3505.0,2.5344861515239977e-11
3506.0,6.391092100623995e-12
3507.0,1.285543023135865e-11
3508.0,1.051212746362128e-09
3509.0,1.109857927046374e-06
3510.0,5.456103097451063e-14
3511.0,1.9776980410484072e-10
3512.0,1.6744003078001793e-11
3513.0,6.932768982478278e-12
3514.0,1.0438594097383715e-12
3515.0,4.941097694378129e-11
3516.0,8.882332652069063e-07
3517.0,2.16144932027536e-09
3518.0,1.5118984350783798e-09
3519.0,3.30117196944085e-08
3520.0,3.8851759050929415e-09
3521.0,5.283859312345112e-08
3522.0,2.1510179921470338e-11
3523.0,5.0678969530703e-11
3524.0,6.541964247697453e-10
3525.0,1.8584058332985742e-11
3526.0,3.9279391707345056e-09
3527.0,6.501733075983595e-13
3528.0,9.742844725643358e-14
3529.0,2.9471806629481687e-09
3530.0,1.9277544010996577e-12
3531.0,1.3965012967675068e-10
3532.0,8.075255170573707e-10
3533.0,1.8682064378481423e-07
3534.0,4.2394577928015575e-07
3535.0,0.0004081210711837834
3536.0,1.9414721286855433e-11
3537.0,2.46838688692746e-10
3538.0,1.3990689188485548e-10
3539.0,5.835333522381744e-10
3540.0,3.168773764053589e-08
3541.0,2.4988597342821063e-13
3542.0,4.425138839602205e-09
3543.0,6.864518612836198e-08
3544.0,7.403736481615198e-08
3545.0,9.568473464418745e-09
3546.0,7.436554889318215e-12
3547.0,8.274100321027263e-11
3548.0,1.260498549371091e-11
3549.0,1.5124531379110213e-09
3550.0,4.486412693637736e-08
3551.0,3.42185594814373e-08
3552.0,4.502790576142286e-13
3553.0,3.154613380032863e-12
3554.0,7.967529883559916e-12
3555.0,9.851378797968319e-10
3556.0,9.066778961044351e-10
3557.0,6.299298620942812e-08
3558.0,1.8415336604161615e-13
3559.0,1.9748132857192877e-10
3560.0,3.645677350784477e-07
3561.0,2.408231280570199e-09
3562.0,7.323950953777768e-10
3563.0,4.668237476929773e-12
3564.0,1.1514034626777728e-12
3565.0,1.6577020927632057e-11
3566.0,5.7591375465322147e-11
3567.0,6.737682927322344e-12
3568.0,1.5947498633084135e-08
3569.0,2.9157617922552243e-11
3570.0,5.860368325629921e-12
3571.0,4.493701822118787e-11
3572.0,8.123760102596343e-14
3573.0,8.926454526404144e-10
3574.0,1.4977995660409216e-06
3575.0,7.896649200479973e-10
3576.0,2.4334828856686486e-09
3577.0,3.7244905119366345e-10
3578.0,1.9923227061940747e-11
3579.0,2.1194682585776322e-08
3580.0,6.479978667060051e-09
3581.0,2.711816237269e-07
3582.0,2.8010453141789086e-11
3583.0,2.096646424414921e-07
3584.0,9.317207387253117e-07
3585.0,3.727481992778733e-12
3586.0,8.111166306583661e-14
3587.0,2.4852896102053567e-06
3588.0,2.5847065682149377e-09
3589.0,2.1224212973449688e-11
3590.0,7.56203856858824e-13
3591.0,1.1287762059549508e-12
3592.0,5.869455296306666e-09
3593.0,3.388498160083091e-08
3594.0,3.6139784634344664e-11
3595.0,3.114346692810972e-08
3596.0,2.0353703290799087e-11
3597.0,1.266192984957332e-06
3598.0,6.960658594742996e-12
3599.0,1.4256585697054487e-07
3600.0,2.161509103102878e-10
3601.0,1.0877983330641949e-11
3602.0,6.409964093702704e-09
3603.0,2.552018196921769e-10
3604.0,5.1892151394701316e-11
3605.0,9.519676031032085e-13
3606.0,3.23452747811614e-11
3607.0,6.896665490104178e-13
3608.0,7.742822708668736e-12
3609.0,1.3974371395603005e-09
3610.0,1.0600548504224901e-10
3611.0,4.4582178576521176e-08
3612.0,2.374641392395079e-12
3613.0,9.586240352795945e-10
3614.0,2.3704747025374133e-11
3615.0,9.058680800295496e-12
3616.0,5.980256505674266e-13
3617.0,1.2869331101154875e-09
3618.0,4.6747279292329324e-07
3619.0,8.425305570195238e-12
3620.0,6.349609139177174e-11
3621.0,1.0197857665456394e-12
3622.0,1.4793536176172507e-11
3623.0,8.985188190436295e-12
3624.0,1.27412122115844e-10
3625.0,1.5027401779534127e-10
3626.0,2.3290806274662557e-09
3627.0,3.8628342913069786e-11
3628.0,4.0411111254442836e-13
3629.0,1.898405488214814e-10
3630.0,1.5028894924715832e-09
3631.0,4.143409252889483e-06
3632.0,1.2442750652757245e-08
3633.0,2.023076800980697e-08
3634.0,0.016151036683441398
3635.0,1.175313241024094e-09
3636.0,4.205439752428134e-10
3637.0,4.215810761158249e-07
3638.0,6.409240045236411e-14
3639.0,4.576839661190256e-09
3640.0,8.710697205858995e-08
3641.0,1.372418292138677e-11
3642.0,3.1505560864369736e-08
3643.0,8.662702087909371e-09
3644.0,1.1785707086525774e-09
3645.0,4.133929656842303e-08
3646.0,7.698027359156806e-12
3647.0,6.262085174177741e-10
3648.0,1.0607366007681699e-10
3649.0,5.29492050350069e-08
3650.0,2.7472615271797394e-16
3651.0,2.4184620076630696e-09
3652.0,3.566669294999836e-08
3653.0,7.959158295043311e-13
3654.0,1.175566240563878e-09
3655.0,2.4984682086312635e-09
3656.0,1.6236503825670127e-08
3657.0,2.3301386517620897e-11
3658.0,1.0827607615937191e-09
3659.0,9.76908513363721e-10
3660.0,1.6178367328133628e-08
3661.0,4.5362182711076965e-10
3662.0,3.250610743282263e-06
3663.0,1.2184782911722724e-10
3664.0,1.2077841012473871e-09
3665.0,1.954077948086013e-09
3666.0,8.848984641418916e-08
3667.0,3.749871119505488e-08
3668.0,7.855199144593203e-06
3669.0,2.850909021256473e-07
3670.0,2.502581837844639e-11
3671.0,4.80394755522757e-13
3672.0,3.5962267171368115e-07
3673.0,5.384033053138794e-10
3674.0,8.226673089893368e-09
3675.0,3.2680792088964254e-10
3676.0,1.0771680136173302e-10
3677.0,1.1761570763864963e-13
3678.0,2.325313637391922e-12
3679.0,1.8967561292555767e-11
3680.0,2.796725875900618e-09
3681.0,5.857294172469022e-11
3682.0,1.836872794689153e-05
3683.0,3.845361574808728e-08
3684.0,1.929446015681763e-09
3685.0,5.53480249667922e-10
3686.0,4.8903367776992835e-12
3687.0,6.435845158081717e-10
3688.0,1.0950003981421684e-09
3689.0,3.389138708578178e-10
3690.0,2.795226916004591e-09
3691.0,2.8310612648649487e-10
3692.0,5.375860397422803e-11
3693.0,3.931476988534932e-11
3694.0,9.402532729001233e-06
3695.0,2.470542611679251e-12
3696.0,1.4199667060901071e-11
3697.0,3.4323070818469867e-09
3698.0,1.8965184142912575e-10
3699.0,6.375070161290864e-11
3700.0,8.41229651297782e-10
3701.0,3.8555838462204743e-10
3702.0,3.6833305823697033e-13
3703.0,6.927718741803225e-08
3704.0,2.5913999565854474e-12
3705.0,1.1865930248790608e-08
3706.0,5.0842224764379634e-14
3707.0,6.217900893320905e-12
3708.0,2.1215493489979232e-12
3709.0,1.9344391962850863e-11
3710.0,1.1865378024253628e-08
3711.0,5.070484623473627e-09
3712.0,1.9190564274266107e-10
3713.0,9.392069172215862e-10
3714.0,4.140432411337667e-10
3715.0,5.677310760227812e-14
3716.0,1.3787669385813e-11
3717.0,1.2092150725298115e-12
3718.0,1.989543440845917e-14
3719.0,2.3372135178940383e-11
3720.0,3.504219458529921e-10
3721.0,1.9909328409320154e-07
3722.0,2.7478900954937948e-09
3723.0,1.9201815024437797e-08
3724.0,3.090125426235833e-08
3725.0,3.867661334441718e-09
3726.0,1.2754546365434903e-08
3727.0,2.479930463384456e-09
3728.0,4.813307351420976e-10
3729.0,1.7146260372450078e-11
3730.0,6.527032266970936e-11
3731.0,3.472380369354624e-09
3732.0,1.2063267403002842e-08
3733.0,1.9707897272869376e-09
3734.0,2.982003101354438e-07
3735.0,1.4186215348095558e-06
3736.0,1.8178034207998364e-13
3737.0,1.0933462013390867e-10
3738.0,3.496933978675045e-10
3739.0,3.915361231749592e-11
3740.0,8.505325904249456e-16
3741.0,2.275684357409681e-11
3742.0,3.280921899535636e-11
3743.0,3.297556447281279e-13
3744.0,2.876458974004245e-09
3745.0,5.394934109394565e-11
3746.0,4.356507522269903e-06
3747.0,5.846057314124468e-10
3748.0,2.5771747363421325e-08
3749.0,9.852576259611344e-11
3750.0,9.095020749126586e-12
3751.0,6.884120179572511e-11
3752.0,8.757232623989847e-07
3753.0,2.347910549140987e-10
3754.0,7.997476926814039e-09
3755.0,1.6991963502907298e-07
3756.0,7.380704446749715e-11
3757.0,3.488896055082293e-13
3758.0,1.2550241957189098e-08
3759.0,4.044923821800612e-08
3760.0,5.661191537395974e-13
3761.0,4.355633907558329e-09
3762.0,4.6464937203882965e-09
3763.0,1.5487558516513874e-10
3764.0,4.638239904387487e-13
3765.0,5.151564498652299e-06
3766.0,2.6841814040591387e-05
3767.0,4.6137875455827133e-11
3768.0,4.425406070972486e-09
3769.0,7.05337763580211e-08
3770.0,2.8442393966287866e-07
3771.0,1.9733752197030105e-11
3772.0,1.1646261422714767e-07
3773.0,9.481121464003952e-08
3774.0,1.0701013578188006e-10
3775.0,3.6931933273374304e-10
3776.0,2.1519815973452234e-11
3777.0,5.9452202429201116e-12
3778.0,1.0175113444262496e-08
3779.0,2.0673169444578415e-10
3780.0,6.422735124135053e-09
3781.0,4.6073607873550804e-11
3782.0,7.100114033957348e-08
3783.0,1.2258496496947168e-08
3784.0,4.5998960864483466e-10
3785.0,1.433886257317382e-11
3786.0,1.7957994963320576e-10
3787.0,2.393990657038339e-11
3788.0,0.00014240179534265302
3789.0,1.3189188523197354e-10
3790.0,1.7112644670334097e-12
3791.0,1.645288040605956e-10
3792.0,1.4259873104151505e-09
3793.0,1.3238997844381002e-11
3794.0,1.5086281226634015e-11
3795.0,1.4294773999258272e-12
3796.0,1.447069811714191e-09
3797.0,2.2650118910673258e-08
3798.0,3.6504923739341796e-09
3799.0,3.655361400802986e-12
3800.0,7.236364198548182e-13
3801.0,2.269354383905801e-10
3802.0,8.162009325938376e-11
3803.0,3.0554183979929864e-11
3804.0,2.7727129391130647e-07
3805.0,4.601595632813875e-08
3806.0,1.4197759997089224e-09
3807.0,2.6860570249492905e-09
3808.0,1.0320121712686975e-08
3809.0,2.900905447301106e-08
3810.0,9.418718963536118e-10
3811.0,3.074255815450799e-09
3812.0,5.33779570616588e-13
3813.0,4.9483901356843685e-08
3814.0,1.2227928063989193e-11
3815.0,2.0715933856890528e-08
3816.0,2.9215891135246465e-08
3817.0,1.236243369055641e-08
3818.0,4.154394133676511e-08
3819.0,2.140094116435185e-13
3820.0,6.374586236098718e-09
3821.0,8.836936692762452e-11
3822.0,2.0915930464375776e-12
3823.0,7.731859758796047e-11
3824.0,1.2287606602046455e-06
3825.0,2.2040887969072706e-10
3826.0,5.616600476553838e-08
3827.0,2.9267467383074306e-10
3828.0,7.463133822146598e-09
3829.0,1.7606912811023495e-10
3830.0,2.5149156104236855e-14
3831.0,1.087895703788117e-08
3832.0,2.0283553777930092e-09
3833.0,5.6144856523641615e-12
3834.0,5.3270163594910046e-11
3835.0,5.381675932339887e-11
3836.0,6.563771334347793e-11
3837.0,4.339421716705836e-13
3838.0,8.328991693882349e-13
3839.0,1.1948316326805344e-08
3840.0,2.3668045477045426e-13
3841.0,1.4029788151967204e-10
3842.0,2.614842490777487e-08
3843.0,1.8718089674617805e-11
3844.0,3.4311233278204347e-11
3845.0,3.1914184909013986e-10
3846.0,1.7604989624822635e-07
3847.0,2.8874227983394e-11
3848.0,1.8010136512802338e-13
3849.0,9.997978521706568e-07
3850.0,1.3589724904164332e-10
3851.0,8.907934135082703e-09
3852.0,2.2929998690787527e-09
3853.0,7.765769326026934e-08
3854.0,6.069387240907529e-12
3855.0,3.913992791556528e-08
3856.0,7.985719514106185e-09
3857.0,3.880334404673396e-12
3858.0,9.073553382217963e-10
3859.0,1.2979759936035919e-11
3860.0,4.4236151669956036e-08
3861.0,1.7640009967766506e-08
3862.0,3.1550142804229375e-08
3863.0,6.737319932189667e-12
3864.0,3.4029092160404837e-09
3865.0,8.734647299688413e-10
3866.0,6.9218388786330734e-09
3867.0,1.6485206935913212e-09
3868.0,1.6447058478492054e-09
3869.0,4.519268623493366e-09
3870.0,3.1161918917112155e-11
3871.0,1.7827219282784267e-13
3872.0,8.782544529709537e-09
3873.0,5.926993462899076e-10
3874.0,5.847821650404164e-12
3875.0,5.89579842921765e-06
3876.0,1.970784138955154e-12
3877.0,2.8668799461089125e-11
3878.0,3.2421883166363795e-09
3879.0,2.3189760190995223e-16
3880.0,2.8616400661175504e-10
3881.0,2.344768223190385e-10
3882.0,8.883667463053555e-12
3883.0,4.808743056903047e-10
3884.0,1.653836299885056e-09
3885.0,2.0443705153094247e-09
3886.0,3.623370294065594e-09
3887.0,6.648354118377551e-10
3888.0,9.685684488955014e-12
3889.0,8.489087279785909e-10
3890.0,4.949233878922678e-09
3891.0,1.6290391526981572e-09
3892.0,2.1742791191060364e-09
3893.0,2.608595326289431e-11
3894.0,1.9232881822514512e-10
3895.0,1.2344353192884969e-11
3896.0,4.9629643474403896e-11
3897.0,2.663014355499874e-09
3898.0,2.09053593834818e-10
3899.0,1.0113841554667243e-10
3900.0,3.858744150880126e-13
3901.0,2.3942362978602284e-14
3902.0,7.489487244957732e-11
3903.0,7.367999219317096e-11
3904.0,2.7555380095199913e-10
3905.0,4.605797959451538e-08
3906.0,3.7091917595350754e-07
3907.0,4.435717298349748e-12
3908.0,9.775420756994376e-13
3909.0,7.93591254306006e-11
3910.0,4.531963989975972e-13
3911.0,5.46653545775849e-09
3912.0,7.327747048348226e-11
3913.0,1.6671339564239367e-11
3914.0,1.3029498218407694e-12
3915.0,9.500418916978787e-13
3916.0,1.4830963736161922e-11
3917.0,8.056979226641603e-11
3918.0,1.1645185396870184e-07
3919.0,2.6984775964503418e-09
3920.0,1.5356351240785137e-08
3921.0,8.342003419346626e-10
3922.0,1.15104239422176e-08
3923.0,5.22314918615654e-10
3924.0,1.2607341397492808e-06
3925.0,1.8949787111419074e-07
3926.0,2.784331221703002e-10
3927.0,3.2494417952706354e-10
3928.0,2.234506243475025e-11
3929.0,1.0827880547234103e-10
3930.0,3.346679546971931e-09
3931.0,2.1830045485595074e-11
3932.0,3.901376203424768e-09
3933.0,1.4560258488193088e-10
3934.0,1.7606528186016132e-12
3935.0,1.882169305506963e-09
3936.0,4.546009355629922e-10
3937.0,8.776036280189646e-11
3938.0,2.1636308280402115e-09
3939.0,8.076707274443665e-09
3940.0,6.143355174771932e-12
3941.0,9.960348853551596e-14
3942.0,2.3378407671436988e-12
3943.0,6.682166925050073e-08
3944.0,4.889860497998413e-09
3945.0,4.4239708794229586e-09
3946.0,6.744067098602031e-13
3947.0,7.74304531519233e-10
3948.0,1.2457508689522256e-11
3949.0,1.5032445487300892e-09
3950.0,7.816137136417756e-13
3951.0,6.0724510890349116e-09
3952.0,7.687906508321803e-12
3953.0,7.274927192470822e-09
3954.0,4.150311951407293e-10
3955.0,1.183147135390836e-08
3956.0,6.385406096308169e-10
3957.0,1.38921303247866e-08
3958.0,1.6613162739602423e-09
3959.0,1.5689862783511364e-13
3960.0,2.565220626837205e-08
3961.0,1.895487763295132e-10
3962.0,7.239562645035478e-07
3963.0,3.4099056187598027e-10
3964.0,5.134476103637676e-11
3965.0,6.320172007097702e-11
3966.0,5.507442364507498e-10
3967.0,2.5957554150758798e-05
3968.0,1.5231579284033764e-10
3969.0,2.996755715564836e-12
3970.0,4.0615284269704565e-16
3971.0,2.8347578226937757e-10
3972.0,9.455907821593775e-10
3973.0,4.668971891180854e-09
3974.0,2.8470545086312572e-09
3975.0,7.921632988640158e-08
3976.0,8.020975081602694e-08
3977.0,1.951488369872604e-08
3978.0,4.280931297117766e-11
3979.0,1.4360075175362203e-10
3980.0,1.5833901929077999e-09
3981.0,3.8256883518334025e-09
3982.0,5.5479395834496015e-11
3983.0,1.9893602637447016e-11
3984.0,2.117742609877742e-09
3985.0,1.9569132605830324e-06
3986.0,3.4141664688812607e-07
3987.0,3.5618571184034255e-11
3988.0,4.585555491487037e-08
3989.0,9.588172244625471e-08
3990.0,3.553661049823129e-10
3991.0,2.7936830530499295e-10
3992.0,1.6825101253768938e-11
3993.0,7.787955557414344e-10
3994.0,3.022393516747567e-13
3995.0,3.2746113445490287e-12
3996.0,8.767050198807585e-10
3997.0,2.371390554995906e-10
3998.0,5.2730431411434185e-09
3999.0,5.1077791560586505e-09
4000.0,1.6829978115382397e-08
4001.0,1.5775934556610498e-11
4002.0,1.720813648961995e-12
4003.0,5.458171386308402e-10
4004.0,3.142928524630615e-09
4005.0,2.2490174016273803e-06
4006.0,1.7751036857413945e-06
4007.0,2.6497947993653234e-11
4008.0,2.345193023643023e-13
4009.0,3.3991673675795708e-12
4010.0,1.1332329033831749e-08
4011.0,3.793862699840662e-12
4012.0,2.458848462149027e-09
4013.0,2.087724488847525e-09
4014.0,1.2428616653490636e-10
4015.0,1.7188370363761944e-12
4016.0,2.304204906264295e-10
4017.0,1.0155782362588034e-13
4018.0,8.800342953127396e-12
4019.0,7.66014593634278e-13
4020.0,1.3252375543714774e-07
4021.0,3.4590414981029247e-11
4022.0,5.7041710913089215e-11
4023.0,9.53397426125244e-10
4024.0,1.6529678989919117e-05
4025.0,2.0217767780551737e-06
4026.0,5.865838631801319e-07
4027.0,2.0014464056815993e-05
4028.0,1.974899793068862e-06
4029.0,8.153562921050029e-06
4030.0,7.295842905749367e-10
4031.0,3.0221178623658726e-14
4032.0,7.741320383236624e-14
4033.0,4.698548009886518e-10
4034.0,1.6857066509190642e-06
4035.0,1.04233214276128e-06
4036.0,2.4887164457087336e-09
4037.0,1.466576008189222e-10
4038.0,6.566456598568262e-05
4039.0,3.36313916535543e-10
4040.0,4.3728375714460787e-08
4041.0,1.2956255375047627e-05
4042.0,2.2379973057912948e-07
4043.0,6.916519509199646e-07
4044.0,2.18157482553818e-07
4045.0,9.220611173477316e-06
4046.0,1.0339090179891871e-05
4047.0,0.00023592601512438673
4048.0,7.871610281077206e-06
4049.0,0.003142215280056801
4050.0,2.2061755424163962e-05
4051.0,2.9649910313144516e-05
4052.0,3.166485761780093e-06
4053.0,2.5575613947447584e-08
4054.0,6.157320293234058e-05
4055.0,2.78575101713191e-06
4056.0,0.002720054382035415
4057.0,6.67247462250675e-08
4058.0,5.612661814922418e-07
4059.0,7.952570512053198e-08
4060.0,1.6525484297074467e-14
4061.0,1.0914794276680406e-11
4062.0,5.97054782306655e-13
4063.0,4.531649177805149e-05
4064.0,5.3567589040844285e-12
4065.0,4.78796569176905e-10
4066.0,3.939209112103299e-07
4067.0,3.1223437202011585e-12
4068.0,3.131804738480732e-14
4069.0,1.55442573959161e-14
4070.0,4.6123968115419134e-12
4071.0,7.83565569513846e-09
4072.0,0.00031788905256020816
4073.0,1.2001679774224486e-08
4074.0,2.888076660769631e-14
4075.0,9.523084272234549e-12
4076.0,0.0001397592740497177
4077.0,1.0055432128333318e-06
4078.0,7.031536975546813e-07
4079.0,1.3028240962130209e-09
4080.0,1.1818695291716245e-12
4081.0,0.07059937665496939
4082.0,4.1780855018488956e-05
4083.0,0.02315147724644226
4084.0,1.1972069900021143e-08
4085.0,5.3589846861644475e-09
4086.0,2.0046306193957817e-08
4087.0,8.421276337374083e-06
4088.0,1.465747955625896e-10
4089.0,0.0001498932132006319
4090.0,1.4704892148241001e-09
4091.0,2.6107056003916775e-11
4092.0,1.2767296633315567e-09
4093.0,2.997339717404806e-08
4094.0,1.5170765082883142e-09
4095.0,2.9232373817111515e-08
4096.0,1.0582632944863768e-10
4097.0,7.868623649558926e-10
4098.0,7.57986473373865e-12
4099.0,5.268029917758503e-07
4100.0,4.448490711606775e-13
4101.0,2.5589613981534384e-07
4102.0,2.2368845659124854e-12
4103.0,1.9026724436548944e-09
4104.0,1.964943677798458e-13
4105.0,1.2484862542011e-10
4106.0,1.0606236155098165e-06
4107.0,3.0386300273852203e-09
4108.0,4.645408755378727e-09
4109.0,1.0217847076218672e-09
4110.0,8.77990427267458e-05
4111.0,1.1710654615208222e-09
4112.0,1.6595848241179233e-06
4113.0,1.0132130279573391e-08
4114.0,3.4068591452224026e-13
4115.0,1.3312312093725728e-10
4116.0,1.7062532484493374e-12
4117.0,1.5002884959240292e-06
4118.0,3.350962137652305e-12
4119.0,1.350182971872206e-11
4120.0,0.00036295090878035713
4121.0,3.614586060002991e-09
4122.0,0.0016244504269412774
4123.0,6.159653043417484e-08
4124.0,4.497477774027854e-06
4125.0,2.825950836006511e-07
4126.0,2.691799196895871e-11
4127.0,2.3875268810720388e-14
4128.0,5.490261384887176e-08
4129.0,0.00023850845197781606
4130.0,2.8292665006962903e-11
4131.0,6.724882851675446e-11
4132.0,0.030444830293600667
4133.0,0.00012025291937914592
4134.0,0.008186450720538465
4135.0,1.5080088450688259e-06
4136.0,0.006751460724180486
4137.0,9.781714216997532e-07
4138.0,2.5558170262612494e-06
4139.0,6.147511580591337e-07
4140.0,3.336464394701346e-05
4141.0,4.046230431375032e-09
4142.0,1.3906904170408579e-08
4143.0,1.6706803587399093e-05
4144.0,1.2334724605719425e-05
4145.0,0.009807203330477606
4146.0,0.003007947906624817
4147.0,2.2745038442429514e-05
4148.0,9.178502598349397e-06
4149.0,4.751169114692365e-06
4150.0,2.7783802508023093e-06
4151.0,7.321421791988305e-08
4152.0,0.0001461904105193563
4153.0,1.662618388686773e-05
4154.0,0.0014882751637632556
4155.0,3.5442009885297245e-07
4156.0,0.0002089145276899041
4157.0,3.7770162716278826e-08
4158.0,2.7076153900310776e-07
4159.0,1.2781248463906287e-08
4160.0,1.2654172080491391e-09
4161.0,0.00012683178528802964
4162.0,0.0005222636920689506
4163.0,0.00016765290208550088
4164.0,0.0012073359491694795
4165.0,2.0473907385284503e-05
4166.0,0.01880243643714855
4167.0,0.0014742099512777959
4168.0,2.5821129108844797e-08
4169.0,2.5634614248163005e-08
4170.0,0.005842146179687652
4171.0,0.029341103760986944
4172.0,3.1194301396798625e-05
4173.0,0.008611492007715884
4174.0,4.864008425300241e-05
4175.0,1.5071699689114862e-08
4176.0,4.477183104259506e-06
4177.0,0.018000361541406745
4178.0,3.35015239042455e-05
4179.0,0.0001386341452758999
4180.0,2.76799280968782e-07
4181.0,5.508673441088039e-06
4182.0,0.012575530672900738
4183.0,1.9496309978971188e-11
4184.0,6.272520430093815e-09
4185.0,0.00013882208357885259
4186.0,8.707807619724809e-06
4187.0,0.0013425411563692943
4188.0,4.8608113770809245e-09
4189.0,0.000477439080672983
4190.0,3.822936144686951e-05
4191.0,0.0015678025280570589
4192.0,1.1158477182955378e-07
4193.0,0.0004187602924296825
4194.0,4.693513866647324e-06
4195.0,9.856694162313574e-12
4196.0,2.7578949356143124e-08
4197.0,7.284250584820657e-09
4198.0,3.0148121000225837e-07
4199.0,2.5557788734421348e-06
4200.0,5.553096121226894e-06
4201.0,0.000843018216439667
4202.0,1.3077091244543614e-06
4203.0,5.298435258606586e-11
4204.0,8.121185917410764e-08
4205.0,1.1297990722272852e-06
4206.0,8.454312579308751e-07
4207.0,8.30113911785312e-07
4208.0,2.7627674667012224e-08
4209.0,6.782842583773223e-08
4210.0,6.975319144666246e-07
4211.0,2.176736556214249e-08
4212.0,5.724980862958592e-08
4213.0,4.4589194437067144e-06
4214.0,1.43334911631052e-06
4215.0,4.336834979032738e-10
4216.0,2.8626806354999962e-08
4217.0,7.911680442704857e-08
4218.0,1.33548948746566e-07
4219.0,1.7451228365773735e-10
4220.0,9.871035907350422e-09
4221.0,0.001923757307080979
4222.0,2.0604635296188884e-07
4223.0,1.272926270983741e-10
4224.0,2.13917717681319e-10
4225.0,7.528041688584737e-13
4226.0,2.1035059375829322e-10
4227.0,4.1620166783831977e-10
4228.0,1.219885460832343e-06
4229.0,2.819888032178468e-07
4230.0,1.3882560231608655e-09
4231.0,2.53622903309108e-11
4232.0,4.272496771298943e-06
4233.0,3.499672984411919e-12
4234.0,3.0893468044869307e-13
4235.0,2.3713733161544747e-09
4236.0,4.898703275768683e-12
4237.0,1.0129342124720991e-07
4238.0,0.05291930399114983
4239.0,4.410358574228483e-10
4240.0,5.652809289950095e-07
4241.0,1.4388016535419695e-08
4242.0,1.3352167795070095e-07
4243.0,7.464875965946099e-11
4244.0,3.4769143436751034e-08
4245.0,2.2454386862136722e-11
4246.0,1.152757080479012e-10
4247.0,1.0863096614474818e-09
4248.0,2.1089802116866946e-06
4249.0,7.871493581449823e-11
4250.0,6.147541185248338e-09
4251.0,5.992936358094008e-07
4252.0,1.5599099276935253e-09
4253.0,1.878659195667846e-08
4254.0,5.340595791986224e-11
4255.0,5.550659265220186e-13
4256.0,1.924651181863743e-12
4257.0,2.3008395554287412e-10
4258.0,1.3697252154432367e-05
4259.0,1.0905410602711643e-08
4260.0,8.415043390409115e-11
4261.0,4.4756093474166986e-12
4262.0,1.1362601684029294e-10
4263.0,2.148616595609346e-09
4264.0,2.0987081153843877e-10
4265.0,1.851992579650492e-11
4266.0,5.967863584945909e-10
4267.0,7.973614770118113e-13
4268.0,6.622246545990309e-10
4269.0,4.0593541583926234e-11
4270.0,5.507007317707138e-12
4271.0,5.196969618157429e-12
4272.0,1.912228632576653e-13
4273.0,8.038517741586826e-14
4274.0,5.749517226550254e-12
4275.0,2.9062885478504776e-12
4276.0,3.3698717731381577e-12
4277.0,1.0498543679098173e-10
4278.0,4.0160004902830013e-10
4279.0,6.849507537317513e-11
4280.0,1.354225379769738e-13
4281.0,3.857143162525341e-10
4282.0,1.3028947452757003e-13
4283.0,2.3262334588192717e-11
4284.0,6.151892473556194e-12
4285.0,1.8489415277059552e-11
4286.0,5.170428498767316e-12
4287.0,3.6299444189442857e-09
4288.0,1.1307173828400024e-10
4289.0,8.664576853577593e-12
4290.0,8.108811824160413e-12
4291.0,4.6098288397456605e-14
4292.0,1.1413617861537144e-11
4293.0,1.1203344281863974e-11
4294.0,5.922256017683468e-12
4295.0,2.464245680756988e-13
4296.0,2.4884660219813183e-14
4297.0,2.59783147412612e-14
4298.0,2.564654045854494e-12
4299.0,5.795756074489173e-11
4300.0,5.811499976163339e-11
4301.0,3.765668602138911e-12
4302.0,7.802900146847785e-16
4303.0,2.338326038340275e-13
4304.0,2.9822318770699176e-11
4305.0,6.401805113817926e-12
4306.0,3.4413028937464316e-11
4307.0,3.5798596679445237e-10
4308.0,2.91149796208311e-11
4309.0,1.569464398563842e-13
4310.0,1.5076654049936522e-10
4311.0,1.0719949128214004e-10
4312.0,1.5493517128349155e-09
4313.0,1.4940997717248522e-11
4314.0,1.2383160979988571e-11
4315.0,7.353253357996613e-14
4316.0,6.787121250196246e-12
4317.0,1.828789827051679e-11
4318.0,2.2072088073939214e-13
4319.0,5.778030351943003e-14
4320.0,5.145874401623068e-12
4321.0,6.417727415505671e-15
4322.0,4.5645055748155046e-12
4323.0,2.0966335141091863e-13
4324.0,3.238186033213817e-15
4325.0,1.4382888962331127e-11
4326.0,4.807413449785072e-10
4327.0,2.8688257349095087e-11
4328.0,3.7883251951764613e-13
4329.0,1.177878110669232e-11
4330.0,2.7365308909497445e-10
4331.0,1.1405532544630097e-09
4332.0,3.0624031619914944e-10
4333.0,1.6644121571721444e-12
4334.0,1.2076156015002438e-10
4335.0,5.4708736995299416e-11
4336.0,4.812836096514861e-10
4337.0,7.397041692628958e-12
4338.0,2.6983609551658834e-11
4339.0,4.612741604334773e-11
4340.0,1.27205091427535e-14
4341.0,1.8794944863067846e-12
4342.0,1.8580759022086948e-13
4343.0,3.777833712715073e-12
4344.0,4.255731131704257e-11
4345.0,4.2971223270190756e-11
4346.0,2.914686604766974e-10
4347.0,3.636865238660695e-12
4348.0,1.914653412874388e-11
4349.0,4.1850879553131413e-10
4350.0,1.0792067416075268e-11
4351.0,1.4477526781334262e-13
4352.0,1.0094575133143499e-11
4353.0,4.495625670301942e-10
4354.0,1.166203087876389e-12
4355.0,3.3169991217821878e-09
4356.0,1.0642276879373756e-15
4357.0,6.052394877810225e-10
4358.0,5.482381231797533e-12
4359.0,2.485737447645475e-11
4360.0,4.8410954516760935e-12
4361.0,1.2161726303509714e-10
4362.0,1.1472786714961428e-14
4363.0,2.833203131158121e-10
4364.0,4.822315560876649e-12
4365.0,6.526119199890607e-12
4366.0,1.4482161533944925e-11
4367.0,3.0873676853537345e-13
4368.0,3.044601470717192e-12
4369.0,8.601520517621869e-11
4370.0,5.322126119956811e-09
4371.0,1.7916875226545607e-09
4372.0,1.5464123275371678e-06
4373.0,4.232788233812069e-10
4374.0,1.4842100020383382e-08
4375.0,9.181023496633875e-10
4376.0,2.5950976648043235e-09
4377.0,1.9994438916102692e-13
4378.0,2.96076204903787e-09
4379.0,9.41667353914738e-13
4380.0,1.3593006489510428e-11
4381.0,1.16867385433279e-10
4382.0,1.4796152404354965e-13
4383.0,4.29735961641345e-12
4384.0,8.689183061562414e-12
4385.0,1.4884480285709595e-11
4386.0,3.9634666313087524e-14
4387.0,8.870952934569096e-11
4388.0,6.875313341855547e-12
4389.0,7.375843752179336e-13
4390.0,4.205795503972934e-09
4391.0,3.846418672290312e-12
4392.0,1.5023166139379786e-12
4393.0,4.0526733478934037e-10
4394.0,6.074141633016806e-13
4395.0,1.1331328313424267e-10
4396.0,1.4014483772144543e-12
4397.0,2.631002929310114e-11
4398.0,7.986012420156646e-13
4399.0,7.75161500215678e-14
4400.0,9.441367293607691e-13
4401.0,9.138809024510272e-12
4402.0,1.1354204235448394e-11
4403.0,2.199836394830279e-12
4404.0,2.3107150891505192e-08
4405.0,5.858845225314172e-12
4406.0,6.793287939566271e-11
4407.0,1.2877572205364324e-11
4408.0,1.8685515257792716e-13
4409.0,2.938571703209855e-12
4410.0,3.0036544433361483e-12
4411.0,5.530994401243696e-11
4412.0,1.8747627252099367e-11
4413.0,3.138124833669805e-10
4414.0,2.0693655985419508e-09
4415.0,3.902095526659167e-12
4416.0,5.588334527391052e-12
4417.0,3.2078602307422873e-10
4418.0,2.0802464793039582e-08
4419.0,3.472836401838762e-12
4420.0,5.905712598636556e-10
4421.0,2.70899589150518e-09
4422.0,4.126239482160889e-15
4423.0,2.454590716932594e-13
4424.0,5.847657035413785e-11
4425.0,3.706493355679785e-05
4426.0,4.648566655729173e-06
4427.0,3.0572603489738433e-07
4428.0,1.66427694417363e-09
4429.0,9.495102625805292e-08
4430.0,1.7390396536320505e-10
4431.0,1.1136665434567133e-10
4432.0,7.587258892139769e-10
4433.0,1.2376676621581569e-09
4434.0,3.552662731099501e-11
4435.0,1.5579519280934086e-09
4436.0,2.0724694226391868e-10
4437.0,3.743231931199922e-09
4438.0,3.218318691857765e-09
4439.0,3.920995236011756e-07
4440.0,3.153428988762636e-08
4441.0,1.579199196308073e-08
4442.0,2.1082160865770565e-08
4443.0,2.7936271976398545e-08
4444.0,1.6375414371680003e-11
4445.0,5.271052927243112e-09
4446.0,5.141810970655855e-13
4447.0,7.862383859959862e-09
4448.0,7.661493617839929e-12
4449.0,1.303982276563542e-10
4450.0,2.602686682563713e-09
4451.0,4.390053105120455e-12
4452.0,8.625292414818272e-09
4453.0,2.3887652395785812e-11
4454.0,2.0047691325257892e-11
4455.0,1.1492993082733045e-07
4456.0,3.798744170446734e-16
4457.0,6.691926367475883e-07
4458.0,8.242013108616634e-09
4459.0,2.9039180139850282e-08
4460.0,3.811663669499225e-18
4461.0,1.828973158857724e-17
4462.0,6.050513449214016e-14
4463.0,1.1528156743293116e-08
4464.0,1.7457692958687146e-06
4465.0,1.3838539251393008e-10
4466.0,8.831246818973231e-06
4467.0,2.9423299835908464e-06
4468.0,1.7692970885437892e-09
4469.0,4.053594945243322e-09
4470.0,4.240347638995051e-09
4471.0,5.750385240786403e-12
4472.0,6.205258474732392e-11
4473.0,6.633286680867333e-11
4474.0,4.653245562286583e-06
4475.0,4.8908903406516e-08
4476.0,9.526239994312007e-08
4477.0,2.2775254870436232e-10
4478.0,8.623110785736856e-09
4479.0,2.5687411249477854e-08
4480.0,2.8092434530784804e-09
4481.0,1.4571087878563508e-07
4482.0,1.4360709358406446e-07
4483.0,6.485930460864232e-11
4484.0,1.479773312135742e-10
4485.0,5.8054505269799956e-08
4486.0,2.381748054977702e-11
4487.0,3.03334911652798e-10
4488.0,4.347116550262788e-10
4489.0,1.8155368663806863e-07
4490.0,2.2208070183069526e-10
4491.0,9.60474185723503e-09
4492.0,2.746821243818399e-12
4493.0,1.4499298190203711e-10
4494.0,2.836577666934603e-11
4495.0,6.194662616049608e-10
4496.0,3.710610614091665e-10
4497.0,3.293571349623225e-14
4498.0,1.2548097851869387e-12
4499.0,3.9631075755864345e-10
4500.0,4.098976986494668e-11
4501.0,8.006083259877151e-08
4502.0,9.841623444695606e-09
4503.0,5.230690628916875e-06
4504.0,3.769634636788099e-10
4505.0,1.0623706083813381e-08
4506.0,1.4389217395712224e-08
4507.0,2.156292870886381e-08
4508.0,1.2152356218172951e-08
4509.0,7.007004507854284e-10
4510.0,2.382948700725248e-05
4511.0,0.0005543390209292435
4512.0,0.00018695231477546158
4513.0,3.064835425148719e-05
4514.0,7.186953129226908e-06
4515.0,0.0003741184491378819
4516.0,1.0949875805995397e-07
4517.0,1.7240151827355097e-08
4518.0,1.973853569998005e-12
4519.0,2.7594803935906996e-08
4520.0,8.40699401370514e-12
4521.0,1.6264153576961585e-07
4522.0,5.520662876005265e-12
4523.0,8.285771365100751e-05
4524.0,5.470997107520755e-06
4525.0,3.43413771544032e-07
4526.0,5.509729340861255e-09
4527.0,5.80020148414616e-05
4528.0,2.5142806909487616e-05
4529.0,1.8252301588522363e-08
4530.0,2.4572378912981094e-10
4531.0,3.7338563428642556e-08
4532.0,2.9574367564658733e-07
4533.0,1.5855203516249914e-09
4534.0,4.046429671858865e-09
4535.0,5.574933277215523e-08
4536.0,2.0785051589951377e-08
4537.0,1.4099407808250895e-09
4538.0,3.3354453331480624e-07
4539.0,2.5817121317237428e-08
4540.0,3.1280775057503494e-09
4541.0,1.4191233193651268e-10
4542.0,1.5758995162455375e-09
4543.0,0.006239883662131811
4544.0,2.33401366741718e-06
4545.0,1.496072613426518e-09
4546.0,4.7676627261949655e-09
4547.0,1.7311166387330936e-05
4548.0,0.0009409309794475381
4549.0,5.348604176926837e-06
4550.0,1.8107682735492468e-05
4551.0,5.7748187458003485e-08
4552.0,3.844300924003617e-05
4553.0,0.0007168723424442961
4554.0,4.1638794073458526e-10
4555.0,8.868226402037252e-07
4556.0,0.003227466297646805
4557.0,6.149706879895292e-07
4558.0,0.00017177047787540224
4559.0,1.6744086451265136e-09
4560.0,0.00011943555903791546
4561.0,0.0011231416928066888
4562.0,0.007318802398392366
4563.0,7.20235330627857e-06
4564.0,2.2396696281467568e-06
4565.0,3.161633186232794e-06
4566.0,3.69325201810669e-06
4567.0,0.00021786211944327172
4568.0,1.8151396190526133e-06
4569.0,7.955947930197505e-06
4570.0,0.0011173610049812618
4571.0,0.00037234891396679737
4572.0,1.9183924930978364e-06
4573.0,0.000993339183346658
4574.0,5.011066551137302e-08
4575.0,3.789799338485829e-05
4576.0,2.0293693056369032e-05
4577.0,1.6626423805786915e-05
4578.0,4.6776180913910145e-06
4579.0,4.932509022829807e-05
4580.0,6.526608625477167e-07
4581.0,2.457941974061086e-09
4582.0,6.4162458374724e-11
4583.0,2.260478626923793e-07
4584.0,0.00010480627021745858
4585.0,9.242628201398359e-08
4586.0,0.00011100604461988509
4587.0,2.2498760865968317e-05
4588.0,0.00015537427222932275
4589.0,8.012861621458679e-05
4590.0,1.9632681186418757e-06
4591.0,1.546523364793301e-06
4592.0,4.877505076405716e-09
4593.0,2.86687759702123e-05
4594.0,4.135629142695877e-07
4595.0,3.399566666484013e-08
4596.0,1.492257108743032e-06
4597.0,2.3470916125268184e-10
4598.0,4.0681433605001364e-08
4599.0,1.340715747054444e-05
4600.0,1.5829113668455545e-07
4601.0,0.0001906288955355833
4602.0,2.0086043558946056e-05
4603.0,2.9200633093302257e-09
4604.0,1.7722212812056314e-06
4605.0,8.998053198460102e-08
4606.0,2.746488615954074e-07
4607.0,4.255181466147112e-05
4608.0,1.4738653903523453e-05
4609.0,7.492258149073447e-07
4610.0,4.4129552178081595e-07
4611.0,0.00012231312935938186
4612.0,2.1586835900602494e-07
4613.0,3.2531709682546777e-09
4614.0,2.3252051694797972e-05
4615.0,3.6716785238646374e-09
4616.0,5.479142703718525e-09
4617.0,2.5405437254453875e-05
4618.0,1.1222549796943959e-08
4619.0,2.876572067133934e-08
4620.0,1.4813490980564132e-06
4621.0,0.00030067148469215113
4622.0,0.0015207598498586064
4623.0,3.283471008943916e-09
4624.0,6.052646301350517e-10
4625.0,2.5783154884944616e-05
4626.0,0.0007294816764388107
4627.0,2.3027174173334143e-05
4628.0,1.758134363209737e-09
4629.0,1.0893697668058633e-10
4630.0,0.00016673708665061163
4631.0,5.921929188154306e-07
4632.0,3.2942848599387934e-05
4633.0,5.259148098345739e-11
4634.0,1.1415404968310487e-09
4635.0,1.1024224335043354e-07
4636.0,2.274403661479472e-06
4637.0,3.295664747336272e-05
4638.0,9.18347059371549e-09
4639.0,2.3488347351355457e-08
4640.0,1.0726265642422164e-06
4641.0,4.447609881590633e-06
4642.0,4.198470482811173e-09
4643.0,1.038902491280681e-08
4644.0,1.5694869511262096e-07
4645.0,9.203050943817249e-08
4646.0,5.414177559209637e-10
4647.0,4.2129757932174806e-08
4648.0,2.3667059613788648e-09
4649.0,3.036323491967651e-08
4650.0,1.7875371783051642e-11
4651.0,3.973494668380273e-10
4652.0,2.8572740870008514e-05
4653.0,6.7444541404609064e-15
4654.0,5.0434189608273505e-12
4655.0,8.416545032342126e-13
4656.0,1.8576923000635795e-16
4657.0,5.150696508365341e-15
4658.0,6.927177577993189e-13
4659.0,1.2765816180134527e-11
4660.0,8.706880332409238e-11
4661.0,8.151884617686573e-15
4662.0,2.6434756827501286e-10
4663.0,3.752730502755427e-08
4664.0,2.8941878306908674e-14
4665.0,1.2280649724652834e-10
4666.0,4.81824323602754e-14
4667.0,2.7564966319718684e-13
4668.0,6.828711130454793e-13
4669.0,2.0407280273977996e-14
4670.0,2.803078978647123e-10
4671.0,7.258739566678121e-11
4672.0,2.386404283581121e-19
4673.0,1.1220583281292286e-14
4674.0,1.716093885125921e-10
4675.0,2.155496185741524e-10
4676.0,1.8604628326368176e-10
4677.0,2.3975288774531473e-14
4678.0,1.0656167398100255e-15
4679.0,7.498001942041193e-10
4680.0,5.265917538303628e-13
4681.0,1.1606179786531221e-07
4682.0,5.156102959461115e-08
4683.0,7.448560094349416e-12
4684.0,3.447193917905424e-10
4685.0,2.928570963048419e-10
4686.0,1.224038966785215e-10
4687.0,5.136675363173911e-08
4688.0,7.541229929616232e-09
4689.0,3.803225969422462e-09
4690.0,8.415026763754444e-11
4691.0,1.3141395574431902e-09
4692.0,5.8095237238422955e-11
4693.0,3.7747453791284707e-10
4694.0,5.629375759978035e-07
4695.0,4.688141127152152e-12
4696.0,2.416757504587064e-11
4697.0,3.841371145618374e-10
4698.0,7.115453736775656e-10
4699.0,5.049293746706624e-13
4700.0,6.417076889471061e-09
4701.0,6.233477405488781e-10
4702.0,4.9974289213739926e-11
4703.0,6.364931089222303e-10
4704.0,5.135852018864942e-10
4705.0,5.745523881478997e-11
4706.0,1.9808361725067188e-10
4707.0,2.23536436548939e-11
4708.0,5.364979017975538e-11
4709.0,5.870270837375302e-10
4710.0,9.141316249809457e-11
4711.0,5.123960392425046e-11
4712.0,3.0821488846952373e-09
4713.0,2.449482124742482e-10
4714.0,7.260384871794799e-14
4715.0,7.606343237007374e-11
4716.0,1.0725652331625286e-12
4717.0,2.5780878843330876e-08
4718.0,4.51369718108426e-10
4719.0,6.775222217443679e-11
4720.0,6.620342929199557e-11
4721.0,7.496542788785646e-11
4722.0,7.63811482315955e-12
4723.0,1.021062408671345e-10
4724.0,1.6351841180560996e-08
4725.0,5.3316259524881755e-12
4726.0,1.1508563147903024e-08
4727.0,1.0074337789212293e-10
4728.0,7.64040946443814e-12
4729.0,1.1511292383200438e-09
4730.0,2.1313279091438136e-11
4731.0,6.640747836084207e-09
4732.0,5.0964788842588304e-14
4733.0,2.365868348137725e-12
4734.0,2.5744129886775312e-09
4735.0,8.084557339086491e-11
4736.0,2.788462809640526e-09
4737.0,7.292127340358544e-15
4738.0,6.46496801638502e-14
4739.0,3.4900570685802085e-11
4740.0,1.4495103394099293e-10
4741.0,3.063699950932144e-11
4742.0,1.0398736093254015e-13
4743.0,6.629826420001399e-14
4744.0,4.03110060227609e-10
4745.0,4.4797243049352847e-08
4746.0,6.299015417623101e-07
4747.0,2.7492859256436692e-08
4748.0,2.928839766600603e-08
4749.0,0.00023586067020182558
4750.0,3.410249336288266e-10
4751.0,5.655019051864356e-08
4752.0,3.5768160379575617e-07
4753.0,2.7846014169380286e-09
4754.0,1.4638994823214082e-08
4755.0,3.955986975228546e-06
4756.0,3.884770801430041e-06
4757.0,1.5847129032263593e-06
4758.0,1.5886559266598438e-07
4759.0,5.724154241965738e-07
4760.0,7.726649195019913e-06
4761.0,8.467892415783336e-06
4762.0,1.0772678444563717e-06
4763.0,1.2902941410872738e-08
4764.0,1.6932001051665917e-07
4765.0,5.293452958619389e-09
4766.0,0.0002243422404314532
4767.0,8.739571497678209e-10
4768.0,0.0018169154863080623
4769.0,1.6083379065995543e-10
4770.0,1.1998580662569664e-11
4771.0,4.2602914066959556e-08
4772.0,1.7974035058860544e-07
4773.0,7.566552087006198e-10
4774.0,3.414164679875765e-11
4775.0,5.260682901818637e-07
4776.0,7.087395652861812e-08
4777.0,1.6481422125481908e-07
4778.0,2.92117103223158e-10
4779.0,7.5914963454335435e-06
4780.0,1.37300453572091e-05
4781.0,0.026616542877778804
4782.0,1.1588289517600667e-08
4783.0,4.8672900077706075e-06
4784.0,2.2452518449313697e-08
4785.0,5.723739225909781e-10
4786.0,1.367311888122572e-07
4787.0,0.00034764042675582775
4788.0,5.404501989649351e-07
4789.0,1.0820031155159003e-10
4790.0,1.384191335577343e-09
4791.0,5.066645269442879e-07
4792.0,2.1581573082072326e-09
4793.0,4.6127468137114484e-07
4794.0,5.16649432824848e-07
4795.0,2.004473854165642e-12
4796.0,5.922276789275512e-13
4797.0,1.4385719325168663e-08
4798.0,5.51991177912105e-12
4799.0,9.807248548892297e-11
4800.0,8.712602825044057e-13
4801.0,1.842401912570399e-08
4802.0,3.563836736706566e-14
4803.0,5.35492454345003e-09
4804.0,1.058764208722674e-09
4805.0,3.039929819358916e-14
4806.0,1.2418829327176624e-11
4807.0,2.076288465312301e-07
4808.0,4.2694472293029437e-08
4809.0,1.1797662248511026e-13
4810.0,1.6946960116595886e-10
4811.0,2.9147491280325495e-10
4812.0,2.190072147349804e-11
4813.0,3.031002378519871e-09
4814.0,3.7096069728487744e-09
4815.0,8.99735034773018e-10
4816.0,1.4980653349690037e-08
4817.0,2.6440704892586626e-07
4818.0,0.014495905982737294
4819.0,1.6982251643955605e-06
4820.0,3.6512080547846613e-07
4821.0,1.4155616511457637e-12
4822.0,1.0302659189633318e-08
4823.0,3.215923038930415e-08
4824.0,1.5155182978909205e-14
4825.0,2.841233190478991e-15
4826.0,6.207284411003142e-17
4827.0,2.600357771074601e-19
4828.0,1.7524039949503352e-13
4829.0,1.2771377407303102e-18
4830.0,3.522661881777263e-17
4831.0,3.4709838855673e-18
4832.0,2.3699463230046996e-19
4833.0,0.0
4834.0,7.471914101695372e-19
4835.0,3.465947255892097e-14
4836.0,2.6558159962493626e-14
4837.0,1.9654965214312506e-10
4838.0,6.91575682312059e-15
4839.0,1.962904750436527e-14
4840.0,6.4322522783440564e-12
4841.0,5.026841467729058e-14
4842.0,1.1279459491465177e-07
4843.0,5.3418692159881504e-14
4844.0,7.546161094474908e-07
4845.0,7.818766601408747e-11
4846.0,3.5583423960907303e-06
4847.0,1.9420426396098552e-15
4848.0,4.748878692484125e-16
4849.0,3.7899391615383487e-17
4850.0,4.31419103773968e-16
4851.0,1.6160565228805586e-15
4852.0,1.610079093309399e-11
4853.0,1.6787119787949954e-19
4854.0,3.4479427407603094e-18
4855.0,4.11189472372248e-15
4856.0,1.0549552729486197e-17
4857.0,7.469066874515651e-16
4858.0,1.4876990861983641e-12
4859.0,1.3558561661673345e-16
4860.0,5.6144617586969964e-14
4861.0,2.556727717586507e-16
4862.0,1.210943823291943e-16
4863.0,1.2583970610219392e-15
4864.0,6.110511602813784e-17
4865.0,4.4047048835218254e-14
4866.0,1.588851514047734e-15
4867.0,4.77052091064212e-16
4868.0,2.2810733358920233e-18
4869.0,8.054032167283401e-17
4870.0,6.056529492123121e-19
4871.0,6.364243981020474e-16
4872.0,1.2116350576361526e-17
4873.0,2.022123784182607e-16
4874.0,6.666851564750964e-15
4875.0,7.901763116030349e-16
4876.0,1.316636846113722e-20
4877.0,8.378023579190835e-16
4878.0,1.4702675473110928e-10
4879.0,6.583184230568609e-20
4880.0,1.073832094552675e-12
4881.0,1.2244059083887172e-13
4882.0,4.2816211402705675e-12
4883.0,7.973739921716883e-11
4884.0,8.401577060310569e-14
4885.0,4.1080715394805766e-17
4886.0,4.190121902077442e-11
4887.0,9.739973273991465e-12
4888.0,2.485399164634342e-11
4889.0,3.391344308076813e-14
4890.0,8.044602251257724e-12
4891.0,2.518269084470737e-14
4892.0,4.2828550808021733e-16
4893.0,2.197697307611872e-16
4894.0,5.1019677786906723e-20
4895.0,1.1704766343346891e-12
4896.0,5.286889423727345e-16
4897.0,7.249158521644121e-12
4898.0,1.0512456486346942e-15
4899.0,8.746977816817026e-11
4900.0,1.0312558097185727e-17
4901.0,6.420763909232021e-15
4902.0,3.906033615444426e-16
4903.0,2.376529507235268e-18
4904.0,1.2070967750072044e-14
4905.0,6.71926090862161e-10
4906.0,6.033488347316131e-18
4907.0,1.8347657520360832e-13
4908.0,1.415384609572251e-19
4909.0,4.994332716520876e-17
4910.0,8.061569913227402e-16
4911.0,1.643821102372982e-17
4912.0,5.926880920204726e-14
4913.0,9.660378493423872e-16
4914.0,2.3936968059125334e-15
4915.0,1.1520572403495068e-20
4916.0,1.3040201735358373e-15
4917.0,1.682168150516044e-17
4918.0,5.501784306565796e-15
4919.0,2.2627673109224753e-14
4920.0,4.879186241144e-15
4921.0,5.684607696182677e-09
4922.0,1.344611363351258e-13
4923.0,4.393777548466806e-09
4924.0,4.115794709037412e-12
4925.0,8.309263487165511e-13
4926.0,1.7950608777089726e-12
4927.0,5.930193934001496e-11
4928.0,3.7290568648330626e-06
4929.0,4.957866469012473e-08
4930.0,1.251899565431541e-08
4931.0,5.881083295705856e-12
4932.0,3.525946164559891e-08
4933.0,4.948719478783324e-15
4934.0,5.899064662716093e-15
4935.0,1.3128999196889964e-12
4936.0,7.797030217712677e-13
4937.0,3.3947168855712236e-07
4938.0,7.598717165056085e-08
4939.0,1.5391838511389961e-12
4940.0,8.535789454913622e-10
4941.0,9.88214301294252e-12
4942.0,4.491859682550323e-09
4943.0,2.817826327406384e-07
4944.0,6.439505657106141e-08
4945.0,2.0934153531088365e-05
4946.0,3.318271478416247e-11
4947.0,2.129099446641337e-12
4948.0,1.2604242538579791e-13
4949.0,1.9315078990448875e-15
4950.0,1.0730590295826835e-18
4951.0,8.643128408155833e-16
4952.0,5.968588683897493e-14
4953.0,9.100389329941749e-11
4954.0,9.061061859033482e-16
4955.0,2.6631177350386978e-14
4956.0,5.0487234783726507e-14
4957.0,5.595958945892837e-13
4958.0,2.287579710820582e-13
4959.0,8.678200322144188e-16
4960.0,2.1717045800255894e-10
4961.0,8.448612884661243e-11
4962.0,1.5513019693003235e-13
4963.0,1.410232719038846e-11
4964.0,3.364700100975496e-10
4965.0,4.055411957585914e-13
4966.0,6.937320372227029e-14
4967.0,9.228695848327194e-13
4968.0,1.1721760273867445e-13
4969.0,7.914842421880037e-14
4970.0,7.297322509567978e-13
4971.0,5.339372874338294e-11
4972.0,3.036430856940369e-14
4973.0,5.465494842528774e-12
4974.0,3.2104881018785442e-12
4975.0,5.5663705970841107e-11
4976.0,8.171110807231949e-15
4977.0,5.087778729017277e-13
4978.0,5.3017869984783314e-12
4979.0,1.1118036641999626e-11
4980.0,5.466781926415566e-07
4981.0,1.3336986608566798e-09
4982.0,4.541264001673023e-12
4983.0,2.409524168208897e-12
4984.0,4.755025463108686e-09
4985.0,3.449351657391375e-12
4986.0,5.017231277786412e-12
4987.0,2.3630693970937627e-13
4988.0,1.6676418377313322e-11
4989.0,1.0390048001697565e-12
4990.0,8.973309840073626e-13
4991.0,4.946736294533865e-15
4992.0,2.7796948696583566e-11
4993.0,4.125361120804925e-14
4994.0,2.6366491325498972e-11
4995.0,7.348061036014358e-14
4996.0,3.808912721388876e-14
4997.0,6.567283208530151e-10
4998.0,1.0546699845562242e-08
4999.0,2.9885630925573346e-13
5000.0,1.1978748201255758e-13
5001.0,3.291721123641557e-11
5002.0,1.39920447582832e-12
5003.0,1.1001339843194412e-12
5004.0,1.1623120310050692e-14
5005.0,7.20746294384175e-09
5006.0,4.645066320817414e-14
5007.0,5.747381021120744e-14
5008.0,3.9675034940256276e-10
5009.0,6.248129535135946e-10
5010.0,4.988950963412385e-16
5011.0,2.9953906281285816e-14
5012.0,1.0279125873351642e-12
5013.0,2.2254834470326502e-14
5014.0,1.2281853684169428e-07
5015.0,4.966721048162351e-09
5016.0,1.0476940207423025e-15
5017.0,9.060343896961295e-13
5018.0,9.389692485304692e-12
5019.0,3.3225846735827925e-12
5020.0,1.626619241978506e-15
5021.0,4.621477619662046e-16
5022.0,1.4841609485670977e-10
5023.0,6.615766055121751e-14
5024.0,9.351311785569638e-13
5025.0,9.545193374788479e-10
5026.0,7.258698646460758e-10
5027.0,3.1340252258998783e-10
5028.0,6.938908898326545e-08
5029.0,5.52951679207395e-09
5030.0,1.871499788577619e-08
5031.0,2.7253418807184408e-08
5032.0,2.0007828792555756e-10
5033.0,1.5900867027510694e-11
5034.0,9.003313692150771e-11
5035.0,1.1511609317169862e-06
5036.0,1.257277066520585e-08
5037.0,8.642231294918874e-09
5038.0,3.7697010140861726e-06
5039.0,3.3315528500039244e-13
5040.0,6.889391148058915e-11
5041.0,6.391398788136152e-11
5042.0,3.9448026387895905e-08
5043.0,5.478665390472542e-10
5044.0,1.0465823333980305e-11
5045.0,1.1709453237903673e-10
5046.0,4.022355383410393e-12
5047.0,6.145543427711783e-10
5048.0,2.4973399955533563e-08
5049.0,1.0585342553045842e-10
5050.0,1.3336355059788497e-08
5051.0,1.8646317283318818e-07
5052.0,1.3285783044622006e-08
5053.0,1.7706805106623385e-07
5054.0,8.477036686118759e-12
5055.0,1.4807212010678063e-11
5056.0,8.330464895487492e-07
5057.0,1.2302384499747835e-11
5058.0,5.292509062627201e-09
5059.0,8.964497663460082e-10
5060.0,4.0352230768022736e-10
5061.0,1.9143176227505432e-11
5062.0,1.3966266764497467e-08
5063.0,8.374751957341015e-09
5064.0,1.4831757244338268e-09
5065.0,3.5158990473864302e-12
5066.0,3.100743208452367e-09
5067.0,3.491802713646242e-09
5068.0,1.0831722545887378e-10
5069.0,1.6784252618494824e-10
5070.0,3.4188686997091135e-09
5071.0,2.192028330749785e-09
5072.0,4.2593092523768694e-07
5073.0,5.61681078259075e-10
5074.0,6.04239941452519e-09
5075.0,2.848456048001244e-09
5076.0,1.445725850639424e-09
5077.0,4.6322839497360236e-09
5078.0,1.050991393031588e-09
5079.0,8.823819567342257e-13
5080.0,1.523056748828121e-10
5081.0,4.651037753864806e-10
5082.0,9.83244523525752e-12
5083.0,1.3773706575901017e-07
5084.0,3.2300787853959044e-08
5085.0,1.1928285159277443e-08
5086.0,9.888927586653477e-11
5087.0,1.7100715848294354e-09
5088.0,6.8869953704582355e-09
5089.0,1.0729260441098843e-10
5090.0,2.894108877508258e-08
5091.0,2.807415861887989e-12
5092.0,1.8772838093627323e-10
5093.0,2.786163361291185e-10
5094.0,3.6259335995412213e-08
5095.0,2.672957660371449e-07
5096.0,2.165652511249727e-12
5097.0,9.613831321342176e-09
5098.0,1.3180716826773824e-08
5099.0,2.1731039647189496e-07
5100.0,7.791099723727014e-10
5101.0,6.30062642976115e-11
5102.0,1.4149974157405673e-10
5103.0,1.708156155128464e-09
5104.0,1.5812147455170196e-09
5105.0,1.2174636002011262e-10
5106.0,9.721229424578634e-10
5107.0,6.8453686658437044e-09
5108.0,1.1530425222617397e-10
5109.0,1.4899034572089898e-14
5110.0,4.667494663205453e-10
5111.0,4.6044317324626367e-10
5112.0,1.3429261149288404e-10
5113.0,2.3218720823707775e-09
5114.0,3.298336831106339e-11
5115.0,1.5724187999828366e-12
5116.0,1.2136838594673241e-08
5117.0,1.2580983019512518e-10
5118.0,5.602729388798844e-13
5119.0,4.9831485040158205e-11
5120.0,1.5453742727235926e-12
5121.0,3.129784481699118e-09
5122.0,6.958257351320299e-10
5123.0,1.63618517317357e-12
5124.0,1.4291315819666034e-13
5125.0,2.6145175815352364e-12
5126.0,3.4733713072820035e-11
5127.0,1.069893157774289e-09
5128.0,2.350587397538581e-11
5129.0,5.571604734366372e-10
5130.0,2.951085336084406e-10
5131.0,3.0570663581078644e-11
5132.0,5.710500143543897e-09
5133.0,8.399299685078419e-12
5134.0,9.757078815304304e-08
5135.0,8.628433930250524e-10
5136.0,2.5713395285629967e-09
5137.0,1.5772688029989478e-07
5138.0,3.477895896216267e-09
5139.0,1.5653421822219152e-09
5140.0,6.382839963491514e-10
5141.0,2.309833342885475e-09
5142.0,6.038650453568993e-10
5143.0,1.0514315286572225e-08
5144.0,4.2496526596361956e-11
5145.0,1.2823721014458455e-11
5146.0,5.716938244286904e-12
5147.0,6.35086343301188e-09
5148.0,6.839956262430081e-13
5149.0,8.607698210481508e-09
5150.0,2.7103994972774485e-12
5151.0,3.812055000355622e-08
5152.0,8.797311697541991e-09
5153.0,1.5712970961591782e-12
5154.0,1.3810291418614556e-09
5155.0,1.1375443391568687e-12
5156.0,3.1044203232300395e-11
5157.0,4.035388980566172e-12
5158.0,1.0657656692119185e-11
5159.0,4.762160654171979e-10
5160.0,1.4282326947688635e-10
5161.0,9.8342151949261e-10
5162.0,2.7269925747477694e-11
5163.0,2.409091143569022e-08
5164.0,1.7261267400323884e-07
5165.0,1.9723634859969686e-13
5166.0,1.0195969664176133e-11
5167.0,3.984594335348321e-06
5168.0,4.150844171143426e-09
5169.0,6.285581495015035e-08
5170.0,3.6823449926442335e-10
5171.0,7.410748746025979e-10
5172.0,8.960279472002628e-10
5173.0,6.359414845544062e-09
5174.0,7.2056460128047755e-09
5175.0,9.098271638894988e-11
5176.0,7.123445773740905e-08
5177.0,3.244685214115803e-07
5178.0,1.9872208263996411e-10
5179.0,3.5355024667025927e-07
5180.0,2.3133814875016948e-08
5181.0,3.4105102683108217e-07
5182.0,1.641440245638029e-08
5183.0,1.0162742763604174e-09
5184.0,1.6430408579296986e-07
5185.0,6.2900722564592334e-12
5186.0,7.898816003652827e-09
5187.0,5.427769833538793e-11
5188.0,1.7436477509791378e-11
5189.0,7.772083960942134e-11
5190.0,5.4150326407968234e-11
5191.0,2.5133465324909518e-11
5192.0,3.8955754443889834e-11
5193.0,2.1236861254528337e-10
5194.0,4.5059628589056455e-11
5195.0,4.6053903508658553e-10
5196.0,4.369034757228236e-12
5197.0,2.585708214944084e-08
5198.0,1.0560406685692071e-10
5199.0,1.475480492516877e-11
5200.0,1.0344309931168395e-09
5201.0,3.950925964884402e-12
5202.0,2.8484002404779114e-06
5203.0,7.419313429589377e-11
5204.0,9.906661162034564e-08
5205.0,1.682718833876931e-13
5206.0,2.0226083810347586e-06
5207.0,9.447253499665809e-14
5208.0,3.287948378769751e-12
5209.0,6.597950896512263e-09
5210.0,3.482342740472017e-07
5211.0,1.5419499511416863e-07
5212.0,1.8557753673344213e-12
5213.0,4.076296077485071e-07
5214.0,9.51589935797425e-11
5215.0,2.8352308861816363e-11
5216.0,1.8721987288817896e-08
5217.0,1.0854546889321377e-10
5218.0,1.507290086625259e-07
5219.0,4.020288451182745e-11
5220.0,7.173166436374792e-13
5221.0,2.02439420345772e-11
5222.0,7.317851621405964e-09
5223.0,9.554702089850683e-11
5224.0,3.7963881162882516e-12
5225.0,5.1294143635582834e-11
5226.0,9.915754725648856e-13
5227.0,3.3979552607396828e-09
5228.0,3.782371962437975e-09
5229.0,5.691037213610442e-10
5230.0,1.578712108484371e-06
5231.0,2.1676881947476283e-12
5232.0,3.305723390083662e-09
5233.0,4.738911810807703e-12
5234.0,8.570077210772818e-10
5235.0,6.934959296448532e-10
5236.0,3.835662639388006e-09
5237.0,1.3884614040456035e-10
5238.0,2.5367028569936637e-08
5239.0,3.81703019666538e-09
5240.0,1.9270468783118653e-12
5241.0,9.656966412579208e-13
5242.0,9.845466673272024e-12
5243.0,2.202580576549672e-09
5244.0,4.845293886519732e-08
5245.0,1.2650837615948376e-10
5246.0,9.514485839368248e-11
5247.0,1.2999751669653356e-08
5248.0,1.574440049620547e-09
5249.0,6.04125886337605e-08
5250.0,3.572565216098271e-14
5251.0,2.6503916235446112e-08
5252.0,2.7003441859913706e-11
5253.0,1.6907799594252229e-13
5254.0,3.4258763664788333e-10
5255.0,4.93303561179943e-12
5256.0,0.00019432745683776176
5257.0,1.9193218441291396e-07
5258.0,4.567234913623616e-13
5259.0,1.7932315058797195e-08
5260.0,7.320112774779771e-07
5261.0,6.320807414722999e-11
5262.0,1.0807452123981035e-08
5263.0,6.086563954739675e-10
5264.0,1.743704827499118e-10
5265.0,5.310202649254219e-09
5266.0,6.346537331045245e-10
5267.0,3.10355877691035e-08
5268.0,3.486883442435817e-10
5269.0,2.206262792793155e-11
5270.0,1.0303403711427327e-08
5271.0,1.6084641804635295e-08
5272.0,4.237600626605187e-14
5273.0,1.5475074634332582e-10
5274.0,2.4515888772526136e-10
5275.0,2.032839012124293e-11
5276.0,6.842896653187237e-12
5277.0,4.279430893833909e-09
5278.0,1.0384407002794075e-12
5279.0,3.9683102596323324e-11
5280.0,3.4274239707772365e-09
5281.0,8.000358240627252e-11
5282.0,1.8270279829515797e-11
5283.0,6.725095230300692e-11
5284.0,3.930616872135688e-08
5285.0,4.648905676885658e-07
5286.0,7.46335014593311e-08
5287.0,2.9360234660861582e-08
5288.0,9.105953876022653e-12
5289.0,3.374543531388851e-06
5290.0,7.335989481702571e-11
5291.0,8.983269127668506e-10
5292.0,4.54991173432073e-08
5293.0,3.1769908272229007e-09
5294.0,5.475851912496976e-10
5295.0,4.210558186215344e-12
5296.0,2.1799345278095613e-07
5297.0,1.061588056568453e-07
5298.0,1.9294620977194787e-10
5299.0,5.149529778007199e-09
5300.0,2.29187129289133e-09
5301.0,2.3610305261990944e-10
5302.0,2.5713558812831442e-11
5303.0,1.8845653468941897e-12
5304.0,1.0238281928760871e-11
5305.0,3.535032970527176e-10
5306.0,9.314751775701885e-13
5307.0,3.678960936233801e-12
5308.0,2.5902511026890413e-06
5309.0,2.2671088649654695e-11
5310.0,3.919949283381341e-09
5311.0,1.13041990009897e-09
5312.0,1.9279920036281274e-09
5313.0,2.1836438642855404e-09
5314.0,4.113303453555693e-11
5315.0,9.435710629128595e-10
5316.0,9.260940864008731e-12
5317.0,1.2867033419217048e-08
5318.0,1.1751991737564406e-10
5319.0,1.6891170222591143e-08
5320.0,2.1153770904186188e-13
5321.0,3.886745453004135e-10
5322.0,8.69018451529712e-14
5323.0,6.620905306764331e-11
5324.0,4.5335340942271274e-12
5325.0,7.596750445235676e-10
5326.0,2.8380797971753037e-11
5327.0,1.338873554856037e-10
5328.0,1.4479128605918024e-09
5329.0,1.8611745469544674e-10
5330.0,7.89326887560783e-06
5331.0,3.090456129784701e-11
5332.0,9.237827893370192e-13
5333.0,7.751434500099562e-10
5334.0,3.7452635894592e-10
5335.0,4.492707655969023e-13
5336.0,1.2558109043001077e-06
5337.0,1.70435994415332e-08
5338.0,1.6584444035733956e-07
5339.0,1.8358154099029712e-10
5340.0,1.6624916214662566e-11
5341.0,6.2606634756855474e-12
5342.0,3.27596121660073e-13
5343.0,2.567404813442728e-05
5344.0,4.532233851155544e-13
5345.0,3.19480993207774e-08
5346.0,1.5195811308861149e-09
5347.0,2.4898713436506815e-10
5348.0,1.991811034707396e-08
5349.0,9.920133357271663e-09
5350.0,4.34622712356161e-11
5351.0,8.063352155066932e-08
5352.0,1.4477534281226897e-11
5353.0,1.8872509045647357e-11
5354.0,1.848229565169344e-09
5355.0,4.457761737543658e-12
5356.0,6.739501948006824e-09
5357.0,7.288899654504178e-13
5358.0,3.186393365472303e-10
5359.0,3.4962109439467085e-11
5360.0,6.248800065010259e-09
5361.0,5.864893932995952e-11
5362.0,2.3697619023835963e-08
5363.0,3.660254623874126e-11
5364.0,5.813003995448755e-13
5365.0,2.338710605580198e-11
5366.0,3.2934624555270716e-11
5367.0,2.932268382533772e-10
5368.0,2.651729352625644e-09
5369.0,3.221578718126381e-11
5370.0,2.142790363221966e-12
5371.0,4.49820747890291e-08
5372.0,1.9073062226290678e-11
5373.0,4.639596010451327e-10
5374.0,1.6627017310571646e-09
5375.0,1.7422465289383804e-11
5376.0,2.363584695839411e-13
5377.0,3.4408704809686008e-09
5378.0,1.248344195713025e-09
5379.0,1.1932915755089482e-08
5380.0,4.132786655517902e-10
5381.0,1.3069943310150012e-09
5382.0,3.1303623415093387e-09
5383.0,4.349180708527513e-09
5384.0,6.984672859226849e-10
5385.0,3.050884790907704e-09
5386.0,2.510009285543726e-09
5387.0,2.1273810611027764e-12
5388.0,2.5061667057154273e-10
5389.0,6.088072556036521e-13
5390.0,5.69064674441852e-07
5391.0,3.276077542655172e-08
5392.0,9.535596796369212e-11
5393.0,9.559787382423716e-12
5394.0,1.0418110782319352e-10
5395.0,6.128993981414092e-11
5396.0,7.610209937252389e-09
5397.0,1.6357261757536018e-08
5398.0,1.9233718322711183e-06
5399.0,7.455832437307102e-09
5400.0,2.5809854095027373e-07
5401.0,6.087419832332582e-11
5402.0,1.2857150951658982e-06
5403.0,2.2418807458705013e-11
5404.0,2.2341129576304862e-11
5405.0,6.019661464903361e-07
5406.0,7.005504692030747e-10
5407.0,1.1917688357433373e-08
5408.0,6.721710868660922e-10
5409.0,3.1985035367757023e-13
5410.0,2.0538004668906155e-07
5411.0,2.0418932980133435e-08
5412.0,4.348184135127813e-09
5413.0,8.33201212089499e-09
5414.0,2.567822560728903e-08
5415.0,3.6265341708554253e-06
5416.0,3.182638100650063e-07
5417.0,7.01579275184467e-10
5418.0,1.5408625240926749e-09
5419.0,1.430894222047737e-09
5420.0,1.5770524214707853e-10
5421.0,4.205197603090166e-09
5422.0,8.123398919485126e-12
5423.0,2.5532172400427793e-07
5424.0,2.0930046241924963e-09
5425.0,3.411630707731695e-08
5426.0,9.166174952286701e-07
5427.0,1.9530504346272626e-12
5428.0,1.5844712278403193e-14
5429.0,9.887751599209292e-11
5430.0,2.1222058109630272e-13
5431.0,2.79119494721058e-08
5432.0,1.0389927015937774e-11
5433.0,1.5424883231521881e-09
5434.0,2.42281827269527e-10
5435.0,1.299496923450297e-07
5436.0,1.249385854018658e-09
5437.0,9.647782285498711e-09
5438.0,1.2993306963685618e-08
5439.0,1.7945310862725078e-09
5440.0,3.125406706306648e-14
5441.0,2.8596301259311708e-12
5442.0,3.2446375877866077e-09
5443.0,1.6585411770481322e-10
5444.0,2.469456357199991e-10
5445.0,2.038703250277671e-10
5446.0,5.547574587191852e-09
5447.0,3.5067493692515534e-10
5448.0,3.0668804310643773e-07
5449.0,2.3741395653920595e-09
5450.0,4.276567800464271e-09
5451.0,5.2613541344082353e-11
5452.0,9.48896454519112e-10
5453.0,8.944601636960034e-10
5454.0,2.387402112022104e-10
5455.0,1.8999319618364525e-11
5456.0,4.081060388325002e-08
5457.0,2.5627053362046646e-08
5458.0,4.684027675126827e-10
5459.0,3.208647646517372e-09
5460.0,1.1843818928106813e-13
5461.0,3.4765253550875127e-09
5462.0,5.559176063870006e-10
5463.0,9.20206946362742e-08
5464.0,4.248348840118115e-10
5465.0,1.71528299245519e-12
5466.0,1.0923264134362977e-10
5467.0,2.3159531542103257e-12
5468.0,8.298444293809583e-10
5469.0,3.0055705441409423e-07
5470.0,1.5109628689340286e-09
5471.0,6.308711588798503e-09
5472.0,1.4202028289442357e-11
5473.0,5.9891278747254915e-12
5474.0,4.4155753694943584e-10
5475.0,1.1040736559375382e-09
5476.0,1.2587758305008846e-10
5477.0,3.5920509476819366e-14
5478.0,4.5486049829022254e-08
5479.0,3.0979830392478877e-10
5480.0,4.106440743537363e-11
5481.0,4.515002741673531e-12
5482.0,6.041341097473507e-11
5483.0,8.277190187886846e-09
5484.0,1.8585542294625445e-10
5485.0,8.950030573247578e-10
5486.0,4.357426983966422e-12
5487.0,5.9441693790961626e-12
5488.0,2.0671670218509435e-12
5489.0,1.1118370032552818e-11
5490.0,7.400782401093025e-13
5491.0,1.4484720815608835e-10
5492.0,6.395503385070996e-11
5493.0,3.44399889531536e-08
5494.0,1.5471795359429876e-07
5495.0,1.7809661068044206e-11
5496.0,4.900877290071025e-13
5497.0,5.524505868085397e-08
5498.0,1.2347877549936686e-11
5499.0,4.2381298817014034e-13
5500.0,1.2322992441484316e-09
5501.0,5.75905751178757e-09
5502.0,2.775974117952706e-11
5503.0,6.999959625970513e-10
5504.0,2.9052530832514383e-09
5505.0,2.2121460491897465e-10
5506.0,2.201339280902819e-09
5507.0,7.893633032343164e-09
5508.0,7.506491906449913e-08
5509.0,2.8783106925715243e-09
5510.0,2.0768344972144634e-09
5511.0,3.7669962970327795e-09
5512.0,1.7637912949035726e-11
5513.0,5.6496555118479994e-09
5514.0,1.0414061979845818e-10
5515.0,1.9889417354702128e-10
5516.0,8.815692906079745e-10
5517.0,5.953370587204352e-10
5518.0,1.699199562830504e-09
5519.0,1.5680273865482764e-12
5520.0,8.306731351755516e-11
5521.0,6.154913150096204e-10
5522.0,7.55588192532193e-13
5523.0,7.3468541066991e-10
5524.0,1.3953665222471579e-09
5525.0,1.8370447345526635e-11
5526.0,5.521029936321682e-09
5527.0,1.900880674390696e-11
5528.0,6.623400903033153e-14
5529.0,7.876408271626421e-12
5530.0,4.755745237064084e-09
5531.0,5.410137313740003e-13
5532.0,2.7542136189501167e-10
5533.0,7.374583577806693e-10
5534.0,4.833826111883119e-09
5535.0,4.9250986994169965e-12
5536.0,2.462424763098348e-09
5537.0,1.3751627507895893e-09
5538.0,4.626805193905437e-06
5539.0,6.709125171561264e-11
5540.0,1.4506935880075746e-09
5541.0,5.0025367485125164e-09
5542.0,6.065534957970934e-10
5543.0,7.390082626467969e-08
5544.0,2.3541449309050237e-08
5545.0,8.116209716889246e-10
5546.0,2.2957456138518064e-10
5547.0,3.840529335928092e-12
5548.0,6.435465993504083e-08
5549.0,2.431002703802268e-09
5550.0,1.3428043916787856e-08
5551.0,2.636101104022631e-13
5552.0,1.3468184417724341e-08
5553.0,3.2240926372072917e-13
5554.0,4.3153751015675905e-09
5555.0,6.501371124782806e-05
5556.0,2.679934462032823e-09
5557.0,1.827539110920858e-13
5558.0,4.077285217367289e-11
5559.0,5.2870852566370165e-08
5560.0,4.0257949500696134e-10
5561.0,3.176733051197841e-11
5562.0,1.539900105125035e-09
5563.0,5.018525489015444e-12
5564.0,9.628896436477806e-09
5565.0,7.81806781368353e-11
5566.0,1.8454228888492061e-09
5567.0,1.2844212917927685e-07
5568.0,3.6291517180769866e-10
5569.0,2.271911751245567e-10
5570.0,1.2178410187552205e-07
5571.0,1.4534611036236398e-05
5572.0,9.062916489000821e-11
5573.0,2.4257024627908748e-08
5574.0,1.2463992371908654e-08
5575.0,1.9196173500418388e-12
5576.0,3.042655148843253e-11
5577.0,1.1249126272946092e-11
5578.0,1.842315158940208e-08
5579.0,1.0518921745702146e-09
5580.0,6.048859629900592e-12
5581.0,1.365035404559092e-08
5582.0,4.592469412301385e-10
5583.0,6.088446412616739e-10
5584.0,6.387376708617787e-11
5585.0,4.608837179638198e-08
5586.0,3.7960286069516245e-16
5587.0,5.474350468339277e-09
5588.0,4.5589798564555845e-09
5589.0,4.134063258901568e-11
5590.0,3.717800924983068e-13
5591.0,5.538214134294549e-11
5592.0,1.4709212783245082e-12
5593.0,1.1016188900984746e-07
5594.0,7.470753256764776e-07
5595.0,8.991183843578043e-13
5596.0,1.1393481520439155e-11
5597.0,1.0095360053934551e-10
5598.0,5.037460305804736e-09
5599.0,7.031986541713053e-11
5600.0,1.3641693434068989e-11
5601.0,1.130205612746934e-11
5602.0,1.812790791735627e-10
5603.0,3.3866276674020856e-11
5604.0,1.3814822866746216e-10
5605.0,3.0995510500868784e-07
5606.0,7.23429095173022e-11
5607.0,6.408667281406463e-07
5608.0,1.9360480733518245e-11
5609.0,5.138927898037999e-13
5610.0,8.434601919173162e-11
5611.0,5.38643337394468e-13
5612.0,6.602052449596672e-12
5613.0,1.3915012546363403e-11
5614.0,3.13199592567136e-12
5615.0,8.128425217675575e-11
5616.0,1.4191173079469047e-12
5617.0,2.840556788853647e-09
5618.0,2.1625324188188904e-11
5619.0,4.711054129998309e-10
5620.0,4.1287349303080645e-11
5621.0,3.2434765570489785e-11
5622.0,8.022419063556335e-11
5623.0,1.912362249821185e-12
5624.0,2.8846556264800657e-09
5625.0,1.385411511663137e-12
5626.0,7.24779675188914e-08
5627.0,9.453495362683017e-08
5628.0,6.701939261923511e-12
5629.0,2.8129433956613544e-11
5630.0,1.3325475795009775e-14
5631.0,1.5904239905164106e-10
5632.0,4.833130481762469e-13
5633.0,1.5516763220715947e-13
5634.0,8.113019502568895e-12
5635.0,5.955704702769722e-12
5636.0,3.1186860847823978e-06
5637.0,8.157571526515456e-10
5638.0,4.3227955294395866e-12
5639.0,8.243192823393901e-13
5640.0,4.375170418358511e-07
5641.0,2.2876011420926154e-08
5642.0,4.220020284181568e-09
5643.0,1.4977230535470392e-09
5644.0,1.9772958514761626e-08
5645.0,1.5300656832936496e-09
5646.0,5.807167026276302e-10
5647.0,9.360049641061483e-12
5648.0,4.639959930784716e-12
5649.0,4.42372265401167e-09
5650.0,6.032313862812904e-12
5651.0,1.2462937151968658e-11
5652.0,2.0411724176786224e-11
5653.0,2.86157358395539e-14
5654.0,2.9695851475013152e-09
5655.0,1.9553515753404605e-09
5656.0,1.810399938898218e-13
5657.0,5.373235811832007e-09
5658.0,2.6139106155699293e-11
5659.0,3.667948548490831e-10
5660.0,4.4974701114256736e-10
5661.0,2.468788670082876e-10
5662.0,2.5132306526488516e-11
5663.0,6.0741740716571024e-15
5664.0,7.042173985455833e-10
5665.0,3.309836534220045e-09
5666.0,4.133140386826646e-10
5667.0,5.528544382350716e-10
5668.0,1.8571179559949905e-06
5669.0,8.734458173187821e-07
5670.0,1.455887479486782e-10
5671.0,2.8214346894853752e-09
5672.0,1.15495644201066e-09
5673.0,2.478412584812586e-10
5674.0,6.0081832612996185e-09
5675.0,8.5116908238133e-09
5676.0,2.196856628152296e-06
5677.0,7.246089928844701e-09
5678.0,4.429187680952734e-09
5679.0,4.668319352597702e-09
5680.0,1.5118160450975375e-12
5681.0,2.193519492924985e-09
5682.0,1.0741486946944877e-13
5683.0,2.821608176820763e-12
5684.0,1.8418854164075612e-14
5685.0,3.868576492876242e-10
5686.0,2.4374256847304537e-10
5687.0,2.7037443042192684e-10
5688.0,5.672560959889536e-13
5689.0,3.78049523649663e-12
5690.0,2.9348402161410994e-12
5691.0,2.8989606978569276e-08
5692.0,1.2821767342623901e-11
5693.0,7.195950571694465e-11
5694.0,1.2282089880750117e-06
5695.0,1.57888480402784e-11
5696.0,5.68307676314002e-09
5697.0,8.43379463892603e-12
5698.0,2.489073337930753e-08
5699.0,2.3894448889684913e-09
5700.0,6.0720630833038775e-05
5701.0,7.405352961732574e-11
5702.0,3.869962222676634e-12
5703.0,6.152753377380637e-09
5704.0,3.512691727512732e-09
5705.0,1.0991483914128123e-08
5706.0,5.581572465102892e-08
5707.0,2.8635583481690647e-13
5708.0,5.16180653200487e-12
5709.0,1.5241672174060485e-06
5710.0,2.9405784847186087e-11
5711.0,2.5636278923545508e-08
5712.0,6.4094422431104284e-09
5713.0,8.537690477732291e-10
5714.0,4.507999937051126e-12
5715.0,3.70429138829436e-12
5716.0,5.965467328311599e-09
5717.0,3.304381532920514e-11
5718.0,7.671793352605217e-09
5719.0,1.256751417365012e-11
5720.0,2.3636793159463566e-12
5721.0,6.10281642186796e-08
5722.0,8.593928960565388e-11
5723.0,7.801690219557011e-09
5724.0,4.918595733570642e-09
5725.0,2.458836614662278e-09
5726.0,1.0085435547145254e-09
5727.0,4.0828484626899884e-09
5728.0,8.076208537603781e-11
5729.0,3.987407416244936e-08
5730.0,4.023162442396703e-10
5731.0,4.319220627686825e-11
5732.0,8.844345705361722e-13
5733.0,9.143355030580334e-10
5734.0,1.3353680357999496e-10
5735.0,3.7372778000641585e-09
5736.0,2.7365927437512507e-08
5737.0,1.5429833122922662e-09
5738.0,1.6176747325028007e-08
5739.0,6.426236994476092e-11
5740.0,4.5520918474890227e-11
5741.0,2.3804853056090055e-11
5742.0,1.4031654277161687e-10
5743.0,2.4444905988253123e-08
5744.0,1.7007177508459368e-08
5745.0,1.7804881598397286e-09
5746.0,3.720527292878559e-07
5747.0,3.746440442575655e-14
5748.0,2.9409581160933784e-08
5749.0,3.044525968261845e-08
5750.0,4.68555707645178e-09
5751.0,6.715211234531191e-09
5752.0,1.5253134520553475e-10
5753.0,1.9773373828638417e-10
5754.0,4.545957754049668e-09
5755.0,5.577637696864253e-06
5756.0,9.222856184694795e-08
5757.0,2.531120929383259e-06
5758.0,1.5093281635556508e-05
5759.0,2.1017352803815452e-09
5760.0,0.0002346693326378624
5761.0,8.937116485866296e-06
5762.0,5.347908044581486e-05
5763.0,3.532999177834991e-12
5764.0,2.059597148978774e-09
5765.0,3.130681137054219e-13
5766.0,1.2171260078598291e-09
5767.0,3.899774547772097e-10
5768.0,1.21593741620783e-08
5769.0,1.3605959202373157e-10
5770.0,7.85672430820314e-10
5771.0,1.4360607077145349e-09
5772.0,7.974442643388416e-12
5773.0,1.6194434460866859e-12
5774.0,1.5134106750015435e-13
5775.0,1.9859112726318526e-11
5776.0,1.7833496974350616e-11
5777.0,1.2757401950258312e-08
5778.0,6.507678261041699e-08
5779.0,1.3944700201712974e-08
5780.0,6.173613891643068e-07
5781.0,5.699804833557035e-08
5782.0,1.212523467827853e-09
5783.0,5.635464889516735e-08
5784.0,1.1241207520606518e-10
5785.0,5.562113805147315e-09
5786.0,2.3440009736243046e-10
5787.0,5.126714850971925e-07
5788.0,1.0153195994906348e-10
5789.0,4.234536154345857e-15
5790.0,4.856425565857146e-10
5791.0,4.121194742002714e-12
5792.0,1.6033530199130483e-10
5793.0,1.8988539118480353e-10
5794.0,5.535721582419275e-11
5795.0,3.8941360148635884e-11
5796.0,1.495559749359644e-10
5797.0,5.794803317884857e-14
5798.0,1.382557216842658e-10
5799.0,4.099800680704493e-05
5800.0,2.213710890250941e-11
5801.0,1.3991606514721495e-10
5802.0,1.2189122072307552e-08
5803.0,8.607143194198944e-08
5804.0,2.0462967677899583e-11
5805.0,1.5335774699097828e-13
5806.0,2.561279062523499e-06
5807.0,4.586669162731644e-11
5808.0,1.953114617628788e-10
5809.0,3.3436748487795473e-09
5810.0,7.766217231802361e-09
5811.0,7.11787814894173e-10
5812.0,9.320469075356403e-12
5813.0,1.2107034133201216e-10
5814.0,4.6028352892360703e-07
5815.0,6.091398940280464e-13
5816.0,7.937092409234104e-10
5817.0,2.7648430562667524e-13
5818.0,1.996076692350469e-07
5819.0,3.0136434576779543e-12
5820.0,1.2843205352605847e-08
5821.0,4.728877902441036e-12
5822.0,3.666073798469192e-12
5823.0,1.6495892631986684e-10
5824.0,1.2172616237000092e-08
5825.0,4.882487461166221e-13
5826.0,1.3688939205874972e-10
5827.0,9.94427777190024e-12
5828.0,4.082772610666901e-09
5829.0,1.313211878850506e-11
5830.0,3.2390500618585693e-10
5831.0,2.816649363757048e-10
5832.0,3.8644040887768115e-09
5833.0,2.7853424252388854e-09
5834.0,2.957352196923479e-08
5835.0,7.338214779546599e-09
5836.0,4.4266542131263605e-06
5837.0,3.150564672784101e-08
5838.0,2.8366392631828365e-08
5839.0,3.385367800151445e-11
5840.0,4.472048294501726e-08
5841.0,1.3150747568643184e-07
5842.0,3.0458101027796344e-09
5843.0,1.1273696364426859e-06
5844.0,1.3974242724261765e-06
5845.0,2.4356679200074392e-09
5846.0,6.207894481071477e-10
5847.0,2.0743670876043458e-09
5848.0,1.8023647532246318e-08
5849.0,4.664936009797857e-09
5850.0,1.2064774689387637e-09
5851.0,3.4056832372240833e-09
5852.0,5.509909354832967e-11
5853.0,3.065813561352692e-07
5854.0,0.0017424617829453982
5855.0,2.6543949807954486e-10
5856.0,1.6739165927904103e-07
5857.0,2.3888799137825755e-07
5858.0,2.535171961176675e-07
5859.0,4.532315306518429e-09
5860.0,7.449558941058961e-06
5861.0,9.455364401635345e-06
5862.0,0.0001315559533847722
5863.0,1.8737779139953762e-10
5864.0,8.111412211555817e-12
5865.0,2.6468595584686115e-11
5866.0,1.171857863820967e-10
5867.0,3.922527315723729e-07
5868.0,6.004309154098426e-09
5869.0,1.5979627068546831e-13
5870.0,4.153466529354982e-11
5871.0,3.9039332664354484e-09
5872.0,7.555751066431591e-12
5873.0,1.0168183796311704e-11
5874.0,8.708856174268744e-11
5875.0,1.1823194471827286e-09
5876.0,5.945419684910277e-09
5877.0,1.2711089629600624e-08
5878.0,1.552906712110907e-10
5879.0,3.8439033386641473e-10
5880.0,4.373863798538303e-07
5881.0,0.0010200481801617646
5882.0,0.00013761486297491
5883.0,7.72127170323016e-08
5884.0,3.0163553693338016e-08
5885.0,3.883569262363046e-08
5886.0,1.307747558581395e-05
5887.0,7.854595500844662e-06
5888.0,2.996731146660465e-10
5889.0,1.335674733384379e-10
5890.0,8.925660527138711e-12
5891.0,1.907532227782415e-09
5892.0,4.197325649826569e-06
5893.0,1.4874523731403434e-15
5894.0,1.2331064624519146e-08
5895.0,1.3264952555279783e-10
5896.0,2.940878601686249e-10
5897.0,4.5201468393790615e-10
5898.0,9.856563425982426e-07
5899.0,7.82615707432463e-06
5900.0,5.746489388514674e-09
5901.0,5.5047072884943223e-08
5902.0,6.730609012789676e-13
5903.0,1.0230850581622873e-09
5904.0,1.6139251920339982e-09
5905.0,2.3618102575153914e-09
5906.0,3.7912157253899935e-11
5907.0,1.797037615622143e-10
5908.0,4.171897465723859e-07
5909.0,1.4390381876510732e-09
5910.0,5.617624040616032e-13
5911.0,1.644765875161374e-09
5912.0,1.9024669882518025e-12
5913.0,1.8834130684094762e-10
5914.0,7.05228959849551e-11
5915.0,1.7896673096346636e-09
5916.0,2.6243005542249366e-11
5917.0,2.151327284296032e-11
5918.0,2.558892309777189e-09
5919.0,7.595243540902686e-13
5920.0,3.493678611251848e-09
5921.0,1.523483555818855e-13
5922.0,7.943369564682388e-11
5923.0,1.586017308406421e-12
5924.0,6.576745214830472e-10
5925.0,4.9443715392458294e-09
5926.0,2.0695049047751533e-12
5927.0,1.083690666176591e-10
5928.0,1.2535634465390245e-07
5929.0,5.905063659661189e-09
5930.0,1.0905018674655434e-09
5931.0,3.304875703430113e-11
5932.0,2.064110687674586e-10
5933.0,1.4650768672988965e-06
5934.0,1.0346182033268758e-08
5935.0,3.932292609554695e-09
5936.0,3.065946947378645e-08
5937.0,5.385683876357847e-09
5938.0,4.264798920590097e-13
5939.0,2.332513272244646e-10
5940.0,3.1613246127924226e-11
5941.0,8.572681272477044e-09
5942.0,8.304268749369206e-10
5943.0,6.283595730092842e-09
5944.0,5.645629474687638e-08
5945.0,7.658948298780614e-11
5946.0,6.940481419799021e-13
5947.0,2.411750911019073e-11
5948.0,1.7814189186236702e-13
5949.0,9.532675382792658e-11
5950.0,1.5014750163743506e-13
5951.0,4.8003109492890154e-11
5952.0,3.733305439695784e-12
5953.0,3.143438548795748e-10
5954.0,3.6397073613019036e-09
5955.0,5.566706975250886e-11
5956.0,1.3550136041672167e-12
5957.0,7.003806912204445e-15
5958.0,5.0382785191096406e-11
5959.0,6.584323565938579e-08
5960.0,4.0283992892517627e-10
5961.0,2.2612831728320407e-09
5962.0,8.748618405575942e-13
5963.0,9.221757099226242e-09
5964.0,1.0357531087340935e-12
5965.0,1.3283776388339306e-05
5966.0,2.622460190001367e-10
5967.0,4.830327053330332e-11
5968.0,2.859436946455041e-10
5969.0,1.2119395487357108e-08
5970.0,2.3622429363871747e-09
5971.0,6.510278656084459e-10
5972.0,4.142752792010786e-11
5973.0,8.598278686907453e-10
5974.0,4.5712003160402485e-12
5975.0,1.0646003998499775e-10
5976.0,1.8938155616079313e-08
5977.0,1.1422888591724476e-10
5978.0,2.6550465609854743e-09
5979.0,6.440746191804702e-11
5980.0,1.6319903451121183e-05
5981.0,5.23839999420184e-08
5982.0,4.866765007794293e-09
5983.0,1.5873322253956546e-12
5984.0,0.0009761209634470674
5985.0,1.8719213430708889e-06
5986.0,4.448426710335696e-09
5987.0,1.0497355445285521e-10
5988.0,4.628313525389967e-10
5989.0,5.994399874500621e-10
5990.0,9.242378065229862e-12
5991.0,1.4188242158210958e-09
5992.0,8.704703683845725e-11
5993.0,7.030019041389827e-10
5994.0,1.55553999780214e-08
5995.0,7.546849129650581e-08
5996.0,3.6783680135170946e-14
5997.0,6.118227868256157e-13
5998.0,2.859466150260145e-09
5999.0,3.84673480667184e-12
6000.0,1.3825081883312316e-10
6001.0,1.914892435018809e-09
6002.0,1.2118491965077597e-09
6003.0,2.485232790618782e-09
6004.0,3.9392876232002037e-07
6005.0,6.431942263809086e-09
6006.0,2.521856244652357e-09
6007.0,7.740713088371647e-08
6008.0,5.136987250144716e-10
6009.0,8.00374300076362e-12
6010.0,6.483621099421122e-11
6011.0,2.72093338852936e-10
6012.0,2.363039944914993e-11
6013.0,7.004774475706733e-14
6014.0,7.431570077895609e-09
6015.0,3.86396078145119e-10
6016.0,7.392746572503937e-06
6017.0,1.7827765732071469e-09
6018.0,5.193108612040905e-10
6019.0,2.5312851905174647e-10
6020.0,5.161990081055994e-11
6021.0,9.646656165545054e-09
6022.0,1.9229736160666963e-10
6023.0,1.6229532344364945e-09
6024.0,2.5013051551286654e-09
6025.0,1.9321349819045665e-12
6026.0,5.344150029288265e-12
6027.0,2.1522061505822261e-10
6028.0,3.7050083567994656e-10
6029.0,2.4966283835721283e-11
6030.0,5.876207679574893e-10
6031.0,2.769130595939396e-07
6032.0,3.809455005559272e-08
6033.0,1.3927103891983374e-08
6034.0,3.7141377210348914e-09
6035.0,1.3130822533691062e-10
6036.0,7.04054317420507e-09
6037.0,0.0004356973089895537
6038.0,1.9271488024287992e-10
6039.0,2.0088069032579733e-09
6040.0,3.081297002015516e-11
6041.0,3.2479619903686625e-11
6042.0,3.3861685524308047e-09
6043.0,9.817434903052255e-10
6044.0,3.1027659403285683e-09
6045.0,1.4467942943258448e-07
6046.0,7.088425191501907e-08
6047.0,7.613240446860982e-11
6048.0,1.1249938888699463e-10
6049.0,1.155148656928511e-09
6050.0,4.507733763833901e-09
6051.0,3.5353192000866446e-11
6052.0,3.0595991305725976e-10
6053.0,2.815618021118421e-08
6054.0,8.258888239299034e-09
6055.0,5.342854686541527e-10
6056.0,2.63882689832421e-09
6057.0,8.115966912844884e-08
6058.0,2.554635313437297e-08
6059.0,3.77321119610436e-11
6060.0,8.014817382714564e-11
6061.0,2.5697546381262135e-10
6062.0,2.774678474222785e-11
6063.0,8.538756324949382e-10
6064.0,2.69086292948934e-10
6065.0,4.6086194330958866e-11
6066.0,4.032987525477644e-14
6067.0,5.869244380262523e-12
6068.0,5.161934892576793e-13
6069.0,7.530437559982627e-09
6070.0,1.3380753454699983e-08
6071.0,3.467749861126913e-10
6072.0,9.485904423313884e-11
6073.0,1.4320226218831747e-11
6074.0,1.0249420242811733e-10
6075.0,6.495079637376928e-10
6076.0,1.3273110937516764e-09
6077.0,1.0880513017930309e-11
6078.0,5.015785832711847e-14
6079.0,8.446129447451405e-10
6080.0,2.520421753524008e-09
6081.0,1.3587570375758154e-11
6082.0,4.618069300448851e-11
6083.0,1.1000548946682454e-10
6084.0,1.7040311950058684e-12
6085.0,2.9738623913869346e-11
6086.0,3.508490713184295e-10
6087.0,1.3615274122020059e-10
6088.0,2.472937250974963e-09
6089.0,1.7131319419946137e-10
6090.0,1.4785551381766514e-08
6091.0,8.428065276080148e-11
6092.0,1.878887921509533e-08
6093.0,3.371675957027135e-09
6094.0,3.1335416817991834e-07
6095.0,7.09431533541774e-11
6096.0,6.455703425395516e-08
6097.0,8.234763127297848e-08
6098.0,4.935193196439836e-08
6099.0,6.354979096108253e-10
6100.0,2.8787102009421913e-09
6101.0,2.415755268605491e-10
6102.0,1.1479026069189829e-10
6103.0,8.397168358956938e-10
6104.0,1.995594319655273e-09
6105.0,3.358393578455848e-09
6106.0,7.32083632864852e-12
6107.0,3.0080723718786374e-07
6108.0,4.624412478898652e-12
6109.0,1.4136708314249418e-09
6110.0,2.6405072710107977e-08
6111.0,8.930662079962536e-13
6112.0,3.510850372384421e-06
6113.0,1.8788263581163262e-11
6114.0,1.2496849412181238e-08
6115.0,1.4209121966694087e-12
6116.0,7.051847752973944e-07
6117.0,7.628252317283709e-07
6118.0,1.703737448659175e-08
6119.0,3.213713940160445e-08
6120.0,9.71972034098114e-07
6121.0,9.002313562458993e-12
6122.0,4.2067836813819e-09
6123.0,1.559013706845041e-10
6124.0,2.578528119720954e-10
6125.0,1.0069859801803134e-10
6126.0,3.113410596056376e-09
6127.0,1.846880542885596e-08
6128.0,3.05597964787476e-10
6129.0,8.860245458853495e-10
6130.0,1.2802573420374995e-09
6131.0,7.162616350078223e-11
6132.0,5.014917530108628e-07
6133.0,1.1677803530673287e-08
6134.0,1.1651730384351807e-12
6135.0,4.674108566696718e-10
6136.0,6.474813711514534e-13
6137.0,6.297552966871476e-08
6138.0,2.1907738122556882e-12
6139.0,5.283303360844039e-12
6140.0,2.5630083142955996e-10
6141.0,1.2582669582432248e-10
6142.0,4.690736387892837e-13
6143.0,1.8494722110416007e-08
6144.0,2.2556966621180385e-06
6145.0,1.10467862112734e-08
6146.0,9.168504880364568e-08
6147.0,1.2648821278289393e-12
6148.0,2.8176824181321974e-09
6149.0,5.405470663198881e-10
6150.0,6.978329188020771e-09
6151.0,9.644255896710115e-13
6152.0,2.1594215256967818e-10
6153.0,1.6852250810943313e-08
6154.0,4.1081180032485347e-07
6155.0,8.925827029128738e-08
6156.0,1.3475698134943861e-10
6157.0,2.0905001748213142e-11
6158.0,1.4609586236843472e-09
6159.0,1.495988638269224e-09
6160.0,8.031862599202707e-11
6161.0,3.189109535229306e-10
6162.0,2.4794402920720505e-12
6163.0,5.531801224930544e-10
6164.0,2.6702332689722683e-10
6165.0,3.078406303794184e-09
6166.0,3.389961531575157e-10
6167.0,7.274813868345921e-10
6168.0,3.3004069307837056e-09
6169.0,2.7985670614735225e-10
6170.0,1.0144331197319638e-08
6171.0,2.715605532032456e-12
6172.0,1.1905993830334492e-10
6173.0,4.468036230023826e-12
6174.0,3.0254850205488253e-11
6175.0,1.0888932392415233e-09
6176.0,3.85338701967064e-10
6177.0,1.5026461700332264e-08
6178.0,3.6260966758554713e-09
6179.0,1.0201447667774746e-08
6180.0,1.0534539051937119e-09
6181.0,8.678915592352341e-11
6182.0,7.808680753512419e-10
6183.0,4.717596511932802e-12
6184.0,9.44712522878977e-11
6185.0,2.851080214555906e-10
6186.0,1.6365769776100532e-07
6187.0,1.1958638940086102e-11
6188.0,4.692130962291193e-06
6189.0,5.452310316497471e-07
6190.0,5.572489825903804e-08
6191.0,4.1838772515127464e-13
6192.0,1.1759455362005314e-09
6193.0,4.66109920831508e-11
6194.0,2.767797791708286e-09
6195.0,7.424658015520917e-12
6196.0,2.328354247798641e-08
6197.0,1.5969401806764135e-11
6198.0,9.687790479214701e-12
6199.0,2.0563455121091025e-06
6200.0,1.953128442068803e-13
6201.0,3.193606783307439e-13
6202.0,2.1393381533171444e-09
6203.0,5.193142635482411e-09
6204.0,3.826982814910377e-11
6205.0,3.614669774637352e-12
6206.0,7.904346709431146e-08
6207.0,9.330246594536286e-10
6208.0,4.5539534052702866e-14
6209.0,2.7670290507986773e-08
6210.0,1.420623854269877e-10
6211.0,2.9397012851300815e-11
6212.0,5.691487986377727e-07
6213.0,8.391218206464021e-11
6214.0,5.287936542443618e-10
6215.0,7.471995841435359e-09
6216.0,3.396519205736421e-10
6217.0,2.2632143091317309e-13
6218.0,9.291222033445739e-10
6219.0,4.687970250764246e-08
6220.0,6.571929296363665e-10
6221.0,1.114029697300746e-08
6222.0,6.321380458553777e-09
6223.0,4.1331705788648044e-09
6224.0,9.4205674740091e-09
6225.0,7.45120283795216e-12
6226.0,5.390487746450391e-12
6227.0,6.464257282188296e-10
6228.0,2.538684408729133e-08
6229.0,2.6935937323317933e-10
6230.0,3.956459545477063e-11
6231.0,5.555392722803611e-13
6232.0,2.3984681434671794e-11
6233.0,1.123267070469882e-10
6234.0,1.8828122166258973e-11
6235.0,5.74397472195763e-12
6236.0,6.36948745055887e-11
6237.0,4.834103698574215e-12
6238.0,8.785980923705157e-12
6239.0,4.589122124982751e-12
6240.0,1.1622076355153512e-08
6241.0,6.946166254115139e-09
6242.0,2.0818776927619322e-08
6243.0,2.650019066206015e-07
6244.0,6.604078897117509e-10
6245.0,2.7860166175393725e-13
6246.0,3.501646557971113e-09
6247.0,2.8018858963605945e-08
6248.0,1.2914936656753076e-06
6249.0,4.0296370783457853e-10
6250.0,4.850166176826679e-11
6251.0,1.1606332759064174e-11
6252.0,6.300629112392267e-10
6253.0,2.271268242551251e-13
6254.0,1.0561009349711064e-10
6255.0,1.2753213381617409e-12
6256.0,3.165050903065922e-09
6257.0,3.779822966195027e-07
6258.0,8.364408804871074e-11
6259.0,7.904910688938425e-09
6260.0,4.68097958883832e-08
6261.0,4.6923686941962585e-09
6262.0,6.432559633565219e-08
6263.0,1.6190070477421453e-10
6264.0,1.030620029346669e-07
6265.0,2.858553179269689e-05
6266.0,4.568071920239142e-11
6267.0,2.7366755336305816e-09
6268.0,1.350427035594388e-08
6269.0,4.799425344290864e-11
6270.0,4.470366576946636e-10
6271.0,1.8416624558880476e-09
6272.0,2.0506785268202646e-13
6273.0,9.594470164392203e-09
6274.0,0.0002916934635331385
6275.0,2.395141173116584e-08
6276.0,1.1401936149661325e-08
6277.0,1.8169101073866892e-12
6278.0,2.214848927764144e-07
6279.0,9.233516300412936e-07
6280.0,8.802500872349088e-09
6281.0,1.12620334402469e-05
6282.0,6.2925359992545674e-06
6283.0,7.4955519634373e-11
6284.0,6.256581045605197e-08
6285.0,1.483130384539115e-08
6286.0,5.722539570527752e-08
6287.0,3.261893964023271e-08
6288.0,1.666287896848e-07
6289.0,6.524944310801336e-10
6290.0,7.273701424591807e-08
6291.0,7.640543940962668e-09
6292.0,3.858271845511597e-08
6293.0,2.180750964036812e-09
6294.0,2.48626965771122e-06
6295.0,3.601942101326091e-08
6296.0,2.635986353585034e-09
6297.0,8.881703645133028e-07
6298.0,2.920666330419649e-08
6299.0,1.4526836239551948e-07
6300.0,4.868181118813974e-08
6301.0,5.9395106390482815e-08
6302.0,4.754817666055443e-12
6303.0,1.7178887802011977e-10
6304.0,2.91414599494231e-07
6305.0,2.244334318609084e-08
6306.0,1.730178668451265e-11
6307.0,6.17179566454996e-08
6308.0,2.473792424850163e-10
6309.0,1.1560635857168827e-09
6310.0,1.924959536093877e-07
6311.0,0.00028187089186438
6312.0,1.12194347407511e-08
6313.0,7.462978383664088e-13
6314.0,0.00013276119940189407
6315.0,4.933161488231471e-09
6316.0,8.279307140376042e-09
6317.0,2.966870232481123e-10
6318.0,6.532011217454306e-07
6319.0,1.1519150840896254e-10
6320.0,1.6237050332362696e-10
6321.0,7.872432291678527e-12
6322.0,2.3770466798843072e-11
6323.0,1.4225390655786491e-11
6324.0,4.8767162304206907e-14
6325.0,4.3483007618321646e-09
6326.0,5.180419938180824e-07
6327.0,1.7145378846228294e-12
6328.0,1.8424668826353774e-08
6329.0,2.5327059062735623e-09
6330.0,8.22891782794626e-11
6331.0,1.923656723585179e-11
6332.0,2.3654253352565387e-10
6333.0,8.154195611594793e-13
6334.0,7.099870768145567e-08
6335.0,4.665365616626719e-11
6336.0,0.0011398861490501066
6337.0,1.9449464492580376e-12
6338.0,9.887745738858688e-12
6339.0,5.718465734220524e-10
6340.0,7.632978199152164e-09
6341.0,1.024609433612463e-06
6342.0,6.617354232235223e-06
6343.0,0.00010518328646080271
6344.0,1.0937947831341482e-07
6345.0,4.629706308354694e-09
6346.0,4.1639021963453455e-06
6347.0,8.880935123776875e-08
6348.0,3.3678065951546526e-09
6349.0,1.730368563198249e-12
6350.0,1.2234807861945916e-09
6351.0,1.1664547409420318e-08
6352.0,4.327635894005538e-06
6353.0,1.975435850296051e-09
6354.0,3.9145812137849954e-11
6355.0,1.900256821998267e-10
6356.0,1.1907411376654396e-08
6357.0,7.889297493679823e-08
6358.0,1.2805016020671081e-08
6359.0,6.564668177038922e-10
6360.0,8.820488923119799e-11
6361.0,5.237934277946357e-08
6362.0,5.069861316251142e-09
6363.0,1.9577444302525664e-09
6364.0,3.494208639849171e-09
6365.0,3.4523342038156207e-09
6366.0,1.115500501172259e-11
6367.0,2.25557562985904e-06
6368.0,4.46260797476669e-10
6369.0,1.6299937714616287e-08
6370.0,3.672265503323765e-09
6371.0,1.2080630899750692e-05
6372.0,5.175927679868884e-10
6373.0,1.48988566465743e-07
6374.0,2.8648033986683522e-09
6375.0,8.765990660193403e-09
6376.0,1.5606416711733596e-07
6377.0,8.979167130071039e-10
6378.0,1.7311202934432123e-08
6379.0,8.65391994060488e-07
6380.0,1.873484467455451e-08
6381.0,4.955234985542972e-10
6382.0,2.9904761744528774e-11
6383.0,2.7721154519935964e-11
6384.0,2.063012133292407e-09
6385.0,1.317216177510875e-07
6386.0,3.869297377090237e-06
6387.0,1.3040722199789912e-06
6388.0,5.7595124764841635e-11
6389.0,4.077478970687327e-07
6390.0,1.560930504085043e-07
6391.0,2.401186261191474e-07
6392.0,1.0316110969085984e-09
6393.0,1.9231542609839817e-05
6394.0,5.008416822008656e-12
6395.0,2.939347322455328e-15
6396.0,6.3443526462899944e-12
6397.0,2.3975515524247893e-10
6398.0,0.00017482118050668151
6399.0,1.0180058183597467e-13
6400.0,6.331649581095677e-08
6401.0,2.891565748411832e-14
6402.0,1.9985582393777704e-13
6403.0,2.4938402505102327e-12
6404.0,3.996430560332597e-13
6405.0,1.6082598257390521e-12
6406.0,1.8629062527434205e-12
6407.0,7.469475361097158e-14
6408.0,1.9869070401411804e-15
6409.0,1.4540067702515715e-10
6410.0,1.5251668332359137e-12
6411.0,1.640956627986906e-08
6412.0,2.274696510370904e-08
6413.0,1.5173522695618294e-08
6414.0,1.5725481961653464e-08
6415.0,2.483904526221875e-11
6416.0,2.833605791790228e-07
6417.0,1.3409693067372768e-08
6418.0,2.240473855922075e-10
6419.0,8.37550535388454e-11
6420.0,3.238508778593529e-11
6421.0,1.1223023414539095e-07
6422.0,4.836152433544263e-09
6423.0,1.82840210113413e-10
6424.0,1.2603839548957119e-12
6425.0,5.856686418924929e-07
6426.0,2.0495439630095393e-10
6427.0,2.3357437904152794e-11
6428.0,1.1192401595196925e-10
6429.0,5.090083700759074e-08
6430.0,5.013458831746734e-09
6431.0,7.126839936612977e-10
6432.0,3.433988603194715e-10
6433.0,6.954016244473314e-11
6434.0,3.1186091326207985e-07
6435.0,1.5494083221331445e-10
6436.0,4.114115251513003e-11
6437.0,2.5196510359677455e-10
6438.0,9.039459765547952e-11
6439.0,7.265273197141451e-12
6440.0,3.233623608896238e-11
6441.0,1.0028741281964333e-08
6442.0,2.1622501949130727e-11
6443.0,5.1533521683641696e-05
6444.0,2.2890781670519954e-10
6445.0,2.2920054539151083e-12
6446.0,1.6593618225088052e-10
6447.0,3.1936194965882453e-11
6448.0,1.2245114287790532e-09
6449.0,4.684202545196165e-06
6450.0,7.873209706487498e-14
6451.0,3.2826591959127596e-10
6452.0,7.32566358618934e-10
6453.0,3.251191942846275e-10
6454.0,1.8928520043264026e-07
6455.0,7.863326451790338e-09
6456.0,1.301057185957665e-09
6457.0,1.4328803345880604e-10
6458.0,1.9900898255520814e-11
6459.0,9.337531748574563e-08
6460.0,4.743755824510887e-10
6461.0,1.2575164350506001e-12
6462.0,5.945990592260777e-10
6463.0,5.800618930746842e-10
6464.0,1.22872046998896e-09
6465.0,3.729566450561944e-10
6466.0,2.791553089237782e-09
6467.0,5.9362958611320736e-15
6468.0,1.2851174512163247e-11
6469.0,1.9149503724003956e-08
6470.0,4.088764447538395e-11
6471.0,1.3292362373392626e-11
6472.0,1.850662881273126e-12
6473.0,1.6113912878738134e-09
6474.0,1.1635607029748966e-09
6475.0,5.5767263696712796e-11
6476.0,7.603081149538838e-10
6477.0,1.1225192633196793e-09
6478.0,8.041496380183538e-10
6479.0,5.424307663878592e-12
6480.0,2.542361084691659e-10
6481.0,3.1888466911512724e-07
6482.0,1.663082701911772e-10
6483.0,2.2578466141145524e-06
6484.0,1.518303941220667e-07
6485.0,3.9600366730044123e-11
6486.0,9.922180976790267e-10
6487.0,2.0094695410431592e-11
6488.0,1.8690314220034192e-10
6489.0,2.332571671079469e-11
6490.0,7.555468102430416e-05
6491.0,3.841040089478768e-11
6492.0,5.187243426970537e-09
6493.0,8.97196964015963e-09
6494.0,2.5154316662355196e-13
6495.0,3.242279555916148e-12
6496.0,2.9743705723773347e-09
6497.0,1.5778093553204854e-09
6498.0,5.196761799740107e-09
6499.0,3.46918981315964e-12
6500.0,5.261513113205436e-12
6501.0,1.4596813474953026e-08
6502.0,3.438292730782049e-13
6503.0,4.028510340514205e-09
6504.0,2.1031029573742112e-12
6505.0,2.163152075001312e-08
6506.0,1.1089997723275542e-07
6507.0,1.3534018648142647e-09
6508.0,1.8428761860539235e-07
6509.0,2.524897341401044e-07
6510.0,1.1859298808544137e-12
6511.0,3.2111240440584015e-14
6512.0,5.458014027961999e-12
6513.0,2.0013205865513997e-10
6514.0,1.9909168957874684e-09
6515.0,3.4135771467296986e-10
6516.0,3.64277266561318e-12
6517.0,2.3293200422515337e-09
6518.0,5.183581611316508e-08
6519.0,4.2376661767429836e-07
6520.0,2.36654277725839e-12
6521.0,7.477073224597262e-10
6522.0,2.1478852217023317e-08
6523.0,6.261035136987103e-07
6524.0,3.6504345502935585e-09
6525.0,3.838980178900107e-09
6526.0,2.275751449092411e-10
6527.0,2.114140718564512e-08
6528.0,6.839566992051132e-07
6529.0,1.2692709450926336e-09
6530.0,3.287303315423563e-11
6531.0,2.7983995402048006e-10
6532.0,3.489086288176968e-08
6533.0,8.742318890753868e-15
6534.0,1.0163101903953325e-11
6535.0,1.088855088523848e-08
6536.0,4.931553419555069e-11
6537.0,4.695431104589121e-11
6538.0,1.4384954325226895e-07
6539.0,4.940547976618955e-09
6540.0,1.460754480476098e-09
6541.0,3.51854745556427e-08
6542.0,1.291258806108672e-09
6543.0,8.03058822376608e-11
6544.0,1.1862950636499804e-09
6545.0,2.2621807638172634e-09
6546.0,1.9268072339479123e-12
6547.0,3.326065311971361e-10
6548.0,1.2000009571837498e-09
6549.0,3.3113500565985163e-12
6550.0,2.8896189308241203e-10
6551.0,7.671402598633584e-10
6552.0,3.0219356050645247e-08
6553.0,1.7917033622910395e-07
6554.0,8.425508261500309e-11
6555.0,7.6749956961061e-06
6556.0,3.123913948038431e-09
6557.0,2.9955565413755565e-09
6558.0,2.402372857812504e-11
6559.0,6.816885055512302e-12
6560.0,1.4603085845391962e-07
6561.0,6.549516691258567e-10
6562.0,1.278446635702395e-10
6563.0,3.3544073001887903e-08
6564.0,5.802399585045075e-11
6565.0,1.8608025772135976e-10
6566.0,1.9460318154616665e-09
6567.0,2.960464663334619e-13
6568.0,1.2376630529362867e-08
6569.0,2.573055429051714e-08
6570.0,4.113343847151233e-12
6571.0,8.989528878790564e-11
6572.0,9.589120000693244e-13
6573.0,1.025925544453271e-07
6574.0,2.1429238381215966e-10
6575.0,2.859388221724651e-11
6576.0,1.5086808414610384e-12
6577.0,1.6529382648113915e-10
6578.0,2.914385942211522e-08
6579.0,5.0219950510977975e-11
6580.0,1.6037923111042935e-07
6581.0,6.925216289414481e-12
6582.0,1.0517084464861032e-14
6583.0,8.562027097601439e-09
6584.0,1.5760058551182315e-09
6585.0,9.874724174117888e-13
6586.0,1.563614725886612e-12
6587.0,3.8896178636021425e-09
6588.0,1.551215680344685e-10
6589.0,1.2428018678854808e-09
6590.0,6.846904135507889e-08
6591.0,8.11921437100392e-09
6592.0,1.8883211426998755e-11
6593.0,6.572872039286449e-10
6594.0,6.522121396268957e-09
6595.0,2.3276878605478916e-07
6596.0,5.7208159787682964e-11
6597.0,1.7592428289115177e-12
6598.0,4.232278479113125e-09
6599.0,7.172689245054319e-09
6600.0,1.1017844518046133e-11
6601.0,1.2766287049004364e-08
6602.0,2.576183662730224e-11
6603.0,3.1287734694985467e-11
6604.0,6.070911598446887e-11
6605.0,1.7264453969034475e-09
6606.0,1.2133814420497324e-10
6607.0,1.171802540020629e-07
6608.0,1.4985617282596522e-08
6609.0,7.260820393209826e-11
6610.0,2.869662831829699e-08
6611.0,2.7875250919733213e-09
6612.0,1.4709298320532745e-10
6613.0,1.593084557679009e-10
6614.0,2.4391733894180884e-10
6615.0,7.10568710045512e-10
6616.0,3.0178323740113785e-14
6617.0,9.130426665970098e-10
6618.0,1.7632635658150036e-07
6619.0,3.552037488568974e-11
6620.0,1.3310656002226267e-11
6621.0,8.683638345019888e-13
6622.0,2.2254453468539156e-12
6623.0,1.6808251500410374e-07
6624.0,1.6873731700918715e-08
6625.0,4.72246472145485e-09
6626.0,5.110205641340206e-12
6627.0,5.617169183286368e-07
6628.0,3.756395050742955e-08
6629.0,8.192286799146204e-09
6630.0,1.64641064797165e-10
6631.0,1.0585248502910988e-09
6632.0,1.3174682718348157e-11
6633.0,2.5239480173826936e-08
6634.0,1.915434913372073e-11
6635.0,3.94708478667692e-10
6636.0,1.59807251800815e-09
6637.0,3.712113174609288e-10
6638.0,1.284517827789091e-10
6639.0,4.59976875379846e-06
6640.0,2.0819616504127287e-12
6641.0,1.7122002099576528e-10
6642.0,1.5134869031729656e-11
6643.0,1.934887791926872e-08
6644.0,1.0001911737981988e-10
6645.0,2.4502740144131974e-08
6646.0,9.158266908531763e-09
6647.0,6.326201128654338e-12
6648.0,2.3876562623897185e-09
6649.0,5.012209294017411e-10
6650.0,7.753034752618929e-10
6651.0,2.498427940477969e-08
6652.0,1.0343053162606115e-10
6653.0,5.355693047716712e-11
6654.0,1.0791175277760507e-11
6655.0,2.7978780410541693e-11
6656.0,1.9868154365479963e-10
6657.0,1.5128492194380532e-09
6658.0,8.18399926181296e-08
6659.0,2.986924980721486e-12
6660.0,3.0433375385000566e-09
6661.0,2.179434719067906e-10
6662.0,4.3264287882135886e-05
6663.0,2.6127835082686542e-12
6664.0,1.9154840705555568e-06
6665.0,8.606509395195943e-09
6666.0,3.4766012541309936e-12
6667.0,1.190723254540275e-09
6668.0,5.922529290586236e-07
6669.0,1.7970501973215545e-11
6670.0,5.220397721715531e-09
6671.0,1.0165025138236479e-06
6672.0,3.206165613708102e-10
6673.0,7.086779312852622e-10
6674.0,5.628800917983171e-08
6675.0,2.576575738256342e-13
6676.0,9.469250536641666e-11
6677.0,5.2878638196530534e-08
6678.0,5.408090024088303e-11
6679.0,1.4630537145213966e-11
6680.0,1.2894959670507948e-09
6681.0,2.425385151617108e-10
6682.0,2.834993184925811e-08
6683.0,8.721837135147101e-10
6684.0,1.387066801340633e-09
6685.0,1.0428709613321174e-07
6686.0,1.5935749520091075e-07
6687.0,1.1100701210212496e-09
6688.0,3.931883311223783e-14
6689.0,6.982175487656154e-07
6690.0,3.8635588338140435e-07
6691.0,1.357665473790056e-07
6692.0,7.810946850302176e-08
6693.0,2.0248789761925377e-08
6694.0,6.954873237488042e-09
6695.0,4.662959767416928e-08
6696.0,5.433224299908522e-09
6697.0,1.9150158785808063e-09
6698.0,3.16398130221264e-13
6699.0,8.279426651295193e-12
6700.0,5.0583138146116935e-09
6701.0,2.8246729833824168e-09
6702.0,2.773451169695589e-09
6703.0,5.685401048097272e-10
6704.0,1.3344012361037158e-05
6705.0,1.6459259575271288e-10
6706.0,4.339209178602952e-12
6707.0,1.9138868017290565e-12
6708.0,2.322810086990754e-12
6709.0,7.644181925410126e-11
6710.0,1.6959639301325515e-06
6711.0,1.6172405847977e-10
6712.0,9.548654164934524e-08
6713.0,2.013212857889898e-09
6714.0,9.018641959386572e-14
6715.0,1.8530947194026744e-13
6716.0,4.7886981791105864e-09
6717.0,4.559491015265435e-14
6718.0,9.714844369407717e-13
6719.0,8.220547232437164e-10
6720.0,7.770490226075018e-08
6721.0,2.2521955973351196e-10
6722.0,2.103861229435498e-11
6723.0,1.0680401756484686e-07
6724.0,1.4344330065357736e-08
6725.0,4.0808516870485284e-11
6726.0,6.770119675238781e-07
6727.0,3.305109081912238e-08
6728.0,1.190917941442159e-14
6729.0,1.406603677506486e-09
6730.0,1.620771062733682e-07
6731.0,5.352529107709169e-09
6732.0,1.8091008728308514e-09
6733.0,1.1062325038078856e-09
6734.0,7.512996216016827e-12
6735.0,6.750084523321506e-10
6736.0,1.4075988313001094e-11
6737.0,7.132798430000314e-11
6738.0,5.075860958277524e-09
6739.0,1.4320914394344558e-05
6740.0,0.0008424039631816006
6741.0,1.2324917183433478e-10
6742.0,2.0279884084392463e-08
6743.0,1.6390959378477848e-06
6744.0,1.990138188780076e-09
6745.0,7.860858905679542e-11
6746.0,2.8377053169371277e-10
6747.0,1.926201576736088e-10
6748.0,1.4281586003374683e-09
6749.0,6.294484122036822e-11
6750.0,9.356917041194492e-09
6751.0,3.3119203199951014e-12
6752.0,4.2292239496327886e-10
6753.0,4.7223384691295725e-08
6754.0,8.34034476433235e-08
6755.0,7.821551879327184e-10
6756.0,5.8355292137210926e-05
6757.0,7.280058870762307e-11
6758.0,4.231138781820589e-08
6759.0,3.723316014217665e-10
6760.0,6.823428637610654e-11
6761.0,5.7616879810136915e-09
6762.0,1.1288781556146393e-11
6763.0,2.6989389366876604e-11
6764.0,4.2752343698674575e-10
6765.0,2.421330959210365e-07
6766.0,5.053773465328657e-12
6767.0,1.509448922498099e-09
6768.0,1.3758644506680964e-07
6769.0,7.88285453694807e-10
6770.0,1.0383735255889224e-06
6771.0,2.592454359611529e-10
6772.0,2.754210196138682e-11
6773.0,1.2281623424721321e-08
6774.0,5.62801852779052e-08
6775.0,1.903607113753844e-07
6776.0,2.1580966049530949e-07
6777.0,6.148266408398276e-10
6778.0,1.6111335951194513e-09
6779.0,3.9207703812071643e-10
6780.0,9.711714822372268e-14
6781.0,2.3035511436351372e-11
6782.0,1.073272200658731e-11
6783.0,2.0116976808957122e-08
6784.0,9.701109731362631e-08
6785.0,2.0023784348441575e-09
6786.0,1.5354402079407738e-10
6787.0,2.085858218067568e-11
6788.0,1.1135805649664377e-06
6789.0,3.3145756901451987e-13
6790.0,3.669656650404389e-14
6791.0,1.9064805527669843e-10
6792.0,4.284156332657867e-09
6793.0,1.8299452352019254e-09
6794.0,7.352590492173217e-10
6795.0,2.5774235620474935e-10
6796.0,2.8711787551252483e-09
6797.0,1.2603675688968736e-06
6798.0,8.160486581443735e-12
6799.0,1.8338612814423017e-11
6800.0,1.0560727390120093e-11
6801.0,9.661244001112625e-13
6802.0,7.929041959355895e-10
6803.0,4.187233646602083e-08
6804.0,3.489782290091176e-11
6805.0,3.461234228562614e-11
6806.0,7.124308363587953e-13
6807.0,1.477521366526385e-12
6808.0,1.1481392603942187e-11
6809.0,8.461252698777493e-12
6810.0,4.1105608874846655e-11
6811.0,5.2694150195057236e-14
6812.0,8.969197619546306e-08
6813.0,2.1519672828365165e-10
6814.0,5.86579242671677e-14
6815.0,4.403119098948731e-10
6816.0,1.6652099557906928e-10
6817.0,2.529826581329179e-10
6818.0,1.3002306497732238e-11
6819.0,1.0946209739453079e-08
6820.0,1.7266158918820676e-09
6821.0,5.4497735750714024e-09
6822.0,5.501240876228135e-12
6823.0,8.529233030734464e-12
6824.0,1.9724726195564488e-11
6825.0,6.712690490699396e-09
6826.0,1.6116137237464598e-09
6827.0,7.48886020538249e-14
6828.0,2.71489609757519e-09
6829.0,6.881490483511754e-12
6830.0,3.305224244029755e-15
6831.0,1.265455758524258e-12
6832.0,3.39650859227743e-12
6833.0,2.7126362928881463e-06
6834.0,7.850912536853557e-07
6835.0,8.359018298267093e-11
6836.0,1.457340521921316e-09
6837.0,5.230216535987267e-10
6838.0,6.016795087277348e-13
6839.0,1.5631762498397542e-10
6840.0,4.063631603412625e-11
6841.0,1.2643462418055943e-09
6842.0,1.58842422104141e-08
6843.0,7.09214771980589e-11
6844.0,1.1686718764973777e-10
6845.0,1.4585531368727585e-09
6846.0,1.9110729883728408e-08
6847.0,9.171777615580609e-11
6848.0,3.4405291948157982e-12
6849.0,1.3715554736082667e-09
6850.0,1.3342652145565356e-13
6851.0,7.342989333859014e-09
6852.0,1.2237163995300102e-10
6853.0,8.100030690222949e-10
6854.0,8.981428788497243e-09
6855.0,4.1232587839820736e-10
6856.0,2.281607809666e-09
6857.0,3.844140266789829e-12
6858.0,2.890894965685642e-09
6859.0,3.9289781632471615e-10
6860.0,2.702507476418265e-10
6861.0,7.48957369911838e-12
6862.0,1.297166251426595e-10
6863.0,9.371169424271633e-12
6864.0,3.5517006543521104e-11
6865.0,1.2575670605651686e-09
6866.0,1.516147023633598e-10
6867.0,3.0916339319988265e-09
6868.0,5.2387857886875256e-08
6869.0,1.6538307813630034e-09
6870.0,4.292830241110906e-09
6871.0,2.3994602109399427e-08
6872.0,7.609210233818498e-11
6873.0,4.801107898709715e-13
6874.0,4.005805026362079e-11
6875.0,7.871549043954068e-11
6876.0,5.2806220983720445e-11
6877.0,3.030482449666049e-12
6878.0,8.11178270987272e-12
6879.0,5.496353877393105e-12
6880.0,2.371671479348241e-13
6881.0,5.355052774733152e-09
6882.0,8.810495712656365e-13
6883.0,5.183362147622182e-09
6884.0,5.8365559084786926e-09
6885.0,1.580440096753045e-08
6886.0,7.265621143213726e-10
6887.0,1.017677007920546e-08
6888.0,1.4408644785194947e-12
6889.0,2.4887528494584946e-10
6890.0,8.216364636026433e-13
6891.0,2.0009240631462304e-11
6892.0,9.151776250002638e-12
6893.0,3.73645678593875e-08
6894.0,5.359046219924767e-12
6895.0,2.4863356287299595e-10
6896.0,5.391281346794281e-08
6897.0,8.164953106642066e-09
6898.0,3.197206967779238e-11
6899.0,4.807485244149e-10
6900.0,1.3479260272921312e-07
6901.0,1.0065800835999122e-08
6902.0,1.535103600136074e-14
6903.0,6.504364470193182e-10
6904.0,1.267079145417842e-09
6905.0,1.688743583047181e-13
6906.0,4.396170830247389e-12
6907.0,2.0114035505522118e-11
6908.0,2.9128189512006907e-09
6909.0,2.1105949421856204e-08
6910.0,4.059440492328296e-07
6911.0,1.5341243114048324e-08
6912.0,4.227758317201562e-08
6913.0,6.793412402030733e-09
6914.0,4.320434858823162e-12
6915.0,4.219103725942856e-08
6916.0,7.806356432211051e-10
6917.0,7.457222978694307e-09
6918.0,3.3415289327171613e-10
6919.0,2.858598524675443e-09
6920.0,1.2720059744604934e-08
6921.0,3.804195083197158e-09
6922.0,9.513841554246436e-08
6923.0,2.636560003921283e-10
6924.0,3.8107093177070797e-10
6925.0,3.067623744397041e-05
6926.0,5.847411353446994e-14
6927.0,3.3393410475057524e-09
6928.0,2.8676946224483217e-10
6929.0,2.2264471429142023e-13
6930.0,1.5126773922138572e-12
6931.0,2.241053177029678e-09
6932.0,2.9374471054875815e-07
6933.0,0.00013302989869738444
6934.0,1.2586597123588712e-08
6935.0,3.851991965448105e-11
6936.0,3.736137939935244e-09
6937.0,1.0561913008269071e-10
6938.0,5.434848204225574e-09
6939.0,1.5808671813434918e-13
6940.0,3.370289732853143e-08
6941.0,5.378895593438961e-12
6942.0,2.3710100156937126e-10
6943.0,2.7454180219708517e-11
6944.0,4.2297651561543586e-14
6945.0,6.07412487545173e-08
6946.0,3.85696345915649e-10
6947.0,5.1828348589133846e-08
6948.0,1.625750562047298e-06
6949.0,5.626856067769533e-13
6950.0,2.253729586451539e-14
6951.0,2.2615979894296028e-10
6952.0,1.8664176014230975e-12
6953.0,9.461576154422948e-09
6954.0,2.364730307563901e-08
6955.0,4.4834729785384193e-07
6956.0,1.2596096835572099e-14
6957.0,7.947849923402236e-09
6958.0,1.0286154885630468e-11
6959.0,7.664026417855288e-10
6960.0,2.2195411447894316e-10
6961.0,9.251054563005954e-06
6962.0,4.666007269389737e-11
6963.0,1.5025097763142872e-10
6964.0,2.546226068631422e-10
6965.0,1.648909523275163e-11
6966.0,4.260267333059511e-12
6967.0,4.665530719552839e-09
6968.0,2.348638167049269e-11
6969.0,3.976952741736377e-12
6970.0,3.2570568437123516e-10
6971.0,5.503195186631558e-12
6972.0,7.163721290316978e-11
6973.0,5.348716945641604e-11
6974.0,1.9646534954812242e-11
6975.0,9.621437513427791e-10
6976.0,1.5048223999720533e-10
6977.0,9.255825698097714e-11
6978.0,1.372074428397692e-11
6979.0,2.312138740415614e-13
6980.0,1.1432111173025708e-08
6981.0,5.338650450392787e-07
6982.0,3.6114285700187136e-07
6983.0,8.142290341933486e-10
6984.0,2.4372826533185184e-13
6985.0,2.286019841775109e-13
6986.0,8.18621696289757e-09
6987.0,7.852503777313788e-07
6988.0,1.102751824987045e-10
6989.0,8.920351164488313e-09
6990.0,4.290721431357347e-10
6991.0,3.7395794950896976e-10
6992.0,1.4297925902344154e-07
6993.0,5.317456345187652e-07
6994.0,3.897258525077719e-07
6995.0,3.782722693959577e-07
6996.0,7.352244643780915e-06
6997.0,8.842779697496955e-13
6998.0,2.635983408867479e-11
6999.0,1.5219560444405122e-11
7000.0,5.126329240343761e-12
7001.0,3.0383089454263955e-11
7002.0,4.803859099153514e-10
7003.0,4.612731276553391e-08
7004.0,4.6952737702713415e-11
7005.0,5.550144370352891e-11
7006.0,5.480839095441212e-07
7007.0,2.2843130987328157e-09
7008.0,4.836531749727034e-13
7009.0,1.68392559589702e-11
7010.0,1.1002905458207661e-10
7011.0,4.3931206847744057e-10
7012.0,5.816662340435549e-08
7013.0,3.2737932774089176e-10
7014.0,3.547888705466154e-11
7015.0,1.016774630088058e-06
7016.0,2.4462400053389798e-12
7017.0,8.478521220241125e-06
7018.0,5.449331195713241e-08
7019.0,3.0153646610662347e-10
7020.0,0.026378157048563094
7021.0,0.00013918744851549464
7022.0,5.559611833624873e-06
7023.0,1.1956364254328288e-08
7024.0,6.4630721306257934e-09
7025.0,5.94323885123436e-08
7026.0,1.353214841240793e-12
7027.0,1.4311842517256158e-16
7028.0,1.43552628245698e-10
7029.0,1.8173157629191915e-10
7030.0,7.846775614118556e-09
7031.0,4.059726115205842e-05
7032.0,7.355145331570239e-11
7033.0,9.454953348460379e-09
7034.0,1.9944689594099952e-07
7035.0,1.6795687511084718e-10
7036.0,1.1847001483448591e-08
7037.0,1.313303371100468e-07
7038.0,2.618661145563659e-09
7039.0,1.3393144995146913e-10
7040.0,2.306326349686567e-09
7041.0,1.1342455893553741e-08
7042.0,8.62481661598774e-11
7043.0,1.9835689660217933e-09
7044.0,2.8188345910654265e-10
7045.0,4.5196858805237095e-10
7046.0,5.4702817539635e-09
7047.0,7.675435842541172e-13
7048.0,1.2585143908615502e-08
7049.0,9.550932357279402e-11
7050.0,1.6184771546415662e-08
7051.0,1.86560919627436e-12
7052.0,5.773526396564575e-09
7053.0,1.1154871988610433e-11
7054.0,6.010971646943481e-12
7055.0,4.7940139438928355e-09
7056.0,8.119599519687132e-09
7057.0,9.159941643220556e-09
7058.0,2.1260046209653162e-14
7059.0,2.9932846395146895e-12
7060.0,3.786924111053414e-11
7061.0,8.31243382396545e-08
7062.0,1.1188565036110282e-08
7063.0,1.6302286698110683e-08
7064.0,8.17125763758555e-11
7065.0,1.4136269944603275e-10
7066.0,5.297927545828706e-12
7067.0,7.681655763510906e-09
7068.0,1.8530319065905532e-09
7069.0,1.5130366269976836e-07
7070.0,9.257355344731862e-11
7071.0,1.9332946241745808e-10
7072.0,5.449063304527435e-06
7073.0,1.3649868534845435e-09
7074.0,1.2674384737218404e-12
7075.0,4.969816621795077e-11
7076.0,3.2048108454460444e-10
7077.0,3.472155919408687e-07
7078.0,1.049667314909512e-11
7079.0,4.7449156307186464e-11
7080.0,9.693714644663575e-09
7081.0,3.540273540728539e-08
7082.0,1.219586096212757e-07
7083.0,2.184400197762005e-09
7084.0,7.649396876923594e-11
7085.0,6.0313423477542815e-12
7086.0,3.2497573708221127e-10
7087.0,4.435164254693486e-09
7088.0,5.392702943096035e-10
7089.0,1.2386586174256437e-09
7090.0,5.046328887899479e-12
7091.0,2.7585090178441055e-09
7092.0,7.58616865781294e-11
7093.0,2.2860040108628307e-12
7094.0,3.5160791282350646e-10
7095.0,9.342518092052262e-10
7096.0,3.638179307801631e-10
7097.0,4.3010226406703217e-11
7098.0,9.849282330703475e-08
7099.0,7.97713545286759e-09
7100.0,2.6022517080500073e-10
7101.0,1.2825932259959214e-10
7102.0,2.427900116403918e-10
7103.0,1.2300073913832456e-10
7104.0,1.6873740347778141e-09
7105.0,1.0013932026668226e-09
7106.0,1.3003245878622836e-13
7107.0,2.0555340871652624e-09
7108.0,2.8675314329971136e-11
7109.0,9.757851739248994e-12
7110.0,6.203514658468354e-10
7111.0,2.0861201565165818e-10
7112.0,4.285191171454476e-10
7113.0,5.601642300921376e-10
7114.0,2.732144460837525e-12
7115.0,1.3752684623309082e-13
7116.0,2.1130733156766212e-07
7117.0,1.0034297459187098e-11
7118.0,1.314224523022744e-07
7119.0,3.087919646054795e-09
7120.0,7.670233778746434e-10
7121.0,1.6655943609411e-09
7122.0,4.7163944810826396e-11
7123.0,6.56406658212905e-10
7124.0,2.3335502884063983e-11
7125.0,5.641733010886973e-10
7126.0,2.425087616327453e-10
7127.0,5.737420102332955e-09
7128.0,7.409095794261032e-12
7129.0,4.423337985314625e-06
7130.0,7.499214237540329e-12
7131.0,9.808853321853864e-10
7132.0,2.300377563819905e-10
7133.0,5.447593825754057e-08
7134.0,4.477681358920053e-08
7135.0,2.4368468637012742e-09
7136.0,7.075554996346301e-13
7137.0,1.5842717638820688e-09
7138.0,6.798538769121094e-10
7139.0,2.9231083329048406e-11
7140.0,1.5641095052202794e-08
7141.0,2.357334287950946e-11
7142.0,1.9591706645247915e-08
7143.0,2.5695694508809636e-09
7144.0,2.0325814903994113e-10
7145.0,6.605671219608859e-09
7146.0,2.021253841089936e-10
7147.0,9.767428402548487e-10
7148.0,2.68930136283815e-13
7149.0,3.579175062224973e-14
7150.0,3.4934734264867516e-10
7151.0,4.595679534401261e-12
7152.0,2.7857250571970995e-11
7153.0,4.10023729136248e-11
7154.0,9.461245972166488e-12
7155.0,8.299541614654451e-11
7156.0,6.466940283740069e-11
7157.0,1.2429314154367913e-10
7158.0,4.512748262756135e-12
7159.0,6.037049761326164e-08
7160.0,1.503834677895528e-06
7161.0,3.367002367802592e-08
7162.0,4.55867743260688e-11
7163.0,5.0442490526307395e-14
7164.0,4.815505354665617e-10
7165.0,3.3232154683215255e-09
7166.0,5.179494451932233e-12
7167.0,1.2634316993594536e-08
7168.0,7.434121502522391e-06
7169.0,7.443793822465969e-05
7170.0,4.948515202576649e-13
7171.0,8.091490601534584e-09
7172.0,1.1236564950135423e-11
7173.0,2.5492749917996525e-09
7174.0,3.704043520134376e-10
7175.0,9.583102490909481e-08
7176.0,8.163593146607722e-09
7177.0,1.1013069647522314e-07
7178.0,4.261186327252159e-09
7179.0,4.893635013893252e-14
7180.0,2.159392191436564e-06
7181.0,3.8976313328313454e-14
7182.0,1.0203503228660409e-07
7183.0,6.34220917006266e-11
7184.0,3.2540484378969417e-09
7185.0,1.986878980177335e-06
7186.0,9.186776797336545e-13
7187.0,1.751838801542066e-09
7188.0,1.5962131548737106e-08
7189.0,4.7279986316510865e-09
7190.0,3.9871136364352584e-11
7191.0,6.878249732890501e-09
7192.0,3.946367349613677e-10
7193.0,2.522911679306198e-09
7194.0,2.9000200533052e-10
7195.0,6.349080245399024e-10
7196.0,3.774311132874583e-09
7197.0,2.861988336949823e-09
7198.0,8.588124722227863e-12
7199.0,1.6867297147406034e-11
7200.0,9.094283898187214e-10
7201.0,1.7042204925815297e-07
7202.0,4.1714442826908154e-12
7203.0,3.990392026609846e-09
7204.0,9.764908401467743e-09
7205.0,5.777271240031987e-12
7206.0,1.7843657017728571e-09
7207.0,3.240189384340474e-10
7208.0,6.769465104735013e-09
7209.0,7.936188029899715e-11
7210.0,4.063733831541006e-12
7211.0,1.9150538475632623e-11
7212.0,1.3580429757401918e-07
7213.0,4.192925194731404e-12
7214.0,3.006139090123798e-12
7215.0,1.3367517655302244e-11
7216.0,2.22916269210899e-09
7217.0,7.578410538591848e-10
7218.0,2.3080028685614713e-09
7219.0,1.2988887858853532e-10
7220.0,9.01297560994079e-10
7221.0,2.52743155436061e-07
7222.0,1.554176389700863e-08
7223.0,9.156722829946548e-12
7224.0,9.682653355586422e-13
7225.0,1.3308784975686545e-11
7226.0,4.134115227989727e-10
7227.0,4.9576770809647855e-12
7228.0,5.025722430565711e-09
7229.0,6.813248432128309e-13
7230.0,6.257061622425921e-10
7231.0,1.0783946767787902e-08
7232.0,1.8889143264189352e-08
7233.0,3.535784682066844e-11
7234.0,1.6157306282042584e-10
7235.0,3.952949829920814e-14
7236.0,3.115026390344877e-07
7237.0,1.256262572512057e-08
7238.0,8.044880629925634e-11
7239.0,1.369322330205058e-11
7240.0,1.0602282253430948e-08
7241.0,5.212012804714615e-12
7242.0,5.294035438602673e-07
7243.0,2.4693229060162817e-10
7244.0,6.510778693034104e-11
7245.0,1.0007767725407414e-06
7246.0,3.8416336876301763e-11
7247.0,1.0261189259128984e-08
7248.0,5.055405163497269e-13
7249.0,1.200746601644373e-10
7250.0,8.980829230454197e-12
7251.0,9.047462995266071e-10
7252.0,5.324642261463115e-09
7253.0,7.665450279729942e-10
7254.0,1.58300096094856e-06
7255.0,1.574322049119207e-10
7256.0,3.783869526009356e-09
7257.0,4.032755671002174e-09
7258.0,4.485766391852562e-08
7259.0,5.841645620415716e-09
7260.0,2.6584230609685315e-11
7261.0,2.0320957977967546e-10
7262.0,2.0269813093809775e-09
7263.0,1.9973501123278478e-09
7264.0,3.0254814121755306e-09
7265.0,1.3875970381755933e-09
7266.0,3.782103678251853e-06
7267.0,4.054761957016133e-12
7268.0,7.415552125468865e-12
7269.0,1.9379340945648093e-08
7270.0,1.1482331410449958e-12
7271.0,8.755442870585483e-11
7272.0,1.1874259312117763e-10
7273.0,2.942245572168292e-09
7274.0,4.338569297287583e-09
7275.0,4.524239785404329e-09
7276.0,2.953046908312773e-08
7277.0,9.625387939363627e-12
7278.0,2.0107620218575297e-09
7279.0,7.804885540249292e-11
7280.0,5.3955848349666405e-08
7281.0,1.291974051429098e-09
7282.0,1.3775987649818038e-10
7283.0,2.0612062215677296e-09
7284.0,2.438363472276513e-12
7285.0,3.1884982165448754e-11
7286.0,3.476798852915155e-10
7287.0,6.919176973918853e-09
7288.0,1.3035001140211141e-08
7289.0,8.896870241378585e-10
7290.0,6.206559885282325e-10
7291.0,7.612373150191914e-11
7292.0,5.04100608062259e-12
7293.0,2.974254634455092e-11
7294.0,1.0815270782062273e-13
7295.0,2.7532586544335304e-08
7296.0,1.3667449174643007e-14
7297.0,1.0267571938534207e-07
7298.0,3.7218034605448786e-09
7299.0,3.466659992466344e-09
7300.0,1.3147861709943093e-11
7301.0,5.4217919653086725e-09
7302.0,9.65829014280633e-14
7303.0,4.887670734363779e-07
7304.0,2.1110831577857336e-09
7305.0,1.2101462392522845e-12
7306.0,3.1128854484392125e-09
7307.0,1.8979931260304608e-11
7308.0,3.913625949277197e-07
7309.0,8.61522530168008e-11
7310.0,1.5001672210244438e-10
7311.0,9.096148713064708e-11
7312.0,5.194412414718213e-08
7313.0,2.7960787644747962e-11
7314.0,3.9385442849431195e-10
7315.0,6.378831494377385e-14
7316.0,1.6898769337761942e-09
7317.0,2.7245227747837865e-08
7318.0,2.547231866994025e-08
7319.0,3.173720798615578e-10
7320.0,2.761723656913552e-10
7321.0,1.9160479086223644e-09
7322.0,8.091366419020033e-09
7323.0,5.073858753339199e-11
7324.0,1.009040426625544e-13
7325.0,2.2280560933999028e-10
7326.0,3.3940133655721133e-10
7327.0,2.879605204796906e-09
7328.0,5.059104585258106e-10
7329.0,2.799594350055801e-08
7330.0,5.415898932769938e-09
7331.0,1.984931182541938e-08
7332.0,6.094818975257475e-11
7333.0,3.283030939784578e-11
7334.0,2.796360584173102e-11
7335.0,2.1118223339172956e-10
7336.0,1.7286909955751918e-08
7337.0,3.9031571827084744e-10
7338.0,1.9853482592767556e-07
7339.0,1.1072426200140416e-10
7340.0,2.713290438561462e-10
7341.0,2.280045237617748e-09
7342.0,9.011537970959216e-10
7343.0,6.139183076760944e-09
7344.0,1.1768152568918435e-11
7345.0,3.3658157852836155e-11
7346.0,1.6016448694155908e-12
7347.0,4.904895578432341e-10
7348.0,4.060762342315284e-10
7349.0,2.849239813845038e-12
7350.0,2.233794192394586e-10
7351.0,7.265807361225984e-09
7352.0,7.970757125378506e-11
7353.0,1.326628951469211e-07
7354.0,1.0118599467698795e-08
7355.0,1.9633196315166836e-09
7356.0,2.8682615955200543e-12
7357.0,1.8652357190665913e-12
7358.0,7.588298024149277e-08
7359.0,3.651908680722782e-09
7360.0,3.398596971724382e-09
7361.0,1.2270481343063763e-07
7362.0,3.652428176990631e-09
7363.0,1.1446000633969458e-10
7364.0,9.626064216054946e-11
7365.0,4.4721004677345926e-08
7366.0,1.3327006926974864e-10
7367.0,7.236085504237985e-09
7368.0,5.1397442222257735e-09
7369.0,1.0758947895137931e-11
7370.0,7.299286595999984e-12
7371.0,3.239345364567446e-08
7372.0,1.2516318227879678e-09
7373.0,6.35912010605046e-12
7374.0,1.3243397937852593e-08
7375.0,3.411156687074522e-10
7376.0,9.378820239202649e-11
7377.0,2.181062016090998e-08
7378.0,1.0091608277985737e-11
7379.0,1.111669554269923e-10
7380.0,1.7672527520986603e-12
7381.0,1.2711972171482653e-11
7382.0,4.106821870240628e-11
7383.0,2.712085542005122e-08
7384.0,1.0437398576342601e-07
7385.0,2.1835400807760343e-08
7386.0,1.4636664798605618e-10
7387.0,2.2795271209631315e-10
7388.0,3.2681922363106303e-12
7389.0,3.650089167966676e-10
7390.0,8.583399767386444e-10
7391.0,2.484511536129937e-13
7392.0,4.4322958830435837e-11
7393.0,1.1817940550743316e-09
7394.0,1.015921322410525e-10
7395.0,9.313444615999561e-08
7396.0,1.807253591017042e-10
7397.0,5.491103424166009e-10
7398.0,5.437273614010677e-10
7399.0,1.5312430535258093e-11
7400.0,2.1014101842553666e-09
7401.0,6.0447235150298495e-09
7402.0,1.0691432107221987e-11
7403.0,2.6425484802895352e-11
7404.0,2.9928257387437656e-11
7405.0,1.7351055444310325e-12
7406.0,5.179295620183496e-10
7407.0,1.8701033468820226e-13
7408.0,1.1117404821923298e-06
7409.0,1.1509897072434506e-08
7410.0,4.931762423021259e-09
7411.0,5.379926712664065e-10
7412.0,9.347843604474757e-12
7413.0,3.415044086476805e-11
7414.0,7.023087510401476e-10
7415.0,6.025008141855427e-10
7416.0,4.796486900308982e-07
7417.0,2.14135148893385e-09
7418.0,2.1331018333869762e-11
7419.0,4.0810510612022714e-10
7420.0,1.7589979971629704e-11
7421.0,1.9227213724262295e-11
7422.0,1.509574023210501e-12
7423.0,2.839627640059824e-10
7424.0,1.198066838097596e-10
7425.0,3.0159629943226687e-09
7426.0,4.849485179827687e-11
7427.0,2.0755272864093487e-07
7428.0,4.567332399061499e-12
7429.0,3.929158263005993e-12
7430.0,0.00010618211643668253
7431.0,1.2694601923274915e-10
7432.0,3.2761334442207743e-12
7433.0,1.2804630469778354e-12
7434.0,7.355851839524617e-07
7435.0,7.80247458287744e-10
7436.0,1.9829947064184273e-12
7437.0,1.2280881184787337e-08
7438.0,1.0374923165552161e-11
7439.0,1.4620811457747644e-10
7440.0,2.085303698443298e-09
7441.0,7.073050325158017e-14
7442.0,1.813366309212691e-08
7443.0,1.2721557483144185e-09
7444.0,2.754696856948347e-09
7445.0,2.0223394318191165e-06
7446.0,7.524973590636692e-12
7447.0,1.7236029079129736e-12
7448.0,1.1003890717095207e-09
7449.0,6.604732797755077e-07
7450.0,3.4172581778058163e-10
7451.0,9.048838525533655e-07
7452.0,1.5257047172408606e-12
7453.0,9.423588785082489e-10
7454.0,2.404918801286843e-12
7455.0,1.6308084150561152e-12
7456.0,2.2558954052655432e-10
7457.0,5.589292796114945e-08
7458.0,1.1680009511563764e-08
7459.0,2.3431825520949287e-14
7460.0,1.5461459186714364e-08
7461.0,6.833604414118196e-06
7462.0,2.618612958720565e-11
7463.0,3.15461132040797e-09
7464.0,2.1418557534776823e-10
7465.0,1.1558006988235794e-10
7466.0,8.857031720049304e-09
7467.0,1.8523247492764626e-09
7468.0,5.9364101386271316e-12
7469.0,7.851252325296809e-11
7470.0,4.244870498029573e-07
7471.0,7.337804434757658e-09
7472.0,4.3968977746926334e-09
7473.0,2.1083070467982786e-14
7474.0,6.797942361565862e-08
7475.0,3.1283016394011105e-07
7476.0,1.3124049514620486e-12
7477.0,5.800023662836586e-12
7478.0,9.083649422446986e-14
7479.0,1.1919691883292553e-08
7480.0,1.16906930766605e-09
7481.0,3.1906334845338886e-09
7482.0,4.185588129456346e-09
7483.0,1.938555526922923e-14
7484.0,5.513942379059696e-10
7485.0,1.781416173955918e-08
7486.0,1.154563058657642e-12
7487.0,9.330321083759595e-11
7488.0,1.8662988802786834e-12
7489.0,1.7956500756337876e-06
7490.0,1.2530430506815384e-05
7491.0,1.2785343133860134e-08
7492.0,2.4493943665847024e-10
7493.0,5.607698376137579e-09
7494.0,7.172703070723743e-12
7495.0,3.3764181797520907e-06
7496.0,7.076769999690149e-11
7497.0,1.6830694342005103e-07
7498.0,5.284290099845354e-10
7499.0,8.526507798369706e-08
7500.0,2.0619556670930958e-10
7501.0,5.860925628250889e-09
7502.0,3.5361676252352176e-11
7503.0,5.850194381414098e-10
7504.0,2.319458041165521e-11
7505.0,5.52395917348604e-09
7506.0,3.94006235575549e-11
7507.0,9.08907393004546e-11
7508.0,7.839696803168162e-09
7509.0,2.0357662402983187e-12
7510.0,1.2813619026747094e-08
7511.0,1.419975982289933e-08
7512.0,3.6324478853134114e-08
7513.0,5.421777792261074e-12
7514.0,3.3770703402642313e-12
7515.0,1.1795748447007615e-09
7516.0,2.6536781743683383e-10
7517.0,1.0182271522875362e-07
7518.0,2.8551078654922105e-09
7519.0,3.2189838757635125e-10
7520.0,6.901832429796734e-10
7521.0,1.2318769498040906e-08
7522.0,1.103011090689594e-08
7523.0,8.976002285200051e-08
7524.0,3.1332570514622455e-12
7525.0,3.742697133853553e-08
7526.0,8.803724439874153e-10
7527.0,7.212258190693687e-10
7528.0,1.8588751781267006e-12
7529.0,1.1433700063941101e-07
7530.0,1.5461899047125867e-09
7531.0,2.3140351220894007e-11
7532.0,1.3919476795062064e-09
7533.0,2.486697686573553e-09
7534.0,4.581435288678003e-11
7535.0,2.533484081687479e-07
7536.0,5.47872913299321e-12
7537.0,3.2606744005490164e-11
7538.0,7.512716363423343e-10
7539.0,2.253544564412943e-12
7540.0,1.2492951983394881e-08
7541.0,3.3170720756407076e-08
7542.0,1.4095573723868787e-13
7543.0,2.177474703759318e-13
7544.0,1.150367062109578e-12
7545.0,1.7600814130225642e-11
7546.0,1.2603353405159473e-10
7547.0,4.727008688253578e-09
7548.0,4.5985229161852414e-08
7549.0,4.677368473732348e-10
7550.0,7.636806631250144e-09
7551.0,7.900145923908189e-12
7552.0,1.188278268784838e-07
7553.0,1.3468028875905588e-10
7554.0,2.5092270891590312e-12
7555.0,3.7723664451954855e-11
7556.0,1.2183514890622384e-09
7557.0,1.982606934595347e-08
7558.0,1.4354609801330977e-10
7559.0,6.1824301413834905e-09
7560.0,1.3663682754746488e-09
7561.0,1.1995871740065725e-08
7562.0,1.5773411559170413e-09
7563.0,1.3191788603487213e-10
7564.0,4.045253678335107e-09
7565.0,8.814664120240428e-08
7566.0,1.0567292271452705e-12
7567.0,9.746491724125698e-12
7568.0,4.937203609077484e-10
7569.0,1.140983710098022e-10
7570.0,1.350346185057439e-09
7571.0,2.25492956602659e-08
7572.0,5.919434063183429e-11
7573.0,4.198347083860123e-09
7574.0,1.4417258464551347e-10
7575.0,2.1301955982484994e-09
7576.0,1.927362491140623e-11
7577.0,5.5536017439313225e-09
7578.0,1.1502113500529725e-12
7579.0,1.110726848745551e-08
7580.0,1.7250762915575324e-06
7581.0,3.361755309372848e-09
7582.0,3.5239699990448785e-10
7583.0,1.5996297866184992e-09
7584.0,7.227568698297289e-08
7585.0,2.3984268118830913e-10
7586.0,1.536685846379308e-10
7587.0,1.0379367970256628e-12
7588.0,3.745325866694722e-12
7589.0,4.8727293714316966e-11
7590.0,7.348940830071998e-09
7591.0,6.761825884407437e-08
7592.0,3.250856184744849e-08
7593.0,3.5549795102713467e-08
7594.0,0.00011908979124681342
7595.0,9.256876164379627e-10
7596.0,4.173133637914547e-08
7597.0,2.5480486547314508e-08
7598.0,1.1961598446764467e-12
7599.0,2.4591971199655557e-10
7600.0,4.028970961400399e-10
7601.0,2.887528484457449e-08
7602.0,3.4850289485636335e-08
7603.0,1.5428241716392524e-11
7604.0,2.0661677241090725e-12
7605.0,3.103839318710064e-11
7606.0,5.8994956037029456e-09
7607.0,1.2684623136041475e-09
7608.0,4.528416994834903e-11
7609.0,9.55709616881044e-11
7610.0,1.1620806148199015e-08
7611.0,4.0267561466123564e-12
7612.0,1.3910324611498934e-11
7613.0,1.5840040788123537e-06
7614.0,4.314736292277691e-11
7615.0,8.564293591527874e-11
7616.0,3.1675734394523714e-08
7617.0,1.1879893193963823e-08
7618.0,1.1209137831899965e-06
7619.0,6.956672958909631e-14
7620.0,7.851957121004319e-08
7621.0,8.408279444131798e-08
7622.0,3.634512995456544e-09
7623.0,2.4680288886126506e-13
7624.0,4.1549843307011645e-12
7625.0,2.1334897521259914e-11
7626.0,3.295523550068375e-09
7627.0,1.9219939216230273e-08
7628.0,1.5031995347057946e-08
7629.0,1.6486398039632114e-11
7630.0,7.821226951802936e-11
7631.0,1.3424733467345423e-08
7632.0,1.3110061005196715e-13
7633.0,6.888454940427698e-11
7634.0,6.2368292513827085e-12
7635.0,1.5319144094975783e-09
7636.0,1.4826111906342847e-11
7637.0,1.3527152727143869e-06
7638.0,6.859120310600398e-10
7639.0,1.0443215872892464e-11
7640.0,7.438844480817221e-10
7641.0,4.812670555173359e-09
7642.0,3.14930247614054e-11
7643.0,3.1167938385252017e-10
7644.0,5.4470787574972096e-09
7645.0,1.642048545457184e-12
7646.0,5.317953181911765e-10
7647.0,1.1160984347652239e-09
7648.0,3.2545682449700846e-08
7649.0,1.7545836513532607e-07
7650.0,1.275558948321767e-12
7651.0,6.370370279428232e-11
7652.0,7.537541223156247e-09
7653.0,1.2923880643485426e-10
7654.0,1.665714633588978e-12
7655.0,6.971230930227309e-13
7656.0,3.6243767255796005e-09
7657.0,4.2208566620585626e-11
7658.0,4.877434769854592e-10
7659.0,9.252546208213558e-08
7660.0,4.27568528596006e-10
7661.0,3.1926529233614455e-11
7662.0,7.512955058985869e-10
7663.0,4.4934416476061736e-08
7664.0,1.8188439907308443e-06
7665.0,1.4848467817378055e-13
7666.0,7.340522843959232e-08
7667.0,5.469411083453658e-10
7668.0,1.8423151321453315e-10
7669.0,3.081738012320037e-09
7670.0,7.882891431811604e-10
7671.0,4.054151612560678e-11
7672.0,1.1666763998470157e-07
7673.0,1.6102229488405434e-09
7674.0,1.0310485990575273e-10
7675.0,5.390194564340683e-12
7676.0,1.5909757676355042e-09
7677.0,1.8378966333687737e-07
7678.0,3.64658521131416e-10
7679.0,3.8152188765026576e-09
7680.0,4.237319498305805e-11
7681.0,4.405765130029099e-11
7682.0,1.0455381203231774e-08
7683.0,1.0738632010856423e-11
7684.0,4.1950153179477986e-06
7685.0,2.8237131065294712e-11
7686.0,8.867589425543086e-08
7687.0,1.9548343245276294e-10
7688.0,6.958562809335574e-09
7689.0,8.603655306350132e-14
7690.0,1.0248068807429876e-07
7691.0,3.520789839781373e-11
7692.0,2.052161395974981e-07
7693.0,1.0173770314938494e-09
7694.0,1.1287020415542429e-06
7695.0,2.320613710516768e-10
7696.0,3.746670930337642e-09
7697.0,9.077841323894808e-10
7698.0,3.0472648024176993e-07
7699.0,7.165609467532838e-13
7700.0,6.9586914564159046e-09
7701.0,4.0645409010110375e-10
7702.0,5.345717679838535e-10
7703.0,4.824334969097336e-13
7704.0,1.4240815933095024e-08
7705.0,1.4083262980091077e-11
7706.0,2.846448682636464e-10
7707.0,4.3338686161172696e-08
7708.0,3.293274820076233e-07
7709.0,3.450829738733427e-10
7710.0,3.90636556098868e-12
7711.0,1.9607086202361716e-09
7712.0,1.58281463914587e-11
7713.0,1.3412673710644536e-11
7714.0,6.459565526246204e-14
7715.0,1.5479010097561287e-08
7716.0,1.211091010132376e-08
7717.0,2.3817895189265833e-09
7718.0,1.487261295742416e-09
7719.0,5.6260604634579524e-11
7720.0,4.1520111684924795e-09
7721.0,2.698843174891989e-12
7722.0,1.8211447566714102e-09
7723.0,6.662045175361042e-12
7724.0,1.2723224485596732e-09
7725.0,3.8932775365343766e-10
7726.0,6.831402339520736e-09
7727.0,3.8356434333578166e-10
7728.0,9.88304757537172e-12
7729.0,1.7432603230523852e-08
7730.0,5.103714927290054e-07
7731.0,1.007823075156983e-09
7732.0,2.449301836062721e-10
7733.0,1.5380035499532498e-06
7734.0,4.1013476055861856e-10
7735.0,8.839898672564893e-08
7736.0,2.6826552433663373e-13
7737.0,4.562753018210823e-09
7738.0,3.687820547586328e-10
7739.0,3.3795142340078986e-09
7740.0,1.0253705368597355e-10
7741.0,8.20283699849415e-10
7742.0,2.4705823304098315e-07
7743.0,8.077965153690014e-08
7744.0,1.5371894557267926e-12
7745.0,8.828157750794925e-12
7746.0,6.18283626798726e-10
7747.0,8.576270314577081e-11
7748.0,7.403105916899997e-08
7749.0,5.539868395504213e-11
7750.0,1.248740676449615e-06
7751.0,1.5477547165427974e-10
7752.0,1.5793042654028617e-10
7753.0,2.100829442784621e-10
7754.0,6.802142575677315e-10
7755.0,2.950942876981592e-10
7756.0,1.2619514097443733e-09
7757.0,1.883364344057619e-10
7758.0,2.258485105931116e-12
7759.0,2.2715056017751064e-09
7760.0,1.458556590289417e-11
7761.0,2.4204954918507836e-09
7762.0,1.2256306698104498e-09
7763.0,9.292179535801735e-11
7764.0,9.355922728777895e-11
7765.0,7.47292165804186e-14
7766.0,2.1283508055068586e-08
7767.0,1.4608084098752324e-09
7768.0,3.630974165479198e-08
7769.0,1.813120147032235e-09
7770.0,1.4955620686154482e-10
7771.0,2.2322432813166613e-09
7772.0,1.228725263885112e-10
7773.0,1.5176415452694287e-08
7774.0,2.099244970905605e-07
7775.0,1.1487528741083357e-10
7776.0,3.9307868588720775e-09
7777.0,1.9077192575325595e-11
7778.0,3.031017146257771e-11
7779.0,4.812793284751173e-11
7780.0,1.44156471536814e-13
7781.0,9.917315128858834e-09
7782.0,8.481962251048462e-06
7783.0,3.332647769484223e-11
7784.0,1.2773557907885203e-09
7785.0,1.0019929534712648e-08
7786.0,3.3215540398839834e-11
7787.0,2.7429891360702717e-12
7788.0,3.966158128328111e-12
7789.0,3.3049067354085183e-12
7790.0,1.812121800576976e-07
7791.0,1.3089926959819646e-10
7792.0,1.4166656006055809e-08
7793.0,7.10240335870474e-11
7794.0,1.2527235897393342e-11
7795.0,2.0994686403462737e-09
7796.0,2.554988203667232e-08
7797.0,3.0067983024939e-10
7798.0,2.2361294590461766e-11
7799.0,5.095569269235732e-13
7800.0,7.962447397422513e-08
7801.0,7.226674597464538e-11
7802.0,8.693124936995243e-11
7803.0,2.188745241888348e-12
7804.0,4.758314903830312e-08
7805.0,6.341296389696463e-10
7806.0,1.713748177562244e-09
7807.0,9.502996348152461e-11
7808.0,1.9754396407536385e-09
7809.0,6.137921294364909e-12
7810.0,1.273133789408649e-10
7811.0,1.1847684705550686e-12
7812.0,1.6958736191058475e-07
7813.0,1.1818926672538193e-11
7814.0,1.5565389631249713e-12
7815.0,2.2660291141291165e-15
7816.0,6.571853814472196e-07
7817.0,1.3060204052631542e-05
7818.0,1.5363131435134264e-06
7819.0,2.753080412443858e-11
7820.0,8.083985208333656e-08
7821.0,2.8507413050901136e-08
7822.0,2.003599222201649e-09
7823.0,2.3274896403715102e-05
7824.0,1.6802017919309168e-10
7825.0,2.1953895135920108e-10
7826.0,1.8640086999303063e-11
7827.0,2.278078227715414e-10
7828.0,3.2680923364899317e-13
7829.0,5.607685628800957e-07
7830.0,2.6095266539437676e-08
7831.0,2.676973407325269e-12
7832.0,1.2241454444712609e-08
7833.0,6.783482084616915e-10
7834.0,2.167795454568297e-11
7835.0,1.1917223258008593e-09
7836.0,3.8961655045726065e-12
7837.0,3.486955375984717e-11
7838.0,3.1573240945601928e-09
7839.0,2.413752557181658e-09
7840.0,1.0655814038947146e-08
7841.0,1.7059394718548264e-08
7842.0,1.6882254151523501e-10
7843.0,1.797606844510825e-09
7844.0,4.138580819641514e-12
7845.0,2.035562480946852e-07
7846.0,1.2259346660790405e-09
7847.0,2.1745605657484586e-09
7848.0,6.4995491375310245e-12
7849.0,6.287452535820188e-09
7850.0,6.190304749534408e-13
7851.0,9.3195472304228e-13
7852.0,3.226342031607285e-09
7853.0,8.286631022090653e-10
7854.0,3.117772317243187e-11
7855.0,8.722136333332634e-10
7856.0,5.338101122136003e-11
7857.0,1.3630023715857877e-09
7858.0,2.324720500721728e-11
7859.0,1.7798147109124376e-07
7860.0,1.0102344393342857e-07
7861.0,1.6169018481722574e-12
7862.0,1.7150024721128715e-11
7863.0,0.00046429549686937977
7864.0,2.6192206251366742e-11
7865.0,3.4892344795531574e-05
7866.0,8.384590209724871e-10
7867.0,1.2703909669454725e-08
7868.0,5.593077661350107e-10
7869.0,1.0393486767479506e-11
7870.0,3.232506691728052e-08
7871.0,3.0194045719290725e-10
7872.0,2.8643254207956103e-13
7873.0,1.4089887743713246e-11
7874.0,5.407171850925705e-12
7875.0,1.865726106001651e-08
7876.0,1.985910346048672e-14
7877.0,0.0009692757479713321
7878.0,5.546673064878774e-11
7879.0,5.377877410105038e-10
7880.0,8.885362231056613e-10
7881.0,9.0725901953153e-11
7882.0,4.833415209417829e-12
7883.0,1.6006745619927417e-10
7884.0,2.2472639613128957e-08
7885.0,6.440398333881266e-11
7886.0,2.854971940523638e-08
7887.0,4.3601121193256997e-10
7888.0,3.181119973618681e-09
7889.0,1.2196298567804235e-11
7890.0,1.3400729562096089e-09
7891.0,3.035771556431306e-09
7892.0,2.420902637643387e-14
7893.0,6.857153678516883e-11
7894.0,9.248878615730608e-09
7895.0,2.771797397461808e-11
7896.0,2.2801103993128005e-08
7897.0,2.012922390825259e-08
7898.0,9.094400265909098e-12
7899.0,1.7650335464929614e-09
7900.0,2.3020654647718287e-11
7901.0,9.689335488279964e-07
7902.0,4.234826348488959e-08
7903.0,9.359665506172284e-07
7904.0,3.2534404290803674e-06
7905.0,2.3854786848685534e-07
7906.0,1.6121951381766304e-09
7907.0,4.786943046616184e-10
7908.0,7.946388965565874e-09
7909.0,2.709450623435191e-11
7910.0,7.060302543693372e-10
7911.0,1.0281339699460619e-11
7912.0,5.195530022785165e-10
7913.0,6.9318403031593006e-09
7914.0,9.306240210584781e-12
7915.0,2.117414762015117e-09
7916.0,1.2436097857123598e-11
7917.0,1.4632376795030382e-09
7918.0,1.4688201810165e-11
7919.0,1.3682117991970961e-11
7920.0,2.195319212741924e-09
7921.0,6.20690728087819e-06
7922.0,1.0228816064550013e-09
7923.0,7.17228737654298e-11
7924.0,9.82512163921525e-09
7925.0,1.270483367545186e-09
7926.0,2.0714653416214855e-10
7927.0,2.9803682380807907e-10
7928.0,6.474570946553056e-08
7929.0,4.6773034629630476e-08
7930.0,8.948489821176625e-10
7931.0,1.676501553723572e-11
7932.0,5.145788219507573e-09
7933.0,1.8099296370627253e-09
7934.0,2.897284042127169e-12
7935.0,3.089886569641709e-09
7936.0,2.899587955820749e-12
7937.0,1.3637614147650677e-09
7938.0,1.3033478700488307e-08
7939.0,1.3054807470969234e-10
7940.0,3.729828419752782e-09
7941.0,4.6240698307426353e-10
7942.0,0.002741983284624213
7943.0,0.0024865747692408902
7944.0,1.89676110827093e-06
7945.0,3.302800254207623e-06
7946.0,1.8783047304619387e-12
7947.0,1.5238036368193294e-12
7948.0,1.7283965577058107e-10
7949.0,3.038983604958509e-11
7950.0,2.2759735515909623e-11
7951.0,2.1613160900167297e-10
7952.0,3.352315742912578e-10
7953.0,2.2043455740410998e-10
7954.0,6.566929933442493e-07
7955.0,3.4451259015589967e-12
7956.0,3.4464067192997117e-14
7957.0,4.204500376293888e-14
7958.0,8.443708386076731e-13
7959.0,3.5902621319468855e-13
7960.0,8.490097337199292e-11
7961.0,1.392572199382497e-09
7962.0,1.6819445346853056e-08
7963.0,8.868311567016436e-10
7964.0,1.5263064495417884e-10
7965.0,1.702294961323868e-08
7966.0,9.589735033205647e-07
7967.0,1.247810347157221e-09
7968.0,1.3476309483729902e-09
7969.0,1.7860766647168866e-10
7970.0,1.212622765682186e-13
7971.0,4.017228203439272e-07
7972.0,2.7889117405492367e-09
7973.0,1.1585113346077969e-10
7974.0,3.771547892561995e-12
7975.0,2.1163989317548164e-09
7976.0,1.8646016281390343e-09
7977.0,7.257599902842644e-08
7978.0,3.381061823281829e-11
7979.0,1.5140745412076067e-07
7980.0,5.813354011142487e-10
7981.0,4.979640280258492e-10
7982.0,3.595356705657628e-09
7983.0,1.0173111713461556e-08
7984.0,3.275910797803084e-11
7985.0,7.249137777701451e-11
7986.0,2.871288192087232e-11
7987.0,4.378719932087389e-08
7988.0,1.8189720055570411e-09
7989.0,5.58295587093443e-07
7990.0,3.676828535884777e-15
7991.0,4.255967731105218e-09
7992.0,2.2596364524673538e-10
7993.0,2.9969922209513424e-10
7994.0,4.782591817532299e-09
7995.0,6.213718601069743e-10
7996.0,3.49342511444466e-09
7997.0,1.1948406093900296e-07
7998.0,1.3701895340512285e-12
7999.0,7.959036583981199e-11
8000.0,4.4892145356703647e-07
8001.0,2.290639645968971e-06
8002.0,4.997909710196586e-07
8003.0,1.0785965871098536e-10
8004.0,4.300199055936388e-09
8005.0,3.360716068677438e-09
8006.0,7.902377420929436e-12
8007.0,2.05068261769521e-08
8008.0,1.9696691138739366e-08
8009.0,1.0865304677384533e-12
8010.0,2.5391584702854903e-10
8011.0,5.11535992897557e-12
8012.0,1.6895264281108715e-10
8013.0,6.734030117369545e-10
8014.0,3.2143854568822174e-11
8015.0,1.5636957868394095e-10
8016.0,3.951742738906093e-12
8017.0,1.3735661702090974e-11
8018.0,2.0043856734003514e-11
8019.0,1.7645630632660563e-10
8020.0,4.294215622580208e-12
8021.0,8.655257592649852e-12
8022.0,1.1416488059006663e-06
8023.0,1.176374705476243e-08
8024.0,2.4920404683423104e-11
8025.0,1.4471287596458274e-11
8026.0,3.80774999190993e-09
8027.0,3.179376019122587e-11
8028.0,9.179337371249027e-13
8029.0,1.631950436232105e-13
8030.0,9.105935717064445e-06
8031.0,1.319376824828767e-11
8032.0,1.4948906689746205e-08
8033.0,6.005599218207761e-10
8034.0,4.573843232780737e-11
8035.0,5.903874758274157e-11
8036.0,9.567342763072476e-11
8037.0,2.4888401048420363e-11
8038.0,7.234846263168369e-10
8039.0,1.0083334663708442e-11
8040.0,2.1845967709930402e-14
8041.0,2.9183179371260525e-07
8042.0,9.237182700170696e-12
8043.0,1.3517004685837607e-05
8044.0,6.802721596980124e-11
8045.0,3.7549369917863135e-05
8046.0,9.616006219287233e-09
8047.0,9.069600176565502e-12
8048.0,3.4291425228489626e-10
8049.0,8.656260700393139e-10
8050.0,6.037657445039261e-10
8051.0,5.349444063447315e-05
8052.0,1.9657114102570656e-08
8053.0,5.228473289148653e-07
8054.0,3.1890888015893196e-10
8055.0,2.414006921349701e-11
8056.0,1.0293688427506938e-08
8057.0,1.223836283299025e-07
8058.0,2.5495288379237624e-11
8059.0,3.799377307859798e-08
8060.0,2.5743090477840043e-09
8061.0,2.5980857264113016e-11
8062.0,1.2482092720731069e-08
8063.0,2.5981595810321073e-10
8064.0,1.808779087996967e-09
8065.0,7.688896688331642e-07
8066.0,2.6594266190180774e-11
8067.0,1.2669081734365047e-09
8068.0,7.964733282712725e-12
8069.0,3.9044021067892297e-10
8070.0,2.6448466838936933e-11
8071.0,2.9198108964031764e-11
8072.0,2.1408623829776873e-07
8073.0,1.4213700918918573e-10
8074.0,4.632765422191721e-12
8075.0,2.6317979069025562e-14
8076.0,5.5378740955481815e-11
8077.0,2.0910004683505655e-11
8078.0,1.1362718365899247e-07
8079.0,1.714788980435752e-14
8080.0,1.1489266555244378e-10
8081.0,1.6823725829811794e-09
8082.0,2.573746383733864e-09
8083.0,1.1222072068406029e-13
8084.0,3.0395740607915046e-12
8085.0,9.772469177967499e-10
8086.0,7.265075890943621e-09
8087.0,8.219794318824513e-11
8088.0,1.3918144998228894e-11
8089.0,6.861505264378083e-08
8090.0,2.719329902103029e-10
8091.0,1.1407219648325495e-12
8092.0,7.124798161359293e-08
8093.0,5.345685187857989e-10
8094.0,5.561249285107359e-09
8095.0,8.09312023839301e-12
8096.0,5.763549681658282e-10
8097.0,2.7547248467863003e-10
8098.0,7.942305582053483e-12
8099.0,1.3459764512549186e-09
8100.0,1.569447139282117e-08
8101.0,3.4222407737071442e-09
8102.0,4.1697908006010045e-11
8103.0,1.2753527855094471e-09
8104.0,1.2952228710583245e-07
8105.0,1.404640550246068e-10
8106.0,8.292709753848874e-10
8107.0,3.535467490096769e-12
8108.0,1.0105130820248631e-10
8109.0,1.5733810169023485e-08
8110.0,9.646718898150949e-09
8111.0,4.368289889184398e-05
8112.0,2.714732278717258e-10
8113.0,1.5330204912143957e-11
8114.0,1.202074003115845e-10
8115.0,9.718765969609072e-09
8116.0,1.166019843297535e-12
8117.0,1.538579519764018e-12
8118.0,2.9123879791194836e-08
8119.0,2.343740350182799e-10
8120.0,1.5602713767769069e-13
8121.0,5.432173497950047e-11
8122.0,3.486341339350387e-11
8123.0,2.59868193764232e-08
8124.0,2.293072380014219e-08
8125.0,3.958855653637527e-10
8126.0,3.4557380541164906e-11
8127.0,3.047200178248559e-11
8128.0,3.847834399225464e-12
8129.0,3.994843206492962e-13
8130.0,1.1686456702563406e-11
8131.0,1.4080765123979688e-08
8132.0,3.045281053782179e-08
8133.0,4.5705210755796385e-09
8134.0,6.458740406392705e-13
8135.0,8.618107913804199e-13
8136.0,6.965797805958077e-08
8137.0,2.0432220560129602e-10
8138.0,6.390021905279553e-12
8139.0,5.606060632408706e-09
8140.0,3.5507926401587944e-07
8141.0,5.999383224816264e-08
8142.0,2.165820483492572e-08
8143.0,1.0941277021667868e-07
8144.0,1.5544997103267015e-07
8145.0,3.560924809136413e-10
8146.0,6.3575966321390065e-12
8147.0,2.419290213842666e-06
8148.0,8.722079564607413e-05
8149.0,1.9099257351272082e-06
8150.0,2.1437074163088936e-06
8151.0,3.847966335289323e-11
8152.0,3.3829137125049934e-11
8153.0,8.605042765099934e-08
8154.0,4.577489039029614e-06
8155.0,5.200411401802687e-10
8156.0,8.15834076635441e-07
8157.0,1.938949911007171e-11
8158.0,4.3667086073487004e-11
8159.0,7.1986739017126914e-09
8160.0,7.241001495131643e-09
8161.0,3.4234653683159254e-09
8162.0,4.3941267089176804e-11
8163.0,1.9257751193288947e-10
8164.0,5.414477063990518e-13
8165.0,3.392535127599651e-10
8166.0,5.149997484626881e-08
8167.0,3.6922727134477583e-09
8168.0,4.964925682825537e-10
8169.0,2.690247133383819e-10
8170.0,1.4680584097781827e-08
8171.0,5.154234118518972e-11
8172.0,1.2253132878941145e-10
8173.0,2.3618730247307332e-09
8174.0,1.858092060914174e-10
8175.0,9.841807107490988e-12
8176.0,5.05782875110306e-10
8177.0,1.0427437130703236e-13
8178.0,1.1732615644059003e-09
8179.0,8.501734658502558e-09
8180.0,3.192407115655836e-10
8181.0,1.5587587557383957e-11
8182.0,2.227000015880018e-09
8183.0,4.802092300203348e-06
8184.0,2.042859815099242e-10
8185.0,9.406168181802327e-11
8186.0,8.706761652574304e-11
8187.0,2.989579711916242e-06
8188.0,1.4066394784694515e-08
8189.0,5.411521918671706e-12
8190.0,7.008957776584008e-13
8191.0,6.993349711345778e-11
8192.0,1.2445091755691316e-14
8193.0,1.869456443897917e-10
8194.0,1.0031021653547598e-11
8195.0,5.809342749639103e-11
8196.0,3.9115716984907353e-10
8197.0,3.422919901972191e-11
8198.0,6.839697508728102e-12
8199.0,2.028467713263532e-10
8200.0,1.5022144869949324e-07
8201.0,1.0575333655370944e-05
8202.0,1.8389069319561074e-09
8203.0,1.8808928986933925e-08
8204.0,5.618629859001884e-12
8205.0,7.705802477934408e-08
8206.0,3.6108870463666605e-09
8207.0,2.3998480313515307e-09
8208.0,0.005470945796284127
8209.0,5.667887572874738e-11
8210.0,4.504911128816941e-10
8211.0,1.3823211984307471e-11
8212.0,2.0571076667452047e-09
8213.0,4.762297362124405e-09
8214.0,6.356417492071699e-07
8215.0,2.120393529339414e-09
8216.0,1.3443013370381482e-08
8217.0,5.652769748234788e-08
8218.0,5.071820938601234e-10
8219.0,6.179545188581885e-09
8220.0,8.938944895128522e-10
8221.0,2.7361045842843036e-09
8222.0,4.33158002514591e-14
8223.0,1.8260891809681003e-09
8224.0,3.1288011521601865e-09
8225.0,1.9379009628733748e-10
8226.0,5.381646360511744e-11
8227.0,3.8728019894162333e-07
8228.0,4.3909132606804294e-12
8229.0,1.7319702502757504e-11
8230.0,3.2719447252347554e-10
8231.0,1.1500301391344394e-08
8232.0,3.057372987539879e-10
8233.0,2.244937585472754e-07
8234.0,9.932457889364164e-09
8235.0,7.612105450600884e-12
8236.0,3.7015798531828917e-07
8237.0,1.8694607189517286e-06
8238.0,9.632905984881947e-10
8239.0,7.648602826264887e-09
8240.0,3.945225271213358e-09
8241.0,6.932486614801147e-08
8242.0,1.9872321177784858e-13
8243.0,5.90323879251498e-09
8244.0,1.5167102243618026e-07
8245.0,6.178217070535746e-11
8246.0,4.589300851785595e-10
8247.0,0.0003164302484571356
8248.0,1.2261229589644926e-08
8249.0,1.957962458045295e-08
8250.0,1.925517367342168e-08
8251.0,8.552495776725095e-08
8252.0,1.7408775595629644e-10
8253.0,1.2861771375628058e-07
8254.0,1.9891116596670106e-12
8255.0,2.4147512697954015e-07
8256.0,9.06627956942648e-08
8257.0,2.811586712660447e-07
8258.0,5.629683465986784e-06
8259.0,3.053130170217052e-12
8260.0,4.1469908769951705e-12
8261.0,1.4476397671428344e-11
8262.0,1.819616592999904e-11
8263.0,7.413761415685879e-10
8264.0,3.918433579695018e-06
8265.0,6.078462169618742e-10
8266.0,5.512571232460676e-13
8267.0,5.324675982083085e-10
8268.0,7.855462572957515e-11
8269.0,6.687713685189085e-10
8270.0,7.2748460410222824e-09
8271.0,7.900283467956282e-10
8272.0,2.8714475135469067e-08
8273.0,7.72995942662911e-09
8274.0,1.4304206054489663e-10
8275.0,9.37963080278e-10
8276.0,1.073740323318705e-13
8277.0,3.370532176900025e-10
8278.0,7.2486390447703326e-09
8279.0,2.934184417431807e-11
8280.0,1.7720567929376085e-11
8281.0,2.63877119038484e-06
8282.0,1.7748622090963919e-10
8283.0,2.5245749923875963e-11
8284.0,5.157466910003671e-08
8285.0,3.414784066041644e-08
8286.0,2.1420196484487446e-13
8287.0,4.644262102573847e-13
8288.0,7.808922339525667e-09
8289.0,1.9956639623679745e-09
8290.0,3.3172972607959185e-13
8291.0,2.2937439626020657e-12
8292.0,7.570569841479503e-09
8293.0,4.416112554315766e-13
8294.0,3.4862587215238927e-10
8295.0,2.33197994748977e-13
8296.0,7.811247006653222e-10
8297.0,3.2628935056656995e-09
8298.0,6.337116357567653e-10
8299.0,7.789270637128914e-07
8300.0,3.44452062631998e-11
8301.0,7.381664986652748e-11
8302.0,8.597837171651306e-10
8303.0,3.5505783752914594e-09
8304.0,2.83543394617794e-10
8305.0,8.070722376794426e-08
8306.0,4.530895344971416e-12
8307.0,7.050145480243134e-12
8308.0,2.5262667942053357e-12
8309.0,8.599042913524708e-12
8310.0,3.214820437982399e-11
8311.0,3.718407628025378e-08
8312.0,8.97918810319081e-10
8313.0,1.0690794453414229e-13
8314.0,1.2633934837710812e-09
8315.0,2.3136401982498775e-10
8316.0,2.6940234855443394e-10
8317.0,2.962301319069474e-11
8318.0,1.4853429708162688e-11
8319.0,2.8521646345485905e-11
8320.0,1.6398025549205755e-09
8321.0,8.624281468265364e-07
8322.0,2.4685812737054308e-08
8323.0,6.161436204229703e-10
8324.0,2.305341522274082e-09
8325.0,4.7584094668421243e-11
8326.0,3.6026718478594304e-10
8327.0,1.722175971460873e-14
8328.0,1.5276801583061033e-05
8329.0,2.158444251065081e-08
8330.0,5.177039120063962e-15
8331.0,1.7510362326017482e-11
8332.0,1.3964447885409053e-13
8333.0,1.1841777482676913e-14
8334.0,1.2337448541893646e-10
8335.0,9.398316776717861e-09
8336.0,3.2127856641159784e-11
8337.0,6.21106075342055e-11
8338.0,1.2507781164378421e-12
8339.0,3.936786697250158e-12
8340.0,2.0146548961375986e-06
8341.0,8.984498225000847e-13
8342.0,1.0791750751253671e-10
8343.0,7.817076212609127e-08
8344.0,3.540334598663544e-10
8345.0,6.073427701367501e-10
8346.0,1.9785431979093373e-10
8347.0,7.465127272272795e-10
8348.0,3.8205679906791166e-11
8349.0,1.9110145468118356e-09
8350.0,3.0220099827071387e-09
8351.0,1.5863416750598297e-15
8352.0,5.8793804481278756e-12
8353.0,2.9561249614705084e-11
8354.0,5.510019895218917e-11
8355.0,6.47520302457197e-13
8356.0,1.3904221640933656e-12
8357.0,5.1468337707067856e-12
8358.0,2.6163807826332155e-07
8359.0,1.345378215474048e-10
8360.0,4.906628209491458e-08
8361.0,6.971256835271209e-10
8362.0,7.063145858519621e-10
8363.0,8.715563457117766e-11
8364.0,7.088619285264816e-09
8365.0,2.8272243248785586e-10
8366.0,1.5896324082093e-08
8367.0,1.6678221276289819e-10
8368.0,5.311227161213804e-10
8369.0,1.060414070707956e-12
8370.0,1.1093637525684796e-10
8371.0,8.388194944116837e-07
8372.0,1.875447034373495e-12
8373.0,6.559363037190154e-09
8374.0,1.3951668555530011e-08
8375.0,1.3742361696696733e-13
8376.0,8.794003175748064e-10
8377.0,7.281588816110085e-09
8378.0,2.718957842748564e-10
8379.0,3.942768606349028e-14
8380.0,1.3262832476347525e-10
8381.0,1.15517989314527e-12
8382.0,5.150287461513596e-07
8383.0,2.9457469011931836e-08
8384.0,1.8981315954823903e-07
8385.0,8.383973529892698e-11
8386.0,4.1579217826674577e-07
8387.0,6.576265820376627e-10
8388.0,2.3645802433058054e-11
8389.0,2.588014137675559e-10
8390.0,2.5237299272863796e-09
8391.0,4.811326039302386e-09
8392.0,1.6025001369612736e-12
8393.0,2.1044527286538205e-10
8394.0,6.366338248274844e-12
8395.0,7.767289086545366e-10
8396.0,8.271294397403723e-11
8397.0,1.526282243041709e-11
8398.0,4.738205919003804e-13
8399.0,1.0701173880205238e-12
8400.0,2.2460758007105193e-10
8401.0,1.1163997668570096e-09
8402.0,1.572282947582679e-11
8403.0,1.600399495538773e-12
8404.0,4.1672083629815557e-10
8405.0,5.26815001804616e-10
8406.0,6.056757333808768e-10
8407.0,2.1986233805955464e-13
8408.0,7.816820431441783e-12
8409.0,1.466207562854778e-10
8410.0,1.1999374693171054e-10
8411.0,2.8477282423306728e-12
8412.0,6.050729871395596e-14
8413.0,1.0166301953781328e-09
8414.0,2.332432253468269e-07
8415.0,1.0429960085895737e-09
8416.0,1.0031730560943614e-09
8417.0,1.7988622114407681e-10
8418.0,5.334164681269878e-10
8419.0,5.162269028053489e-09
8420.0,2.299343696671664e-09
8421.0,8.041060252737029e-10
8422.0,1.655668663676744e-10
8423.0,3.918137262121019e-11
8424.0,4.428870833242214e-07
8425.0,3.065834640583485e-11
8426.0,7.859527989533236e-09
8427.0,1.57948267050195e-09
8428.0,1.3876007158401936e-11
8429.0,1.204023934038843e-08
8430.0,5.402729166268243e-09
8431.0,1.0940875470133231e-10
8432.0,2.2509497398082144e-12
8433.0,1.657779558600748e-08
8434.0,5.734061789838052e-10
8435.0,2.8148794372347992e-11
8436.0,5.749874076067322e-08
8437.0,1.3517770042205794e-09
8438.0,1.056760487889328e-11
8439.0,2.0701960058098823e-14
8440.0,1.0224359301376186e-10
8441.0,4.492681285214212e-11
8442.0,3.3528826024243824e-11
8443.0,1.9070005392635014e-06
8444.0,7.588085331987539e-13
8445.0,2.6094690593991753e-07
8446.0,6.8604490623290384e-09
8447.0,2.543067372005531e-08
8448.0,4.152285682039617e-11
8449.0,2.478813729443568e-09
8450.0,6.573480783567313e-11
8451.0,1.2815771334319366e-10
8452.0,1.6122507667960085e-11
8453.0,5.163312730604051e-10
8454.0,9.971796060152172e-10
8455.0,1.3943880966209075e-11
8456.0,7.747225880333539e-07
8457.0,4.223147172372591e-10
8458.0,1.5436406240723936e-13
8459.0,4.287458075737117e-10
8460.0,6.510260221325321e-10
8461.0,1.0803730002739361e-10
8462.0,7.156757079776704e-11
8463.0,1.9986213145116796e-12
8464.0,6.170886517280698e-10
8465.0,1.3239741340979022e-14
8466.0,1.112187728821999e-09
8467.0,8.904165608057035e-11
8468.0,1.8124652723337437e-10
8469.0,9.808494494683244e-11
8470.0,4.441110965375899e-12
8471.0,3.3218630319039667e-09
8472.0,7.610516115222795e-11
8473.0,6.52993245286767e-08
8474.0,6.83498693540414e-08
8475.0,3.1220215013116053e-13
8476.0,7.342421464044029e-09
8477.0,3.8220996415637034e-11
8478.0,5.134548862635588e-13
8479.0,2.5762961576635722e-11
8480.0,3.545843527233866e-08
8481.0,9.556402054448044e-08
8482.0,3.908941385039211e-09
8483.0,9.570105962515433e-05
8484.0,6.936116613949325e-12
8485.0,1.191118725546093e-08
8486.0,1.958032734928806e-11
8487.0,8.305985047141407e-09
8488.0,5.751064725651957e-07
8489.0,1.1247718342805183e-10
8490.0,4.662234245720079e-11
8491.0,1.4475357427060666e-08
8492.0,6.334377159437221e-10
8493.0,4.903281189166699e-12
8494.0,2.6875787598670268e-06
8495.0,1.101921324911028e-10
8496.0,1.0100264724175592e-12
8497.0,1.2188566869189117e-09
8498.0,3.2609082223174227e-08
8499.0,5.6853462353862274e-11
8500.0,9.815464680121526e-12
8501.0,4.776068191993221e-11
8502.0,2.0258507844821497e-11
8503.0,3.459058781622782e-09
8504.0,1.2248693662043455e-12
8505.0,2.836215025234983e-09
8506.0,8.733378103670728e-14
8507.0,9.4058272493887e-12
8508.0,6.231524782380163e-09
8509.0,7.190228171632383e-09
8510.0,4.557773948233345e-09
8511.0,2.1349612215152975e-11
8512.0,1.5013364535126656e-12
8513.0,2.3246504346361357e-06
8514.0,5.207255130706961e-10
8515.0,1.711905375944881e-07
8516.0,8.068706038204251e-09
8517.0,1.1687947925784474e-10
8518.0,1.960829047267949e-11
8519.0,1.577231414596347e-11
8520.0,3.9447007709206995e-14
8521.0,9.466810889851685e-10
8522.0,1.9582455368346945e-09
8523.0,2.0796767621215752e-13
8524.0,7.390819979523918e-12
8525.0,5.503282381170019e-10
8526.0,6.839025114068602e-08
8527.0,1.251607218080949e-10
8528.0,1.2351114710638956e-12
8529.0,8.650911213132817e-14
8530.0,5.99776599887678e-10
8531.0,3.1228441681606714e-07
8532.0,1.92563465269262e-10
8533.0,1.3166552046560437e-10
8534.0,1.2577748837536534e-10
8535.0,6.4690401453366695e-09
8536.0,4.552661883272013e-13
8537.0,1.363632384158299e-09
8538.0,9.79583715474728e-08
8539.0,3.529842045282661e-11
8540.0,8.964813648337497e-13
8541.0,1.1778747772738967e-13
8542.0,4.390203282364919e-12
8543.0,9.645310079380562e-10
8544.0,3.549352716107727e-09
8545.0,2.524742736852761e-08
8546.0,1.9023708902199968e-14
8547.0,6.767860218656237e-09
8548.0,5.4575563741416245e-08
8549.0,1.5782227820699146e-13
8550.0,8.515771377093001e-09
8551.0,1.3285992321643365e-07
8552.0,1.6760866967263487e-10
8553.0,3.956722495266108e-09
8554.0,2.1652972530454614e-09
8555.0,5.3812448545034463e-08
8556.0,4.625390321187302e-10
8557.0,3.00198471246644e-11
8558.0,8.960265502083244e-07
8559.0,9.366916785743123e-10
8560.0,3.27010078257163e-09
8561.0,4.158661587153899e-09
8562.0,2.9403515717392183e-11
8563.0,5.032169734111471e-12
8564.0,2.5438856786331615e-10
8565.0,1.9225345681221667e-10
8566.0,2.2307888373436e-11
8567.0,4.550484993763958e-11
8568.0,2.574744964596597e-12
8569.0,3.745989606369993e-12
8570.0,2.1834466355322894e-10
8571.0,1.2828066611234884e-10
8572.0,8.356579183485707e-07
8573.0,1.9953246379316577e-09
8574.0,2.0567675640761185e-12
8575.0,2.0215364780741065e-10
8576.0,3.7007643337829045e-12
8577.0,3.82194855500046e-10
8578.0,2.311095240655159e-06
8579.0,3.2241812964532244e-09
8580.0,1.8569289890026712e-10
8581.0,6.11909676829266e-10
8582.0,0.0001237565541806726
8583.0,1.6423274573362878e-07
8584.0,2.0300627887832787e-10
8585.0,9.189807520901917e-12
8586.0,3.067370485038716e-10
8587.0,4.606587458483336e-09
8588.0,1.2515189909535833e-11
8589.0,1.9189553379226797e-07
8590.0,8.63970241704289e-12
8591.0,3.0794000982458456e-09
8592.0,7.807065370105313e-09
8593.0,3.9369883686554124e-11
8594.0,1.689074027460851e-11
8595.0,1.1804245746975906e-07
8596.0,2.5319450014142185e-09
8597.0,6.682192706226426e-12
8598.0,2.5838097346744347e-09
8599.0,1.4410245259320755e-11
8600.0,3.853338125396923e-09
8601.0,1.6607547967578255e-13
8602.0,3.2172816558263167e-10
8603.0,2.0915467468656727e-07
8604.0,7.365796639863608e-08
8605.0,5.462780092056918e-13
8606.0,1.4634567105626756e-11
8607.0,2.036416768344091e-09
8608.0,1.6303882520370893e-09
8609.0,4.469060675035719e-11
8610.0,2.3478489481285026e-09
8611.0,1.0022809595334452e-12
8612.0,6.824764269742772e-09
8613.0,2.5433955556490634e-08
8614.0,7.865786151535515e-10
8615.0,3.8072680564412266e-07
8616.0,3.014101291559774e-08
8617.0,3.3760727887119773e-12
8618.0,9.484429096721732e-10
8619.0,2.339811887196212e-09
8620.0,9.938099239159602e-09
8621.0,3.78424404734306e-08
8622.0,9.443387925707006e-08
8623.0,5.189368010948574e-10
8624.0,1.0006809412931464e-12
8625.0,2.6400349842282436e-08
8626.0,8.155448753629003e-12
8627.0,9.96928762223045e-11
8628.0,4.4973638105116196e-13
8629.0,4.4544580523822696e-10
8630.0,2.3560806200371676e-09
8631.0,7.31808293850598e-11
8632.0,1.4957503322858363e-06
8633.0,5.210917979698074e-09
8634.0,5.0538510715251185e-11
8635.0,2.1123197691431597e-12
8636.0,9.36457813943287e-12
8637.0,2.8933112658858806e-11
8638.0,1.3417617373724342e-08
8639.0,9.752607853485978e-08
8640.0,1.1967281275483885e-09
8641.0,2.6092903209484733e-12
8642.0,2.2091141054970095e-11
8643.0,4.332541571617811e-12
8644.0,6.81100998491031e-13
8645.0,1.8750225674929412e-07
8646.0,2.8806257690796273e-08
8647.0,8.799540761681674e-10
8648.0,1.854695975281609e-12
8649.0,3.1394277784844756e-08
8650.0,3.988784990547694e-08
8651.0,1.039226350651852e-12
8652.0,1.0338312051179364e-06
8653.0,7.095659882429149e-08
8654.0,3.2174123569068185e-06
8655.0,9.17658204367537e-12
8656.0,7.536822430230253e-11
8657.0,1.0599815551902366e-07
8658.0,9.499432166456901e-11
8659.0,4.09585723721231e-11
8660.0,4.641498754899398e-09
8661.0,1.6313293788622047e-10
8662.0,4.408933851832903e-09
8663.0,6.306457735012052e-09
8664.0,5.582136558544518e-09
8665.0,4.828346062779127e-07
8666.0,1.1303431841940758e-07
8667.0,3.444385761840406e-07
8668.0,3.535704025288642e-10
8669.0,8.312421917837836e-09
8670.0,1.3180597486806802e-08
8671.0,6.247231512195089e-10
8672.0,4.4831065080299175e-12
8673.0,1.1752176033082791e-09
8674.0,3.0661225225715693e-10
8675.0,3.671197615836344e-12
8676.0,4.775397265916548e-10
8677.0,2.533965573900661e-09
8678.0,5.3582070142788394e-09
8679.0,2.6025179541068747e-12
8680.0,1.0368535571016675e-13
8681.0,5.221214277233108e-09
8682.0,7.052447460628873e-07
8683.0,1.5857492503170018e-07
8684.0,3.929487320178166e-12
8685.0,7.28033068151996e-08
8686.0,2.0602190699818015e-10
8687.0,2.4258562442880535e-08
8688.0,1.2125780869277791e-08
8689.0,8.770129797759518e-11
8690.0,4.0982551138464697e-10
8691.0,3.5571633557257416e-10
8692.0,6.84494769854554e-13
8693.0,8.525146712117778e-08
8694.0,3.679932191256646e-12
8695.0,1.1075920986318552e-09
8696.0,5.75762395083682e-10
8697.0,1.5698762917325264e-08
8698.0,7.856159876503847e-12
8699.0,2.8841782801058544e-13
8700.0,8.472304119009749e-10
8701.0,7.905084785562326e-11
8702.0,3.9823578215682054e-10
8703.0,2.2817851426869536e-14
8704.0,1.3996172149987182e-10
8705.0,6.900202208170513e-10
8706.0,2.1036571841340106e-12
8707.0,3.3086111763354882e-09
8708.0,3.2658121749250556e-12
8709.0,1.4523766724285483e-08
8710.0,4.0087969097988085e-11
8711.0,2.744969901328685e-11
8712.0,2.2016685610260465e-09
8713.0,1.188683493716773e-08
8714.0,2.2459688563560389e-10
8715.0,4.001720103437888e-11
8716.0,3.1552133237155514e-13
8717.0,2.890196591251086e-11
8718.0,8.496948213943967e-11
8719.0,7.068729359036227e-11
8720.0,1.9620618049330118e-10
8721.0,1.6756264374572623e-08
8722.0,1.0457047716246676e-06
8723.0,8.343036180121634e-12
8724.0,1.094258528601172e-14
8725.0,1.78763100829406e-08
8726.0,2.216535927886567e-10
8727.0,1.586881173590709e-12
8728.0,2.2874617273252523e-09
8729.0,4.678622260131922e-09
8730.0,1.8768205019893218e-10
8731.0,2.7603301449006696e-11
8732.0,1.0254779487712158e-08
8733.0,1.5803447982522557e-10
8734.0,1.562773949774358e-09
8735.0,1.0209420420106584e-10
8736.0,2.1143847233688408e-08
8737.0,1.3598657907179678e-07
8738.0,8.276910240413219e-10
8739.0,5.150542400038246e-10
8740.0,6.642283121202482e-15
8741.0,6.08494396530733e-10
8742.0,6.734861466725702e-12
8743.0,3.010679207222864e-10
8744.0,8.189852625831191e-12
8745.0,2.5692187171774304e-13
8746.0,2.003997208668494e-10
8747.0,6.208885958587907e-09
8748.0,8.940192618609624e-10
8749.0,9.450074403999842e-10
8750.0,2.581522532104364e-10
8751.0,2.4095759335968777e-10
8752.0,7.692230923796781e-09
8753.0,1.5275518879667276e-11
8754.0,3.716274765132448e-12
8755.0,4.58620348165785e-09
8756.0,3.332544141113049e-08
8757.0,1.01783591003235e-06
8758.0,2.432047800598835e-09
8759.0,6.210905591997931e-10
8760.0,1.11165067942492e-09
8761.0,7.73045344084404e-10
8762.0,7.494892380236431e-10
8763.0,7.213297239142013e-09
8764.0,1.4176651626606532e-08
8765.0,1.0443006704392429e-10
8766.0,8.560211556975764e-11
8767.0,5.261702095029347e-13
8768.0,3.3108332012885816e-09
8769.0,1.804794116087607e-09
8770.0,3.1318607747868345e-09
8771.0,2.668078897887734e-11
8772.0,1.1576084454429893e-11
8773.0,2.282947647469643e-08
8774.0,3.453649046168003e-11
8775.0,1.0962411339961788e-09
8776.0,3.1160029434615444e-11
8777.0,1.9063493194333552e-09
8778.0,9.01428225272326e-10
8779.0,2.289101891136334e-13
8780.0,1.682532552318841e-08
8781.0,2.2007805090672361e-07
8782.0,2.8003129978026673e-12
8783.0,1.2217769600789407e-10
8784.0,1.3882268877517546e-12
8785.0,5.756879199258083e-08
8786.0,6.049491606534849e-11
8787.0,6.1619208734434555e-12
8788.0,2.6866773957342206e-09
8789.0,5.549891797602587e-13
8790.0,4.535346868210381e-10
8791.0,5.843076619747442e-11
8792.0,1.8709442675428984e-09
8793.0,9.772582285449683e-15
8794.0,5.152542127881025e-08
8795.0,3.140710017513929e-11
8796.0,4.8133927185432015e-09
8797.0,1.0288947771915957e-11
8798.0,5.725029789528094e-10
8799.0,1.2932989218160007e-11
8800.0,5.532560150224744e-11
8801.0,1.658001672625303e-10
8802.0,1.8234317144869203e-11
8803.0,6.833930394118512e-13
8804.0,1.3418342602499609e-12
8805.0,8.189544996462866e-09
8806.0,7.808091590254731e-10
8807.0,5.0829446814145094e-08
8808.0,1.3522627836730462e-08
8809.0,3.9794448743973424e-07
8810.0,5.751465853180534e-10
8811.0,8.980075310359904e-09
8812.0,1.6530411631114827e-07
8813.0,6.746706196272768e-11
8814.0,1.7361562382113333e-10
8815.0,5.648478528145856e-12
8816.0,6.857634087538166e-11
8817.0,8.863444853769874e-11
8818.0,8.925678012405186e-11
8819.0,1.545369131490576e-08
8820.0,2.800226647491752e-11
8821.0,2.574019753722652e-09
8822.0,1.4360932974712604e-05
8823.0,8.925506508770827e-10
8824.0,1.0923597769810623e-12
8825.0,4.69013436046776e-11
8826.0,7.213687421769786e-08
8827.0,1.1220015745045601e-09
8828.0,4.796793862376804e-12
8829.0,1.1323494396506168e-09
8830.0,2.1349927859581018e-10
8831.0,5.385481330299215e-14
8832.0,5.00496544611757e-09
8833.0,7.761686456804582e-09
8834.0,9.313537139730987e-08
8835.0,1.948488938548535e-09
8836.0,5.1684462310616815e-11
8837.0,6.462573089346555e-10
8838.0,5.765354067246709e-07
8839.0,6.331235772530121e-08
8840.0,8.188515477939008e-10
8841.0,1.2132692242702504e-08
8842.0,1.1113410882466278e-08
8843.0,1.528561551552635e-09
8844.0,1.0614190834766374e-11
8845.0,4.392265248404609e-09
8846.0,6.6001584164738596e-12
8847.0,7.905270856318628e-10
8848.0,4.4548932669057056e-10
8849.0,1.0639803858127383e-09
8850.0,2.0595109835799578e-08
8851.0,2.333642858838934e-11
8852.0,2.8363122573797005e-07
8853.0,5.023602234969552e-12
8854.0,4.073134496463046e-08
8855.0,3.0215018644857547e-10
8856.0,3.919682428118251e-10
8857.0,4.0157629114260163e-10
8858.0,2.8258988410846865e-07
8859.0,4.6360040779400664e-09
8860.0,4.539495788045937e-10
8861.0,1.1142567585196204e-08
8862.0,2.94930813790852e-10
8863.0,3.485385978961917e-08
8864.0,1.7281307771294424e-10
8865.0,1.7920268455997863e-11
8866.0,2.955388121459223e-12
8867.0,1.4531384407392914e-05
8868.0,1.6127728638089206e-05
8869.0,1.5452640653132244e-07
8870.0,1.325573703682262e-06
8871.0,3.6717589787941818e-09
8872.0,1.5801759006276614e-08
8873.0,1.33288489259512e-09
8874.0,2.479342600464529e-06
8875.0,1.7105873425520592e-06
8876.0,3.194156999226698e-06
8877.0,3.9771729980982556e-08
8878.0,3.43920827498294e-10
8879.0,4.2024737237957344e-09
8880.0,7.381398903398026e-10
8881.0,1.1121270415880729e-08
8882.0,7.03496025732114e-07
8883.0,1.7465548703231922e-10
8884.0,2.118462931523668e-05
8885.0,1.0760833824525534e-10
8886.0,4.330560706469451e-09
8887.0,1.5223178111510124e-11
8888.0,6.258468419551449e-10
8889.0,5.154260820407949e-12
8890.0,3.4617933324744505e-13
8891.0,6.516937686872426e-09
8892.0,9.65750818066285e-12
8893.0,2.705252828854934e-08
8894.0,2.563219086640351e-11
8895.0,7.95771690837016e-09
8896.0,5.393883675335102e-07
8897.0,2.061293492586992e-08
8898.0,1.2730528749152425e-15
8899.0,1.5211196350185445e-09
8900.0,6.226563820655634e-12
8901.0,8.342920182456994e-10
8902.0,1.0317084511814724e-10
8903.0,4.1797104697867445e-10
8904.0,3.993133612796941e-12
8905.0,2.1721663215557145e-11
8906.0,6.128017855805972e-05
8907.0,3.896357929714571e-10
8908.0,1.5562263339022838e-09
8909.0,1.8727319226364015e-08
8910.0,2.05794572357611e-10
8911.0,2.4117583166075936e-12
8912.0,1.0419565217474733e-07
8913.0,1.5113124991192903e-08
8914.0,1.1742151858184422e-10
8915.0,6.535749591180004e-09
8916.0,1.557151466041955e-11
8917.0,3.363113846379505e-10
8918.0,1.8874841432007725e-09
8919.0,2.0154494263889066e-10
8920.0,2.501598143072292e-11
8921.0,2.3117391411328184e-13
8922.0,9.904362737645548e-12
8923.0,4.269099816887282e-12
8924.0,2.7309658634899503e-12
8925.0,2.3426697579217213e-11
8926.0,1.400524698896301e-08
8927.0,2.190557565927417e-10
8928.0,2.7347163463368026e-12
8929.0,3.783497993543333e-09
8930.0,2.2099190385098042e-13
8931.0,1.4602774548395596e-09
8932.0,7.642801253766422e-13
8933.0,1.5350070145770965e-07
8934.0,5.001910824131974e-11
8935.0,2.2779737639212098e-10
8936.0,4.649455938688476e-13
8937.0,1.3423531709748427e-10
8938.0,2.4107293369601555e-09
8939.0,2.5927787709483004e-10
8940.0,1.1207132807286699e-11
8941.0,2.091730016497838e-11
8942.0,1.2641715887918644e-06
8943.0,1.7433857700850436e-10
8944.0,4.2330569105188014e-09
8945.0,2.576645796509112e-07
8946.0,1.3605262395363497e-11
8947.0,4.64847790299476e-08
8948.0,1.8301227191950425e-10
8949.0,2.6248975761258838e-12
8950.0,2.8248451866472303e-07
8951.0,4.4797665146983744e-14
8952.0,2.0236500057505792e-11
8953.0,3.2965515801655485e-12
8954.0,1.8412248349161774e-10
8955.0,1.861204562939748e-07
8956.0,1.2948800130724774e-11
8957.0,9.948139569775508e-08
8958.0,1.788406944491217e-10
8959.0,3.755336852458993e-08
8960.0,1.5523656674061218e-06
8961.0,4.964317850118194e-11
8962.0,8.522117528881409e-08
8963.0,1.0779962090917109e-09
8964.0,1.924507072570596e-10
8965.0,7.271844322238053e-07
8966.0,6.537115218670245e-08
8967.0,1.7214716628782196e-09
8968.0,2.3038335085173764e-08
8969.0,1.0489978694977854e-08
8970.0,3.2590821717172537e-07
8971.0,1.8487435588480918e-12
8972.0,2.3598600301015756e-11
8973.0,7.475282879999964e-12
8974.0,1.5435385305701293e-11
8975.0,6.880242157620086e-08
8976.0,1.0456533099266399e-08
8977.0,1.0368167571018186e-13
8978.0,4.3260527634109966e-07
8979.0,1.0996357406462958e-08
8980.0,2.8498824897994648e-11
8981.0,3.435997202335447e-09
8982.0,7.322820119120373e-09
8983.0,4.091244606551252e-09
8984.0,4.785042878525239e-12
8985.0,3.693466311859386e-11
8986.0,6.85420914334901e-10
8987.0,8.743376178512896e-07
8988.0,1.7397500418001529e-12
8989.0,1.6492325331343015e-11
8990.0,3.49046064046907e-10
8991.0,2.1605680365664486e-07
8992.0,3.470244016135919e-09
8993.0,5.430149683604154e-13
8994.0,1.6088699805988004e-11
8995.0,1.1831237349990321e-10
8996.0,5.56553436893012e-11
8997.0,2.954478980425389e-12
8998.0,1.8429274930630314e-10
8999.0,9.844446248135928e-08
9000.0,7.890783645673291e-10
9001.0,6.205023632675102e-08
9002.0,3.9498131102536805e-08
9003.0,4.715391443664219e-10
9004.0,1.5575435024804168e-10
9005.0,1.2681574321589594e-11
9006.0,7.388332493738068e-12
9007.0,1.4173964799762699e-06
9008.0,5.91793799358671e-14
9009.0,5.693303017907184e-09
9010.0,2.2374333398043284e-08
9011.0,7.584455563354214e-07
9012.0,1.5519125393328645e-08
9013.0,3.6546775309023954e-11
9014.0,9.518295972902666e-06
9015.0,6.561625784786414e-08
9016.0,5.175091424868504e-08
9017.0,5.2576490827740766e-11
9018.0,1.4377790484792136e-10
9019.0,2.1574781063487696e-10
9020.0,1.0369175741246605e-11
9021.0,3.4557071639517395e-07
9022.0,5.521787861683504e-07
9023.0,1.7539018473062594e-10
9024.0,2.9784747213413034e-09
9025.0,5.309090461879252e-09
9026.0,5.186093231726244e-12
9027.0,4.953697305231862e-09
9028.0,5.733735201458714e-10
9029.0,3.4677648842018424e-09
9030.0,9.240740170474512e-11
9031.0,6.098267888178553e-10
9032.0,1.151505194534457e-09
9033.0,6.947923084169178e-14
9034.0,2.3599524158198204e-07
9035.0,2.128694567496667e-10
9036.0,6.275569603638646e-12
9037.0,4.456054586583605e-06
9038.0,4.248358635863334e-12
9039.0,3.879533825564698e-10
9040.0,1.2676894610768025e-11
9041.0,2.2850111179008974e-11
9042.0,2.1333947082265606e-11
9043.0,1.3149033208972273e-12
9044.0,4.42047560885742e-10
9045.0,2.687796873529838e-10
9046.0,2.685868799189276e-10
9047.0,9.670052811809903e-14
9048.0,2.1561260890282396e-09
9049.0,1.0230987289409568e-07
9050.0,8.78419443747922e-10
9051.0,3.458166722113673e-13
9052.0,5.37516728991581e-10
9053.0,7.701703615437882e-09
9054.0,4.497391698673938e-10
9055.0,1.7139115252040779e-09
9056.0,4.962330648315979e-12
9057.0,1.4208263914973316e-08
9058.0,4.989517495789308e-13
9059.0,9.418242103157254e-09
9060.0,6.536571059976488e-11
9061.0,2.9678835249041527e-10
9062.0,2.6466742558815298e-08
9063.0,6.526555311655972e-09
9064.0,7.479044152333307e-07
9065.0,1.561437629685334e-08
9066.0,3.7975034087292363e-07
9067.0,2.4136470130556515e-10
9068.0,8.919867186275203e-11
9069.0,4.3152663572499866e-07
9070.0,3.2719796886743255e-11
9071.0,6.559140135372893e-10
9072.0,6.099736504498104e-10
9073.0,4.4383361005572406e-13
9074.0,1.2875732397930019e-14
9075.0,3.109610421577241e-13
9076.0,2.7805173072455613e-06
9077.0,3.877891654915986e-14
9078.0,1.149621166763804e-11
9079.0,4.460563998283492e-12
9080.0,5.072659442496181e-15
9081.0,4.633823558788449e-14
9082.0,2.3945509740664496e-16
9083.0,5.917624304858124e-17
9084.0,1.5625652909418946e-07
9085.0,4.1664765427469944e-11
9086.0,3.4315407073457333e-10
9087.0,0.00028326461037884656
9088.0,8.477715073005346e-09
9089.0,1.4720195901890435e-06
9090.0,1.7235517579424504e-09
9091.0,2.2231742662869198e-08
9092.0,1.3242984431012144e-08
9093.0,4.508434977774868e-06
9094.0,4.3188569666979786e-10
9095.0,2.0248384598087612e-08
9096.0,1.314609233599687e-12
9097.0,2.586857261577269e-12
9098.0,1.4464841791762026e-12
9099.0,9.432073828887358e-14
9100.0,5.108947599771133e-15
9101.0,1.2841253037203489e-08
9102.0,4.165917245992296e-08
9103.0,1.0997911299287203e-10
9104.0,1.365283779724326e-14
9105.0,2.142358139982238e-10
9106.0,1.32300843323024e-09
9107.0,9.60459226981754e-11
9108.0,9.456908726817573e-17
9109.0,3.2619529740822273e-15
9110.0,1.0638642217778664e-11
9111.0,2.281519651079457e-10
9112.0,6.18382406548231e-13
9113.0,5.020656332288849e-05
9114.0,4.865546871817542e-10
9115.0,1.9480382213470944e-09
9116.0,2.1205016874372168e-09
9117.0,6.324930918069215e-12
9118.0,2.7732980882892765e-12
9119.0,1.1587348725367537e-11
9120.0,8.852269257780705e-10
9121.0,2.188604602887852e-10
9122.0,1.4233266809800237e-07
9123.0,1.404090839072926e-07
9124.0,6.125192432807164e-14
9125.0,1.9608028641980744e-09
9126.0,3.5159051626708418e-09
9127.0,4.444387574273346e-06
9128.0,5.298934122693496e-08
9129.0,6.513118416040597e-10
9130.0,4.915437972907488e-08
9131.0,6.471709645659238e-08
9132.0,3.601488751267509e-10
9133.0,8.260683431314432e-08
9134.0,7.881159125619791e-10
9135.0,3.3695274420519868e-09
9136.0,1.1025038302488863e-12
9137.0,8.516477471031926e-09
9138.0,7.735765001669355e-08
9139.0,1.0621189266039602e-08
9140.0,1.3691516241121133e-08
9141.0,1.85919668209925e-07
9142.0,8.078287306097142e-09
9143.0,5.967414070648578e-09
9144.0,9.331234447272152e-08
9145.0,3.5041949651856927e-09
9146.0,1.1816010425058388e-06
9147.0,9.702562630267455e-10
9148.0,5.520492899636731e-10
9149.0,2.005131073175537e-09
9150.0,5.039043474370678e-08
9151.0,2.8661896498536435e-09
9152.0,5.430446689138391e-08
9153.0,2.5480553962124607e-11
9154.0,2.354868449649802e-12
9155.0,2.5418055446030636e-11
9156.0,1.5219202237123589e-09
9157.0,7.553590039780716e-10
9158.0,1.7894625542972576e-12
9159.0,8.65507565197432e-09
9160.0,3.468739618106748e-10
9161.0,1.668505235838699e-11
9162.0,2.968945984389951e-09
9163.0,4.813144154975135e-12
9164.0,5.672466284111398e-07
9165.0,2.018031196638054e-10
9166.0,7.758051924491707e-13
9167.0,7.777954916395663e-11
9168.0,2.536812950094049e-09
9169.0,1.0540525157931141e-11
9170.0,2.2357678583300085e-08
9171.0,4.038146386944831e-10
9172.0,3.537278567961117e-07
9173.0,2.039729995705941e-09
9174.0,2.539094085317633e-08
9175.0,3.978126920121537e-12
9176.0,1.9188327995927527e-09
9177.0,4.466423543057712e-09
9178.0,2.3244465948222447e-09
9179.0,1.967571711276038e-12
9180.0,7.041340114197003e-13
9181.0,1.7203302107049464e-10
9182.0,1.4913316954857723e-13
9183.0,8.673722833526439e-10
9184.0,1.7105062235266846e-10
9185.0,6.916455428623266e-10
9186.0,1.5136837567166834e-06
9187.0,9.12728062435511e-10
9188.0,4.25747475992622e-09
9189.0,4.337746170744917e-11
9190.0,5.192153651045829e-09
9191.0,4.6562813544744e-12
9192.0,1.7986772386400336e-05
9193.0,1.5589424656002531e-10
9194.0,1.4660700678777397e-09
9195.0,1.093042649146815e-06
9196.0,1.140332111969379e-07
9197.0,1.2022489711344467e-11
9198.0,4.7352890674554236e-09
9199.0,5.124106185843688e-08
9200.0,1.2332203711407879e-06
9201.0,3.552213247474871e-10
9202.0,1.7452108909126112e-10
9203.0,2.1128149193750727e-08
9204.0,1.5441273048998762e-08
9205.0,1.7295298278398616e-08
9206.0,2.8655583623290087e-12
9207.0,7.28271822563153e-10
9208.0,4.712580460281002e-07
9209.0,1.3706203251671886e-06
9210.0,5.0117168027464455e-11
9211.0,2.0232952163113936e-07
9212.0,4.3499412017992664e-08
9213.0,2.093340205428614e-12
9214.0,3.747508946094745e-08
9215.0,2.523620156030301e-08
9216.0,2.0188320408512517e-08
9217.0,2.6294866524921404e-08
9218.0,2.6425015604872234e-10
9219.0,7.179240914311684e-07
9220.0,7.203327231563993e-11
9221.0,3.7986533814630213e-07
9222.0,7.015744923793346e-10
9223.0,8.412219124829586e-09
9224.0,7.687699147969023e-09
9225.0,3.960012576740691e-07
9226.0,9.23423758089216e-07
9227.0,1.7302737808192862e-06
9228.0,3.9486308036083174e-09
9229.0,9.46332490076618e-11
9230.0,9.287742651161636e-12
9231.0,8.028958032807293e-08
9232.0,5.514975630232555e-12
9233.0,6.58293349245794e-09
9234.0,2.3540242489094835e-08
9235.0,3.2438377241482467e-09
9236.0,7.637783030125094e-07
9237.0,3.844380551105352e-07
9238.0,5.660235624319399e-11
9239.0,9.102764864815428e-09
9240.0,2.345308141316969e-11
9241.0,1.5368902899255882e-09
9242.0,3.1025452081458677e-07
9243.0,2.0324912298717573e-06
9244.0,2.028978148451418e-10
9245.0,5.1603580616186104e-08
9246.0,8.501702544335892e-11
9247.0,6.936273316775158e-16
9248.0,8.691119821196678e-17
9249.0,6.319588432008864e-14
9250.0,4.714856590656039e-11
9251.0,6.957782892279671e-10
9252.0,5.887090067648272e-10
9253.0,2.1062768536760254e-12
9254.0,6.13306507487859e-11
9255.0,3.4267542546225123e-08
9256.0,2.3498690943577168e-08
9257.0,3.315804877849485e-07
9258.0,8.434688316499534e-09
9259.0,8.061329948666228e-06
9260.0,5.3796850401994545e-08
9261.0,6.882837701916454e-09
9262.0,3.313930702538545e-10
9263.0,9.882592387977525e-10
9264.0,1.4889222625813984e-08
9265.0,3.904320762282229e-10
9266.0,2.5051305628788953e-11
9267.0,1.2795925107567234e-09
9268.0,1.0803738850868126e-10
9269.0,5.242653201032634e-07
9270.0,1.8139217502325924e-11
9271.0,7.688440930807508e-08
9272.0,1.450514410933033e-09
9273.0,6.366420736098097e-08
9274.0,4.4557952046149436e-07
9275.0,1.8381419763504403e-08
9276.0,2.268495100128936e-09
9277.0,3.0229132746130534e-11
9278.0,2.0172508942387537e-09
9279.0,2.9521299264168605e-08
9280.0,3.439908417800673e-09
9281.0,1.2296616516157925e-11
9282.0,2.4882338481868513e-08
9283.0,8.596836113827652e-09
9284.0,2.1412149035504394e-14
9285.0,6.826125492627059e-07
9286.0,7.965295811690737e-11
9287.0,1.1394679446097923e-09
9288.0,2.567177840370069e-10
9289.0,5.63283851027608e-06
9290.0,6.140617261927577e-09
9291.0,1.7696737939706503e-11
9292.0,5.013331775512622e-11
9293.0,4.723409967959304e-09
9294.0,6.156056958047142e-10
9295.0,1.877723838366292e-10
9296.0,2.6881017698944966e-08
9297.0,2.549392555230225e-10
9298.0,6.438886553270261e-06
9299.0,3.204647056264564e-07
9300.0,5.511594015590986e-10
9301.0,1.0824178161789557e-10
9302.0,1.8370986895095412e-05
9303.0,1.6234979486102862e-11
9304.0,8.15292687893453e-12
9305.0,2.3392318546204038e-07
9306.0,5.6756820975654485e-11
9307.0,2.8257181574836706e-12
9308.0,1.0897366511521206e-10
9309.0,6.674446687095444e-11
9310.0,5.891268395127357e-13
9311.0,2.49507331358567e-10
9312.0,1.0433070022744505e-10
9313.0,6.458269162019685e-10
9314.0,2.2590510837182155e-08
9315.0,9.887045448004892e-09
9316.0,2.3545237162701802e-11
9317.0,3.3433860401869595e-06
9318.0,9.170715790261177e-11
9319.0,7.11806742297673e-10
9320.0,9.605388804991371e-12
9321.0,8.599925379697527e-06
9322.0,6.025316706677774e-10
9323.0,1.0720617468392869e-08
9324.0,1.77516873895577e-08
9325.0,3.509316413345484e-11
9326.0,3.4716229810924033e-13
9327.0,2.0726080515960415e-13
9328.0,2.0435681381553674e-12
9329.0,1.4838058783374289e-10
9330.0,1.1382521384383986e-14
9331.0,3.86988749810449e-10
9332.0,9.391297953368224e-10
9333.0,1.6178790803034142e-09
9334.0,1.9632595320593992e-11
9335.0,3.6906300733801567e-10
9336.0,2.5668447553630455e-06
9337.0,2.498268770632154e-09
9338.0,9.35438688950692e-11
9339.0,2.1546203913665873e-12
9340.0,2.4319378567579985e-09
9341.0,2.5610729983042624e-10
9342.0,1.5492502366246704e-10
9343.0,1.4892663299985986e-07
9344.0,4.337355515376217e-11
9345.0,3.499123822655319e-10
9346.0,2.5404905366666462e-08
9347.0,5.042432740416373e-11
9348.0,1.2343916455608315e-07
9349.0,1.4493929849971016e-09
9350.0,7.888207385137895e-13
9351.0,9.608766425450818e-08
9352.0,2.843963552840587e-10
9353.0,4.582940034817727e-09
9354.0,8.1996798501142e-09
9355.0,8.116788683071417e-07
9356.0,1.1797299227852053e-09
9357.0,7.798431720032504e-11
9358.0,3.800181863821868e-10
9359.0,2.409971696357324e-07
9360.0,4.585827703744044e-12
9361.0,2.9590049060283058e-08
9362.0,1.3517397705699274e-10
9363.0,5.6641511079855384e-09
9364.0,3.088416266458552e-11
9365.0,8.624431923008998e-11
9366.0,1.4727899045694287e-10
9367.0,2.0369365581396665e-11
9368.0,1.258124416587116e-08
9369.0,1.1518252183769282e-08
9370.0,5.88986704784152e-11
9371.0,6.171231273635633e-10
9372.0,1.8874507152329668e-11
9373.0,1.3692155371321513e-13
9374.0,7.76503432815534e-11
9375.0,9.593379511045697e-10
9376.0,1.0549310797465724e-13
9377.0,9.581338669855787e-11
9378.0,2.5402967100475423e-11
9379.0,8.253725103493762e-11
9380.0,2.373135438953678e-10
9381.0,6.381850168740659e-11
9382.0,1.9393119611278666e-08
9383.0,8.985435753449232e-10
9384.0,4.854682510757327e-10
9385.0,1.987873961309016e-09
9386.0,1.02739118586796e-08
9387.0,1.2811371568140654e-12
9388.0,4.67645175331393e-08
9389.0,9.532521344607744e-09
9390.0,7.302980371133295e-11
9391.0,2.9213907661350068e-09
9392.0,2.19882758976401e-09
9393.0,1.4963293935006936e-07
9394.0,3.9327118483769454e-09
9395.0,6.460215448476093e-10
9396.0,3.083587983339918e-10
9397.0,1.7600368910957345e-10
9398.0,4.3424741156796407e-08
9399.0,2.7641400693792995e-08
9400.0,1.045100451027937e-08
9401.0,4.628088750661731e-11
9402.0,4.7703075489828886e-11
9403.0,1.4659576946054211e-08
9404.0,1.956821557007483e-10
9405.0,1.4325629210311972e-07
9406.0,1.1261377221661435e-11
9407.0,2.7314431986579363e-11
9408.0,2.3101794611508013e-08
9409.0,5.327347736906459e-12
9410.0,5.0066256695435605e-08
9411.0,6.76827822165681e-10
9412.0,4.748204617859702e-09
9413.0,1.498187785041603e-08
9414.0,2.1946956010767923e-12
9415.0,5.425079866309911e-09
9416.0,1.046712792195348e-12
9417.0,1.6890521380337565e-08
9418.0,2.003464335900235e-08
9419.0,1.2682973333174834e-08
9420.0,7.266219087155456e-13
9421.0,2.5800528417053904e-11
9422.0,1.0059166349389087e-11
9423.0,1.3537238471206348e-11
9424.0,2.2506164336843595e-11
9425.0,3.399301699968407e-08
9426.0,1.7980250151637055e-11
9427.0,6.834629567782903e-12
9428.0,1.1976942186951904e-11
9429.0,7.548253782054508e-11
9430.0,8.3964190367226e-08
9431.0,1.5354936028341253e-06
9432.0,6.112567512980654e-11
9433.0,1.455448844306258e-09
9434.0,2.553388892770165e-12
9435.0,3.281879875748345e-07
9436.0,1.6462284981269598e-11
9437.0,7.579034852432576e-11
9438.0,1.01389241551739e-09
9439.0,5.7408451197583895e-09
9440.0,8.38811437219412e-11
9441.0,4.023889197953933e-09
9442.0,4.138470676386152e-13
9443.0,3.5169748351458768e-12
9444.0,1.0481899088540408e-10
9445.0,1.04317114013118e-11
9446.0,6.83883834146866e-11
9447.0,2.371031310594591e-09
9448.0,1.3140434204791767e-06
9449.0,7.924903863487012e-08
9450.0,5.945793972297362e-10
9451.0,3.1460603280392927e-09
9452.0,5.392253404567648e-10
9453.0,9.88934252969292e-13
9454.0,2.5899164706797185e-08
9455.0,2.1928303983345415e-10
9456.0,4.5037214532384215e-06
9457.0,2.141443998361663e-15
9458.0,4.6821411194076684e-08
9459.0,2.3656168082890264e-11
9460.0,7.936181371041782e-10
9461.0,3.56038705962592e-11
9462.0,2.026690107280778e-09
9463.0,5.954409102855336e-08
9464.0,4.0199441276288886e-08
9465.0,1.6453653442820607e-09
9466.0,5.0850007367165636e-08
9467.0,2.1901251425391393e-09
9468.0,9.046850579994145e-07
9469.0,5.74710337532582e-14
9470.0,3.150765175392065e-09
9471.0,6.64383295599397e-11
9472.0,7.870450378526572e-08
9473.0,8.726879093547863e-10
9474.0,5.840026315155604e-09
9475.0,8.631968427496117e-10
9476.0,2.0108987161070576e-11
9477.0,3.1665816329335587e-07
9478.0,4.8227002017743394e-08
9479.0,1.2628358120276825e-10
9480.0,4.7963236168044955e-11
9481.0,4.4518615837747424e-08
9482.0,4.54945800385762e-12
9483.0,3.7045992287014678e-09
9484.0,3.61269049005129e-08
9485.0,1.8075242874216547e-10
9486.0,7.015234809831935e-13
9487.0,1.8996002995337e-12
9488.0,3.7838922519875096e-10
9489.0,1.5024553898315053e-10
9490.0,2.821608837147057e-10
9491.0,5.217683419849826e-10
9492.0,2.3492578754259727e-11
9493.0,6.935425089945009e-12
9494.0,4.984647332155998e-09
9495.0,4.175112399401119e-09
9496.0,6.731265161089586e-08
9497.0,5.003888242196863e-07
9498.0,1.401493366695486e-12
9499.0,1.2089253915549724e-10
9500.0,6.9510757755935114e-09
9501.0,6.3644439106797605e-12
9502.0,1.268143135457766e-11
9503.0,2.16951294150221e-12
9504.0,2.8282677295367427e-09
9505.0,1.6184798396640241e-09
9506.0,5.235376335459459e-11
9507.0,7.744495370701224e-13
9508.0,5.073229827681674e-12
9509.0,9.894378916201753e-10
9510.0,0.00029934234997336384
9511.0,1.4501165556081554e-08
9512.0,3.02014579948288e-09
9513.0,1.0346046383798216e-07
9514.0,3.9719086434386646e-13
9515.0,0.0001127820271938774
9516.0,1.388843319320333e-06
9517.0,3.0460985477056773e-12
9518.0,2.231725702964082e-12
9519.0,7.011494228834773e-10
9520.0,1.0167802938840925e-08
9521.0,8.946139587161947e-12
9522.0,1.42113343415401e-10
9523.0,1.035285240185031e-11
9524.0,3.9932101377006034e-07
9525.0,1.5978784878496625e-11
9526.0,1.0930473522565215e-09
9527.0,3.3336096932877856e-10
9528.0,8.769861407674753e-10
9529.0,1.1880953641085162e-06
9530.0,2.5482453159755446e-12
9531.0,7.701498370362587e-11
9532.0,3.4868406793054025e-11
9533.0,9.182248800603798e-10
9534.0,2.5001744044019314e-11
9535.0,1.216683958509122e-08
9536.0,1.4910654601759532e-10
9537.0,5.691281300027328e-09
9538.0,5.348854044353742e-09
9539.0,6.084750584091165e-09
9540.0,1.7579646839436002e-12
9541.0,6.144241569674527e-07
9542.0,3.168486145030634e-10
9543.0,7.472076706345867e-13
9544.0,1.57518597297777e-09
9545.0,2.616824516910378e-12
9546.0,6.3659738617763045e-09
9547.0,1.211363476863028e-10
9548.0,4.5980887757509386e-12
9549.0,1.163596323184196e-09
9550.0,2.2908684902704034e-12
9551.0,4.255062814082672e-12
9552.0,4.7620577018110425e-11
9553.0,1.0963107695151057e-09
9554.0,1.4388496395536723e-09
9555.0,4.122802027913824e-11
9556.0,7.407647803600294e-08
9557.0,5.442660399831848e-14
9558.0,1.282663303498317e-13
9559.0,5.519324575545645e-13
9560.0,7.073627341255827e-12
9561.0,4.0005977488664686e-12
9562.0,1.0591044057501857e-10
9563.0,7.333389257899295e-14
9564.0,3.4638691092101126e-15
9565.0,9.452204630235816e-13
9566.0,2.382090086453936e-11
9567.0,9.036556616851466e-11
9568.0,1.6532663259477902e-13
9569.0,2.832522423144458e-12
9570.0,8.568754225992562e-14
9571.0,1.5326734399466258e-09
9572.0,1.895310454757041e-12
9573.0,6.183891691242319e-13
9574.0,1.4824866152566926e-09
9575.0,6.5488177311032975e-12
9576.0,8.267954344823521e-11
9577.0,2.300341164077657e-14
9578.0,8.002745931100451e-11
9579.0,6.71785710350394e-12
9580.0,8.248560154695433e-07
9581.0,3.5745509957681126e-12
9582.0,4.2166669530603833e-10
9583.0,3.3322451705735325e-12
9584.0,6.583979633207633e-09
9585.0,3.911339535537127e-11
9586.0,2.9463303114993244e-08
9587.0,6.247063760590627e-09
9588.0,2.306186040166213e-09
9589.0,2.556049377573837e-09
9590.0,7.003461640649512e-12
9591.0,4.366613687862824e-06
9592.0,4.5999906647563514e-07
9593.0,6.858838957880266e-12
9594.0,7.08606266356612e-12
9595.0,3.096773625422443e-12
9596.0,4.564825925051756e-10
9597.0,7.185657562561993e-09
9598.0,2.96146892068291e-11
9599.0,1.296357696174799e-06
9600.0,4.670427573951191e-12
9601.0,6.85841069173333e-09
9602.0,4.376526702313748e-12
9603.0,1.4569783483058445e-09
9604.0,5.8164200900690736e-09
9605.0,4.5618328614640473e-10
9606.0,9.246561563301483e-09
9607.0,9.47320213806594e-08
9608.0,2.225298567190833e-11
9609.0,2.497867567840385e-10
9610.0,6.626641529148289e-09
9611.0,1.3277277373740799e-12
9612.0,5.387291299476928e-05
9613.0,2.970410132052275e-11
9614.0,2.638652414454372e-10
9615.0,1.1119479730950909e-08
9616.0,1.8170167039515466e-12
9617.0,8.922127875275357e-08
9618.0,2.963333993555394e-13
9619.0,1.0872416892731971e-07
9620.0,1.773924767502271e-06
9621.0,1.6742088261358865e-07
9622.0,1.3951932446865814e-09
9623.0,3.428774765131568e-08
9624.0,9.578951474438041e-12
9625.0,6.713416194299994e-10
9626.0,2.5256124439611535e-11
9627.0,5.247651177019069e-14
9628.0,1.784848281544829e-10
9629.0,6.0696100074699775e-09
9630.0,7.069937362644862e-11
9631.0,1.1554257405145646e-13
9632.0,4.726060673844376e-11
9633.0,2.948517675073698e-09
9634.0,5.917662357144192e-11
9635.0,1.6136627763930005e-09
9636.0,1.3956156960648824e-11
9637.0,1.2351175269136739e-09
9638.0,2.9024798720727013e-08
9639.0,6.02777535684943e-11
9640.0,4.5613418968310364e-08
9641.0,1.937618039217864e-08
9642.0,9.123723913273473e-11
9643.0,1.516882119891703e-08
9644.0,2.8390243118962907e-10
9645.0,6.767338787837412e-11
9646.0,1.0171705933184538e-14
9647.0,4.232311038075925e-14
9648.0,2.149140175217357e-12
9649.0,2.811319365914893e-14
9650.0,2.156280026923278e-13
9651.0,2.1953094201368837e-11
9652.0,4.124643140464403e-10
9653.0,1.003372338661035e-08
9654.0,7.94424583722362e-09
9655.0,1.2776838564920032e-09
9656.0,4.371229306621728e-11
9657.0,2.42448610082724e-11
9658.0,4.7195142114383436e-11
9659.0,2.880266423367715e-10
9660.0,1.2921698429646087e-09
9661.0,4.786918960456712e-11
9662.0,8.108161132356288e-13
9663.0,2.424002411018493e-09
9664.0,3.0851331913378656e-12
9665.0,4.2579528283555987e-10
9666.0,8.157502368354738e-10
9667.0,1.6002193598686719e-12
9668.0,6.605162584767156e-08
9669.0,4.396714379082367e-12
9670.0,7.808321971485986e-10
9671.0,5.985078875529954e-10
9672.0,1.232078669449372e-07
9673.0,2.4353374413990648e-08
9674.0,3.467401910713193e-08
9675.0,1.1529241412521864e-07
9676.0,1.2985362642202535e-12
9677.0,3.3977975431143556e-10
9678.0,6.629318234057154e-11
9679.0,1.2711013195744194e-12
9680.0,6.235270699834834e-09
9681.0,6.0846932866642085e-09
9682.0,7.857427437357319e-12
9683.0,3.0636311396295284e-09
9684.0,9.627386419477065e-11
9685.0,3.1405748044084383e-09
9686.0,1.8396936163163833e-11
9687.0,1.0820126589074245e-08
9688.0,4.360772494006351e-12
9689.0,5.580529179945466e-13
9690.0,6.495076677857084e-11
9691.0,4.983520952930213e-10
9692.0,6.702752187711943e-10
9693.0,1.928388931527177e-09
9694.0,7.025795735012179e-14
9695.0,4.2342973526294855e-12
9696.0,1.379739314020298e-08
9697.0,3.6847206430875833e-06
9698.0,2.2545908348694694e-10
9699.0,1.5505919866497865e-09
9700.0,4.6615964561341475e-12
9701.0,3.0318752869723294e-08
9702.0,4.500286657221048e-09
9703.0,5.748862011399099e-09
9704.0,1.580906389868879e-05
9705.0,2.048852899597708e-10
9706.0,5.124877434262496e-09
9707.0,1.5200963488606394e-06
9708.0,9.642222451152527e-09
9709.0,1.4236145163959142e-09
9710.0,4.2671294231064655e-11
9711.0,4.3375959182976124e-08
9712.0,1.9316897200101518e-12
9713.0,1.1411025614907361e-10
9714.0,4.2198233988713924e-11
9715.0,2.370774327280369e-10
9716.0,3.4098959400965153e-10
9717.0,2.207131643355383e-09
9718.0,7.919437527411794e-10
9719.0,3.728766203346125e-09
9720.0,1.9443970693676283e-12
9721.0,1.7452265048612413e-09
9722.0,2.782264358549415e-11
9723.0,2.2767117380280023e-11
9724.0,4.3365409482024604e-14
9725.0,1.613095469153899e-12
9726.0,6.996483928339719e-08
9727.0,3.1121781911979806e-08
9728.0,1.120260149277722e-09
9729.0,7.104222081022854e-13
9730.0,1.3193699422742335e-12
9731.0,9.343576645972508e-08
9732.0,1.537561937553485e-08
9733.0,9.094816223186817e-10
9734.0,1.6416009345987e-09
9735.0,1.7027944748443713e-08
9736.0,3.879222256177069e-11
9737.0,1.8671167306509958e-12
9738.0,1.1850655089214554e-07
9739.0,1.0837932631371514e-07
9740.0,3.159024999728521e-11
9741.0,4.2158750445978035e-11
9742.0,1.4967982238264585e-07
9743.0,4.6706652950393364e-07
9744.0,4.728545017706804e-10
9745.0,9.82304124051975e-13
9746.0,7.869722551223822e-10
9747.0,3.39340081855767e-08
9748.0,1.0573513785416423e-11
9749.0,2.1744858284098745e-10
9750.0,5.151114672525227e-08
9751.0,4.6366570699038256e-12
9752.0,9.720803822185534e-08
9753.0,2.909846407187566e-10
9754.0,1.913956627120183e-09
9755.0,1.2979899600264325e-10
9756.0,1.360830062441721e-10
9757.0,8.917870791935229e-08
9758.0,8.903459144832744e-13
9759.0,1.3388203856599763e-09
9760.0,1.8003246223027412e-13
9761.0,3.2069568608075355e-10
9762.0,2.7127582583965205e-08
9763.0,3.70364389575319e-11
9764.0,1.153999656420242e-11
9765.0,2.0330506410729766e-09
9766.0,1.1857587328765836e-13
9767.0,5.656994884800357e-08
9768.0,4.134764658863912e-09
9769.0,1.4449210486672977e-07
9770.0,1.2292231924548024e-11
9771.0,1.2297317965958265e-12
9772.0,2.649719312625025e-12
9773.0,1.5644323771324134e-09
9774.0,9.855143644681301e-15
9775.0,2.3328222462578103e-08
9776.0,6.742511167772563e-08
9777.0,1.9388751772432563e-09
9778.0,1.098889344467665e-12
9779.0,2.127162079708327e-12
9780.0,1.812435203168365e-06
9781.0,4.141670930605568e-11
9782.0,3.34740368135207e-12
9783.0,3.134373870928078e-08
9784.0,6.593727489773971e-12
9785.0,1.7312982618706389e-12
9786.0,1.1485156240320291e-10
9787.0,4.5853829438997167e-10
9788.0,5.994947934594256e-13
9789.0,2.702324577371002e-09
9790.0,6.642547895049846e-07
9791.0,5.411673892330611e-07
9792.0,2.517568699500447e-13
9793.0,6.247441812360952e-10
9794.0,1.0094833248276607e-11
9795.0,3.8717819212645104e-10
9796.0,7.255708274490211e-11
9797.0,2.5743299264910387e-09
9798.0,4.096589682618962e-09
9799.0,3.1544508126596486e-10
9800.0,2.5551100547666744e-12
9801.0,2.553662200900062e-09
9802.0,8.429329680738676e-08
9803.0,1.4422603127999882e-10
9804.0,8.200545713536833e-11
9805.0,1.8268900465029152e-09
9806.0,8.006065940278517e-06
9807.0,1.399409424365067e-08
9808.0,1.325854047680744e-08
9809.0,8.166569584059184e-11
9810.0,4.900548450269012e-09
9811.0,2.0629349624324058e-07
9812.0,1.0728527997996305e-10
9813.0,4.1193898544602153e-10
9814.0,7.609008809322151e-08
9815.0,6.472911212499092e-10
9816.0,1.574987601598324e-06
9817.0,8.11507178192204e-09
9818.0,2.495580414785734e-10
9819.0,1.7662414053610746e-08
9820.0,2.3828748541859547e-12
9821.0,1.8588299154435234e-12
9822.0,6.8837145448264136e-12
9823.0,2.402553970097986e-13
9824.0,9.624096158975371e-12
9825.0,8.566659468695833e-09
9826.0,8.701791084362874e-10
9827.0,1.0836881394352776e-11
9828.0,1.4818762472038145e-09
9829.0,1.6545958493770352e-13
9830.0,1.4395231360124091e-08
9831.0,7.048018651637914e-10
9832.0,9.833476662230028e-11
9833.0,1.2135567884368476e-10
9834.0,1.2688083399112776e-09
9835.0,9.343993419302733e-11
9836.0,6.447686742545433e-11
9837.0,2.5720160102819933e-08
9838.0,6.519609995822168e-10
9839.0,2.3503538049658727e-09
9840.0,1.2069025053541203e-09
9841.0,5.092235345435469e-10
9842.0,2.3364479370170392e-11
9843.0,1.2495985859239023e-13
9844.0,1.8695805110816652e-10
9845.0,4.432922316343931e-08
9846.0,3.6716192310778323e-09
9847.0,2.2990728543211482e-10
9848.0,6.341437047426118e-10
9849.0,1.6567366533137895e-09
9850.0,9.220961487357166e-12
9851.0,1.0989997613530792e-10
9852.0,1.3891082732579741e-11
9853.0,1.5114246880272304e-10
9854.0,8.087469505762997e-08
9855.0,6.042880468339744e-09
9856.0,3.302400068857095e-11
9857.0,2.8714617291026193e-12
9858.0,1.3673080580298378e-08
9859.0,1.0555643906181469e-08
9860.0,2.0357691568135125e-11
9861.0,1.5954067966039987e-10
9862.0,5.867694144061376e-15
9863.0,3.4300795121042446e-07
9864.0,2.1865187426889044e-10
9865.0,1.3740723212927433e-09
9866.0,2.8848880413408645e-11
9867.0,1.9120156333217138e-11
9868.0,2.246234013373197e-11
9869.0,9.23547948042227e-08
9870.0,7.608119671188271e-09
9871.0,9.086225941191325e-10
9872.0,2.5503967306050025e-07
9873.0,1.2453130180774585e-11
9874.0,6.328369247715202e-14
9875.0,7.965975373572024e-10
9876.0,7.702955754206335e-11
9877.0,2.3618708991094182e-11
9878.0,4.4046311675784285e-08
9879.0,1.9227598661148013e-11
9880.0,9.523534779397389e-07
9881.0,1.6665417436213598e-10
9882.0,8.044960332043374e-12
9883.0,4.724210711190076e-13
9884.0,1.2105019096297148e-09
9885.0,6.573902693261466e-11
9886.0,3.0176236559673695e-09
9887.0,2.7498974483209005e-09
9888.0,4.45323049155442e-06
9889.0,9.952611492706804e-08
9890.0,1.5942854077857055e-11
9891.0,6.3856263080059404e-09
9892.0,6.408557255121218e-09
9893.0,1.17736507475123e-07
9894.0,5.975070184099857e-11
9895.0,8.270054828271127e-07
9896.0,9.277142060650608e-13
9897.0,1.325728644254275e-09
9898.0,4.2469513953109736e-11
9899.0,1.300821190973661e-10
9900.0,1.1311044815788736e-07
9901.0,1.496011645441509e-11
9902.0,8.713218343243747e-09
9903.0,1.4802766360406703e-07
9904.0,2.5065337049053336e-11
9905.0,6.624137381364297e-10
9906.0,9.064343229948808e-10
9907.0,4.900118698231564e-12
9908.0,5.60613298615238e-09
9909.0,1.7015555728258924e-07
9910.0,6.780012169391164e-09
9911.0,8.449415294267106e-09
9912.0,1.8566887444498116e-10
9913.0,3.0394942438959467e-10
9914.0,8.828732230556431e-11
9915.0,8.670315228572275e-10
9916.0,1.9079611430767394e-08
9917.0,2.3423920902377094e-11
9918.0,1.3962116525268357e-10
9919.0,5.015311596577837e-12
9920.0,4.4032423778949154e-10
9921.0,1.1642588125498473e-11
9922.0,5.289886270226666e-13
9923.0,8.729059501899553e-12
9924.0,3.6899815849184195e-12
9925.0,3.4340075979195027e-12
9926.0,2.7504454887094193e-09
9927.0,4.80714946536469e-10
9928.0,1.8411896287614018e-07
9929.0,7.455461791107357e-08
9930.0,3.0181453117798466e-08
9931.0,6.229071572280683e-05
9932.0,3.1565514217422565e-14
9933.0,8.355339009266102e-12
9934.0,1.6369449402266217e-09
9935.0,4.561861379533411e-09
9936.0,2.7793933808867862e-11
9937.0,3.7028808480854834e-11
9938.0,4.657741106454094e-12
9939.0,3.571628582946482e-10
9940.0,5.214905322012934e-10
9941.0,1.73294067349681e-08
9942.0,1.2035519685568403e-07
9943.0,5.9144055649296736e-08
9944.0,4.183071796107825e-10
9945.0,2.454926440796689e-10
9946.0,6.6076275641174625e-09
9947.0,1.9441504422201617e-11
9948.0,3.2529788234214056e-12
9949.0,2.9263526175999255e-11
9950.0,1.303222260842062e-08
9951.0,3.791043290123153e-09
9952.0,1.9855081523329712e-11
9953.0,3.2554256931165454e-10
9954.0,2.063007719063301e-09
9955.0,1.8837834251220878e-10
9956.0,3.919107895565221e-07
9957.0,7.936687159660093e-07
9958.0,4.763308342931417e-09
9959.0,2.62360942952366e-10
9960.0,2.5541322972036056e-15
9961.0,1.3253343914176542e-08
9962.0,2.9054095334431843e-05
9963.0,3.661139338167452e-12
9964.0,5.674872842527627e-14
9965.0,1.2897238182414083e-08
9966.0,3.97451955342275e-07
9967.0,1.2322263457351352e-08
9968.0,1.312147594529663e-06
9969.0,6.626179222706896e-11
9970.0,7.436854185560278e-13
9971.0,4.038233719848658e-09
9972.0,2.059065485501959e-09
9973.0,4.1010183669156235e-12
9974.0,1.529311047773457e-11
9975.0,1.2369072332319273e-08
9976.0,6.5478374686386296e-15
9977.0,7.344459204051825e-08
9978.0,8.606545645996939e-10
9979.0,8.296310268424078e-08
9980.0,7.724780283085584e-10
9981.0,1.4544551496622527e-13
9982.0,6.349414662040227e-11
9983.0,4.3432735630408805e-08
9984.0,2.0127958629068892e-07
9985.0,1.62289073513371e-10
9986.0,3.519411913197614e-08
9987.0,1.6238305228486344e-11
9988.0,5.775950213847788e-13
9989.0,1.1761893606511223e-11
9990.0,1.151064081200831e-06
9991.0,5.201517558317644e-12
9992.0,1.8001800243727446e-10
9993.0,1.5312335981805887e-09
9994.0,3.3027396247205086e-06
9995.0,7.271462035411057e-07
9996.0,2.504641308197541e-10
9997.0,9.064251859371709e-08
9998.0,1.6265115963108265e-09
9999.0,3.95748327570327e-10
10000.0,1.269906382812958e-10
10001.0,3.503402791430663e-09
10002.0,2.6142776981803e-09
10003.0,3.142652364771808e-07
10004.0,5.085868932295245e-11
10005.0,1.370287457303778e-10
10006.0,1.0640901878484948e-10
10007.0,2.0460787819540018e-10
10008.0,4.064873581518437e-12
10009.0,6.2614298070159246e-09
10010.0,3.2459484601579686e-10
10011.0,1.909669217438684e-11
10012.0,7.875714028361517e-06
10013.0,6.759122531619847e-09
10014.0,1.522756176172468e-10
10015.0,1.9239951672260076e-11
10016.0,5.024206835432185e-11
10017.0,4.4749529113893404e-10
10018.0,5.184012814833178e-10
10019.0,4.5713142628948787e-10
10020.0,5.218914783097721e-11
10021.0,1.517866149685192e-07
10022.0,7.689124163701418e-12
10023.0,3.7820315746906784e-10
10024.0,1.8682472707536876e-12
10025.0,1.4394184327293685e-13
10026.0,1.0314789994135417e-12
10027.0,4.974849758794801e-10
10028.0,3.295455509041434e-08
10029.0,1.887825383243988e-06
10030.0,4.367576422608106e-11
10031.0,3.489906754899252e-14
10032.0,1.7953959094499938e-11
10033.0,3.4885430053037364e-07
10034.0,8.026164076181958e-09
10035.0,2.547315595792601e-10
10036.0,3.623515365396154e-08
10037.0,3.1702767927341934e-11
10038.0,1.6485707106468584e-11
10039.0,5.441465820175215e-10
10040.0,1.553921728011569e-10
10041.0,8.975056645143511e-07
10042.0,2.0722224569679291e-10
10043.0,2.3909860349755436e-12
10044.0,1.3279479217050613e-08
10045.0,2.9600527419158456e-09
10046.0,5.126467785669489e-09
10047.0,1.8018172229563613e-10
10048.0,8.181640259275188e-05
10049.0,2.654929624632659e-07
10050.0,5.60092360150787e-09
10051.0,2.6854454272547002e-17
10052.0,7.079252413790867e-12
10053.0,1.6485052025326372e-14
10054.0,3.1978288562926052e-09
10055.0,6.577944915197374e-08
10056.0,3.61272069314854e-09
10057.0,1.330694116896782e-12
10058.0,5.499079819278154e-13
10059.0,2.2372794485083594e-11
10060.0,4.963683221119012e-14
10061.0,2.5179318956465404e-08
10062.0,8.362311164228525e-15
10063.0,5.2575951539871786e-11
10064.0,1.1981473672508966e-09
10065.0,1.5971044429848768e-08
10066.0,2.3103258071357603e-10
10067.0,8.028046093930365e-11
10068.0,8.534959500270876e-11
10069.0,4.925075348503747e-09
10070.0,1.1279908940616962e-08
10071.0,1.2003661054291198e-10
10072.0,5.570381448323454e-13
10073.0,3.851942831434897e-08
10074.0,5.721363347166764e-12
10075.0,6.031390582745139e-13
10076.0,9.544736536002519e-11
10077.0,8.520671371041538e-11
10078.0,4.1962591993394307e-08
10079.0,9.189081417076635e-10
10080.0,5.891292719993089e-13
10081.0,2.8216275484028945e-08
10082.0,1.5779565726511008e-08
10083.0,3.2631976205171875e-12
10084.0,6.252315474142011e-10
10085.0,7.23689595321296e-08
10086.0,1.7246181631288402e-11
10087.0,1.5891174205439587e-11
10088.0,1.920810833614755e-12
10089.0,2.8158723724936913e-11
10090.0,1.4578531181776726e-09
10091.0,1.4666220397372976e-09
10092.0,5.1031560483816785e-12
10093.0,1.3855925730441468e-10
10094.0,4.240203005907559e-11
10095.0,4.336054661095148e-07
10096.0,1.072353016926334e-09
10097.0,3.414006871074982e-11
10098.0,1.350107022004897e-13
10099.0,1.5472150313951032e-10
10100.0,4.91278704386827e-13
10101.0,3.0442415411782194e-08
10102.0,1.172518303790348e-10
10103.0,2.786253327432497e-10
10104.0,4.9665994356258194e-11
10105.0,2.192050933538458e-12
10106.0,3.422980122653875e-10
10107.0,1.7244386777127616e-13
10108.0,2.2815885358899076e-12
10109.0,4.142950554650403e-12
10110.0,1.6989454337166998e-09
10111.0,1.6548150200380314e-16
10112.0,3.249737400123311e-08
10113.0,1.3065974901621048e-17
10114.0,1.4424252830354467e-11
10115.0,6.336524580522499e-10
10116.0,9.518070702959967e-11
10117.0,4.9305368177488684e-12
10118.0,7.540714540230013e-09
10119.0,1.256132234194746e-10
10120.0,1.4698336161465063e-12
10121.0,1.6927814663221914e-12
10122.0,1.3345493661832758e-12
10123.0,5.106147794559017e-12
10124.0,6.2800637123213e-09
10125.0,2.1400082162494913e-10
10126.0,1.330131595899235e-09
10127.0,1.89735898836065e-09
10128.0,4.127386774805193e-10
10129.0,5.597220728356349e-16
10130.0,2.574057883418739e-11
10131.0,2.934508478470104e-08
10132.0,7.835280608253274e-13
10133.0,2.748123561399455e-10
10134.0,3.82995647872643e-13
10135.0,6.052207745133921e-07
10136.0,1.0303608622002801e-08
10137.0,1.1995120789922333e-08
10138.0,1.260209246680583e-07
10139.0,2.8588460190027273e-10
10140.0,2.891597841434956e-14
10141.0,7.949609616728319e-13
10142.0,1.7548687391262603e-13
10143.0,4.402097860276717e-13
10144.0,1.1984918140908417e-11
10145.0,2.4335513018386717e-09
10146.0,1.8185853013118313e-11
10147.0,1.8654672695803167e-08
10148.0,5.651934461226476e-13
10149.0,3.586830186343806e-13
10150.0,8.79186936355289e-10
10151.0,8.883534788850164e-11
10152.0,4.818170623505477e-13
10153.0,1.6872709048206705e-11
10154.0,1.6933852347625026e-09
10155.0,1.6785657772243615e-09
10156.0,2.2790656292813056e-14
10157.0,1.1656520095244481e-14
10158.0,6.53023378713668e-13
10159.0,7.01773202852651e-11
10160.0,1.009398746380781e-11
10161.0,3.202000136489429e-11
10162.0,3.2226358670479787e-10
10163.0,1.500370027090874e-11
10164.0,2.6462009215193377e-08
10165.0,6.569004645374603e-11
10166.0,5.199713458074605e-12
10167.0,1.9004436219409702e-10
10168.0,3.067303854963434e-08
10169.0,1.229228968967592e-06
10170.0,6.112713818523631e-08
10171.0,3.2590195405352725e-06
10172.0,7.126341155619265e-07
10173.0,4.814691938178317e-08
10174.0,1.3037428454782999e-10
10175.0,3.974931218271118e-09
10176.0,1.4643876075009921e-08
10177.0,6.3208770161426775e-09
10178.0,2.3533597567644054e-10
10179.0,1.6154923673112833e-09
10180.0,1.4843729076937407e-08
10181.0,7.216187558438552e-10
10182.0,9.750289569691498e-12
10183.0,6.99709642894041e-12
10184.0,4.4615182360185963e-07
10185.0,3.226159984075174e-06
10186.0,2.731457345168719e-09
10187.0,5.26217701664334e-08
10188.0,1.3146708444385777e-07
10189.0,6.410515550041205e-06
10190.0,2.534190781235772e-08
10191.0,6.972678276854309e-08
10192.0,5.719977663753135e-09
10193.0,5.96366380558498e-11
10194.0,1.5664645544280395e-10
10195.0,1.8139889698101342e-11
10196.0,7.84870131803716e-13
10197.0,2.2992357351691378e-10
10198.0,7.489051075921957e-11
10199.0,9.650799890208108e-10
10200.0,3.3882616066511895e-11
10201.0,2.952542679244074e-10
10202.0,2.0202510554444085e-08
10203.0,3.712426202164324e-08
10204.0,0.0001398002479603669
10205.0,5.528000057012701e-11
10206.0,3.2111520250600756e-11
10207.0,5.202285039842219e-10
10208.0,1.4000857460629837e-10
10209.0,2.096931354725395e-07
10210.0,4.740198829907963e-13
10211.0,1.6296089797991445e-09
10212.0,5.696905821879008e-11
10213.0,2.2008087909164469e-10
10214.0,5.037853735449059e-09
10215.0,1.483729589386758e-10
10216.0,2.1176028795558114e-10
10217.0,1.4836356747338343e-10
10218.0,5.387760919255435e-09
10219.0,5.325502952655887e-05
10220.0,1.1364607767589842e-07
10221.0,2.3859533885958527e-09
10222.0,1.4289200774236436e-12
10223.0,1.7081558287440646e-09
10224.0,1.5969969316743915e-11
10225.0,1.2086508456827546e-10
10226.0,3.427252811471392e-11
10227.0,2.3260886765732832e-09
10228.0,5.6493830721009966e-09
10229.0,8.894240031747168e-11
10230.0,1.6196382991234528e-11
10231.0,1.1713158565208672e-11
10232.0,3.682173089064976e-12
10233.0,7.297383825477565e-10
10234.0,1.8967505131411095e-13
10235.0,2.4931913957436663e-11
10236.0,1.1051771081376866e-08
10237.0,4.533581726037745e-07
10238.0,1.8637599372307912e-10
10239.0,1.3891894694293758e-12
10240.0,5.146240482623354e-13
10241.0,5.935976443140541e-10
10242.0,6.9934538649742865e-06
10243.0,1.6738579451002955e-09
10244.0,2.569957090476509e-09
10245.0,4.079082425510177e-11
10246.0,4.0331907446882584e-10
10247.0,1.9410250208618266e-08
10248.0,6.60235771352651e-09
10249.0,2.5309910517920564e-07
10250.0,5.217690521519262e-07
10251.0,4.1399341056177035e-05
10252.0,9.97301694588383e-10
10253.0,1.1431514441248982e-10
10254.0,6.910355393544274e-09
10255.0,1.663526310077392e-11
10256.0,4.746593118455586e-10
10257.0,2.6525289885296086e-08
10258.0,4.576324737296056e-09
10259.0,1.6491687464347246e-06
10260.0,1.1320142239021546e-05
10261.0,6.630871571267233e-12
10262.0,5.943565342318678e-14
10263.0,1.1207382691464564e-10
10264.0,4.3275213933200005e-13
10265.0,3.227464687650689e-08
10266.0,9.116350583672267e-12
10267.0,5.979411872225856e-10
10268.0,4.4016799868695817e-08
10269.0,3.7448584573227596e-11
10270.0,4.196629953259325e-08
10271.0,1.2317439732873845e-10
10272.0,2.8860679666812785e-17
10273.0,1.997319261592404e-08
10274.0,1.1195388822018288e-10
10275.0,5.96085888973174e-10
10276.0,5.138991310465467e-08
10277.0,1.6066993757670703e-09
10278.0,1.381129930797471e-08
10279.0,8.438707115965054e-07
10280.0,4.52050881610252e-08
10281.0,1.5718810542247587e-12
10282.0,9.046862755307176e-10
10283.0,2.109577936768015e-11
10284.0,1.9987411001405257e-10
10285.0,2.9503032170307306e-10
10286.0,1.2927019487951963e-11
10287.0,7.6444247838492e-10
10288.0,2.1153593158211965e-13
10289.0,4.951861291673463e-10
10290.0,4.309002846705529e-13
10291.0,7.038643477356557e-15
10292.0,6.6467348974003e-10
10293.0,9.581667297968928e-12
10294.0,4.399268483401038e-11
10295.0,5.345571529165539e-06
10296.0,5.7534627543814224e-09
10297.0,8.52868958680549e-08
10298.0,1.3637558435150012e-09
10299.0,3.322858790790969e-11
10300.0,3.306144472730241e-08
10301.0,1.0442735490212147e-08
10302.0,4.715652916369406e-10
10303.0,9.71365638685875e-09
10304.0,6.349621295634154e-07
10305.0,4.6476044240155776e-10
10306.0,3.690952466345559e-12
10307.0,3.0979725654429217e-09
10308.0,3.182205890129113e-08
10309.0,4.226636084670035e-09
10310.0,9.57730850882046e-11
10311.0,9.632562011321929e-09
10312.0,2.872850655651685e-07
10313.0,8.190824599709776e-09
10314.0,7.675037049698444e-13
10315.0,1.1716927368925574e-09
10316.0,3.512060473231532e-09
10317.0,1.273301581163953e-10
10318.0,8.161377827243296e-11
10319.0,8.018665621675148e-09
10320.0,3.732040056230498e-16
10321.0,2.02622792226951e-13
10322.0,5.05683732944001e-09
10323.0,2.2879326847010642e-14
10324.0,3.5654706994905535e-13
10325.0,5.866594752294871e-15
10326.0,2.4928357320119606e-09
10327.0,1.1235232838428549e-09
10328.0,4.451842785869717e-09
10329.0,6.9518434402754394e-09
10330.0,1.7242624237678683e-10
10331.0,4.028557528000308e-12
10332.0,8.773489743570407e-11
10333.0,4.343188591516843e-11
10334.0,1.5531429053493474e-07
10335.0,1.6276551927506383e-11
10336.0,2.0503116624210556e-14
10337.0,1.6492642734962463e-09
10338.0,2.36831098415417e-10
10339.0,4.404593474015664e-09
10340.0,1.1026925259346946e-10
10341.0,1.2398861266767031e-09
10342.0,8.571445365874175e-13
10343.0,7.393649372788092e-06
10344.0,2.321984360184127e-10
10345.0,7.679043131872913e-08
10346.0,4.1864594609261134e-11
10347.0,3.995841616738486e-08
10348.0,2.8146428231105472e-11
10349.0,3.816887709396413e-09
10350.0,2.812767029522544e-11
10351.0,1.0016566613606958e-13
10352.0,5.566768556396966e-10
10353.0,1.6327566400956997e-10
10354.0,4.292258945357473e-11
10355.0,2.5576404227233676e-10
10356.0,8.16345853805908e-10
10357.0,5.835552353696051e-11
10358.0,1.7885479766865463e-06
10359.0,3.603451284998899e-08
10360.0,4.873863842024533e-12
10361.0,5.30113664695253e-07
10362.0,1.748985850334676e-11
10363.0,4.476832330073572e-11
10364.0,3.13657593745935e-12
10365.0,4.0072511921307374e-11
10366.0,1.6649225342305135e-10
10367.0,6.754550438111556e-05
10368.0,1.9329168979657562e-11
10369.0,5.919317844142761e-11
10370.0,3.7285793323288955e-08
10371.0,3.078959311191913e-09
10372.0,1.973454926922719e-12
10373.0,1.3636954452864837e-10
10374.0,3.2916665447831336e-06
10375.0,2.5415145211030064e-10
10376.0,3.753600705631904e-09
10377.0,5.294808859319153e-10
10378.0,3.562164058703274e-09
10379.0,1.2730544366703701e-09
10380.0,1.7762996371184777e-07
10381.0,5.853469420112635e-12
10382.0,2.100943855211915e-09
10383.0,7.610639133540716e-12
10384.0,1.8310461624632362e-09
10385.0,2.1927533128844108e-11
10386.0,3.193773683156485e-11
10387.0,2.7866525608219134e-10
10388.0,9.752183301633631e-14
10389.0,1.3639308108698533e-08
10390.0,1.979403181807845e-07
10391.0,2.5751310389314697e-09
10392.0,1.3503681520816782e-09
10393.0,2.540510349517148e-10
10394.0,3.815643849182751e-08
10395.0,1.3418636018312359e-11
10396.0,1.6090660041257238e-14
10397.0,6.968911480218944e-12
10398.0,1.032788060660402e-12
10399.0,6.319152557182174e-09
10400.0,6.893170263642682e-13
10401.0,4.753876940630276e-07
10402.0,7.545471347475881e-09
10403.0,4.5330141982793516e-10
10404.0,9.45357510765416e-10
10405.0,5.320183877973446e-16
10406.0,1.9096154311777243e-11
10407.0,1.9170327964006083e-07
10408.0,1.6626369126730303e-09
10409.0,5.726041037582761e-09
10410.0,1.4821151189010805e-11
10411.0,7.47290852458932e-13
10412.0,2.587634958047778e-10
10413.0,2.7142987681215358e-08
10414.0,1.279245064858329e-10
10415.0,1.0849757148922871e-08
10416.0,7.883635593772054e-11
10417.0,2.0267518776441954e-08
10418.0,2.7026287061179462e-11
10419.0,4.794524490091311e-10
10420.0,9.018390876032326e-10
10421.0,1.4612509583177084e-09
10422.0,6.22972256358649e-10
10423.0,5.859576259944444e-12
10424.0,6.121737247444608e-10
10425.0,1.340377635445381e-08
10426.0,9.561322505279667e-12
10427.0,1.032654198574576e-08
10428.0,3.797388516101246e-09
10429.0,4.295693553922942e-07
10430.0,7.006683505678714e-09
10431.0,1.2674232565186828e-09
10432.0,3.689930953648502e-12
10433.0,1.8257554632507302e-08
10434.0,2.7761065471464374e-10
10435.0,6.812716273139167e-08
10436.0,5.96629982528793e-11
10437.0,4.997980359315914e-10
10438.0,1.1593988995751917e-07
10439.0,1.2015272629012745e-11
10440.0,5.991524113051965e-10
10441.0,6.694985181751711e-11
10442.0,3.289552021052969e-12
10443.0,8.230163617781573e-10
10444.0,1.450123564855411e-08
10445.0,4.6432140003956826e-12
10446.0,3.6994328683011452e-09
10447.0,1.3490750244348955e-10
10448.0,3.481709092299642e-10
10449.0,9.25502874711351e-10
10450.0,2.3829475249542216e-08
10451.0,4.5595771340176184e-08
10452.0,1.4673251666715442e-07
10453.0,9.9611062242614e-09
10454.0,1.8702990693928467e-11
10455.0,2.3744076574088404e-08
10456.0,3.5936107854572845e-12
10457.0,1.1299228432317446e-09
10458.0,8.47857634867947e-08
10459.0,1.5564694939664015e-09
10460.0,9.067861203599477e-11
10461.0,2.7384801011867133e-08
10462.0,1.46815410385165e-09
10463.0,1.0849702162264349e-10
10464.0,6.908709063085131e-11
10465.0,3.9108511643190966e-11
10466.0,1.3923082245850837e-10
10467.0,2.234588040197408e-13
10468.0,9.298367521776037e-09
10469.0,3.996998813652625e-10
10470.0,6.127511754443435e-13
10471.0,5.481021963896138e-13
10472.0,9.65217639392267e-11
10473.0,2.4209495007644825e-10
10474.0,1.0434638461384217e-09
10475.0,9.55332040777049e-10
10476.0,2.7344777676422545e-09
10477.0,4.781822730460412e-06
10478.0,9.743676546684664e-10
10479.0,7.0699670299291765e-12
10480.0,4.808301898751728e-12
10481.0,3.1419713556125062e-12
10482.0,1.7477283435834896e-10
10483.0,9.898229026781363e-09
10484.0,6.143177262052399e-08
10485.0,2.768879802823342e-10
10486.0,5.156038495584907e-11
10487.0,6.71941718189467e-11
10488.0,7.321401694156037e-12
10489.0,7.007625397632772e-10
10490.0,5.858342391181445e-07
10491.0,2.1930761532973248e-09
10492.0,3.781066889916107e-10
10493.0,1.36836854489427e-09
10494.0,9.276593174334435e-11
10495.0,4.786720330097621e-08
10496.0,5.84103534663239e-11
10497.0,2.0346521904730545e-09
10498.0,1.0491698735448285e-12
10499.0,6.442907873251998e-10
10500.0,1.1464495411322489e-09
10501.0,7.331951701225628e-09
10502.0,4.129802548893806e-09
10503.0,6.4195287228328e-13
10504.0,8.040223367121582e-08
10505.0,8.044066800785419e-08
10506.0,4.161522139017787e-11
10507.0,2.6320894772841853e-11
10508.0,9.820291806541775e-13
10509.0,4.379592933774359e-09
10510.0,3.4512462011224143e-10
10511.0,6.393490543905738e-12
10512.0,5.5304759426311706e-08
10513.0,1.8317411956553013e-09
10514.0,2.8625759238196105e-10
10515.0,2.2035806797737578e-10
10516.0,3.789150956890423e-13
10517.0,3.7626284986727626e-08
10518.0,5.2061476436152664e-11
10519.0,3.3162527304214605e-08
10520.0,1.0821314135311158e-11
10521.0,4.918477140304582e-09
10522.0,3.1733193545764395e-10
10523.0,2.3484719670832252e-09
10524.0,5.43147044454034e-09
10525.0,2.292677079901116e-09
10526.0,1.2711274804902333e-11
10527.0,1.0767178504409734e-07
10528.0,9.010009785895653e-09
10529.0,1.4000994346604733e-08
10530.0,1.0281815871050791e-09
10531.0,0.0027459275875372485
10532.0,4.8066212726759104e-09
10533.0,1.218506860134588e-10
10534.0,1.0811338482364646e-10
10535.0,7.0821656057240915e-09
10536.0,6.721584257191674e-13
10537.0,9.888876438422561e-09
10538.0,1.199410658771147e-10
10539.0,1.0760642860998591e-13
10540.0,1.6690752930170377e-11
10541.0,1.2979793008307696e-11
10542.0,1.2049264424987647e-10
10543.0,7.462668421017777e-11
10544.0,5.187499108571991e-12
10545.0,1.1938830438271204e-11
10546.0,5.4930355313816876e-11
10547.0,1.623438736251889e-09
10548.0,1.3125175543596184e-11
10549.0,1.9701679265784358e-12
10550.0,1.3106685515829538e-10
10551.0,4.665512222197495e-10
10552.0,2.5257751301773013e-10
10553.0,3.803071784170918e-06
10554.0,5.277525974097102e-10
10555.0,1.1148538011159922e-07
10556.0,1.209750514484464e-09
10557.0,2.0848503009741044e-09
10558.0,1.2574683103972021e-09
10559.0,2.7888202455209902e-09
10560.0,3.3441817140070187e-09
10561.0,1.8942917087583622e-09
10562.0,5.967964470154082e-11
10563.0,8.116529169771655e-10
10564.0,1.1289664207190783e-08
10565.0,1.38474054503405e-10
10566.0,1.924255360204617e-09
10567.0,4.8817234784926435e-08
10568.0,5.456270507762009e-07
10569.0,2.6039962820304857e-08
10570.0,2.5051286166411215e-08
10571.0,2.6434250256780788e-08
10572.0,3.296230956052375e-14
10573.0,1.2219702034284156e-10
10574.0,6.680046635895346e-13
10575.0,8.635756690287645e-09
10576.0,1.2204191555535685e-11
10577.0,3.3769730129593715e-09
10578.0,1.304886320407343e-09
10579.0,6.274481009940075e-12
10580.0,1.4178777338553939e-12
10581.0,6.194923495196801e-09
10582.0,7.774072445642376e-11
10583.0,9.027471215808275e-11
10584.0,1.0814019047871635e-08
10585.0,3.832117840443279e-09
10586.0,4.961456692756062e-12
10587.0,1.1741798663767269e-13
10588.0,1.2577412695492117e-09
10589.0,1.1469311777873729e-10
10590.0,8.40520604061767e-14
10591.0,2.8413435176856364e-08
10592.0,5.453019874291121e-07
10593.0,2.802320002629488e-10
10594.0,8.534092283620413e-10
10595.0,4.851474327125422e-14
10596.0,3.7804958578751605e-09
10597.0,2.566081722444798e-07
10598.0,8.86148634864342e-08
10599.0,9.666738442314304e-08
10600.0,3.1562634141322053e-09
10601.0,3.293701929057394e-11
10602.0,1.125147992819224e-10
10603.0,3.4132908273426813e-12
10604.0,1.182616512482403e-09
10605.0,8.28936425886798e-11
10606.0,7.86834665201838e-09
10607.0,1.8499157458200223e-12
10608.0,1.4785565189221914e-08
10609.0,3.401939940627219e-11
10610.0,6.500746799780132e-14
10611.0,8.529769645698987e-10
10612.0,9.657364343683118e-11
10613.0,5.906758316783675e-09
10614.0,4.989626882307642e-11
10615.0,1.8390426014289184e-06
10616.0,5.738368641909096e-14
10617.0,1.9618924853136686e-07
10618.0,7.557314459126423e-16
10619.0,2.287879758533124e-11
10620.0,1.0957346352358115e-08
10621.0,1.504152320048508e-12
10622.0,7.610863739607772e-11
10623.0,1.2869706891693582e-12
10624.0,3.819735959140494e-11
10625.0,3.610862647769265e-11
10626.0,8.181342121594226e-11
10627.0,1.7622541080169334e-09
10628.0,1.146651296376e-10
10629.0,1.248512325352037e-07
10630.0,7.695545368167164e-07
10631.0,2.0133961248910774e-11
10632.0,1.9361721127357732e-08
10633.0,3.6952147372394693e-09
10634.0,1.286922289582437e-10
10635.0,4.388285526573152e-11
10636.0,3.863555084477543e-11
10637.0,2.0637169898050042e-10
10638.0,1.0697887550555762e-09
10639.0,5.147057355809195e-09
10640.0,1.471286978321723e-07
10641.0,3.394696780663547e-09
10642.0,1.594199216458689e-11
10643.0,1.383081290589925e-07
10644.0,2.9036126324994342e-08
10645.0,1.5971456440553623e-08
10646.0,6.927550661361961e-11
10647.0,2.1561978172270505e-08
10648.0,1.2979483407078198e-10
10649.0,2.3567294996832328e-08
10650.0,4.67032338354017e-12
10651.0,4.945763092534284e-12
10652.0,7.074656876649917e-08
10653.0,3.650948187153846e-12
10654.0,3.4057243930285936e-08
10655.0,7.327912269485294e-11
10656.0,7.781245628503794e-11
10657.0,2.076266699463951e-09
10658.0,4.649146819064986e-09
10659.0,5.54492239553641e-10
10660.0,2.839407335906167e-10
10661.0,3.1891223420736185e-11
10662.0,1.1046614014028168e-12
10663.0,5.2837380994542755e-09
10664.0,2.7195148097035006e-08
10665.0,1.6070407204131105e-13
10666.0,3.2800776998038614e-12
10667.0,4.98942601118718e-10
10668.0,5.335149907965654e-13
10669.0,9.951957837564586e-11
10670.0,7.708070625684436e-11
10671.0,4.9595748204203196e-14
10672.0,1.156830048916669e-17
10673.0,4.1859710826311603e-13
10674.0,2.1969484704056447e-15
10675.0,5.943856483641276e-14
10676.0,5.532512675097926e-12
10677.0,1.3909552357906398e-12
10678.0,2.43945177960657e-13
10679.0,8.433083997354709e-12
10680.0,4.178690709566246e-12
10681.0,9.310655060155203e-15
10682.0,2.4423353443174473e-12
10683.0,4.490554543276613e-17
10684.0,2.400963549646556e-11
10685.0,5.0677840608417836e-11
10686.0,6.890320849693738e-11
10687.0,1.60129925059769e-12
10688.0,9.29886870814636e-13
10689.0,1.6402941614214547e-14
10690.0,4.9656625097692024e-11
10691.0,2.081428399323684e-15
10692.0,1.2192929466923616e-15
10693.0,3.8212065216961726e-13
10694.0,9.332884540380194e-10
10695.0,4.296399746349414e-11
10696.0,7.175582308636785e-12
10697.0,1.1370753257920685e-11
10698.0,2.415335284175416e-08
10699.0,2.4427874461402778e-14
10700.0,4.018985961599543e-12
10701.0,1.4460531318824448e-09
10702.0,1.0882668717649542e-09
10703.0,3.7241931850615736e-07
10704.0,5.6925189974175944e-11
10705.0,2.2717824814042375e-12
10706.0,5.151900408181507e-14
10707.0,1.456929622698245e-10
10708.0,1.0587538689974213e-13
10709.0,2.981512123713303e-14
10710.0,1.2393116424466973e-08
10711.0,2.1984876847105938e-13
10712.0,8.095043759243786e-15
10713.0,1.2446643728158752e-07
10714.0,1.276347758622642e-14
10715.0,7.602437080121804e-12
10716.0,1.3889194729653682e-10
10717.0,2.394226461430931e-11
10718.0,1.0424111712508662e-09
10719.0,5.909735612901252e-10
10720.0,6.325059617675126e-13
10721.0,5.303834865807904e-08
10722.0,8.434411792698093e-12
10723.0,5.183577444253712e-09
10724.0,1.8190951245288368e-07
10725.0,2.1557909112665304e-07
10726.0,5.602502779090293e-09
10727.0,2.1858617824261282e-10
10728.0,1.6315577805628768e-12
10729.0,8.096128213069101e-09
10730.0,6.448881511978808e-14
10731.0,1.6270884189025186e-10
10732.0,2.604715531305936e-09
10733.0,8.050968899829076e-10
10734.0,8.820313568651825e-11
10735.0,6.0280585661559445e-06
10736.0,1.6893410325738533e-07
10737.0,2.5020363089044892e-06
10738.0,6.008242853300376e-09
10739.0,3.852083715945044e-11
10740.0,4.4363559486047283e-10
10741.0,1.584522105034119e-07
10742.0,4.5015371146590615e-11
10743.0,1.424498909658615e-10
10744.0,5.440914591545636e-11
10745.0,7.104737824133436e-14
10746.0,7.309638789803626e-12
10747.0,6.827866096468996e-13
10748.0,1.220558881301832e-10
10749.0,1.790856834205664e-11
10750.0,1.2364447995736258e-12
10751.0,6.662840950175284e-08
10752.0,1.7649472275591476e-09
10753.0,3.154797052518692e-13
10754.0,6.337735209751874e-12
10755.0,7.780401855014931e-08
10756.0,2.0407224521319908e-10
10757.0,1.173793505989333e-09
10758.0,9.97011550109646e-14
10759.0,2.653985255030398e-08
10760.0,1.6376643439009485e-14
10761.0,1.344145170222582e-12
10762.0,2.64638761081402e-12
10763.0,4.300142502183775e-11
10764.0,6.419516393750245e-08
10765.0,1.1546952027665808e-10
10766.0,2.580878005501644e-12
10767.0,4.926078920736763e-14
10768.0,3.545675064509234e-13
10769.0,3.6076360289860287e-08
10770.0,7.194728413745996e-12
10771.0,3.771519420125618e-11
10772.0,3.848861846235198e-10
10773.0,9.54487028374222e-10
10774.0,1.97016590753229e-10
10775.0,4.406115433765121e-09
10776.0,3.936587463054912e-10
10777.0,2.7909127291471736e-13
10778.0,8.335117556557764e-06
10779.0,1.4563273001588938e-09
10780.0,7.072731643681616e-09
10781.0,5.159346593553433e-12
10782.0,1.094471841051101e-11
10783.0,8.234357268510685e-14
10784.0,6.066037186495526e-11
10785.0,3.736292957823051e-14
10786.0,4.1486934103906835e-10
10787.0,1.8051658674346314e-09
10788.0,5.44607505305575e-12
10789.0,1.446520116441529e-09
10790.0,2.2434871721823303e-13
10791.0,7.997775067764872e-11
10792.0,5.359605934097782e-11
10793.0,1.5046856466795917e-10
10794.0,1.274472277027045e-08
10795.0,9.063608399273471e-14
10796.0,2.2434802976921974e-12
10797.0,7.016135201813926e-12
10798.0,1.7235829970722683e-12
10799.0,4.526289713076197e-15
10800.0,7.928796252586957e-10
10801.0,3.040835128278419e-09
10802.0,2.2825424573886736e-12
10803.0,2.1183592399591454e-13
10804.0,3.293574147476523e-13
10805.0,1.5511566060093283e-12
10806.0,5.7827920497409796e-12
10807.0,1.0378628579919771e-13
10808.0,6.761905178196756e-10
10809.0,5.931960743797461e-12
10810.0,4.5156123744373964e-10
10811.0,1.0720267546960459e-11
10812.0,4.500426438544059e-08
10813.0,2.2841001126409533e-10
10814.0,1.3657567071377684e-10
10815.0,2.2127945765160857e-07
10816.0,1.823998924602659e-12
10817.0,4.4422093746818804e-07
10818.0,3.968097192076857e-11
10819.0,5.338340292424287e-07
10820.0,1.897962704477813e-12
10821.0,9.803422009666658e-08
10822.0,7.906740470385581e-11
10823.0,4.941804024786678e-13
10824.0,2.3944119512623694e-09
10825.0,2.276531513978653e-11
10826.0,4.122978901138858e-10
10827.0,1.3278109340105898e-12
10828.0,6.39734101380048e-12
10829.0,6.032906524249974e-07
10830.0,1.435760633697234e-09
10831.0,1.8765956239671397e-08
10832.0,2.7009531381033603e-13
10833.0,3.0150734130664294e-09
10834.0,1.554405744336379e-09
10835.0,3.2253428210876675e-11
10836.0,6.595958512119164e-08
10837.0,3.4239867685953586e-09
10838.0,1.0897126917683191e-13
10839.0,3.870862398565603e-11
10840.0,2.973059179502727e-08
10841.0,2.339040057661135e-10
10842.0,7.768982738718446e-09
10843.0,3.4057876645112392e-12
10844.0,1.263671050984181e-09
10845.0,5.353053041220935e-10
10846.0,4.161665571460847e-14
10847.0,1.3970883935472066e-13
10848.0,3.7392912746024414e-06
10849.0,1.5503180779211797e-10
10850.0,0.018862486404072752
10851.0,5.1652327685976145e-05
10852.0,4.690326322992911e-12
10853.0,9.129561865907817e-13
10854.0,3.9660613266362013e-10
10855.0,9.982837384067473e-10
10856.0,4.912170275212485e-12
10857.0,5.797044859215902e-10
10858.0,3.2624737697867075e-13
10859.0,7.946436923914873e-10
10860.0,7.937760863917585e-10
10861.0,2.0018506108104038e-10
10862.0,2.5022009142326074e-12
10863.0,3.928242701014046e-10
10864.0,2.116427803619313e-10
10865.0,1.4300963552859902e-08
10866.0,4.539072394090609e-09
10867.0,6.935846761935191e-09
10868.0,1.5136676101811683e-10
10869.0,2.331835133894658e-12
10870.0,1.4737442523268134e-05
10871.0,1.1774390363096755e-14
10872.0,1.9167098719142437e-12
10873.0,1.7290015106815017e-12
10874.0,1.4798751010075744e-08
10875.0,1.0668520557771745e-08
10876.0,2.4683384128188933e-11
10877.0,9.508832440378941e-14
10878.0,2.4668740229151395e-09
10879.0,1.2445397244405623e-10
10880.0,2.8051754973175827e-12
10881.0,1.2369780003341446e-07
10882.0,2.1796559101904323e-13
10883.0,8.017762828270984e-10
10884.0,9.16434827458407e-09
10885.0,1.6375756074013485e-09
10886.0,4.491684240896303e-11
10887.0,7.919294695207013e-13
10888.0,4.8836841491040624e-12
10889.0,7.813505263133395e-11
10890.0,1.4380860521981676e-11
10891.0,3.795988941383845e-09
10892.0,2.343663678683293e-11
10893.0,1.663081738541758e-09
10894.0,1.4136464341589955e-11
10895.0,1.4931394356207458e-10
10896.0,9.526048444678904e-10
10897.0,1.562131420159179e-09
10898.0,1.0720703079275594e-08
10899.0,2.827042659918303e-10
10900.0,1.1247439687478958e-11
10901.0,1.0205634348072043e-13
10902.0,1.7366169626390012e-08
10903.0,1.678759352708647e-09
10904.0,1.4202113778672775e-11
10905.0,1.5758914372762684e-09
10906.0,7.921319194144818e-09
10907.0,6.417830819423672e-10
10908.0,1.4474517098356424e-08
10909.0,3.5045364498445404e-10
10910.0,1.1246224209377257e-08
10911.0,5.223550722236494e-07
10912.0,1.499090696696387e-05
10913.0,2.8532104560391823e-06
10914.0,3.0411587846490395e-13
10915.0,9.131677160397707e-08
10916.0,2.2378392774921067e-10
10917.0,6.782560474721689e-06
10918.0,8.901394911575675e-09
10919.0,3.660116439710114e-12
10920.0,1.103872434614715e-09
10921.0,2.522370487738331e-11
10922.0,6.204979927074144e-10
10923.0,4.566442765829374e-10
10924.0,6.074529704979435e-11
10925.0,6.194373961195694e-11
10926.0,1.8382010042042373e-08
10927.0,9.982964027168921e-11
10928.0,4.9873314111275016e-08
10929.0,2.6218873953869038e-12
10930.0,3.186921137805019e-10
10931.0,1.6248646023177332e-10
10932.0,8.208252512645005e-09
10933.0,6.404185442069332e-10
10934.0,1.0103903362013958e-10
10935.0,5.476351566622774e-08
10936.0,1.5642133939713829e-07
10937.0,2.5281026252238205e-07
10938.0,4.5107857411470206e-10
10939.0,9.79984022413374e-09
10940.0,1.9451731357034756e-09
10941.0,3.47274676865845e-11
10942.0,4.583724243072896e-13
10943.0,5.146767446771459e-12
10944.0,1.3922909957291902e-08
10945.0,9.904270210991188e-11
10946.0,2.0816770749935038e-11
10947.0,1.1128042141638136e-06
10948.0,6.454734013400929e-10
10949.0,1.7486779490479262e-11
10950.0,1.7535443151960996e-11
10951.0,4.184243071599552e-08
10952.0,1.2558735351068637e-09
10953.0,3.096877020172208e-08
10954.0,1.593942632623607e-10
10955.0,8.28051328485066e-11
10956.0,9.428018587401328e-14
10957.0,9.313973923111163e-13
10958.0,1.2427385581504207e-08
10959.0,5.570407868287567e-12
10960.0,4.510604157505548e-13
10961.0,4.2302551096407185e-14
10962.0,6.591321691316087e-09
10963.0,4.431897236923575e-10
10964.0,3.000257078870672e-11
10965.0,4.7107374679350655e-09
10966.0,1.0092664293726223e-07
10967.0,1.0725458108061076e-08
10968.0,3.6861178639049477e-09
10969.0,5.958843390039695e-09
10970.0,1.618578897502043e-10
10971.0,1.861943552947016e-10
10972.0,1.722937456938962e-11
10973.0,2.8176177824380086e-09
10974.0,1.1144668808473443e-11
10975.0,1.7208067451536513e-09
10976.0,1.2903463690160324e-09
10977.0,5.371098021886009e-11
10978.0,1.835497650692827e-10
10979.0,6.620179636835405e-08
10980.0,1.3446777627022267e-07
10981.0,1.1614889766256227e-12
10982.0,4.116481412505075e-12
10983.0,1.0969193049115333e-10
10984.0,2.4707805863849145e-08
10985.0,2.209890524701406e-09
10986.0,1.1822081187769532e-08
10987.0,3.5796869477541776e-11
10988.0,1.575147402182007e-10
10989.0,1.4687933649092755e-11
10990.0,3.7292663635477913e-10
10991.0,4.3215086396988963e-10
10992.0,4.4228810471507757e-08
10993.0,1.9367324462076903e-11
10994.0,2.1277473222518986e-10
10995.0,5.1396239677310265e-12
10996.0,3.4910402517371015e-08
10997.0,3.5841198157681025e-09
10998.0,3.0415050914096926e-12
10999.0,1.527539597880982e-09
11000.0,2.8202983192176268e-09
11001.0,1.838617647588247e-07
11002.0,5.504291578121406e-06
11003.0,1.803625036793374e-09
11004.0,8.022269328306861e-10
11005.0,1.4071303757721226e-08
11006.0,3.31196446829331e-10
11007.0,1.1004837521892034e-13
11008.0,2.3176501583943407e-09
11009.0,1.2812057175508142e-11
11010.0,1.66697804880545e-08
11011.0,5.490443200075696e-10
11012.0,4.695278529090642e-11
11013.0,6.031060495773521e-08
11014.0,2.1925167655794787e-11
11015.0,1.641759465148532e-10
11016.0,3.776963711058395e-09
11017.0,2.3049684014404083e-10
11018.0,1.9274540577791022e-09
11019.0,1.1503079506396312e-08
11020.0,5.479513033884446e-12
11021.0,2.4628678828377802e-12
11022.0,1.2276694001974194e-08
11023.0,8.029150377117959e-10
11024.0,4.946560047868327e-09
11025.0,4.398923497046104e-10
11026.0,1.3226771159636936e-10
11027.0,8.220434906954648e-08
11028.0,2.6017988122918674e-09
11029.0,6.553434167978795e-11
11030.0,1.638087647623532e-08
11031.0,2.827374031836799e-10
11032.0,3.5131782535794284e-09
11033.0,2.985110130138599e-13
11034.0,1.4570066783667086e-08
11035.0,5.099284791270561e-07
11036.0,5.069987973169048e-12
11037.0,5.55087433985687e-10
11038.0,5.491753696384469e-08
11039.0,8.868319282532547e-08
11040.0,4.855289725270755e-11
11041.0,1.2285909702677743e-12
11042.0,4.357600523121344e-09
11043.0,2.476795140669675e-12
11044.0,2.790151236674451e-10
11045.0,2.8774296428455535e-09
11046.0,2.373030667155325e-08
11047.0,7.453480400071035e-09
11048.0,2.0810290826092596e-09
11049.0,7.694811206382894e-11
11050.0,9.605363048462461e-09
11051.0,6.758615357227941e-08
11052.0,7.804793143119081e-12
11053.0,1.3229999140434413e-09
11054.0,1.0401553413027776e-11
11055.0,1.9929156396084554e-11
11056.0,6.194602203280482e-09
11057.0,7.767182774184801e-09
11058.0,3.063308537180621e-11
11059.0,1.2077316368667798e-09
11060.0,2.3483634275656027e-12
11061.0,1.924097988663868e-11
11062.0,3.35554318423292e-09
11063.0,6.765484580016762e-12
11064.0,2.279764788528524e-10
11065.0,1.1070072162082105e-10
11066.0,1.361572385945557e-07
11067.0,9.469894207845177e-09
11068.0,1.1260169766283926e-09
11069.0,9.143834885873533e-10
11070.0,5.189909484933728e-08
11071.0,3.5388193457996416e-10
11072.0,7.062631685504073e-08
11073.0,2.447103598637759e-11
11074.0,3.904145256992023e-08
11075.0,1.370029049021476e-11
11076.0,5.572349084737556e-12
11077.0,1.4803344169801417e-07
11078.0,2.406659927168065e-10
11079.0,1.0725401461780164e-10
11080.0,4.202338753243009e-07
11081.0,3.050299022464814e-12
11082.0,1.9255304024898283e-10
11083.0,4.210487696770195e-12
11084.0,2.2693161334823444e-10
11085.0,2.1889736522192452e-08
11086.0,7.08795570766425e-10
11087.0,6.444761013747736e-08
11088.0,1.17914198230626e-10
11089.0,1.4155589820924653e-10
11090.0,1.0427554592583255e-09
11091.0,8.647165669025336e-09
11092.0,6.407112231605793e-10
11093.0,5.051038725544539e-10
11094.0,1.763017285575803e-11
11095.0,2.5142576788769203e-08
11096.0,2.7478987034597706e-10
11097.0,2.579191423270638e-08
11098.0,5.19522576510985e-10
11099.0,5.57601596315107e-08
11100.0,6.442382263347179e-14
11101.0,3.595368918781013e-11
11102.0,4.417803421049788e-08
11103.0,4.042166339123671e-10
11104.0,3.748474610937248e-10
11105.0,2.4505605874636343e-10
11106.0,3.536837647638191e-10
11107.0,4.668469134701875e-06
11108.0,8.817225227346605e-08
11109.0,1.2212622058613767e-11
11110.0,2.4783553229101374e-11
11111.0,2.152277804757245e-12
11112.0,3.468198917124353e-10
11113.0,3.4167332074420405e-08
11114.0,8.370404589676506e-11
11115.0,2.0394135442099596e-08
11116.0,2.088048577758037e-12
11117.0,7.401768084809907e-13
11118.0,2.9339451945183708e-09
11119.0,8.240200799077028e-13
11120.0,7.663407574969815e-14
11121.0,5.967053888884118e-11
11122.0,6.526648524110258e-12
11123.0,2.3003454097163518e-09
11124.0,5.089091567728165e-10
11125.0,7.612701608078722e-09
11126.0,3.1613666464928256e-07
11127.0,1.2639325061204954e-10
11128.0,8.60571259899392e-09
11129.0,9.30504399209988e-07
11130.0,1.0951106006922703e-09
11131.0,1.228958808435137e-10
11132.0,1.3567706303765273e-07
11133.0,5.946431790144904e-09
11134.0,5.879482352034433e-11
11135.0,5.108180694949953e-10
11136.0,1.6832194275056388e-07
11137.0,2.239642525443199e-11
11138.0,4.39046667721178e-11
11139.0,8.34577487802223e-09
11140.0,1.458664625280029e-12
11141.0,3.5386524018761765e-11
11142.0,1.135815343434781e-08
11143.0,3.6152457944689756e-10
11144.0,1.6536358934289416e-08
11145.0,2.3639204400620035e-10
11146.0,1.0792866461581827e-12
11147.0,2.360963071075221e-10
11148.0,5.3707106319412677e-11
11149.0,8.806268988766746e-11
11150.0,5.830367297671333e-09
11151.0,2.5009986895076697e-11
11152.0,7.493998199307724e-10
11153.0,8.190846737669686e-12
11154.0,4.299227328978231e-11
11155.0,1.3944525763156839e-08
11156.0,2.4867256917766584e-10
11157.0,5.129814395356283e-11
11158.0,3.6835791675371976e-10
11159.0,3.3156155186848926e-08
11160.0,6.761837661889428e-08
11161.0,6.345262902515237e-10
11162.0,1.095931620760813e-09
11163.0,9.929333446666439e-12
11164.0,1.1182284838444194e-11
11165.0,3.067906867830789e-12
11166.0,3.8091837135652573e-06
11167.0,4.966838775122511e-10
11168.0,2.2956475542599808e-07
11169.0,6.351780723552156e-09
11170.0,1.333253856421154e-13
11171.0,5.2408933349859977e-11
11172.0,1.538766219578471e-05
11173.0,2.7175449568375862e-09
11174.0,3.039606822434089e-09
11175.0,3.31389047941456e-13
11176.0,3.6064224198590554e-11
11177.0,2.467178258755679e-11
11178.0,6.618920387829371e-10
11179.0,7.879814419178802e-10
11180.0,6.939925891247457e-10
11181.0,7.513720619734782e-12
11182.0,1.1754624675952021e-07
11183.0,8.942605029466264e-14
11184.0,2.9629950747732436e-13
11185.0,3.702183181739869e-10
11186.0,6.08389654274419e-11
11187.0,3.678255677934658e-08
11188.0,5.295156525589639e-12
11189.0,7.165998314138754e-10
11190.0,7.29994951096685e-11
11191.0,8.637715440879314e-12
11192.0,3.998547649347159e-11
11193.0,2.7816482987379912e-11
11194.0,1.581151163453238e-14
11195.0,3.2454400965829545e-12
11196.0,5.471359713671774e-10
11197.0,2.636326929970183e-09
11198.0,3.1716360786899706e-10
11199.0,2.0180692438056972e-12
11200.0,5.302357931713912e-14
11201.0,4.3145234028085404e-08
11202.0,1.0031715374561773e-07
11203.0,2.3048118885723125e-06
11204.0,1.48935201513612e-11
11205.0,5.578323242466153e-11
11206.0,3.0782035507503656e-09
11207.0,4.143012892467678e-13
11208.0,9.191480503105923e-09
11209.0,5.827348725922069e-06
11210.0,4.140510538355672e-08
11211.0,8.315103947499308e-11
11212.0,3.479744161738838e-13
11213.0,3.552956311491855e-12
11214.0,2.4992002673517133e-08
11215.0,5.535663290610569e-10
11216.0,4.921857048061435e-10
11217.0,2.9057621375830222e-08
11218.0,2.4640431846805247e-08
11219.0,2.097331719706462e-09
11220.0,2.4295955092499076e-10
11221.0,1.7340489795695397e-12
11222.0,9.873941652239168e-11
11223.0,2.683739890281382e-10
11224.0,2.665332358913443e-07
11225.0,2.4682221037793494e-07
11226.0,4.539405823863122e-12
11227.0,1.0489337244731686e-09
11228.0,3.451825332808766e-11
11229.0,3.116122656395579e-10
11230.0,2.119636044442632e-10
11231.0,6.54509116309755e-07
11232.0,4.836146320748295e-12
11233.0,4.19285690341147e-11
11234.0,1.8645991564216203e-12
11235.0,1.0632786560986968e-13
11236.0,4.4315299570838994e-06
11237.0,1.8356126083422794e-05
11238.0,5.331254311988807e-12
11239.0,3.4871928814178023e-09
11240.0,2.0573994526602854e-10
11241.0,9.24967847915337e-12
11242.0,1.8887062239054498e-10
11243.0,2.8970591670430618e-08
11244.0,1.2668402268647622e-08
11245.0,2.5934545550528597e-11
11246.0,1.0806561026941689e-09
11247.0,2.049154628864157e-07
11248.0,5.5201331563836046e-08
11249.0,6.117443815861347e-07
11250.0,0.0024139410026709786
11251.0,4.212658478459334e-08
11252.0,6.412662079378351e-10
11253.0,5.3102154558319126e-14
11254.0,4.3368885327838596e-09
11255.0,1.46655795533706e-13
11256.0,1.6306582000291113e-09
11257.0,2.6489732321601105e-10
11258.0,2.6910852806841336e-12
11259.0,4.953775396776872e-10
11260.0,7.69937458127936e-10
11261.0,3.694655775387811e-09
11262.0,9.951894614638191e-11
11263.0,1.1365105463459441e-09
11264.0,3.58009868484873e-10
11265.0,5.269873641972534e-11
11266.0,3.4320322556109832e-06
11267.0,3.1783514592377843e-06
11268.0,6.091616047644796e-09
11269.0,1.3987753229857176e-12
11270.0,1.977386006646039e-09
11271.0,7.833024856897543e-08
11272.0,1.1265243695277042e-11
11273.0,2.3185105382203602e-09
11274.0,3.912259680001327e-10
11275.0,4.028321702706106e-11
11276.0,2.2677727548031724e-10
11277.0,4.6889415090451086e-12
11278.0,5.771423080664232e-11
11279.0,1.50154539121498e-05
11280.0,2.361631062615233e-10
11281.0,2.4496042725165772e-12
11282.0,1.0404577454277189e-07
11283.0,6.872544667896254e-10
11284.0,1.2416792310847242e-09
11285.0,1.134643603279693e-10
11286.0,2.2275119203819587e-09
11287.0,1.1716466549588465e-05
11288.0,2.9279714138976073e-09
11289.0,9.668272040725982e-12
11290.0,1.773937578827798e-06
11291.0,1.0675261200436158e-09
11292.0,1.5943310307336399e-12
11293.0,3.471686159911464e-12
11294.0,8.504858280775885e-10
11295.0,1.608181822412002e-11
11296.0,7.728950169132024e-08
11297.0,4.857474151756168e-09
11298.0,1.544298000426152e-08
11299.0,9.86517079916177e-10
11300.0,6.916663893543019e-08
11301.0,1.2392991257300619e-11
11302.0,2.2404949281516842e-11
11303.0,1.0704078920072806e-08
11304.0,1.0322324699934987e-07
11305.0,4.705911207772989e-09
11306.0,6.480245576479706e-11
11307.0,7.350983798682856e-10
11308.0,2.335205588322391e-09
11309.0,1.410930631825962e-10
11310.0,5.874380807702363e-07
11311.0,3.1259042209092563e-11
11312.0,1.6564144010919287e-10
11313.0,3.183163880302023e-11
11314.0,0.0007007238541623387
11315.0,3.268757517882549e-14
11316.0,6.469277061018488e-12
11317.0,9.108979341282788e-09
11318.0,1.3419693168534136e-08
11319.0,8.775386822567983e-11
11320.0,1.6034747579991316e-10
11321.0,4.675722426641433e-10
11322.0,4.015684957472848e-10
11323.0,1.6711888541031705e-12
11324.0,3.9784001935712196e-09
11325.0,1.385430508199568e-07
11326.0,1.086886616578422e-09
11327.0,6.612373810790351e-09
11328.0,1.227828489576809e-11
11329.0,9.137882608871859e-11
11330.0,2.6172236159863776e-10
11331.0,5.319727244818183e-09
11332.0,1.6467049335382413e-11
11333.0,5.276224581338225e-12
11334.0,1.0852443735755772e-12
11335.0,1.2065304100077413e-11
11336.0,5.8837142438882535e-12
11337.0,4.058957065232842e-06
11338.0,1.5132411283832773e-12
11339.0,3.1973131295165478e-09
11340.0,2.4809035298477946e-12
11341.0,1.332405360730964e-08
11342.0,7.692804849877108e-08
11343.0,2.1633046704529285e-10
11344.0,7.286292635554597e-10
11345.0,7.036948811195358e-11
11346.0,4.8876181754392486e-09
11347.0,4.3286155914046513e-07
11348.0,2.820637494582674e-09
11349.0,7.037780855209115e-10
11350.0,1.0952798549924697e-08
11351.0,7.684994346258627e-12
11352.0,7.299255386769343e-12
11353.0,3.122363152115211e-12
11354.0,6.832932574201929e-08
11355.0,6.772464132859966e-07
11356.0,1.3849797946702768e-13
11357.0,7.806034540357633e-09
11358.0,9.645494264433116e-12
11359.0,1.030682096733451e-12
11360.0,2.2220884561342484e-12
11361.0,7.012771148260656e-11
11362.0,5.245413869630046e-10
11363.0,2.8472253354418615e-11
11364.0,3.4429698755294247e-09
11365.0,3.176026264739205e-12
11366.0,6.555348372438912e-10
11367.0,3.6817419992520765e-10
11368.0,8.368041248037934e-07
11369.0,6.8121891187874e-12
11370.0,1.3780640116580972e-08
11371.0,1.2730677675310454e-08
11372.0,2.443489905993307e-08
11373.0,2.3544263859485763e-10
11374.0,7.433028581756074e-07
11375.0,2.2953152304310334e-11
11376.0,1.3274314322676043e-10
11377.0,7.952363649554218e-11
11378.0,2.510531384139364e-09
11379.0,4.1517466967173223e-10
11380.0,2.0818072027685688e-09
11381.0,5.3973003699581214e-08
11382.0,9.885378779655529e-11
11383.0,3.5162664234800917e-10
11384.0,8.03683099812327e-12
11385.0,8.280910785249742e-11
11386.0,8.063399534829907e-12
11387.0,9.936208646137312e-14
11388.0,1.1714790891906798e-10
11389.0,2.2385825470690189e-10
11390.0,7.239765173561049e-12
11391.0,2.7975644559891744e-08
11392.0,1.0101244116693036e-07
11393.0,3.2664546723106104e-12
11394.0,1.1861824952433585e-11
11395.0,2.1815988502299668e-08
11396.0,5.304545547706002e-09
11397.0,4.307733565995178e-12
11398.0,1.7626934921696193e-10
11399.0,6.326698044648004e-10
11400.0,5.832101597730258e-10
11401.0,2.2621548280842035e-11
11402.0,8.45551658540613e-09
11403.0,5.962576164887744e-08
11404.0,2.400536536832567e-13
11405.0,1.16421868650808e-09
11406.0,2.7510617073072464e-11
11407.0,5.01827746139461e-08
11408.0,2.4570620266233186e-08
11409.0,1.3573158432912864e-09
11410.0,2.345889434361451e-10
11411.0,1.14736720224984e-09
11412.0,2.2594926705065848e-14
11413.0,5.799293321715148e-09
11414.0,3.590768024968064e-12
11415.0,1.2763162976423133e-08
11416.0,2.8103141201014898e-11
11417.0,2.9978209074539145e-09
11418.0,1.3773561087771616e-08
11419.0,1.6346899301285476e-10
11420.0,7.708500385661204e-12
11421.0,5.966929943164118e-07
11422.0,2.5990221384503897e-12
11423.0,1.5697197571531334e-11
11424.0,2.588262136075614e-09
11425.0,5.5845606403367824e-11
11426.0,2.4538232397644397e-09
11427.0,8.52708959897654e-10
11428.0,4.279069749869596e-19
11429.0,4.4585945429685026e-10
11430.0,3.4037101627508977e-10
11431.0,3.176075255084621e-10
11432.0,1.2536403177777878e-10
11433.0,7.71351048345816e-12
11434.0,6.660513849192017e-10
11435.0,4.774472574391044e-09
11436.0,6.344365862032337e-12
11437.0,2.9962095934404956e-09
11438.0,8.731405222104589e-13
11439.0,6.919509603694588e-09
11440.0,4.784007301184232e-11
11441.0,1.991712410783343e-12
11442.0,9.19380833220928e-10
11443.0,1.5969449649598e-08
11444.0,5.575705049367781e-10
11445.0,9.222184025813683e-13
11446.0,1.1625913629838863e-10
11447.0,6.055533933629893e-13
11448.0,2.432219605480741e-07
11449.0,6.2192817169522285e-09
11450.0,1.278441160188285e-12
11451.0,3.1821415224064e-10
11452.0,1.2256401900166082e-07
11453.0,6.622681047670099e-09
11454.0,7.2377923528893655e-12
11455.0,5.346334980728308e-10
11456.0,3.733327875187642e-13
11457.0,1.4073972448179318e-11
11458.0,1.929449267667526e-06
11459.0,2.524011218676778e-07
11460.0,5.8012493025521965e-09
11461.0,5.6531624236538985e-08
11462.0,1.3803814626195357e-09
11463.0,2.4116542279067688e-11
11464.0,2.7901147578352446e-10
11465.0,1.227016239683901e-13
11466.0,1.0563323995969894e-10
11467.0,2.4132696201699026e-10
11468.0,7.640985893645075e-11
11469.0,6.771783326977215e-08
11470.0,7.63294813932722e-08
11471.0,6.239344080428506e-07
11472.0,3.9654860230714795e-13
11473.0,2.2394171427397953e-09
11474.0,4.812144931294086e-12
11475.0,2.104069996229632e-10
11476.0,9.585746973784232e-09
11477.0,3.509326164802331e-10
11478.0,2.2872755528510802e-07
11479.0,1.1907509230846052e-08
11480.0,2.882617361298912e-08
11481.0,1.0589610609457655e-08
11482.0,2.592087562772248e-11
11483.0,3.928023564789686e-09
11484.0,2.5913545408432367e-12
11485.0,1.8194663398546836e-07
11486.0,1.2450197303998078e-09
11487.0,1.493643662553201e-11
11488.0,5.61647658219069e-10
11489.0,1.3585238545742685e-10
11490.0,3.3000783534433735e-10
11491.0,7.072060284196073e-11
11492.0,3.948463981465532e-10
11493.0,4.1440826406493316e-11
11494.0,6.146340550048045e-09
11495.0,1.0913671686309383e-06
11496.0,4.6041690985166665e-12
11497.0,4.092187813606627e-13
11498.0,5.7681031191394046e-12
11499.0,5.955481638155253e-11
11500.0,1.5763003584170577e-09
11501.0,1.5944214571876514e-11
11502.0,6.966024563120245e-10
11503.0,3.6879145249983925e-09
11504.0,7.291695332915594e-10
11505.0,5.525362458168434e-13
11506.0,1.3373153626183571e-08
11507.0,4.981788458969527e-14
11508.0,1.8755411281109192e-08
11509.0,1.0409985849208531e-09
11510.0,1.9083996709487275e-10
11511.0,2.2765101375565584e-11
11512.0,4.106528992438611e-12
11513.0,1.496058524559742e-10
11514.0,8.652993273188668e-11
11515.0,3.236180943418831e-13
11516.0,2.690703341039906e-10
11517.0,1.8861333827017826e-08
11518.0,3.273803345318608e-08
11519.0,9.75738643952425e-10
11520.0,1.0643172387785105e-10
11521.0,1.06071652985734e-10
11522.0,2.0580484830694987e-09
11523.0,1.797031661395334e-10
11524.0,8.98335897572395e-10
11525.0,1.0036968166049834e-09
11526.0,3.0025936191544584e-14
11527.0,7.353776507189456e-13
11528.0,5.404302800034375e-09
11529.0,4.685716914820283e-09
11530.0,5.8872845636625e-10
11531.0,1.0693330785670003e-09
11532.0,8.39767289072374e-11
11533.0,2.3952831588662336e-09
11534.0,1.617312971554068e-08
11535.0,1.8341627751512606e-11
11536.0,9.290232035373238e-11
11537.0,7.539841019231023e-09
11538.0,2.8521595208956597e-11
11539.0,3.467808468566386e-10
11540.0,6.617698866491274e-12
11541.0,2.2950892552147165e-09
11542.0,5.459358083112115e-11
11543.0,1.0145375049249233e-08
11544.0,4.94272254652888e-11
11545.0,3.821883208854789e-08
11546.0,7.531646591076553e-09
11547.0,1.0430801877406203e-05
11548.0,1.3831032329234212e-10
11549.0,7.167020220804826e-09
11550.0,8.229142314528522e-11
11551.0,7.156863147711867e-14
11552.0,2.5455218564451833e-08
11553.0,6.56820163343536e-09
11554.0,3.257055591261552e-11
11555.0,3.075729294321707e-08
11556.0,2.2296091619535253e-09
11557.0,1.0218131757972778e-09
11558.0,3.445187964931057e-08
11559.0,2.041422176216416e-10
11560.0,1.751992182214996e-12
11561.0,3.6626470546678795e-10
11562.0,1.334890654410275e-08
11563.0,1.2526122755000775e-12
11564.0,1.2629160378311454e-09
11565.0,1.5729337103206147e-12
11566.0,2.913778227435177e-09
11567.0,8.426023528151123e-08
11568.0,2.999617048405036e-09
11569.0,6.7797164140050925e-06
11570.0,3.393749950982283e-09
11571.0,5.202299498407456e-11
11572.0,3.200180495683807e-09
11573.0,7.138781691614385e-13
11574.0,7.743440253037579e-10
11575.0,2.771706233032844e-11
11576.0,1.0515591935267949e-08
11577.0,4.2680088104516914e-12
11578.0,1.0092417564046815e-09
11579.0,1.0667234119594702e-09
11580.0,4.762353889950792e-10
11581.0,3.0146377513689156e-06
11582.0,1.9237169965867204e-11
11583.0,2.2820768710557876e-08
11584.0,1.5194970796091075e-09
11585.0,5.924088020423708e-11
11586.0,1.9197512640989418e-08
11587.0,8.180199041183894e-13
11588.0,1.3152568385487272e-11
11589.0,1.2389218313749958e-08
11590.0,4.93930215655366e-09
11591.0,9.913609422173159e-09
11592.0,3.90492653753527e-07
11593.0,2.8498134996745246e-11
11594.0,4.1674975647499567e-10
11595.0,2.654951947698707e-09
11596.0,3.461926247622384e-11
11597.0,1.2514697951469875e-12
11598.0,3.175173334602128e-08
11599.0,1.1898086139260203e-08
11600.0,5.084217440302027e-13
11601.0,1.37403067392812e-12
11602.0,5.347319783121402e-11
11603.0,2.177321740379624e-10
11604.0,3.716513382216835e-09
11605.0,3.357905586969051e-11
11606.0,6.538196251194143e-10
11607.0,1.0125488154099701e-08
11608.0,2.2411558496777e-09
11609.0,3.1769231298131606e-10
11610.0,2.03876125831822e-12
11611.0,4.0945185377861656e-07
11612.0,2.1879605056239497e-10
11613.0,3.901333297610419e-12
11614.0,3.727478890453164e-12
11615.0,2.1737814043927314e-10
11616.0,1.0308591893266415e-13
11617.0,3.0042171541746245e-12
11618.0,4.970432962873047e-11
11619.0,3.5710561178779926e-09
11620.0,1.9215747670992745e-10
11621.0,1.3416518295172576e-11
11622.0,3.173064520765679e-11
11623.0,1.67667115156938e-08
11624.0,6.799833387174454e-12
11625.0,4.94185541127047e-07
11626.0,3.158802371343818e-08
11627.0,8.09987501661214e-12
11628.0,2.1649807861719845e-12
11629.0,1.8027153435093817e-12
11630.0,2.3158865954254688e-06
11631.0,7.269174731644213e-11
11632.0,5.8194840766293e-10
11633.0,5.377607085963036e-10
11634.0,2.1096597354538327e-09
11635.0,1.67615488162911e-10
11636.0,8.262040479109722e-07
11637.0,2.8575973620754758e-12
11638.0,6.030987856156882e-09
11639.0,8.919334707426585e-10
11640.0,2.5622847489757802e-09
11641.0,4.491541576546263e-13
11642.0,1.4468534778723603e-11
11643.0,7.508695505694596e-12
11644.0,2.372100199868198e-09
11645.0,9.338046349418747e-10
11646.0,1.382902996389002e-10
11647.0,5.804592111796358e-09
11648.0,6.080997988552371e-09
11649.0,8.346510505686651e-08
11650.0,4.801400778712161e-09
11651.0,5.5920229443968214e-08
11652.0,6.009703409672043e-07
11653.0,5.470996288238393e-07
11654.0,5.430838693317604e-09
11655.0,1.7652817982534446e-11
11656.0,2.5687631101381566e-11
11657.0,9.000718212817758e-08
11658.0,3.0445701413434386e-14
11659.0,5.893504010621246e-08
11660.0,2.246605343310849e-11
11661.0,4.16807171148463e-11
11662.0,2.0439118262076232e-10
11663.0,2.846849352674175e-12
11664.0,1.4039978019177596e-09
11665.0,2.0587425696408165e-10
11666.0,4.945465828262474e-08
11667.0,1.4850941631232238e-07
11668.0,0.00022730511901006238
11669.0,4.484866836681007e-14
11670.0,2.1216525657559967e-11
11671.0,2.1242034626630455e-08
11672.0,2.2485896789592298e-11
11673.0,1.851394779946328e-12
11674.0,2.393852279175652e-09
11675.0,1.1978715069241583e-10
11676.0,4.364674239664747e-11
11677.0,2.411404853362951e-07
11678.0,1.7716817295445153e-10
11679.0,7.711432124962223e-10
11680.0,9.709933387292093e-08
11681.0,6.623356995654307e-08
11682.0,2.1364871074889955e-10
11683.0,1.5619965434071674e-08
11684.0,2.2367918271973027e-10
11685.0,1.1584443788809876e-09
11686.0,8.061030969165215e-11
11687.0,7.984486014802628e-10
11688.0,1.5769766264399695e-12
11689.0,1.5519087562030194e-12
11690.0,5.837363477883962e-10
11691.0,2.5252773750415995e-10
11692.0,6.173817802075387e-09
11693.0,6.918907679594234e-11
11694.0,8.689076845176446e-13
11695.0,5.522218715220342e-10
11696.0,2.1619610450037055e-12
11697.0,1.4908384284392111e-09
11698.0,1.23234539104377e-09
11699.0,6.492382036873516e-11
11700.0,1.8663765801209402e-11
11701.0,1.5754862131151418e-11
11702.0,6.0380727797123316e-12
11703.0,1.165491025007113e-09
11704.0,2.6040648379860324e-11
11705.0,2.4891231785546485e-10
11706.0,6.574586476757763e-12
11707.0,5.674624544568002e-12
11708.0,6.811333646669268e-11
11709.0,4.657468791893416e-08
11710.0,4.079578412953278e-08
11711.0,2.0847476597158402e-07
11712.0,6.445624081713187e-09
11713.0,8.428720713372627e-11
11714.0,3.1219392283287587e-10
11715.0,3.774800678748279e-09
11716.0,1.0267754429162203e-10
11717.0,5.1662775377825736e-11
11718.0,1.2112788527288497e-11
11719.0,3.101201789726548e-09
11720.0,3.94108759179309e-08
11721.0,5.7095761455436845e-09
11722.0,1.818559628242885e-10
11723.0,8.113394446982452e-09
11724.0,1.3739534028305484e-09
11725.0,1.388166530074006e-10
11726.0,1.1468029248997042e-07
11727.0,1.5721646819946138e-11
11728.0,1.0284107654806103e-08
11729.0,8.321151670830466e-11
11730.0,1.6794232424772267e-12
11731.0,4.039243916493096e-11
11732.0,7.398595669067625e-07
11733.0,2.177986826283154e-11
11734.0,3.253188056765806e-13
11735.0,3.417286127290496e-12
11736.0,1.2389153955420133e-11
11737.0,3.890278429748124e-10
11738.0,1.0456386460253048e-09
11739.0,5.820550404813829e-10
11740.0,3.204285665982727e-12
11741.0,4.3402355585278964e-10
11742.0,1.618850582944505e-08
11743.0,2.1769406026824416e-09
11744.0,4.183942858779761e-08
11745.0,1.090398920646002e-09
11746.0,4.998701399043186e-11
11747.0,5.130513359863449e-07
11748.0,4.1556806546696823e-10
11749.0,4.958874665861478e-13
11750.0,1.1554383596887525e-10
11751.0,3.0884764911823115e-09
11752.0,3.444838538476404e-06
11753.0,0.005835122690637404
11754.0,2.970843478268026e-10
11755.0,1.05965951531987e-06
11756.0,1.0360928981505873e-09
11757.0,5.544573985711723e-10
11758.0,6.732129754613843e-10
11759.0,3.4812729219472292e-12
11760.0,1.1566371598083377e-11
11761.0,1.116842434994283e-08
11762.0,1.7632112075857402e-11
11763.0,2.173027031386885e-10
11764.0,1.595837808488454e-10
11765.0,4.952035786640903e-11
11766.0,4.361212879407047e-13
11767.0,2.5933758046989794e-11
11768.0,4.372340334017218e-07
11769.0,9.250184475365962e-11
11770.0,3.1524712023983548e-06
11771.0,1.7734915412878017e-07
11772.0,1.7944487024370678e-10
11773.0,2.5030004810911486e-09
11774.0,2.526312155636277e-13
11775.0,1.2480684497636816e-08
11776.0,9.956295490921157e-09
11777.0,1.2793735596120053e-11
11778.0,1.9849307731725518e-12
11779.0,6.022854629069996e-11
11780.0,3.162554328236389e-11
11781.0,2.3236858479560305e-10
11782.0,2.3733689754557604e-11
11783.0,8.405629376163696e-10
11784.0,2.096276707689757e-09
11785.0,1.5590524280087304e-07
11786.0,4.835993668572178e-10
11787.0,1.7186391600120696e-10
11788.0,3.6945954994404594e-08
11789.0,8.920532117704315e-10
11790.0,2.2352039740024065e-08
11791.0,6.250316793652903e-13
11792.0,8.494346317518158e-11
11793.0,1.235736777733712e-06
11794.0,1.735400896853401e-07
11795.0,2.7460103117143945e-11
11796.0,7.855442885928616e-10
11797.0,6.660065733651818e-13
11798.0,3.818715082987978e-10
11799.0,1.225423240006722e-10
11800.0,1.2965915386335349e-09
11801.0,4.811812656426041e-10
11802.0,3.2538322488275616e-11
11803.0,1.1380504254416892e-07
11804.0,1.9795524852119548e-09
11805.0,2.3876238365635904e-12
11806.0,5.718654786533881e-13
11807.0,3.036961085524954e-11
11808.0,3.827107474086967e-13
11809.0,2.883798437781833e-10
11810.0,1.4241198372955923e-09
11811.0,3.0343543099721526e-12
11812.0,2.593628183728555e-08
11813.0,2.6811756590547214e-07
11814.0,1.200293719006519e-12
11815.0,5.635203539942767e-11
11816.0,2.6969511900446604e-10
11817.0,4.042179007622367e-11
11818.0,3.6565853800173515e-09
11819.0,5.064948779608067e-08
11820.0,5.497073949812302e-08
11821.0,1.2491427827057384e-12
11822.0,5.4746203274286884e-12
11823.0,2.935811354477004e-10
11824.0,9.64576022507603e-12
11825.0,7.128200016964887e-09
11826.0,8.269180653140489e-11
11827.0,5.1088212306124386e-12
11828.0,6.808144743340681e-11
11829.0,4.1230087311594864e-10
11830.0,2.198569207261787e-08
11831.0,1.982998343847593e-08
11832.0,9.31057255310724e-12
11833.0,6.903263865256186e-09
11834.0,4.930357063135821e-07
11835.0,7.782687404605208e-12
11836.0,1.175826568634217e-06
11837.0,9.752657488716582e-07
11838.0,1.2778798068542397e-08
11839.0,5.713177708917731e-13
11840.0,7.322151793755811e-08
11841.0,7.834454406321783e-10
11842.0,1.4316947287595122e-09
11843.0,1.9790361014686727e-10
11844.0,3.329632295716999e-10
11845.0,5.1872799333109945e-09
11846.0,3.338245177175011e-11
11847.0,9.419054709799497e-12
11848.0,4.162972340832571e-05
11849.0,6.78343105007759e-10
11850.0,2.1283432374636195e-09
11851.0,1.2408962665791954e-08
11852.0,1.4412819807718054e-12
11853.0,6.512398416769135e-10
11854.0,4.4406361981928757e-10
11855.0,1.9856171274022913e-11
11856.0,1.7093401637497914e-09
11857.0,1.1163583160876628e-09
11858.0,1.4033770091507204e-10
11859.0,2.0803340760659242e-10
11860.0,9.50123294745845e-11
11861.0,1.5301413480992065e-11
11862.0,7.8527166626289e-11
11863.0,1.9897860421912394e-08
11864.0,1.707390602397869e-09
11865.0,5.6658065738636055e-11
11866.0,8.483563888596426e-13
11867.0,2.2663937458413935e-11
11868.0,9.771866632322389e-09
11869.0,8.859278659625981e-11
11870.0,8.412485549014253e-09
11871.0,1.4162635397482482e-10
11872.0,2.37771022894677e-09
11873.0,4.031637494853492e-10
11874.0,1.097096859244924e-06
11875.0,1.1803895118121924e-09
11876.0,9.950527164003377e-12
11877.0,3.690742539497262e-09
11878.0,7.0918482933830054e-09
11879.0,5.523664424851883e-07
11880.0,8.726955231243293e-09
11881.0,1.1320732978978547e-08
11882.0,5.367045582795674e-09
11883.0,2.3237548067557115e-08
11884.0,4.3956122717523666e-13
11885.0,9.860794434919276e-10
11886.0,1.6259376651120742e-08
11887.0,8.364226039057585e-09
11888.0,6.190476458728695e-12
11889.0,1.3391104664455828e-08
11890.0,5.343930675795785e-10
11891.0,9.942452745360328e-12
11892.0,1.4647010639965635e-10
11893.0,5.109576298689803e-08
11894.0,1.4334394400058001e-09
11895.0,8.32562449225038e-12
11896.0,6.43066442813233e-11
11897.0,6.374220937511525e-09
11898.0,1.77153761700915e-10
11899.0,1.0753842693205407e-10
11900.0,4.3027426176936705e-10
11901.0,6.873983165603192e-09
11902.0,9.879462472316676e-11
11903.0,3.550565654471261e-12
11904.0,2.1791132033609457e-07
11905.0,3.069500995535763e-08
11906.0,2.617662404849692e-11
11907.0,5.9547980912190985e-09
11908.0,4.4431809520364504e-11
11909.0,2.1144592957891144e-13
11910.0,7.618621833615269e-12
11911.0,8.029122674979969e-10
11912.0,1.5731200078511558e-13
11913.0,1.2382526846374003e-10
11914.0,2.332557491423999e-09
11915.0,6.733877735745842e-11
11916.0,3.611944891920814e-10
11917.0,4.619536781745151e-13
11918.0,8.909797024806717e-12
11919.0,2.201220512606348e-13
11920.0,2.1985098009180164e-11
11921.0,7.633543167209807e-10
11922.0,1.2721389918492279e-11
11923.0,8.362017811850188e-08
11924.0,8.391160713458891e-10
11925.0,3.484276196899619e-08
11926.0,2.8158397214466268e-08
11927.0,2.2442643380317327e-10
11928.0,5.5013679201632126e-14
11929.0,1.1820600550813967e-11
11930.0,1.1596895827929905e-08
11931.0,1.6007014208100197e-09
11932.0,7.322297433854579e-07
11933.0,9.07336908459296e-11
11934.0,6.794192481911896e-06
11935.0,2.2012026093076737e-11
11936.0,2.496279763069088e-10
11937.0,4.060785247336299e-10
11938.0,6.245560980792404e-08
11939.0,8.267550178785826e-12
11940.0,1.0202620949801771e-10
11941.0,2.2510102442909713e-10
11942.0,1.3464863682737906e-11
11943.0,3.5677705041893024e-08
11944.0,4.901984114417105e-10
11945.0,9.248014467207717e-09
11946.0,6.90478774051805e-13
11947.0,9.269373952583044e-10
11948.0,3.8888389307207614e-13
11949.0,1.933931542273647e-09
11950.0,2.273016002422428e-11
11951.0,7.828392908368858e-10
11952.0,7.522279362912516e-11
11953.0,1.2752582606578855e-10
11954.0,3.9199547788935194e-13
11955.0,6.417010895150832e-12
11956.0,1.4690584050666843e-09
11957.0,1.4440399449969877e-08
11958.0,2.3189882226772895e-11
11959.0,5.0871382431720506e-08
11960.0,1.407896137161021e-08
11961.0,5.294812912947759e-10
11962.0,6.520727745041478e-09
11963.0,2.5782244378692086e-07
11964.0,8.72134620287291e-10
11965.0,1.91385372064223e-08
11966.0,3.135094730321032e-09
11967.0,4.262273714711349e-07
11968.0,9.224565746161685e-12
11969.0,6.446465705877817e-11
11970.0,4.34750653241861e-10
11971.0,8.496918175697221e-12
11972.0,6.57188053229875e-09
11973.0,2.199307303912094e-09
11974.0,1.0847361764399184e-12
11975.0,3.3369586531384337e-09
11976.0,5.6916961535000796e-08
11977.0,1.9686460238456086e-08
11978.0,8.55830106836107e-10
11979.0,7.914479178232155e-13
11980.0,4.977735215513584e-07
11981.0,8.984887916591376e-12
11982.0,1.75926824159907e-08
11983.0,2.3056937828533864e-09
11984.0,4.342864776129407e-09
11985.0,1.0156499083729993e-11
11986.0,2.385583053731184e-11
11987.0,2.3729638728942756e-10
11988.0,1.3886051253544858e-06
11989.0,1.2003904182064797e-09
11990.0,1.2341538725275776e-11
11991.0,8.604070140421417e-10
11992.0,4.671170219935977e-10
11993.0,2.50802669483712e-08
11994.0,1.117972939520568e-05
11995.0,6.917214253929267e-07
11996.0,3.5084649462215315e-08
11997.0,1.2741851068962816e-12
11998.0,3.7956336103712074e-09
11999.0,1.203250155967473e-09
12000.0,4.03127965583084e-08
12001.0,5.076508464768691e-07
12002.0,5.755912103733295e-13
12003.0,4.041396218466369e-12
12004.0,8.634442327762166e-12
12005.0,6.733680594887976e-14
12006.0,5.062186018927027e-10
12007.0,2.4065931951905216e-11
12008.0,9.172318192766225e-11
12009.0,2.4559736110079454e-08
12010.0,2.2963802894105597e-11
12011.0,1.8037300198905456e-09
12012.0,3.833182069647159e-08
12013.0,1.0295957182776676e-06
12014.0,3.508160681702979e-07
12015.0,2.0942697417060276e-08
12016.0,1.831557993480383e-12
12017.0,2.11916287532001e-08
12018.0,9.177556779227718e-11
12019.0,2.9457797753298785e-09
12020.0,2.8209772980970568e-11
12021.0,4.2107198658800685e-08
12022.0,1.9997095169057796e-10
12023.0,1.8572828424623988e-13
12024.0,1.6880047302273172e-11
12025.0,3.4858685765188544e-08
12026.0,2.1792845400114208e-09
12027.0,1.8175840108746553e-09
12028.0,3.269527811496559e-11
12029.0,2.315514802898351e-10
12030.0,7.525975403303062e-10
12031.0,4.99009220732498e-09
12032.0,2.0355357377060632e-10
12033.0,5.253363493038545e-11
12034.0,1.2982286172089945e-14
12035.0,2.5538229686825148e-11
12036.0,1.0135342552615814e-07
12037.0,6.81229855681915e-11
12038.0,1.0440129904890826e-12
12039.0,1.0176020311168252e-09
12040.0,2.4096007511810333e-10
12041.0,1.6939420124431408e-07
12042.0,2.9866559372227694e-10
12043.0,3.053698596199453e-07
12044.0,5.2144739000816825e-09
12045.0,8.314475132194055e-09
12046.0,4.603368272258775e-12
12047.0,7.869867094694427e-14
12048.0,1.0403508757221536e-09
12049.0,3.3307240117423336e-08
12050.0,4.9761534289310505e-08
12051.0,6.023989913344404e-11
12052.0,1.80050568435359e-09
12053.0,1.1193448564409084e-12
12054.0,2.211978671497475e-08
12055.0,6.536496940382517e-10
12056.0,1.7341608517994915e-10
12057.0,7.78788312367017e-09
12058.0,3.9254781245109086e-10
12059.0,3.902580759039643e-09
12060.0,4.017398545219657e-13
12061.0,6.891910734259983e-08
12062.0,1.0673308963966178e-09
12063.0,6.731213635638428e-09
12064.0,4.313214995096103e-12
12065.0,5.28853195822865e-10
12066.0,5.90208185922972e-08
12067.0,1.5502036646479464e-10
12068.0,2.66450839554408e-07
12069.0,1.7799796177995272e-10
12070.0,4.730021717534729e-12
12071.0,1.3593274304965499e-11
12072.0,7.782114486055718e-09
12073.0,2.7058552664123885e-10
12074.0,6.781733003475976e-09
12075.0,7.801845728943707e-10
12076.0,4.679928065003411e-12
12077.0,4.5282831893113024e-11
12078.0,3.07923437930649e-09
12079.0,2.2435750897519155e-10
12080.0,5.7484647806028054e-08
12081.0,2.557676498462699e-07
12082.0,4.088014100797656e-08
12083.0,3.792823739195555e-09
12084.0,2.93539271648284e-05
12085.0,8.954121033881829e-08
12086.0,4.509741364063653e-11
12087.0,3.062329124111297e-11
12088.0,1.1583513297390443e-10
12089.0,2.3380909402081455e-10
12090.0,2.522555214685694e-13
12091.0,8.556560694024388e-09
12092.0,8.983450886768296e-07
12093.0,1.4265337062205633e-11
12094.0,6.099191825429142e-11
12095.0,1.8095660318104082e-11
12096.0,1.1292004303490154e-08
12097.0,9.736840417325975e-10
12098.0,4.655815812998673e-10
12099.0,0.0001580914390486685
12100.0,3.7341037199071755e-14
12101.0,1.353345327173996e-09
12102.0,6.631666254887583e-10
12103.0,1.7040512518286842e-11
12104.0,4.865995230902642e-10
12105.0,2.8345104210878434e-08
12106.0,1.3805448533269148e-09
12107.0,1.10757487574256e-06
12108.0,2.4678456508836003e-09
12109.0,4.5470689919253913e-10
12110.0,1.4062680876776673e-12
12111.0,4.039322879259999e-09
12112.0,1.3517584061461371e-08
12113.0,5.9833669627032096e-09
12114.0,1.169178604858803e-13
12115.0,3.4008852396978974e-08
12116.0,8.788583345304488e-11
12117.0,2.677245659641117e-08
12118.0,2.4757251610890957e-11
12119.0,2.478713239023687e-08
12120.0,2.761991847906368e-12
12121.0,6.612417582648919e-12
12122.0,2.801524169965844e-08
12123.0,1.0517070386721556e-11
12124.0,4.7565849629777947e-07
12125.0,1.98550976538065e-08
12126.0,8.420071450002922e-09
12127.0,5.1465639284538687e-11
12128.0,1.0445449585303327e-09
12129.0,2.858246039425227e-12
12130.0,1.5599705837903066e-09
12131.0,5.983122472720672e-09
12132.0,2.0553521077921278e-10
12133.0,6.781934660521659e-13
12134.0,4.3904086299339886e-07
12135.0,1.328154664112935e-11
12136.0,9.55963758190197e-11
12137.0,8.511294130084697e-09
12138.0,8.651030765140913e-10
12139.0,1.4709594757697898e-11
12140.0,3.3496015333108426e-05
12141.0,6.425730636682108e-11
12142.0,1.1628040015642653e-09
12143.0,1.3692153813751645e-08
12144.0,6.44641864297074e-07
12145.0,1.651789444555644e-10
12146.0,1.6443075755273347e-10
12147.0,1.5037704096074504e-08
12148.0,7.385053586332571e-10
12149.0,5.923088511690783e-11
12150.0,1.0786086913539543e-09
12151.0,2.754246030879143e-11
12152.0,6.731188054862433e-11
12153.0,7.675860952602363e-07
12154.0,2.1170067215019447e-09
12155.0,5.871290463216554e-11
12156.0,4.98444537943647e-09
12157.0,4.542767971584557e-11
12158.0,2.6850497031680748e-08
12159.0,1.864197858550567e-09
12160.0,2.149630781607471e-09
12161.0,3.671657249973991e-11
12162.0,9.90122085395713e-07
12163.0,6.541458025731017e-12
12164.0,8.195752517155873e-09
12165.0,5.1137506909857556e-14
12166.0,2.5118223336063344e-11
12167.0,4.502649728889341e-09
12168.0,1.4525545535162116e-10
12169.0,5.522772642401639e-06
12170.0,3.3789904921704784e-12
12171.0,1.8538896918437748e-10
12172.0,1.5057552710973817e-15
12173.0,1.0596140578008298e-09
12174.0,1.3845088529045111e-08
12175.0,1.4753815945274722e-05
12176.0,1.965262410411389e-09
12177.0,6.2954922364727535e-12
12178.0,4.5023038686759486e-10
12179.0,1.9734991597819293e-10
12180.0,7.836182257623454e-14
12181.0,1.6385541818042709e-09
12182.0,4.967385365454435e-11
12183.0,2.9309025297529764e-11
12184.0,1.0348911232885313e-08
12185.0,1.0270787723131857e-10
12186.0,2.5497338033582264e-08
12187.0,3.745604081780377e-09
12188.0,2.4701815601151954e-08
12189.0,2.1216391529030787e-08
12190.0,5.2297801851545544e-08
12191.0,2.3117029629476362e-10
12192.0,4.728009613324029e-10
12193.0,1.6315665180941468e-12
12194.0,1.9347052500800583e-11
12195.0,1.3128628036963044e-12
12196.0,1.559106805726233e-11
12197.0,4.1717450710333086e-08
12198.0,5.965404776530961e-10
12199.0,8.309343472524753e-11
12200.0,1.3274299766597392e-14
12201.0,2.996368461019736e-10
12202.0,8.304295174484661e-13
12203.0,6.970647758154425e-09
12204.0,3.0991537636666936e-11
12205.0,5.024206398812366e-09
12206.0,2.1247204394149218e-07
12207.0,6.261749991322721e-07
12208.0,7.778082732044511e-11
12209.0,4.4523184217878357e-13
12210.0,1.209226147963755e-10
12211.0,1.9397522214439478e-11
12212.0,2.1851502851231464e-13
12213.0,2.1172711227086584e-09
12214.0,1.223980714848882e-08
12215.0,5.629837738547987e-11
12216.0,2.531597468255717e-10
12217.0,1.2373242224680466e-13
12218.0,2.2657401834397842e-11
12219.0,3.287863027786202e-12
12220.0,1.309544821981844e-09
12221.0,9.107550825807867e-10
12222.0,4.706660691704651e-09
12223.0,2.571518259883551e-10
12224.0,2.0524104233569808e-11
12225.0,9.653569696376341e-10
12226.0,2.7631127389268943e-06
12227.0,3.909578069485567e-06
12228.0,9.935158697046812e-11
12229.0,3.144578162929172e-11
12230.0,1.0491448475535181e-10
12231.0,7.4044569031694556e-09
12232.0,7.246218020635087e-10
12233.0,1.1483270656401736e-09
12234.0,2.3079944639023288e-09
12235.0,4.340140511550827e-12
12236.0,4.403789379840433e-12
12237.0,2.441713274914635e-10
12238.0,2.6947089361908986e-09
12239.0,7.060545483763932e-11
12240.0,4.3563578757565483e-07
12241.0,1.639566334134998e-09
12242.0,3.32197856395809e-10
12243.0,1.0422907150127592e-07
12244.0,2.277205911146188e-08
12245.0,1.3981835674675752e-11
12246.0,1.4834154641765991e-12
12247.0,1.1181270680809718e-10
12248.0,2.9271856943602544e-07
12249.0,2.1782717040912363e-08
12250.0,3.0084862224218518e-12
12251.0,5.396394281058837e-09
12252.0,1.25883559005553e-08
12253.0,3.4242952855332687e-09
12254.0,7.570988869949266e-09
12255.0,2.2491706111484434e-07
12256.0,1.8394377944355015e-11
12257.0,3.6197420863111265e-08
12258.0,4.8404423295619594e-08
12259.0,5.080118377718502e-10
12260.0,2.6432946668177603e-07
12261.0,3.523468335524212e-08
12262.0,1.5744232808332814e-13
12263.0,8.888715953108672e-10
12264.0,4.593072812759801e-09
12265.0,6.274868787766032e-09
12266.0,1.1023923639199702e-09
12267.0,1.9106006358033745e-12
12268.0,1.4074309832464015e-08
12269.0,4.859507330791897e-11
12270.0,3.845413349216823e-08
12271.0,7.90934201181318e-12
12272.0,1.8622430352551608e-07
12273.0,3.988661270973518e-09
12274.0,2.683373864925461e-10
12275.0,1.0454422404367016e-11
12276.0,1.9533583327870002e-11
12277.0,2.0171665314158445e-11
12278.0,9.541664354406548e-10
12279.0,1.1885447278207877e-06
12280.0,7.792261909245676e-10
12281.0,1.5971933662092559e-09
12282.0,7.552888621619986e-06
12283.0,3.143887694373868e-11
12284.0,1.1746940768527332e-07
12285.0,6.691336347940641e-08
12286.0,7.399353772268837e-10
12287.0,9.059372223259092e-07
12288.0,4.943501693233402e-08
12289.0,3.971324196314911e-09
12290.0,1.4520446045129389e-11
12291.0,2.001770188298878e-07
12292.0,8.294606386421637e-08
12293.0,3.934495946633447e-13
12294.0,3.549441144105226e-07
12295.0,9.281553259845373e-12
12296.0,1.7950713202750834e-09
12297.0,0.00012051799315734139
12298.0,2.2247105989061637e-09
12299.0,1.0740925113677774e-09
12300.0,7.721776745237023e-09
12301.0,4.0715979251831307e-11
12302.0,5.840268815248919e-09
12303.0,1.60553345100964e-13
12304.0,2.703988940414328e-10
12305.0,3.110902579137516e-09
12306.0,9.051635065736308e-09
12307.0,3.950585011951813e-08
12308.0,1.1978055456334096e-09
12309.0,8.599022112521631e-08
12310.0,3.1421279728569436e-12
12311.0,1.9138808464258968e-09
12312.0,1.675853769218182e-11
12313.0,1.7869197985653025e-11
12314.0,3.718911504806987e-09
12315.0,8.053424410513088e-11
12316.0,1.6201528978379765e-09
12317.0,9.380044991986041e-07
12318.0,1.617954553641995e-13
12319.0,4.245842597474053e-08
12320.0,1.2989436478239687e-08
12321.0,1.7280556665029172e-10
12322.0,9.886391389764429e-10
12323.0,8.504672951121547e-13
12324.0,3.374673993891246e-11
12325.0,2.489069985027139e-11
12326.0,1.3916223937843222e-12
12327.0,1.0407890667566332e-09
12328.0,3.988469724778484e-08
12329.0,2.0867576964517097e-10
12330.0,1.2639628853098591e-08
12331.0,8.123841052278516e-09
12332.0,4.175940172493462e-10
12333.0,2.053981532860368e-11
12334.0,2.5471179144059347e-15
12335.0,8.625616627905743e-13
12336.0,6.44929410360359e-10
12337.0,6.289877040359855e-14
12338.0,1.3359311734542382e-08
12339.0,3.737811546108e-07
12340.0,1.2750508732462434e-08
12341.0,4.6550982241107434e-11
12342.0,3.1758177933029237e-09
12343.0,8.660572423609065e-10
12344.0,3.78049458945191e-10
12345.0,3.4134172014387634e-12
12346.0,3.479021016231969e-11
12347.0,2.329889880966904e-09
12348.0,6.978239333849547e-08
12349.0,1.3109329571230488e-09
12350.0,1.0153740534721213e-08
12351.0,4.1613216002493795e-11
12352.0,7.248398601268708e-10
12353.0,1.956391743816368e-08
12354.0,5.117294501690845e-09
12355.0,2.6016446249237707e-09
12356.0,7.762741700376563e-10
12357.0,1.5760442611039772e-09
12358.0,1.0370464842772616e-10
12359.0,3.9104517413830197e-07
12360.0,8.998233547644263e-10
12361.0,1.207494023459911e-07
12362.0,9.752571808777652e-10
12363.0,5.120554956152805e-11
12364.0,9.344374901662526e-11
12365.0,8.335124250429616e-11
12366.0,5.473631503205414e-09
12367.0,2.0345725491469057e-08
12368.0,1.1037094542303297e-07
12369.0,5.483373199163764e-12
12370.0,6.379418037810004e-08
12371.0,1.6279090688068407e-12
12372.0,6.5633595522242606e-12
12373.0,4.65390359127844e-11
12374.0,5.0127574033861796e-14
12375.0,5.787365144297513e-10
12376.0,2.628956478520171e-08
12377.0,8.649417049203354e-12
12378.0,9.62252279720008e-11
12379.0,4.951167374977922e-10
12380.0,3.588924163938069e-12
12381.0,2.332400119223286e-14
12382.0,2.2534094709880952e-10
12383.0,1.1580349916912743e-07
12384.0,4.969466861166817e-12
12385.0,5.332767863560409e-11
12386.0,9.770985831825076e-07
12387.0,6.664411598956333e-10
12388.0,2.972228407841016e-07
12389.0,1.7460684254156372e-09
12390.0,1.3111187133413914e-10
12391.0,2.732005318161889e-11
12392.0,3.3827718108168466e-11
12393.0,6.925515300078012e-10
12394.0,1.5423381246144148e-13
12395.0,2.1286284855756504e-09
12396.0,3.4344971611217857e-10
12397.0,6.705629904139196e-09
12398.0,1.15969909276893e-12
12399.0,4.279729164191382e-08
12400.0,1.4575050786965975e-10
12401.0,4.0025458134859826e-07
12402.0,2.492993053059687e-10
12403.0,3.443107030667681e-09
12404.0,5.221448779050535e-08
12405.0,4.5090698131078414e-09
12406.0,1.0141488584328305e-11
12407.0,6.630714638359112e-11
12408.0,4.290478622766144e-09
12409.0,1.1458799433299869e-08
12410.0,8.169185036354133e-09
12411.0,3.763593188199241e-09
12412.0,1.2229011415827321e-11
12413.0,8.865014754436057e-12
12414.0,1.4481608380013744e-09
12415.0,3.763599161553492e-11
12416.0,6.6382290218989156e-12
12417.0,1.8861878298898543e-06
12418.0,2.2482469372894002e-05
12419.0,4.810023891990452e-10
12420.0,9.032409254070645e-11
12421.0,8.350092125194626e-11
12422.0,4.144775497518043e-10
12423.0,3.1776639030795286e-10
12424.0,8.184978133400403e-12
12425.0,9.831060206697912e-11
12426.0,2.1638857190966962e-10
12427.0,4.972443644393448e-09
12428.0,6.693576339016888e-11
12429.0,1.3018692421716468e-09
12430.0,8.577498175867209e-13
12431.0,1.1064532185185356e-09
12432.0,1.0474293047326561e-10
12433.0,7.169795220004378e-10
12434.0,1.3757019717544618e-07
12435.0,5.629453973304482e-11
12436.0,1.498299846433758e-09
12437.0,2.3823297862812162e-14
12438.0,7.094291360695119e-10
12439.0,1.9147862692674024e-11
12440.0,3.993372173239611e-11
12441.0,2.3091081598534617e-10
12442.0,1.1357087732270184e-09
12443.0,1.622754819020837e-08
12444.0,8.494560857945899e-10
12445.0,3.535070626171458e-09
12446.0,4.572094356895253e-14
12447.0,8.987934606188881e-11
12448.0,8.576817628664278e-11
12449.0,1.1484321730467739e-07
12450.0,3.210956147468686e-08
12451.0,4.006262037830063e-08
12452.0,4.142089321094011e-14
12453.0,2.4917578430334177e-09
12454.0,1.505824345157921e-12
12455.0,1.5677991052568417e-08
12456.0,1.2947755666578794e-10
12457.0,1.7495784758206146e-14
12458.0,1.625966451619827e-11
12459.0,2.0465633612414573e-11
12460.0,3.780701068704729e-10
12461.0,2.02258261862795e-10
12462.0,8.525506490928658e-14
12463.0,6.142033863865015e-14
12464.0,1.1198203736954851e-10
12465.0,3.257836912614336e-10
12466.0,1.381876425173182e-10
12467.0,2.823403807797289e-12
12468.0,9.668256252604401e-12
12469.0,2.868803134969709e-10
12470.0,2.0357666236042204e-10
12471.0,2.929119488217687e-09
12472.0,1.7952606766499031e-07
12473.0,1.7086066802523383e-09
12474.0,1.0547526906298094e-09
12475.0,1.678303977229587e-11
12476.0,6.9691018581140475e-09
12477.0,1.8490673368924153e-08
12478.0,5.33247394757304e-07
12479.0,1.9373274429500054e-09
12480.0,4.1817289373856113e-10
12481.0,5.235448601870611e-10
12482.0,3.50709687912204e-12
12483.0,5.475798503323442e-08
12484.0,1.3337684931124216e-10
12485.0,1.0104986678872665e-07
12486.0,1.2348619119714364e-07
12487.0,1.465288898523701e-07
12488.0,9.00320302466493e-09
12489.0,2.193631073640019e-09
12490.0,1.7562933418395513e-11
12491.0,4.8614349146292766e-09
12492.0,2.514857722598664e-09
12493.0,1.0191456948295911e-06
12494.0,3.0328180245270854e-07
12495.0,2.316407163459767e-09
12496.0,1.632577898612355e-11
12497.0,3.463979381495885e-11
12498.0,3.200698764237171e-11
12499.0,1.0411312114669275e-13
12500.0,2.4241020109318656e-08
12501.0,8.517547585919982e-09
12502.0,1.9756601010818208e-11
12503.0,2.078163184057594e-09
12504.0,2.7074734550640617e-11
12505.0,3.746915973556171e-10
12506.0,8.553494326747091e-08
12507.0,1.8022747260514416e-14
12508.0,1.7619128450007322e-13
12509.0,5.259331330416542e-11
12510.0,6.248390082377094e-10
12511.0,1.8894618457999352e-08
12512.0,1.1484651651608946e-09
12513.0,1.1468045785463902e-12
12514.0,5.707588486758215e-13
12515.0,1.6869331415519323e-13
12516.0,2.2466515209743446e-10
12517.0,2.0838972064763366e-11
12518.0,2.140998675805128e-06
12519.0,5.373026817401237e-09
12520.0,7.769909363369669e-12
12521.0,6.853261060443423e-11
12522.0,2.9073567633022628e-11
12523.0,7.538303391583742e-13
12524.0,7.131310685564206e-10
12525.0,8.16300865198794e-13
12526.0,3.301406973516772e-07
12527.0,2.846378456998763e-08
12528.0,4.3331252301485084e-13
12529.0,1.0193142920574145e-13
12530.0,7.269236291613835e-09
12531.0,4.699550958876316e-13
12532.0,8.424827167164165e-08
12533.0,2.0477689131077053e-10
12534.0,2.522161985066486e-09
12535.0,1.4945559205585424e-09
12536.0,5.353010013342829e-09
12537.0,2.1904865849981915e-10
12538.0,1.732954026192426e-09
12539.0,4.725206642768814e-10
12540.0,7.526208566719635e-10
12541.0,1.3464581001629943e-10
12542.0,2.4694198796790674e-09
12543.0,1.7612086582415486e-14
12544.0,1.2385270474806384e-10
12545.0,1.7408120487692227e-08
12546.0,2.2098876916576968e-09
12547.0,7.963516082370703e-08
12548.0,3.2675749316552765e-09
12549.0,3.238938265738456e-09
12550.0,3.524520726134567e-12
12551.0,1.8477888131346603e-11
12552.0,2.8371716633833544e-07
12553.0,1.117286822453553e-08
12554.0,2.188112224288085e-13
12555.0,7.93045500285349e-13
12556.0,1.4267249742280068e-09
12557.0,9.376664140424759e-07
12558.0,0.00016413075828115457
12559.0,1.803088498964021e-11
12560.0,1.573673283843756e-07
12561.0,3.25997555011897e-14
12562.0,1.3919749069077404e-10
12563.0,4.207371467058914e-09
12564.0,2.604539503639897e-10
12565.0,7.387798436208955e-13
12566.0,1.3685099333425623e-12
12567.0,4.6802638166009805e-08
12568.0,1.2663687079301691e-11
12569.0,1.54756750528982e-08
12570.0,1.0282353537728369e-09
12571.0,3.210585156216607e-09
12572.0,6.800555156334996e-09
12573.0,6.0887162545174555e-09
12574.0,3.6159720803752596e-09
12575.0,4.694760676727831e-11
12576.0,2.4656653047232515e-10
12577.0,7.752807720269951e-10
12578.0,1.916384846942412e-12
12579.0,1.667817490028815e-08
12580.0,2.131674703523556e-08
12581.0,1.927559043249512e-09
12582.0,2.016784166744785e-12
12583.0,3.3477757047788073e-10
12584.0,1.289079784223309e-11
12585.0,1.0667346543363829e-10
12586.0,4.1276223771104865e-11
12587.0,3.4126640065431084e-09
12588.0,9.415560293909018e-09
12589.0,2.8135693945997495e-12
12590.0,3.332905866019835e-11
12591.0,6.932686678883624e-09
12592.0,1.6977375485202605e-07
12593.0,1.0403548894665377e-13
12594.0,6.571131366710127e-09
12595.0,2.003264967258263e-09
12596.0,2.0744225942669443e-10
12597.0,1.0072108157495895e-06
12598.0,4.4342984566632673e-10
12599.0,5.846189131707469e-10
12600.0,4.1226099187482444e-11
12601.0,6.386802596115671e-10
12602.0,2.6968626268786553e-11
12603.0,2.1151316457920777e-09
12604.0,8.426452103469241e-10
12605.0,1.0529168837619994e-12
12606.0,9.849383095152184e-13
12607.0,2.8774725891362826e-08
12608.0,2.8976304319215247e-08
12609.0,9.959322623459924e-09
12610.0,9.59158750065592e-10
12611.0,1.1120324448264148e-08
12612.0,2.0843247642528993e-09
12613.0,4.3011122093848023e-10
12614.0,8.365667630300668e-07
12615.0,1.583924790633261e-13
12616.0,2.3925244267609973e-09
12617.0,6.045121631075155e-11
12618.0,1.976791534628095e-06
12619.0,4.859519857933169e-11
12620.0,1.7869803092197947e-11
12621.0,1.4729654343805147e-13
12622.0,4.060719110699147e-09
12623.0,1.8730245163870213e-12
12624.0,1.1605471183182204e-11
12625.0,2.330761461806044e-11
12626.0,7.962754180037488e-12
12627.0,2.7624136359799777e-08
12628.0,1.7506739728304988e-09
12629.0,5.49464809160834e-10
12630.0,7.887137532119032e-12
12631.0,4.997490185047659e-09
12632.0,2.8314727204296275e-11
12633.0,4.0363897150880014e-14
12634.0,1.349475704511962e-12
12635.0,1.6131908497832034e-11
12636.0,4.856400530320219e-10
12637.0,1.955575045719364e-09
12638.0,9.161427290249231e-12
12639.0,7.787376089837475e-10
12640.0,8.434197890230277e-14
12641.0,5.395433064068723e-13
12642.0,9.21566568430199e-12
12643.0,3.6854047813596826e-09
12644.0,1.0875696737394953e-08
12645.0,6.951052017816436e-10
12646.0,1.4372945240512263e-07
12647.0,4.343562135260196e-08
12648.0,1.047158414017665e-06
12649.0,4.3916482820813104e-08
12650.0,1.3305391546368817e-08
12651.0,1.0282503336621928e-07
12652.0,6.485552856658269e-12
12653.0,3.303380144030172e-11
12654.0,1.809496638218564e-10
12655.0,1.2343604660809332e-10
12656.0,9.887944885119052e-12
12657.0,2.3990414621689396e-10
12658.0,2.7673929529037232e-09
12659.0,6.1040951517608485e-09
12660.0,1.004049809787362e-11
12661.0,1.4627196220360208e-08
12662.0,3.6873232571732024e-07
12663.0,1.635211120297427e-14
12664.0,2.2420288287292135e-09
12665.0,0.000956025688637392
12666.0,7.772412864561534e-10
12667.0,1.5106067503618953e-12
12668.0,2.8818846021116958e-11
12669.0,7.680951239243388e-10
12670.0,8.028054784062708e-11
12671.0,4.467948217788052e-14
12672.0,1.3930059054795354e-10
12673.0,2.301216209105191e-10
12674.0,7.172163847863704e-11
12675.0,1.7442274218611938e-10
12676.0,2.9277655206894927e-07
12677.0,1.4542922832551444e-06
12678.0,3.833231531124573e-09
12679.0,4.1993301135745115e-11
12680.0,3.3002414289232044e-11
12681.0,9.323072324789012e-08
12682.0,5.554886191476889e-10
12683.0,8.943449477548664e-10
12684.0,0.00030134610357480094
12685.0,8.63587058889184e-06
12686.0,1.476027000195836e-07
12687.0,2.8883959769686774e-11
12688.0,6.044888227861159e-09
12689.0,1.7746454915574585e-06
12690.0,1.0563436054255879e-05
12691.0,5.583666776864031e-09
12692.0,4.042607539333308e-09
12693.0,7.697344653625295e-07
12694.0,2.4108381551209248e-09
12695.0,6.546922274202315e-11
12696.0,1.6805548725741897e-10
12697.0,2.129593010757378e-10
12698.0,2.0568738802024296e-08
12699.0,1.9362972741951664e-12
12700.0,4.31205156436156e-09
12701.0,5.8590238573701824e-09
12702.0,5.85550446751036e-11
12703.0,4.840844590473044e-09
12704.0,2.175656008697563e-08
12705.0,8.270338645779741e-11
12706.0,1.9194142453095065e-09
12707.0,7.392116861879951e-11
12708.0,1.4346022113172613e-08
12709.0,2.1128412376357373e-08
12710.0,9.775357972312302e-07
12711.0,2.4155587915942765e-09
12712.0,6.716890331629555e-13
12713.0,6.491565560411753e-11
12714.0,1.7377989883119216e-09
12715.0,5.675235905137943e-14
12716.0,1.1147591587402407e-10
12717.0,2.0743393462651395e-11
12718.0,5.919425657247148e-10
12719.0,2.1590700386613737e-10
12720.0,1.0624047629380509e-07
12721.0,4.9358364953371226e-11
12722.0,1.7097213439628235e-13
12723.0,5.651063876923432e-09
12724.0,1.0269033468784857e-10
12725.0,3.527213503168024e-08
12726.0,4.923575253648655e-10
12727.0,4.4884906870417965e-12
12728.0,7.280185673588263e-11
12729.0,2.166840519762477e-07
12730.0,3.587586122033009e-11
12731.0,1.518043044466599e-10
12732.0,1.2461168164883258e-09
12733.0,9.916099409654597e-12
12734.0,2.8528962980029742e-09
12735.0,1.2433330321775393e-09
12736.0,6.373880132375536e-10
12737.0,1.3516537636560051e-09
12738.0,9.931138190415737e-12
12739.0,4.3616408169773827e-10
12740.0,6.89447285049243e-11
12741.0,5.111446189545487e-10
12742.0,5.0456089553156734e-11
12743.0,3.2378901355406136e-13
12744.0,2.444443020712296e-07
12745.0,6.098838150384734e-08
12746.0,9.065499083644783e-07
12747.0,7.347961882035517e-10
12748.0,1.845096265749183e-07
12749.0,4.6510956450044607e-10
12750.0,2.5153141215884176e-10
12751.0,2.800371641134336e-07
12752.0,1.5475740685133424e-08
12753.0,7.229621435195729e-08
12754.0,1.1588637629776555e-09
12755.0,1.9450350107947045e-10
12756.0,3.296693860473687e-08
12757.0,1.4666384649675987e-08
12758.0,9.632642593984997e-10
12759.0,3.366220156881239e-11
12760.0,5.4409638222431084e-11
12761.0,5.2755622973406006e-08
12762.0,3.0266473782472145e-08
12763.0,1.3325816858264188e-11
12764.0,1.5821216289054242e-10
12765.0,3.3036467703975924e-11
12766.0,7.908540408591427e-10
12767.0,2.52378073055186e-11
12768.0,4.5584337725680236e-09
12769.0,2.475827932165597e-11
12770.0,3.3995896156493933e-11
12771.0,2.503220077720043e-07
12772.0,8.835839737597011e-13
12773.0,6.173934105161935e-06
12774.0,3.097096745714497e-11
12775.0,4.713287028266778e-10
12776.0,4.378415993801905e-07
12777.0,2.842999640242256e-09
12778.0,1.4184239564671042e-10
12779.0,4.2957016553884164e-10
12780.0,3.0499281768849417e-12
12781.0,1.3439947823162228e-13
12782.0,2.1849755471257747e-08
12783.0,1.8980416265211382e-10
12784.0,3.393796684753683e-11
12785.0,9.715780886613174e-12
12786.0,3.07330010174925e-10
12787.0,1.1331120584798287e-09
12788.0,6.665796389385709e-10
12789.0,2.682607013262688e-07
12790.0,9.90129442801301e-07
12791.0,1.0378930576090267e-10
12792.0,1.6656133148275983e-08
12793.0,3.3272941002232023e-10
12794.0,3.8041631648752855e-10
12795.0,1.0091073660885965e-12
12796.0,1.4463365802358426e-11
12797.0,2.3693958682448848e-11
12798.0,4.780743579667331e-09
12799.0,1.7994807864564749e-12
12800.0,2.373200398375952e-11
12801.0,1.626736383740477e-07
12802.0,6.238584058388025e-12
12803.0,1.2279756795368485e-12
12804.0,1.4859563214828017e-12
12805.0,2.0894784536018964e-11
12806.0,8.737477008126167e-13
12807.0,1.4416831470690344e-08
12808.0,4.453305924109362e-12
12809.0,6.540558346378718e-12
12810.0,7.148368544168933e-12
12811.0,2.795328889572759e-09
12812.0,1.4053703969268663e-06
12813.0,4.323301893323017e-11
12814.0,3.019869073294607e-11
12815.0,3.1331122719351123e-11
12816.0,2.441581453360329e-09
12817.0,1.1995132163813e-07
12818.0,7.262390169289248e-11
12819.0,5.085528155541009e-10
12820.0,4.179978273801889e-09
12821.0,9.19130928676337e-13
12822.0,1.255354403083307e-09
12823.0,1.3576698020786702e-09
12824.0,1.9653147355263797e-08
12825.0,5.72280385876472e-08
12826.0,5.346500291232102e-11
12827.0,1.565279524634695e-11
12828.0,3.613803594251514e-08
12829.0,2.450852579103222e-10
12830.0,6.491835377431571e-07
12831.0,2.4211068541076648e-11
12832.0,1.0141756243432752e-11
12833.0,2.297080269674662e-09
12834.0,9.023534477138646e-09
12835.0,3.159891826901348e-10
12836.0,3.543178605843278e-12
12837.0,1.5425908181893722e-07
12838.0,6.513331907635427e-12
12839.0,2.793181843766342e-08
12840.0,1.235186867120831e-11
12841.0,3.8747731658855003e-10
12842.0,1.3208332274900493e-09
12843.0,1.1484930970158068e-09
12844.0,2.589805821654606e-09
12845.0,2.457685820122746e-09
12846.0,2.033834000020028e-12
12847.0,5.191229766139125e-08
12848.0,5.02130080742965e-08
12849.0,1.7338800275806807e-09
12850.0,9.030207610144086e-12
12851.0,2.109500248940069e-14
12852.0,1.2367296402951754e-11
12853.0,4.455686269681125e-09
12854.0,7.437611004388583e-09
12855.0,9.907531054698728e-12
12856.0,2.8037170193486168e-11
12857.0,2.4780541052340936e-10
12858.0,9.387311244442584e-08
12859.0,3.2278201691901385e-08
12860.0,1.935651171857927e-11
12861.0,1.3710484333080877e-08
12862.0,1.5454291884943867e-11
12863.0,4.2671837284515017e-13
12864.0,3.4738900404501774e-09
12865.0,3.6359155633157575e-11
12866.0,3.3234641998442324e-08
12867.0,1.8019965975577e-09
12868.0,1.2835943856927044e-10
12869.0,8.443796527342918e-10
12870.0,4.069568392808496e-09
12871.0,7.038502399241214e-10
12872.0,3.454421332095329e-08
12873.0,6.867240798496711e-09
12874.0,3.7753873090813985e-09
12875.0,9.463904537514426e-10
12876.0,1.3752415364018525e-08
12877.0,4.028990353658028e-06
12878.0,5.044689304192874e-06
12879.0,1.4603728847291855e-11
12880.0,1.5909414699418349e-10
12881.0,8.721933925828635e-11
12882.0,0.0014716984304544017
12883.0,1.7452870784937652e-09
12884.0,1.854139367054914e-12
12885.0,8.735032985246758e-10
12886.0,2.5715510455004466e-09
12887.0,4.7033816474545036e-11
12888.0,1.0454068232336964e-07
12889.0,1.4831797559692665e-09
12890.0,3.069420679487542e-10
12891.0,6.655367333828536e-10
12892.0,9.415224541786604e-11
12893.0,1.1720108673426141e-08
12894.0,1.6898475298060825e-09
12895.0,6.094621788697333e-08
12896.0,5.521889413746203e-12
12897.0,1.3113214031125806e-09
12898.0,3.51069358914366e-07
12899.0,5.065892600591948e-12
12900.0,1.3358134853003028e-09
12901.0,6.910840579888543e-10
12902.0,2.234007739707841e-09
12903.0,6.173346071154197e-08
12904.0,1.5288170332211386e-09
12905.0,4.324606795133043e-10
12906.0,1.0500641842297428e-09
12907.0,2.8356094803339277e-11
12908.0,1.4627057826358843e-10
12909.0,2.509299097838521e-11
12910.0,3.752233366624853e-09
12911.0,4.2193871058410124e-08
12912.0,9.473016678365735e-09
12913.0,1.537038204271242e-11
12914.0,9.255874178805924e-13
12915.0,4.51174947175487e-11
12916.0,7.713378219123821e-10
12917.0,2.69089380608814e-10
12918.0,9.077984583249497e-10
12919.0,1.0398904656048313e-09
12920.0,2.2266003994430902e-12
12921.0,9.45935601729339e-10
12922.0,2.1453995573376755e-07
12923.0,2.966588668762365e-08
12924.0,6.322386064605605e-11
12925.0,6.303872274506319e-12
12926.0,6.148797508428582e-09
12927.0,1.3973494815694547e-08
12928.0,8.109360423943491e-13
12929.0,3.0023785048870054e-11
12930.0,4.843647679112482e-10
12931.0,1.699707694884804e-10
12932.0,7.217021749969295e-13
12933.0,1.7826421788605073e-10
12934.0,1.6845677885752022e-07
12935.0,2.9507386160969494e-08
12936.0,5.4860556558253774e-11
12937.0,4.2514972183191396e-13
12938.0,2.70955120120866e-10
12939.0,2.308633055634447e-09
12940.0,5.573282584063239e-10
12941.0,1.2649451544612386e-10
12942.0,4.584568168697338e-10
12943.0,1.3234372629652233e-10
12944.0,1.77129210095506e-11
12945.0,3.659419318847145e-10
12946.0,2.5844863096728727e-12
12947.0,1.4822743457724123e-09
12948.0,3.4054344346880746e-09
12949.0,1.3425869262032208e-10
12950.0,2.856495382511586e-08
12951.0,5.970598238786557e-10
12952.0,3.2686214089027857e-12
12953.0,0.0021268024163833563
12954.0,5.100071559836971e-08
12955.0,1.0166119352272597e-08
12956.0,2.737334224758968e-11
12957.0,1.5245240051111833e-10
12958.0,1.0275893062488352e-10
12959.0,8.731365953410653e-12
12960.0,7.926834348710935e-10
12961.0,6.285327383718289e-09
12962.0,1.0546466153856654e-10
12963.0,2.2285549670186056e-10
12964.0,2.470698471218933e-09
12965.0,9.022456481803824e-12
12966.0,2.9673322573745383e-09
12967.0,6.328155479448066e-08
12968.0,4.058740107487596e-09
12969.0,4.938424976714686e-12
12970.0,1.2952793506736998e-15
12971.0,8.372329586767655e-07
12972.0,4.852104071237326e-12
12973.0,1.1963800677911057e-10
12974.0,4.418563259851319e-13
12975.0,1.3829295075397626e-08
12976.0,6.976456028402631e-11
12977.0,3.0620976805754675e-08
12978.0,8.915599456224749e-11
12979.0,7.818256383676438e-08
12980.0,2.3145039767877757e-08
12981.0,6.124245682189941e-10
12982.0,1.3059052610822998e-10
12983.0,1.8619748839830234e-10
12984.0,1.7357117140779173e-09
12985.0,1.5115271199859892e-07
12986.0,2.1993800414554088e-10
12987.0,5.062938258767953e-07
12988.0,1.5459436119281742e-07
12989.0,1.947475755923143e-09
12990.0,6.509767653195681e-12
12991.0,7.32884247456913e-11
12992.0,2.3552847027577168e-09
12993.0,5.792891890211848e-10
12994.0,9.20133639152434e-10
12995.0,7.233916749598662e-10
12996.0,2.5547741036675174e-10
12997.0,7.125063847802381e-10
12998.0,2.128125077278612e-11
12999.0,7.515779456291623e-12
13000.0,3.031042471273767e-13
13001.0,5.010868469268713e-11
13002.0,4.884070277052387e-11
13003.0,4.760540879055196e-12
13004.0,2.409463005490007e-12
13005.0,2.6737191249622466e-10
13006.0,5.052253974079083e-11
13007.0,3.1405793851674173e-10
13008.0,1.479787011676294e-11
13009.0,1.0779290568667273e-09
13010.0,2.089216345402253e-06
13011.0,5.231987931859778e-12
13012.0,3.7845504777028746e-09
13013.0,1.582276868371692e-11
13014.0,3.1612099724075627e-09
13015.0,9.31665365019039e-09
13016.0,4.801532854372442e-09
13017.0,1.4444697593633657e-13
13018.0,6.334747358420359e-08
13019.0,2.816634867928027e-08
13020.0,7.504457182563522e-12
13021.0,6.139495064626782e-11
13022.0,4.933452875194067e-09
13023.0,5.175440657100937e-13
13024.0,1.7111299152598927e-07
13025.0,2.976630602416712e-11
13026.0,6.1686227952763985e-12
13027.0,1.5713432402007061e-09
13028.0,2.8625837144442087e-07
13029.0,9.802831240444962e-09
13030.0,5.741738549394362e-11
13031.0,4.200168165560194e-09
13032.0,2.512681760506562e-10
13033.0,2.8448408882813494e-09
13034.0,5.0507776546966665e-09
13035.0,1.8018469221638694e-07
13036.0,9.340104704677342e-09
13037.0,2.1898936226869235e-09
13038.0,1.6971843002647548e-11
13039.0,1.6093016436095502e-11
13040.0,5.412601521386414e-12
13041.0,1.174423876527424e-10
13042.0,4.632023395668113e-10
13043.0,1.338320537443639e-10
13044.0,1.3841888224187843e-09
13045.0,2.2627236314951056e-13
13046.0,6.1739607207865e-10
13047.0,3.0288136991510454e-06
13048.0,7.0449417150408895e-12
13049.0,1.3011102792787421e-08
13050.0,1.6694168545526656e-10
13051.0,1.5440225077068897e-09
13052.0,5.222631518183782e-09
13053.0,5.933432208450197e-06
13054.0,1.6182987801164313e-12
13055.0,1.618612504706914e-10
13056.0,1.8261057935528622e-11
13057.0,3.06648379305596e-08
13058.0,7.335121591559444e-11
13059.0,1.77784248858469e-13
13060.0,3.179230752489194e-10
13061.0,2.59782132377867e-08
13062.0,2.4661268957347942e-08
13063.0,5.359547625699452e-10
13064.0,4.159634446324286e-11
13065.0,1.9991913282410023e-11
13066.0,6.665833868654964e-12
13067.0,2.6372661293448775e-06
13068.0,1.3924515097962161e-08
13069.0,1.3119962382824031e-09
13070.0,4.496078169375998e-08
13071.0,4.3244182862121714e-10
13072.0,3.329816354125546e-11
13073.0,8.322620733407617e-12
13074.0,2.3223907908207406e-12
13075.0,7.045025326320575e-08
13076.0,1.823499976840844e-12
13077.0,5.372083221307652e-09
13078.0,1.0083094142240307e-06
13079.0,1.969823085883212e-05
13080.0,2.7578239166115537e-07
13081.0,3.7145478525599333e-10
13082.0,5.158107425375137e-08
13083.0,3.8248159676603716e-07
13084.0,2.4363986304241166e-15
13085.0,5.97958354691109e-09
13086.0,1.886860938718752e-10
13087.0,5.680138787879884e-11
13088.0,9.14889111191073e-11
13089.0,2.0909508483770664e-08
13090.0,1.5006740136333036e-08
13091.0,1.315155671582903e-08
13092.0,1.4980659506501176e-08
13093.0,1.520249210925518e-10
13094.0,1.686349099672542e-09
13095.0,2.286797318795172e-11
13096.0,2.712011256187395e-09
13097.0,9.896417196354385e-12
13098.0,9.907296082585202e-11
13099.0,1.3850619877678282e-09
13100.0,5.698147126557989e-09
13101.0,1.785965448759304e-08
13102.0,1.4061733008186648e-10
13103.0,2.081613228848578e-09
13104.0,1.0603978908869132e-12
13105.0,1.2259008825435799e-11
13106.0,1.341513705260222e-11
13107.0,2.8602874453724785e-10
13108.0,1.543469339129967e-07
13109.0,9.018045863575067e-12
13110.0,4.937614121113866e-09
13111.0,8.505546734127976e-09
13112.0,1.831311164887479e-11
13113.0,1.1371849556676827e-09
13114.0,3.9062906358269126e-10
13115.0,5.836620904561073e-11
13116.0,1.8510012103366585e-05
13117.0,1.9962658384917282e-09
13118.0,6.377681071610017e-10
13119.0,1.437228677225445e-09
13120.0,6.076800830818182e-07
13121.0,1.0012944340033999e-08
13122.0,2.761355454595708e-09
13123.0,2.7072549157304335e-10
13124.0,4.589714077996421e-11
13125.0,7.624160413642614e-11
13126.0,1.6466762037701302e-09
13127.0,7.687946310093528e-06
13128.0,1.1114760512766915e-06
13129.0,1.1180766221606066e-10
13130.0,6.639370720498878e-14
13131.0,1.3685038320474174e-11
13132.0,3.955193115779222e-11
13133.0,6.12030618204951e-05
13134.0,1.2849655068840899e-08
13135.0,1.1017486254577122e-12
13136.0,3.2446281221354123e-09
13137.0,2.089386340536085e-10
13138.0,1.8868488624421575e-08
13139.0,7.2663943905510864e-09
13140.0,4.030696325558609e-12
13141.0,1.7743232124510203e-10
13142.0,1.0527184960819555e-10
13143.0,1.900266436640088e-11
13144.0,1.3987638120395752e-09
13145.0,5.072491860639123e-08
13146.0,1.8937334458153954e-10
13147.0,3.126956042257352e-13
13148.0,4.338639644802572e-09
13149.0,4.81675520368739e-09
13150.0,6.018525261455574e-10
13151.0,3.747251308189499e-10
13152.0,3.8131262756402983e-07
13153.0,1.1148198585970933e-09
13154.0,5.4481396074212895e-08
13155.0,2.514554525793612e-09
13156.0,5.644204901497788e-09
13157.0,2.3430804718347395e-09
13158.0,3.437092594928787e-08
13159.0,3.975925283878378e-08
13160.0,2.4297123506154385e-10
13161.0,6.678288039576271e-10
13162.0,6.340089129238809e-09
13163.0,1.0637663692287155e-10
13164.0,3.915693057652702e-09
13165.0,9.04995800375035e-09
13166.0,9.0551588559808e-12
13167.0,1.0040756764016945e-07
13168.0,2.0911139101765634e-07
13169.0,1.7770256909622837e-10
13170.0,1.7135298079792303e-07
13171.0,9.289753343164114e-10
13172.0,8.98507179908078e-11
13173.0,5.298157061963721e-12
13174.0,1.0526951160348242e-11
13175.0,5.6709917116169104e-11
13176.0,9.420185618560506e-13
13177.0,3.7525877100216096e-10
13178.0,2.673171532027823e-11
13179.0,1.4681816305123957e-08
13180.0,7.231383096777868e-09
13181.0,8.223720359618576e-05
13182.0,6.097511466600897e-07
13183.0,3.0734413404301007e-09
13184.0,1.4601033077785932e-13
13185.0,1.7456241815563522e-10
13186.0,6.56079632196645e-12
13187.0,4.3239536245461004e-09
13188.0,6.731899289578654e-11
13189.0,2.4231192387806097e-07
13190.0,1.5882203911685368e-09
13191.0,1.3233635021547926e-10
13192.0,2.4998767399666598e-11
13193.0,2.9690817717071034e-12
13194.0,3.7589595967997365e-12
13195.0,6.581300238871173e-08
13196.0,2.827094321127393e-14
13197.0,4.61771830786489e-09
13198.0,6.217101427823651e-10
13199.0,6.506944670237685e-13
13200.0,2.3029902818485314e-12
13201.0,2.945402139233326e-10
13202.0,2.1741718554863768e-08
13203.0,2.503705203263997e-11
13204.0,5.01096661269586e-13
13205.0,5.764702955668573e-11
13206.0,8.539327515422886e-11
13207.0,7.332543614277724e-10
13208.0,3.97345505815074e-10
13209.0,4.1365090306696994e-12
13210.0,8.956614539247732e-14
13211.0,8.934086224492303e-14
13212.0,1.252666526500928e-10
13213.0,2.4666925810158772e-08
13214.0,4.115570316759264e-11
13215.0,2.6438016286271443e-10
13216.0,7.898073451684141e-10
13217.0,2.555859030795799e-10
13218.0,1.151153256210414e-08
13219.0,2.999304173568682e-10
13220.0,3.080697932250534e-13
13221.0,9.94300279142899e-08
13222.0,5.2748800423240684e-11
13223.0,2.168955007725038e-09
13224.0,1.2834862516235243e-09
13225.0,7.765495010829657e-12
13226.0,8.184945530180502e-12
13227.0,1.8156245202935786e-11
13228.0,9.054479761028311e-12
13229.0,4.122024301543315e-08
13230.0,3.873940898392388e-09
13231.0,1.700054898324523e-10
13232.0,1.6208156185103893e-11
13233.0,9.289889082251212e-11
13234.0,3.0350718299341435e-10
13235.0,5.07214560797657e-06
13236.0,6.17567087799157e-09
13237.0,4.471458276272242e-09
13238.0,9.840505243310287e-13
13239.0,1.499389388232647e-11
13240.0,2.35090839919737e-11
13241.0,2.4874594899782962e-11
13242.0,1.3264668829222989e-09
13243.0,2.577376026338923e-11
13244.0,1.9869975770791267e-09
13245.0,4.582914257630785e-11
13246.0,9.610339084684817e-13
13247.0,4.735234574635397e-06
13248.0,4.4028698867493964e-13
13249.0,2.591837096476318e-12
13250.0,1.6853986278051033e-11
13251.0,1.4678833313602397e-13
13252.0,1.2319020214287175e-08
13253.0,1.714771665097719e-10
13254.0,1.2132344631975988e-09
13255.0,3.265062389740299e-12
13256.0,1.2107549056540783e-11
13257.0,1.579070691929617e-09
13258.0,2.6475697039212945e-09
13259.0,3.6155992483294207e-11
13260.0,5.099387859272502e-08
13261.0,3.5511211984241858e-09
13262.0,3.380601114080573e-09
13263.0,6.379821904820546e-12
13264.0,2.033819245606493e-10
13265.0,5.301896235150226e-09
13266.0,2.4850020241873146e-10
13267.0,3.025678902565918e-12
13268.0,1.1599377182370019e-10
13269.0,5.257872037704467e-09
13270.0,1.1498310800236024e-07
13271.0,1.798661466737417e-05
13272.0,2.6857359788680136e-07
13273.0,8.03837346814198e-11
13274.0,2.1657307144707223e-08
13275.0,4.5458197740120955e-11
13276.0,6.805309699824595e-11
13277.0,8.570564930815179e-14
13278.0,3.7137545724053376e-09
13279.0,3.6598013181070433e-09
13280.0,6.477736710832048e-09
13281.0,4.3484529837609845e-09
13282.0,2.483311668201412e-10
13283.0,1.4130810589412814e-11
13284.0,1.0882345341929939e-10
13285.0,2.388579402212618e-12
13286.0,2.9666087867011584e-11
13287.0,1.0721709531732356e-09
13288.0,1.0047090570595642e-07
13289.0,6.092071122767606e-07
13290.0,4.301897162448269e-09
13291.0,5.1680699890811156e-12
13292.0,1.1175333668790471e-07
13293.0,3.758908501521155e-08
13294.0,3.302078459734981e-11
13295.0,1.6533725559938656e-11
13296.0,3.5049513054191374e-08
13297.0,9.744910308284994e-08
13298.0,4.89815297322132e-07
13299.0,2.1220282035081486e-07
13300.0,4.888046930624608e-11
13301.0,2.3106213488726504e-11
13302.0,1.2356498191833305e-11
13303.0,3.6874959045642617e-09
13304.0,1.242756386309782e-13
13305.0,5.728570442957776e-09
13306.0,8.12691443959949e-11
13307.0,7.575825896412122e-10
13308.0,1.8709513907621565e-07
13309.0,1.1878514591176611e-07
13310.0,3.2207266225039373e-07
13311.0,9.179802314469693e-06
13312.0,8.987338813039271e-12
13313.0,1.1931002874882954e-09
13314.0,2.6812501112268477e-10
13315.0,2.959123044950146e-12
13316.0,8.627983115020534e-09
13317.0,2.1423025541255793e-10
13318.0,2.4129126880017796e-11
13319.0,4.719259417327476e-09
13320.0,5.5159184986489335e-08
13321.0,1.4188335708961914e-11
13322.0,8.284880004761171e-12
13323.0,1.9396282304605574e-12
13324.0,4.7672188164099307e-07
13325.0,1.631147371427589e-07
13326.0,2.2454400925080564e-08
13327.0,8.635527166652737e-09
13328.0,4.183073064505566e-08
13329.0,2.391565911466901e-13
13330.0,7.040304892588496e-06
13331.0,3.247988794969896e-07
13332.0,2.207402374405649e-11
13333.0,2.9081527065671872e-09
13334.0,3.1256745102411477e-13
13335.0,3.7422211000435005e-09
13336.0,4.5880892761198177e-07
13337.0,4.025293417408989e-09
13338.0,1.9190451986209325e-10
13339.0,4.471858339483551e-09
13340.0,2.2596417674505164e-11
13341.0,8.073522638759713e-12
13342.0,1.2142235827425174e-10
13343.0,1.1056796262799234e-09
13344.0,1.591672191111485e-08
13345.0,4.4545781723545847e-11
13346.0,4.396360558171548e-09
13347.0,7.268871482529179e-11
13348.0,2.8953407321505337e-09
13349.0,1.1561961190516514e-11
13350.0,8.185483211752533e-12
13351.0,4.1456586424091646e-07
13352.0,3.5187454046065844e-09
13353.0,1.5994426977079114e-08
13354.0,1.4570119420596244e-11
13355.0,2.6474225525760744e-07
13356.0,4.933670624022224e-10
13357.0,1.1110807200271268e-07
13358.0,7.394965203263603e-13
13359.0,8.451115839745061e-10
13360.0,3.890889967800711e-10
13361.0,1.085869962398053e-10
13362.0,3.9446349438512026e-11
13363.0,4.774473914220382e-07
13364.0,1.1812185740401295e-13
13365.0,6.716595813918493e-09
13366.0,7.005964287983144e-05
13367.0,6.836293622795748e-11
13368.0,1.1650387278101866e-09
13369.0,6.2596413271681e-10
13370.0,1.8915109948134308e-10
13371.0,1.799308416804231e-11
13372.0,2.1252567532975468e-11
13373.0,9.471537795093097e-10
13374.0,1.79794849601554e-11
13375.0,2.3071266285930124e-07
13376.0,2.234604176174444e-10
13377.0,4.75127149891437e-12
13378.0,4.584234233936992e-09
13379.0,6.052638645750763e-09
13380.0,2.0592733055091198e-10
13381.0,3.738626441575889e-07
13382.0,2.3138171526521562e-09
13383.0,1.1162439764292416e-09
13384.0,2.1496271164031928e-11
13385.0,4.280461699989104e-12
13386.0,5.495958778704209e-11
13387.0,9.805297957000486e-11
13388.0,2.482067645454297e-07
13389.0,1.836476583370739e-12
13390.0,1.2692917281507737e-08
13391.0,1.845156502858529e-10
13392.0,2.7735664855793374e-09
13393.0,7.688601157863994e-09
13394.0,1.7817658105800274e-10
13395.0,5.831475439380056e-14
13396.0,5.8843220171464804e-08
13397.0,3.3596325567379158e-09
13398.0,2.7102635673602962e-11
13399.0,2.457388540746643e-08
13400.0,7.939793792797251e-13
13401.0,1.264868873410389e-11
13402.0,6.374239409770125e-09
13403.0,4.473365497840224e-10
13404.0,4.926255479664125e-10
13405.0,4.58163346457701e-11
13406.0,2.977760973841766e-10
13407.0,9.063426104248173e-09
13408.0,4.0564440348009245e-09
13409.0,7.59875751567874e-09
13410.0,2.337491515089462e-09
13411.0,2.285132086552388e-06
13412.0,6.299633959604225e-10
13413.0,4.116591694007305e-10
13414.0,2.409497173993623e-10
13415.0,4.831250355616344e-12
13416.0,2.2224650672524033e-07
13417.0,1.239206623762642e-10
13418.0,4.549210121132341e-10
13419.0,6.135273603301721e-10
13420.0,1.7597754332027116e-13
13421.0,1.0385818180748923e-11
13422.0,6.024138534906233e-08
13423.0,1.5428231505873783e-12
13424.0,3.495586578131741e-13
13425.0,1.3561153673118872e-10
13426.0,3.426396414203567e-09
13427.0,6.130208137573293e-07
13428.0,1.5016568356938185e-12
13429.0,2.293506021637032e-11
13430.0,4.281672059554795e-10
13431.0,4.294187967109587e-08
13432.0,5.9002960111189076e-12
13433.0,1.1135968630602194e-09
13434.0,2.6515623060736284e-10
13435.0,5.0606648084130584e-12
13436.0,8.706222766641635e-10
13437.0,3.549719135917843e-08
13438.0,1.4271861886035654e-08
13439.0,1.3441194921356034e-09
13440.0,1.3794341197623728e-07
13441.0,1.1953221062064215e-07
13442.0,7.736712551619767e-10
13443.0,3.5698101880594954e-12
13444.0,1.1476939129184088e-11
13445.0,6.218619928122961e-11
13446.0,6.546124102629923e-10
13447.0,4.014327949117777e-11
13448.0,1.5252357238395664e-10
13449.0,2.4760729143399036e-13
13450.0,1.919089601395419e-09
13451.0,3.5821755369858333e-07
13452.0,3.855059996433645e-09
13453.0,8.590939425185893e-13
13454.0,1.9933447224059778e-10
13455.0,1.1742759956786577e-12
13456.0,2.8357071429746715e-10
13457.0,1.4483935328499358e-11
13458.0,8.97433123233067e-08
13459.0,1.6261365454636533e-07
13460.0,2.264487053382032e-09
13461.0,5.193270995789362e-09
13462.0,4.1352559180228246e-09
13463.0,1.2462981555546294e-09
13464.0,5.188867545861542e-10
13465.0,5.902193931612008e-12
13466.0,2.782860505917128e-09
13467.0,5.729221865131631e-10
13468.0,8.48310074411568e-09
13469.0,1.5579365974818185e-07
13470.0,2.643377287664307e-10
13471.0,2.1826030665370416e-09
13472.0,2.957797226015269e-09
13473.0,3.456768648700158e-08
13474.0,9.054582756591395e-12
13475.0,5.218966846045629e-12
13476.0,2.82373181785147e-09
13477.0,1.2966975989684124e-13
13478.0,4.111189774334319e-10
13479.0,8.241733382469661e-12
13480.0,8.529250419771903e-08
13481.0,1.746887780303936e-13
13482.0,5.970056404821698e-14
13483.0,8.639344953430763e-13
13484.0,3.342186419641259e-09
13485.0,5.067588333393571e-13
13486.0,9.012395971691413e-08
13487.0,8.561889709383899e-13
13488.0,1.3249637025304037e-09
13489.0,2.4798846224458965e-12
13490.0,3.1754997450877e-10
13491.0,4.236246850906274e-10
13492.0,4.186108166466191e-07
13493.0,2.0133545548805146e-11
13494.0,3.3406887810182857e-10
13495.0,2.233037144969158e-08
13496.0,1.2460801214145588e-10
13497.0,2.2327837359579482e-10
13498.0,1.101083358821088e-09
13499.0,3.5209825281568963e-09
13500.0,1.008423323370294e-06
13501.0,8.182345487398335e-10
13502.0,1.2122693669888251e-10
13503.0,1.8916811649384065e-08
13504.0,6.71140935347675e-14
13505.0,1.762294837716945e-09
13506.0,2.7049316553386314e-07
13507.0,3.6019739713130516e-06
13508.0,1.435622699641557e-10
13509.0,7.30827760025512e-08
13510.0,2.2914526573520833e-12
13511.0,1.9483531503442986e-09
13512.0,2.0413755782001494e-10
13513.0,5.80906918322291e-09
13514.0,2.871798803934867e-11
13515.0,1.4793159359644538e-13
13516.0,9.490509517528371e-07
13517.0,2.5624566761590455e-10
13518.0,4.0255475879096276e-10
13519.0,3.257062921768856e-10
13520.0,8.389888652587549e-11
13521.0,1.766626804417069e-07
13522.0,1.965791158069511e-08
13523.0,2.5156934748312244e-10
13524.0,1.0533909363584785e-09
13525.0,5.793860214351699e-10
13526.0,8.893012270225198e-10
13527.0,4.2867939254240116e-07
13528.0,5.841338819542772e-10
13529.0,3.275789304594996e-10
13530.0,1.2577921863696824e-10
13531.0,7.770628880883708e-11
13532.0,1.456928949678584e-08
13533.0,2.4981412509863093e-11
13534.0,8.718976411485146e-10
13535.0,3.455573729279956e-12
13536.0,3.97340889619143e-09
13537.0,1.5442524030058968e-06
13538.0,1.337344306109544e-10
13539.0,2.646570499005201e-07
13540.0,4.171714048414216e-12
13541.0,2.9683026222290866e-11
13542.0,1.5762416094412634e-08
13543.0,1.1704655797431068e-09
13544.0,3.790229402149893e-07
13545.0,1.3051257807482558e-09
13546.0,1.1729517041676022e-09
13547.0,7.485893404320398e-09
13548.0,5.636956709743081e-10
13549.0,4.259591975709869e-12
13550.0,7.938226448896038e-06
13551.0,4.1116003401816487e-13
13552.0,5.000254691323033e-11
13553.0,2.1402834315097566e-09
13554.0,2.7528474083732584e-13
13555.0,9.060855870815436e-09
13556.0,1.4814502758183009e-10
13557.0,4.106359334054334e-10
13558.0,3.477874158884264e-13
13559.0,9.635706090150665e-09
13560.0,1.3283165999119121e-12
13561.0,4.5194665536766675e-12
13562.0,6.197386891238124e-07
13563.0,3.5661207280388683e-12
13564.0,3.0889579176906745e-12
13565.0,7.280899216352416e-10
13566.0,4.191685719897854e-10
13567.0,6.150649530026415e-11
13568.0,1.4461604951672462e-06
13569.0,2.114372750451366e-11
13570.0,2.1026095230785632e-10
13571.0,4.783963508855253e-11
13572.0,3.136215471915213e-12
13573.0,1.6643613085999725e-07
13574.0,2.1397224721620063e-09
13575.0,4.296367706278323e-06
13576.0,6.886449269386919e-10
13577.0,2.561374548036119e-11
13578.0,1.9492002280598897e-12
13579.0,3.728114731136778e-10
13580.0,1.7194557589868916e-10
13581.0,8.020517429284997e-06
13582.0,2.9579563384790877e-16
13583.0,9.008358802810554e-10
13584.0,3.129164331908391e-11
13585.0,2.570100882873271e-10
13586.0,9.331534664139941e-09
13587.0,3.3640238742999186e-10
13588.0,3.1857641744689226e-07
13589.0,6.1726981989524e-08
13590.0,4.927285823636995e-11
13591.0,5.885451371077543e-10
13592.0,2.559250019760049e-10
13593.0,1.2513507313761518e-06
13594.0,4.034969028377571e-08
13595.0,5.09208244628955e-09
13596.0,6.343895557818505e-08
13597.0,1.2627002050146637e-07
13598.0,3.712416896213328e-07
13599.0,1.6209293069750386e-12
13600.0,4.136137841250115e-10
13601.0,1.6377961534524644e-10
13602.0,7.263041754925213e-11
13603.0,6.82235180065622e-11
13604.0,1.6656555125477709e-06
13605.0,3.134057314693306e-11
13606.0,1.1925364506455303e-10
13607.0,1.1780987097363762e-09
13608.0,1.7437200295691807e-11
13609.0,5.0700822983493404e-11
13610.0,1.4216378939007756e-10
13611.0,9.167538148506069e-10
13612.0,1.4016317022727353e-11
13613.0,1.3262073905738831e-10
13614.0,2.0987117021664838e-10
13615.0,7.590220191248038e-09
13616.0,3.9654466674136807e-10
13617.0,1.2359928309450704e-10
13618.0,4.365132265365907e-12
13619.0,1.4615426719658846e-11
13620.0,4.453247084760766e-11
13621.0,7.483027588912703e-11
13622.0,2.524194456689696e-11
13623.0,1.7680638373736122e-09
13624.0,3.795661439725941e-11
13625.0,2.5288642354612165e-10
13626.0,7.058821665995697e-09
13627.0,5.24464200783572e-10
13628.0,2.4845033614609187e-12
13629.0,9.164112004168195e-08
13630.0,9.891075618691167e-10
13631.0,5.903026203255817e-10
13632.0,3.6626591511207813e-10
13633.0,1.1387065930430346e-07
13634.0,4.690569074316994e-09
13635.0,8.91645889044877e-10
13636.0,6.6290804415429245e-12
13637.0,2.259820982185809e-09
13638.0,9.013687714233107e-08
13639.0,5.124040328552603e-07
13640.0,9.873321932835632e-11
13641.0,1.6757186217355169e-09
13642.0,8.548373238182876e-10
13643.0,1.7220251523559466e-12
13644.0,7.589828902468393e-09
13645.0,3.9344551131166204e-11
13646.0,1.493937756233237e-07
13647.0,1.4936755287197963e-10
13648.0,8.689461487579875e-10
13649.0,1.7616066855117596e-07
13650.0,5.103116384100253e-08
13651.0,2.015200119474009e-11
13652.0,3.270397487822147e-13
13653.0,3.452175048733913e-09
13654.0,1.722530399105929e-10
13655.0,4.933867071349697e-08
13656.0,9.546056171390302e-10
13657.0,2.966675568496949e-13
13658.0,1.0387465162979512e-08
13659.0,1.62212458775725e-12
13660.0,2.970029509295054e-09
13661.0,2.7340294882138486e-08
13662.0,2.0970512336065764e-13
13663.0,1.450958906016503e-09
13664.0,8.748106716061049e-12
13665.0,1.2631231176415294e-10
13666.0,1.8096422693628678e-10
13667.0,1.7247074641875076e-12
13668.0,5.379782033678613e-11
13669.0,5.976449993346426e-15
13670.0,3.3550424906945827e-15
13671.0,2.462640306362622e-08
13672.0,3.489004361629254e-12
13673.0,3.7952298910060665e-07
13674.0,8.324753429438715e-09
13675.0,1.905380390585241e-09
13676.0,3.829549922163377e-09
13677.0,1.6987341681848018e-08
13678.0,1.0385446355092726e-07
13679.0,1.525365809024721e-09
13680.0,1.6307733408406455e-08
13681.0,6.535011154558922e-13
13682.0,4.966600065471971e-14
13683.0,7.058541433124576e-12
13684.0,4.673134908051272e-09
13685.0,6.19094461325128e-10
13686.0,3.2877626171433225e-10
13687.0,1.3152338795291435e-11
13688.0,3.021047757211054e-11
13689.0,6.620043028127443e-12
13690.0,1.9510963198020137e-09
13691.0,4.969825929051568e-10
13692.0,4.8662480158832856e-09
13693.0,7.666782938104434e-14
13694.0,3.997772522704904e-09
13695.0,4.975707931351564e-10
13696.0,1.936747025821226e-12
13697.0,7.032380819314296e-11
13698.0,2.3003854310542196e-12
13699.0,4.412129780521746e-12
13700.0,1.594207662273102e-08
13701.0,8.29105878233866e-12
13702.0,8.722637498476466e-08
13703.0,1.3296359714127552e-09
13704.0,4.34876928477278e-09
13705.0,1.8483948689747474e-14
13706.0,3.0305934981092423e-12
13707.0,5.3906387555674095e-08
13708.0,8.463111070791329e-12
13709.0,3.4797727350625136e-11
13710.0,2.5221791742781147e-08
13711.0,4.289735345674501e-05
13712.0,2.2786375820844946e-11
13713.0,3.457053229166546e-12
13714.0,6.396786872622076e-11
13715.0,1.7491655373607719e-12
13716.0,1.6102772752978513e-11
13717.0,1.501842885963268e-07
13718.0,3.3241789212012904e-10
13719.0,4.858901245162901e-13
13720.0,2.6615283732916647e-09
13721.0,2.581748180174278e-11
13722.0,1.2872847482020578e-13
13723.0,7.005484691908897e-09
13724.0,3.285739855777747e-10
13725.0,1.5986569102266364e-06
13726.0,5.124744081996067e-13
13727.0,6.182445616151272e-06
13728.0,1.9035721419503054e-12
13729.0,2.2507787267033709e-10
13730.0,8.056128056004026e-09
13731.0,7.643806583844583e-11
13732.0,1.7572756501143009e-09
13733.0,2.3905760102641058e-06
13734.0,3.212410480546857e-13
13735.0,7.868320928992119e-08
13736.0,2.796992085927718e-09
13737.0,3.2588870041484854e-13
13738.0,8.148940055659309e-10
13739.0,8.457601999558138e-11
13740.0,5.768534530014198e-12
13741.0,2.4253497695034788e-12
13742.0,7.771759893165288e-12
13743.0,6.9914763118973e-13
13744.0,1.817969099468208e-11
13745.0,2.1906248399604824e-07
13746.0,2.131415999485432e-07
13747.0,4.017393552121288e-10
13748.0,2.7221460303862766e-10
13749.0,4.878973203363773e-08
13750.0,3.921186657242664e-13
13751.0,1.2824753277937915e-07
13752.0,6.768512276452987e-10
13753.0,4.320589016458308e-10
13754.0,2.2491414239408637e-10
13755.0,3.2197534652394793e-08
13756.0,5.7373581536345335e-09
13757.0,1.8711312160638433e-06
13758.0,4.9619404512203436e-08
13759.0,5.85408376455691e-09
13760.0,7.68154038270215e-11
13761.0,3.958862581023545e-12
13762.0,5.379674567859445e-06
13763.0,1.457984093876741e-11
13764.0,1.0601771063585317e-06
13765.0,2.6948948302068078e-09
13766.0,3.637141898130042e-11
13767.0,3.120839467048123e-10
13768.0,3.239794860412935e-11
13769.0,1.1686828006555784e-05
13770.0,1.8627881920569642e-11
13771.0,3.879535377270595e-13
13772.0,3.9647748087631303e-13
13773.0,4.308212031825056e-12
13774.0,2.9226348520101843e-10
13775.0,2.0616103877535476e-10
13776.0,1.9892750670890945e-09
13777.0,3.219875901724715e-09
13778.0,3.5639165983200483e-09
13779.0,8.26957116614783e-11
13780.0,8.814040464412828e-11
13781.0,2.657626197458387e-12
13782.0,1.8828751417820817e-07
13783.0,3.48657202783037e-09
13784.0,1.922559245732026e-08
13785.0,3.768926364537698e-10
13786.0,1.1394694508176572e-10
13787.0,2.5228146250602997e-13
13788.0,9.528029502664201e-08
13789.0,2.730302640772404e-07
13790.0,8.286491265965932e-09
13791.0,2.0398931882956825e-11
13792.0,1.4966435881048887e-08
13793.0,1.8272399040455214e-11
13794.0,3.392806917421791e-10
13795.0,1.8273473672981034e-09
13796.0,9.725084785198294e-09
13797.0,3.276056399230565e-08
13798.0,2.4122891250061292e-11
13799.0,2.9736571588081714e-12
13800.0,5.806373915685639e-06
13801.0,8.60903355391302e-12
13802.0,2.0125527397802938e-08
13803.0,4.760272955849857e-10
13804.0,3.4692820432222954e-08
13805.0,4.1356166978383016e-10
13806.0,2.4586561096887077e-12
13807.0,1.7818234590538016e-08
13808.0,2.0092525878668766e-09
13809.0,9.356301231782709e-09
13810.0,4.8178156875069346e-11
13811.0,1.11438834937825e-08
13812.0,1.6926722679183465e-11
13813.0,5.697946445990262e-08
13814.0,1.2707656886978014e-09
13815.0,7.528169015070082e-10
13816.0,9.13197758772101e-09
13817.0,7.138248216697076e-12
13818.0,1.2607741389084208e-10
13819.0,1.159069278052375e-11
13820.0,9.970423394944212e-10
13821.0,1.779896838372318e-11
13822.0,9.488139874316381e-08
13823.0,2.597445798277972e-13
13824.0,1.1404890366678087e-07
13825.0,3.101728480758088e-11
13826.0,0.0019757723811220395
13827.0,1.7872474790694114e-07
13828.0,1.5073852786713677e-10
13829.0,4.387364038834897e-09
13830.0,2.574267750065462e-11
13831.0,2.670396580404943e-09
13832.0,4.1567296388085584e-09
13833.0,3.534627151406823e-06
13834.0,1.222428220228946e-08
13835.0,5.779393777931678e-10
13836.0,6.121339239241898e-08
13837.0,3.7400589899864765e-11
13838.0,5.543661370007421e-12
13839.0,1.6875904545581777e-11
13840.0,2.6070221192815087e-09
13841.0,3.5546110933622693e-09
13842.0,3.2621532281279166e-11
13843.0,5.7301209203743646e-08
13844.0,6.265496779601299e-11
13845.0,4.891236778310972e-11
13846.0,1.8897050027607398e-10
13847.0,8.414762712672736e-09
13848.0,1.6741751218806768e-07
13849.0,1.5099886053268668e-11
13850.0,7.979551580455093e-11
13851.0,8.154487743655725e-07
13852.0,3.9210835974935344e-14
13853.0,1.3899652894619681e-15
13854.0,2.1405599668762058e-10
13855.0,9.250989372829561e-11
13856.0,3.467170256649765e-08
13857.0,4.207538039259589e-10
13858.0,1.7391147760260174e-10
13859.0,2.2774666790787127e-08
13860.0,5.104708696422887e-09
13861.0,7.646111895971073e-10
13862.0,3.940398351933001e-11
13863.0,1.648316796901926e-11
13864.0,6.737452421454954e-10
13865.0,2.1133061544908802e-09
13866.0,4.244966008328071e-12
13867.0,1.7308292050568227e-13
13868.0,2.2072705125490885e-09
13869.0,7.237596478471565e-12
13870.0,8.434739907322863e-11
13871.0,8.713847438563097e-12
13872.0,3.795790171132648e-07
13873.0,1.7082330587494003e-09
13874.0,7.11086935946425e-11
13875.0,4.0379595490155085e-08
13876.0,8.483094311332522e-10
13877.0,1.37847263773843e-09
13878.0,2.664971849970619e-10
13879.0,3.5360271841910718e-12
13880.0,1.5874966383843176e-09
13881.0,1.244780633170879e-13
13882.0,6.27290193937554e-10
13883.0,2.9037727588160862e-11
13884.0,3.2441027116171404e-09
13885.0,7.440813368974431e-10
13886.0,8.03821796633167e-06
13887.0,5.366750409371484e-10
13888.0,6.796535119237523e-08
13889.0,6.855534270852048e-09
13890.0,9.019790560455201e-14
13891.0,8.189084144403221e-11
13892.0,9.980177801899365e-07
13893.0,1.9529888317507502e-08
13894.0,1.2036094257487084e-07
13895.0,1.5839941197592733e-09
13896.0,1.6976127364125483e-10
13897.0,3.345404215242213e-14
13898.0,1.887886063153111e-09
13899.0,5.6089246490238495e-12
13900.0,1.4428371893672076e-10
13901.0,1.850766468960715e-09
13902.0,1.1705688946992478e-11
13903.0,4.690186110957945e-07
13904.0,2.4392540442262726e-09
13905.0,9.598570262722915e-09
13906.0,4.134866916257839e-12
13907.0,2.260180380813027e-09
13908.0,7.839927635210936e-12
13909.0,2.4789552363101782e-11
13910.0,3.373960860601151e-09
13911.0,3.1746722529113487e-09
13912.0,2.099106197341966e-10
13913.0,4.359240269890997e-11
13914.0,8.268770960191393e-07
13915.0,7.881837463160476e-15
13916.0,3.833384923691671e-09
13917.0,2.9215410846035846e-12
13918.0,2.40912252728915e-07
13919.0,3.984531685120566e-09
13920.0,1.3342212371824765e-09
13921.0,2.7227556238814477e-16
13922.0,3.43254058139601e-12
13923.0,4.241140507957376e-11
13924.0,1.0991142863873853e-09
13925.0,3.0469060196880504e-14
13926.0,5.055495306532033e-09
13927.0,1.1561248782676865e-10
13928.0,4.5458406458400314e-08
13929.0,1.9905395637978194e-10
13930.0,6.767406973288388e-08
13931.0,2.369910538461018e-12
13932.0,6.540886111713747e-05
13933.0,9.79511854476057e-09
13934.0,2.0545195398942646e-07
13935.0,7.837829513666779e-11
13936.0,1.4349113241933155e-10
13937.0,1.3842606981222314e-08
13938.0,1.3449058285897339e-08
13939.0,2.9932690340764713e-11
13940.0,2.192346585988049e-12
13941.0,1.1995092354705634e-10
13942.0,8.387679913963346e-12
13943.0,4.5015848822438384e-11
13944.0,1.4784561711164637e-11
13945.0,1.8342937353568048e-10
13946.0,4.904318055374293e-07
13947.0,6.601886632023114e-11
13948.0,1.0371992861244424e-07
13949.0,4.045122581273392e-09
13950.0,5.784763160249521e-10
13951.0,1.1426253042737493e-11
13952.0,2.8188083428072158e-11
13953.0,8.532584895192972e-14
13954.0,8.976192059076316e-08
13955.0,2.4560476717173085e-11
13956.0,8.310479125763596e-09
13957.0,2.1338733364965092e-16
13958.0,4.3490061196575323e-11
13959.0,4.4454738882703263e-11
13960.0,1.2128412202764087e-08
13961.0,1.5423598901026977e-11
13962.0,3.326185137219456e-09
13963.0,2.5234507334655584e-12
13964.0,4.6933414908231045e-11
13965.0,2.0725138044151264e-08
13966.0,1.9483117618452913e-10
13967.0,1.4581044427348517e-09
13968.0,1.0888429132387962e-12
13969.0,2.695131911036031e-11
13970.0,6.274796143875096e-10
13971.0,4.472184664909116e-10
13972.0,3.6208483035599075e-08
13973.0,4.317907375307567e-08
13974.0,5.354729123885659e-08
13975.0,1.8052078505169634e-09
13976.0,4.136311067770606e-08
13977.0,6.211682726119677e-09
13978.0,3.2564466497978626e-10
13979.0,1.0049203404456834e-11
13980.0,1.558195982337813e-07
13981.0,1.9457037580148134e-08
13982.0,4.046452956734547e-09
13983.0,2.134094088751059e-10
13984.0,5.068290832586393e-10
13985.0,2.18567049324881e-09
13986.0,1.3074201499619465e-10
13987.0,1.6099161048000145e-09
13988.0,2.769685298830052e-11
13989.0,3.5089847956438046e-11
13990.0,1.6630785620434527e-15
13991.0,2.290110999323675e-09
13992.0,8.450675158874598e-10
13993.0,1.9097384947658e-07
13994.0,1.505928425376313e-09
13995.0,4.902617780082482e-10
13996.0,0.01744801661913526
13997.0,8.907544817417039e-10
13998.0,3.2322219946540513e-09
13999.0,3.1988773672716983e-09
14000.0,2.37208973453579e-10
14001.0,1.2091319017141959e-09
14002.0,1.160059872780257e-09
14003.0,8.963420386353951e-11
14004.0,1.7517140904093402e-12
14005.0,1.8779923675372823e-10
14006.0,1.149069889714905e-10
14007.0,2.857351890936806e-09
14008.0,1.4923391704476456e-09
14009.0,1.441655191669693e-08
14010.0,2.8745502168789168e-09
14011.0,9.686944169243221e-11
14012.0,1.2081206446487958e-11
14013.0,8.429024852205009e-11
14014.0,6.183067849073293e-08
14015.0,4.8952730366915343e-11
14016.0,3.962636563908734e-08
14017.0,4.483695977619626e-10
14018.0,2.352410262379167e-06
14019.0,2.8201887940808028e-08
14020.0,3.678915995310292e-06
14021.0,2.2327415310201682e-08
14022.0,5.766444868865713e-10
14023.0,1.2063067179828997e-10
14024.0,1.00024076894075e-10
14025.0,5.919855613320517e-09
14026.0,1.275755057653584e-08
14027.0,3.67760359555959e-12
14028.0,2.034871603319524e-10
14029.0,2.0946963586066582e-09
14030.0,5.846303883754654e-09
14031.0,2.0134375469445746e-11
14032.0,7.182055184209488e-11
14033.0,1.543223712407415e-09
14034.0,1.4980405116406906e-10
14035.0,2.7062383932516023e-12
14036.0,2.0325286380799864e-09
14037.0,2.917440138115396e-07
14038.0,1.01349335847173e-09
14039.0,6.544177962106251e-12
14040.0,1.903078347900097e-10
14041.0,5.526438283546499e-08
14042.0,1.5592739399718744e-07
14043.0,2.041017645399544e-09
14044.0,4.563229053425398e-11
14045.0,5.449037220601224e-09
14046.0,9.67460940494878e-08
14047.0,1.712245197655629e-08
14048.0,5.487414328376506e-10
14049.0,2.9418926502885462e-08
14050.0,5.2731635948749454e-12
14051.0,4.3926527403870605e-12
14052.0,1.3435013426470507e-09
14053.0,2.9745664097811817e-10
14054.0,2.7152219756500168e-08
14055.0,1.087214658498506e-09
14056.0,1.7723717476125226e-10
14057.0,6.665882297849756e-11
14058.0,2.586062550603788e-11
14059.0,6.773667828556753e-09
14060.0,4.0167274885284955e-08
14061.0,2.4058606290810547e-07
14062.0,5.291830107606877e-11
14063.0,8.283511820249436e-10
14064.0,5.643558459738153e-10
14065.0,4.48171590219663e-11
14066.0,3.45319776790152e-10
14067.0,2.3376435066545622e-09
14068.0,1.2563729086329425e-07
14069.0,3.716515302110351e-10
14070.0,1.3547419835691193e-09
14071.0,1.612662331081975e-10
14072.0,2.90981673493619e-07
14073.0,2.1078858385917794e-10
14074.0,4.368813527676371e-14
14075.0,3.113021310248386e-09
14076.0,7.45234209912816e-12
14077.0,3.2010053821321545e-12
14078.0,9.678135974567407e-14
14079.0,1.145585122498017e-09
14080.0,1.2901581379763046e-10
14081.0,2.930439246195833e-06
14082.0,1.3620365755516143e-11
14083.0,1.8450315258458045e-10
14084.0,2.142538539371408e-09
14085.0,1.3476995164763221e-11
14086.0,6.846831354127644e-09
14087.0,7.194191886808521e-09
14088.0,1.296394742555953e-08
14089.0,2.400150261539413e-09
14090.0,6.0531814689526125e-12
14091.0,3.1588387863310747e-09
14092.0,7.028205017654879e-10
14093.0,2.4523578539006185e-12
14094.0,9.846499698712434e-09
14095.0,1.3578936819085917e-09
14096.0,1.3665854299515388e-12
14097.0,6.432201850836857e-09
14098.0,1.8039830086949763e-06
14099.0,4.4232506710234836e-11
14100.0,1.3532823501492815e-12
14101.0,1.3013851726300212e-10
14102.0,3.6961937144378104e-09
14103.0,6.702143637371687e-11
14104.0,1.4929660173824598e-11
14105.0,1.3252026214488502e-11
14106.0,4.376287779249541e-09
14107.0,3.7261195705446136e-11
14108.0,4.18404443624909e-11
14109.0,1.2200370755130625e-09
14110.0,1.2446908533172227e-10
14111.0,3.159425286789489e-11
14112.0,4.753028748835669e-09
14113.0,8.072911883842722e-12
14114.0,5.024993445529205e-09
14115.0,3.2614510405435373e-09
14116.0,4.067066923671147e-09
14117.0,5.196706136050461e-10
14118.0,1.146543544007412e-08
14119.0,1.0708700105659124e-08
14120.0,2.9644927061547143e-09
14121.0,1.5110004988166648e-09
14122.0,1.8394974612080651e-10
14123.0,9.125152860559197e-13
14124.0,1.7805988417656214e-08
14125.0,1.3245080594348652e-08
14126.0,2.555369068596858e-07
14127.0,8.436022898666432e-12
14128.0,4.6679768045072374e-08
14129.0,1.3005248977004591e-13
14130.0,4.6483557698187105e-08
14131.0,2.1062967079013465e-11
14132.0,1.4278831492494403e-09
14133.0,2.0691455049646076e-09
14134.0,2.0756580608815416e-08
14135.0,3.5762720571900255e-10
14136.0,3.048589547710475e-10
14137.0,5.570113828809948e-08
14138.0,2.2917321859376976e-13
14139.0,9.459139507283903e-09
14140.0,7.051375965519726e-09
14141.0,1.3841408426843123e-09
14142.0,8.44754021054715e-09
14143.0,2.83220389248387e-13
14144.0,3.709618015156135e-09
14145.0,9.774379569249816e-09
14146.0,1.5840714626612813e-11
14147.0,1.6679933254579747e-12
14148.0,7.663140043504084e-06
14149.0,3.8353619783514594e-10
14150.0,7.797919431612425e-10
14151.0,3.278086830303987e-09
14152.0,7.557031894047083e-12
14153.0,1.8673182991939963e-11
14154.0,6.528517616016715e-11
14155.0,3.7327319161021417e-07
14156.0,1.5369661475345074e-15
14157.0,6.361728661531698e-13
14158.0,3.829274405047657e-11
14159.0,3.292514071457263e-10
14160.0,3.484116146057199e-11
14161.0,7.998694249800454e-14
14162.0,1.8030451659767212e-12
14163.0,3.0410838515545353e-14
14164.0,1.6556818332545077e-10
14165.0,4.834652278171576e-06
14166.0,5.507526728474236e-10
14167.0,9.282376846870255e-10
14168.0,2.7143847407464493e-09
14169.0,1.4550014106045533e-11
14170.0,8.375515726580024e-10
14171.0,1.387215470606849e-08
14172.0,1.5784377357076722e-11
14173.0,5.455565720351302e-12
14174.0,2.5532931057938137e-13
14175.0,9.774562178107027e-15
14176.0,2.138359181561451e-10
14177.0,2.7335063915052775e-10
14178.0,1.0467115116837255e-10
14179.0,2.1234417299389893e-10
14180.0,1.3896861778503056e-09
14181.0,1.948232799952306e-09
14182.0,1.3438546586967624e-10
14183.0,2.61205523832889e-09
14184.0,5.849882240721283e-11
14185.0,4.142195683281052e-10
14186.0,1.3001703058872462e-10
14187.0,2.0356111696084365e-11
14188.0,1.0564220380349616e-05
14189.0,1.272772175504635e-07
14190.0,0.00011905522316745261
14191.0,9.055610870134444e-07
14192.0,1.1723604554324353e-06
14193.0,4.432274559616122e-12
14194.0,2.308708088951348e-10
14195.0,1.037044584650078e-12
14196.0,8.010354836862329e-08
14197.0,1.839525409069381e-07
14198.0,7.078911510932446e-09
14199.0,5.861250003264941e-12
14200.0,2.0563513626083462e-09
14201.0,1.304935058891651e-10
14202.0,5.429332833131945e-09
14203.0,4.2727941522578e-09
14204.0,3.7769735482678e-11
14205.0,2.172773612170752e-10
14206.0,1.4647172934493752e-05
14207.0,3.457984711388123e-11
14208.0,6.180767046325633e-10
14209.0,2.503703735049334e-12
14210.0,3.908680675267474e-09
14211.0,1.8669474022340164e-09
14212.0,1.3673701208512145e-08
14213.0,2.116463541619882e-11
14214.0,2.4230760841460896e-12
14215.0,9.797383143380037e-12
14216.0,1.9052095084051198e-11
14217.0,3.753811997679552e-12
14218.0,5.270565881256275e-10
14219.0,5.488562037160344e-11
14220.0,2.5613221270452786e-10
14221.0,3.0181386778884747e-11
14222.0,9.12205932940217e-09
14223.0,3.4960272847918277e-10
14224.0,2.5918866466832057e-08
14225.0,2.812439238670294e-09
14226.0,1.071548820770996e-10
14227.0,1.3443453714382178e-12
14228.0,4.571870199472202e-14
14229.0,3.192474972123536e-10
14230.0,2.0543190359287493e-11
14231.0,2.762691522946071e-10
14232.0,1.1286491374146346e-06
14233.0,8.518869673496162e-12
14234.0,7.084802451303796e-08
14235.0,1.0394136973773795e-11
14236.0,5.130128115009377e-10
14237.0,5.119286026885365e-07
14238.0,1.6152188373741597e-12
14239.0,5.378576838606138e-09
14240.0,8.313051497026163e-10
14241.0,9.659005636184428e-13
14242.0,1.596579251368343e-08
14243.0,8.83494319116563e-10
14244.0,1.9092359779198908e-12
14245.0,1.9843731808108342e-09
14246.0,7.426879886795335e-08
14247.0,2.1881114134553213e-07
14248.0,6.843882235588914e-10
14249.0,8.087984023244156e-12
14250.0,1.486167081467625e-11
14251.0,1.282946001557979e-11
14252.0,8.847570961214667e-10
14253.0,1.2159413630000785e-09
14254.0,5.470464786167579e-07
14255.0,9.047585791396585e-09
14256.0,1.2904997976342932e-12
14257.0,4.869048190094398e-12
14258.0,5.358980485347544e-07
14259.0,7.1104582296470475e-09
14260.0,1.822156415692873e-10
14261.0,3.7207828994619138e-09
14262.0,1.5941962591277533e-11
14263.0,3.8126325428247635e-10
14264.0,2.4261379753433567e-05
14265.0,9.8501826590845e-12
14266.0,2.4096065873713493e-11
14267.0,2.486168500806496e-10
14268.0,2.3398411876671476e-10
14269.0,9.375935640108949e-11
14270.0,8.623349313424892e-12
14271.0,2.172000224614858e-09
14272.0,4.4332374178549585e-09
14273.0,1.6004953494282542e-09
14274.0,7.343647354959138e-12
14275.0,2.229007640653691e-08
14276.0,1.5146634589264955e-08
14277.0,8.753199610566073e-11
14278.0,3.773550365771661e-10
14279.0,9.681511270224387e-12
14280.0,2.6745460111992805e-13
14281.0,2.7159418227580873e-10
14282.0,5.479486763276325e-10
14283.0,1.3590231450232449e-08
14284.0,1.108968127142532e-05
14285.0,3.596796158286708e-09
14286.0,3.993372146248555e-12
14287.0,3.226529386392276e-13
14288.0,2.908056391370946e-11
14289.0,2.4746340598721097e-10
14290.0,3.946575353169889e-10
14291.0,3.2268898157288996e-13
14292.0,2.252736549854401e-09
14293.0,9.87063430188173e-09
14294.0,2.0691775480723833e-10
14295.0,4.239100437260924e-12
14296.0,8.134129106725498e-11
14297.0,4.672313278827477e-06
14298.0,2.2074310551998064e-11
14299.0,1.066519195620273e-13
14300.0,3.746756270509957e-10
14301.0,8.60344168202185e-15
14302.0,6.81947006969131e-11
14303.0,2.594972955139648e-12
14304.0,1.2693255709820772e-07
14305.0,4.399593815810864e-09
14306.0,3.008879615124637e-09
14307.0,4.16324419303576e-11
14308.0,1.1573006112070242e-07
14309.0,3.842834145978163e-09
14310.0,3.5396768358612365e-11
14311.0,3.8820501509475666e-10
14312.0,1.3885317352639195e-12
14313.0,5.876259403867347e-10
14314.0,2.035142361803564e-11
14315.0,1.9858059848040202e-11
14316.0,9.40340127320124e-09
14317.0,7.141162528828222e-11
14318.0,8.728289981151372e-11
14319.0,4.037366696880741e-08
14320.0,1.763363676206223e-10
14321.0,8.335821253782747e-14
14322.0,1.754477031452019e-10
14323.0,2.973657371938761e-11
14324.0,6.905300696637589e-11
14325.0,1.2292664428479257e-07
14326.0,6.0478417379548625e-12
14327.0,5.913446632603365e-13
14328.0,1.7080125139161736e-13
14329.0,8.115886513863024e-12
14330.0,1.6760973730218327e-10
14331.0,2.482106972609937e-10
14332.0,2.101592379920665e-13
14333.0,4.3817677365677174e-13
14334.0,4.3785839276362483e-13
14335.0,6.147640618796252e-08
14336.0,3.1094329060144637e-13
14337.0,2.701038734070236e-09
14338.0,3.827756509232781e-11
14339.0,1.1102284168361273e-12
14340.0,1.4381222781692031e-08
14341.0,1.3279035948121412e-09
14342.0,3.5241052930854143e-06
14343.0,6.750266077733641e-10
14344.0,1.3185830028517764e-09
14345.0,2.11547678706744e-09
14346.0,9.022548067885738e-11
14347.0,1.1202246452533956e-09
14348.0,1.389628515974979e-11
14349.0,4.240223302811e-06
14350.0,3.576214327274198e-09
14351.0,5.760807321792005e-08
14352.0,1.2709738485248177e-08
14353.0,5.906126211066343e-11
14354.0,5.503801551320088e-09
14355.0,3.7124159119558082e-09
14356.0,1.5444757997398045e-12
14357.0,3.630444249277403e-12
14358.0,1.4811846187260108e-11
14359.0,8.537814196887776e-09
14360.0,1.259754842769494e-13
14361.0,8.17856759432834e-11
14362.0,3.601630499717231e-09
14363.0,3.568353694188196e-09
14364.0,7.856656602440985e-13
14365.0,2.2460528365725097e-12
14366.0,1.5997985169795235e-11
14367.0,1.319452145508243e-11
14368.0,1.7947857934310325e-11
14369.0,1.2906726852185564e-12
14370.0,8.312350044197559e-11
14371.0,8.458897663695931e-11
14372.0,7.503724962663844e-09
14373.0,1.4946493782413787e-10
14374.0,3.262077134582612e-12
14375.0,2.2540888031656276e-11
14376.0,2.525741547929611e-08
14377.0,1.7336611921650498e-13
14378.0,4.669263505016436e-10
14379.0,4.517276880447735e-11
14380.0,1.2047241299407402e-10
14381.0,2.894537348399629e-12
14382.0,1.1602444862121285e-11
14383.0,2.1834660792466996e-10
14384.0,6.0508047993302e-08
14385.0,3.5535006998474014e-11
14386.0,8.435915100273981e-08
14387.0,1.4960205268976443e-10
14388.0,0.008366882594406754
14389.0,4.291517259347424e-08
14390.0,1.9637212515523153e-10
14391.0,9.869247821897377e-08
14392.0,7.005796680007122e-08
14393.0,1.5828803328301799e-09
14394.0,8.820733376849565e-08
14395.0,7.111373884499745e-12
14396.0,2.604832573714573e-07
14397.0,1.2670671051902706e-10
14398.0,2.1213993894264462e-10
14399.0,4.325805771418638e-10
14400.0,7.348577893328873e-12
14401.0,5.1338948430351254e-09
14402.0,3.246279077330851e-12
14403.0,5.1021938405466314e-09
14404.0,3.780975690020238e-10
14405.0,1.381433535251065e-09
14406.0,1.3790275123888883e-09
14407.0,4.1077233043029484e-06
14408.0,0.00039156512845775357
14409.0,3.202128463322534e-11
14410.0,2.2726301439289353e-08
14411.0,1.8458358230712393e-07
14412.0,2.7046629537081616e-10
14413.0,1.8213489484668508e-10
14414.0,6.565285131636746e-11
14415.0,4.776784644541263e-11
14416.0,1.2609541178987371e-13
14417.0,6.411934037972988e-07
14418.0,3.3410233182798814e-11
14419.0,4.232973383761935e-12
14420.0,5.4258051999158054e-09
14421.0,3.351725080976542e-12
14422.0,1.1244156883420882e-10
14423.0,5.565334931755242e-07
14424.0,9.07891598355783e-08
14425.0,3.827022048318445e-09
14426.0,7.385302542081528e-07
14427.0,5.7792805727879574e-09
14428.0,1.6295099742957945e-11
14429.0,5.599477808618994e-11
14430.0,1.8271001528367931e-10
14431.0,2.831909540622968e-09
14432.0,1.6580868219494614e-11
14433.0,8.839018753476621e-11
14434.0,2.357708618701466e-10
14435.0,1.5912903672019404e-10
14436.0,1.0829707989802628e-11
14437.0,1.6071242871726957e-10
14438.0,1.0474102002497292e-11
14439.0,1.685294801551542e-07
14440.0,4.735640045926684e-11
14441.0,4.267754137764365e-10
14442.0,5.483327954584343e-13
14443.0,5.449550399963124e-10
14444.0,1.0034594752903516e-08
14445.0,2.9266921918612867e-07
14446.0,8.204736370223223e-08
14447.0,8.078883673076588e-09
14448.0,6.350600626263908e-09
14449.0,8.443048507834003e-10
14450.0,6.250812289686646e-11
14451.0,2.5073114569420323e-08
14452.0,1.001575216838669e-11
14453.0,2.0730570532328382e-11
14454.0,2.942633846177073e-11
14455.0,1.4319944864232115e-07
14456.0,1.1470227580925424e-10
14457.0,9.720480626114447e-11
14458.0,2.1794728729489656e-10
14459.0,8.581358812008778e-11
14460.0,2.687886545962386e-10
14461.0,2.514961098087184e-11
14462.0,1.5743282211342084e-11
14463.0,7.197859802575355e-10
14464.0,8.191469808243155e-11
14465.0,2.0831297770263935e-09
14466.0,2.6216603986521292e-08
14467.0,9.196028474599298e-08
14468.0,2.0044523218409405e-07
14469.0,1.8957772866027088e-10
14470.0,1.9664086683996695e-09
14471.0,6.28715505060898e-08
14472.0,5.991080664709601e-10
14473.0,2.4232589637861255e-10
14474.0,3.0746724419964225e-09
14475.0,1.5653340065420488e-08
14476.0,3.117515749322953e-11
14477.0,2.3038906022383943e-10
14478.0,2.556925229571385e-13
14479.0,2.7942201218920887e-11
14480.0,4.809311664299638e-10
14481.0,6.416662064470735e-05
14482.0,1.5459688642775016e-12
14483.0,1.399807326480585e-11
14484.0,9.262931911871753e-15
14485.0,2.790961510048583e-11
14486.0,2.905393736762918e-12
14487.0,1.327823008206898e-08
14488.0,9.672678188149749e-11
14489.0,1.4374515742830629e-11
14490.0,1.1377050620699832e-10
14491.0,1.714062444299179e-08
14492.0,8.28171183912123e-12
14493.0,6.072655647870852e-11
14494.0,2.4989642752476877e-13
14495.0,1.398601827183532e-08
14496.0,1.115267149455122e-07
14497.0,3.7967953253221983e-07
14498.0,3.343410082169901e-11
14499.0,2.086826365169138e-12
14500.0,7.602773236056738e-10
14501.0,2.722588333559403e-07
14502.0,1.292256441377634e-08
14503.0,2.498745306460036e-10
14504.0,1.8410769132516686e-09
14505.0,9.594423535862877e-11
14506.0,1.1013371198279172e-11
14507.0,1.955375349397751e-09
14508.0,2.141238984278784e-10
14509.0,1.3079228991012057e-13
14510.0,2.7127407137785244e-08
14511.0,7.241766659234161e-08
14512.0,1.443566184411799e-13
14513.0,7.398373186076084e-14
14514.0,3.3343709875981376e-07
14515.0,5.158657183078768e-09
14516.0,3.933937682163182e-09
14517.0,2.8508139614616148e-09
14518.0,4.958752472610745e-09
14519.0,3.3072739519598708e-09
14520.0,5.732979153559135e-15
14521.0,1.0316666676502666e-09
14522.0,2.1811565124740732e-11
14523.0,1.841401214993235e-09
14524.0,7.36967495971121e-08
14525.0,9.595004379917738e-13
14526.0,1.0388001245777525e-10
14527.0,5.173768885713534e-08
14528.0,8.218698694219353e-10
14529.0,1.0778740143531786e-09
14530.0,3.4710615121025084e-09
14531.0,4.8616562259000167e-08
14532.0,4.4232983471184574e-10
14533.0,3.671997507446655e-11
14534.0,4.550122872384407e-11
14535.0,5.6930674060908345e-09
14536.0,4.525327920886944e-11
14537.0,5.185340610011982e-11
14538.0,3.911425729991156e-11
14539.0,6.530478148910965e-07
14540.0,6.788466394642815e-09
14541.0,2.3712641410187295e-08
14542.0,1.1440320962991208e-08
14543.0,2.80202158800466e-08
14544.0,3.819755422772329e-09
14545.0,7.889881869078796e-08
14546.0,2.4909992894486757e-08
14547.0,1.5428614917281012e-07
14548.0,2.980874312103328e-09
14549.0,3.344593112225415e-08
14550.0,7.678552848610661e-14
14551.0,2.2076645204216384e-08
14552.0,9.409562782740874e-09
14553.0,9.973799339900654e-11
14554.0,1.788449425285318e-12
14555.0,1.5600878987369284e-07
14556.0,1.8130032656853806e-12
14557.0,3.5967169646607004e-09
14558.0,4.6242491540478026e-11
14559.0,1.36984587576433e-07
14560.0,3.5328991706425575e-10
14561.0,1.4030290856431329e-08
14562.0,4.59652136422901e-08
14563.0,1.2842155100563792e-09
14564.0,1.3434548904400857e-12
14565.0,2.30662730351517e-11
14566.0,7.300775738605676e-12
14567.0,8.646456970940017e-11
14568.0,4.392899786669409e-09
14569.0,3.4921692387168657e-09
14570.0,4.982136725634809e-08
14571.0,5.935033548894841e-07
14572.0,9.978244252404761e-14
14573.0,2.5966577509725356e-06
14574.0,9.436150237904134e-08
14575.0,1.9081991971728068e-12
14576.0,9.078888919496947e-12
14577.0,2.141066285920395e-05
14578.0,1.4027233922074294e-11
14579.0,1.584694299037972e-13
14580.0,1.633152194949889e-10
14581.0,8.472582233757802e-11
14582.0,2.065425763932441e-09
14583.0,3.189355506444754e-11
14584.0,2.9301097882378063e-10
14585.0,1.1719315155710761e-09
14586.0,8.548542040029053e-14
14587.0,5.562924204104245e-08
14588.0,9.878309484872394e-12
14589.0,1.7304430634483906e-11
14590.0,4.1385830756987496e-10
14591.0,2.315435902823951e-07
14592.0,3.4247259491096754e-10
14593.0,1.3416061555293693e-07
14594.0,1.3947999467322752e-10
14595.0,1.0126896847858712e-12
14596.0,2.670971029439435e-09
14597.0,2.274170867226272e-13
14598.0,6.12204180131384e-11
14599.0,2.5899195331164572e-08
14600.0,9.491815567461345e-14
14601.0,4.942256832656017e-13
14602.0,9.385396960707927e-08
14603.0,2.902955109675258e-10
14604.0,2.4778320427119285e-11
14605.0,2.2619221762962502e-10
14606.0,1.2366727237301139e-11
14607.0,2.5795772137884743e-08
14608.0,9.615308812750276e-13
14609.0,2.86897204436372e-09
14610.0,8.097760995827567e-07
14611.0,3.2083881912075968e-09
14612.0,2.4403384909088318e-11
14613.0,4.787914078370335e-12
14614.0,2.8962261128301396e-08
14615.0,7.303792771259404e-09
14616.0,5.242901948594923e-11
14617.0,2.626829859644174e-09
14618.0,2.325437093999865e-07
14619.0,1.784625494059211e-08
14620.0,3.716572487170581e-11
14621.0,4.618694907523205e-11
14622.0,9.359929935595743e-08
14623.0,5.079269361635334e-09
14624.0,2.085813983595478e-10
14625.0,1.1376013385877617e-10
14626.0,1.4673367173071613e-07
14627.0,1.0597567866677212e-11
14628.0,1.1760406103118405e-11
14629.0,8.512241377422753e-08
14630.0,1.5102873161592714e-13
14631.0,9.82653483601052e-09
14632.0,7.298258111710827e-13
14633.0,4.0402604550892085e-09
14634.0,2.390016292274696e-11
14635.0,1.8470763566946523e-10
14636.0,8.445141772403582e-12
14637.0,2.4476826130611413e-12
14638.0,1.1876460603792947e-08
14639.0,1.366632845209233e-09
14640.0,1.0266306121315914e-08
14641.0,2.6829848107352876e-12
14642.0,3.3073805618829966e-08
14643.0,1.68570403239537e-08
14644.0,2.6314721890505843e-11
14645.0,1.4769246400731337e-07
14646.0,1.0961503336074595e-06
14647.0,6.933847267749699e-09
14648.0,2.4415052145982087e-09
14649.0,5.1057203780312554e-12
14650.0,4.263076865897347e-10
14651.0,1.6749155892649684e-11
14652.0,3.0636993271310016e-09
14653.0,6.280918028241204e-08
14654.0,4.5984589500105985e-11
14655.0,1.7974780602221232e-10
14656.0,4.3222433586082226e-10
14657.0,2.3043564482357656e-10
14658.0,1.9320784438725985e-12
14659.0,5.477242026645399e-09
14660.0,1.1609083651546617e-10
14661.0,6.032255135872179e-13
14662.0,1.7496426812543402e-10
14663.0,7.713075785418443e-10
14664.0,1.1768764928486582e-10
14665.0,2.913364299099116e-07
14666.0,9.712605522667789e-09
14667.0,7.312790147965282e-08
14668.0,2.3577838656163627e-10
14669.0,1.4374841134814981e-11
14670.0,7.887036023230685e-08
14671.0,1.908789398401152e-11
14672.0,6.776737006870503e-08
14673.0,2.1199758052140453e-10
14674.0,4.4132337556656916e-10
14675.0,7.893190493525303e-12
14676.0,1.2236630624940218e-09
14677.0,6.78707230915888e-13
14678.0,4.643735807387529e-09
14679.0,9.007079303977883e-13
14680.0,1.2774109428758788e-15
14681.0,1.479305306755195e-11
14682.0,1.1248440672161787e-11
14683.0,9.175820163864545e-11
14684.0,7.082434053966187e-08
14685.0,7.17793358672391e-08
14686.0,3.866997293502985e-08
14687.0,2.0963194381247874e-11
14688.0,1.8277811887094883e-10
14689.0,3.7977545302361294e-12
14690.0,1.3004065155900328e-13
14691.0,2.0880936221757407e-10
14692.0,4.299521994937665e-12
14693.0,8.040066858646653e-12
14694.0,4.29541721578884e-08
14695.0,2.2007262339679484e-12
14696.0,1.7820714273866437e-14
14697.0,6.249071981058373e-10
14698.0,4.391435051454601e-09
14699.0,1.650678367159849e-10
14700.0,1.1984226689319128e-11
14701.0,2.616919745961865e-13
14702.0,5.20265981010154e-07
14703.0,4.283443526459864e-11
14704.0,3.798052584792544e-09
14705.0,2.8153743819268634e-12
14706.0,5.0025547844656446e-14
14707.0,1.459778187149803e-09
14708.0,2.6796464858166606e-08
14709.0,1.4066034560004402e-10
14710.0,5.256787016579835e-09
14711.0,7.0879605502479864e-09
14712.0,2.655153434964069e-12
14713.0,1.3037602764170475e-10
14714.0,4.823396260267559e-10
14715.0,2.829128265693638e-09
14716.0,5.143725080844775e-14
14717.0,1.4231613143238576e-10
14718.0,6.469798834506863e-10
14719.0,1.293169614022614e-10
14720.0,9.170559788050726e-11
14721.0,1.2259101116741323e-12
14722.0,2.4858342989581365e-11
14723.0,2.346927314418012e-10
14724.0,1.98470260000712e-12
14725.0,2.0908541319497353e-10
14726.0,1.3287139118344308e-10
14727.0,1.770727119740922e-12
14728.0,5.935403520384396e-12
14729.0,1.1987966469554218e-12
14730.0,1.936142102305038e-07
14731.0,1.6789592543778798e-09
14732.0,5.102981161467907e-10
14733.0,1.7106700366687667e-10
14734.0,4.626086304508952e-12
14735.0,9.194232547555088e-08
14736.0,5.413433894263139e-12
14737.0,4.363492093589919e-06
14738.0,2.3723381688275642e-08
14739.0,4.0472394773562194e-09
14740.0,2.4505764063945175e-13
14741.0,7.583947496714993e-08
14742.0,1.5115268346228753e-11
14743.0,8.216941156647464e-08
14744.0,1.0593405519417026e-10
14745.0,1.0952354122465342e-12
14746.0,1.1072388666444684e-11
14747.0,2.810330967220419e-09
14748.0,4.795811082364239e-09
14749.0,1.7010299189781218e-10
14750.0,3.7602526373740327e-11
14751.0,4.5606517229909014e-10
14752.0,5.650466983346849e-09
14753.0,1.9567881866425395e-08
14754.0,2.9724622074185453e-08
14755.0,8.623982434331774e-10
14756.0,1.6932397336591288e-10
14757.0,1.7016422643010812e-08
14758.0,5.571745941279904e-08
14759.0,6.741828627092082e-10
14760.0,4.527288052964763e-14
14761.0,5.7463299030377615e-08
14762.0,2.835810983703404e-13
14763.0,8.997664237229427e-10
14764.0,5.599389998653201e-09
14765.0,2.617295802132056e-12
14766.0,4.077001168084047e-08
14767.0,9.595684129174552e-09
14768.0,1.7378785364489833e-10
14769.0,2.9425321277681887e-10
14770.0,3.2987750371768115e-10
14771.0,5.2128352544285907e-11
14772.0,1.2125486114771238e-10
14773.0,2.791065079829911e-10
14774.0,2.0726903563394604e-09
14775.0,5.464166117468614e-09
14776.0,2.7908319764355193e-10
14777.0,3.231453494111311e-08
14778.0,5.5271653931878635e-12
14779.0,3.2840353293442744e-08
14780.0,1.9826670379750573e-08
14781.0,5.416246370768018e-08
14782.0,3.680613479846264e-09
14783.0,1.6482352392149622e-09
14784.0,6.720037274729333e-14
14785.0,4.848383072826846e-12
14786.0,7.135506671019605e-12
14787.0,1.8061694174342433e-07
14788.0,3.670261646829096e-10
14789.0,8.017912659832444e-11
14790.0,2.551532651650775e-10
14791.0,1.6869098673624036e-11
14792.0,1.1706620302941998e-08
14793.0,1.8838088667756504e-11
14794.0,1.1202082880128733e-06
14795.0,6.273004049556302e-09
14796.0,4.621967061799571e-11
14797.0,8.289577422186897e-08
14798.0,4.281759271933686e-12
14799.0,1.3951148505520913e-10
14800.0,6.117107683948759e-05
14801.0,2.5368250559115304e-08
14802.0,7.441660260603153e-12
14803.0,2.5932807851573302e-11
14804.0,3.1708369423848447e-10
14805.0,1.289411218759243e-08
14806.0,5.736071874722821e-10
14807.0,3.297037378016863e-12
14808.0,8.190505234164827e-11
14809.0,8.648933553820723e-12
14810.0,2.536940717986011e-08
14811.0,1.2463119001241615e-10
14812.0,7.866850021361558e-14
14813.0,3.563550724013644e-11
14814.0,6.3333337125248685e-12
14815.0,4.348797416060322e-09
14816.0,3.228405566546179e-05
14817.0,3.408761623912265e-11
14818.0,8.766155325854552e-11
14819.0,4.604720146018161e-09
14820.0,5.171243149596887e-10
14821.0,1.497981501564618e-08
14822.0,1.432386594117401e-08
14823.0,8.907368611907924e-11
14824.0,3.603151643278569e-11
14825.0,7.614565200608672e-10
14826.0,5.826211219496844e-10
14827.0,3.304134249742281e-10
14828.0,2.9343037926155746e-11
14829.0,1.634261167232634e-09
14830.0,2.986529415084699e-08
14831.0,2.893442936969991e-09
14832.0,4.068251770124457e-09
14833.0,2.7087258650531225e-09
14834.0,3.3628181166186446e-09
14835.0,2.1446054191672852e-10
14836.0,1.591202763222336e-10
14837.0,1.5018198833267806e-10
14838.0,4.1364961253652435e-07
14839.0,1.5649846619368e-10
14840.0,1.6316645926183953e-09
14841.0,3.554032331473125e-11
14842.0,1.6949296531470012e-14
14843.0,2.71548252480697e-07
14844.0,1.3425573927550415e-11
14845.0,5.714150695762394e-10
14846.0,1.2373510639205303e-11
14847.0,2.5373514625383205e-08
14848.0,1.3231057874109492e-12
14849.0,1.4574980484976995e-11
14850.0,3.489101719517942e-10
14851.0,2.0918816743333512e-10
14852.0,2.171346249687884e-12
14853.0,5.618023187308203e-09
14854.0,1.7253147768265879e-09
14855.0,1.4885019403238686e-10
14856.0,1.1359862908884905e-10
14857.0,3.303215250682174e-07
14858.0,4.974638885863932e-09
14859.0,7.936500534329916e-10
14860.0,3.5617499166793573e-12
14861.0,9.887568809087393e-09
14862.0,2.986143953390167e-13
14863.0,1.6973628334380468e-09
14864.0,1.164165795333056e-09
14865.0,2.4784959033691738e-08
14866.0,2.5614359602729973e-08
14867.0,4.562888975525542e-08
14868.0,6.335609427971695e-11
14869.0,1.4586052152471605e-06
14870.0,1.213688613606968e-10
14871.0,3.28586221217147e-08
14872.0,1.0134324983674286e-05
14873.0,5.007887927736413e-06
14874.0,3.795496027347372e-14
14875.0,4.612491210932894e-07
14876.0,6.478170712996276e-11
14877.0,2.4484439718129343e-11
14878.0,3.251455056222511e-09
14879.0,4.04263907977876e-09
14880.0,3.758208789575628e-13
14881.0,6.1550637686515e-08
14882.0,3.968711964671685e-09
14883.0,7.49645775790943e-12
14884.0,1.9177660025818205e-10
14885.0,7.427707593391823e-07
14886.0,8.858809446264043e-10
14887.0,5.343808084874642e-11
14888.0,8.669756495263922e-08
14889.0,4.4357072980405713e-07
14890.0,1.506095727711368e-11
14891.0,1.6999217804968048e-13
14892.0,2.7708893483807426e-10
14893.0,4.329992658139906e-12
14894.0,2.7244007319963376e-12
14895.0,9.300933502320348e-11
14896.0,3.0951246125082845e-10
14897.0,3.560018710718667e-11
14898.0,8.330223195541693e-10
14899.0,4.268040236964607e-08
14900.0,5.857608201816497e-09
14901.0,1.3002693977372865e-12
14902.0,5.3731773441087694e-08
14903.0,4.235578950477532e-11
14904.0,1.0803184727250366e-09
14905.0,1.3891833826945887e-09
14906.0,3.1729337777197315e-07
14907.0,4.402989763703466e-10
14908.0,1.636200075483622e-07
14909.0,5.288169296781123e-12
14910.0,4.269038102563386e-10
14911.0,1.695906810027425e-10
14912.0,8.702110995434906e-10
14913.0,5.200049361758377e-12
14914.0,5.406036461665967e-10
14915.0,9.988405035189512e-13
14916.0,5.541123111413194e-13
14917.0,9.559978456196598e-07
14918.0,5.964995128198476e-11
14919.0,5.234705855739135e-10
14920.0,2.972259860838954e-11
14921.0,1.1237402862904202e-07
14922.0,1.297419061961514e-10
14923.0,3.179676683679492e-11
14924.0,9.342973705460766e-12
14925.0,2.2582756551622444e-09
14926.0,1.8495434886329715e-08
14927.0,1.729207378702123e-11
14928.0,3.9077449054459853e-10
14929.0,2.6270559285885765e-10
14930.0,1.280869844972587e-12
14931.0,6.1711844488615855e-12
14932.0,5.575924672938686e-09
14933.0,2.0877606053992907e-10
14934.0,8.682773930429377e-09
14935.0,1.0402499880716197e-12
14936.0,6.540182562472569e-10
14937.0,4.3136447980281486e-13
14938.0,3.3655040155532316e-10
14939.0,3.924677193185397e-12
14940.0,1.2496697111785799e-08
14941.0,1.1668299222208633e-12
14942.0,1.1906147565131713e-10
14943.0,8.043288522681367e-09
14944.0,3.0921246404011404e-08
14945.0,1.1509446999448496e-07
14946.0,4.4345124719504024e-13
14947.0,1.2530761686287628e-11
14948.0,4.0438820202736917e-11
14949.0,6.120324326509444e-10
14950.0,6.818308313889999e-10
14951.0,2.9560584055536436e-09
14952.0,9.470410420944094e-09
14953.0,2.988234500750455e-10
14954.0,2.5942914466930727e-10
14955.0,4.1859256050320836e-07
14956.0,2.1818770122675517e-06
14957.0,2.980429565269347e-08
14958.0,9.198121085724643e-08
14959.0,7.573932064101116e-09
14960.0,8.273237159865154e-10
14961.0,6.560860547511804e-12
14962.0,5.566107165700577e-11
14963.0,7.907373003955577e-09
14964.0,1.203103578008218e-09
14965.0,4.567360627755479e-12
14966.0,2.653875755608314e-10
14967.0,7.585318363994608e-09
14968.0,3.436882282244012e-11
14969.0,2.868039649306297e-10
14970.0,2.532443968481221e-10
14971.0,1.3092532613661992e-05
14972.0,2.1862848195728702e-12
14973.0,9.71632953208355e-10
14974.0,1.143867173470653e-09
14975.0,3.9696929955368737e-07
14976.0,5.034975793019446e-11
14977.0,2.5422429948992993e-09
14978.0,3.8751710882008604e-12
14979.0,2.3462659995309553e-07
14980.0,1.6044214460831795e-08
14981.0,9.176004869433017e-10
14982.0,6.665162796756959e-07
14983.0,1.197385271949411e-10
14984.0,1.3245304220749021e-08
14985.0,7.483172839565416e-10
14986.0,2.8779675546200173e-09
14987.0,4.115911975298111e-12
14988.0,9.057593837580818e-14
14989.0,5.869087612921485e-11
14990.0,6.789146147146786e-12
14991.0,3.8223326775627465e-11
14992.0,2.056179860178711e-12
14993.0,2.424837764224014e-08
14994.0,2.0605780763507346e-06
14995.0,7.234303742198861e-11
14996.0,3.002342816964554e-08
14997.0,3.0452296299423046e-09
14998.0,2.2140924530901615e-12
14999.0,2.667641290475578e-10
15000.0,1.0785375909185395e-09
15001.0,2.898000502410452e-10
15002.0,1.863474966245636e-08
15003.0,5.152852040990192e-09
15004.0,1.2445539872617275e-07
15005.0,1.636423258400857e-07
15006.0,5.070011430371098e-11
15007.0,7.255475739594594e-08
15008.0,9.930088376115933e-11
15009.0,1.6627147247569324e-11
15010.0,3.6748499448249947e-09
15011.0,2.6360792077758514e-09
15012.0,5.278125277861368e-10
15013.0,3.2428319231661946e-08
15014.0,1.2005188046585464e-12
15015.0,2.2257206436041266e-11
15016.0,8.342890658208814e-10
15017.0,1.2703949304255104e-06
15018.0,7.496997644128966e-09
15019.0,3.1283433729564846e-11
15020.0,4.538043661006462e-12
15021.0,5.405613858252318e-11
15022.0,1.174066719132111e-10
15023.0,8.031571412456139e-13
15024.0,6.056242668587955e-08
15025.0,1.8772990479637074e-08
15026.0,1.9922692612960357e-07
15027.0,5.1822038022932786e-08
15028.0,4.893977949758119e-08
15029.0,1.4660741729053134e-07
15030.0,3.696677704351659e-07
15031.0,1.7203623764056014e-08
15032.0,8.188329635783779e-13
15033.0,2.142182976069469e-08
15034.0,4.3682721664335134e-11
15035.0,3.885461904492769e-10
15036.0,7.66943866353088e-09
15037.0,9.487424091058628e-09
15038.0,1.6082797291614965e-08
15039.0,1.238657781882964e-11
15040.0,7.690916874048259e-11
15041.0,5.565631923425605e-10
15042.0,1.1472061959372275e-08
15043.0,2.367269239702634e-11
15044.0,6.277326124444313e-10
15045.0,4.74157302453774e-10
15046.0,1.995309443358525e-08
15047.0,1.0890278282841905e-10
15048.0,1.6593954764441853e-05
15049.0,4.924744888649219e-11
15050.0,2.1841159961112938e-12
15051.0,5.508844505034119e-12
15052.0,1.1913425568250307e-14
15053.0,5.048313690089074e-08
15054.0,1.141733387415659e-09
15055.0,4.9572419437608475e-09
15056.0,1.030244770257036e-09
15057.0,1.6581686401330251e-10
15058.0,2.988200282412134e-10
15059.0,4.267080171671963e-12
15060.0,2.918800875312512e-14
15061.0,1.3003542067528045e-07
15062.0,1.982821525726115e-09
15063.0,2.057750602702493e-10
15064.0,2.223937083053884e-08
15065.0,1.6010588936040436e-13
15066.0,1.0924330988412264e-12
15067.0,4.249681073473164e-07
15068.0,7.502971303571411e-12
15069.0,4.751974928607367e-14
15070.0,3.881641703802625e-09
15071.0,2.2753753902807174e-09
15072.0,1.57996831159119e-10
15073.0,5.694606866672706e-10
15074.0,1.448896545609516e-09
15075.0,3.4849634945259915e-12
15076.0,3.456465913140149e-08
15077.0,2.386391851122496e-10
15078.0,1.648601427244657e-09
15079.0,2.3701182324913782e-08
15080.0,1.5511039792632046e-08
15081.0,7.954348123614048e-12
15082.0,2.2196569199918185e-10
15083.0,3.390164831874143e-13
15084.0,8.576245039204219e-08
15085.0,2.8628635605511663e-12
15086.0,3.853443662078995e-11
15087.0,1.308751340171149e-12
15088.0,2.509220594010078e-09
15089.0,1.4668143244451304e-11
15090.0,4.098811688186224e-10
15091.0,1.2500541525259672e-10
15092.0,8.22201193997462e-12
15093.0,9.413794821305893e-12
15094.0,1.3201941579729669e-08
15095.0,3.535058530678055e-10
15096.0,1.5039484050611523e-10
15097.0,4.83532559986079e-10
15098.0,5.816629787141134e-07
15099.0,6.241217636486692e-10
15100.0,1.8121775089088073e-12
15101.0,1.814098643305927e-10
15102.0,1.2305927925387666e-09
15103.0,3.6382767628916057e-06
15104.0,2.4659295386463166e-11
15105.0,9.813818120024805e-07
15106.0,1.3211545815384611e-10
15107.0,2.0635794887780195e-11
15108.0,1.982930581431213e-11
15109.0,4.516133034413076e-11
15110.0,1.653946089093478e-13
15111.0,1.6420357209732295e-09
15112.0,1.8506303849032416e-09
15113.0,3.8305114783356e-10
15114.0,3.4547333064016185e-09
15115.0,1.4470508149336395e-08
15116.0,5.637009841230663e-08
15117.0,4.1576005005730685e-10
15118.0,5.559812493691006e-09
15119.0,3.5077071882741815e-08
15120.0,3.839598938931335e-07
15121.0,2.2794608345766415e-09
15122.0,2.888841733154074e-08
15123.0,8.184372875763177e-09
15124.0,3.184651387074416e-06
15125.0,1.3735690337296581e-11
15126.0,1.567098390188084e-08
15127.0,4.8533575559262746e-11
15128.0,1.4589963792075395e-09
15129.0,1.4043079961535805e-08
15130.0,1.993585711500516e-10
15131.0,1.1812646063304593e-10
15132.0,2.2909124784491136e-11
15133.0,6.178121637305155e-09
15134.0,2.7386008663108775e-06
15135.0,2.471498266711463e-10
15136.0,2.762675082035942e-13
15137.0,6.011543481224712e-06
15138.0,4.325733123908037e-05
15139.0,3.785424990411663e-07
15140.0,1.5488779871807606e-10
15141.0,1.1168916232917698e-11
15142.0,7.090943755868194e-08
15143.0,1.871012283857059e-08
15144.0,5.145565995208592e-10
15145.0,1.339374461587504e-09
15146.0,1.298159837219295e-10
15147.0,4.217046921816828e-07
15148.0,4.591830721653632e-09
15149.0,2.11353183001761e-10
15150.0,1.16477763264074e-12
15151.0,8.886996678725035e-11
15152.0,6.928088548296424e-10
15153.0,5.4948100892563324e-11
15154.0,1.1027363494185934e-10
15155.0,1.3812527801016821e-10
15156.0,2.6451301958324217e-10
15157.0,5.455685179729058e-09
15158.0,1.5171948730380607e-08
15159.0,6.985139314399173e-11
15160.0,3.536472928387667e-09
15161.0,8.253270098486685e-14
15162.0,5.132333755815683e-08
15163.0,4.163661275560702e-10
15164.0,5.692134086354416e-10
15165.0,5.619464847048545e-13
15166.0,5.136367305354346e-09
15167.0,1.353157723230294e-10
15168.0,4.689703017895148e-09
15169.0,2.2954147000450275e-06
15170.0,4.59935313832893e-11
15171.0,1.2265044864832836e-09
15172.0,1.4556216543916305e-10
15173.0,1.3712170769450411e-12
15174.0,1.9128446398871824e-10
15175.0,4.380358239301449e-09
15176.0,4.656633949958884e-08
15177.0,2.510917062115526e-09
15178.0,1.979419192100373e-11
15179.0,5.7395400910913674e-06
15180.0,2.562342103572754e-10
15181.0,1.627223858487651e-10
15182.0,2.2180936678644277e-11
15183.0,5.23368652312443e-08
15184.0,2.4537590775048823e-10
15185.0,4.520911752326189e-10
15186.0,3.6494821516893835e-11
15187.0,4.029517992843519e-09
15188.0,5.613487760132124e-13
15189.0,6.078022732575108e-10
15190.0,1.0194609040917673e-05
15191.0,2.0650058016017864e-09
15192.0,8.365503670329762e-09
15193.0,2.034759279730003e-12
15194.0,2.9417858396284984e-09
15195.0,5.119902145439085e-08
15196.0,1.432267812316515e-10
15197.0,6.103494398627932e-11
15198.0,2.0857457520508567e-09
15199.0,1.3622744926526051e-12
15200.0,7.056969011329245e-10
15201.0,1.1381581198030924e-08
15202.0,7.000491062026291e-10
15203.0,1.832014127498288e-08
15204.0,6.14605747644241e-12
15205.0,1.5316914373307658e-11
15206.0,1.7403207588898642e-07
15207.0,6.519228851754273e-08
15208.0,2.798408323383047e-08
15209.0,2.509739419119003e-10
15210.0,9.314060688562613e-09
15211.0,8.229174311107997e-13
15212.0,1.8456003326834185e-08
15213.0,1.298648771200829e-09
15214.0,3.6532364042321064e-11
15215.0,1.7829951939517232e-11
15216.0,7.115158304319625e-11
15217.0,1.4476638077659271e-08
15218.0,1.4226483173392022e-10
15219.0,6.72222870089071e-09
15220.0,1.4826329870635334e-11
15221.0,1.5323427032765786e-05
15222.0,2.7354115865157004e-10
15223.0,8.675869334397767e-10
15224.0,3.36567131783233e-10
15225.0,2.9340602684519946e-13
15226.0,2.9002306277969906e-07
15227.0,1.4091786204356611e-10
15228.0,2.5198502464964444e-11
15229.0,1.6661843950645632e-07
15230.0,6.453550943242137e-09
15231.0,1.228923061483602e-05
15232.0,4.616692640210197e-08
15233.0,4.4155383778662455e-09
15234.0,2.711702228792671e-12
15235.0,3.696819414598389e-10
15236.0,1.7628904215262346e-12
15237.0,3.207075995708041e-08
15238.0,9.933069430050024e-12
15239.0,5.54673280990894e-11
15240.0,2.107439669040839e-10
15241.0,1.0852851985589517e-08
15242.0,6.517200585541895e-08
15243.0,2.4006792960956664e-09
15244.0,9.190306005142389e-08
15245.0,4.3056684145188647e-13
15246.0,9.004377122455456e-09
15247.0,1.587890450567602e-10
15248.0,1.9536979653395447e-08
15249.0,3.0438328042556613e-09
15250.0,4.808443605454187e-09
15251.0,1.0826939782465029e-07
15252.0,3.3224135223824934e-09
15253.0,3.4049299812825613e-10
15254.0,7.279378658804743e-09
15255.0,5.1642950307781924e-11
15256.0,7.929147067396966e-10
15257.0,4.112107129256491e-10
15258.0,1.630016010270818e-10
15259.0,1.6370595210494644e-08
15260.0,1.2058237519929545e-08
15261.0,8.784458890380388e-09
15262.0,3.969528357318815e-08
15263.0,2.4532684932671832e-11
15264.0,6.368214718642165e-09
15265.0,2.778256056824265e-09
15266.0,1.0305622877178429e-13
15267.0,7.657446530615045e-11
15268.0,4.618814941738025e-09
15269.0,3.2568182275145384e-07
15270.0,1.2283565815889516e-11
15271.0,1.3139595621891171e-12
15272.0,1.3545726873389737e-11
15273.0,1.4634795912774222e-08
15274.0,2.130323170712877e-10
15275.0,8.347956766356024e-09
15276.0,6.878553267495194e-11
15277.0,2.4666729001244806e-11
15278.0,1.6764798146632584e-06
15279.0,4.492703351932547e-10
15280.0,6.023152612180758e-10
15281.0,4.1273009580778175e-12
15282.0,4.069141731411464e-11
15283.0,1.9114857971900364e-08
15284.0,6.059236343911147e-09
15285.0,2.3787598535439073e-07
15286.0,1.6012537064833868e-13
15287.0,2.513225276919357e-10
15288.0,5.866589287412603e-10
15289.0,6.232919764011572e-09
15290.0,4.521269613612018e-10
15291.0,2.634516677028851e-09
15292.0,1.1409210624701719e-07
15293.0,4.695392525772982e-07
15294.0,1.1002573028894987e-07
15295.0,3.9218457769067195e-09
15296.0,2.6067279122185668e-08
15297.0,1.2381110963252805e-11
15298.0,6.1910104820499365e-09
15299.0,2.8205001832206834e-08
15300.0,5.126085427731381e-09
15301.0,3.9549300911094185e-07
15302.0,2.651689704342014e-09
15303.0,1.0735770294088209e-10
15304.0,1.9660040339157496e-11
15305.0,1.0867589561067457e-10
15306.0,6.248335995807727e-14
15307.0,3.1901968594582295e-08
15308.0,3.6150680638664856e-14
15309.0,4.8285384031623645e-11
15310.0,4.770768716508722e-12
15311.0,7.628186897103861e-09
15312.0,9.365398950756868e-10
15313.0,1.1585442610455865e-11
15314.0,3.2626921177142545e-11
15315.0,6.228976794802433e-10
15316.0,1.0607643831675191e-08
15317.0,1.1395171749369603e-10
15318.0,4.067489520764939e-10
15319.0,3.6239441105992665e-11
15320.0,1.5577932705473695e-11
15321.0,4.780813147453521e-10
15322.0,4.3191957733191274e-10
15323.0,8.906782942642351e-10
15324.0,3.5203094877869235e-10
15325.0,1.4471788911897435e-06
15326.0,5.739929135725233e-07
15327.0,7.889470923236248e-09
15328.0,3.3408140319497356e-08
15329.0,8.219079508270741e-10
15330.0,1.1912353090186732e-11
15331.0,7.27407822744298e-07
15332.0,3.2874593847331186e-10
15333.0,2.212216486272248e-09
15334.0,3.0663724690181276e-09
15335.0,1.9701280324819984e-12
15336.0,8.991224749539685e-08
15337.0,4.037084418143347e-06
15338.0,3.0961822664753183e-10
15339.0,3.548469242580049e-11
15340.0,2.1901163266054367e-12
15341.0,1.2466353948512767e-10
15342.0,5.312812146785829e-10
15343.0,2.0214908208936143e-12
15344.0,2.1622272484904118e-09
15345.0,3.700233878901362e-11
15346.0,9.779034578219609e-09
15347.0,2.8994059032590634e-10
15348.0,2.386308464659869e-10
15349.0,3.942336336368692e-11
15350.0,2.5794587351675798e-12
15351.0,1.020812835259275e-09
15352.0,1.1498838181682137e-08
15353.0,1.5229794547918058e-07
15354.0,6.571283750173831e-10
15355.0,1.0756542755112029e-12
15356.0,1.0100034993384334e-08
15357.0,1.1112719521787472e-09
15358.0,3.951544519261826e-10
15359.0,6.964228163919035e-10
15360.0,9.329832360625931e-09
15361.0,3.404986657215781e-11
15362.0,4.3940118905482055e-10
15363.0,2.7452703176088937e-07
15364.0,1.6399023632119725e-13
15365.0,1.1300472907293373e-09
15366.0,1.1970334162721438e-11
15367.0,5.887829315656686e-11
15368.0,3.6658105223024946e-08
15369.0,2.8878188926526213e-09
15370.0,2.890835675736848e-07
15371.0,1.4794604931372985e-08
15372.0,1.4108448469131902e-07
15373.0,4.6362700175118546e-11
15374.0,2.816305708113479e-08
15375.0,5.601680025746695e-09
15376.0,6.979997285130128e-10
15377.0,4.1769074835800085e-10
15378.0,2.3727288149014664e-09
15379.0,1.5311370193294648e-12
15380.0,2.0344969860326184e-09
15381.0,2.5810972090167536e-06
15382.0,5.741423129331114e-09
15383.0,5.212455765065777e-07
15384.0,1.0119209573113892e-11
15385.0,2.2535474778605376e-08
15386.0,1.5523221032747217e-07
15387.0,6.065041746581904e-10
15388.0,1.273973234978726e-10
15389.0,1.6200135366746847e-12
15390.0,9.465517885995099e-15
15391.0,1.039049671806853e-09
15392.0,1.0756509813452272e-08
15393.0,2.7109474441732303e-11
15394.0,5.4885517716094745e-09
15395.0,4.0964532232492183e-13
15396.0,7.88408050979535e-08
15397.0,5.1670485056792285e-11
15398.0,1.4059329141860615e-06
15399.0,3.1862922090187374e-07
15400.0,2.751997103085373e-09
15401.0,3.185613245269209e-08
15402.0,2.4878264391360023e-11
15403.0,1.4665864606272625e-05
15404.0,3.820352732911414e-08
15405.0,1.9126059611817226e-08
15406.0,1.1037072020936763e-11
15407.0,3.068715982811366e-11
15408.0,2.585531925053194e-12
15409.0,4.134195921781882e-10
15410.0,1.8472955677270257e-12
15411.0,1.5825382524129084e-09
15412.0,4.496848126316421e-08
15413.0,1.244773622434507e-08
15414.0,7.981222895238927e-12
15415.0,6.307760174888922e-10
15416.0,6.4018134201506295e-12
15417.0,2.301523661713374e-09
15418.0,1.0966463964911872e-11
15419.0,1.3281905813077785e-13
15420.0,6.740402999640334e-11
15421.0,2.7921860848485632e-12
15422.0,3.6122539583324245e-12
15423.0,3.338489156236621e-13
15424.0,1.6976920230655323e-10
15425.0,4.931314966415011e-09
15426.0,3.2587195387983175e-08
15427.0,3.0414910099786234e-12
15428.0,2.2314090719142195e-10
15429.0,1.1733829556322355e-11
15430.0,4.318847096179307e-09
15431.0,4.248090454182432e-09
15432.0,1.3497424151441404e-11
15433.0,1.1887459942596649e-11
15434.0,7.048697856268112e-07
15435.0,5.925572349010099e-10
15436.0,8.483001877280193e-08
15437.0,4.99460127635308e-07
15438.0,1.1842715916197925e-09
15439.0,1.967020404158445e-12
15440.0,9.50363253127686e-13
15441.0,3.126922564346219e-09
15442.0,4.3226407882380753e-10
15443.0,3.7248418264926155e-12
15444.0,2.521918430351994e-11
15445.0,5.0002373431513683e-11
15446.0,1.010914577045826e-09
15447.0,1.5645743191244602e-08
15448.0,3.907202854795617e-12
15449.0,1.7040453806865974e-09
15450.0,1.2282860416507798e-10
15451.0,2.336498315986421e-14
15452.0,1.2892509369081158e-10
15453.0,8.336863395545908e-11
15454.0,1.0366971362006999e-11
15455.0,5.282108017521578e-12
15456.0,2.3148881502003877e-11
15457.0,4.7949349314506275e-11
15458.0,1.081152603752037e-07
15459.0,1.42997267415399e-09
15460.0,1.5149472831719776e-10
15461.0,1.5003811552215618e-09
15462.0,2.1388439582292274e-12
15463.0,8.962720066063446e-11
15464.0,2.10222325994455e-10
15465.0,4.808642357998988e-12
15466.0,3.2446313045569377e-10
15467.0,1.5282938062463284e-13
15468.0,5.008341074245103e-14
15469.0,1.9044095377965983e-13
15470.0,6.691230494883409e-13
15471.0,3.768294495721187e-09
15472.0,2.0752838197424773e-14
15473.0,1.9593533449570145e-10
15474.0,6.105429546195083e-09
15475.0,3.6144139191822307e-12
15476.0,1.1650322751441666e-11
15477.0,7.795948139720699e-14
15478.0,1.15158408007238e-11
15479.0,7.85428790499411e-09
15480.0,1.6563238982071482e-11
15481.0,1.0640787783755542e-09
15482.0,2.0009146092493102e-10
15483.0,2.991129731578065e-09
15484.0,1.1777343051526776e-08
15485.0,8.969091852873946e-08
15486.0,1.7069738530116735e-11
15487.0,2.245917650884335e-14
15488.0,2.610372801645352e-09
15489.0,1.4763583705982742e-07
15490.0,7.297862168399393e-11
15491.0,1.1018723762509929e-08
15492.0,8.247509913665975e-10
15493.0,3.4239833104815983e-10
15494.0,5.184299155368674e-11
15495.0,2.79431903885984e-10
15496.0,1.2498694643700173e-11
15497.0,2.459798782139114e-09
15498.0,8.337707945980366e-10
15499.0,3.5831491571340206e-09
15500.0,3.21403926894804e-12
15501.0,4.1569362824008293e-07
15502.0,3.5608939409426938e-09
15503.0,2.7268469244908362e-09
15504.0,9.309579722267525e-09
15505.0,6.136298759412717e-10
15506.0,1.6192015867394645e-08
15507.0,1.7950785420380593e-12
15508.0,8.673365168189088e-11
15509.0,9.040613248919137e-08
15510.0,9.768013986956815e-11
15511.0,9.104598878451831e-10
15512.0,1.2500733799827755e-12
15513.0,3.384078517094128e-11
15514.0,1.6086262358985493e-12
15515.0,2.676695124607271e-13
15516.0,1.725484630481275e-13
15517.0,6.2486716754262414e-09
15518.0,6.875893718236062e-09
15519.0,8.06568451639507e-08
15520.0,4.9868204869989525e-11
15521.0,5.587403521956593e-13
15522.0,2.4065294585585117e-09
15523.0,2.2628958828969025e-10
15524.0,3.5097303206854655e-12
15525.0,4.104407707796159e-12
15526.0,3.35639403882499e-11
15527.0,2.3734539419813507e-11
15528.0,9.701191592340348e-11
15529.0,2.9399061499861635e-08
15530.0,1.3162252144078516e-06
15531.0,4.357712816177525e-06
15532.0,1.6393403172553537e-09
15533.0,1.0477170289711884e-13
15534.0,5.660501768731902e-10
15535.0,1.0173921827943953e-09
15536.0,3.790049513962869e-09
15537.0,2.4399461280267222e-11
15538.0,3.1561042408496387e-12
15539.0,4.5269653135148535e-09
15540.0,1.7017421886464456e-07
15541.0,0.00015864532113401343
15542.0,7.376616714069829e-09
15543.0,2.3254986269033342e-08
15544.0,2.0468103541012659e-10
15545.0,1.2158649712677984e-09
15546.0,1.412262542314896e-07
15547.0,1.326458980997895e-10
15548.0,1.5110902758757594e-09
15549.0,1.2435424492515344e-08
15550.0,3.990185106611196e-09
15551.0,6.647261711879711e-12
15552.0,2.037008435134076e-09
15553.0,1.284653824864597e-09
15554.0,1.7280844025005307e-08
15555.0,3.7005772316259628e-09
15556.0,1.5617782783449583e-11
15557.0,3.074943209199726e-08
15558.0,5.5251179300462184e-09
15559.0,4.792889735279491e-09
15560.0,1.019378572687562e-09
15561.0,1.3446235784495977e-11
15562.0,1.335236789225891e-10
15563.0,8.970476878654132e-12
15564.0,6.3259465335251515e-09
15565.0,1.0881672739642897e-11
15566.0,2.646559936523509e-11
15567.0,2.335045162095286e-09
15568.0,2.6953013724020616e-12
15569.0,4.0798825172986624e-10
15570.0,1.711730209049386e-11
15571.0,6.127983077518422e-13
15572.0,1.9281321580124535e-09
15573.0,1.753596777578711e-11
15574.0,1.9208133721867912e-07
15575.0,1.5410939353815994e-11
15576.0,1.5741344656752117e-08
15577.0,1.0271293255888278e-10
15578.0,1.6066133578510014e-10
15579.0,2.1509513660342026e-07
15580.0,2.3020384972513667e-10
15581.0,6.901735550159922e-10
15582.0,2.8814693179586995e-05
15583.0,5.787330552231823e-10
15584.0,1.160456542543881e-07
15585.0,2.3975343725881925e-06
15586.0,1.5250429475834709e-13
15587.0,1.9110577309714437e-14
15588.0,5.727000358306407e-12
15589.0,2.470063665902327e-10
15590.0,1.407276823237031e-11
15591.0,2.5501663977565644e-12
15592.0,3.09300640868743e-09
15593.0,3.8420101037303693e-08
15594.0,8.635585097140085e-09
15595.0,2.8663887369045183e-08
15596.0,1.9631196095726752e-10
15597.0,0.00013837589910917927
15598.0,3.5860786460568376e-07
15599.0,2.815752155694421e-08
15600.0,1.996883711511724e-08
15601.0,4.5069515113094567e-11
15602.0,2.7177355793045673e-09
15603.0,3.860734308367481e-12
15604.0,5.3987704751462526e-14
15605.0,9.511440776969304e-12
15606.0,1.323413185298059e-10
15607.0,9.227358743730967e-09
15608.0,8.236725301625396e-09
15609.0,4.94438358200345e-06
15610.0,8.866364089464505e-11
15611.0,8.83128903233484e-11
15612.0,1.3493839375882148e-06
15613.0,1.7822271860388628e-08
15614.0,5.976115714801503e-08
15615.0,1.7882540083988216e-13
15616.0,9.02626978295482e-09
15617.0,2.075334576305203e-09
15618.0,1.8298625291443042e-09
15619.0,5.056616551685497e-14
15620.0,3.7098688303213304e-09
15621.0,6.995942168308299e-11
15622.0,8.710513253469668e-09
15623.0,3.2096540592265626e-07
15624.0,9.429474397252795e-08
15625.0,5.108424380995679e-09
15626.0,3.948502560735499e-10
15627.0,4.675429250209722e-13
15628.0,2.350525929524522e-17
15629.0,1.4816328382805207e-15
15630.0,4.8872884309497265e-12
15631.0,3.3865858179353523e-15
15632.0,1.1113496664200738e-11
15633.0,1.764560546893258e-10
15634.0,2.1358508473084242e-10
15635.0,7.695526007381234e-05
15636.0,3.870351724364351e-08
15637.0,7.2110461967290754e-09
15638.0,3.6820257378335446e-08
15639.0,1.1343159646191423e-10
15640.0,3.126957210772553e-14
15641.0,3.072988601548253e-08
15642.0,3.1419336190559526e-10
15643.0,2.816363335034072e-10
15644.0,2.7596224550645776e-11
15645.0,4.1588311997587124e-11
15646.0,5.803512296056362e-06
15647.0,1.783450812919299e-07
15648.0,1.4103459842970785e-08
15649.0,6.106436461892415e-10
15650.0,2.012890935283134e-10
15651.0,9.717438832101893e-11
15652.0,3.6250373340138346e-07
15653.0,8.976900476953335e-09
15654.0,3.735521306838742e-10
15655.0,8.729207733379244e-08
15656.0,6.742498934744428e-15
15657.0,2.6056934418934765e-15
15658.0,2.5765824529396776e-11
15659.0,2.0941267920631655e-09
15660.0,5.047699899049484e-11
15661.0,2.794811681008385e-07
15662.0,3.84152642851274e-07
15663.0,2.0911863241494445e-15
15664.0,2.108255862540886e-14
15665.0,1.8933989531877888e-10
15666.0,8.204250143965269e-10
15667.0,4.4802029798128613e-13
15668.0,7.782453702172322e-09
15669.0,1.9978740393304905e-11
15670.0,5.684244005279841e-14
15671.0,2.778261570835849e-08
15672.0,3.2184863536150944e-08
15673.0,9.30293426877367e-13
15674.0,5.349200816038615e-09
15675.0,2.0870330639711514e-10
15676.0,1.2548241430794222e-07
15677.0,2.7650072524152016e-09
15678.0,8.794079325891143e-08
15679.0,1.929577673895748e-10
15680.0,6.689934067536496e-08
15681.0,1.4199576349559762e-13
15682.0,1.0593535734586988e-07
15683.0,2.128658858396277e-09
15684.0,8.701570231171652e-12
15685.0,1.8817463865387464e-08
15686.0,4.451901559914771e-11
15687.0,8.911329705301318e-12
15688.0,3.142005500943314e-11
15689.0,2.172223245844497e-09
15690.0,1.7904196667049193e-09
15691.0,2.2601954284679208e-10
15692.0,2.099495922619685e-07
15693.0,1.7675079474743566e-10
15694.0,1.9256145898955647e-11
15695.0,3.5459414497675317e-12
15696.0,1.0023007701649202e-09
15697.0,8.797223909090043e-09
15698.0,4.1020456194251795e-10
15699.0,3.6750036995083703e-09
15700.0,1.2702019354138021e-06
15701.0,2.664944861614379e-12
15702.0,1.5719025106819158e-10
15703.0,7.229945598860766e-10
15704.0,6.206899372489518e-10
15705.0,2.6848083952813592e-09
15706.0,1.8056417763360044e-10
15707.0,8.305969066091383e-11
15708.0,5.522649818742722e-10
15709.0,1.4870666865780632e-10
15710.0,8.584774360381157e-11
15711.0,1.2769386860742977e-08
15712.0,7.58432032083978e-09
15713.0,2.8354481788296882e-09
15714.0,1.5089149209935298e-08
15715.0,1.6022609676728102e-10
15716.0,2.1673839800440478e-11
15717.0,1.099763866675165e-11
15718.0,3.3915398555934506e-07
15719.0,1.5535797558169088e-11
15720.0,7.267366009512105e-14
15721.0,2.0499649911099928e-09
15722.0,1.569279734271935e-10
15723.0,2.2077364231291428e-10
15724.0,5.6827420528020664e-08
15725.0,1.3854130833983721e-11
15726.0,2.5499011661255965e-09
15727.0,1.0541059547911056e-11
15728.0,1.1643944937658197e-09
15729.0,5.373647480730202e-08
15730.0,8.53493143698539e-07
15731.0,1.1126731846587889e-09
15732.0,8.230698800804779e-11
15733.0,7.614295703972928e-14
15734.0,6.205101371813537e-11
15735.0,2.7153276662604306e-10
15736.0,2.7493347217930504e-10
15737.0,1.5789436312897094e-09
15738.0,3.237169250534629e-11
15739.0,1.2517429378464025e-10
15740.0,2.3120666245042823e-09
15741.0,4.0188614379378e-10
15742.0,3.4963878403557584e-07
15743.0,2.73028089962872e-11
15744.0,1.972468084654285e-09
15745.0,1.3552989648121986e-10
15746.0,2.0550873768386533e-10
15747.0,7.8058500191068e-09
15748.0,6.80945901962151e-13
15749.0,2.3485256840973156e-09
15750.0,5.627198475639326e-13
15751.0,4.4447702146703536e-11
15752.0,5.440486591418592e-11
15753.0,5.119376603436356e-09
15754.0,1.672518704683756e-10
15755.0,1.2062113554721643e-09
15756.0,1.1476660152927631e-08
15757.0,2.0071633068747336e-08
15758.0,3.9908352894731347e-08
15759.0,1.1278881507652451e-08
15760.0,6.721279564996575e-09
15761.0,1.7378795283205642e-08
15762.0,6.11386995554111e-06
15763.0,2.6599148368862622e-08
15764.0,1.8638382356655324e-10
15765.0,5.3324325907876175e-09
15766.0,1.6396868562888503e-09
15767.0,3.363735141106113e-12
15768.0,6.129313554445291e-06
15769.0,2.9050728906312306e-06
15770.0,1.3822807434470135e-12
15771.0,1.5683580684503172e-11
15772.0,7.02705262229725e-09
15773.0,1.7896420801011716e-10
15774.0,1.195147073428444e-07
15775.0,1.1231155821069263e-09
15776.0,3.8170944186146694e-11
15777.0,7.788468567729947e-12
15778.0,8.622406560298174e-12
15779.0,9.015671527913977e-13
15780.0,1.5882921433523566e-11
15781.0,1.0196354633969543e-08
15782.0,1.1560080712499192e-10
15783.0,1.8423986076784413e-10
15784.0,1.594278018659589e-08
15785.0,7.193220824638412e-09
15786.0,2.1197510340407287e-10
15787.0,2.5610401746941646e-09
15788.0,2.6653256068171802e-08
15789.0,8.758072588246771e-07
15790.0,2.4915942621139986e-07
15791.0,1.0228709948853846e-08
15792.0,1.2645898562980321e-08
15793.0,9.202678859024374e-12
15794.0,7.100236675666769e-10
15795.0,1.1505882807991884e-11
15796.0,4.3916227149086426e-10
15797.0,2.7579655306112745e-10
15798.0,2.0691238146085608e-11
15799.0,6.184269679577081e-12
15800.0,5.827372420434473e-13
15801.0,1.6452555199227265e-10
15802.0,1.1334839354529563e-06
15803.0,7.343816784544846e-10
15804.0,2.6810783911245745e-06
15805.0,2.8123228258749942e-12
15806.0,8.445925178403943e-10
15807.0,2.7465876710593965e-07
15808.0,1.431612102156646e-08
15809.0,4.011625249016532e-09
15810.0,8.836077379145989e-08
15811.0,6.154850083834782e-09
15812.0,3.530510090689578e-13
15813.0,3.76761693767066e-09
15814.0,2.0580953492586873e-07
15815.0,9.39643249842084e-09
15816.0,1.4804022118446584e-08
15817.0,2.319779350863021e-09
15818.0,1.4720871174610446e-12
15819.0,1.2724180004192449e-08
15820.0,2.17603753980386e-10
15821.0,4.896194271623995e-09
15822.0,1.552752721570144e-09
15823.0,9.146809222227688e-09
15824.0,8.993355372728338e-11
15825.0,7.749499081163681e-12
15826.0,6.136726211407384e-11
15827.0,1.5244171804801372e-09
15828.0,1.2427454406271078e-08
15829.0,9.206320665882548e-09
15830.0,3.4150055645101653e-09
15831.0,1.0117770105570609e-11
15832.0,3.191706606439464e-09
15833.0,2.2238307526208324e-11
15834.0,1.0237026113953864e-12
15835.0,2.176217593743729e-10
15836.0,4.948776857405628e-10
15837.0,3.796127174500415e-11
15838.0,5.4739310567726276e-09
15839.0,1.2457799682723208e-10
15840.0,5.76191323018586e-07
15841.0,2.587810393093927e-12
15842.0,2.2598085349775594e-12
15843.0,2.6262026594836727e-12
15844.0,4.292940077044794e-08
15845.0,2.4447601063544167e-08
15846.0,2.2230153372264992e-08
15847.0,3.323749974379438e-11
15848.0,3.615557318712419e-11
15849.0,1.380460259546976e-08
15850.0,7.379957518173177e-13
15851.0,4.844762440370945e-09
15852.0,2.330727430858062e-13
15853.0,1.0070562461666795e-08
15854.0,7.420997910172226e-09
15855.0,2.9785299753248336e-11
15856.0,3.3097727577498956e-11
15857.0,3.583741530773663e-10
15858.0,1.0219476049195881e-11
15859.0,8.654244825713045e-12
15860.0,2.562353859341099e-07
15861.0,8.467405621949676e-07
15862.0,2.4331665140867634e-11
15863.0,9.483094898414495e-07
15864.0,3.0136855581285865e-11
15865.0,4.08695589340915e-10
15866.0,7.467030998295032e-11
15867.0,1.0984416019507549e-06
15868.0,6.196528163075935e-11
15869.0,1.6447620533530175e-13
15870.0,8.566874200239996e-13
15871.0,5.543374539518438e-10
15872.0,1.590533108226875e-10
15873.0,3.7369647485367855e-09
15874.0,1.4346699322408186e-11
15875.0,7.707207315197605e-09
15876.0,5.481122838192683e-11
15877.0,4.384942947860582e-12
15878.0,9.874757695691989e-12
15879.0,9.685394307162789e-09
15880.0,1.1043163484726345e-07
15881.0,1.481697205364335e-13
15882.0,4.2364588917154214e-10
15883.0,1.19341376231606e-09
15884.0,1.1075680801754957e-09
15885.0,8.11021366880582e-12
15886.0,2.7477467736893746e-13
15887.0,6.78607410633221e-10
15888.0,5.234598492957465e-10
15889.0,9.671725468905003e-12
15890.0,1.4355315664810726e-09
15891.0,1.3932450309585533e-09
15892.0,3.7918762898309304e-12
15893.0,2.105468523608504e-10
15894.0,6.4563179858077335e-09
15895.0,9.517681727759282e-08
15896.0,3.194990478206086e-09
15897.0,1.428029569516746e-10
15898.0,7.370192188466588e-10
15899.0,9.666774318013198e-08
15900.0,6.769935800528e-11
15901.0,6.196085187142871e-10
15902.0,1.6776568592222265e-10
15903.0,1.3682769026903816e-08
15904.0,1.3203334061622342e-08
15905.0,9.373544270129502e-11
15906.0,2.003994821903781e-09
15907.0,8.77503937367424e-10
15908.0,1.0436546034372449e-10
15909.0,3.725281796805772e-08
15910.0,1.715145003663628e-10
15911.0,1.4678255359400834e-12
15912.0,3.849366703770871e-10
15913.0,1.7080058155262192e-12
15914.0,1.6969867818515624e-08
15915.0,2.0366412409387324e-12
15916.0,7.088454389410617e-08
15917.0,3.687329965537537e-13
15918.0,1.997425282752727e-11
15919.0,1.9058468783293504e-08
15920.0,6.058330892042736e-09
15921.0,3.2641666290284143e-12
15922.0,4.5104054515120885e-10
15923.0,7.004780747835509e-12
15924.0,8.628442761592993e-08
15925.0,2.5183955361562285e-09
15926.0,9.434306625577295e-10
15927.0,1.5568748030540608e-08
15928.0,9.719226235726647e-08
15929.0,4.225005587550094e-07
15930.0,6.533134468126557e-12
15931.0,4.4817501910408545e-12
15932.0,4.8171501219989475e-06
15933.0,7.978323056068796e-09
15934.0,1.3121478896384174e-11
15935.0,3.41507987776825e-11
15936.0,7.0134799861543615e-06
15937.0,6.648119486647566e-10
15938.0,5.164778839684971e-12
15939.0,9.804410170828819e-13
15940.0,1.0742803941042294e-08
15941.0,1.0304263971286334e-09
15942.0,1.362639987798868e-10
15943.0,1.7959194622940692e-09
15944.0,5.76949185309363e-10
15945.0,3.2311593742587725e-11
15946.0,1.5175128381331772e-15
15947.0,3.594424113379526e-10
15948.0,1.0890056122826074e-08
15949.0,1.1976180522411204e-11
15950.0,4.641412504196998e-10
15951.0,2.3824766420157903e-08
15952.0,6.060070485259921e-10
15953.0,2.052649011816037e-09
15954.0,2.7544420646100017e-12
15955.0,1.3890498646142067e-11
15956.0,9.501536948011047e-10
15957.0,4.017340692114349e-10
15958.0,1.4404971803213608e-10
15959.0,1.181285781739961e-09
15960.0,5.9502784933177296e-09
15961.0,2.0039339573093262e-09
15962.0,1.8058593389966495e-09
15963.0,2.4994431100650417e-11
15964.0,3.0032274583361126e-11
15965.0,1.1596376557452109e-10
15966.0,6.670935322945285e-12
15967.0,1.2315578291450361e-10
15968.0,4.451695243579304e-11
15969.0,7.684980262151493e-09
15970.0,3.5421524256686014e-12
15971.0,5.718084279559478e-12
15972.0,2.7143222802482444e-09
15973.0,6.790319607341108e-09
15974.0,1.2173195900805224e-08
15975.0,1.0311537727164873e-10
15976.0,6.291492456707569e-09
15977.0,4.22077589214834e-12
15978.0,7.914651303335201e-07
15979.0,1.4547797764337282e-10
15980.0,4.693566733775645e-07
15981.0,4.919900441048361e-12
15982.0,7.051392746730448e-08
15983.0,1.2688711371986046e-10
15984.0,1.0059084795257042e-11
15985.0,2.8682005705378365e-09
15986.0,1.5147784967383523e-08
15987.0,1.0918262348033606e-09
15988.0,2.526341570076943e-10
15989.0,1.0690590835525978e-11
15990.0,7.198181897882082e-12
15991.0,0.0002896901274304032
15992.0,2.8635938949172427e-06
15993.0,6.244982724864149e-06
15994.0,1.7586783664452204e-08
15995.0,2.1761045449670911e-10
15996.0,1.6207444122206637e-09
15997.0,3.2138655424241737e-09
15998.0,2.412924902460892e-08
15999.0,2.9036664967757355e-10
16000.0,2.6304292451264236e-11
16001.0,2.6440508657602887e-10
16002.0,1.4688026754950476e-08
16003.0,6.1292189597273e-10
16004.0,5.28254158354985e-09
16005.0,2.743320404032142e-07
16006.0,9.498665791052105e-09
16007.0,1.5619814229022636e-11
16008.0,2.9399126059050996e-08
16009.0,2.730265873021583e-08
16010.0,3.7807916251387755e-09
16011.0,2.64514305209999e-10
16012.0,1.4363875544591676e-12
16013.0,1.2380607720950757e-10
16014.0,3.2081476216248283e-10
16015.0,1.0957213117751292e-10
16016.0,8.29715869995225e-12
16017.0,2.0632149868563294e-05
16018.0,1.9201521174116403e-06
16019.0,9.124745728360869e-09
16020.0,3.197545293416489e-12
16021.0,1.738234747165946e-11
16022.0,4.428503519130714e-12
16023.0,1.0274731536101136e-08
16024.0,1.5852605120733502e-08
16025.0,4.75874910114234e-09
16026.0,5.750806620913582e-08
16027.0,1.3704562945510274e-11
16028.0,5.701845794116324e-13
16029.0,1.2436981300697788e-11
16030.0,1.378961877522038e-09
16031.0,3.775493814184432e-11
16032.0,1.521293534504056e-12
16033.0,2.2290833541845216e-09
16034.0,1.3517141345313923e-10
16035.0,1.883031122807467e-09
16036.0,2.748864417536427e-08
16037.0,8.472727283195489e-10
16038.0,2.0273767059502376e-08
16039.0,1.9015172742635737e-09
16040.0,1.7064014869460454e-12
16041.0,2.195413437186331e-09
16042.0,7.28347779597145e-07
16043.0,1.5787751561243404e-08
16044.0,7.997357445171954e-10
16045.0,1.7665206035314057e-08
16046.0,1.6592669288169014e-07
16047.0,6.18852121351311e-12
16048.0,4.48207787514348e-09
16049.0,1.8037951094755378e-09
16050.0,6.377107642820958e-11
16051.0,1.4324418402432422e-09
16052.0,1.8403110117735974e-10
16053.0,1.9315669962897257e-12
16054.0,1.4512844215178495e-12
16055.0,2.200828920121373e-12
16056.0,1.1471879058435638e-12
16057.0,9.736027923954e-12
16058.0,3.9969920671066775e-11
16059.0,2.1080307084237427e-11
16060.0,1.3729309441146835e-05
16061.0,3.086792984726398e-11
16062.0,1.4625506163910833e-11
16063.0,3.382493438753024e-08
16064.0,2.6616860076742733e-13
16065.0,6.584635142182627e-07
16066.0,4.024559719859301e-12
16067.0,4.94651230580491e-11
16068.0,1.7762914002288555e-08
16069.0,1.0709516300278312e-08
16070.0,3.251306526249397e-08
16071.0,4.5851023965663426e-10
16072.0,1.6678585731220558e-08
16073.0,3.167415605814663e-06
16074.0,1.0015226971108288e-07
16075.0,1.8426760897495737e-13
16076.0,3.6968528009045135e-11
16077.0,2.893372459381157e-11
16078.0,3.634670488233214e-10
16079.0,2.7130276092595e-11
16080.0,2.3832808284597796e-11
16081.0,1.5124739043434943e-13
16082.0,1.0734867520639323e-11
16083.0,1.7220642659829774e-09
16084.0,1.781220695603547e-08
16085.0,1.875782141491976e-12
16086.0,4.619886179648188e-09
16087.0,4.2065826906910616e-10
16088.0,3.928215978601991e-11
16089.0,9.462533261671039e-11
16090.0,4.276624411676068e-08
16091.0,1.4773248072242154e-08
16092.0,1.6739552702648781e-06
16093.0,1.1863762224881443e-09
16094.0,1.161247235517492e-12
16095.0,1.7472130294029863e-05
16096.0,5.352040825806845e-11
16097.0,1.4974000793177392e-11
16098.0,5.840597414307176e-10
16099.0,8.562236075235213e-09
16100.0,1.8049841556646441e-12
16101.0,8.828968566099252e-08
16102.0,1.6493856324649788e-09
16103.0,2.6151434448521366e-08
16104.0,6.700320360361948e-07
16105.0,3.2139659271572857e-10
16106.0,3.6796471772327725e-12
16107.0,2.558097252779926e-07
16108.0,1.7055839667023185e-09
16109.0,5.265651886448261e-09
16110.0,1.1836340549590417e-07
16111.0,5.083149091680654e-09
16112.0,1.2824365462606076e-10
16113.0,2.117017320347912e-09
16114.0,3.1236703743824726e-10
16115.0,1.5945292316706362e-08
16116.0,8.407525852964495e-10
16117.0,6.39321182698622e-07
16118.0,5.456106718136558e-10
16119.0,2.162985152492616e-08
16120.0,1.2050756908723914e-11
16121.0,6.735515700063888e-08
16122.0,3.259334228983858e-11
16123.0,1.527058175577628e-09
16124.0,4.980974004185537e-09
16125.0,2.7511316412978717e-09
16126.0,4.9481638176694696e-09
16127.0,9.963254832839719e-08
16128.0,4.8722420153028214e-09
16129.0,2.487806795737156e-10
16130.0,2.5269157874475364e-09
16131.0,5.449134599562684e-10
16132.0,3.088735115103396e-09
16133.0,4.1324600291753146e-08
16134.0,7.634740538136554e-10
16135.0,1.0782112846599152e-11
16136.0,3.497553288785561e-11
16137.0,2.445380600936784e-10
16138.0,4.302714385617579e-09
16139.0,6.966734872109099e-09
16140.0,4.183895741025856e-07
16141.0,1.1863346312599788e-09
16142.0,4.193772169110753e-12
16143.0,1.5259767448311567e-10
16144.0,2.162204507822541e-08
16145.0,2.493861661424921e-09
16146.0,9.831688684469155e-08
16147.0,6.5055273435887644e-15
16148.0,9.789987740181069e-09
16149.0,4.369270393168663e-09
16150.0,2.314263548707425e-12
16151.0,4.0985369097324113e-08
16152.0,1.3775053950083769e-09
16153.0,2.721425275069022e-10
16154.0,4.818904757828044e-11
16155.0,9.039453954653522e-10
16156.0,1.1304052777424648e-09
16157.0,1.4666055120643863e-06
16158.0,2.1789927585087189e-10
16159.0,1.1201196412677803e-12
16160.0,1.760603524682531e-09
16161.0,3.2421083641782463e-09
16162.0,7.525944458867511e-08
16163.0,1.2778246352913536e-09
16164.0,7.750782723090432e-14
16165.0,3.382128572658486e-12
16166.0,1.7416857617850482e-11
16167.0,8.668304376417384e-11
16168.0,4.653830819275447e-09
16169.0,7.508879240226935e-11
16170.0,1.7383119701848776e-09
16171.0,1.3499019622065764e-08
16172.0,5.9691534901108445e-09
16173.0,1.854396999366004e-06
16174.0,3.155587275933998e-07
16175.0,4.5541727166270965e-09
16176.0,4.16781031562166e-14
16177.0,1.747689781331054e-11
16178.0,4.4100042925161634e-12
16179.0,4.750204247010345e-10
16180.0,1.1595519914998524e-08
16181.0,3.0658242949810947e-09
16182.0,5.135209666506936e-10
16183.0,6.247017328707597e-11
16184.0,4.756768393132942e-10
16185.0,2.494929121855026e-07
16186.0,5.635963296676678e-10
16187.0,2.478522188024658e-09
16188.0,1.227127235692032e-10
16189.0,9.976396454630596e-12
16190.0,3.697237384931557e-11
16191.0,6.010334169540374e-09
16192.0,2.8172603025917483e-11
16193.0,1.0724866371497567e-09
16194.0,1.5455961290263593e-08
16195.0,1.298127070171916e-09
16196.0,5.791065275116665e-11
16197.0,3.880472208521918e-09
16198.0,1.8040240591719857e-10
16199.0,9.364893956916368e-10
16200.0,8.109309854153274e-08
16201.0,9.261069711596394e-09
16202.0,5.116346686541464e-10
16203.0,4.611963859751555e-08
16204.0,1.733084064794969e-09
16205.0,1.557405048488141e-12
16206.0,6.717938672974803e-10
16207.0,2.895368672575106e-11
16208.0,1.926806567729668e-11
16209.0,3.6532809959900624e-10
16210.0,7.776986122825401e-11
16211.0,1.0733052034855687e-07
16212.0,1.0187803547520579e-09
16213.0,4.263444562098342e-15
16214.0,3.910858893697401e-06
16215.0,1.5692264602123326e-09
16216.0,9.342259775588922e-14
16217.0,1.709688083494266e-10
16218.0,6.376192039075165e-12
16219.0,3.663573338419307e-07
16220.0,3.207909823857218e-09
16221.0,3.9514368615205866e-10
16222.0,6.1217154648071304e-12
16223.0,1.0690271584006716e-14
16224.0,2.704132362735743e-10
16225.0,5.162041798324189e-09
16226.0,3.504138872866567e-10
16227.0,2.586289180983537e-10
16228.0,7.643279667161237e-10
16229.0,4.428715410106588e-11
16230.0,4.364815138569356e-11
16231.0,1.9177057891910123e-12
16232.0,7.254240991494233e-09
16233.0,4.372990113705731e-13
16234.0,1.9812441337150685e-08
16235.0,9.80516642399208e-12
16236.0,1.4217494178967398e-11
16237.0,4.571216135218001e-10
16238.0,1.8089968139365617e-07
16239.0,8.096398083338404e-11
16240.0,1.6631288214521693e-08
16241.0,9.94336830335299e-13
16242.0,6.335596998000032e-08
16243.0,2.1903073918261187e-10
16244.0,1.3817025776347545e-08
16245.0,2.589856756919513e-10
16246.0,2.4874956260233643e-08
16247.0,1.1850560156409648e-08
16248.0,1.0195992048812892e-09
16249.0,2.356344443990789e-12
16250.0,2.322801733423704e-11
16251.0,5.856076380011053e-10
16252.0,6.419237756836857e-10
16253.0,2.097676092750263e-06
16254.0,5.873990873686323e-10
16255.0,3.1433636084877194e-09
16256.0,1.5588813667217923e-11
16257.0,6.3893198860337775e-12
16258.0,2.2921124057907285e-07
16259.0,4.945809242301536e-12
16260.0,1.4292735029052978e-08
16261.0,1.876471470004351e-12
16262.0,3.7125044570262853e-16
16263.0,1.2817027514690594e-09
16264.0,5.051141803511314e-08
16265.0,1.5802550630490464e-11
16266.0,2.077914043262389e-07
16267.0,6.306077516143059e-12
16268.0,1.2555135025790758e-08
16269.0,1.0360059360890481e-11
16270.0,1.0414135987311704e-09
16271.0,1.0305942043774613e-10
16272.0,5.435429698093383e-10
16273.0,7.882645165985496e-09
16274.0,1.3650976503941423e-11
16275.0,9.34444982224898e-11
16276.0,2.4739586409203215e-10
16277.0,3.3301403147396715e-09
16278.0,1.3579385919190691e-14
16279.0,1.5460680705926575e-10
16280.0,2.7712112762935526e-10
16281.0,2.836653208644489e-10
16282.0,2.6409906930114958e-11
16283.0,1.845474006739873e-11
16284.0,4.306546312912397e-11
16285.0,1.9144641124243604e-10
16286.0,1.2296774226210946e-11
16287.0,4.085142471360783e-10
16288.0,1.0546486838879825e-10
16289.0,5.953465169737774e-10
16290.0,3.427644759216258e-09
16291.0,1.5449838349134964e-08
16292.0,4.864628286284284e-13
16293.0,1.7234347447508734e-11
16294.0,5.225840020105124e-07
16295.0,2.0204020936386933e-10
16296.0,2.9864176528393966e-07
16297.0,1.256615635240346e-10
16298.0,8.528015152184903e-11
16299.0,2.7127352120299317e-10
16300.0,7.280675543139024e-11
16301.0,1.0817512534137503e-09
16302.0,1.0929344137689566e-07
16303.0,1.2200565577374546e-09
16304.0,1.717566754330606e-10
16305.0,7.298666054165166e-08
16306.0,1.2270396724129641e-10
16307.0,1.3114370876678122e-10
16308.0,1.416947100577391e-08
16309.0,4.019030440274852e-10
16310.0,5.573519438292678e-13
16311.0,8.193407319800494e-09
16312.0,1.5238454005400882e-13
16313.0,7.290798488326863e-09
16314.0,4.1296665726655983e-13
16315.0,1.3510387762765628e-11
16316.0,4.8060686548990025e-09
16317.0,1.6338735436654957e-09
16318.0,9.021328400355862e-11
16319.0,3.340823253665318e-11
16320.0,4.101813049416832e-11
16321.0,6.299238695525333e-08
16322.0,7.083425497572799e-09
16323.0,1.7427760801955975e-10
16324.0,3.0489888751801764e-09
16325.0,5.383101623961224e-10
16326.0,5.819252210946452e-08
16327.0,1.6720555492173215e-10
16328.0,4.3980343568944777e-13
16329.0,3.4488798333360674e-09
16330.0,6.356141266205805e-13
16331.0,2.659074463427395e-11
16332.0,3.682778237906855e-11
16333.0,2.3063534216558297e-14
16334.0,1.3764313848321076e-09
16335.0,2.0997643842988337e-10
16336.0,2.3835714697906954e-05
16337.0,9.576215690034249e-11
16338.0,1.2405311371386912e-07
16339.0,2.1078657763888565e-09
16340.0,5.324151448742512e-08
16341.0,7.635267429754426e-11
16342.0,1.6874021643800601e-10
16343.0,2.599233098893173e-11
16344.0,1.1367492684815756e-07
16345.0,1.311410125348066e-12
16346.0,5.745267540569996e-09
16347.0,3.027742462524528e-10
16348.0,6.479831364502873e-11
16349.0,5.568256938579047e-11
16350.0,1.516698534451369e-12
16351.0,2.2602175977012464e-09
16352.0,1.1513954412159096e-10
16353.0,7.667530327306373e-10
16354.0,2.807652054487663e-09
16355.0,6.629070836787401e-09
16356.0,5.565755838850499e-09
16357.0,4.704008755080121e-09
16358.0,4.410792406974465e-11
16359.0,5.511980733491365e-10
16360.0,6.431138150567308e-09
16361.0,1.8832172234185095e-10
16362.0,5.932526473848806e-11
16363.0,3.9036208242278585e-10
16364.0,3.785711725183616e-11
16365.0,1.819926712221328e-08
16366.0,1.1286909056385941e-05
16367.0,4.938798557920307e-10
16368.0,6.73797236985425e-11
16369.0,4.640931077185021e-13
16370.0,8.291794078115962e-10
16371.0,1.457780432300751e-07
16372.0,4.0330801169977645e-09
16373.0,5.083515080376468e-13
16374.0,6.708385377197933e-10
16375.0,5.635541809283096e-08
16376.0,5.650593309250731e-09
16377.0,6.436722518826593e-13
16378.0,1.637853184350978e-11
16379.0,6.757559530861142e-08
16380.0,4.783216520925976e-07
16381.0,5.8238240748140534e-09
16382.0,3.660573530897414e-07
16383.0,2.569924735360363e-09
16384.0,6.459786464867901e-08
16385.0,5.0967453096745515e-11
16386.0,6.2296899354986105e-09
16387.0,1.7606051680362273e-09
16388.0,1.2942997292465956e-11
16389.0,6.586770354346369e-13
16390.0,2.017489292924358e-10
16391.0,1.838919579717608e-08
16392.0,1.3703080766267704e-11
16393.0,8.274905339934154e-10
16394.0,1.3382325256160219e-09
16395.0,1.7926048709655699e-10
16396.0,7.873044188777981e-13
16397.0,7.274462889976701e-11
16398.0,2.7587329288980698e-09
16399.0,3.2612231642978183e-09
16400.0,2.3705076325301225e-10
16401.0,2.5748342857339764e-11
16402.0,2.2987620521782957e-07
16403.0,1.0146094569740519e-10
16404.0,7.35412553527389e-11
16405.0,7.565142258442829e-09
16406.0,6.727718418225519e-11
16407.0,3.126854587323958e-11
16408.0,4.728311712017744e-09
16409.0,5.869747750278345e-12
16410.0,2.8695216861973843e-09
16411.0,1.0173002988072994e-07
16412.0,5.493145909014672e-06
16413.0,3.4608600302293067e-07
16414.0,3.3486556816580555e-09
16415.0,1.1914914568096356e-08
16416.0,2.920587850504458e-09
16417.0,8.011442351815151e-09
16418.0,6.030167826878961e-11
16419.0,2.109337902891904e-06
16420.0,7.46049150676238e-08
16421.0,1.765405520478339e-12
16422.0,1.4620105056240704e-14
16423.0,3.833565690488682e-08
16424.0,2.110616078489691e-10
16425.0,3.0566363115980026e-13
16426.0,4.5933280802427604e-11
16427.0,2.585258380348721e-07
16428.0,3.612440005043646e-11
16429.0,8.260390976297014e-09
16430.0,2.1643232409768315e-10
16431.0,3.3693246775962183e-10
16432.0,5.393413560177911e-10
16433.0,1.7734580060910672e-10
16434.0,5.468759972959015e-10
16435.0,5.450394578447672e-11
16436.0,6.237192668407305e-08
16437.0,1.0440430265465907e-08
16438.0,8.398976554417849e-12
16439.0,3.56343590897526e-09
16440.0,1.833800174845057e-11
16441.0,3.3627869790706506e-11
16442.0,3.5948937516201734e-11
16443.0,4.076314265006339e-11
16444.0,9.318577412179914e-12
16445.0,1.916588485539715e-09
16446.0,3.4628080332216255e-12
16447.0,3.1764104659540854e-12
16448.0,2.2011251692449436e-08
16449.0,1.0889097210677883e-09
16450.0,1.4126820885301613e-08
16451.0,2.6476736242341413e-10
16452.0,2.1254995126103244e-10
16453.0,3.124431004507435e-10
16454.0,5.136176259919753e-08
16455.0,1.5779351574843337e-11
16456.0,4.869217318680466e-12
16457.0,1.0614912990985232e-10
16458.0,1.2031080098078422e-10
16459.0,2.384740887940009e-10
16460.0,2.3332514385042263e-12
16461.0,2.9455483116964105e-11
16462.0,7.903343029538709e-10
16463.0,3.767892642392319e-09
16464.0,2.4381465808735395e-09
16465.0,9.719898496658633e-08
16466.0,5.4990428153325744e-08
16467.0,1.8553700343433845e-09
16468.0,1.2023072648594648e-05
16469.0,2.4197971659548972e-05
16470.0,1.3707754173097886e-09
16471.0,4.770990030325345e-11
16472.0,8.884567101260952e-13
16473.0,1.2597594616772523e-07
16474.0,3.679988177637526e-09
16475.0,1.2262868985777728e-12
16476.0,3.8109963795785305e-10
16477.0,1.732385559192113e-10
16478.0,8.603078927922588e-09
16479.0,2.4981865133403273e-11
16480.0,8.226780737851996e-10
16481.0,1.1415212489795355e-13
16482.0,6.741912850310341e-13
16483.0,4.703033377732814e-08
16484.0,2.0656737455325393e-08
16485.0,2.535311048569626e-10
16486.0,4.9254281285390786e-12
16487.0,2.715511442658679e-07
16488.0,4.552923325036234e-10
16489.0,9.811806000305423e-10
16490.0,5.440531078783704e-10
16491.0,2.6956513122158733e-07
16492.0,4.55914891530269e-09
16493.0,0.0005643004303654003
16494.0,1.4928843501414355e-09
16495.0,1.3053754334300928e-11
16496.0,1.9937971207123848e-09
16497.0,7.847222379092178e-09
16498.0,3.980981887644697e-11
16499.0,1.9816887629676183e-11
16500.0,4.4439214605143115e-08
16501.0,1.2775462376704574e-09
16502.0,8.376340143777354e-12
16503.0,1.4176987288471845e-12
16504.0,3.4930972684088686e-10
16505.0,7.840125713422401e-08
16506.0,1.6104458848821322e-10
16507.0,1.2170825438391848e-13
16508.0,6.201954827052363e-09
16509.0,5.599133243604309e-10
16510.0,1.2367926961105492e-07
16511.0,3.5248863533888796e-11
16512.0,6.709129341511856e-07
16513.0,5.829232270636496e-10
16514.0,4.260370974264602e-08
16515.0,1.971315423712578e-05
16516.0,1.3090216125314703e-09
16517.0,2.5572523381210258e-11
16518.0,2.0276336065571184e-12
16519.0,5.42834114632786e-10
16520.0,4.905230700428818e-12
16521.0,5.812923277545687e-11
16522.0,3.2812799770718834e-06
16523.0,2.8012819445932995e-07
16524.0,1.696584254542711e-11
16525.0,9.371695258909903e-11
16526.0,2.0977123981738794e-09
16527.0,1.9779258011588566e-08
16528.0,1.8771944404365408e-06
16529.0,1.356446311405698e-10
16530.0,3.466411919567026e-08
16531.0,1.7196567945388387e-09
16532.0,5.506911672285706e-09
16533.0,9.567406458592994e-08
16534.0,6.296515748692701e-08
16535.0,2.943971878868407e-06
16536.0,6.783258818655757e-12
16537.0,1.4696511633532232e-08
16538.0,8.156569569348192e-10
16539.0,3.862349043826324e-10
16540.0,3.065293221115052e-06
16541.0,1.10247604060392e-10
16542.0,1.5782494763915224e-09
16543.0,1.787288919831479e-09
16544.0,1.8324037215477507e-10
16545.0,2.4767639955642697e-06
16546.0,1.0172001752024111e-10
16547.0,1.1114441793856964e-11
16548.0,1.180208792821515e-06
16549.0,3.8590409478162955e-11
16550.0,9.71773888251354e-10
16551.0,1.7875875043457448e-10
16552.0,3.7429339034551713e-10
16553.0,2.2661499017350603e-11
16554.0,9.06267372963867e-11
16555.0,1.0213975856110775e-09
16556.0,1.0137739205810608e-11
16557.0,1.1088590453269028e-08
16558.0,2.354080843684879e-09
16559.0,2.1476920978341286e-07
16560.0,1.1042188053408777e-09
16561.0,9.986921204884335e-11
16562.0,3.2776955627019255e-05
16563.0,1.7220814975170747e-10
16564.0,8.228354479197232e-12
16565.0,1.4775739440741266e-06
16566.0,8.159124730817085e-07
16567.0,3.4428546932892536e-11
16568.0,1.4897550292795099e-08
16569.0,5.4219511209186805e-12
16570.0,1.0706103215827212e-10
16571.0,1.998222832724407e-12
16572.0,4.822158690464341e-08
16573.0,5.9537435173351925e-08
16574.0,6.949715731900062e-09
16575.0,4.2575267402439744e-08
16576.0,1.336971726173328e-13
16577.0,1.0124831884003148e-12
16578.0,3.308939285754392e-07
16579.0,4.975253493271855e-12
16580.0,3.076244658946909e-07
16581.0,3.876324181305249e-11
16582.0,3.066549504115433e-11
16583.0,2.23935859960322e-10
16584.0,5.4294228473996255e-11
16585.0,5.893825468132956e-11
16586.0,2.2524079684390775e-11
16587.0,1.27062426410656e-07
16588.0,6.438449681593074e-07
16589.0,4.775019509836525e-10
16590.0,3.904476303801447e-11
16591.0,2.6883822301764502e-12
16592.0,3.8515676897575393e-11
16593.0,7.298020727885612e-09
16594.0,3.3557436031067306e-11
16595.0,1.2423052273635132e-11
16596.0,1.6064505214888793e-13
16597.0,3.1717707965277e-11
16598.0,6.6262879568464855e-09
16599.0,5.93404557636135e-11
16600.0,6.30404298815857e-11
16601.0,2.5024516566931162e-11
16602.0,2.1552948926224938e-10
16603.0,1.0684292276911413e-11
16604.0,2.586354612848027e-10
16605.0,5.277771466060029e-09
16606.0,2.196482532796846e-08
16607.0,7.800666143279142e-14
16608.0,9.49750058097503e-10
16609.0,2.0965445024407148e-09
16610.0,6.4557856428985775e-12
16611.0,1.3668167274263009e-06
16612.0,1.1161978273101037e-08
16613.0,1.2796379058277355e-10
16614.0,2.6017713838365954e-09
16615.0,4.364637535779387e-12
16616.0,1.55221670735739e-11
16617.0,3.6549041963376007e-09
16618.0,5.349798766329826e-10
16619.0,2.338934482954592e-10
16620.0,2.8916610359931405e-05
16621.0,3.4667831515788254e-10
16622.0,5.493167588345725e-10
16623.0,7.349080126922516e-11
16624.0,1.118040332982938e-11
16625.0,2.842641169006304e-14
16626.0,1.4948035631638224e-12
16627.0,1.1443626403905933e-08
16628.0,7.977249226465978e-10
16629.0,6.756161144527321e-11
16630.0,5.0583912236138084e-11
16631.0,5.0534646430544335e-11
16632.0,1.2569597514569792e-08
16633.0,7.50764517077025e-09
16634.0,9.786505179912507e-09
16635.0,2.7243280045977097e-11
16636.0,4.7909162638320676e-12
16637.0,5.694829768320449e-11
16638.0,1.3587923453323788e-11
16639.0,1.621994208451882e-10
16640.0,1.7921572835466945e-07
16641.0,3.522586272260579e-12
16642.0,1.0991147401169004e-09
16643.0,7.830111633649099e-10
16644.0,2.2219375363230614e-10
16645.0,4.412802518805853e-09
16646.0,7.59404450507219e-11
16647.0,1.751357952321357e-11
16648.0,8.137226522566875e-09
16649.0,1.7650010071776747e-11
16650.0,4.1219346777563836e-11
16651.0,2.795008868665236e-13
16652.0,5.552989874631009e-10
16653.0,6.022721505514808e-07
16654.0,3.646026557478172e-13
16655.0,1.6326616368556603e-08
16656.0,1.6593625405202512e-12
16657.0,3.744551160536902e-11
16658.0,1.1695127884865872e-07
16659.0,1.091118723769844e-09
16660.0,1.4490079767035844e-10
16661.0,9.28899170349139e-09
16662.0,8.672728806824975e-11
16663.0,4.682254397724305e-09
16664.0,9.13122595918542e-10
16665.0,5.89747562817718e-08
16666.0,2.8075020633435635e-08
16667.0,1.9570904793262354e-11
16668.0,3.40544804001174e-11
16669.0,1.1552474514276402e-14
16670.0,1.392580726635342e-09
16671.0,1.0759023705441734e-11
16672.0,9.984447513476389e-09
16673.0,1.1769398819017075e-10
16674.0,5.635908982938082e-13
16675.0,7.259330588780166e-10
16676.0,5.754305193754922e-10
16677.0,1.2782465828421075e-09
16678.0,1.0134788176956895e-10
16679.0,1.1653611422298572e-08
16680.0,6.526659583859766e-12
16681.0,1.915593510344588e-12
16682.0,6.690335976303182e-10
16683.0,6.491765426049573e-11
16684.0,4.72524925844413e-09
16685.0,3.942993658163488e-10
16686.0,4.393968630247489e-09
16687.0,7.278279302952799e-10
16688.0,1.6299159535629643e-09
16689.0,7.055211311442366e-11
16690.0,1.0073058673792502e-08
16691.0,3.1375377818203375e-12
16692.0,1.1889498345196507e-09
16693.0,2.3804985788079484e-07
16694.0,3.4998328077623238e-06
16695.0,2.3205728031036983e-10
16696.0,5.3465068882064573e-08
16697.0,1.0811923590018773e-11
16698.0,4.2389300266925506e-08
16699.0,3.31366549909348e-12
16700.0,1.502178327959262e-08
16701.0,4.840242445503568e-10
16702.0,3.216314326338783e-08
16703.0,8.122373364466081e-10
16704.0,1.3751174333869846e-11
16705.0,4.570327138743498e-07
16706.0,3.8247930463898524e-11
16707.0,1.373519127668253e-09
16708.0,1.1951400581725844e-10
16709.0,1.3465554220910383e-12
16710.0,8.94979852932436e-08
16711.0,2.4198585405130555e-08
16712.0,3.046938330389757e-08
16713.0,1.513784989705552e-10
16714.0,1.2735720091886026e-11
16715.0,1.4957293415500029e-12
16716.0,3.7169097429860838e-09
16717.0,1.8282960010697356e-09
16718.0,1.4297941515796248e-10
16719.0,4.4493517314730064e-10
16720.0,2.256944411068033e-11
16721.0,5.946958975270753e-11
16722.0,4.192315479565822e-09
16723.0,4.9080700246637416e-09
16724.0,2.482454620217096e-13
16725.0,5.929678625381072e-13
16726.0,7.341136354244612e-08
16727.0,1.3833410113496361e-12
16728.0,1.3829290859654355e-06
16729.0,1.5052041490572907e-08
16730.0,4.092771865318003e-11
16731.0,8.594352273984837e-08
16732.0,5.476348063723776e-09
16733.0,2.650937010680132e-10
16734.0,2.211621539884709e-09
16735.0,2.269068710250158e-09
16736.0,3.569414504125521e-14
16737.0,1.2271030406137773e-12
16738.0,1.5635981498895421e-09
16739.0,8.496762238133639e-09
16740.0,2.52569540587423e-10
16741.0,1.3186839840254448e-07
16742.0,1.5381332621629884e-12
16743.0,2.412642134534554e-10
16744.0,5.999393701546303e-10
16745.0,1.6984111372114162e-12
16746.0,2.4955801762275957e-12
16747.0,3.401133914476683e-13
16748.0,1.970480990019726e-10
16749.0,1.3536668658840172e-09
16750.0,2.0223473820349982e-13
16751.0,2.4916010716851953e-08
16752.0,4.911855081615085e-07
16753.0,5.54137857187726e-12
16754.0,2.6027168924702797e-09
16755.0,6.215387071868616e-10
16756.0,1.0098654910186781e-08
16757.0,3.815071941971812e-12
16758.0,2.363000963749035e-08
16759.0,7.275673582486935e-11
16760.0,9.882651195266014e-12
16761.0,2.125662615563429e-09
16762.0,3.063649942000914e-08
16763.0,3.6037629426248964e-13
16764.0,6.90141688686463e-12
16765.0,1.86645428631597e-10
16766.0,1.0909696097540698e-09
16767.0,8.880659136797572e-11
16768.0,1.4408281735038535e-07
16769.0,2.3950352238819924e-11
16770.0,5.185711623749421e-09
16771.0,3.834793075304064e-10
16772.0,1.960555524685888e-13
16773.0,3.2558935693843914e-12
16774.0,1.6358973347531635e-08
16775.0,1.961477059321102e-10
16776.0,1.7665402320650927e-10
16777.0,1.7156804778281553e-10
16778.0,2.5926289273066975e-11
16779.0,8.639315792450918e-09
16780.0,2.993155828784628e-10
16781.0,1.2504638049400274e-11
16782.0,3.6818234308052306e-10
16783.0,1.373324216401082e-08
16784.0,4.743084086332608e-11
16785.0,2.8844046528582842e-08
16786.0,5.027409151076995e-10
16787.0,1.5919711150753155e-06
16788.0,1.844603499948886e-09
16789.0,1.4490513458490234e-11
16790.0,4.5912753314525223e-07
16791.0,3.5548758544535613e-12
16792.0,1.2561452170240308e-13
16793.0,1.9830273228046973e-12
16794.0,2.1079603367188437e-10
16795.0,3.778786294753093e-09
16796.0,2.1797431406730793e-12
16797.0,3.5711124744033427e-10
16798.0,1.763407862110872e-11
16799.0,3.2832589828992054e-10
16800.0,3.5098977072293223e-10
16801.0,1.6681594235545913e-06
16802.0,1.462004345738586e-11
16803.0,8.123936602702954e-11
16804.0,9.103023631598193e-12
16805.0,9.530517448875652e-09
16806.0,2.731294151367672e-10
16807.0,2.914259186688066e-07
16808.0,1.1835123883144308e-09
16809.0,1.8664741347777134e-09
16810.0,2.8291765102301125e-09
16811.0,1.5467349181562876e-13
16812.0,1.590511008428039e-10
16813.0,1.6354082755518947e-08
16814.0,5.812151812900054e-09
16815.0,3.8902180455919363e-07
16816.0,7.667328944935823e-11
16817.0,5.400920526164257e-11
16818.0,1.7104275732900344e-08
16819.0,6.24191642830994e-10
16820.0,6.573968065893755e-10
16821.0,1.0233862334360417e-12
16822.0,3.6921048648252634e-10
16823.0,1.047106512449402e-09
16824.0,1.375734683438117e-13
16825.0,3.6621145888539656e-11
16826.0,6.339658026201939e-13
16827.0,1.8600064963023553e-08
16828.0,1.5354665578550012e-07
16829.0,9.46262353802845e-12
16830.0,3.2002239680387623e-12
16831.0,3.3874936621806404e-10
16832.0,1.6603673970633876e-09
16833.0,6.88986534880831e-12
16834.0,5.028318935222096e-11
16835.0,1.9470664450804026e-06
16836.0,2.2257695493574012e-06
16837.0,5.278336405944937e-12
16838.0,7.663735667831895e-08
16839.0,4.743529723633104e-13
16840.0,3.841664966198205e-10
16841.0,5.074329731603454e-10
16842.0,4.120450110632427e-08
16843.0,6.867344186200115e-07
16844.0,2.1364019449653552e-07
16845.0,1.4431678310789088e-10
16846.0,9.756518308370748e-09
16847.0,5.048854087990719e-10
16848.0,1.943745215631486e-14
16849.0,9.275564726417371e-12
16850.0,4.767295214435867e-08
16851.0,2.635361583174147e-11
16852.0,1.3526682822448264e-12
16853.0,1.3057429098761688e-09
16854.0,1.9962175378632324e-10
16855.0,4.63367146748317e-12
16856.0,7.094884372531682e-11
16857.0,6.989116437846168e-13
16858.0,5.429893577255982e-08
16859.0,4.560324259471013e-07
16860.0,1.12292540801404e-10
16861.0,1.746155548982435e-10
16862.0,6.35655389431196e-08
16863.0,1.4162137460588355e-08
16864.0,1.7158581925237665e-06
16865.0,1.1580247453305178e-08
16866.0,4.367612952039083e-11
16867.0,1.3616418449840265e-06
16868.0,1.4493347183559099e-11
16869.0,1.9186436752873397e-10
16870.0,0.0005482330829520346
16871.0,5.9671788738678e-06
16872.0,1.8129880747046915e-09
16873.0,2.6151422028435837e-10
16874.0,2.6646673831305554e-07
16875.0,3.2835346788043343e-09
16876.0,1.1007496288965194e-12
16877.0,2.7000128259362007e-07
16878.0,2.8735447011875467e-08
16879.0,2.1746445698174516e-10
16880.0,1.0161702883493954e-12
16881.0,1.9014227825780944e-10
16882.0,1.1772378586513031e-08
16883.0,2.5222036377121396e-08
16884.0,4.643642369510202e-11
16885.0,1.7686881921783684e-08
16886.0,3.7856753110241946e-10
16887.0,1.7431500865300901e-09
16888.0,9.170969019379637e-09
16889.0,1.3499061590146665e-11
16890.0,2.93155254628698e-11
16891.0,2.0194410625478278e-12
16892.0,4.316382114009752e-11
16893.0,7.035712487031813e-08
16894.0,6.73091916733581e-11
16895.0,3.009459764792301e-08
16896.0,4.878751966064587e-07
16897.0,1.666989161645211e-09
16898.0,3.241300778617842e-11
16899.0,8.282495094467312e-07
16900.0,1.762719802215622e-08
16901.0,6.244259882336094e-11
16902.0,3.1078929717642583e-09
16903.0,1.0909242233053833e-11
16904.0,2.1006323557870763e-09
16905.0,6.161146816650928e-10
16906.0,7.663487089960544e-12
16907.0,5.7569847030920396e-11
16908.0,3.273093716159883e-08
16909.0,1.4442529128927972e-07
16910.0,5.87701738983003e-08
16911.0,1.6246451115126367e-07
16912.0,7.715157389111505e-11
16913.0,1.1063534838287842e-16
16914.0,1.8484717221442995e-08
16915.0,3.8519412401183914e-07
16916.0,1.7492633916215507e-11
16917.0,1.8329664568592143e-11
16918.0,1.5979252218251414e-10
16919.0,5.519753107923133e-16
16920.0,2.0201132550876076e-09
16921.0,8.341768941224712e-08
16922.0,4.504752070221508e-08
16923.0,5.014206182843557e-12
16924.0,1.4432577003025828e-09
16925.0,6.02904909014581e-10
16926.0,1.5559434362519964e-09
16927.0,1.6487058250720637e-15
16928.0,3.4848281406374594e-11
16929.0,8.818246855150474e-11
16930.0,6.400962059560208e-11
16931.0,3.733524612002577e-12
16932.0,3.3132530955173565e-14
16933.0,1.4730121004504483e-10
16934.0,5.8004059980478956e-11
16935.0,2.9335363942695306e-10
16936.0,6.31995693439993e-08
16937.0,5.992190432627763e-10
16938.0,9.274771750606673e-12
16939.0,2.0640400198745184e-11
16940.0,3.052911134675912e-11
16941.0,1.4144783859193e-09
16942.0,8.930391605230194e-09
16943.0,6.345791069984594e-07
16944.0,2.2027460399113822e-08
16945.0,2.141985763892676e-09
16946.0,6.402327782902435e-09
16947.0,1.3987514870859944e-10
16948.0,1.3960503045035642e-05
16949.0,2.815966932812158e-09
16950.0,7.505070983849014e-13
16951.0,1.5556937773309467e-10
16952.0,4.629967948978003e-06
16953.0,1.3691102325171992e-12
16954.0,1.4933995869821104e-10
16955.0,5.081184160668902e-09
16956.0,2.291047170456074e-09
16957.0,9.130092945796871e-10
16958.0,2.7596207314223666e-13
16959.0,1.9457081734649347e-08
16960.0,9.305986604768292e-11
16961.0,6.752947040112317e-07
16962.0,6.183980417918162e-11
16963.0,9.218882725298704e-08
16964.0,1.330759764899455e-07
16965.0,1.015288623731964e-08
16966.0,4.975102791018449e-13
16967.0,4.546932352061194e-12
16968.0,6.983329154005891e-12
16969.0,1.3192974093037308e-07
16970.0,9.371385041219645e-07
16971.0,7.757698226460959e-13
16972.0,3.8321862429219243e-10
16973.0,9.005129166342242e-10
16974.0,2.3975635599717885e-11
16975.0,2.5269174869793294e-08
16976.0,1.415190264263568e-10
16977.0,2.4037408038286394e-09
16978.0,6.730351314042971e-16
16979.0,2.8408950924553346e-10
16980.0,2.359448530561226e-13
16981.0,1.9068316957322685e-10
16982.0,1.1298323696042808e-10
16983.0,9.016787189773438e-10
16984.0,9.89976547682865e-10
16985.0,2.4353985953656115e-12
16986.0,3.598191727877113e-10
16987.0,9.58117753160958e-11
16988.0,2.116526019362738e-09
16989.0,1.091273277153109e-09
16990.0,4.171389474768708e-08
16991.0,2.6612077367231064e-10
16992.0,1.2830168166853151e-07
16993.0,6.127242995947222e-12
16994.0,7.478566903099179e-13
16995.0,2.4462215808545473e-09
16996.0,1.3130120383933659e-11
16997.0,2.648600332593842e-14
16998.0,8.338911322120683e-11
16999.0,5.196801345385312e-13
17000.0,6.696017280143179e-10
17001.0,2.813764190609683e-10
17002.0,4.476248257910382e-08
17003.0,1.5528129764712204e-11
17004.0,5.345324622632922e-09
17005.0,1.441496241035684e-09
17006.0,3.505412787958179e-05
17007.0,1.9831049503965077e-11
17008.0,3.467918436929584e-09
17009.0,2.7583296378248064e-11
17010.0,1.3998080529876303e-09
17011.0,1.073497674073476e-09
17012.0,1.63906671796603e-10
17013.0,8.856150585885454e-07
17014.0,1.3070319273292896e-07
17015.0,1.458577160332519e-07
17016.0,1.5095904762336895e-12
17017.0,4.814439798869635e-11
17018.0,3.715782567751285e-10
17019.0,3.886337105113862e-12
17020.0,5.064774063073193e-08
17021.0,1.2331010207191233e-06
17022.0,1.5374938714256198e-07
17023.0,1.4653384264260036e-08
17024.0,3.306768445096759e-12
17025.0,4.694895293778327e-08
17026.0,4.2570196869905576e-13
17027.0,2.2282236067424707e-09
17028.0,7.986788751014431e-07
17029.0,3.7097017826123205e-09
17030.0,3.390065182197987e-10
17031.0,8.305682379774134e-12
17032.0,8.47947802872054e-11
17033.0,1.01662422523483e-12
17034.0,4.518346545204973e-08
17035.0,2.9082471134596082e-11
17036.0,1.0934372326033998e-09
17037.0,1.2619425994689175e-14
17038.0,2.2809365271856084e-10
17039.0,6.462253839096202e-09
17040.0,5.503751871726803e-09
17041.0,3.863358867898742e-11
17042.0,7.1843614611970835e-09
17043.0,7.936096476692742e-08
17044.0,3.1171640333688336e-09
17045.0,3.134326591779857e-13
17046.0,1.3738723773232603e-09
17047.0,4.357784815792502e-10
17048.0,1.6637352071527417e-10
17049.0,2.5380150855506792e-08
17050.0,7.60327370744717e-10
17051.0,5.394223381040417e-10
17052.0,2.2611541374557547e-10
17053.0,1.4860533969618886e-07
17054.0,5.784972469733385e-09
17055.0,4.631967073000968e-07
17056.0,2.4959226272172448e-11
17057.0,3.499768735608663e-10
17058.0,8.755041585020048e-11
17059.0,8.933288972129924e-10
17060.0,1.0733612631609056e-09
17061.0,5.366475167689609e-10
17062.0,1.0275924774358241e-06
17063.0,5.653942911362774e-07
17064.0,7.174473821403877e-08
17065.0,1.1244501955159716e-09
17066.0,7.10119338277411e-11
17067.0,3.3715270292489353e-06
17068.0,6.819159423819098e-09
17069.0,1.2902988739141881e-12
17070.0,1.5337550990324882e-12
17071.0,1.2430571486269727e-10
17072.0,6.961677088246441e-08
17073.0,3.359101033647505e-11
17074.0,3.348600673103863e-11
17075.0,4.6647221678064634e-11
17076.0,8.230476425449699e-12
17077.0,7.34506599166172e-12
17078.0,2.647786546086987e-09
17079.0,2.967131497783091e-11
17080.0,5.6511956329182754e-08
17081.0,7.73380843350003e-12
17082.0,2.6611709627613973e-08
17083.0,1.3779263752638933e-09
17084.0,6.356667631950528e-08
17085.0,2.0283037687210926e-10
17086.0,3.1770189858800303e-13
17087.0,1.9900403913025527e-10
17088.0,3.2771162626067204e-12
17089.0,1.651874299792505e-11
17090.0,3.8852191338075406e-10
17091.0,4.9854766359769214e-09
17092.0,8.406977121748144e-11
17093.0,8.011744737761172e-13
17094.0,3.9346492465948926e-10
17095.0,1.817578690843178e-08
17096.0,1.8662673640317034e-06
17097.0,1.3042287993181647e-10
17098.0,6.4841971058065915e-09
17099.0,1.6214153517945095e-10
17100.0,1.1096357546818527e-10
17101.0,5.20471637625084e-11
17102.0,1.0676992875827256e-09
17103.0,2.769834255716739e-11
17104.0,3.344963402263701e-11
17105.0,2.4388897252761408e-11
17106.0,4.294498594171174e-14
17107.0,7.615067567561171e-10
17108.0,2.4195927156451883e-13
17109.0,2.712862745261494e-08
17110.0,3.139131493370143e-14
17111.0,4.049992931475789e-11
17112.0,1.9382897255107767e-10
17113.0,1.4692900134120372e-08
17114.0,3.810616983215867e-10
17115.0,3.3176712208802506e-10
17116.0,3.5002638305948235e-09
17117.0,9.028898259451074e-09
17118.0,3.4174461293691916e-06
17119.0,7.714201391441013e-11
17120.0,1.4335909374222799e-09
17121.0,3.858706903388329e-11
17122.0,3.206197743391003e-08
17123.0,1.5932107938080076e-11
17124.0,3.322502948511786e-09
17125.0,9.059218487134075e-11
17126.0,7.948845611615463e-09
17127.0,7.256328929549216e-08
17128.0,4.337363546647025e-10
17129.0,2.7497420709978175e-14
17130.0,3.299762834392075e-14
17131.0,1.3229773429034267e-12
17132.0,3.137619549905869e-13
17133.0,1.0333506748906498e-11
17134.0,3.904654904108406e-12
17135.0,1.0381045436203347e-05
17136.0,4.002084630265228e-09
17137.0,1.8554723361278872e-08
17138.0,2.0335958079646062e-06
17139.0,2.6973025521120285e-06
17140.0,9.01884880346794e-09
17141.0,1.3306497739420446e-09
17142.0,3.487318263317753e-13
17143.0,1.3262126437409459e-10
17144.0,9.529739534103461e-12
17145.0,1.4876099550088913e-09
17146.0,6.263574722686115e-12
17147.0,9.83649143819618e-11
17148.0,4.4950851761467375e-10
17149.0,2.5835847435338917e-09
17150.0,6.651502030034892e-09
17151.0,6.683166099342429e-09
17152.0,7.183448903426448e-09
17153.0,1.0107360049780121e-07
17154.0,6.477432604142063e-10
17155.0,2.9873288459906106e-08
17156.0,4.727889338696258e-10
17157.0,1.59549304237724e-08
17158.0,5.254674867780924e-11
17159.0,4.531674038009127e-08
17160.0,1.76075227971875e-08
17161.0,4.06799293808094e-10
17162.0,7.70971769032168e-11
17163.0,2.8600022642344726e-10
17164.0,2.8862517824655826e-08
17165.0,4.8162461756156335e-09
17166.0,5.848982627859146e-13
17167.0,2.4282684835611172e-05
17168.0,7.707830836325849e-13
17169.0,4.389577417029563e-05
17170.0,1.6433833599561747e-11
17171.0,9.778703988465688e-14
17172.0,4.268858341772711e-10
17173.0,3.914223358637986e-11
17174.0,4.693487986102503e-09
17175.0,5.465038069597698e-09
17176.0,3.071697364072898e-09
17177.0,1.4326963656943615e-11
17178.0,7.571116002085155e-07
17179.0,2.970469243615538e-13
17180.0,1.0072168118494907e-11
17181.0,5.128183707146879e-10
17182.0,2.1233809298877185e-09
17183.0,1.0486344030362726e-08
17184.0,3.8789241315772196e-11
17185.0,2.4003672313958387e-09
17186.0,5.019194007715454e-09
17187.0,6.556318510822048e-12
17188.0,4.125366556640537e-09
17189.0,2.1862317958289736e-09
17190.0,4.489920429831274e-09
17191.0,1.020275893038081e-10
17192.0,8.532813158877186e-12
17193.0,5.755806130925144e-12
17194.0,4.769193057498377e-10
17195.0,3.4202515212973523e-09
17196.0,6.870364286634367e-14
17197.0,4.5231600050818934e-11
17198.0,2.5323734049664035e-05
17199.0,3.8064871763789155e-08
17200.0,5.2781706546969594e-11
17201.0,6.160397384505883e-10
17202.0,8.816185087396292e-09
17203.0,7.62612119350576e-11
17204.0,6.32307436684547e-06
17205.0,6.589401669129839e-10
17206.0,1.1413951469335417e-11
17207.0,8.874276514541136e-14
17208.0,7.727647988461285e-10
17209.0,3.547279439754309e-09
17210.0,1.4029024179411487e-09
17211.0,4.991536034827748e-06
17212.0,3.659918263975686e-11
17213.0,1.619249660323926e-07
17214.0,1.0664967255666982e-12
17215.0,6.816316730452024e-10
17216.0,4.885126394751091e-12
17217.0,5.776542722317626e-10
17218.0,3.1560840690844266e-10
17219.0,6.180680358547528e-09
17220.0,3.7113720407490036e-10
17221.0,2.5100227196387696e-12
17222.0,1.1032189460369336e-09
17223.0,1.592952064299231e-12
17224.0,6.481572731025483e-08
17225.0,8.08476987052061e-09
17226.0,1.8703667200043758e-11
17227.0,1.835896435586853e-08
17228.0,7.502721677322705e-10
17229.0,5.93348721305774e-12
17230.0,6.072943838116537e-11
17231.0,5.635549469404674e-10
17232.0,5.4965530001515e-10
17233.0,4.569667691097848e-08
17234.0,3.9425504853438414e-10
17235.0,5.821188983880724e-08
17236.0,1.7765932905032366e-10
17237.0,2.7169543074902445e-11
17238.0,1.0683994232626412e-10
17239.0,7.277899647393714e-12
17240.0,7.723165911288586e-08
17241.0,1.205439693714639e-07
17242.0,5.245286713007312e-11
17243.0,1.1901955904268785e-10
17244.0,4.6906637638502006e-12
17245.0,5.679651957686534e-10
17246.0,3.4793585058048225e-11
17247.0,9.997065905279169e-14
17248.0,3.0365601967963316e-08
17249.0,4.881300768857178e-09
17250.0,1.1527799443386677e-10
17251.0,1.540307124132044e-07
17252.0,1.4009325452308837e-12
17253.0,9.884803978228122e-09
17254.0,3.362428666572812e-05
17255.0,2.1829019993363146e-12
17256.0,1.9756534180636015e-10
17257.0,1.8474792369365685e-08
17258.0,3.272605225637768e-11
17259.0,9.321577286494678e-09
17260.0,1.3555334987160655e-10
17261.0,2.083559839921801e-08
17262.0,7.525587461884977e-10
17263.0,1.0953729612978478e-11
17264.0,1.7690404872978305e-09
17265.0,6.654012146851768e-08
17266.0,1.137491918092626e-08
17267.0,3.03189913241474e-07
17268.0,3.301600476893087e-08
17269.0,1.0730076313718033e-11
17270.0,3.2814343139232993e-09
17271.0,2.1845037885583382e-08
17272.0,7.636855791719854e-09
17273.0,4.032565634298894e-07
17274.0,6.038428764963463e-09
17275.0,1.7560918736669045e-08
17276.0,1.5522062974652682e-09
17277.0,1.481557591252064e-09
17278.0,7.06835159896844e-09
17279.0,1.2066284143651205e-13
17280.0,3.0758461100021216e-10
17281.0,1.240308461078239e-08
17282.0,3.220157363138157e-09
17283.0,1.808388080766945e-11
17284.0,1.5408356776447064e-08
17285.0,3.0516786632641575e-10
17286.0,1.0469570544655436e-10
17287.0,7.905128891744614e-11
17288.0,2.229772929898756e-11
17289.0,8.107900269675283e-09
17290.0,2.993387457990117e-09
17291.0,4.144963816647359e-09
17292.0,2.2930491859663012e-07
17293.0,8.949373201173712e-13
17294.0,9.798305402395927e-11
17295.0,1.7489696958588927e-14
17296.0,2.0347856009463528e-13
17297.0,2.9392098932113843e-09
17298.0,2.228637293631362e-09
17299.0,1.6010818821892015e-08
17300.0,4.29687216782869e-12
17301.0,3.3756310471753297e-12
17302.0,2.856046204228536e-12
17303.0,3.016387374589255e-08
17304.0,6.778165037497198e-08
17305.0,2.6200283929772213e-09
17306.0,7.011421097310924e-11
17307.0,4.606309852268162e-11
17308.0,9.045722423507923e-10
17309.0,1.5067318668930136e-11
17310.0,9.195371513292592e-09
17311.0,1.7082215791918805e-10
17312.0,1.140121539172067e-08
17313.0,1.1187208664879073e-09
17314.0,1.4315780828511898e-08
17315.0,3.1867382591853766e-12
17316.0,2.432041676667411e-12
17317.0,1.1731046877264015e-11
17318.0,2.4002977685258556e-09
17319.0,7.537178872790507e-10
17320.0,1.7731795931821412e-07
17321.0,2.0107277330379925e-11
17322.0,1.1863801652411157e-10
17323.0,1.7175830264972654e-10
17324.0,4.90857696901615e-11
17325.0,2.0100668023806062e-08
17326.0,2.5082740392794533e-08
17327.0,8.399490201919855e-10
17328.0,3.03224381501e-08
17329.0,5.785172553500077e-10
17330.0,1.8002690673212162e-10
17331.0,2.340007001570581e-09
17332.0,8.82171083847793e-12
17333.0,6.525360140645066e-13
17334.0,2.3657701489839246e-10
17335.0,1.156945255368475e-08
17336.0,5.865113178211509e-11
17337.0,7.962240405792729e-11
17338.0,5.394362478176876e-10
17339.0,6.70886469652119e-11
17340.0,1.5281853318281694e-14
17341.0,1.213912140723045e-10
17342.0,1.2263424590068827e-12
17343.0,2.518557455918569e-12
17344.0,1.3995503023687246e-09
17345.0,4.682063645244372e-10
17346.0,1.7159208158869178e-09
17347.0,1.536461318191321e-11
17348.0,4.2675985513478303e-16
17349.0,6.158390322602856e-11
17350.0,8.202116880807662e-13
17351.0,5.153955283307236e-12
17352.0,9.408098250090646e-10
17353.0,1.3131099746641624e-10
17354.0,8.494815538747e-11
17355.0,7.980546879570862e-14
17356.0,4.930567779945521e-11
17357.0,1.464836992481873e-12
17358.0,9.688365584543288e-14
17359.0,5.765163925550759e-10
17360.0,1.1917055192063666e-11
17361.0,2.871973729672968e-12
17362.0,2.754184205097e-09
17363.0,2.964856124497265e-13
17364.0,8.542899552580381e-09
17365.0,1.3923867312624e-11
17366.0,2.1748001673266517e-11
17367.0,7.699804708828219e-10
17368.0,5.13457203412086e-09
17369.0,8.334280532038876e-09
17370.0,1.6604213285031447e-08
17371.0,8.606077255895106e-10
17372.0,9.333218713186836e-09
17373.0,2.269497505418487e-09
17374.0,4.164210367815334e-11
17375.0,7.646818021262413e-09
17376.0,5.116084612478855e-12
17377.0,2.7246615311413847e-09
17378.0,1.425292329293849e-06
17379.0,1.809136569699685e-09
17380.0,4.80561035565008e-12
17381.0,1.6602261257546298e-10
17382.0,0.00014492177082469935
17383.0,5.908952350005772e-07
17384.0,3.7016467124124974e-08
17385.0,1.2045749486247446e-08
17386.0,8.188255800435245e-12
17387.0,4.444487707687614e-13
17388.0,3.1239028351428777e-11
17389.0,1.7873402291825383e-11
17390.0,9.146926879583413e-07
17391.0,3.1645696825322274e-12
17392.0,1.10029308902004e-11
17393.0,9.024093674923397e-10
17394.0,5.473357316049259e-10
17395.0,6.447753913988212e-08
17396.0,1.0486868737113917e-10
17397.0,8.644775549816332e-11
17398.0,3.642561457181847e-10
17399.0,1.2404655625561984e-08
17400.0,2.5363376934841937e-12
17401.0,5.95573692400036e-11
17402.0,2.8933386010278076e-10
17403.0,2.6434031333245947e-09
17404.0,2.426655354308171e-08
17405.0,2.8157526796712847e-13
17406.0,2.1901332485159217e-10
17407.0,3.6789910353091696e-09
17408.0,1.3598072504444687e-08
17409.0,8.408739407579904e-11
17410.0,2.2210103971762423e-12
17411.0,3.952273112979049e-11
17412.0,2.574561777719353e-10
17413.0,9.499239229126744e-11
17414.0,1.2326014990084426e-09
17415.0,2.475508477011989e-10
17416.0,8.059878094523795e-09
17417.0,6.559861148964924e-10
17418.0,4.188631676537945e-12
17419.0,2.1640567377314143e-10
17420.0,9.338654518115355e-11
17421.0,3.3740316526917366e-13
17422.0,3.5237862528117515e-08
17423.0,4.715524770359914e-11
17424.0,5.413754863499745e-11
17425.0,1.0504432415896888e-10
17426.0,1.946829626710054e-12
17427.0,1.793391439452093e-08
17428.0,2.3282215928497477e-10
17429.0,1.2201545560695746e-09
17430.0,2.1373182410483732e-10
17431.0,1.2240843647208999e-08
17432.0,1.9529487841091114e-09
17433.0,3.948670364896813e-09
17434.0,2.6654457348456674e-09
17435.0,1.2876633421074799e-09
17436.0,1.3816768528162197e-11
17437.0,1.81428915807366e-11
17438.0,3.6720969433668185e-10
17439.0,4.770155963611776e-10
17440.0,1.1826754497781482e-07
17441.0,2.737273903535602e-12
17442.0,3.501399263050487e-07
17443.0,1.832034461313847e-12
17444.0,5.870023959138491e-07
17445.0,8.446054546902518e-09
17446.0,7.968111099959676e-10
17447.0,1.4567860226999795e-09
17448.0,1.0814797522848116e-08
17449.0,5.519512362422705e-08
17450.0,6.61422705477029e-13
17451.0,2.1052310436692933e-08
17452.0,4.706980366344913e-11
17453.0,6.361458659208656e-10
17454.0,5.854461264867059e-11
17455.0,3.1852009749120476e-09
17456.0,2.5859397179338022e-08
17457.0,9.78660662385363e-13
17458.0,3.468198381664606e-11
17459.0,1.0932692305186514e-10
17460.0,1.0498387789212349e-06
17461.0,2.0817360757946927e-11
17462.0,2.778604330628846e-13
17463.0,4.836388260652132e-10
17464.0,5.5171759501161846e-11
17465.0,4.38991967714247e-13
17466.0,1.0276493709814686e-09
17467.0,2.333119776465411e-13
17468.0,2.8601374483262254e-11
17469.0,3.826049671586839e-13
17470.0,2.548350615653109e-16
17471.0,6.301150294129651e-07
17472.0,8.076656172232218e-07
17473.0,1.911266934590912e-06
17474.0,2.7447590942740945e-14
17475.0,6.604321352451755e-10
17476.0,1.4132097977171392e-11
17477.0,7.391768560001382e-09
17478.0,4.2131678032525995e-07
17479.0,4.587106696277182e-09
17480.0,1.6207120894399004e-07
17481.0,1.9900432230757073e-10
17482.0,1.206566624681868e-09
17483.0,2.0989849435690613e-08
17484.0,7.611919890358358e-06
17485.0,2.046732620341603e-06
17486.0,2.2011244363976944e-06
17487.0,5.189653931021031e-09
17488.0,1.5966688654179213e-09
17489.0,6.386879910966731e-09
17490.0,7.236524061652835e-08
17491.0,3.276997064332863e-09
17492.0,2.4277870228451694e-10
17493.0,4.978836147711526e-12
17494.0,8.293442614243002e-13
17495.0,5.1136874924171425e-15
17496.0,6.93099985704726e-14
17497.0,2.2537260128374574e-09
17498.0,7.2072939719272385e-09
17499.0,4.213368689414536e-10
17500.0,1.3462794592517781e-08
17501.0,6.137258306818437e-13
17502.0,1.7698721732242184e-10
17503.0,4.2340714322461557e-10
17504.0,5.856479241409756e-11
17505.0,3.489961182197776e-11
17506.0,2.911844610511024e-11
17507.0,1.4234399912923018e-13
17508.0,8.883482857009928e-06
17509.0,7.666492786563586e-11
17510.0,7.168098157383083e-11
17511.0,2.6322197724893747e-11
17512.0,1.3298486006927408e-12
17513.0,1.4280917954988875e-09
17514.0,9.901860931315859e-09
17515.0,1.3938408954172154e-09
17516.0,2.1808080197345524e-06
17517.0,1.2022335135915763e-08
17518.0,3.4172454355162087e-09
17519.0,1.2056731554579164e-09
17520.0,2.8004162793047118e-09
17521.0,1.9545279940050948e-10
17522.0,1.7993905573498687e-10
17523.0,1.836947787273634e-10
17524.0,3.893339755031438e-13
17525.0,1.3297061048722168e-09
17526.0,4.398565868610792e-09
17527.0,1.8939080475926273e-06
17528.0,1.004988080628017e-09
17529.0,4.5185605328433935e-09
17530.0,1.1673164149512937e-06
17531.0,5.4456131955282726e-08
17532.0,5.02150745537887e-11
17533.0,2.788091743574343e-08
17534.0,2.61275893648414e-10
17535.0,2.654784438648375e-09
17536.0,6.848128535860564e-10
17537.0,3.85058213448681e-09
17538.0,4.811301350546208e-13
17539.0,1.1037985595745176e-10
17540.0,8.248902505481366e-11
17541.0,1.9907502661485103e-09
17542.0,4.120623443400409e-12
17543.0,3.151033199224667e-13
17544.0,1.9971987278491852e-10
17545.0,3.917115176686933e-12
17546.0,9.80065979495871e-11
17547.0,3.861138410177986e-09
17548.0,6.582899804093928e-13
17549.0,1.0527303105787226e-08
17550.0,2.2771449434955085e-05
17551.0,3.104177060748033e-11
17552.0,3.2521678717439488e-09
17553.0,1.8246889871400756e-14
17554.0,4.608340773490591e-11
17555.0,6.64997467475685e-08
17556.0,1.5841896119402807e-08
17557.0,5.998047546835958e-06
17558.0,3.187405122910724e-10
17559.0,1.7777628339580403e-09
17560.0,2.1374676249039313e-11
17561.0,4.0692567349823693e-10
17562.0,1.8302558775258017e-10
17563.0,5.068946376970821e-10
17564.0,2.760189219483932e-08
17565.0,1.3554215631065073e-11
17566.0,6.7541069071475635e-12
17567.0,1.2923195901687836e-07
17568.0,1.2578544202055627e-10
17569.0,1.2685323054823573e-09
17570.0,1.8496258547132345e-09
17571.0,8.963778358681641e-12
17572.0,1.0932806275246868e-11
17573.0,6.162153719023894e-11
17574.0,3.138032759172599e-07
17575.0,1.0598101738231372e-13
17576.0,1.946640780977019e-10
17577.0,2.0275561129166496e-10
17578.0,2.3612335308698243e-08
17579.0,4.240125442337216e-14
17580.0,2.600166234655463e-07
17581.0,9.105351386622623e-11
17582.0,9.729447004338807e-12
17583.0,6.556981998690522e-12
17584.0,7.863702313921174e-10
17585.0,1.149019634065022e-12
17586.0,1.8994099081512976e-10
17587.0,1.662833475009702e-07
17588.0,4.947242601064594e-09
17589.0,4.642014863941215e-10
17590.0,3.424832258646055e-09
17591.0,2.5769113491447668e-09
17592.0,8.304501152408252e-09
17593.0,4.880078410893467e-11
17594.0,1.9092910650345125e-10
17595.0,1.5613902154781512e-08
17596.0,4.945938440434445e-07
17597.0,1.0491610667288362e-09
17598.0,2.0482115207313617e-09
17599.0,7.045218420653585e-08
17600.0,9.447444818520122e-12
17601.0,4.6017849827289614e-10
17602.0,5.314515337497475e-09
17603.0,1.1616995947099097e-10
17604.0,2.582742264709015e-10
17605.0,3.3833484877160883e-13
17606.0,3.315151622074855e-10
17607.0,1.8764271904275738e-09
17608.0,8.136461209911843e-09
17609.0,5.832635681369596e-08
17610.0,1.376789200698903e-10
17611.0,5.437804152696155e-12
17612.0,2.265712127379606e-08
17613.0,4.331652933911263e-16
17614.0,1.7717592460121756e-11
17615.0,6.692217046711629e-09
17616.0,4.134961532562996e-09
17617.0,1.1497317796154714e-08
17618.0,1.4253263688285266e-09
17619.0,5.6523704457685135e-12
17620.0,6.885635886766645e-08
17621.0,3.265934180387166e-10
17622.0,1.0351324892726707e-09
17623.0,6.589800245830171e-10
17624.0,1.1382176250253024e-10
17625.0,6.317765501785387e-08
17626.0,1.5628575631576999e-10
17627.0,1.581248324998456e-11
17628.0,5.712422475214858e-09
17629.0,4.101858182766772e-09
17630.0,6.052857926744281e-10
17631.0,1.8449021144989296e-12
17632.0,1.9903105045851642e-11
17633.0,5.577201491078989e-11
17634.0,9.439074191312993e-11
17635.0,2.6041424623764397e-08
17636.0,1.103194008864299e-10
17637.0,1.117644747467568e-13
17638.0,4.651072043734361e-08
17639.0,1.821992343703443e-08
17640.0,5.127710162320007e-07
17641.0,2.0796288880373354e-10
17642.0,2.816005088450928e-10
17643.0,6.169761132308289e-09
17644.0,1.2269472504098375e-09
17645.0,2.624162603406827e-09
17646.0,7.697323397279196e-10
17647.0,1.1555297946602555e-09
17648.0,5.947941268993374e-10
17649.0,2.4889121996954074e-09
17650.0,1.1307133459489465e-06
17651.0,7.518947508936144e-09
17652.0,5.585459584182822e-11
17653.0,1.267925561877264e-14
17654.0,9.042255311275291e-11
17655.0,2.6886518319272145e-08
17656.0,3.935849013175297e-12
17657.0,2.2383046168476197e-11
17658.0,8.0097782852949e-09
17659.0,3.6369017786247666e-12
17660.0,2.3656192805706192e-08
17661.0,3.3199359985310576e-13
17662.0,7.435187392477841e-08
17663.0,4.1572782130209036e-10
17664.0,2.0841872625116392e-10
17665.0,5.221160854630537e-11
17666.0,1.1180285642277806e-09
17667.0,2.5910721989667575e-10
17668.0,5.1110947501246055e-09
17669.0,1.471608257084478e-10
17670.0,1.542997709822563e-07
17671.0,8.867727609510426e-10
17672.0,2.3777554691664767e-09
17673.0,4.190064333447983e-11
17674.0,2.8216165838761846e-11
17675.0,9.903186009025335e-09
17676.0,7.820285140960293e-10
17677.0,1.8470217650304757e-10
17678.0,7.019843278040073e-08
17679.0,2.65356928862641e-08
17680.0,1.2700080425445556e-06
17681.0,8.634633699627569e-10
17682.0,2.5758729845411597e-10
17683.0,1.01544417925164e-08
17684.0,3.828222732495983e-10
17685.0,5.4000633634844135e-11
17686.0,9.426723571773014e-10
17687.0,3.697867531925481e-07
17688.0,1.6216254501693174e-10
17689.0,1.4250446408027068e-12
17690.0,2.0870456851532105e-10
17691.0,1.7222446011564767e-14
17692.0,2.561887398660131e-10
17693.0,2.4122832745303036e-14
17694.0,8.260462029763054e-13
17695.0,2.0003588833667983e-09
17696.0,3.6089313981779115e-10
17697.0,2.1602488845304404e-07
17698.0,1.5399704203562689e-07
17699.0,1.5825001434834764e-12
17700.0,5.772120117262443e-13
17701.0,4.733553695280511e-10
17702.0,7.778981063654418e-12
17703.0,6.701666711513181e-12
17704.0,2.4275683091723644e-12
17705.0,1.6528012289192887e-12
17706.0,1.893798200237312e-12
17707.0,2.0105641784340127e-11
17708.0,1.1904167632975265e-11
17709.0,1.4795944247361187e-11
17710.0,3.195474435142345e-11
17711.0,8.535396869421138e-13
17712.0,1.9870905285809275e-09
17713.0,1.3516082743779807e-12
17714.0,1.446289855707233e-10
17715.0,9.578233106384176e-09
17716.0,3.301891487636712e-06
17717.0,2.839549668901504e-09
17718.0,6.098930044970954e-07
17719.0,1.5089990425345082e-10
17720.0,4.221709028065796e-11
17721.0,3.060657362013755e-08
17722.0,2.8298604613276972e-09
17723.0,4.6875351964797925e-09
17724.0,4.3887706635137173e-07
17725.0,1.4159167974770423e-11
17726.0,1.6052707979115414e-08
17727.0,9.44267328169249e-10
17728.0,5.855489183825271e-13
17729.0,4.165439480568784e-13
17730.0,1.416122083544178e-11
17731.0,6.497818434854769e-15
17732.0,6.416513963941781e-09
17733.0,1.0931686824518013e-13
17734.0,5.122672715993839e-12
17735.0,8.925901318622515e-12
17736.0,2.713072666711909e-12
17737.0,7.350217740525e-10
17738.0,3.3540637442006415e-09
17739.0,1.980870462996739e-10
17740.0,1.6147845873443223e-07
17741.0,3.630860221499609e-08
17742.0,1.4478976894116694e-07
17743.0,2.0176936735990894e-08
17744.0,7.16068050766256e-10
17745.0,4.500083536224959e-12
17746.0,3.1387819262875004e-14
17747.0,4.5016484029067713e-07
17748.0,1.0596183365430663e-11
17749.0,3.179160406998535e-09
17750.0,1.1395329150951067e-09
17751.0,7.728635048047214e-13
17752.0,3.8520717329039484e-11
17753.0,3.572038503671053e-08
17754.0,1.4417281821215666e-07
17755.0,1.548934653727693e-07
17756.0,2.0160205849436773e-08
17757.0,1.1410262346732606e-08
17758.0,1.8895708531571408e-09
17759.0,3.261611224530858e-13
17760.0,6.760568425904571e-13
17761.0,1.7557852088899384e-12
17762.0,3.0962958179109883e-12
17763.0,5.92668230719367e-06
17764.0,6.71899928539537e-08
17765.0,1.9158186946275274e-09
17766.0,1.2205868676817865e-07
17767.0,6.7460923904037315e-09
17768.0,1.231159347778742e-07
17769.0,7.688000142590326e-09
17770.0,6.204739683149978e-09
17771.0,2.6295229478454943e-09
17772.0,9.654431822837265e-06
17773.0,3.1897036360068307e-10
17774.0,4.575928539992209e-11
17775.0,1.8049469270995017e-11
17776.0,4.6827534294429827e-07
17777.0,4.685869326733217e-09
17778.0,1.3130938292402573e-10
17779.0,2.3270983918250735e-07
17780.0,3.982559659495104e-12
17781.0,9.122279251268673e-13
17782.0,3.0724404191038354e-09
17783.0,1.3112949341070363e-11
17784.0,5.460667525034895e-09
17785.0,5.04029268728026e-12
17786.0,1.2786622029422968e-11
17787.0,1.1994958675743752e-10
17788.0,2.2028545491532693e-09
17789.0,7.546438743799851e-09
17790.0,3.738042619411572e-11
17791.0,1.3009755773629376e-09
17792.0,2.8525212971024034e-10
17793.0,1.5496675396881603e-07
17794.0,3.9499949075316605e-09
17795.0,6.836087683841316e-12
17796.0,3.086170904922155e-11
17797.0,1.2105070742336934e-08
17798.0,3.274387654532058e-13
17799.0,2.2933388150116007e-11
17800.0,5.519985958143071e-09
17801.0,1.5109358179190412e-09
17802.0,5.711382326637448e-10
17803.0,7.830288836782017e-08
17804.0,1.8084360674071772e-11
17805.0,9.831025793760665e-12
17806.0,4.999729115260719e-09
17807.0,3.699431088336501e-10
17808.0,2.6622486705048783e-10
17809.0,1.6815782528054073e-10
17810.0,6.841443238839002e-11
17811.0,1.9710292851330378e-10
17812.0,7.12527829851778e-11
17813.0,5.485298438021546e-09
17814.0,1.1126484483539173e-11
17815.0,4.4668089608088307e-10
17816.0,1.5295077791330714e-08
17817.0,3.183010930220361e-10
17818.0,5.870312335053129e-10
17819.0,5.05302668182904e-10
17820.0,1.1130832489239623e-05
17821.0,3.2347859515390495e-11
17822.0,1.0693193044982197e-09
17823.0,1.6107524292923223e-11
17824.0,1.905315916750157e-09
17825.0,7.2250606012874095e-09
17826.0,3.7406084154654364e-11
17827.0,3.5521752408964917e-06
17828.0,5.213192058734818e-13
17829.0,5.059601396980223e-08
17830.0,2.434406274449472e-10
17831.0,6.801823174884351e-10
17832.0,2.9603572177282625e-09
17833.0,4.2189718635303456e-10
17834.0,9.566400949036988e-10
17835.0,6.32885031390285e-14
17836.0,8.709194022954298e-11
17837.0,3.005699400265153e-08
17838.0,7.714668674580418e-13
17839.0,6.336717963731722e-10
17840.0,4.145114445332036e-11
17841.0,9.204785624091929e-10
17842.0,5.4893435816337e-10
17843.0,2.0507015184033553e-07
17844.0,6.237432781123343e-10
17845.0,2.5263551541978172e-11
17846.0,9.19904900759742e-11
17847.0,1.9873675801704018e-08
17848.0,7.542448003911838e-09
17849.0,7.765407504388796e-05
17850.0,2.420248272601194e-08
17851.0,2.1335935706858512e-10
17852.0,5.046998442715334e-10
17853.0,2.573597077803458e-13
17854.0,1.3114409153286193e-10
17855.0,6.290555222060112e-11
17856.0,1.3028302346508534e-07
17857.0,8.294002053238916e-13
17858.0,1.405626230776459e-07
17859.0,3.2429045328495884e-08
17860.0,1.8383881123480534e-06
17861.0,2.2391074313423552e-10
17862.0,1.732130936421781e-11
17863.0,3.1395771025275265e-12
17864.0,1.034749436482759e-09
17865.0,1.9876866824472308e-08
17866.0,2.6777200139840995e-11
17867.0,3.0176573065702367e-11
17868.0,1.6672903203968188e-10
17869.0,7.417361847915817e-11
17870.0,1.7658080064874198e-12
17871.0,1.0981031714545787e-08
17872.0,1.5644511900477565e-11
17873.0,4.721451006801195e-09
17874.0,3.6261746593974194e-08
17875.0,4.20278668224758e-08
17876.0,8.781893229852893e-10
17877.0,2.7038971604740968e-11
17878.0,1.4964817222374318e-10
17879.0,1.6846947546935038e-09
17880.0,1.4164654795499233e-12
17881.0,3.3591060276642284e-09
17882.0,5.451674867321698e-09
17883.0,1.9983145252893258e-11
17884.0,2.866938320636315e-08
17885.0,8.045090048932287e-10
17886.0,1.1490172278486454e-09
17887.0,9.695555642903743e-12
17888.0,1.511931653224008e-07
17889.0,2.1401802501012426e-08
17890.0,5.947644036398531e-13
17891.0,7.878772381956605e-13
17892.0,9.75598410304915e-14
17893.0,2.7809523615315467e-12
17894.0,1.914374820726981e-09
17895.0,1.1518578267295743e-10
17896.0,4.762957965700726e-10
17897.0,4.379926728854512e-08
17898.0,5.250199046932239e-07
17899.0,2.014265921603355e-09
17900.0,6.966281863822945e-09
17901.0,8.580720700505138e-11
17902.0,5.227769977100712e-13
17903.0,6.326566849735484e-10
17904.0,7.142980899110557e-12
17905.0,3.4082814623035026e-10
17906.0,4.785393522997001e-09
17907.0,3.7971620025104765e-10
17908.0,1.852509597100963e-11
17909.0,2.4190963283141323e-10
17910.0,8.408429255732878e-10
17911.0,2.4608713611848156e-06
17912.0,1.2655514169639368e-11
17913.0,5.0681183044110725e-12
17914.0,1.3300234763986417e-12
17915.0,7.219842282764867e-10
17916.0,3.4467325507280697e-10
17917.0,5.719248570099191e-08
17918.0,4.367627234548577e-09
17919.0,3.277178220918237e-09
17920.0,1.3915317028344263e-10
17921.0,7.692263542870636e-10
17922.0,2.3686689663401775e-10
17923.0,2.497756562286637e-11
17924.0,6.427873765625078e-09
17925.0,6.009718849061684e-10
17926.0,2.6154309815765657e-10
17927.0,1.1671669201944345e-11
17928.0,1.1610828498897441e-07
17929.0,2.8977715702367947e-09
17930.0,7.156618839293056e-08
17931.0,3.699315755505991e-08
17932.0,4.610721272555878e-09
17933.0,2.8504886094799815e-10
17934.0,1.3113468842356244e-10
17935.0,4.1465685607383715e-09
17936.0,6.002594960409007e-11
17937.0,1.9255010495525607e-12
17938.0,1.3857692017888095e-08
17939.0,7.935626774389318e-09
17940.0,1.3458955972683977e-07
17941.0,5.803593920679527e-10
17942.0,1.6073022150398076e-08
17943.0,2.0879266578444048e-11
17944.0,3.599343773991881e-10
17945.0,1.489447137551708e-08
17946.0,1.9862030084982753e-10
17947.0,5.435255002223618e-12
17948.0,1.6499303072137258e-12
17949.0,1.4829598173090605e-12
17950.0,8.220589579131802e-10
17951.0,7.992744820519697e-10
17952.0,1.6110302482101797e-09
17953.0,6.840800537436947e-08
17954.0,1.3155460172595252e-11
17955.0,4.795589790410371e-11
17956.0,7.601212843203755e-13
17957.0,3.796579720194442e-10
17958.0,3.1501176144252787e-09
17959.0,8.290946040387781e-10
17960.0,1.5579478258035507e-09
17961.0,3.7229513026349054e-10
17962.0,2.030354339497645e-11
17963.0,2.5373113105469575e-09
17964.0,1.2361350211577245e-10
17965.0,4.2389511668500884e-14
17966.0,2.987901786176723e-08
17967.0,7.219479834974585e-10
17968.0,3.7233565399870874e-13
17969.0,2.1816388098308792e-06
17970.0,5.9783054894682525e-09
17971.0,3.6075960207014633e-10
17972.0,1.897327695299741e-11
17973.0,2.1892504568415504e-13
17974.0,1.0346895848258605e-07
17975.0,1.1973100003804893e-10
17976.0,6.753032523252155e-14
17977.0,2.9074372177792133e-10
17978.0,1.4850055886506989e-08
17979.0,6.53707598352504e-09
17980.0,5.953584948717605e-16
17981.0,1.1941940218868092e-09
17982.0,1.909769458520133e-09
17983.0,1.0294923768737714e-08
17984.0,3.670994067804729e-08
17985.0,1.9697213908378722e-13
17986.0,7.199050565170107e-11
17987.0,1.9039229326928505e-08
17988.0,1.868473760269752e-12
17989.0,9.748197492810643e-09
17990.0,2.7503041444030227e-10
17991.0,1.9579119854197495e-09
17992.0,8.386500877188223e-13
17993.0,6.730837908694433e-08
17994.0,1.8257641685290056e-09
17995.0,2.51018870278387e-06
17996.0,4.869618006986513e-11
17997.0,1.1474641457830375e-09
17998.0,7.84434035446294e-10
17999.0,4.183473372286612e-07
18000.0,4.8321403379382706e-14
18001.0,4.67335330905245e-09
18002.0,7.070374584825535e-11
18003.0,1.1637200319152085e-11
18004.0,9.191412216269137e-09
18005.0,6.817377513949636e-10
18006.0,2.419728809878619e-10
18007.0,9.877784275401937e-08
18008.0,6.071585356132134e-10
18009.0,5.8610780011189564e-12
18010.0,4.314846380053268e-10
18011.0,8.708105798045708e-10
18012.0,8.08772938342173e-09
18013.0,4.5035709978206556e-10
18014.0,3.0578760099459636e-08
18015.0,2.4656670396062497e-12
18016.0,2.0390935050431523e-13
18017.0,3.887125933683073e-11
18018.0,1.6603752454105468e-11
18019.0,1.268859599904913e-10
18020.0,2.8871126851027485e-13
18021.0,7.859558845291321e-12
18022.0,2.5139592432719777e-12
18023.0,1.203063811465419e-08
18024.0,8.108666494723443e-10
18025.0,1.1131517306085417e-06
18026.0,7.065590260787938e-13
18027.0,5.336930840337589e-14
18028.0,1.4243744399131512e-10
18029.0,2.1405440419313695e-08
18030.0,2.370512523490389e-10
18031.0,5.982850882398638e-09
18032.0,4.98343353743211e-09
18033.0,2.4288957657121726e-10
18034.0,5.506458668550178e-11
18035.0,2.1460441058091575e-07
18036.0,1.620203555527858e-09
18037.0,1.3000259483420573e-08
18038.0,4.1351671950401475e-12
18039.0,2.9274140661966405e-11
18040.0,1.629130519330941e-08
18041.0,5.772124387280315e-11
18042.0,6.038237011523371e-08
18043.0,2.3258035464022895e-09
18044.0,3.897253539579373e-09
18045.0,4.40306799561513e-10
18046.0,1.2488092545639953e-11
18047.0,3.3930840209795793e-09
18048.0,2.220680540476345e-11
18049.0,2.4617015927531243e-14
18050.0,7.607277441869369e-11
18051.0,7.845126268491912e-11
18052.0,3.318251618653752e-05
18053.0,2.9816614815472846e-06
18054.0,9.296454665430064e-05
18055.0,8.281183523402613e-09
18056.0,1.2362641497568365e-11
18057.0,1.5637983864075034e-10
18058.0,1.142105378207906e-11
18059.0,6.801602910295632e-10
18060.0,1.408730458615677e-13
18061.0,1.1990234145005047e-07
18062.0,1.1697039742305276e-12
18063.0,1.2013684974765955e-09
18064.0,5.610604677985108e-10
18065.0,2.5906974267149874e-10
18066.0,1.0065623656177096e-08
18067.0,4.310640842506634e-07
18068.0,1.0832429079337785e-09
18069.0,6.77465989099733e-10
18070.0,1.467332940941176e-09
18071.0,5.7383766732292775e-11
18072.0,2.0534241761025852e-09
18073.0,4.64910008298618e-10
18074.0,3.9951909237172944e-10
18075.0,3.186736302496798e-09
18076.0,1.1845870981317707e-09
18077.0,9.687823251951597e-12
18078.0,7.086145613895754e-08
18079.0,6.28790081735044e-10
18080.0,6.383723401628981e-08
18081.0,2.259307004392285e-09
18082.0,3.1372158086481354e-11
18083.0,3.1222822852330754e-05
18084.0,2.136590585793687e-09
18085.0,1.193419324685411e-08
18086.0,2.8706823742292546e-10
18087.0,1.8256157495498586e-08
18088.0,1.2340395583806408e-10
18089.0,2.971831389978524e-08
18090.0,1.2026532943456665e-11
18091.0,1.2161610000862606e-12
18092.0,3.213550154095e-08
18093.0,2.5558784009233763e-09
18094.0,3.0486164486744504e-08
18095.0,1.5914887936075656e-12
18096.0,5.6541043774966344e-15
18097.0,3.852787567840029e-08
18098.0,4.1969058681950576e-08
18099.0,4.830037777339985e-08
18100.0,3.926042407113086e-06
18101.0,2.4376677554395273e-08
18102.0,2.4696267741445076e-08
18103.0,3.9385552210927365e-05
18104.0,5.663981989220331e-07
18105.0,0.003551280840411231
18106.0,4.128121690529358e-06
18107.0,0.00021207688864924995
18108.0,2.0103080497767463e-12
18109.0,2.5461786915117594e-13
18110.0,1.8086274878778758e-08
18111.0,8.372917575261893e-11
18112.0,3.1493426704301784e-15
18113.0,2.1970085913356303e-13
18114.0,2.3119825148706385e-12
18115.0,1.3937462458686238e-11
18116.0,2.0512039965855486e-12
18117.0,4.673690170431532e-14
18118.0,1.1773050528217033e-08
18119.0,1.3265352456618822e-08
18120.0,3.918468991210175e-10
18121.0,1.5817110272291142e-11
18122.0,1.2390829870697687e-10
18123.0,1.0822438322641067e-12
18124.0,8.131064130352253e-09
18125.0,4.491410966445976e-08
18126.0,1.0034314232584238e-07
18127.0,3.062265529828961e-08
18128.0,1.3537265356930746e-12
18129.0,6.589096545615536e-08
18130.0,1.1114590729771157e-06
18131.0,1.2970821093190909e-08
18132.0,9.043028909483206e-12
18133.0,3.931377633215935e-07
18134.0,9.518217174464196e-10
18135.0,1.4155707277817908e-08
18136.0,7.1954531982847e-10
18137.0,3.2509976956419316e-07
18138.0,4.224021910442702e-10
18139.0,9.344438829680868e-10
18140.0,4.4942213768930394e-15
18141.0,1.3947294317377883e-09
18142.0,9.445082534403096e-09
18143.0,4.964768338814019e-10
18144.0,1.828956483652068e-12
18145.0,1.582110371248941e-11
18146.0,2.6288951665280722e-11
18147.0,2.3277885465403346e-08
18148.0,9.309087719213732e-09
18149.0,1.2812106374595137e-07
18150.0,3.6519571792928154e-11
18151.0,2.4266623675431904e-08
18152.0,1.1883428114386101e-05
18153.0,1.5216121885993483e-12
18154.0,1.556621275234463e-07
18155.0,1.4660509301057566e-07
18156.0,1.771053447851643e-06
18157.0,1.0784783186169583e-09
18158.0,9.128540129382496e-12
18159.0,9.20135943671287e-09
18160.0,1.7281516923665657e-16
18161.0,2.3742925283142217e-10
18162.0,1.5280078258379245e-06
18163.0,0.026902765160332666
18164.0,5.436783050160112e-08
18165.0,7.482191182903129e-08
18166.0,1.6068664319687498e-07
18167.0,0.0001204064223269392
18168.0,9.301524183627404e-15
18169.0,2.8682903755557142e-12
18170.0,3.0612010311427635e-11
18171.0,2.3929031658750054e-10
18172.0,3.858493459933034e-12
18173.0,1.6648628744525832e-10
18174.0,3.4199642077803926e-17
18175.0,8.195498048634485e-14
18176.0,8.904014001932433e-12
18177.0,5.12998113177778e-12
18178.0,9.423533266489515e-13
18179.0,5.473312084142468e-13
18180.0,2.791545665310156e-09
18181.0,2.4509684182089076e-08
18182.0,1.609916400962628e-07
18183.0,2.504035644698776e-10
18184.0,1.46815760985643e-12
18185.0,1.4194284728472369e-11
18186.0,1.3263742807785647e-13
18187.0,5.472298271137687e-11
18188.0,1.7220831105623207e-06
18189.0,2.8123869152954526e-07
18190.0,8.475855193815917e-13
18191.0,1.9043839061687966e-11
18192.0,1.6773508215197264e-12
18193.0,2.232570409436463e-14
18194.0,1.0131038345351542e-10
18195.0,4.644700484859703e-09
18196.0,3.6926417403851335e-11
18197.0,4.7203572113847924e-14
18198.0,1.78453233027457e-12
18199.0,1.8253351992188316e-08
18200.0,3.275997567612602e-08
18201.0,4.858220725609345e-11
18202.0,2.2723128512968717e-10
18203.0,1.3748777319139082e-11
18204.0,1.0589549210896188e-12
18205.0,5.391958426515908e-13
18206.0,2.9049369101887652e-11
18207.0,1.2816174330196065e-14
18208.0,6.053233522190324e-13
18209.0,1.3427147325039481e-11
18210.0,3.831838430060383e-13
18211.0,1.698068021649319e-13
18212.0,7.383864012611516e-16
18213.0,6.205251852871954e-15
18214.0,1.245066293992604e-13
18215.0,3.2995057610478715e-14
18216.0,6.088663861946222e-09
18217.0,3.869446417025801e-14
18218.0,1.3814932438581186e-11
18219.0,2.1860845189017786e-10
18220.0,1.4545948777475464e-14
18221.0,3.6075364073678975e-14
18222.0,1.7345161009271919e-13
18223.0,2.3978966964140696e-13
18224.0,3.7179718573616147e-13
18225.0,3.1649360054645336e-11
18226.0,2.5062424692786226e-12
18227.0,1.1733911087413254e-12
18228.0,7.430145443548472e-15
18229.0,1.9012982903675143e-12
18230.0,2.061687761744643e-11
18231.0,1.3395328481663887e-13
18232.0,2.493017508009139e-10
18233.0,3.660146723559006e-10
18234.0,3.0671909345314036e-11
18235.0,9.049336643575371e-11
18236.0,6.776821484048918e-11
18237.0,2.1650243059571367e-13
18238.0,5.1088237654021886e-08
18239.0,1.284240015373774e-09
18240.0,5.45361995254448e-09
18241.0,1.6118612027546745e-12
18242.0,0.0008931299195706163
18243.0,4.6239772940653766e-10
18244.0,5.3434262633921534e-08
18245.0,9.64852053282856e-15
18246.0,1.960533508814422e-09
18247.0,2.155833655566833e-07
18248.0,1.1939693912908086e-10
18249.0,9.963943706302485e-11
18250.0,7.534322456636011e-09
18251.0,5.0165136045173667e-08
18252.0,0.00023990234362889474
18253.0,8.093509671482959e-07
18254.0,4.968898255152694e-10
18255.0,1.755135856893657e-08
18256.0,5.134886202263255e-09
18257.0,8.057490775770093e-11
18258.0,7.312615450183102e-09
18259.0,7.645382159873891e-12
18260.0,1.044446155284976e-06
18261.0,4.4814848737560763e-10
18262.0,1.6237274802997195e-09
18263.0,8.968561484744288e-12
18264.0,2.3827087818431664e-12
18265.0,2.4970395628455025e-09
18266.0,6.275842151580282e-11
18267.0,8.48678436586406e-15
18268.0,1.2560354806094547e-11
18269.0,1.2365508207829936e-09
18270.0,5.283124945030818e-13
18271.0,2.9348185488814613e-05
18272.0,5.338200785949547e-13
18273.0,2.621249920970917e-11
18274.0,7.69445044360799e-12
18275.0,4.1309248495835083e-13
18276.0,4.5335618769103764e-13
18277.0,1.5464427137432478e-09
18278.0,1.15543234673994e-12
18279.0,1.6038769714200737e-06
18280.0,7.904229550441294e-08
18281.0,2.0363543074943436e-08
18282.0,1.5642938131761423e-07
18283.0,1.041395219292028e-07
18284.0,2.8490533731070147e-06
18285.0,5.642320070288933e-07
18286.0,6.812589613284503e-10
18287.0,1.3794735128950139e-08
18288.0,0.00040318395374966604
18289.0,3.903495213007623e-11
18290.0,2.938532494719139e-10
18291.0,0.0003653782784437131
18292.0,5.071693360210345e-15
18293.0,2.1269524436830556e-08
18294.0,3.455320681129775e-08
18295.0,4.448687774025405e-06
18296.0,0.0001695110826611187
18297.0,1.788545386554269e-08
18298.0,1.3752198188205534e-10
18299.0,2.214606120914884e-05
18300.0,3.973761272425597e-08
18301.0,2.094990669291389e-09
18302.0,2.0079065749386652e-14
18303.0,8.078345018704132e-13
18304.0,5.570546281645138e-10
18305.0,7.669342389614495e-10
18306.0,6.657116624863607e-08
18307.0,3.781460020249376e-15
18308.0,9.585609978525189e-17
18309.0,2.139580971871997e-11
18310.0,7.440841653164654e-13
18311.0,1.1036579998393453e-08
18312.0,2.0491924798614487e-06
18313.0,1.3497858714445201e-08
18314.0,0.00020385388062703366
18315.0,1.4980304892171826e-08
18316.0,1.144973124539242e-09
18317.0,0.00044979608833157445
18318.0,4.904746606898069e-10
18319.0,8.722947547001387e-07
18320.0,0.06744327422466322
18321.0,0.0006940859475541241
18322.0,2.8287945509524667e-05
18323.0,4.294088251551764e-06
18324.0,4.6214715400664756e-07
18325.0,4.4947657221122713e-10
18326.0,1.2537532403766235e-07
18327.0,3.116647999289736e-08
18328.0,5.51654329389982e-10
18329.0,4.4946690334207184e-17
18330.0,5.871909396225996e-06
18331.0,0.00014687017079583227
18332.0,1.0045375690391694e-09
18333.0,2.1841198192955356e-14
18334.0,3.77857987491022e-10
18335.0,4.368117041596942e-12
18336.0,1.0855072424992925e-06
18337.0,1.200413286371077e-07
18338.0,1.342003907578232e-06
18339.0,3.912309033973861e-09
18340.0,1.6407935191814824e-05
18341.0,2.3121675352634385e-11
18342.0,1.7013630399639095e-08
18343.0,4.564859680014057e-08
18344.0,7.15532777402014e-09
18345.0,2.606022252900058e-05
18346.0,7.40850157959442e-16
18347.0,1.2163659642356873e-13
18348.0,1.0174742191562053e-11
18349.0,4.4579578851636034e-12
18350.0,4.952967278408098e-15
18351.0,4.904701725117931e-13
18352.0,7.263932916789173e-12
18353.0,2.8339377057146748e-14
18354.0,4.084850844156399e-09
18355.0,2.4849759468614824e-14
18356.0,1.1459073942209153e-14
18357.0,3.1354834218287736e-15
18358.0,9.548407894241468e-13
18359.0,1.8291712294586995e-10
18360.0,1.7557352342926483e-17
18361.0,1.541365360396585e-15
18362.0,3.5256572306021717e-16
18363.0,1.5483805660922848e-14
18364.0,6.409931213748778e-13
18365.0,1.4184060442646734e-13
18366.0,1.2168314776505913e-13
18367.0,3.0523220850933576e-10
18368.0,2.4035138174148873e-06
18369.0,4.1980959376940704e-11
18370.0,4.830508232656757e-07
18371.0,3.788622524692235e-18
18372.0,4.38644148467017e-16
18373.0,1.3802073366576748e-12
18374.0,1.5052024482016197e-14
18375.0,4.7644222487709206e-14
18376.0,6.875378862642397e-16
18377.0,9.529159173748063e-18
18378.0,2.528503900099548e-12
18379.0,4.272772208356996e-12
18380.0,7.282993172238629e-16
18381.0,4.560798155868296e-13
18382.0,3.611796550463105e-15
18383.0,9.323692233625815e-14
18384.0,3.383898776085922e-13
18385.0,4.038959131893192e-14
18386.0,3.061756037516155e-14
18387.0,1.3687007496365909e-08
18388.0,5.6258939518521965e-14
18389.0,4.589619797252622e-13
18390.0,2.607660168182359e-15
18391.0,1.9207194425596743e-13
18392.0,1.0819858273993345e-15
18393.0,1.7837713123671406e-11
18394.0,3.458360300645973e-14
18395.0,4.877946956712596e-15
18396.0,2.0902300837240335e-13
18397.0,1.6751870786305797e-13
18398.0,2.1795162314790202e-13
18399.0,5.225246132388358e-15
18400.0,3.0150967318043657e-15
18401.0,9.045854703460869e-16
18402.0,4.1634396573211826e-13
18403.0,3.47660921649232e-14
18404.0,5.7495393588864784e-11
18405.0,1.980134362244127e-12
18406.0,8.943788192252103e-14
18407.0,4.092216088382897e-12
18408.0,7.299600571097085e-14
18409.0,1.9388738129523852e-10
18410.0,4.2996753650264805e-12
18411.0,4.509797190782565e-15
18412.0,1.5145303247071424e-11
18413.0,2.274983890478747e-16
18414.0,2.580152442583693e-10
18415.0,2.027533779151446e-13
18416.0,3.768365011036604e-11
18417.0,3.3652189705434615e-08
18418.0,3.5687990259384244e-11
18419.0,5.2820326795612425e-15
18420.0,9.54439924524183e-16
18421.0,1.5603213316246445e-12
18422.0,7.381856141421194e-15
18423.0,3.2955401101160348e-12
18424.0,3.7550260010377144e-13
18425.0,4.7320438446105035e-15
18426.0,8.992135920139429e-17
18427.0,3.0714833505352434e-16
18428.0,1.338211989853387e-12
18429.0,2.589302777917852e-12
18430.0,4.87155921570126e-12
18431.0,2.3211943876056178e-14
18432.0,5.575383055458549e-13
18433.0,3.5853517728471934e-11
18434.0,2.199386618517278e-13
18435.0,2.531324874034296e-11
18436.0,5.7831504333531036e-12
18437.0,3.151045361657533e-13
18438.0,3.89416610923198e-14
18439.0,1.784880949378684e-13
18440.0,5.715207847728715e-16
18441.0,6.488443815930833e-14
18442.0,4.955648280185997e-15
18443.0,3.501464028554832e-16
18444.0,2.8870077147325177e-09
18445.0,1.3465245025205033e-16
18446.0,9.679197481754462e-12
18447.0,7.156754377050418e-13
18448.0,7.956662060715816e-10
18449.0,6.443545149925588e-13
18450.0,3.730491362140256e-15
18451.0,1.3860819974564481e-12
18452.0,1.5221251667725548e-12
18453.0,7.692322603759839e-12
18454.0,2.1060567259846217e-11
18455.0,2.374381788968596e-11
18456.0,1.2334118969742739e-12
18457.0,1.4056744128321625e-16
18458.0,2.3493244984024433e-16
18459.0,1.1534599241863225e-11
18460.0,6.943299713884049e-14
18461.0,6.612655500572807e-15
18462.0,3.163067046044659e-13
18463.0,2.356879379387519e-11
18464.0,3.240288702257061e-14
18465.0,1.9397100363993983e-13
18466.0,9.06548737171656e-13
18467.0,3.6996896799769423e-13
18468.0,1.887245530711448e-14
18469.0,1.180325017839148e-10
18470.0,1.4079224621345585e-10
18471.0,1.0749586730596767e-11
18472.0,7.75841263361366e-15
18473.0,9.502020490496361e-14
18474.0,5.520253429924656e-15
18475.0,2.306811940437489e-15
18476.0,7.00621936450223e-12
18477.0,9.996633060916009e-14
18478.0,2.693749460615948e-11
18479.0,6.790750218982775e-14
18480.0,2.709130476602874e-12
18481.0,6.6879819403350315e-15
18482.0,5.117755980915641e-12
18483.0,2.3222997042379303e-14
18484.0,7.509105669342285e-13
18485.0,7.172378972335092e-13
18486.0,5.953107881814376e-13
18487.0,4.08322001901018e-18
18488.0,8.450673116853139e-12
18489.0,6.61988548265403e-17
18490.0,2.9567725173748256e-13
18491.0,1.3696810176311343e-14
18492.0,6.1455691144540035e-09
18493.0,3.1001618317366875e-06
18494.0,5.766845602661032e-06
18495.0,2.2367951061079593e-05
18496.0,9.607032553181688e-09
18497.0,4.6727005496839476e-05
18498.0,4.3385516218205605e-05
18499.0,2.146151062681217e-08
18500.0,5.942999449769002e-07
18501.0,0.02305231109148858
18502.0,9.325758771820846e-06
18503.0,7.091849591306838e-05
18504.0,7.985766408236277e-05
18505.0,3.546242538706508e-06
18506.0,5.016821254783745e-06
18507.0,6.232602695596612e-05
18508.0,0.0003259787994892419
18509.0,3.862067374864716e-06
18510.0,4.503504498429619e-05
18511.0,5.809160249151473e-08
18512.0,0.00022812853078866594
18513.0,1.7224068093430684e-05
18514.0,1.3281922440637481e-07
18515.0,5.7345227159771184e-08
18516.0,3.75968059559606e-09
18517.0,7.17846071318445e-06
18518.0,0.0017821271731888798
18519.0,3.141901983188518e-06
18520.0,8.427061424219156e-07
18521.0,1.6846475871931316e-06
18522.0,7.456259117182307e-08
18523.0,1.043007035923482e-08
18524.0,1.869253613995258e-08
18525.0,5.001253622009757e-08
18526.0,2.75763427149801e-07
18527.0,6.036347170947682e-09
18528.0,0.0001828444887952248
18529.0,1.7687355955187203e-05
18530.0,7.19192389941762e-10
18531.0,1.1909309568302272e-09
18532.0,6.195263881987232e-08
18533.0,1.910769232711263e-06
18534.0,2.6219067104779084e-08
18535.0,1.2400128072019075e-10
18536.0,1.2281010866016054e-05
18537.0,2.893018747479969e-08
18538.0,1.69547027525462e-08
18539.0,2.0017086687078583e-07
18540.0,3.622638812930852e-09
18541.0,1.99342447317345e-12
18542.0,7.856079415993408e-09
18543.0,5.99884483404158e-14
18544.0,1.6095786207175364e-11
18545.0,1.0040810440341031e-12
18546.0,1.0523661207774991e-10
18547.0,4.411395681419215e-12
18548.0,1.310031965437661e-09
18549.0,2.8749586624274364e-09
18550.0,7.481254583741308e-09
18551.0,2.8338331231104533e-11
18552.0,2.014843259144884e-10
18553.0,1.0944749435412492e-11
18554.0,2.8162525763184627e-09
18555.0,1.129874921299276e-12
18556.0,4.4132350444885843e-16
18557.0,2.7499656770791893e-12
18558.0,1.6600674023849773e-11
18559.0,2.7405076245241113e-13
18560.0,5.632254290554528e-08
18561.0,1.771409565534184e-12
18562.0,5.705919303938594e-14
18563.0,1.578156445461958e-11
18564.0,1.2964279826832941e-11
18565.0,3.815435834063341e-15
18566.0,3.621490289242617e-14
18567.0,4.060136297459179e-13
18568.0,4.405532718938819e-16
18569.0,5.559005343897899e-17
18570.0,7.980135924295268e-17
18571.0,9.470260092391723e-09
18572.0,1.4572700961980991e-12
18573.0,2.9863349085235512e-12
18574.0,3.9907058529500234e-12
18575.0,5.317027061002509e-10
18576.0,2.3849230671292432e-15
18577.0,3.1850786400866463e-12
18578.0,2.5607368767829235e-15
18579.0,2.926093726803136e-16
18580.0,3.06065623265484e-12
18581.0,3.698236458516005e-13
18582.0,3.1551586166316974e-11
18583.0,4.2291669092874057e-14
18584.0,3.9787942591527855e-16
18585.0,1.5050204779626533e-10
18586.0,1.2863541986531063e-17
18587.0,5.712187482803731e-14
18588.0,2.888811739120816e-13
18589.0,1.069767437467399e-19
18590.0,4.236316905680226e-15
18591.0,5.058836401408045e-15
18592.0,1.7905603940780803e-13
18593.0,4.3957390551579285e-11
18594.0,4.2745767266322333e-16
18595.0,2.4079414258898153e-12
18596.0,2.6950205151764814e-08
18597.0,5.20227871924475e-14
18598.0,7.463515275254012e-14
18599.0,6.710936582101232e-13
18600.0,5.672651955953563e-13
18601.0,2.405528433770923e-16
18602.0,2.1341037479445792e-17
18603.0,2.2709023162557945e-16
18604.0,2.6387547197541306e-12
18605.0,1.2003613546413039e-16
18606.0,2.3041144806990135e-20
18607.0,3.291592115284305e-21
18608.0,1.064203659314934e-14
18609.0,8.887298711267623e-20
18610.0,2.997116080715414e-14
18611.0,1.7311875327118806e-12
18612.0,8.299739726202832e-13
18613.0,3.050416502679001e-14
18614.0,8.497008380133343e-14
18615.0,2.4482490812520173e-12
18616.0,1.4861538400508636e-17
18617.0,1.6505844189820594e-13
18618.0,1.8653319207835487e-14
18619.0,8.316822513252537e-14
18620.0,1.8234749492201955e-13
18621.0,1.0412951656701898e-17
18622.0,9.933695844716503e-17
18623.0,2.2048484048776755e-11
18624.0,2.384363496469645e-16
18625.0,1.332691586656021e-15
18626.0,2.302244856377532e-15
18627.0,2.9304814190928095e-15
18628.0,8.231896638824904e-15
18629.0,0.00896859156877311
18630.0,9.126436828353566e-14
18631.0,5.824159546744626e-16
18632.0,3.367265538229361e-13
18633.0,3.802710538945652e-16
18634.0,3.929508921251422e-14
18635.0,1.7396887227306372e-16
18636.0,9.161318126242525e-13
18637.0,7.052897717011795e-15
18638.0,3.2749317217927935e-15
18639.0,1.0493495269966847e-14
18640.0,1.953571034482012e-12
18641.0,6.668765625566002e-18
18642.0,9.852844467588775e-15
18643.0,1.516422317207423e-13
18644.0,2.5306976425592333e-14
18645.0,3.152170806375631e-14
18646.0,1.083938710897576e-12
18647.0,1.0399439671068656e-15
18648.0,3.1442908994312455e-14
18649.0,1.0606161794012226e-12
18650.0,4.1742677610334246e-14
18651.0,2.7860679170024893e-14
18652.0,5.2456329373135825e-12
18653.0,6.683716036953623e-15
18654.0,1.654857662613885e-13
18655.0,1.7262129446106632e-15
18656.0,6.452727325916504e-13
18657.0,1.7724702481774133e-13
18658.0,1.3067744569506446e-10
18659.0,7.640476533919081e-16
18660.0,4.009646352049345e-15
18661.0,1.4598523732536844e-15
18662.0,4.284192529267736e-09
18663.0,7.758611774936636e-17
18664.0,2.800029040379862e-14
18665.0,2.560825749770036e-16
18666.0,4.668027891385017e-12
18667.0,1.0958697629416036e-16
18668.0,7.899821076682331e-20
18669.0,1.283720924960879e-18
18670.0,1.3235503909869412e-13
18671.0,8.85438279011478e-18
18672.0,7.652951668036008e-19
18673.0,2.0358497233033426e-17
18674.0,1.1458575266003687e-15
18675.0,1.4026626060466772e-16
18676.0,4.638092918341578e-14
18677.0,1.4318278489966758e-11
18678.0,1.8531663609050635e-18
18679.0,3.1588586632354653e-15
18680.0,5.626976721078519e-18
18681.0,1.6833695816381227e-16
18682.0,7.457891919284261e-16
18683.0,1.6421469700850446e-10
18684.0,3.431649359789652e-17
18685.0,8.092272640256954e-12
18686.0,1.5674639043251877e-11
18687.0,5.87929206887958e-14
18688.0,3.855277265026742e-17
18689.0,4.881118685501002e-13
18690.0,4.773629314793934e-11
18691.0,9.350100997960535e-08
18692.0,2.9064177411952066e-14
18693.0,9.539577935064848e-13
18694.0,1.9271210994349955e-11
18695.0,1.258374600184822e-11
18696.0,4.429885470063823e-07
18697.0,8.62102876033966e-08
18698.0,9.601206016596885e-09
18699.0,4.381651920253345e-12
18700.0,1.739921271244888e-11
18701.0,6.022884662510194e-08
18702.0,1.2078536215189514e-08
18703.0,4.837984293119996e-12
18704.0,4.1388869802285284e-08
18705.0,8.623208021833344e-14
18706.0,2.934938426410607e-09
18707.0,5.913789600043817e-16
18708.0,1.1832105244577097e-11
18709.0,4.305995137952228e-14
18710.0,1.552868487361869e-14
18711.0,4.730034327624122e-15
18712.0,1.45585126199999e-13
18713.0,5.309683699125689e-15
18714.0,9.567891009009401e-14
18715.0,3.1740213823145222e-15
18716.0,8.694635645618734e-11
18717.0,1.0171866069140947e-13
18718.0,1.8379907483224673e-08
18719.0,9.60464451166348e-10
18720.0,1.4553969847310147e-10
18721.0,1.20675385858643e-12
18722.0,6.8069377374136166e-12
18723.0,3.643951949257711e-14
18724.0,2.008778715185531e-13
18725.0,4.628751958251136e-11
18726.0,1.8892747647626713e-07
18727.0,9.494739536465438e-12
18728.0,1.9620280759742883e-08
18729.0,2.2067165815635278e-09
18730.0,6.244427773283527e-13
18731.0,4.0940004769265537e-14
18732.0,4.588651231141695e-07
18733.0,2.020977261935437e-10
18734.0,1.9240488546167568e-08
18735.0,1.3372000397251634e-11
18736.0,1.3788322862139477e-10
18737.0,1.340164373029627e-13
18738.0,9.915610761646585e-10
18739.0,1.813862084200637e-11
18740.0,6.9150309661647155e-12
18741.0,8.380045843229758e-10
18742.0,8.659244347624536e-11
18743.0,1.5179575486859128e-13
18744.0,5.243644673814914e-09
18745.0,3.539291600230618e-10
18746.0,8.906591226394122e-14
18747.0,1.8254756673210663e-07
18748.0,8.123878550044874e-09
18749.0,4.505020748297707e-12
18750.0,1.3269570143995276e-08
18751.0,4.7248466227581276e-11
18752.0,9.594653431208109e-05
18753.0,4.1610006621581406e-05
18754.0,1.0731918832496012e-07
18755.0,2.0291952366043726e-11
18756.0,4.862831766563437e-07
18757.0,2.6043839895324325e-06
18758.0,6.60583794777669e-09
18759.0,2.517007059244077e-09
18760.0,1.2209212973117927e-14
18761.0,2.004764675710065e-11
18762.0,1.1395633871259655e-09
18763.0,7.091740715592892e-11
18764.0,6.188895536660052e-13
18765.0,1.819017344618108e-07
18766.0,1.3234303628904932e-05
18767.0,5.327059968319529e-06
18768.0,1.0710344942428064e-06
18769.0,1.534883227895834e-10
18770.0,3.4363006033739146e-09
18771.0,6.67450319561829e-10
18772.0,4.526762862984808e-12
18773.0,8.123669154260402e-12
18774.0,4.287806017661985e-11
18775.0,8.122057510116752e-13
18776.0,3.7111776162446145e-14
18777.0,5.735628753548254e-12
18778.0,5.013362790967235e-10
18779.0,6.983108610915562e-11
18780.0,7.261693279660624e-15
18781.0,2.7861681459824e-17
18782.0,5.9068505914139944e-12
18783.0,3.2392308734241953e-12
18784.0,3.710954582719233e-10
18785.0,3.7485684762587515e-08
18786.0,6.109766608541351e-12
18787.0,0.009405999763918933
18788.0,4.901264501119381e-08
18789.0,1.5279783633953877e-10
18790.0,8.335144016133656e-08
18791.0,1.7110782325204e-09
18792.0,1.0561169525693232e-09
18793.0,1.9642329646825225e-07
18794.0,9.665729188963619e-05
18795.0,6.326243835211546e-05
18796.0,4.0035193845846087e-07
18797.0,9.881235589288643e-08
18798.0,5.7152195970898114e-09
18799.0,8.067999354833179e-08
18800.0,1.832012338020194e-06
18801.0,1.7652960862690154e-07
18802.0,2.8060864861121602e-08
18803.0,0.027136179419743403
18804.0,6.886528868670384e-09
18805.0,3.311019703937483e-08
18806.0,6.5474427445329155e-09
18807.0,4.962767744738515e-06
18808.0,1.5134431097189074e-05
18809.0,0.067004972539819
18810.0,1.0153451848939796e-06
18811.0,0.0012263390953753445
18812.0,1.365020804524194e-05
18813.0,1.8478343358504877e-08
18814.0,1.3699829433648497e-09
18815.0,4.909378979961164e-08
18816.0,6.078735591587792e-07
18817.0,8.481413536005965e-06
18818.0,7.98484645220384e-06
18819.0,2.279767422257363e-05
18820.0,5.064058508612371e-06
18821.0,0.00021262059257492864
18822.0,6.917330929166322e-06
18823.0,7.121354829855187e-08
18824.0,1.3784799220451119e-08
18825.0,0.0003694364967851142
18826.0,2.2085897542126855e-07
18827.0,2.484612559145386e-08
18828.0,7.419393586732861e-08
18829.0,0.0022743233781083653
18830.0,0.002350014797369242
18831.0,2.162821768939677e-08
18832.0,0.00018515216813835394
18833.0,0.01361762398745435
18834.0,5.062570939423907e-09
18835.0,2.81193963054973e-07
18836.0,2.333639954840763e-06
18837.0,0.00028506340599927983
18838.0,0.00011177743847239969
18839.0,3.1195881831653904e-09
18840.0,4.14453880955339e-07
18841.0,0.0003154719065573702
18842.0,2.5772331590391878e-09
18843.0,2.3683024483810385e-10
18844.0,7.605773781837918e-06
18845.0,4.4234948356971496e-08
18846.0,7.370116583095499e-08
18847.0,3.462110827431775e-05
18848.0,3.304995238619605e-07
18849.0,5.010296016347219e-07
18850.0,1.014415037055293e-06
18851.0,4.879039466642311e-05
18852.0,7.836757760758764e-05
18853.0,1.0027646651841282e-06
18854.0,2.83758003764927e-09
18855.0,2.7815201954286784e-09
18856.0,3.1433303209203064e-08
18857.0,1.5282633647333344e-07
18858.0,0.0001855404074041287
18859.0,2.1401195773973586e-06
18860.0,7.474080230444043e-07
18861.0,1.3956367951670498e-09
18862.0,7.720467928232668e-07
18863.0,1.880920415717739e-07
18864.0,3.841776228383291e-06
18865.0,3.3847644834969643e-09
18866.0,0.00013599234834316782
18867.0,1.532286360957867e-07
18868.0,0.00019679716195709885
18869.0,1.0032306788516322e-06
18870.0,1.0347386227244896e-05
18871.0,0.0002154699332972968
18872.0,2.194844470673352e-05
18873.0,3.1115008174927624e-06
18874.0,9.71652523911162e-05
18875.0,4.968845640598031e-05
18876.0,2.7426823744668717e-05
18877.0,1.0791164664751147e-06
18878.0,4.530474130627226e-06
18879.0,3.3384312785941083e-06
18880.0,1.6677292723932486e-08
18881.0,1.8938543269808954e-06
18882.0,1.3940038280353656e-08
18883.0,0.002922763929054084
18884.0,5.9769931617366e-06
18885.0,0.00012429218854504917
18886.0,1.5424755226653445e-05
18887.0,0.00029718006610772907
18888.0,8.534125945181986e-06
18889.0,0.00012059810318202023
18890.0,0.00256572257483192
18891.0,0.032933710060797115
18892.0,1.0410724073100765e-05
18893.0,0.05463737154250861
18894.0,3.900304883843622e-10
18895.0,5.283494381578853e-10
18896.0,2.388183410514781e-12
18897.0,1.4034246096213655e-15
18898.0,5.295413988987508e-14
18899.0,1.1956651096588003e-11
18900.0,2.168745513383716e-12
18901.0,2.5759028347886223e-12
18902.0,1.8113550766402704e-14
18903.0,6.118220676127385e-14
18904.0,1.6017056256228546e-13
18905.0,1.879225476003775e-12
18906.0,1.4821105141282906e-13
18907.0,9.73683530879147e-10
18908.0,3.374742803143199e-11
18909.0,2.174252326699921e-10
18910.0,2.2701405903104434e-10
18911.0,5.635009603120666e-12
18912.0,3.80378672663354e-12
18913.0,9.292709629101883e-14
18914.0,2.676838196291835e-11
18915.0,1.6770663966908408e-13
18916.0,5.189766161371268e-12
18917.0,1.8966089340289894e-11
18918.0,3.102893507101783e-10
18919.0,1.3209090723144246e-11
18920.0,3.7290947175287035e-08
18921.0,1.0268736826882677e-11
18922.0,4.140982002416626e-10
18923.0,1.415055899827626e-11
18924.0,1.8965369958422366e-09
18925.0,6.611458213087921e-10
18926.0,8.568923907566104e-14
18927.0,1.736188743269375e-09
18928.0,3.0645342704564456e-11
18929.0,1.4701489358589859e-12
18930.0,2.1579762996776718e-10
18931.0,4.133778521980376e-10
18932.0,9.554945844352307e-08
18933.0,1.3545672511100156e-12
18934.0,1.9648205171191786e-11
18935.0,2.231729983679628e-13
18936.0,2.163639852734915e-10
18937.0,2.157662226194883e-11
18938.0,6.802150384255459e-10
18939.0,6.970165423755834e-12
18940.0,3.2427273717700516e-09
18941.0,1.287853822575177e-08
18942.0,0.0002634924341396747
18943.0,7.785268749853129e-06
18944.0,4.565074126904639e-06
18945.0,3.193633842102104e-09
18946.0,2.893136712282301e-05
18947.0,2.392679189456605e-10
18948.0,4.907819356341227e-07
18949.0,7.926721541460249e-06
18950.0,2.056976730413084e-08
18951.0,1.2492753090904751e-08
18952.0,1.605987554250706e-05
18953.0,2.804334689736063e-13
18954.0,3.024350480228547e-09
18955.0,8.322680767312564e-07
18956.0,4.996837897905937e-13
18957.0,3.872288943811981e-12
18958.0,2.494038756548194e-08
18959.0,3.9450905941749127e-13
18960.0,1.2287160578187455e-09
18961.0,1.3136110075179188e-10
18962.0,1.1203845634133828e-12
18963.0,3.061833221072189e-11
18964.0,6.187248953088997e-11
18965.0,1.0870582564303825e-12
18966.0,6.732047380941194e-12
18967.0,5.866823361596258e-12
18968.0,1.4500544937003602e-10
18969.0,8.734845522902412e-09
18970.0,3.6939512334888794e-14
18971.0,1.028227060351404e-10
18972.0,2.260056837545413e-11
18973.0,8.036097121203206e-13
18974.0,1.4117106381383223e-12
18975.0,1.2572319164113393e-12
18976.0,1.620656978421309e-09
18977.0,8.240500860614257e-18
18978.0,1.4232878530489193e-10
18979.0,2.2133732550336942e-08
18980.0,5.937674528031599e-13
18981.0,6.732993293996343e-13
18982.0,1.0698661852308576e-16
18983.0,3.501760271845208e-16
18984.0,4.0227854002959255e-14
18985.0,1.5238818707026574e-09
18986.0,7.92223088976025e-10
18987.0,2.0801823835864041e-10
18988.0,3.0014073402183635e-11
18989.0,1.9406990117083962e-14
18990.0,1.4986014811446483e-12
18991.0,8.468720819171155e-09
18992.0,3.046744725746721e-07
18993.0,4.027367605281617e-09
18994.0,1.0418573932371118e-10
18995.0,2.1706250822159974e-06
18996.0,1.1580541057674578e-05
18997.0,2.2988593178539522e-07
18998.0,5.4068019681365265e-12
18999.0,1.5255215615349936e-13
19000.0,7.956507689328033e-06
19001.0,1.200311114380766e-07
19002.0,2.9424248609545325e-09
19003.0,1.3314336567436326e-06
19004.0,1.2834136846605686e-07
19005.0,1.1372884557082543e-06
19006.0,6.259910842074555e-05
19007.0,2.0492167529801136e-11
19008.0,1.1842568649757742e-12
19009.0,2.191714543167311e-05
19010.0,4.395340466589762e-09
19011.0,0.005174178458909673
19012.0,0.00045189949901298243
19013.0,4.1716731352244015e-10
19014.0,1.940783605625759e-15
19015.0,1.1055335593913641e-10
19016.0,2.256723728276775e-08
19017.0,1.0416293161367962e-09
19018.0,8.64573747571664e-09
19019.0,6.150083289366844e-10
19020.0,7.99190949027912e-11
19021.0,4.0517302871180274e-12
19022.0,4.332688304540285e-11
19023.0,2.247340444769011e-10
19024.0,1.9892043757689554e-10
19025.0,2.125166710643176e-11
19026.0,5.129786662293785e-10
19027.0,1.0668008406996174e-13
19028.0,2.2385128852617915e-14
19029.0,2.1792590700587238e-08
19030.0,4.3366858358583944e-12
19031.0,4.8030489311745425e-05
19032.0,1.3923077249604389e-07
19033.0,1.7475925434860575e-06
19034.0,6.868129423769311e-06
19035.0,1.534399005219468e-12
19036.0,0.0003799672018434394
19037.0,4.958868017014489e-06
19038.0,1.7368999989759852e-05
19039.0,4.5139851677449733e-10
19040.0,3.3378291163108877e-11
19041.0,6.793950173338149e-11
19042.0,4.203424761115908e-09
19043.0,3.026432323526918e-07
19044.0,4.903949897027924e-09
19045.0,3.2021134752224162e-15
19046.0,1.3086615641357396e-10
19047.0,2.970192422417104e-09
19048.0,1.4376540332668252e-06
19049.0,9.08652001828493e-12
19050.0,1.211861821555794e-10
19051.0,1.4497604420178467e-11
19052.0,8.75170062050425e-11
19053.0,4.2105863622767666e-10
19054.0,4.102394983770929e-08
19055.0,3.2501794916648608e-06
19056.0,1.3022892190527845e-12
19057.0,1.8227064380441313e-08
19058.0,6.571654367642584e-08
19059.0,5.176696065340361e-09
19060.0,3.6452644115819526e-07
19061.0,5.5885634912747077e-05
19062.0,2.5878383720818262e-06
19063.0,3.013910805169021e-09
19064.0,3.109395083102991e-09
19065.0,9.535323576460006e-07
19066.0,2.6670456127321492e-08
19067.0,5.9267119193688045e-08
19068.0,4.071594308324934e-07
19069.0,0.014129625226731947
19070.0,2.9217725331551422e-08
19071.0,1.8719687306646376e-08
19072.0,8.382850425514699e-09
19073.0,1.1403240189273357e-07
19074.0,1.509323937157465e-07
19075.0,1.661220423904314e-08
19076.0,1.4252427500584944e-08
19077.0,1.5182242879055686e-10
19078.0,5.461556084946144e-08
19079.0,1.2345472597531535e-10
19080.0,2.979259254013669e-07
19081.0,2.1944441890406157e-10
19082.0,6.892879651443517e-11
19083.0,1.2512790211877708e-09
19084.0,2.2069488023602843e-10
19085.0,1.1197248854021609e-06
19086.0,9.870956729696865e-12
19087.0,2.0124741865620046e-08
19088.0,3.467253733370811e-10
19089.0,5.435307372902473e-10
19090.0,1.2805322915428462e-11
19091.0,4.133082017385741e-10
19092.0,1.9641732642059153e-13
19093.0,6.413999080136366e-12
19094.0,5.79604971215523e-13
19095.0,1.6982405968854533e-07
19096.0,3.6594774478701624e-12
19097.0,8.429360542099874e-11
19098.0,3.9973406203789496e-11
19099.0,5.548934586223333e-10
19100.0,3.2299591361174595e-07
19101.0,4.6169204985177265e-08
19102.0,1.6549280571887657e-09
19103.0,1.0021906611357144e-07
19104.0,3.5456120084228794e-06
19105.0,1.4331125716716805e-06
19106.0,7.980171856960595e-11
19107.0,1.000802286379589e-10
19108.0,1.8965465722568236e-08
19109.0,7.390823239635629e-06
19110.0,3.904169230668226e-05
19111.0,1.1436870188969385e-09
19112.0,1.851457298225141e-09
19113.0,8.849699115459237e-10
19114.0,2.1809644801836275e-09
19115.0,5.556534637898169e-09
19116.0,4.387820220590104e-08
19117.0,2.274675479982697e-11
19118.0,3.7508088194736375e-11
19119.0,9.43449051557153e-10
19120.0,3.980224514615964e-10
19121.0,2.837034321479569e-07
19122.0,1.1903448707865516e-09
19123.0,2.8514327170902723e-09
19124.0,1.3952892159509458e-09
19125.0,1.9550884245042604e-09
19126.0,1.754697829953438e-11
19127.0,1.0709054570548545e-10
19128.0,7.438319314191113e-10
19129.0,3.669309882442307e-10
19130.0,2.5244770627534727e-08
19131.0,3.652003410691552e-12
19132.0,4.1138859723726207e-13
19133.0,7.489197868915987e-11
19134.0,1.7937751105822313e-09
19135.0,3.3731181001838605e-10
19136.0,1.2846555682794021e-10
19137.0,1.6099762501470304e-11
19138.0,1.0663781249955101e-06
19139.0,5.428236152241708e-11
19140.0,3.165007045230968e-10
19141.0,2.5507978188029875e-10
19142.0,1.4506273454363397e-07
19143.0,1.3237597402776734e-10
19144.0,1.2198732154098355e-10
19145.0,3.53067391729098e-09
19146.0,1.1829006222483863e-07
19147.0,3.2267285859764315e-11
19148.0,3.943681725271933e-12
19149.0,7.998126173057884e-10
19150.0,2.0900345493276985e-11
19151.0,1.2328544884376077e-08
19152.0,1.013175686164555e-09
19153.0,1.0259284172374089e-10
19154.0,2.556377410399252e-09
19155.0,1.767943928840008e-12
19156.0,6.277219229463714e-12
19157.0,7.056720338732126e-09
19158.0,1.63269339245794e-07
19159.0,8.898968063634729e-13
19160.0,8.681539642345143e-14
19161.0,1.714566404170283e-08
19162.0,5.089600870826662e-07
19163.0,4.9216709851555805e-14
19164.0,8.316112658341449e-08
19165.0,7.671580659129311e-09
19166.0,1.0495881190032541e-07
19167.0,2.326249598318311e-13
19168.0,1.7917757282763095e-10
19169.0,2.991916327963958e-12
19170.0,3.681596075193928e-09
19171.0,8.163068055745835e-10
19172.0,1.2166483202989285e-12
19173.0,6.036098278420533e-08
19174.0,1.4152559468573024e-07
19175.0,6.700431346297874e-05
19176.0,1.4976686014644971e-05
19177.0,2.9432183341593597e-09
19178.0,9.699654066786734e-13
19179.0,1.2669446417771779e-09
19180.0,5.447086274590059e-13
19181.0,1.9230780176448723e-09
19182.0,7.333495577476677e-11
19183.0,4.326345692501286e-07
19184.0,1.9566095392832046e-06
19185.0,1.554662691737129e-06
19186.0,1.2359233738259926e-08
19187.0,2.955547935497922e-11
19188.0,1.2555823768259843e-11
19189.0,2.878530951503643e-10
19190.0,4.735266385072762e-09
19191.0,2.948105423378217e-11
19192.0,1.3164385573131052e-12
19193.0,5.683027933188949e-10
19194.0,7.552448118173741e-09
19195.0,2.944322840776935e-10
19196.0,9.515628146254435e-13
19197.0,2.78738970013767e-09
19198.0,2.5504954006174675e-13
19199.0,1.6251353181921132e-11
19200.0,1.8340534431581494e-10
19201.0,1.789332959383228e-09
19202.0,3.742941168756036e-10
19203.0,2.9128620371890475e-06
19204.0,2.901855559550256e-10
19205.0,5.52766598526452e-11
19206.0,1.4784127623340017e-08
19207.0,8.576682275104906e-11
19208.0,1.0238542226219553e-11
19209.0,2.866121392995033e-10
19210.0,7.231440386546935e-12
19211.0,6.857537631167185e-10
19212.0,2.8137517208244033e-13
19213.0,1.773563436609418e-11
19214.0,1.6748385256874673e-11
19215.0,4.317206504578102e-10
19216.0,1.1365458429176774e-12
19217.0,2.882481964259533e-07
19218.0,6.19447823688693e-09
19219.0,1.787172803682689e-10
19220.0,3.730454204286742e-07
19221.0,0.004623765912199077
19222.0,2.380840165675093e-07
19223.0,7.531565766744298e-08
19224.0,0.0015627672970851924
19225.0,2.307217276307023e-11
19226.0,7.343968833240465e-12
19227.0,4.835893765772589e-10
19228.0,8.622482433142227e-11
19229.0,1.1406779277309056e-09
19230.0,7.57758938283565e-13
19231.0,6.520708166424456e-15
19232.0,9.97222032613254e-13
19233.0,8.320720018023652e-11
19234.0,3.1234243926833037e-12
19235.0,9.28081142583053e-11
19236.0,6.92596869141497e-13
19237.0,5.677846796003786e-13
19238.0,6.027294117091027e-08
19239.0,1.191349569942211e-09
19240.0,3.690388717273098e-09
19241.0,1.1839922391244817e-09
19242.0,1.0507800304410515e-06
19243.0,1.9573472325734746e-08
19244.0,2.4531317500634513e-10
19245.0,1.0615153593690141e-07
19246.0,2.8489446672155595e-08
19247.0,3.9668572629871366e-11
19248.0,5.295445407234249e-13
19249.0,4.8439256595142027e-11
19250.0,1.7597670034353045e-12
19251.0,6.410173102307069e-09
19252.0,9.063893059451193e-12
19253.0,1.0468922372565074e-10
19254.0,4.1819620880143497e-13
19255.0,1.2357624462477696e-09
19256.0,1.8901993186290213e-08
19257.0,1.0293776208669655e-09
19258.0,2.5025053223172252e-12
19259.0,9.610636504225636e-11
19260.0,1.1302525716860277e-06
19261.0,1.3627564266754274e-08
19262.0,1.7957030796741348e-11
19263.0,3.956467389834812e-13
19264.0,2.3514240478562112e-08
19265.0,5.09393835803742e-10
19266.0,3.0593586546208125e-10
19267.0,3.4278882926012e-07
19268.0,2.3585678386668678e-08
19269.0,3.993274995239724e-09
19270.0,7.742176899140011e-09
19271.0,2.289747750883235e-12
19272.0,3.362838225275807e-10
19273.0,1.0295728981455195e-10
19274.0,1.1289601643813867e-10
19275.0,2.5035813174469747e-12
19276.0,2.75247754876018e-09
19277.0,2.6654423347429264e-12
19278.0,1.9645030799254913e-11
19279.0,8.37166200225442e-08
19280.0,3.4499759538524964e-10
19281.0,4.023161886018887e-12
19282.0,1.65279410212862e-11
19283.0,2.816046223856126e-13
19284.0,1.6891281160255804e-08
19285.0,1.882782693050519e-08
19286.0,2.5211909636849867e-06
19287.0,5.351772632806157e-10
19288.0,1.6379238745338718e-09
19289.0,2.5078460878047743e-09
19290.0,1.1098708026336603e-11
19291.0,5.318199265024887e-10
19292.0,2.503778563964948e-11
19293.0,9.82058998699665e-09
19294.0,3.6481001217171986e-08
19295.0,3.153114808661557e-11
19296.0,4.902679013784556e-12
19297.0,1.556948136003434e-11
19298.0,1.8688490370073221e-07
19299.0,2.865576721562565e-10
19300.0,2.5044238590392213e-10
19301.0,2.677294767809896e-08
19302.0,2.5248560943542416e-11
19303.0,2.98069819239779e-09
19304.0,5.599667133097644e-11
19305.0,4.3184696903954545e-10
19306.0,7.076748082739255e-09
19307.0,3.5054482787612254e-09
19308.0,7.883842484065731e-09
19309.0,5.190341333239389e-10
19310.0,1.230243748100057e-09
19311.0,1.3826573407549482e-10
19312.0,3.301761594057141e-09
19313.0,5.554076871469622e-09
19314.0,5.827029318845184e-10
19315.0,9.75111432926444e-08
19316.0,1.6904562139166417e-09
19317.0,1.568866916975598e-10
19318.0,3.0160122966929135e-10
19319.0,1.112969162969416e-10
19320.0,5.5612200530949574e-09
19321.0,3.0394074170938274e-08
19322.0,3.37894966342646e-11
19323.0,2.4418787807908786e-10
19324.0,3.206109402218529e-13
19325.0,2.469709051018954e-07
19326.0,1.049638988560412e-08
19327.0,2.0647026100764486e-10
19328.0,2.379537688710571e-10
19329.0,1.1302195317651539e-07
19330.0,3.170316663575532e-10
19331.0,1.5788817960063854e-10
19332.0,1.7282818652049932e-06
19333.0,6.266366571560518e-10
19334.0,2.338586657055383e-08
19335.0,1.2043154668969802e-12
19336.0,2.954329993091475e-12
19337.0,1.717802449475255e-13
19338.0,2.5657990162970196e-13
19339.0,2.262663403588376e-12
19340.0,1.1512026038020324e-10
19341.0,1.4989946682777956e-08
19342.0,3.015767630096051e-08
19343.0,1.1871158638831294e-05
19344.0,1.1217332159427139e-08
19345.0,9.382068936132133e-08
19346.0,6.983174898478796e-12
19347.0,8.825728548490053e-10
19348.0,4.2750855940134e-09
19349.0,3.387199732780774e-12
19350.0,3.3414883332325336e-10
19351.0,4.2113221301835845e-12
19352.0,1.3493127631315934e-10
19353.0,4.366669140100991e-09
19354.0,1.6079865713641457e-09
19355.0,3.736112509451699e-12
19356.0,1.2372395569667844e-09
19357.0,2.898776584717104e-10
19358.0,1.6657302220616724e-08
19359.0,1.6471084040230244e-09
19360.0,1.7093861680500677e-11
19361.0,5.080659164545619e-11
19362.0,3.358928299122275e-12
19363.0,3.973949152081448e-11
19364.0,7.837348628516697e-11
19365.0,2.6703117489053983e-10
19366.0,1.6381641842273393e-10
19367.0,8.045344861940185e-10
19368.0,8.332849819788294e-09
19369.0,3.041468453685335e-11
19370.0,5.497925091239962e-10
19371.0,1.1284321489004065e-09
19372.0,1.5857752487655726e-07
19373.0,4.66298482664723e-13
19374.0,3.511011661641864e-08
19375.0,0.022890028783350457
19376.0,1.9762565188901982e-08
19377.0,1.0239216957825025e-07
19378.0,2.5034823178273453e-10
19379.0,1.0573236023263717e-10
19380.0,3.319734644846732e-10
19381.0,1.5355035764707463e-11
19382.0,1.5749322685929085e-09
19383.0,4.7841600419891005e-08
19384.0,1.8771904018157813e-09
19385.0,4.66141986899455e-09
19386.0,1.751329381137217e-11
19387.0,1.2123036687196324e-10
19388.0,8.262036389317018e-09
19389.0,8.289203645630715e-10
19390.0,1.9052898281901208e-11
19391.0,5.978647209818262e-10
19392.0,1.991404659937165e-09
19393.0,7.027628960863613e-09
19394.0,1.1300681407814162e-09
19395.0,1.2170587999904808e-09
19396.0,7.414496410331877e-11
19397.0,2.428113765945796e-10
19398.0,1.7532763853582017e-12
19399.0,3.099234157905698e-08
19400.0,2.2052954032515105e-12
19401.0,1.8629072599706075e-12
19402.0,7.3097805185893764e-09
19403.0,1.5506015704888884e-10
19404.0,1.6833623257034836e-09
19405.0,2.670741819443883e-12
19406.0,1.4278407289844267e-11
19407.0,7.263237600870741e-12
19408.0,1.3650819820865142e-11
19409.0,4.576395593620416e-09
19410.0,7.178751496316078e-12
19411.0,6.373585814584258e-10
19412.0,1.23315581978105e-10
19413.0,1.640236705199866e-11
19414.0,5.952991673142223e-11
19415.0,3.4342973287563665e-07
19416.0,6.312472433034222e-09
19417.0,4.215857376565676e-09
19418.0,1.5343080886473907e-11
19419.0,7.009735324801209e-10
19420.0,2.294986926863938e-09
19421.0,5.944290004755775e-11
19422.0,9.990317125822088e-11
19423.0,1.0673920787286242e-08
19424.0,1.263512186189068e-07
19425.0,1.5250226878340013e-12
19426.0,2.0247031341899037e-11
19427.0,3.144605234694356e-10
19428.0,5.118941820917926e-11
19429.0,9.315249121445817e-11
19430.0,3.026096580918407e-12
19431.0,1.070203632433844e-08
19432.0,1.1607831318042636e-09
19433.0,1.1518678123009107e-09
19434.0,8.038991857577724e-12
19435.0,3.060552709547301e-08
19436.0,5.228270139213149e-10
19437.0,2.781562563296483e-11
19438.0,3.9860262485456273e-10
19439.0,1.215829621032745e-08
19440.0,1.449640400528608e-09
19441.0,1.2282474793720114e-07
19442.0,1.2933197579561655e-10
19443.0,2.4780021000207115e-13
19444.0,2.1811701155464044e-07
19445.0,5.121217470002553e-07
19446.0,3.0259840249753985e-10
19447.0,2.0476779063726657e-08
19448.0,1.57262561071544e-14
19449.0,1.1326342832702486e-08
19450.0,5.87852277278256e-12
19451.0,3.177983140856393e-10
19452.0,3.0683547477752828e-09
19453.0,6.528372638664895e-14
19454.0,1.2235611854583758e-12
19455.0,1.1439948587132057e-10
19456.0,3.782953683856838e-12
19457.0,2.3157889297344346e-10
19458.0,2.9420103670511897e-09
19459.0,6.00780210077689e-10
19460.0,6.939558778448248e-09
19461.0,3.962680243577707e-08
19462.0,6.004384737897901e-10
19463.0,1.869769537460567e-09
19464.0,1.7464537168996362e-11
19465.0,5.696730343021767e-10
19466.0,3.6538570069347165e-08
19467.0,1.1284228448186559e-11
19468.0,3.448744801595656e-10
19469.0,2.2061790627541429e-10
19470.0,3.4470016153258913e-11
19471.0,1.110176243455304e-12
19472.0,6.564380492517563e-08
19473.0,1.8448592982422184e-10
19474.0,1.064102870764364e-13
19475.0,1.9586518594758166e-10
19476.0,1.0103387457615361e-13
19477.0,1.1618268490929292e-10
19478.0,3.583975248905798e-10
19479.0,1.0156624006233952e-12
19480.0,1.027517397140007e-12
19481.0,2.357109780302494e-12
19482.0,1.334193835108328e-08
19483.0,1.4185451420923669e-09
19484.0,1.9596994381591712e-10
19485.0,4.519497993483336e-11
19486.0,6.044960806353098e-11
19487.0,5.654295679563828e-11
19488.0,3.7446425032055784e-11
19489.0,1.5881245473315778e-10
19490.0,1.7652328034479213e-10
19491.0,1.8275844290775978e-06
19492.0,1.275477256569902e-09
19493.0,2.9516648539897183e-10
19494.0,3.2228872882841556e-10
19495.0,1.0510863832244968e-07
19496.0,7.856410000391908e-10
19497.0,1.2532425100592069e-13
19498.0,4.97482132760948e-08
19499.0,2.5900792742875365e-08
19500.0,1.5858449738096333e-14
19501.0,6.845877673198344e-08
19502.0,4.2626998722093066e-09
19503.0,1.1125143497469546e-10
19504.0,2.070303766610871e-11
19505.0,1.1694768209649131e-11
19506.0,7.467209453278198e-11
19507.0,1.2038659791282357e-08
19508.0,2.5487446502968556e-05
19509.0,1.337570417345285e-06
19510.0,3.1785239622666227e-09
19511.0,4.2131631805852834e-08
19512.0,2.364504927898966e-08
19513.0,6.283286488180123e-10
19514.0,1.3992963914134167e-09
19515.0,3.8082391036456675e-12
19516.0,1.158477693203284e-12
19517.0,2.447407421148139e-12
19518.0,4.8546982770227366e-14
19519.0,1.7867004334600687e-07
19520.0,1.3205334608383285e-12
19521.0,1.065224022028454e-10
19522.0,8.150847647968972e-07
19523.0,4.362800661821357e-08
19524.0,1.6478730370146464e-08
19525.0,9.127900152204444e-11
19526.0,2.334132139564846e-08
19527.0,5.429480612685255e-10
19528.0,1.4648946860272534e-10
19529.0,5.116892151938866e-12
19530.0,3.218146185138688e-12
19531.0,4.028411833904305e-13
19532.0,9.441771956619839e-09
19533.0,2.743680690024784e-09
19534.0,3.3502681850537237e-09
19535.0,3.2427795981323416e-13
19536.0,2.4095982925819307e-08
19537.0,1.0345317984693415e-10
19538.0,1.0093002893002908e-08
19539.0,2.501877285554151e-11
19540.0,6.766126408736774e-09
19541.0,6.30283939923328e-12
19542.0,8.970810678039523e-09
19543.0,3.3989267467286092e-09
19544.0,5.723841367173047e-10
19545.0,6.446243333814329e-13
19546.0,2.2373952196824957e-08
19547.0,8.512917607931709e-05
19548.0,6.368485570276122e-08
19549.0,4.619826507683138e-11
19550.0,2.02626388332811e-09
19551.0,3.3830062612459377e-10
19552.0,4.722222387810765e-10
19553.0,3.577845515754584e-11
19554.0,3.073062600851978e-09
19555.0,2.2736221486660924e-10
19556.0,2.3856333943535175e-12
19557.0,1.1970065310414848e-13
19558.0,4.970523180755324e-10
19559.0,1.3918264720810047e-05
19560.0,1.295669361746159e-10
19561.0,4.040486200608353e-09
19562.0,1.3229964289830622e-09
19563.0,6.04646104555767e-10
19564.0,5.519594634372156e-09
19565.0,1.1734847459431848e-07
19566.0,2.372636856081307e-11
19567.0,5.14112644567906e-09
19568.0,1.6201086933111454e-12
19569.0,7.583236131821405e-11
19570.0,5.799576910426971e-09
19571.0,2.4859004427416316e-07
19572.0,1.7382188529649093e-08
19573.0,1.0623574360738573e-11
19574.0,2.1597337199553206e-09
19575.0,1.6534624388249812e-10
19576.0,3.353089687840348e-13
19577.0,1.9243802973347658e-09
19578.0,2.993864304046935e-08
19579.0,2.3603431798275343e-09
19580.0,1.2579470482080447e-11
19581.0,9.946522847907477e-10
19582.0,5.257115639949792e-13
19583.0,5.0371879919940475e-09
19584.0,2.8903516423230793e-10
19585.0,1.8242250817502098e-10
19586.0,2.287413748746129e-13
19587.0,1.383394085158649e-09
19588.0,3.3146475293011113e-09
19589.0,1.5461803321936518e-05
19590.0,9.052076557297929e-10
19591.0,1.5198951015938773e-12
19592.0,2.796978116313679e-12
19593.0,3.416478959533524e-10
19594.0,4.186922617037206e-08
19595.0,1.227777668307472e-08
19596.0,5.700871893739644e-10
19597.0,3.1436807758416224e-11
19598.0,9.764224388473431e-06
19599.0,9.527017807497107e-10
19600.0,2.4428502128520058e-11
19601.0,3.323754245032422e-08
19602.0,1.0935078824280828e-09
19603.0,2.2448204499335705e-08
19604.0,1.7917839693762397e-09
19605.0,1.0847041562432698e-10
19606.0,3.986376466277284e-12
19607.0,6.22803866910947e-09
19608.0,4.9277748148264e-12
19609.0,1.9346927835880163e-09
19610.0,1.7416334306875886e-09
19611.0,5.484484875909109e-10
19612.0,4.41427911614512e-10
19613.0,6.008235243127884e-09
19614.0,3.380027198228046e-09
19615.0,4.7191968833329565e-09
19616.0,2.018676525484062e-10
19617.0,1.1234736315577708e-08
19618.0,7.67769349145927e-10
19619.0,5.180868211067915e-12
19620.0,1.8978833904216665e-08
19621.0,4.9066240560581586e-11
19622.0,1.5155568095186694e-14
19623.0,1.4993823639750728e-11
19624.0,1.8103561675037643e-10
19625.0,4.1552890162669975e-11
19626.0,5.97456182765114e-11
19627.0,3.03887498164518e-10
19628.0,4.081564282871005e-10
19629.0,7.559658698115007e-13
19630.0,9.454896366797499e-09
19631.0,1.0622729841886943e-11
19632.0,2.632169093695121e-08
19633.0,1.4333792714053316e-09
19634.0,3.5986794831559685e-10
19635.0,3.7478101771474897e-10
19636.0,7.1501279478826385e-12
19637.0,2.3730636374481484e-08
19638.0,2.59347440549285e-11
19639.0,6.231437389794833e-12
19640.0,2.5837824188278207e-11
19641.0,7.099164335784232e-15
19642.0,8.020487777839758e-11
19643.0,3.131428223989255e-10
19644.0,2.054453880301213e-06
19645.0,3.42551089785408e-08
19646.0,2.3505969531621553e-10
19647.0,1.1021304156950759e-07
19648.0,2.0123809523600048e-10
19649.0,1.4039122078112917e-08
19650.0,1.6696512004659716e-07
19651.0,1.0696444272303372e-10
19652.0,2.884483208443064e-10
19653.0,7.157048089106457e-12
19654.0,1.643917435259885e-11
19655.0,1.3064745811250425e-11
19656.0,1.7518398518249238e-10
19657.0,1.452599241878282e-08
19658.0,2.724796778755928e-09
19659.0,1.6614960218477118e-08
19660.0,7.477917521348715e-13
19661.0,3.2288631252020124e-13
19662.0,5.261954099321693e-13
19663.0,3.319871448937183e-08
19664.0,1.2457015312780096e-11
19665.0,1.9542933902472362e-06
19666.0,5.492051786331917e-09
19667.0,3.526369121468479e-08
19668.0,3.151990777682273e-12
19669.0,5.8788251692962375e-09
19670.0,5.306180468236318e-10
19671.0,6.528374681436837e-09
19672.0,4.036416649945994e-09
19673.0,1.5251187721971417e-08
19674.0,1.2943578711068219e-12
19675.0,1.0230074518275792e-11
19676.0,2.25151049079109e-06
19677.0,8.37860482663031e-12
19678.0,5.4761613893497155e-08
19679.0,1.570317765379658e-11
19680.0,6.076450727770845e-08
19681.0,5.541235170375166e-12
19682.0,2.165349344372917e-07
19683.0,3.558265968693664e-11
19684.0,3.4977598798373064e-10
19685.0,2.5438964025973837e-07
19686.0,2.5284168536942524e-09
19687.0,8.634774975667349e-07
19688.0,1.3643076386471682e-08
19689.0,1.7873359751288885e-12
19690.0,2.3791622372379482e-06
19691.0,7.0506100785954294e-12
19692.0,8.698827936656974e-12
19693.0,5.1854158928381486e-14
19694.0,6.443678900479601e-12
19695.0,1.4794777868452918e-08
19696.0,1.9837134350003773e-09
19697.0,2.2470899115860545e-06
19698.0,1.8364713117756009e-06
19699.0,5.329207677972882e-10
19700.0,0.0024021147154055225
19701.0,2.9795723122300343e-09
19702.0,2.2781107638429092e-07
19703.0,6.6266767075337616e-09
19704.0,9.239192680547415e-10
19705.0,1.4553057169296005e-10
19706.0,2.671543529222222e-05
19707.0,4.463337585448897e-07
19708.0,9.92924911457559e-06
19709.0,2.3444264380399528e-08
19710.0,1.9626891988810617e-12
19711.0,2.9938591790284663e-09
19712.0,2.7659810715751382e-11
19713.0,8.127203387734261e-13
19714.0,1.7940551124000436e-10
19715.0,3.156768836833586e-08
19716.0,4.01255562952577e-11
19717.0,1.624386627955474e-11
19718.0,1.7947898793913018e-09
19719.0,2.982457310478652e-11
19720.0,4.7621649464903875e-11
19721.0,9.942790098132474e-08
19722.0,1.105891483859304e-11
19723.0,2.3848449726909234e-10
19724.0,1.546332763538118e-09
19725.0,3.215705662254451e-07
19726.0,1.4347375675135283e-10
19727.0,2.8090760450569853e-09
19728.0,2.7741237013320925e-06
19729.0,1.895516433539737e-11
19730.0,4.6894592687382457e-08
19731.0,8.761447782880394e-09
19732.0,2.112696854577747e-10
19733.0,4.212684099659208e-11
19734.0,3.378129831844854e-11
19735.0,3.851640055739353e-16
19736.0,6.2075214039896466e-12
19737.0,6.760894176672464e-12
19738.0,1.0826471791891052e-11
19739.0,1.6762139949961659e-09
19740.0,2.6213048053761296e-09
19741.0,2.601956078249862e-09
19742.0,1.3379128096218429e-09
19743.0,2.1524889357044995e-15
19744.0,1.3212479028654482e-10
19745.0,1.7941982248180607e-11
19746.0,1.4170047966811612e-10
19747.0,3.749421978695075e-10
19748.0,4.2872055393589055e-10
19749.0,3.254499163737166e-15
19750.0,1.4339909829083652e-10
19751.0,7.312075879866877e-08
19752.0,7.804494961953222e-10
19753.0,1.5652911757532874e-09
19754.0,5.252044958754156e-13
19755.0,2.578383208972845e-06
19756.0,1.6463062728529373e-11
19757.0,1.540179205869506e-09
19758.0,3.2718816050718663e-10
19759.0,1.266804662329452e-08
19760.0,2.2036511953870642e-12
19761.0,8.94418413803223e-11
19762.0,3.581384414484237e-10
19763.0,2.91019181600189e-10
19764.0,2.5684962013521327e-11
19765.0,4.765615906452602e-10
19766.0,8.283286177939809e-10
19767.0,4.150978774152318e-12
19768.0,2.890608133746713e-12
19769.0,9.267727998035242e-10
19770.0,1.3980806567288206e-10
19771.0,7.878908751971144e-09
19772.0,2.9149462921247774e-08
19773.0,2.2230799167829136e-09
19774.0,1.6884631062855422e-10
19775.0,7.312581185625445e-07
19776.0,1.2799854331930347e-10
19777.0,1.9330408666486104e-10
19778.0,2.3498370461226282e-09
19779.0,2.022470059673135e-14
19780.0,4.7828452773670075e-08
19781.0,2.9976994633303774e-07
19782.0,4.364895313623052e-10
19783.0,7.279975785809057e-07
19784.0,6.4674173328687e-12
19785.0,2.300614488495175e-08
19786.0,1.8626189052588758e-09
19787.0,2.485355263547127e-06
19788.0,2.667498896809615e-12
19789.0,1.1458634292248883e-09
19790.0,2.7871474686975195e-12
19791.0,6.615067109893853e-09
19792.0,2.5122844902226837e-10
19793.0,6.187263280829904e-10
19794.0,4.949795862320942e-13
19795.0,1.343080298753538e-09
19796.0,3.79699632170257e-11
19797.0,1.5569639903353906e-10
19798.0,3.0198495569512165e-11
19799.0,9.073009737367244e-11
19800.0,2.0040290621891381e-07
19801.0,7.247168390785746e-10
19802.0,4.126285942983596e-13
19803.0,7.648605863362621e-10
19804.0,4.01824282938077e-11
19805.0,1.351726614745092e-05
19806.0,2.4838589497512215e-10
19807.0,1.2225969059117096e-09
19808.0,1.152303792086598e-09
19809.0,1.0515882758397274e-10
19810.0,9.084071847933623e-11
19811.0,5.89183077069919e-06
19812.0,1.9367057535977107e-09
19813.0,4.468424534588457e-09
19814.0,7.940390865494047e-09
19815.0,1.8665439012937773e-11
19816.0,3.289231981678627e-08
19817.0,8.51349130743596e-13
19818.0,2.228044938342346e-11
19819.0,2.1858249281628526e-07
19820.0,3.162062631029106e-11
19821.0,6.9588085488114165e-12
19822.0,1.45027495479076e-07
19823.0,1.598933656274033e-06
19824.0,3.164298965209547e-11
19825.0,2.0903655867546039e-10
19826.0,3.4148046485675984e-08
19827.0,2.2714822723509997e-06
19828.0,4.575849569759975e-15
19829.0,1.3898815793370881e-12
19830.0,1.1283067158030325e-11
19831.0,1.921021561388058e-09
19832.0,1.4918723921561814e-12
19833.0,1.8173839567586254e-14
19834.0,5.419826709494131e-10
19835.0,2.0416412753858418e-08
19836.0,2.3111107170464546e-09
19837.0,5.573418606951411e-12
19838.0,2.1336409632595387e-12
19839.0,4.070357796988295e-09
19840.0,3.171716971590533e-13
19841.0,2.0237301886053482e-11
19842.0,4.438650166502284e-11
19843.0,2.25495156023543e-11
19844.0,4.376647109839551e-10
19845.0,5.747963724925149e-11
19846.0,7.55929035110042e-10
19847.0,1.0344913453272536e-09
19848.0,9.240625203922498e-09
19849.0,7.51471069791657e-08
19850.0,1.159557300361641e-11
19851.0,3.2800881170066094e-09
19852.0,2.553797593305159e-12
19853.0,2.888810668349443e-10
19854.0,1.4813065703343827e-09
19855.0,2.3275803590471573e-09
19856.0,4.5004882778729144e-08
19857.0,3.961244904145998e-09
19858.0,4.004456778711086e-11
19859.0,3.6765318302032256e-08
19860.0,4.563423230039985e-11
19861.0,7.569076349972857e-06
19862.0,1.0636453673547723e-08
19863.0,1.9515999829588006e-10
19864.0,2.6341664259945113e-09
19865.0,5.277640193221206e-08
19866.0,6.140744323405194e-12
19867.0,1.3273520646743703e-13
19868.0,1.6714461437954949e-09
19869.0,5.649544906867845e-09
19870.0,8.291941203873497e-14
19871.0,1.0099825238194712e-05
19872.0,1.9455573885041873e-12
19873.0,3.1710321012467264e-09
19874.0,1.1511453402519778e-08
19875.0,1.8586356981468325e-07
19876.0,1.4723252620077588e-09
19877.0,6.917114011343758e-07
19878.0,1.1766282250071017e-12
19879.0,8.759943721335874e-09
19880.0,1.3901498134333033e-10
19881.0,3.558592228177119e-12
19882.0,8.499548029425241e-11
19883.0,2.915865339972846e-08
19884.0,2.9907676692924676e-13
19885.0,3.2706109064259215e-12
19886.0,6.369749840235788e-10
19887.0,5.790894965342767e-12
19888.0,4.4317292761121e-12
19889.0,2.2481423392472923e-13
19890.0,3.2165767309769753e-16
19891.0,1.142330224314811e-08
19892.0,1.7250862326296015e-13
19893.0,5.033414350922102e-12
19894.0,8.124889031135535e-11
19895.0,2.2875837861259676e-09
19896.0,2.8001760700805105e-09
19897.0,2.995443900785966e-10
19898.0,4.568961960993411e-09
19899.0,2.597501934406543e-11
19900.0,1.8261809910938771e-10
19901.0,5.4122443464024774e-09
19902.0,1.018931800824638e-12
19903.0,5.262842576084527e-08
19904.0,9.221770729099259e-08
19905.0,8.01905384568629e-09
19906.0,1.017273669525544e-13
19907.0,7.119996239092551e-08
19908.0,5.556901577857521e-09
19909.0,1.3364246107995464e-10
19910.0,1.571171747670583e-07
19911.0,1.3027443650881248e-10
19912.0,2.6358173888741715e-09
19913.0,2.8832140380076315e-09
19914.0,1.8323157021959617e-05
19915.0,2.08901996279877e-14
19916.0,1.7661164451265823e-12
19917.0,3.0721232360424546e-14
19918.0,1.915600861621839e-11
19919.0,1.2559391215214781e-10
19920.0,4.7028615747482316e-11
19921.0,2.0684292049012166e-10
19922.0,1.7194193149003148e-09
19923.0,1.321017001995484e-09
19924.0,2.071156167706476e-10
19925.0,1.4197066688614075e-09
19926.0,9.34327761896721e-10
19927.0,5.341452958357587e-09
19928.0,2.8257448033497507e-09
19929.0,7.893012820949237e-07
19930.0,1.3966682925829212e-12
19931.0,7.631389181455504e-11
19932.0,2.3022120992756986e-10
19933.0,5.237175162901088e-11
19934.0,5.838165401492834e-10
19935.0,3.8226108465562374e-14
19936.0,9.796921571646691e-12
19937.0,3.776556048056935e-08
19938.0,4.246613561602164e-10
19939.0,9.540768176419531e-12
19940.0,2.813893562739838e-07
19941.0,4.693579742368781e-08
19942.0,8.581246139000297e-12
19943.0,1.190518090187987e-11
19944.0,5.12122931265601e-09
19945.0,1.2155339503794975e-09
19946.0,1.0284650758051671e-11
19947.0,1.6927091780219515e-13
19948.0,8.815113558827025e-11
19949.0,1.1728902029395519e-07
19950.0,2.170683998200328e-08
19951.0,5.662866012977034e-06
19952.0,4.044404391992477e-11
19953.0,1.5731666729089247e-09
19954.0,9.962092238826411e-08
19955.0,8.577598592296559e-07
19956.0,1.22627978610553e-11
19957.0,2.0091935356789974e-10
19958.0,4.011154373581614e-12
19959.0,4.252488995628841e-10
19960.0,1.931261876230442e-09
19961.0,1.6882163619376467e-09
19962.0,1.8752438690314314e-09
19963.0,5.131483987979122e-11
19964.0,2.8796379003976563e-06
19965.0,3.8933236920619154e-13
19966.0,5.325859431517222e-11
19967.0,8.85527446999124e-08
19968.0,4.982884964786563e-08
19969.0,5.7356834079666344e-11
19970.0,5.314071469475469e-10
19971.0,1.8074812512767153e-09
19972.0,2.5770843577032695e-11
19973.0,3.7656915595916974e-09
19974.0,1.441841135957595e-07
19975.0,6.056237907390973e-08
19976.0,1.3502646986482568e-11
19977.0,4.129073153710604e-08
19978.0,2.1158475076474563e-11
19979.0,1.0573438322178092e-09
19980.0,1.3455615339590196e-09
19981.0,2.9229354774498083e-09
19982.0,8.724927480849401e-09
19983.0,9.836070280466246e-12
19984.0,2.638935678573092e-05
19985.0,1.4187878613125653e-08
19986.0,1.9580406054975037e-09
19987.0,6.738407810160086e-07
19988.0,5.0716135708071523e-08
19989.0,2.7596035949165336e-10
19990.0,1.0209031824562743e-07
19991.0,4.833690345988635e-08
19992.0,1.571763970647422e-12
19993.0,4.6740907715103874e-11
19994.0,1.5133792369657513e-09
19995.0,8.711466211937454e-10
19996.0,1.5965729546908733e-09
19997.0,1.191971145209997e-07
19998.0,2.504914196511197e-09
19999.0,2.935758170412822e-13
20000.0,1.6072492921474953e-13
20001.0,3.5211990335877783e-09
20002.0,6.280577776677113e-11
20003.0,2.4846202860938553e-08
20004.0,1.1465137482405752e-06
20005.0,1.7902814067289575e-09
20006.0,0.0019115073977069542
20007.0,4.5420161654874114e-05
20008.0,1.2238767318463465e-10
20009.0,3.465463453412152e-09
20010.0,6.766285055209897e-10
20011.0,4.424627274381451e-08
20012.0,1.269972287243428e-08
20013.0,3.307212819656773e-08
20014.0,9.328098706205229e-08
20015.0,7.639266485550383e-09
20016.0,1.6665133984379342e-10
20017.0,2.1006682104976267e-10
20018.0,8.102142499128767e-11
20019.0,1.2734003384170714e-09
20020.0,1.1168679013140497e-10
20021.0,5.886996412504472e-11
20022.0,9.991141925239096e-11
20023.0,8.21864209683998e-12
20024.0,1.447217119638309e-13
20025.0,3.077423731823407e-09
20026.0,1.4439097993084202e-10
20027.0,3.519252780155914e-09
20028.0,6.9511187724565905e-12
20029.0,2.7142900818052995e-12
20030.0,7.072329994785305e-12
20031.0,1.085373543220843e-11
20032.0,1.2342710222659158e-12
20033.0,1.7030579803748024e-09
20034.0,6.014391105402905e-08
20035.0,6.03672348763916e-11
20036.0,3.467958279010637e-09
20037.0,4.771480097042474e-13
20038.0,1.916823443580038e-09
20039.0,1.1583694700576779e-06
20040.0,2.6210519099987123e-07
20041.0,1.225798254794191e-08
20042.0,8.501089818578121e-11
20043.0,4.267185383628597e-11
20044.0,3.0839008340620676e-12
20045.0,1.0652391010966569e-09
20046.0,1.1921756652741747e-08
20047.0,4.176448383432413e-09
20048.0,2.3128006517760445e-11
20049.0,9.731580533210188e-11
20050.0,1.9762902704015945e-10
20051.0,3.872076275045069e-08
20052.0,4.106430423490894e-10
20053.0,3.00103734259788e-08
20054.0,2.251700519712108e-11
20055.0,6.79250235542066e-10
20056.0,2.7591396798823025e-10
20057.0,3.915134235657501e-12
20058.0,1.6063379742783003e-07
20059.0,1.5993269079074783e-08
20060.0,5.362795206743004e-12
20061.0,4.345145115680543e-12
20062.0,6.569955379657639e-10
20063.0,1.8489724349330197e-11
20064.0,2.091644492211964e-11
20065.0,4.657071496197952e-09
20066.0,8.709358105200494e-13
20067.0,1.4735206586065664e-05
20068.0,5.8647803296189585e-12
20069.0,1.3494006027233615e-11
20070.0,3.673276843806338e-12
20071.0,2.514898557507834e-11
20072.0,6.545276849008358e-10
20073.0,4.731236578731171e-10
20074.0,6.2932726566607594e-12
20075.0,7.528993139212029e-09
20076.0,4.733275464569668e-12
20077.0,1.2452165974874e-08
20078.0,2.2560068086246564e-13
20079.0,1.6754750441263562e-10
20080.0,1.5095308533380488e-10
20081.0,9.369994160319394e-11
20082.0,1.6835359385884234e-10
20083.0,1.829718853416379e-11
20084.0,3.2566366191849896e-09
20085.0,1.1805899421572013e-11
20086.0,1.3752884809712553e-11
20087.0,6.944178066482567e-08
20088.0,1.9654822596044754e-10
20089.0,2.0504076352983e-09
20090.0,3.145710864555067e-08
20091.0,1.4532590788979337e-11
20092.0,2.1969897571796434e-09
20093.0,1.471264487696981e-14
20094.0,8.169491104283322e-11
20095.0,2.808237047682138e-07
20096.0,1.3334396783767058e-08
20097.0,5.804268477711462e-10
20098.0,7.018923733355963e-10
20099.0,4.0791568462848267e-10
