0
4833
18607
4915
4876
18606
4894
4879
18668
18609
18589
4908
4853
4832
4672
4827
11428
4870
4834
18672
1610
4950
4829
18669
18678
4868
4903
4854
4831
18371
4460
18487
18680
4906
18641
18977
18671
18377
4900
18621
4856
10672
4872
18586
10113
18616
4911
4917
18360
4461
18673
18602
15628
10051
18781
10272
18174
18684
4830
4849
18688
4885
10683
18329
4909
18569
9083
4864
4826
18489
18663
18570
4869
9248
18426
9108
18308
18622
18982
18667
16913
18605
4862
18445
4859
18675
18457
7027
10111
18681
1220
18160
18635
4656
4873
13957
4893
18603
18413
3879
18458
18624
9082
18601
17470
4861
18665
13921
3650
18579
13582
18427
19890
18443
18983
18362
16262
10320
5586
4456
18633
19735
4902
18584
3970
17348
18594
4892
4850
17613
18372
18568
18556
5021
4848
4867
5010
4896
10405
16919
10129
18440
18631
18707
17980
4871
16978
18376
9247
1646
18380
18212
18346
18682
4857
10618
18659
4302
4875
4910
3485
4877
3740
4951
4959
18401
4954
18420
4913
18647
5016
4898
4356
4678
18392
18674
2683
10692
2629
1931
4863
8898
14680
12970
4916
18625
1526
13853
18897
18661
15629
5893
972
12172
15946
14156
18361
8351
4866
4851
5020
16927
13990
18655
4949
19014
4847
6408
10691
15663
9457
19743
10674
7815
18626
18475
18576
4914
13084
12334
9960
18578
15657
18390
3409
4825
18627
6395
48
2342
18400
18357
18112
18679
18715
19045
4324
19749
9109
18638
6830
13670
15631
9564
18382
7990
18450
18307
18565
2763
18660
4855
4422
3462
5789
18590
16213
18140
18411
10799
19828
18711
18425
18395
4920
4991
4933
18350
18442
18591
18292
9080
9100
17495
4657
8330
18399
18419
18713
469
4918
18474
18096
14520
10325
9862
4934
6467
13669
5663
18213
4321
4901
17731
16147
19231
9976
447
18461
8740
4874
18653
18481
15656
4653
4838
5957
10291
18637
19641
480
18780
4737
18422
18228
1003
18472
13915
10712
1455
4661
4976
18628
10062
2233
18267
14301
6533
748
114
14484
18168
10681
15390
18245
8793
14175
18642
9774
9646
18639
6582
18608
16223
8724
4673
9330
18356
4362
16669
5004
10157
10871
8333
6728
15052
893
4904
18760
8192
6956
17037
17653
4340
10714
18207
9074
12034
8465
12200
5630
16278
9104
7296
18491
2010
18220
16422
20093
5109
18374
4824
19622
17340
6902
613
18363
18710
4069
19448
11194
5428
19500
3098
10396
12663
10760
10689
10053
2242
4060
14842
8079
8327
17691
17295
12457
12543
14696
12507
18902
19833
17553
5684
13705
18618
18468
8546
15587
1810
7483
18989
16848
4839
7876
3718
18302
19779
4669
10336
8439
15472
19915
15664
7473
12851
7058
9284
18333
8040
1349
112
5013
18193
19028
15487
6950
11412
4919
10156
8703
10323
9577
16333
18431
18483
12381
15451
7459
12437
4127
3901
4677
17693
7892
10699
18049
18355
4296
3830
4891
18644
4297
8075
16997
4836
4955
17474
17129
18651
18664
9649
13196
18353
16625
5653
4074
6401
10140
4664
18692
15060
10709
5011
18610
11526
6616
4031
4972
4805
14163
11658
13925
18613
18386
19917
176
5440
15640
4068
17746
17110
18648
18645
9932
6511
18464
3196
12561
11315
154
4497
10572
18215
17130
16932
13897
2933
4889
7956
18394
3309
4835
18403
10031
4802
16736
5250
7149
5477
3051
18221
15308
18566
18723
6790
5996
18970
18776
12100
10785
5747
14874
4996
19935
1958
18217
9077
1751
18438
7181
13852
18634
6688
8379
8520
1675
7235
4386
18984
6066
12633
18385
3499
1196
18731
4993
12452
10846
16176
18650
7957
18583
6944
10961
9647
5272
17965
17579
17106
18709
8222
9724
14074
4865
2628
12671
8951
11669
14760
6208
6717
14228
12446
4291
9081
18676
5006
18117
18197
15069
18375
4666
18000
10595
19518
6324
7179
19163
10767
10671
10060
13682
888
11507
14706
15468
12374
6078
4841
7163
4956
692
15619
3706
2732
4732
12165
14716
10706
19693
18597
9627
6811
18898
11200
11253
1170
18027
4843
8831
15604
3263
9557
3510
11928
2531
4860
18388
9964
12715
3715
15670
18562
18587
10616
9469
5007
4319
5797
13395
2144
6926
6814
18687
990
9008
4912
10262
10675
4952
13482
18543
1839
1221
4462
8412
2818
18903
9124
12463
624
15306
12337
9249
9874
17835
7315
3159
3638
11100
10730
7714
4738
18441
10610
19453
2499
5023
5528
4743
13130
13504
14784
12005
17976
2515
18479
17196
2422
17496
4966
18460
9033
7619
6013
9694
7441
10745
11551
864
4714
15720
18408
9563
4995
4315
14513
18598
6407
7765
6827
15733
11120
13693
14550
4032
16164
4399
15477
16607
12180
14812
12047
6450
4969
17355
14161
4273
3271
3586
3572
18175
10783
15161
19870
18619
14321
4884
10590
12640
18614
12462
13953
14586
9570
18926
13277
7689
18705
8529
19160
5322
8506
17207
18746
13211
2468
11183
18406
13210
2469
6714
13890
14988
10795
7478
18630
3413
610
2787
18913
981
18383
16216
10956
9099
5207
14600
18473
10877
18714
7302
9047
1662
14078
17358
6780
3528
10388
17892
17171
11387
3941
10758
14572
18477
17247
10351
7324
19476
1657
4017
529
18717
19906
6399
12529
10901
15266
11616
8977
8680
10807
4742
12593
12499
8177
15533
9376
10708
17575
11235
19474
14299
19027
8313
8276
5682
10539
7294
10838
1019
17733
11007
1986
17637
8083
2914
16481
2952
3094
9631
12114
4968
10587
3677
8541
4809
13364
5460
9766
19557
5000
1482
17279
7970
18347
18366
16507
292
4881
11465
3224
12217
13304
13881
18214
9843
19497
16792
14360
4948
14416
9558
13722
13477
7106
14690
14129
4282
14509
7632
18670
18186
19867
15419
11170
6850
16576
3204
2808
18231
18737
12781
4922
10098
4280
9373
8375
7115
16824
11356
8332
10847
18060
7542
18365
15681
17507
5124
1072
2821
10025
7780
14512
13017
20024
4351
9981
18712
13184
11255
13251
12621
13515
4382
15881
18906
7665
9182
5950
14630
202
16081
5774
18643
18743
5921
16312
15586
18999
15467
2482
5805
2600
12394
8458
16811
449
4962
5633
8120
20
3959
4309
11912
12262
1852
530
8549
6939
12615
14579
5869
15065
15286
18904
12303
16596
10665
20000
12318
8029
15364
15869
18617
9568
15110
9829
18654
8601
18397
18915
586
5205
12515
6905
5253
19947
300
18211
14891
14328
12722
19337
10107
19892
15516
13867
14377
18222
13481
4828
10142
13420
12508
2790
2083
18657
1509
13059
5948
3871
18439
15615
18592
9760
3848
5656
3736
1714
18620
5557
4907
3558
16075
6715
12023
4342
4408
7407
10234
15469
4272
2502
18391
2248
2827
18465
2987
6200
16772
19092
4104
17985
5165
8242
6402
4377
18724
2919
16750
10321
18415
17296
18016
6272
851
9327
426
8523
3043
18396
4323
13662
14332
11909
10288
5320
10803
5430
1943
3819
8286
1172
1149
9650
18237
2288
1756
7543
18398
10882
12212
12554
17973
18113
10711
8407
18434
11919
4318
8930
6929
18935
10467
10790
19889
20078
13045
6217
6253
14597
6985
19586
4958
8779
14138
8921
6979
2049
19167
15852
8295
17467
4303
4008
2188
16980
4987
5376
3840
6880
1053
13329
18223
11404
9823
17108
6984
10678
46
14740
4423
4295
7623
3199
13449
19443
16724
7391
3541
14494
6494
9792
12090
13787
11774
18109
19198
14174
14478
2045
19338
8745
17853
6675
13823
14701
5551
16064
14280
15515
7736
2019
7148
352
10832
3418
2648
220
18559
15886
13554
4667
16958
1718
15136
2893
5817
17462
6245
10777
16651
18953
19212
17405
19283
14143
14762
5707
7872
727
8699
18020
18588
1088
15225
19999
18490
6567
11184
9618
17363
13657
17179
11033
14862
4999
19884
633
3250
175
3994
13000
10914
16425
13220
4367
4234
14336
9075
8475
13334
13147
5765
17045
17132
17543
18437
10753
8716
18462
6698
19840
17086
2693
6201
5409
19324
13734
5553
14287
14291
19661
3152
11515
12743
19535
971
11734
13737
17759
10858
7828
13652
17798
5342
10804
3743
11175
2298
6789
8290
17661
5039
15423
19576
18632
17421
17605
18384
15083
16747
4114
6502
270
9051
1024
8890
9326
13558
11212
459
17142
3757
13424
1906
775
15812
1067
2489
590
10768
10324
1240
74
10149
7959
16763
1611
2709
16654
955
3702
15917
18581
18467
804
5590
18224
17968
11456
18424
14880
2886
4328
10516
14
659
849
10693
17469
11808
2343
10134
18210
3900
13771
11948
19965
17524
11954
13750
2304
12293
18959
19263
13772
11472
9514
8129
6404
3122
12060
19531
293
2839
3628
4965
18567
2704
11497
15395
13551
19132
19802
16314
18275
9442
11207
66
18402
17729
19254
6191
10673
5499
12937
17026
5938
12863
957
15245
10290
14937
10264
12528
3837
11766
16233
1195
224
14334
2944
14333
17465
442
11884
16328
10143
13248
8293
3237
12974
14946
9073
17387
4100
12209
15667
11641
5335
8628
3552
10960
3257
3910
5344
18276
8536
18381
5258
1113
10942
18389
11917
3764
16369
8287
8936
19373
15627
6142
12531
9883
8398
10210
16839
20037
25
6873
3671
356
17538
10152
7703
5632
7008
13719
16292
18689
5825
5496
18351
10100
10823
14601
7170
19794
11749
16966
9058
18956
13204
4699
7248
13485
16373
11600
2213
4977
1902
7799
758
13726
8478
5609
4446
10240
2316
230
6068
13023
1387
16999
17828
17902
1129
19754
19582
8767
19662
4680
18270
9922
19248
10668
3812
18272
5611
18205
12641
5531
8164
8993
19180
8605
1417
18179
10471
2811
14442
10058
8266
9559
11505
1361
14916
8789
4255
6231
10072
16310
18432
9689
15521
4957
5118
15188
5910
15165
6949
15750
16674
10148
3760
5688
18600
19237
16028
408
12514
11839
11806
12002
17700
9988
19094
5364
15800
17166
3120
17728
1961
470
9310
10080
14327
4796
16725
18980
662
17890
2392
18486
4062
28
3616
2237
9788
1997
6838
10075
14661
18208
11447
4394
5389
5815
5997
10470
15571
17501
9112
9573
18764
7850
18730
11791
2563
1649
10720
16826
16330
14157
734
261
18364
10503
1912
240
16377
625
18449
19545
18656
8134
6136
8355
3527
13199
17333
10158
13681
2564
17548
16389
17450
2012
11797
10574
15470
18599
12712
10536
5902
18981
16482
3946
569
17760
12133
14677
15748
8644
7229
10747
4668
8803
5148
8692
1927
837
10400
3607
11946
19236
4658
5946
3405
7655
16857
13743
8190
9486
9180
18026
7136
820
9729
6806
11573
18447
7699
18485
612
5220
12932
3800
2542
9420
2911
5357
4970
14632
2007
11527
4389
15850
12565
1669
13358
5490
11117
1797
9970
18310
6313
9543
10411
19660
16994
16950
18484
4225
1440
12523
5522
19629
3590
19230
8444
78
5919
17956
8932
1653
4019
10314
7047
17168
17838
17751
9507
3212
16971
9166
1987
1842
4936
1479
3950
1510
10132
1246
10196
14364
16396
17891
9350
11979
10887
12555
13400
10141
3653
4267
4398
3246
486
17093
15023
18973
18303
9662
12928
18775
19713
3311
42
6333
12525
11587
15032
17350
1285
6890
15211
11119
5639
17694
149
17494
17857
18612
12202
4925
3838
17992
4655
7958
18190
11866
1773
12323
19817
17711
2830
13487
15870
10342
12430
13453
8135
12335
13483
6621
11694
20066
4800
11438
12806
5962
3369
2447
6882
5079
954
12772
6997
5732
16472
19159
9758
65
6111
17293
8540
4990
1209
8341
5595
14679
15779
2338
5017
18466
17781
14123
10853
18636
8028
7186
12821
161
248
11445
2894
4967
5332
12914
9896
10688
15673
10957
5306
7851
5024
4379
13176
2123
18178
4400
9565
3478
1473
802
3915
15440
2498
19196
3605
18693
18358
1358
6572
14525
13246
14608
1434
6151
1319
5241
14241
6801
7224
1956
19178
6718
3908
17457
15939
10508
9745
13238
12606
6585
9453
5226
1599
16241
19232
14915
8624
8611
18545
12795
8496
16577
14595
19479
16880
17033
19902
3370
3621
16821
15834
314
1466
19480
5012
11359
10026
10398
5964
14195
550
7587
5278
4989
8651
14935
3514
12038
9416
10498
606
12605
677
7566
18204
13104
8369
18649
2234
386
17214
8399
4716
4880
15355
11146
18123
18646
11974
11334
8009
18965
747
13968
8824
15066
14745
9778
5003
16876
13135
9136
10662
19471
14339
12053
16159
18962
3591
18555
1177
19216
5155
8091
12513
16056
916
7270
17585
7578
7544
3564
7486
8381
18278
19516
1527
12398
16094
10981
15150
6134
8116
4354
14941
18062
4895
18227
13455
1359
19878
1300
4080
906
1584
19008
7811
6510
2643
7598
14729
11814
15014
19335
254
18721
3717
7305
18091
19172
1304
19454
8504
14721
16475
17342
16737
12803
11041
9771
3055
18456
20032
8528
10750
11821
15512
8338
11597
11563
4498
18975
6461
6424
6147
6831
7074
9679
11997
6255
7650
11450
7433
14930
9387
10623
17069
14256
14369
19674
9676
14901
640
19056
165
3914
15087
16345
7476
12195
4935
15271
9096
9043
19192
9730
19520
17131
14848
9611
10827
13560
17512
17914
10057
10122
18428
8804
648
14564
10761
14227
16709
2798
12634
17713
16852
7026
14100
18128
2669
18933
5956
15199
14096
12566
16953
7998
2467
15173
11601
18373
15770
16727
5625
18451
8784
14312
10239
19829
8356
10677
12326
19930
11269
5002
17252
4396
9498
12110
18974
4821
17880
16503
10580
5616
6115
17689
10222
3795
650
2301
16012
6888
11852
896
9098
16054
18572
11140
2151
1404
2245
17357
1613
15911
18184
10120
18929
5592
15818
301
6807
17949
12246
2386
12804
4858
19832
2293
16626
3105
16715
18990
67
8512
13428
4392
10621
12454
6576
7422
17016
12667
5680
6930
11338
16350
19591
16032
18153
18452
7947
19425
6410
7452
15379
17070
19035
7744
16742
8117
4939
13423
14356
5120
14482
10805
11689
7814
16205
18421
6586
5519
5153
620
19992
10281
5115
11565
11688
17699
5923
8727
5983
18095
17223
11292
1426
9667
8403
10687
7346
8392
6405
15514
1595
713
18241
9725
14238
7861
2432
13054
5773
15389
19568
13599
3185
13659
12371
7455
10728
12193
5123
3287
7645
2141
17948
17705
16656
4333
7654
14147
11323
18192
11730
2731
2698
2433
10121
935
321
16745
6084
1219
2702
4116
16040
298
15913
3790
6327
277
5465
4015
4002
13643
10798
7447
13667
10873
6349
18611
9785
2334
11221
7405
8988
2696
1776
1866
13715
14004
11560
19398
1640
17761
9540
6597
19250
3934
1432
15236
16421
17870
19916
7380
19155
14727
18561
2393
1930
18198
19689
14554
9158
1306
1308
4926
15507
12799
11629
14162
16100
15100
14556
6277
9616
13076
10816
18144
12016
17443
13389
2235
3141
17631
2420
15410
8971
10607
6472
3242
11673
12884
8648
5212
388
9821
7528
6406
19401
11234
7357
7051
7488
6952
9737
10024
17988
12623
8372
16085
16261
7946
18905
4341
3251
2649
5303
17706
9572
10820
9487
18229
5912
13728
780
14575
14244
12267
5623
6707
16681
12578
10872
16231
5575
10088
4256
17937
6546
5240
3530
16053
9712
14658
6025
12699
13696
13323
9720
6337
19872
17426
13578
5427
18640
19710
15439
9179
15335
10549
964
3876
3175
10372
4518
1474
18405
7436
16793
14724
11778
8254
1461
11441
18541
16571
8463
1061
4795
18108
12582
11199
3289
16891
15343
16518
1959
12846
15193
7509
15915
11610
3403
3291
9328
2189
18116
14992
8574
2148
7604
5488
5926
1401
6640
1853
14499
377
11116
3822
9213
32
1624
6504
8706
9253
8635
1618
2749
3708
9779
5387
4947
19838
15462
5370
1402
3435
9648
754
11111
9339
11696
11628
5096
5231
18900
9503
14852
16796
17255
15050
14972
7803
15340
6138
10105
13940
9414
4403
14695
16055
19760
19400
596
14998
73
17410
11360
6622
12920
9518
4102
10796
14365
8432
1916
7539
656
7758
15842
769
1339
19339
2922
2812
10705
10108
10802
7093
19271
9550
13510
6445
8291
13698
13200
18114
16150
5467
13074
6708
3678
10869
16460
3942
2449
564
11060
2458
9154
16249
19481
5720
4733
6520
13931
3612
552
18264
9820
19556
11805
18896
13285
10043
0
7454
18595
13004
4983
1437
1377
8911
14214
13741
17704
17316
16985
7284
1723
10682
7016
19517
14637
18615
11281
14093
13806
11021
18015
3695
1735
11043
6162
13489
11340
13628
3096
6403
1293
999
16746
10862
19258
2934
19275
14209
18226
7554
17221
3332
92
18022
17343
13963
1435
8308
18378
17400
703
9530
15591
9434
19852
9800
4298
8568
18901
15350
10766
12946
15408
9097
15841
18429
11484
3704
13249
14303
2784
11422
8679
8641
6663
5125
9545
14765
2408
10929
8949
2553
15843
723
1851
18604
10762
1380
9772
14712
13781
2134
15701
19277
19788
19405
7831
14641
3143
35
16591
11258
500
965
15568
7721
3384
921
2442
14035
18480
5150
15234
17736
20029
6171
14894
8924
7114
8928
772
17441
7787
4492
18557
15954
3233
12120
9118
2618
17893
19790
15421
3453
19592
8782
10880
5091
988
1324
15805
12589
14705
5683
12467
9307
9569
11663
8411
7349
1029
17302
11637
12129
5441
15085
9206
7356
18169
9857
17361
2339
3138
19768
14381
7934
7936
14486
4275
13917
101
5690
4409
728
19336
8997
8866
13315
13193
13799
18573
6659
19169
7059
3969
4410
11617
1095
7214
12250
5819
1711
382
1496
641
13267
19430
6877
13706
11811
8084
15427
10998
4368
9517
12780
11081
8259
18580
11165
20044
9664
13564
1302
17762
9595
4067
11353
19234
5614
7524
13572
10364
16691
17863
10481
12310
19668
3553
15538
128
17391
771
11365
16447
18577
17315
473
16020
16830
14077
11740
4974
15500
19530
939
18783
3010
6495
3121
11195
14402
729
9948
16773
3479
14374
10083
15921
13255
8708
11393
7388
12952
19885
3995
7432
17088
10666
12219
5208
10442
18423
8953
14807
922
2559
7789
17024
6549
6751
16699
5019
9583
1619
9782
4118
14421
1615
19362
15767
3331
4276
17301
8617
7514
1491
12170
16165
19349
6832
4009
144
10843
10603
12345
11735
13922
9925
2766
6848
7955
4985
2901
13535
13713
16446
6499
11293
4419
6666
11759
15075
1750
13672
4233
12482
15524
5065
9443
16641
12550
402
5763
8107
13879
15970
12836
15695
11903
11213
16791
19881
14860
1738
13563
13443
9581
12380
11414
10456
797
784
2567
15422
15475
6205
14357
4347
17659
6516
10653
19131
3799
19096
10919
9963
5822
8675
20070
14027
5307
16106
8694
10232
10432
9924
10306
346
8576
5715
8754
15443
11614
3585
5952
16931
19355
7588
8569
215
2350
14217
1056
13194
4301
7974
4343
5689
2701
19456
2647
15892
4011
5224
14689
18912
2034
19515
1779
16757
3065
1075
5547
6857
4391
5999
8128
18172
15603
5702
18957
14978
3857
17019
7836
2806
3188
281
11613
4415
17134
2588
7710
15448
20057
17545
14939
1151
7429
8684
17656
8339
19148
1745
5201
8016
13761
2435
3359
7788
1178
6969
9175
17780
3115
19606
18574
8904
14286
9561
2741
19958
2888
10700
5046
19281
16066
7611
1203
10331
13140
2664
3466
5157
12003
19021
7267
1826
7210
10008
2052
829
18407
2016
9973
15525
11512
800
6570
4924
14987
10982
17542
5791
15281
13906
18038
13209
7844
10109
8260
19767
1394
7624
7202
13540
10680
49
17418
7213
16142
1326
1966
11083
5295
19351
15977
14419
9695
3054
14295
13866
3322
9038
9551
13549
6966
15059
11577
2814
8923
18379
1783
13385
4882
14798
8020
17300
4383
14692
18410
11397
13773
12064
6914
917
5638
14893
8643
2208
19030
6706
12235
20061
5486
9688
16615
13618
18335
5196
2072
9602
1439
18699
15877
4451
8542
8228
14051
3095
6906
9669
12236
16178
18547
13699
2665
1446
16022
3191
19888
14193
3907
2632
8470
12808
5355
18349
9079
6173
4261
2170
15931
8672
12727
17745
18749
2764
5714
7158
5481
13561
18772
8306
5324
15020
11226
4982
16967
9482
4322
7428
14965
5974
9360
6239
7151
9548
12046
521
11496
4070
6108
14734
1463
8074
16855
9751
5648
841
10445
9191
9938
9700
3400
18666
3563
10650
9600
12076
4695
11277
1492
10852
17244
6183
280
5821
12070
20076
5233
13377
6302
13003
15310
334
8984
14613
16636
8828
17380
10480
15465
11474
9163
4364
903
13415
7882
6237
11232
18703
4360
14785
12972
1501
14257
16456
18430
10360
10888
17216
15630
2644
3686
4236
9907
19296
8493
16520
10856
15981
5535
16486
19608
10117
5255
12969
10651
16259
7227
10586
1802
9056
2858
12384
737
16579
17493
6394
16923
9919
4986
5563
8853
8563
19893
1101
17785
7292
4654
7090
2426
2852
6766
13435
12899
17913
11036
9508
1887
477
1639
10092
14649
10123
11827
6626
8011
17376
19529
18482
17734
7000
18177
10995
4320
10943
8357
17351
8889
10781
5708
15938
13291
4286
7166
19619
9026
10544
18916
4271
10166
14913
9991
7241
324
2097
13475
3471
13011
1818
18652
6500
14050
11333
16837
15455
6139
14909
11188
860
7066
13173
4978
481
9409
11238
4725
6026
4064
6894
20060
1069
6941
3254
7675
6226
18998
7874
2336
8189
13040
14736
7513
16569
6479
17947
2651
17611
10788
933
14173
6512
4973
11822
7536
11020
4358
12369
1287
6879
6822
6971
4270
15051
9232
4798
4522
12896
14778
10676
3382
19681
16753
13838
2128
1811
10959
11076
19837
4416
13899
3833
8204
18911
8815
17619
11707
3307
1238
5146
15971
10074
15588
1174
18777
6235
4274
4471
17193
11498
13740
7205
10806
18436
19887
7477
3874
10381
2849
4405
10423
3570
18009
14199
20068
18967
6067
16409
19450
8352
4931
1345
11336
1673
13432
13465
18782
4294
10809
17229
14728
7468
5487
3777
181
904
5635
2512
1592
5473
2098
1816
1817
7054
7085
5650
11702
14326
5580
14090
3854
1016
18786
2046
1850
16222
16993
7809
19866
3940
15204
4284
8787
13026
3343
3451
14931
15799
16047
11888
949
466
19736
3707
8900
2871
19639
7634
12802
5341
17146
10579
9036
19156
3457
5185
20074
2367
3167
12177
19541
12925
16267
709
2939
9117
6647
1883
948
14814
10754
6396
11436
8146
7373
9501
8394
2040
16218
13263
16257
8138
3506
10511
10828
4305
15416
19093
3440
11955
2061
4840
19694
16610
19784
11316
12652
7848
12990
12838
4365
11122
16680
15930
3489
12809
12163
14039
9575
17187
17583
2663
13186
14961
12372
11706
9784
8846
5612
12121
11540
13689
244
13636
10261
12416
1699
15551
7723
13066
1197
15966
8597
17703
5628
9579
18966
8742
3863
3567
17566
19737
11063
16536
4316
14990
3317
11624
18722
11369
6559
9427
17795
8198
5276
27
9593
4388
6829
9822
16833
16764
18740
6581
3513
9493
8484
2015
20028
19821
3598
58
10397
18939
19346
16968
10183
9590
15923
18476
10797
2092
13048
8307
19691
13683
10479
20030
9560
2506
10052
2175
9594
1147
14395
1867
14786
13817
17904
12810
19636
19653
7494
10696
19410
10770
15990
2375
1994
19210
13869
11454
11390
4897
19407
18352
6439
3260
17239
541
11352
7370
14566
10746
1094
6106
10488
1043
14274
19226
17077
14400
2880
9006
8524
1880
4337
7128
7268
6195
680
3546
14802
4683
6225
14076
8973
6861
1739
14883
191
7130
15068
13020
11643
6734
11181
12999
3477
1736
7446
5872
14152
2819
4098
2593
1465
10715
10383
8235
11910
4722
4728
18259
4448
16906
3486
11351
3952
10022
18453
18274
3646
2532
11420
11433
17081
3608
15825
13225
12520
13742
17702
11835
15777
2203
11052
8408
646
13908
2724
8698
9682
18021
6321
5529
12630
14675
7551
8006
12271
8098
3000
15081
12626
8068
3554
5772
15414
6009
11384
19434
14693
4890
9882
1516
2165
11386
14113
13341
14249
18685
8095
11627
4290
15885
5864
6878
5634
14329
5422
2358
18773
1590
1373
9304
8626
6798
3293
13226
12424
13350
17386
8744
11153
20023
15092
16564
17076
13479
169
330
1766
726
11939
6699
14492
13322
13701
16016
17031
751
2743
13073
11895
2411
8723
2754
9933
16502
19677
13942
16438
5133
4520
3619
10679
5697
10722
14127
14636
18488
457
6809
13708
2383
1295
5054
11971
14233
6823
17192
1951
1581
19942
7198
3295
8309
13801
15778
14270
12004
11191
8590
1035
14809
12377
15859
8021
4289
4384
19692
15684
13871
9923
12959
13664
1683
6238
4018
17332
7745
12413
3882
18176
11918
15687
5890
17735
634
9521
17571
1042
18263
15563
7250
11981
3623
13312
6121
211
13109
12965
3174
12850
415
18132
13228
13474
13166
3615
19252
8047
14576
19049
7898
3750
16804
5288
10266
18158
4401
83
6892
7223
12638
1806
8655
8585
1712
15793
12642
9850
11968
8042
1450
5990
11241
5316
434
16938
16849
12295
9230
7914
11832
482
16444
5812
2454
361
14924
7412
5647
294
8636
6863
5018
8507
15093
11847
17600
7154
16829
86
1134
3371
18727
15605
4075
17144
19939
5393
10426
9624
10293
9320
898
2838
9824
7277
11358
11824
8892
1239
185
12468
11289
15889
18446
14279
3888
6198
18077
17887
12785
17582
16057
4887
7567
10182
1028
7109
19936
14215
16235
8500
17805
5082
19983
8175
969
5242
14265
4195
19086
15878
14588
4941
16760
7728
6338
12656
13097
8922
12855
12733
11163
12738
15238
11891
5827
11876
1629
16189
1542
3181
14452
8194
7117
1412
12660
13979
15984
9422
17180
8039
16
7378
10160
4352
9794
3396
15831
15384
1805
2437
16556
12406
12832
11985
6534
5873
18348
5166
15858
19675
5304
19208
18921
7911
19946
6958
8797
17133
9523
2038
16269
15454
9020
7438
13421
5432
7869
14235
11054
9445
7639
12275
5044
14438
2778
7078
427
12123
13174
9169
15727
6800
8438
9748
2109
17748
14627
8844
19631
19573
9110
5158
3443
16603
15989
7402
186
10811
17269
6782
16082
7683
18471
1537
7369
16671
105
16135
6654
4350
16697
10520
19738
3102
14436
9827
3194
1744
20031
3601
6077
15565
1023
2797
3377
16903
4061
17572
10782
18553
17263
1631
3502
15418
1260
15717
17392
14506
6600
15406
1044
19722
14746
2318
19290
15632
16547
4979
5489
17814
2360
10974
7053
6366
3417
15141
16624
11164
1080
2423
1114
4293
8940
3045
3349
7172
10900
14682
5577
9406
11272
19830
19467
6762
5601
2
2202
4402
10697
5596
4292
17206
18058
13951
13444
6808
9078
1428
1995
15795
15478
18459
9764
13349
11760
1130
1633
8772
15313
9119
13819
19850
14382
12624
6251
503
18003
9921
1153
15476
17927
8130
19505
13902
10231
2252
17317
15429
14628
9989
7344
4329
20085
348
2896
7813
11929
18708
2048
11394
2584
15433
17708
19943
15330
17360
1227
10545
1582
18899
6187
2960
15366
15949
9428
14700
10144
4770
3280
10439
9197
18090
16120
11335
3236
14012
13256
11718
951
7889
10576
11109
3814
12412
1780
13105
19956
11328
15270
9770
9281
16286
5057
3406
11990
3895
5498
12840
13302
18056
14606
12852
14846
15297
4314
15039
11736
11301
3294
4806
16595
7916
16029
9873
2568
19664
3948
5651
1790
18046
15496
1091
16781
8588
7794
14947
19188
18268
5719
19580
18695
3256
3548
13401
17912
12568
9040
9502
9005
107
2407
10526
7381
11922
16714
4659
17786
11777
19090
11009
5692
5145
14251
6468
3507
4407
12584
10286
8799
16388
8956
18564
3859
10541
2824
6818
2493
2156
16495
961
19655
17783
2527
15934
414
10548
2835
16996
5829
7300
13687
11588
17954
6632
1140
8031
14367
18919
3793
14105
12135
6471
7225
6620
12763
7215
18735
7713
13106
11621
10395
14844
18209
3086
15561
11942
14085
20069
15432
16889
4119
19976
16315
1583
9423
15272
17565
6081
16638
4380
12071
8946
14082
5600
19408
16274
366
3306
7919
13131
7239
11075
16392
16027
6978
3641
8017
15125
1953
18203
16704
232
20086
1585
3716
18218
17436
8211
436
15725
8428
15955
9852
14348
1143
7612
5613
8088
17365
1081
18115
8455
9636
1602
12245
14483
13612
14578
15590
11457
6736
7705
7873
4963
53
2322
13283
17476
10894
18923
17725
17730
13321
18185
3696
295
5472
10904
16236
6323
2491
12093
19406
3200
18677
6073
3401
17177
1277
3785
15874
816
14489
14669
10890
4325
8599
10114
1027
12796
11642
8025
8261
5352
4366
13457
16789
16868
19051
12290
20091
14169
496
13354
14849
13763
7760
1431
12879
13619
16802
16062
6679
8606
2323
15089
10989
7918
12139
1052
5199
1525
13944
14681
3622
17709
13008
5055
14358
10410
7636
15220
3916
2892
8318
14250
2678
4385
11204
208
14104
1102
11487
4313
3139
9901
16097
19623
13239
10163
556
14890
1054
17309
392
3794
13849
14742
6642
18412
6999
8887
8397
874
8753
9974
11861
7399
15205
8113
19418
19381
2840
17347
12913
15575
13961
7603
8974
2612
12862
16616
17003
15719
19297
8916
15320
8181
16256
12196
15556
16007
17872
12827
2854
18686
15771
11423
19679
11727
8402
14462
2622
11701
1508
102
8519
4001
16455
18563
14172
5695
16265
17627
18121
18145
13013
7712
14146
15780
1894
341
10087
5033
17123
14262
10642
9890
11501
6197
10224
9525
14366
288
2021
11295
8994
13039
18544
19137
4852
13716
17823
8452
12635
3491
10230
13232
1137
3052
9303
9987
19717
19199
12458
10335
14428
3390
934
12496
194
252
326
4444
16378
19413
17170
19654
9436
19756
11332
715
13863
10038
7629
6965
8989
17089
599
19282
13295
2829
1233
15480
3316
3565
14432
18558
18018
5340
15009
10255
3026
3913
4988
9161
10540
3512
19214
14651
12312
7931
12475
3992
7009
1788
13250
2116
7199
14791
10153
13839
12024
8594
13812
184
16524
13038
1235
260
645
12103
15486
19360
3399
15570
3729
7862
2708
1881
1636
10972
16293
10086
14927
108
6306
376
14589
1759
8229
17862
3361
16021
1099
18700
2253
16166
5375
5188
13608
19464
16177
10949
10362
16916
8331
19386
16647
484
10950
15573
19126
12490
7420
7545
3089
11094
11762
16798
5512
16649
11655
9291
833
12944
17614
8280
19213
2958
13821
5495
576
15215
5776
18393
2550
12313
12620
17389
4650
10749
8865
19745
93
14368
10032
19262
6669
13374
9426
13371
3318
12559
17775
17283
17804
1897
12095
792
1369
18739
9270
10195
17437
13227
13744
10146
8262
320
8802
801
13056
5282
13793
4317
20083
13112
16917
16440
6799
11535
5525
12256
9686
16283
12551
4285
20063
908
4265
17908
943
535
3525
2022
13770
7826
3210
11700
19815
14153
3459
10454
17226
3843
2738
4412
6113
6234
14793
5353
9372
2215
6592
19729
18917
3679
1152
17972
7307
5455
13143
5527
18191
14216
19390
2877
5372
7777
14671
10406
10011
9867
1139
5061
4348
12439
7211
6634
19918
29
7421
9879
6331
11582
10015
11061
1395
1647
15694
16208
18694
7576
3020
1707
10368
3709
2184
12194
12860
5608
10993
8157
12211
3536
978
9947
4183
12276
1424
16667
8486
8518
9334
2335
19278
6974
18934
15304
8
6824
3771
12502
15178
16499
15108
17007
9952
11855
14315
5775
3983
6458
17632
3578
11055
1532
15918
15669
17883
1366
13065
2695
6891
913
8018
1821
18761
4454
6487
17707
17321
9476
6907
13493
10631
14031
13651
12277
8952
19841
5221
19426
8502
18755
17962
5275
14314
3596
138
14187
9860
9367
13791
5652
5804
1145
12459
19007
12224
12333
14230
18230
15107
16939
15798
19504
14453
1259
12717
1368
10946
17461
12517
435
2580
6787
2779
17943
12805
19150
6157
1405
8077
20064
8941
14687
6722
18454
14131
16059
10283
2333
13569
19978
14213
11670
3222
3589
308
19025
13372
12998
1422
4730
7418
9042
7625
8511
17560
18309
13384
3522
5917
3776
18937
6442
5618
385
15716
7834
1962
8905
17366
11733
14522
3931
33
4812
11014
10385
2087
18
9651
3213
11920
11935
18623
926
5269
13332
14298
8642
5800
15182
18048
15833
9608
15015
19818
17288
8566
1517
13
5404
3928
4707
7798
10059
17657
11137
2576
11302
5403
4245
9868
11660
11672
9424
20054
16586
14375
19843
1531
16720
13340
18972
11401
12218
16553
11867
5309
1871
421
11950
2448
126
19117
3741
7950
11511
10825
9723
13712
621
9041
13095
10619
15132
17799
13429
11375
2273
12010
464
7900
6781
407
14565
19225
13301
18341
20048
1570
7531
15456
11958
7504
2720
16250
7858
2368
4283
3657
12625
6489
7124
8851
1182
3433
6427
9842
3719
5365
654
9917
8925
10892
9240
6968
9492
5128
13240
3137
9316
18463
7141
8972
9877
6012
2424
8388
3265
9459
15043
12797
3614
19566
12800
11782
15527
18455
6322
5741
4486
9566
16080
11986
1992
4453
14634
3787
2105
10717
16769
16974
6232
10684
6558
12007
14266
11463
5947
13798
13318
8055
1692
4696
12831
9657
2596
15862
2831
17105
15537
14612
19600
11073
2267
14877
2313
15263
13955
2403
1968
15104
15277
11177
10876
12118
12769
14604
11110
13909
6415
4888
4359
14722
13241
15402
8037
12325
8024
10235
17056
6029
17923
13533
16479
15963
13192
9534
11151
8920
19539
16601
3670
13203
19292
9266
9904
12909
12166
5662
5191
20071
14461
15228
15444
10921
12767
13622
8283
19302
9626
17845
884
18435
3505
4231
9378
9155
9153
8058
12035
16517
13577
8894
19764
11656
2180
1967
5302
3024
10130
13830
16401
6602
8479
15658
19972
13243
9421
13721
19640
14058
11482
16778
14803
11767
11245
19638
19899
8061
16343
11704
3205
3893
4091
5658
11906
7462
7864
18273
5916
18146
16000
3259
4397
14644
10507
17511
16851
6998
4994
16282
7403
911
8070
15566
5865
4007
7260
16331
8066
2115
986
2428
8771
3015
13178
2384
2795
18914
2630
17866
1374
3274
2271
1786
2146
2623
4126
18478
1104
13969
12602
96
4338
6763
5252
180
10418
17877
12504
7909
13398
15393
16079
17237
16635
3023
5162
15743
9407
12391
12956
8711
6943
11795
11406
7819
6772
12151
17009
15644
8731
3113
19712
13988
17103
11575
7895
6383
6062
5502
9936
4992
19437
11193
9722
7152
1833
14485
14479
7313
7334
2653
6655
6
8820
1645
3582
1112
1946
12856
2721
11416
10350
5629
10348
8435
3009
10089
16192
13952
12020
17674
7685
573
4130
12632
18551
5215
12907
4494
5326
1808
1975
2079
11363
2915
11593
8980
11538
8319
94
6575
17468
1210
3877
7108
4327
7986
13514
12668
501
9866
3847
12687
8717
8637
16077
1214
16207
1614
13883
18206
12522
14288
17035
4308
17506
3569
8071
7139
9949
18039
12183
16890
8279
14828
6211
8562
5710
14454
16461
19191
19187
8353
9598
8317
13286
17079
13541
9613
14920
14323
6085
7293
13025
15855
1026
4304
19719
907
6382
7404
13939
10964
18988
8557
12929
15964
2277
15864
17867
14221
19798
12814
13688
9277
867
6174
7778
11807
2366
7001
7949
19369
5576
8127
16940
3803
3062
5131
18170
18963
12087
56
11058
4741
18928
8425
16582
18234
15407
6040
17796
16061
9364
5331
12774
12204
13825
7605
17551
5156
848
1553
8776
3870
14476
7854
17388
462
11311
378
16407
15019
6603
13584
12815
13605
18082
672
8795
15688
19597
12283
12229
7642
19295
18582
9740
14111
5940
19820
11780
19824
18225
1132
10037
16597
11622
5561
8027
14923
1398
11313
7285
10661
14583
7661
6447
10386
1731
17710
6898
12498
2694
10161
14409
10206
8336
8014
8310
2956
5369
10835
19147
1335
15945
6440
3606
17821
15738
6420
13768
2675
16898
5621
3345
6041
11802
11554
16122
7537
13842
15314
2379
12028
9070
17258
7984
3742
7333
6530
5001
5366
10601
5114
2859
12680
13294
9856
12653
12765
5717
5931
15856
4946
7786
10299
2075
15847
13072
7783
12590
19040
1009
11846
1467
16319
14418
14498
17104
17074
598
2526
8442
16594
15526
11605
17073
577
16441
7345
12759
12324
18908
19734
19322
7978
2303
12392
8152
15513
5839
5603
10200
1973
12784
2549
2003
1154
12770
10609
15361
16668
14817
1656
10097
4774
7413
15935
3235
8197
689
10226
1231
3844
3255
14968
4306
16567
8300
19470
11228
8774
8126
14207
4021
6805
11596
2514
12497
17458
2195
263
10941
5126
12346
17246
13709
14160
16928
8122
9532
7837
2113
6804
17505
4739
5359
16136
2906
3081
13989
9325
7691
333
16511
2064
8539
6051
7233
7502
11141
14310
543
2890
7014
15339
6864
6619
4434
14385
14841
19683
14897
9461
3987
14813
18418
19553
10987
18433
231
12730
16442
11101
3248
2029
1146
331
14824
11176
10625
16428
3594
15848
13259
15319
2347
12865
13766
15186
18150
15214
9013
17212
5363
16825
2682
12161
14533
2207
16332
18196
8985
16076
16190
15345
9937
9763
1486
1777
14620
1752
14107
3127
17790
13837
17826
3266
16657
19488
10269
19118
14750
12415
460
18416
3208
10771
3150
7555
6059
16031
14204
16364
2227
7060
1838
5906
13624
15837
19796
1399
676
15776
10624
8348
8477
14991
16706
6204
14338
14158
6491
7246
8151
16592
6935
17752
10739
15086
1551
17121
16549
3627
17041
10636
3101
10839
16581
17184
9736
18017
5795
1126
5192
18289
16590
10465
9585
14538
17173
6354
3739
8423
1180
16088
2363
3693
13645
859
8593
7506
13862
15349
13362
17411
13132
6230
6485
2555
19247
10818
5279
99
19363
16498
7190
12440
815
16058
19098
11192
8715
19858
6874
10365
8710
1328
1769
19716
13447
3165
19804
5219
11275
1667
11731
11817
14948
19952
17111
7671
4269
6840
15282
12301
3301
16443
5558
10245
6725
6470
2975
16730
8659
4500
7153
16320
3230
5480
7382
1089
6810
920
5314
278
6436
13214
16650
12600
9555
350
12586
5620
5589
9781
5972
11493
17840
8448
5870
1498
19625
15645
13064
12351
10506
14307
17374
9085
11661
8102
609
14108
10346
17673
4886
11233
18369
12679
19733
9741
9714
7657
17720
3108
14903
7680
1362
10094
13923
1343
304
9898
5144
4344
2388
9710
20043
3978
14703
18774
3109
10354
10695
4345
11154
10763
7097
3110
16284
7614
16892
5731
12813
1824
19022
1032
9344
273
9189
10333
5350
13958
13913
2867
11676
16230
8158
10030
16866
15034
9656
2907
2243
1507
582
10635
11138
8162
18593
10294
7681
16358
1103
14099
16229
7392
19842
11908
15751
13959
15968
15686
13620
13345
8609
10363
14065
637
123
10886
1179
8441
3571
826
10742
13943
1314
5194
15601
12086
12915
15109
14379
19485
17197
1128
14536
12077
7608
2734
12157
13275
45
14534
8567
5740
7162
1556
14044
19860
2616
6266
8034
17774
7534
13405
13245
5807
13124
3501
16426
14654
15170
17307
3781
17554
6065
4339
3767
6082
14621
19549
14796
14558
9401
18725
15373
16884
12373
12341
6193
8490
579
1351
17075
6335
6962
19993
8825
3161
13964
12575
7004
11012
6537
2801
19920
12887
17452
9250
17423
7122
9658
18751
9632
980
14440
16784
7079
803
8325
2774
9552
19720
219
3211
9402
16471
259
18690
8501
14415
13571
11440
9661
15457
17955
9480
6269
5951
7779
17017
13810
16154
15309
2279
5967
1065
19249
7426
6250
15127
325
11040
18201
12269
12619
17996
2197
7589
17593
13002
13300
13845
14015
19621
17324
15049
13590
17356
6536
3195
12721
3515
11544
1265
16067
11765
3896
8961
10690
10104
12182
2810
7075
11618
5119
15520
10614
4702
11746
15445
13552
8934
13001
9210
9292
3467
17532
6579
10016
16834
472
14976
5958
9347
12742
15660
155
13006
16631
8634
16630
2655
10685
3523
15006
13609
7323
19361
10004
16385
997
2283
19428
12363
4711
944
5225
11157
19963
3964
2753
12127
1316
8171
10486
1794
6020
15255
11717
2285
15397
8836
3198
2815
15494
14537
697
3604
1870
11571
17101
10518
844
14771
10020
3057
17665
9506
19933
11171
14616
17242
2041
12033
17158
10063
9017
4633
12509
5451
1937
11265
13222
17200
6876
1694
14062
4203
19966
3834
671
718
12385
7856
4971
4254
14887
12826
11602
6973
16096
779
6653
10792
4708
11148
10977
3692
2539
13668
8226
3835
3745
1665
17685
16817
15021
6678
2728
17424
5190
5187
19139
16584
1157
8121
1562
967
15752
10744
12760
16435
342
122
11542
4335
18187
15876
12936
14219
10546
15153
13386
18034
5852
8354
1443
17464
3091
19205
10205
4411
8800
1757
3035
5794
8076
5591
7749
1
7878
15239
3982
2711
7005
8996
14962
4975
5955
16349
6475
17633
11205
11425
17652
3193
1444
14429
19304
1064
506
7719
12435
12215
2601
2744
11815
19487
9238
2230
11865
8209
13175
9306
13087
8499
10704
872
16637
10212
130
4022
6596
19969
18071
3221
13030
4705
19845
18404
3286
16907
3566
6388
13205
11278
18041
2337
16196
4299
16934
6564
8195
4692
4300
886
16521
3363
1063
1974
10357
13115
10496
8791
4424
14184
17454
12702
17504
3681
1270
5361
17336
14989
12155
2068
11134
20021
15367
9370
16585
8035
14353
9634
10369
7572
12149
11585
4927
422
16362
16599
19421
16721
19414
11499
17401
10193
14918
10436
11121
10562
1847
19626
9894
991
1332
3069
17936
1038
11779
12051
9639
688
16418
20035
5482
19486
12617
8786
10784
6604
14493
17230
10924
11186
5401
7332
12094
15197
1648
2537
9432
14598
5395
9254
1078
15826
13021
13567
3130
17349
3288
17573
8245
16962
18964
1596
10925
15868
1031
15734
4472
8337
3192
1884
13445
233
2232
1500
16901
16183
14450
1635
13844
2385
2039
18266
20002
17855
6749
5101
1378
16600
3965
5261
12924
2421
14868
2305
7183
9982
3620
6236
7651
3699
16050
9381
5584
5041
5492
13714
2497
16930
4582
1554
12141
5739
11896
7885
5979
11969
9836
1976
7156
587
14876
16348
11306
6010
4483
2735
12713
16683
11699
9690
497
7244
3730
14154
9060
832
12695
11029
3836
14414
10165
8450
9885
516
13947
409
2400
4720
5323
1499
9969
9678
12407
4473
2450
9471
2869
14057
635
9309
12428
10441
14103
17339
5539
858
10487
4131
5283
16406
16894
12152
13188
11915
16368
15420
264
8813
16629
9645
15900
4719
18236
4406
19041
8044
13276
11828
11708
12037
14302
2659
13603
6760
120
13367
9446
17810
4279
12521
7893
8816
2345
1489
15276
3751
7633
5040
10686
19082
12740
554
14324
10464
2793
11693
2875
10646
6433
12976
18779
720
15159
3068
8191
3097
824
15621
2356
3398
17306
11361
10159
1834
5599
13697
11345
162
5914
16689
12239
8719
9630
18002
11491
7496
3182
18763
6843
6095
16856
17066
7793
13874
15216
1858
17812
6737
14317
1796
1854
8462
6131
6972
17510
12674
7923
14032
5693
17986
2864
9220
310
7801
2299
5606
14995
7985
9796
942
4671
2103
6609
12818
13602
13347
11631
16397
16759
6757
12728
16300
3071
15490
1717
11190
9390
8631
3912
10655
12991
19182
13058
5290
16623
16404
7032
3903
3756
8301
12707
5701
19396
17869
5203
889
10543
4243
15866
19506
13621
10198
19133
3902
6283
4721
3463
2222
16169
11952
559
8656
3310
9429
2717
2320
9437
793
19569
7092
3189
16646
4715
18050
6872
8472
10622
7291
6047
2538
13125
17203
19931
16341
11468
13731
6709
2556
7084
15267
5945
891
17509
16816
13760
15040
11049
9531
9876
10670
17162
17119
16912
3823
9374
2380
13531
5189
10582
16210
9167
12208
10656
9357
1896
7279
10889
2377
5565
4845
7630
2120
226
3217
19364
13935
18051
7469
11862
8268
6745
681
4249
6875
3231
1901
10416
1793
8701
17287
10822
3909
7209
3434
5922
11377
7999
17337
9286
7352
1389
4883
13850
19106
19020
10791
5281
9578
1762
6060
14789
19642
5622
10067
12670
6543
6160
1092
13273
7238
12315
3917
18257
1254
11686
5728
4735
1423
16239
1321
20018
1184
16803
19894
13306
5615
14296
164
284
2054
10318
3802
9809
20094
7064
14361
10626
1696
13891
14808
14464
9804
8087
6330
11550
15732
17540
1131
2150
9379
9576
11826
13779
12705
8396
3547
10955
11385
146
10605
7155
15707
5520
12199
14370
11211
19233
11729
1323
12365
15453
16998
12421
970
6835
6258
11114
18111
6419
8385
9440
13520
6213
11532
1272
17092
17409
4690
4260
6554
6091
11713
14013
19097
5610
13870
4961
13739
14371
3134
2104
14581
17032
338
3011
1252
7960
11792
17354
1915
8718
19882
20042
9246
2608
10077
16298
10068
13206
2998
1666
8766
7615
7747
19207
12448
17901
14459
15710
3032
5722
4369
7309
19228
9365
7042
17397
14567
11514
18742
16167
16662
15508
6181
7802
18716
2633
5992
8186
4660
5874
17836
8363
12881
14318
4899
19052
14277
17058
7271
14818
1135
8689
10332
11319
3937
3365
2443
12116
2626
11149
13780
19948
16929
10734
6360
9914
15611
3821
14433
1110
813
11869
8817
15610
4387
16767
10151
15151
10229
8467
823
14823
395
12978
9068
8818
1506
19761
15463
14003
13172
12447
6571
15824
1357
5034
2315
16318
14346
10583
12420
9567
6438
17654
18235
3021
1623
17125
16554
5572
10460
7881
19799
11933
19810
7507
7311
5175
1801
4953
17581
9642
19525
11329
4710
13088
14720
9318
6847
12008
14683
12018
17846
2607
9030
2178
11769
13855
2394
6977
7070
110
10494
19235
13233
11536
7763
14895
16960
19429
7487
17420
9835
12364
16275
9338
7764
20081
16525
1672
15905
14269
7376
3352
8185
12892
1365
1878
17634
6184
16089
9229
6676
1558
6072
17413
8658
11860
7807
5246
5214
10116
2909
5949
5392
10076
7049
5223
7609
12136
8036
16337
10310
16987
9377
14505
9107
19259
2955
12378
7364
9684
2198
10472
10612
14488
1677
14011
397
406
15528
15651
1771
14457
20049
2438
910
15510
2289
3315
1761
17294
17546
13387
4799
8469
12425
9832
17147
3749
13640
11222
11902
11382
1364
5429
5086
10945
13098
307
15008
12228
11262
10669
3225
18249
8627
14553
10927
16561
19422
20022
3336
6644
14024
19107
1825
1477
1644
6125
4727
5597
2757
10934
8108
3899
2495
18194
16678
3082
3184
16403
5788
7394
16546
2457
827
11940
17191
8735
4723
8440
1620
6074
7740
19153
339
11716
12724
12185
15577
12958
18971
19273
16271
7674
15975
8902
2645
6652
19537
193
3258
12358
12791
14526
605
1993
5514
5394
2417
18994
9312
15908
8765
3269
14178
19253
17286
12432
9444
17396
12230
5987
4277
17425
19809
18546
572
13142
865
2917
12962
16288
5198
6254
6937
11466
19379
4096
5049
9562
14744
3610
11521
3648
16457
13163
10006
11520
5975
19521
12585
17238
1609
19651
3774
16570
19127
14226
4311
11079
9812
5089
15303
11899
8885
3676
8003
8342
2916
8461
9268
10534
4789
9301
3929
5068
5927
19605
10463
796
5217
13361
15305
13284
15047
4629
9308
5466
476
17459
3737
8431
16015
10983
9851
9103
6083
7010
2496
8495
16541
10340
15154
6988
17636
17539
19015
11065
7339
483
8370
17100
7379
19503
19319
4431
12716
20020
1159
13129
12247
611
6428
10274
71
12464
1726
10263
16860
6233
5784
14422
8489
6048
10602
19274
16982
4288
1269
4395
15639
11285
14856
4262
14625
14490
17624
660
2771
13786
15317
7569
9713
5977
808
10253
1460
19455
7363
10628
10589
14456
6102
9786
7775
8080
897
14006
19340
16352
17895
6319
4246
17250
5108
10765
11750
7465
15782
13927
455
1388
12088
7973
15965
13268
14660
17603
19477
11446
1383
2050
6844
4381
8517
5045
11388
5866
10102
753
15022
8914
13041
5318
3429
14664
16673
895
11088
18469
15131
8995
2030
17322
7272
2327
177
2590
17243
6172
14942
13606
18248
16708
12973
17975
14983
11675
7424
2813
10538
17787
13941
8410
10071
7249
152
2609
8114
16458
313
14380
10542
14023
1034
4334
10225
9499
12210
5813
9547
19050
13502
19387
14772
6606
9833
14870
17341
13342
3475
4361
5105
3663
10533
19144
10748
8783
10573
6852
20008
4686
8172
2190
11799
16306
16188
4665
15450
7772
11131
7103
15967
10271
984
6741
19412
759
8334
18088
12655
19079
1713
2509
13617
17964
242
1589
16013
11913
12544
18122
13417
18535
857
4014
7157
17071
10879
14110
1934
15839
788
13496
757
14811
15341
4105
15091
548
8527
15739
13212
508
11432
1098
19919
10119
16297
8534
13530
17568
5117
6141
5476
2036
316
7546
13818
1493
9479
2953
13665
11127
12941
5245
14397
2654
3038
18019
15983
7431
10000
1320
4223
7810
19
10317
15388
3624
11953
2543
6562
1337
10414
16613
19776
8451
1600
16112
7101
1857
8571
12868
1276
6638
19136
10634
3087
15452
14080
2804
7653
14719
19442
12456
19560
2409
6862
2155
14922
10648
9755
15146
7219
3503
14186
9899
14101
19911
10174
14713
4449
17097
3298
14201
7939
12982
3351
2855
18658
13986
19046
7791
10550
12390
17934
16307
17854
6035
17778
17353
18961
2018
3104
206
1910
8533
3789
7563
15106
19744
11026
13191
15606
12943
19143
3388
1021
13613
17143
8380
15547
5895
11376
14726
4115
7366
12484
15562
5734
5889
19909
13538
1940
13043
5327
7039
8937
1084
12949
5112
14182
8359
12541
7553
6156
10447
19352
16034
9362
2080
2941
15167
15745
17260
13425
16529
11489
3850
5769
9756
2306
6087
15942
10373
983
3190
10814
5826
10005
1133
282
18298
1784
17610
1628
7282
18736
15155
5604
12466
2405
6000
5798
19311
11646
11548
2646
4465
10565
1844
10093
1605
11725
5237
10716
19880
17920
12562
10466
12672
14594
14799
9918
3531
19770
16947
3538
5801
8704
10208
3841
5742
227
11858
2106
8105
13102
14709
18470
15227
11309
1264
7065
5102
16976
11089
11871
19746
12778
4541
6210
9522
8073
13610
15218
14717
18978
1144
18028
10743
15897
5160
16718
8274
15196
6457
19750
19726
13936
7558
7028
13508
3979
1864
9018
1010
15958
7574
9803
13900
16845
2873
20026
17714
5491
16660
4740
4493
18968
12168
6409
2102
15979
19705
18720
15172
5670
3933
10707
12400
7439
12908
7386
11892
19528
4088
8409
4037
4878
6612
17669
9366
16933
2529
4484
13556
10217
10215
9329
5022
2775
15709
14855
1108
9536
1954
10895
16954
13647
14373
890
5796
7770
14387
11513
17878
14034
7310
14837
9489
6963
3625
15096
10793
6976
18585
909
13828
4310
17719
20080
9853
2935
10868
16713
15460
6866
2124
12731
19077
2026
13093
10014
5080
3968
12957
13448
5752
16143
7964
18789
1462
18769
6786
819
7586
1014
16279
1815
10099
5273
7751
3763
15140
9342
6435
3140
12067
10849
19403
6588
5878
10040
2799
16951
1107
19797
9004
9193
6123
2256
2196
1941
17626
6839
8015
18057
14839
10194
19317
15722
2841
15702
7255
10988
945
5420
19331
7752
15072
8733
12764
3078
2066
2276
15247
19489
1659
5631
16812
15872
12880
14836
14435
3487
387
1555
6613
10954
9861
11764
16918
7883
465
15715
5792
11320
2244
1476
15578
14437
4769
1497
16506
3446
14071
7234
6711
10970
13055
6263
17099
17688
16639
9985
6320
10931
1746
10731
15181
854
924
15258
8661
3299
10353
14580
11419
13601
19366
17012
693
11015
18683
12146
15801
3791
6705
6630
5823
14699
12145
6577
19575
8422
14164
11312
8801
15057
5443
6446
17381
6482
17048
919
18173
10366
6816
20016
9881
17868
8367
13050
16327
15754
212
20079
8552
14330
11635
95
113
15902
5069
2187
7035
3124
7824
12696
3093
17809
20082
2898
16342
7842
19774
8012
14756
4810
14911
13896
15424
12931
13231
14749
1048
838
17311
16217
9184
14733
2903
6641
6089
13253
15910
16777
4674
16304
17323
6303
11787
13580
9181
16563
13654
10330
12321
8864
7948
960
2856
16477
2594
12056
3372
8814
14768
4430
13858
923
8252
16323
8943
5264
12675
4219
9202
13185
16861
8883
10482
14662
2967
19656
9023
2131
14322
9397
3829
11398
14320
15633
8019
551
19490
16776
15693
451
2687
17502
1150
11898
159
11678
14056
16433
13141
8282
2140
17236
13169
12069
13394
12933
2566
9628
7969
19219
16551
8958
15773
19168
16395
19714
11772
3786
11523
5907
14655
8417
17522
2518
9992
17330
515
10047
16198
2640
15706
7396
9485
12654
13666
617
19624
8468
5602
15101
2851
7029
11722
14413
14260
19585
19900
14430
14688
3465
6423
18359
8948
17562
683
16544
19200
13945
10978
5339
17523
14122
16052
8954
7668
15783
8998
19473
14083
13391
17677
14635
3103
3177
12171
1617
9912
8580
8174
5484
317
4676
6565
5329
10971
12983
560
10238
15764
16765
6488
8193
9844
5863
2691
8730
5092
9295
14005
992
16361
7757
5913
9955
1612
13086
11242
13846
2219
2111
13370
1105
2114
15665
13146
3961
14469
3698
12783
3629
5793
17586
6355
10167
1863
16881
14040
6791
16981
3028
11510
17594
1425
15174
16285
14884
2908
16869
13338
3712
11620
8565
6022
3894
8964
11082
8532
8163
6747
6038
5298
15679
19777
7071
3464
8225
17112
18409
265
12755
17576
13966
19863
5808
1475
17521
863
7687
9404
19475
15473
19484
16775
8720
15596
14390
20088
4837
696
574
453
10774
16748
17811
2451
12179
2598
3559
17256
20050
5753
3511
8346
11843
3279
4706
17739
17946
6656
5178
5515
19024
17087
17481
13929
3482
13454
15130
1282
16854
17544
10284
12022
5032
15482
6513
10861
8746
3302
19957
2275
19648
15650
18552
8919
16390
9165
19616
16295
18733
7146
8575
12461
17577
17085
8199
9244
8584
7261
2535
7144
13264
14028
2200
12032
12470
3022
5445
10756
13512
11559
8184
8137
11662
668
10007
15544
1579
12533
9705
6426
15746
12132
1539
11240
15063
8910
11665
13380
8686
13775
7500
1415
10637
5932
19327
391
3779
19921
14294
2266
19924
7926
10042
4436
12596
1845
17641
18987
11859
630
17664
14624
7111
12329
15675
17690
14933
14691
13137
19825
3898
14725
14851
3500
4264
13614
13912
16335
20017
7753
15464
13570
4226
11475
8393
15893
15240
14073
16794
3428
16424
7335
19732
15149
2746
10864
10216
11230
15786
2485
14673
14398
14179
5193
16452
10994
9035
12697
15274
17851
13983
8830
15634
11682
17430
14176
4224
10125
13854
14508
7464
13317
9105
6574
14835
6813
6027
16602
4675
9019
18930
12719
6152
7951
3600
11343
18936
12426
17419
16430
359
4960
14205
11763
11615
18909
9749
1981
16879
3158
15820
15995
15835
11603
16158
6661
14458
2418
2221
8570
14383
10727
18219
9864
11612
9121
17406
16243
12537
8927
9455
19081
7825
12986
10213
64
10515
3825
7953
19469
19084
15723
494
5505
8726
6960
15082
4490
16644
7325
12963
15428
13497
7350
319
13376
11684
10916
11389
770
17861
16583
6418
2729
12079
11927
8714
1971
8400
12516
19023
13754
13729
11941
6721
69
12382
9698
168
674
7456
7992
15691
17052
6951
14605
15523
11276
11084
3801
18910
5569
18202
19555
6526
1427
4477
1448
8935
7827
7387
11064
17038
2761
9111
10813
6444
151
5546
9847
10197
7132
4257
12673
15580
19932
14477
4016
14657
11017
14194
2005
12441
10066
12191
8315
12029
19457
16695
7695
10344
137
11781
2179
17428
5939
157
12089
16619
10841
14268
381
8119
5786
3881
11410
14723
4597
3753
19646
1073
3116
10178
11373
2866
14434
14668
11147
5301
11280
11145
6332
17334
18843
10338
17922
16400
18030
9715
6942
3997
14000
11987
9380
18161
1296
19328
16459
19723
15348
15077
5454
532
2762
18947
18171
6397
7585
2272
12657
531
11078
13414
8751
12040
1360
16743
11467
9067
6101
17909
18006
10473
5434
14473
1120
7126
6681
17492
7102
19397
18033
11220
13160
17830
5686
6614
12237
19323
16137
7732
7492
4713
11105
12829
5274
19244
15184
9945
835
4530
7599
12576
3537
5661
7243
5444
15589
15135
3493
6308
2674
16276
14289
17415
853
12857
5673
328
14331
13282
19806
2402
13266
14267
6895
11156
16129
940
6889
11705
345
5347
12402
18232
9311
9818
11936
9609
14503
19378
18183
19300
9996
5388
15209
1490
19792
13032
15287
2033
12750
13523
744
6437
448
11691
16740
10552
15988
13625
6817
6019
12216
14970
16485
1309
8010
10393
10375
6480
687
8564
7
6964
10035
9297
19141
14790
3603
12996
3077
13217
10355
13592
9341
14220
17692
15180
13517
6140
9288
6061
13585
12223
17412
17682
6795
958
6124
18414
8750
17604
16227
16604
1464
10412
8389
16245
18065
17667
6771
8939
14954
8063
1515
7100
3386
2239
12564
17534
16873
17926
11330
781
5966
9959
14929
201
6923
9614
241
9218
13470
4662
13215
16001
3039
15156
16011
16451
11257
16733
13434
861
1621
7516
14966
5855
16991
17808
13878
50
14999
6164
19365
13005
764
13314
12274
11223
2414
9046
9045
26
14460
8169
11516
6064
12917
6229
8316
11816
539
6860
5687
12304
16224
14412
12073
13123
2357
777
12938
16299
7340
619
8112
15735
14281
8378
8090
6011
16153
13748
199
1836
16806
14177
15222
3284
4330
3321
3029
3275
11096
10133
15736
17990
5532
8097
3904
15797
20056
19989
7320
14231
431
10485
14892
16280
10434
3926
5093
10103
10387
11464
11044
14776
14773
3991
15495
6531
6169
344
10593
4670
3147
17001
17642
15643
5831
7044
9490
10899
8365
11031
3691
4363
3971
8304
13456
16281
6746
9644
10660
7423
16979
9352
7706
2321
17933
6185
17792
2396
24
10139
5968
17163
13107
3880
10514
19299
19209
2993
6928
14969
12469
18086
1271
19189
1768
9659
11809
19652
19853
6550
19584
1563
17402
15001
19357
15347
7194
19204
14603
15999
17977
2462
9753
19763
4346
4811
4778
1670
13774
3827
4685
14584
915
5367
16935
11823
2391
18290
5896
14769
19195
13201
2788
8862
10285
7755
5130
19493
10201
1530
2152
6317
2860
9061
11754
14053
13406
7927
2044
12042
15058
14953
1206
16780
19897
3439
12201
5888
7993
13219
2063
1960
7797
8743
607
7019
19318
7871
8855
3360
19446
16347
4487
13234
19627
9913
9
14136
17285
18367
2921
6128
8232
19266
6052
1827
3326
4332
8674
8586
12890
12786
667
17280
2085
2802
9396
404
14896
1266
15338
5479
18918
2617
468
420
11229
7643
13767
11714
16114
16453
19643
5027
3240
4413
13007
15642
1059
5953
19427
9799
3267
17218
12835
1965
19140
2714
9542
19330
14804
11198
10522
7319
13490
11431
11609
12423
19451
13060
11451
1250
17817
129
5358
10930
17558
8054
6161
17773
228
3845
8180
14229
81
2719
1408
7076
6672
9761
4417
16014
16105
2130
8602
7519
10162
19494
5830
7207
15466
10010
3927
7086
6453
2602
9953
13978
6970
13519
2739
12465
17621
3675
19758
8230
7013
418
13529
6451
16799
13724
15332
13686
14159
1904
14770
11490
14827
11006
9262
17606
17115
19380
12242
13718
6547
12793
11844
9527
1468
13494
19350
6918
12583
7952
19272
8917
4039
13587
4964
14938
15224
16431
8277
19135
3447
3099
19551
16831
1436
3689
6166
17030
8165
13794
7326
6216
9677
11430
15253
17905
9716
3963
4750
7375
6515
19593
7450
2261
10106
15493
14592
5254
8048
9086
6432
12396
8878
3445
17916
4684
19468
19280
1511
7709
10510
14066
2551
755
16621
19088
6071
11539
846
11112
9160
7286
10448
8294
5268
14850
8990
16504
7150
14223
3738
19684
1820
2218
9345
17057
16226
3720
10909
3448
5447
6086
11477
16800
3173
1100
7094
11383
15324
7582
2241
14560
5305
15095
8668
11106
11071
18745
8344
3176
2631
9201
3990
743
3348
8691
8145
16797
9939
1040
14135
4307
11264
649
19762
15857
19478
3282
1470
11
15947
16986
19634
17944
9132
8326
17971
17696
11916
11143
72
5568
16078
7096
17398
7678
1767
7389
16209
12945
18233
11561
13632
5659
19129
14788
17438
183
549
3422
11367
16782
5170
11158
7738
2581
9335
16822
3775
2807
15235
17807
2765
11185
7174
6028
4496
18784
17220
6637
13081
17018
14069
17961
6759
3577
13579
10990
6465
15654
927
1215
6991
16552
19202
2434
5334
1682
14300
12505
13151
19635
11104
19747
13177
75
938
13785
4504
2490
14278
4693
546
18334
12344
12460
14404
10492
10023
9488
16886
3076
1484
974
2751
17957
17907
9358
12794
1955
17114
1935
6924
16476
14263
11798
8577
17684
15113
16972
16771
14149
7727
2119
2541
4697
16840
5879
10772
15912
6176
2577
3701
6946
4281
3041
16539
6015
5685
9331
9795
12841
2510
9039
14311
2707
17090
15035
5321
11737
13360
7725
364
3253
8907
5767
18894
7337
16363
9265
8069
13114
14928
8196
11274
433
3238
18120
1262
8856
6779
12058
10863
2387
6859
17094
10776
7314
17234
1166
16685
7192
643
14290
6635
11492
15626
16221
15358
2162
1643
2756
9999
8125
4499
1546
13616
10854
5008
13208
4651
19120
8702
19438
653
18074
10469
11322
8857
4278
15957
13747
15741
16309
5730
1800
2206
218
13518
5560
5960
7600
6249
4744
11873
10246
2296
5060
1322
9171
11103
4393
2937
866
7348
11937
7701
15318
17161
17561
20099
15569
7419
19628
16287
739
15865
3319
8690
15090
7734
15698
13557
20052
2053
13478
15257
2204
13413
9813
10826
11829
6855
9652
2964
10128
5380
3066
19091
5666
18931
7226
15409
13805
13600
2471
14590
3714
1701
18922
14185
12422
10786
3954
11379
11748
17663
15117
4227
15163
4554
8404
11594
19013
12332
15377
8903
12480
9944
4349
13566
2773
3636
16087
13857
19053
17499
9582
17833
8457
18138
6752
4373
17503
13491
15882
76
2794
19938
5464
2899
19959
9665
657
14650
14441
17172
14910
1294
6764
7660
13430
7112
19748
8459
6990
372
12779
12613
11900
18010
3207
19215
19305
9094
15322
13753
10991
14656
15442
13071
12905
14399
1544
1161
4215
17128
763
11741
4488
11970
17047
7887
12739
19782
255
19844
148
15796
7011
15362
11025
14907
18045
6815
9920
4239
14674
2925
19612
5474
9044
14532
1253
10963
959
12598
10740
11854
1163
2074
16719
3346
8629
8848
1202
11429
6368
17815
3449
6270
13971
13403
10017
2902
1186
393
40
18261
14017
595
15279
18325
17148
4353
9054
5660
12178
18013
8210
15922
10938
4718
19039
10810
7045
5897
15185
15290
2027
1045
3001
10403
1536
8790
3661
8860
2340
3936
12109
13418
16488
14751
9605
36
9596
10923
16237
10019
12942
16071
9787
8246
5582
2262
3784
17601
973
5111
5195
18243
7941
8556
5988
13042
196
5373
1742
15950
17589
10305
2291
18073
5081
12749
12098
1727
10551
5110
14378
11992
6135
11321
7549
17345
5458
2940
3112
363
4033
5619
12775
1681
9003
10302
3262
1604
19552
12539
17156
12192
9744
561
20073
17701
15045
6460
10256
16179
2099
1522
16184
13803
5159
11580
17896
19765
17194
17439
16589
8676
15321
7907
4065
1313
10419
7002
9927
4326
6899
3883
14480
12419
11801
4336
3728
7164
14714
2927
15097
19227
11786
17463
16701
3046
12930
3300
9384
12636
5790
9114
12104
7658
1341
11944
13995
2826
370
18318
7347
2031
2173
3314
11216
12726
2479
13404
43
171
13356
7568
16367
15836
12379
10289
11259
6381
18143
8168
11167
18254
13691
19558
10027
13695
7981
9691
10667
575
491
10437
1007
6649
18778
16786
302
2055
17852
16847
11093
17819
8176
7328
12006
1382
3432
13984
3383
17563
8218
16841
2121
237
12259
12819
11124
9841
1799
3312
19265
396
716
14732
11135
12741
16202
163
17181
3018
19026
14236
16182
4704
6008
3277
15144
8739
8453
622
14820
1310
6372
7406
10018
1724
13464
499
8623
19309
6018
11098
7912
14117
8155
10207
63
8514
626
315
9940
9491
1299
3923
19436
6837
15888
14919
12481
3135
13627
11362
3393
8405
14218
963
10554
15012
18895
7498
6214
12065
10377
11961
19670
2816
8368
15342
19970
18575
7646
19291
3456
8267
19699
8418
6055
11890
8093
7702
11455
16618
19287
10845
2501
13063
2070
17061
13887
9052
585
11633
7879
7411
16325
3673
3425
9452
7088
16432
17051
17338
6149
3133
2401
14914
4646
19834
16519
19527
19089
16272
7398
16490
10039
3241
16131
14443
1241
16118
4003
327
16434
7667
1732
11196
17394
1849
5294
5043
14282
19611
14048
17842
11011
7397
16622
12629
1039
17232
19370
8525
3966
14166
9300
16359
7484
18328
1217
9148
11695
15708
5667
6163
3685
11215
15871
11757
10659
19099
11037
16652
12682
5462
15041
10352
18304
5129
12940
11444
583
7868
16509
7113
18064
1327
11488
5073
17231
16186
13548
495
3044
7125
444
14064
2942
15534
1606
17245
19193
6703
5229
15164
15073
682
19465
19596
17802
14845
6339
249
4785
19544
8798
13467
9028
8434
2348
14806
8810
16676
8696
8096
17359
14022
15944
17217
13835
13950
1929
17329
3272
15583
12375
12993
13525
10857
6463
222
17941
20097
5646
7980
11632
11739
14826
19314
16513
11400
3539
11690
19934
16098
13528
3747
12599
7503
665
16251
15288
4709
17818
16254
6030
14313
13591
9252
11530
2416
13631
4420
10719
12718
2014
15435
3873
10241
1307
9450
6462
17648
5517
16289
10275
12198
4266
12951
19391
10267
1885
9671
276
14472
10440
16937
5989
8530
16744
19462
8033
19459
17925
13150
173
368
15280
7415
3304
9322
16925
8050
5142
19563
4357
4624
17630
8406
510
3123
15952
2314
15387
5542
1882
18008
131
8345
15189
8265
1548
8741
5263
5583
9031
9072
15649
8581
14949
10424
12981
2758
16003
13419
15505
5047
6777
19019
5521
9294
17201
16905
8323
8464
9371
13046
14208
7746
19793
13685
4495
15901
7110
10922
7290
15704
5846
8759
7995
16755
13198
111
2882
3080
15315
10422
2446
4701
287
17844
15099
2255
16819
8671
9793
5009
12510
14697
10084
7230
8888
13369
3647
19333
2574
13882
13970
15044
1000
19513
18079
13412
6252
2828
15415
3164
2445
17903
11399
946
8492
733
10115
17839
8298
2803
7805
9848
11161
5266
7195
6099
17453
4703
19886
19411
12736
13118
5140
3956
12601
234
10933
11092
1236
11252
10907
16252
876
3687
10499
684
12336
10948
337
9313
9395
8837
1079
6227
1741
1334
14718
1990
9815
3179
17154
1485
6075
6903
8460
5971
11853
9129
9838
6289
3376
12055
11606
14936
3524
20072
13446
6561
2658
11366
9071
17417
7123
6359
4997
20062
15354
6220
6593
16820
8387
5924
17205
17623
6244
17475
3387
18925
2399
3053
11178
4268
9905
12102
10292
15937
3887
12891
11434
12387
12788
18771
13161
8269
16682
17000
4
9692
16374
9625
16206
4905
5408
11758
8013
13864
14759
6735
14343
104
2028
2513
10808
20010
9411
13752
18069
11849
7833
15887
20055
7138
18059
17831
7754
18938
18286
17215
18005
14950
187
14248
17536
774
1876
8986
19211
7638
11283
1625
13576
236
1785
8705
15581
7520
12901
9185
12393
15152
1256
5235
11180
12645
9251
5122
809
15359
11502
8361
1632
15376
5384
932
1297
5503
15202
5406
4509
10489
19419
9519
9222
5417
20098
7414
14092
5993
246
11349
12871
5664
9831
2508
2904
15200
7910
8362
1972
721
373
6673
11086
1572
2554
12438
15794
6615
4698
1376
5811
9319
12997
6431
12524
3007
17744
11189
12433
1348
18530
18136
14463
7527
10181
17967
17915
15703
12995
8038
3183
12232
19801
12352
5026
16675
6886
6167
16687
13565
9207
182
11344
11504
4030
10233
3562
6452
13207
2270
15803
5523
12747
17737
11307
6794
15898
5533
8880
12148
12286
5171
8263
2351
19128
7640
13885
2223
2740
8347
6521
14985
1564
1342
11152
8762
4679
17228
7538
7662
918
17262
12030
12540
2137
13815
17319
9157
1661
19846
2186
4773
2183
13307
7217
3203
623
4432
5325
14500
6476
17050
14825
17107
2796
11921
16134
16228
10287
13861
19803
6959
7253
16353
18305
7120
6551
19618
12669
2507
17921
17646
11260
17367
631
1983
11679
14663
12916
9980
17208
8761
13442
3947
11574
5333
12577
6650
12356
8395
12666
452
12639
3993
5100
12280
14150
12075
7435
1892
19752
6916
8806
9670
6182
8296
17676
6755
11951
16643
11841
17998
11796
19496
5770
3441
1518
17584
8614
4097
9746
11179
9134
6769
7670
9000
3575
13216
8271
16462
8847
12766
411
9718
18986
12960
10800
6802
15256
9460
14859
5816
10860
10859
2009
761
18448
2483
1419
9875
17446
16628
11687
1096
17951
1846
16044
19149
3156
2093
10883
11004
11911
11023
8421
6478
17885
19367
10733
632
998
3532
6853
18024
5545
10563
143
16703
6983
13738
16538
9666
5637
19171
10356
13501
8840
2492
7741
15666
14528
15329
6719
17950
16480
10443
15492
3341
2185
14960
16393
429
8738
2661
19766
14063
7853
365
19389
17959
16370
8106
1754
5468
5942
14240
14898
2110
15498
3921
15016
8901
14170
18741
3019
7866
2362
11924
6103
17327
11783
16116
17910
3700
2192
12604
14449
12869
15806
6079
13992
13359
2844
8700
16037
13876
3889
12444
11294
11427
10611
1622
10594
4940
5713
6063
13642
11978
5234
1071
1504
7390
8302
5973
11991
17371
9978
3334
14755
5135
9475
2572
17681
12138
2382
8049
12343
9915
9183
15223
2571
13648
9826
14912
13436
2229
18011
19995
578
13534
11964
6683
7855
702
9473
3865
12885
4767
1279
3996
9528
15907
1875
17876
9050
10150
8376
8647
7526
3187
5516
3495
538
19347
1748
14243
14252
19113
9120
2625
14886
6129
17671
7963
3338
7880
12263
13526
1828
7289
1289
15323
13997
13635
1208
11639
11789
8823
3573
17059
8220
8748
12683
5453
7930
5485
5172
2992
5059
6377
8312
5291
11524
9383
4815
14763
12360
762
16973
13583
7342
7220
8778
664
16983
10420
17393
3245
3323
16155
3468
17308
10282
7251
19590
9906
3556
3858
7697
12918
9871
7200
9733
1410
15511
12221
679
9187
16957
6617
16664
2088
5733
11069
13611
14981
4375
9533
10079
11442
2611
3305
12994
17841
19704
3064
10449
7595
1012
19769
11947
3368
14167
13171
6218
669
6207
1458
10694
11645
7095
19926
18139
1453
16199
15312
8559
2716
8275
3354
9332
3713
1982
17352
3810
7453
17686
2785
15926
19119
5315
17727
309
8749
10404
3972
12921
12875
8521
13373
1051
8618
5452
2684
16608
15956
18134
10896
19599
975
4023
12278
10773
5025
13656
10475
3042
474
17834
1483
3613
12610
9375
18719
1944
1594
6975
12758
8238
3278
2558
3347
8543
10199
12225
479
9147
14973
16550
5106
18907
12097
10478
12362
11519
7147
3659
8085
912
7131
16489
6043
5161
3555
11885
11299
3016
9263
12322
13630
9509
2117
16984
18738
6486
19581
1747
13820
8454
10252
10855
7105
15696
8416
2073
3031
11525
18332
1939
17528
195
7731
5726
1115
11578
562
2107
15446
19152
14038
9438
2132
5183
8413
678
7693
15535
12039
16212
15560
16248
15351
1046
16555
4109
11557
7922
5903
1775
3488
17466
10530
12570
19257
15056
15941
6392
14521
742
5200
19847
17864
17622
11756
2463
15391
12919
12048
12327
11509
16270
19017
10718
11090
8415
10474
12128
11738
16823
11227
17597
12906
5078
3508
5579
13524
6180
12474
18792
19979
6631
4804
700
12173
1586
204
8849
15481
207
914
2158
20045
3114
2290
712
410
1533
11579
875
1911
12062
11291
17102
2326
17822
11531
10638
5127
13287
10096
16193
17060
17011
12299
14529
13009
8963
18157
15000
12150
14904
11246
2475
16301
3658
18068
4247
11326
14055
2168
10702
6175
16449
147
11745
5930
16766
16659
16989
15987
9526
17036
2309
19602
3688
11130
11162
8775
9553
13924
16642
7448
13498
12266
17222
10920
5475
16560
2300
13343
6733
12431
15884
8695
6687
439
15357
8760
8466
2605
15731
1905
13433
13153
7647
540
13383
11857
8401
17666
17313
14347
9728
8827
6477
786
15775
10327
17065
11068
2065
19371
1329
10457
2142
15365
19394
16156
5311
8829
12787
1524
12442
11263
13113
9287
17750
18762
4331
19229
4634
15054
19111
14974
18316
14079
19789
10500
11411
17997
2672
12233
12512
12843
17886
887
4729
9032
1829
19433
19808
2381
5672
6049
17647
6309
11685
1909
3059
12754
14002
19432
12142
6474
9549
1765
14864
11405
15728
13368
11703
7480
13543
4111
10315
14585
13546
8178
10757
1036
3469
8673
3635
3654
6192
1952
13607
3644
1060
7515
9356
11875
15959
7393
5875
3223
10604
523
16808
19241
15438
18076
568
6544
16141
16093
16692
170
19122
6667
18531
2160
19239
7835
13313
15883
17981
2191
354
8640
12308
10064
2008
6548
11989
18063
14964
11999
17519
15755
5850
17482
9840
11059
3664
14001
10556
9884
6002
5782
13254
947
19945
15545
14253
19395
5766
7556
8497
14109
16303
17429
19807
6350
14676
6448
2020
7762
7846
15171
17644
18960
6464
3027
19310
15102
5500
11698
17414
9637
19255
2269
18269
19356
4433
7089
10341
11284
6589
12735
11486
544
2265
12732
13463
7967
5378
5436
2996
19083
7372
892
12822
10952
10558
6865
10588
3268
1433
7756
11564
3335
8314
10844
6841
4160
8067
19179
6904
10431
7607
17569
9834
6529
2395
7925
13814
7443
7724
10379
3148
20019
8103
19492
4092
7784
16501
9655
16163
16677
9267
6130
2791
16263
13224
14563
18239
15553
3617
17435
6680
286
10976
6542
7281
9660
11800
1588
492
16195
15213
17791
6456
12429
1534
4079
1333
10578
13545
16853
5381
513
16516
12220
18548
2874
12349
12897
13069
4691
197
14344
1655
98
12842
19923
19562
11053
9106
13488
9897
13242
6076
14341
13703
17525
10126
17141
2638
8873
4981
13920
12900
19742
16394
9759
15145
7890
19795
14052
13439
636
19980
1181
8099
3090
7968
7570
10392
12737
8437
2736
12101
6507
16749
14070
11409
12823
14095
2776
7857
8537
10298
7937
7073
7560
14639
10493
18814
16470
6849
16707
17046
11724
9865
5537
16334
1336
593
16152
17083
13877
16030
14406
11462
12106
5154
14405
1985
19587
14141
13044
4790
2540
13099
6684
7265
3497
4230
2519
14905
14180
267
1740
7532
7961
16670
15891
17515
18141
9622
19124
5524
18861
1400
3609
13144
1284
19514
17344
17010
2570
1900
17210
11664
6729
3416
2344
4537
1049
6109
873
16941
1898
2634
19483
5991
19925
3806
9709
11810
17618
3792
12556
14132
17513
6748
15459
5419
11842
16051
19633
11894
17120
15890
10830
5771
2862
13119
9554
5909
17005
16924
5076
10701
10789
3796
5328
12414
2947
15074
9349
19440
2143
9272
1693
5540
13663
2172
9433
10779
17447
9603
6836
10090
13967
6845
15128
14707
8931
950
6540
7767
6158
10421
7917
2536
9194
10091
1413
18070
1033
1545
1367
10462
2547
11956
4090
19876
3178
2965
19854
17277
9828
12947
9574
5064
12889
628
880
413
7718
17145
11697
14008
16494
12535
6159
4545
380
5643
12436
1164
608
15461
3630
3949
2292
13994
203
6767
2872
1529
17801
5470
14121
15548
3518
3549
6657
19994
2404
4094
2718
11584
5346
8899
412
9156
18985
15827
13679
16123
10999
8843
12904
2094
5645
2832
9993
7635
9571
1642
2742
9241
5562
19757
2883
5418
3146
5433
5737
14033
13051
7530
19724
18277
4312
2641
9699
17276
15822
23
10834
16926
8908
10459
17960
4435
4252
12130
2657
10897
8734
16738
2464
9773
19753
5139
458
1438
2782
3452
16215
642
13027
1830
19953
5248
1121
19382
9544
10905
4542
6584
12357
11500
7562
6497
16542
15737
13257
8427
1385
5104
15411
14393
3980
13895
7137
4533
13880
13190
7676
19996
17488
12281
6636
7583
14273
11931
10277
2932
745
19354
1948
13987
2636
7673
17952
6778
6473
6826
7906
9635
5904
10179
2962
9333
9505
12316
18036
18976
15996
6023
10547
18262
2364
9998
88
3891
10211
16688
8608
11256
14840
2209
1702
16317
14829
9934
10885
19288
12181
15532
12241
15766
8320
1772
9734
2690
15111
3868
5911
9465
2164
13126
19359
3002
14783
3867
15078
10337
16102
1691
6869
3884
19102
9849
16832
3958
10408
5374
10893
4428
7121
16897
767
19868
2330
10243
4559
13641
19739
10155
10903
14731
3047
8081
2355
19404
615
17879
13094
7104
19961
1593
12894
7316
19316
812
1568
10154
658
14863
1355
10110
5518
20033
15449
2133
16108
11864
10223
5103
13873
12473
11856
2676
5087
18791
2346
7806
9055
17346
19922
16531
10975
8967
16083
9090
2620
14854
6605
6820
2770
12538
16204
12849
12984
18927
2715
12714
16170
3036
19610
704
16887
1247
9721
12883
12389
12628
2948
7187
2129
13732
4628
16160
16387
10627
13505
3339
1598
10752
7899
13623
17264
4468
520
271
17559
749
5745
881
6017
3397
2752
1155
7206
16543
19201
5915
20005
15690
4371
19604
3424
3494
19134
5439
19718
12296
15943
7843
12052
1843
12867
11003
12011
16049
8769
10787
13975
15962
19971
8064
6732
17379
7933
16872
7769
166
12027
3209
7988
7722
17994
8223
9805
13795
16717
15618
6793
10384
10513
2853
8202
2954
795
14504
14523
6271
16788
5566
5354
894
17570
15112
13901
19112
3084
7467
2522
7068
16467
834
19786
12159
7976
16809
14211
968
19463
8792
19962
17607
19384
2966
2575
3935
16035
8918
13898
2359
17758
10561
18924
10127
16039
4103
17824
13675
8777
5891
17982
8349
12311
9754
17894
6001
6697
1760
17765
7321
16445
20038
9176
13450
12706
19831
19181
1290
10566
19577
39
11018
12581
5312
15572
9693
3684
19960
11949
19609
19812
12479
9777
10940
6566
12989
9115
14181
13511
8835
13690
17432
976
3665
19125
5655
14507
12637
1116
1680
6363
17991
19986
8522
18246
7711
9125
7355
12176
14470
3733
1077
2282
15744
6353
7808
11270
1168
11804
15062
7043
19696
14245
13244
17712
9385
13776
6744
17541
6514
19392
16496
563
8573
6104
8289
13117
7263
17695
2425
6785
1058
12595
7822
15961
15906
9149
1837
2733
6039
13808
7278
6713
17899
9278
1488
16920
19550
9462
7262
3832
3436
446
14036
9765
15380
10497
8607
15552
1495
9173
14043
1528
3885
51
17598
15721
20089
15953
18072
7107
14200
8212
11522
994
9972
5764
7283
9954
6384
15191
14582
14133
4414
14774
5847
1671
15617
10657
5510
12503
2990
11048
13103
11380
14465
12612
10557
7440
15198
4013
822
5424
15659
14029
18301
1198
11784
16609
11219
16526
7795
16904
10382
3303
7400
5759
16339
11634
7304
13865
12603
14345
7975
16988
1538
12154
16113
12213
7915
3984
8215
9116
1472
17182
2777
16761
11850
12395
15683
699
7575
18084
558
347
6202
1330
13574
3111
13553
3329
7417
16945
1194
14084
4263
12160
9048
4792
2084
19574
3517
15344
3938
8554
13223
14271
15689
3892
7847
11743
12026
6293
19114
13471
5313
7083
13985
17189
13037
9467
5071
10491
5681
12489
1758
7920
16041
20092
9392
11973
5506
8712
5243
17788
18729
9717
13868
12546
10985
16734
15333
2302
19773
12298
44
8182
3056
11286
17027
17298
16033
7216
11556
817
7771
87
12902
2264
11473
6931
11608
153
12664
3375
3083
3292
14292
1047
17497
2459
14925
18081
13637
13907
16351
5961
6545
13460
9276
16735
17373
7759
2071
2769
15071
15121
7341
6856
7007
2410
8728
19895
13991
16956
5300
10525
3852
19420
11541
12833
8420
11123
15417
2224
8324
11983
9588
7040
2534
12234
7218
878
12939
5141
2254
19836
15740
13382
2666
12495
11008
11273
15817
5113
9178
18043
10227
367
19855
799
3626
6517
289
12347
2548
11914
15567
11308
13410
14067
3244
8619
17331
13157
8610
10523
15749
2688
19778
9839
2145
16558
12992
8630
19579
5905
8173
5970
4648
9447
4235
11644
15378
5449
11872
17672
7717
1980
1191
10221
901
6648
5699
12616
11674
10824
11533
8207
14089
17318
17185
15243
61
16977
15522
3561
8938
12694
7839
296
12711
3651
2032
7761
9663
2328
1318
5549
9340
8758
3576
10145
5845
7135
16464
13904
1893
14648
12816
16995
505
11426
12845
4581
5725
4012
15497
5536
1791
1552
10878
12108
12542
12964
3070
1281
6088
16187
8449
3727
6003
2076
7533
1275
4036
17649
524
12453
10326
16145
3106
18265
2504
9337
3655
1855
6024
11773
1716
19998
84
19289
15088
5386
11378
3374
15177
13155
12492
18759
15925
6080
6006
12534
7193
8390
16130
19686
1540
8596
6329
8677
9168
17963
3170
14977
7173
15726
9801
3219
18093
9589
19154
5918
15787
2281
11640
311
7143
16383
10244
5136
12886
8082
8821
8060
9797
4734
10391
17591
18842
17149
8598
3588
11424
12844
2857
4376
12355
16614
11028
19741
4450
16754
10732
13840
15488
3168
14183
3131
10002
7038
17305
19740
17645
1370
14617
17771
1457
1728
2591
19864
15291
19912
6296
15011
11197
247
6056
2138
17403
2006
13258
17078
15302
5368
3320
17535
11595
5978
124
13720
3897
17434
13831
1705
14596
5556
2251
15705
3807
141
8788
12238
13765
3919
14337
9789
14833
4421
13096
15972
14168
6828
11173
15602
17377
19658
15503
10186
10476
8221
6267
2389
19533
2332
3722
9887
9926
16125
15400
19276
17362
7444
7091
16398
13122
15677
12658
6194
1371
6702
13392
15265
1848
600
18855
13466
4753
5833
19197
6611
4736
10559
7972
18180
6466
3690
12811
3680
13736
19896
2161
17520
806
16354
19727
4480
14747
14225
16949
18554
10973
6148
11000
11348
5671
13476
6701
19928
9504
14715
16810
17722
14431
2171
15713
8505
1127
18854
17717
3073
5617
12777
13033
3974
5075
14517
19123
12734
7518
1560
14007
1571
3239
6919
5998
1001
7197
257
6374
1086
9151
15985
14609
428
16410
2440
6796
14010
18549
3744
11045
14986
5509
6100
7327
19913
5624
18444
15369
6858
14831
13348
17929
5504
1840
13333
6908
11566
4603
16416
9391
19981
11288
12471
2913
11118
18706
17297
1520
15194
19458
7273
19002
19177
12019
3529
9633
14951
268
13472
10045
17832
4378
1660
14120
12966
9162
5654
13660
19047
6496
9024
19701
19303
14548
2891
2025
15483
17290
19711
6557
11437
11417
11568
1503
1977
14306
275
19063
10833
7425
9886
9512
8350
18954
7264
4813
7891
3172
4107
11174
1456
10801
6660
15249
14997
5842
545
16324
5385
9683
14652
16181
15334
19452
17176
17782
19554
13183
3811
14474
20025
11206
6165
10371
12078
8591
7669
4712
7119
11751
16132
7935
6867
2957
15592
1963
1183
10307
306
5066
11719
6044
16902
19064
12305
7306
14075
6126
17044
3330
18839
6556
1288
15441
4540
8224
5121
5382
1874
8770
11966
2429
9685
4004
16255
2042
9451
17958
9470
1494
7463
10600
7838
14091
13014
1928
6256
843
1879
19873
13911
814
12342
5293
19510
17749
7888
2961
17455
18075
3373
3344
7481
15832
18945
15896
11339
10054
847
13999
11572
2135
16220
14611
5459
12571
15997
4438
13777
17282
776
8579
7852
13998
12549
16161
3878
18940
9235
13884
13136
5442
14878
17552
4613
1267
7184
2043
20084
16399
14115
8297
12548
8560
17491
17919
14151
19851
17270
134
4623
16875
1697
3454
1634
7626
526
6168
19312
5232
14519
266
8707
5665
8768
1201
19588
789
4355
760
8471
15252
17124
7165
13962
16277
11975
6927
13484
5809
10560
3930
16414
19534
17738
11062
6105
1076
17881
13397
8005
7581
14834
2923
1429
6348
9135
6093
13910
10577
7739
19614
694
13262
18865
2297
6042
18047
11570
10641
5227
7360
19543
3864
12948
5851
12587
15830
17518
5070
17195
2545
8101
8161
10837
12253
17590
13426
5280
16290
3697
8981
18770
9280
5377
11364
12403
16329
13653
6365
15114
8503
20009
7299
9029
17008
20036
3060
8992
14530
3731
12864
5461
5138
13783
11239
5067
14569
7996
5920
6364
17116
6246
10001
9145
19307
3201
2671
10316
5704
11032
9126
13352
1189
20027
13499
20001
3085
1391
19145
12445
15160
17209
8544
8303
13261
22
13841
15502
10378
16439
13778
686
14363
11619
2677
2562
14350
190
15499
10997
7982
14557
14285
14362
8206
10056
4121
12574
1651
18540
3886
7656
6178
4287
7622
5954
2520
3350
6524
3798
7359
3166
7362
16617
11818
1513
13279
9846
4615
8871
6370
15010
15699
17407
16474
14782
19170
12643
10968
13303
11503
19240
11877
8167
11261
10633
14102
85
10446
15555
862
9483
4814
14144
17029
15620
14355
13278
6034
11604
16716
12314
14261
7298
3142
773
9719
7940
6936
15873
5735
13335
571
4437
12187
7696
12910
10376
18516
12411
19973
5511
15813
16463
15471
855
2455
7196
11715
12874
2139
11016
16795
10596
16010
5228
1347
8929
7256
13012
15536
9951
12083
2236
11998
10891
10428
14704
4689
6921
8026
188
7679
10349
5239
132
14544
3981
996
928
14425
13676
10585
12678
13916
5236
6525
213
14309
1315
17537
8600
3136
13452
17547
5832
3725
13230
16197
15070
2951
3520
2578
6587
1085
1411
18044
1719
3932
12059
5871
14210
8482
18339
13164
5310
15295
3526
11483
7776
5935
9394
14516
2660
335
8240
2147
1173
9228
17433
17794
3197
8553
19857
14882
12289
13536
10175
11324
3012
13919
12273
15550
7203
836
19269
488
13694
17136
297
977
15809
9441
2887
13337
1193
18993
6503
15187
7257
16372
19672
9971
12111
14633
19561
12692
14879
13949
7564
4141
4534
13982
14739
4469
13408
12968
12622
14116
1169
14832
57
12870
19839
5828
5727
18354
1862
8983
9798
60
17629
1804
17188
2349
10502
6223
1703
9768
17616
13462
430
17291
17935
5168
7720
1286
1416
13832
8561
1630
1770
9495
1831
20047
2125
12820
7482
1119
16722
7573
4642
362
13031
8879
19042
5421
4390
2988
6122
12563
2730
19417
5642
10309
6598
8944
4470
15431
2352
7991
9188
7178
19502
77
14203
19348
5450
5277
6792
18662
12408
3437
6870
8004
13290
16138
12700
5554
15430
13187
8886
11254
7274
13148
3117
11984
5412
6325
13281
13704
14815
5383
3761
11042
19353
17918
2624
16149
221
14106
10509
15175
13829
14698
8845
14568
4923
16686
19010
13346
7472
17526
14305
10339
10775
8662
2912
16645
15233
3234
5649
3945
2086
3542
3768
5678
2246
14272
7087
1856
5986
2194
2713
10328
12853
9177
19813
13237
13339
16048
3389
17190
4942
9702
12167
6050
1097
12405
17529
3869
7275
15539
5859
10866
5754
16175
178
8510
12768
5588
16492
9935
7737
19898
952
8133
10258
19409
3639
9353
13378
8755
17479
15148
12264
14819
8587
17932
13197
15268
16086
2415
6345
5077
8859
8660
14678
18195
4108
3762
10658
3297
16168
20065
19385
5849
6967
5679
3973
13684
18001
8729
3226
16663
1914
5750
11529
17777
17723
1002
15168
13634
6261
17174
16357
11305
985
12222
10965
3128
19615
13319
17873
6625
9293
16684
7547
7189
16408
443
2979
19190
9198
9412
14112
4984
5530
16025
8213
9958
4546
11435
12798
7994
17906
6716
15559
7055
14748
11650
13016
16316
10532
15250
8391
7641
8796
17165
13149
262
2037
5534
6422
12703
15851
11297
1872
4188
12491
13692
5982
2159
16128
4592
17249
11346
1908
3944
3408
15821
9810
19044
16723
10521
5724
10069
3126
15425
7410
6315
13022
13110
11590
6539
507
5925
11024
17588
16126
3890
9027
15055
14518
1989
5015
12427
14858
16124
18032
12156
9494
17091
12031
12631
17806
5541
8832
6430
17186
12205
14114
7228
19583
5598
10214
13034
13926
698
10322
6700
18834
379
2126
6362
3711
6738
14623
2582
16955
16111
2586
13595
2879
2472
14403
13860
3999
15625
17668
12354
15753
19944
2494
9706
15300
10046
14401
17368
18256
15166
7368
1860
19567
3281
7932
10639
5299
15003
1578
14515
16225
8419
3458
19059
3270
6883
10723
16770
6492
11845
17487
9190
6203
13461
6498
1689
8633
12044
6670
8681
13052
18744
2725
14710
13269
666
16109
4445
3998
16605
16004
10663
5058
4765
13265
11396
9025
5265
17602
136
11331
1251
4370
7252
15765
19927
17004
9538
15674
6731
12536
4803
6881
8678
4085
11882
502
3151
13077
12519
5657
2635
14239
5937
441
10218
1819
725
12251
8430
11528
19901
7330
7301
9415
14420
14202
11654
10524
6696
6938
7644
14045
6821
17882
18240
15157
2452
17784
14775
17175
831
3911
7046
12366
15838
5587
16732
14659
1541
4616
17813
91
15394
19666
2727
17040
14354
2258
16532
4526
19564
17800
5526
7505
15558
5029
589
5446
7577
19313
19115
19908
15118
19320
8094
5785
16356
1547
14932
1280
8664
12691
2311
14764
10050
15375
10726
8139
9908
7493
14853
2881
13156
2792
1889
10228
19869
5513
14752
16376
12723
9363
2680
2077
5696
2884
4921
3423
9537
14535
9009
13100
11721
5132
17628
384
18798
10192
10409
13305
13756
7127
9439
15382
16346
5900
9703
10296
5501
6761
7052
14427
1720
17054
11413
19570
11460
11647
13513
16814
9604
37
16381
11150
1263
150
6884
9474
12302
7259
735
14030
1725
13759
14900
12701
487
7501
3592
438
19669
3008
493
7606
8243
5929
10613
225
2822
14025
1730
135
485
5876
11133
15960
3264
11907
1991
10969
2035
5716
9143
16172
17970
13085
18031
12131
12113
5868
5674
19613
10738
16191
1430
11638
18527
17274
5074
9855
7401
12688
13379
15920
15284
1573
9629
3951
2748
11648
9681
9539
18216
12573
11268
12659
2047
15474
1823
528
7343
9290
18492
11494
4250
12926
5703
15811
17643
11692
13236
15133
8219
17219
7559
15298
19218
11056
10581
16508
17770
8747
13977
11449
3498
19607
16386
8508
15289
9680
9587
15517
5360
3492
10009
4184
14795
12265
10124
5943
12961
7849
15976
1352
8663
5471
19416
10399
10177
6222
15564
504
1877
13162
2412
14448
5147
11169
200
2201
5173
9546
15264
1521
11897
13402
3820
9891
17489
1674
16946
9892
5712
3602
19251
17732
4700
3780
17924
16360
6005
14097
11712
115
15230
15894
1913
17039
7024
8535
13280
3580
17098
8891
11962
6594
9063
19671
8915
17979
18806
8373
11553
12594
11972
3385
9233
9584
10962
5209
3285
10248
7145
18758
9946
11327
19791
2726
11453
16598
9610
19703
16355
269
4731
205
17150
17151
17615
12397
3391
3461
6825
5751
13365
15760
15219
12063
5356
1978
17767
10013
19540
839
8547
7208
14059
3412
9910
12074
14540
15973
6913
3017
3006
12572
592
1899
17068
8612
7726
2712
5107
14086
13889
9601
8446
456
12873
11901
15518
7191
9261
2910
18804
5088
1658
2488
11833
1232
10254
7287
11439
3866
2639
7913
12591
14647
10867
19460
6241
16574
9500
10329
6694
7688
7700
17900
16139
3414
12476
12203
6150
1559
3025
13723
10430
2511
15772
19393
6036
542
14140
2096
19157
13626
17278
10780
19306
14198
10535
16322
14711
8364
2685
11878
14259
11825
1363
18344
11549
6599
17152
17042
9597
8509
15785
14087
8159
5174
17498
5005
15637
8763
17825
13180
2051
7367
8160
5677
8278
1451
16232
8086
7351
13139
2926
12530
8270
3953
15254
8377
4197
16313
1809
16593
14615
19402
18258
5222
2842
1638
8982
10501
7471
5835
8476
6851
7590
15542
17477
12231
15854
6014
12854
11047
5399
6917
3828
6215
18550
13547
15018
14372
16633
17651
20075
6069
11546
18250
1258
7652
3496
11537
10118
4688
17848
10402
17789
19194
1409
16405
8292
12254
3438
14959
15712
14967
13644
13615
13409
9870
5396
11125
15311
6340
7550
17272
20015
6291
17375
8239
15036
19165
5718
7067
15969
9224
17769
13393
8752
9053
15875
12300
2723
8273
19270
2670
8833
5810
11057
10842
12072
15668
12057
5723
15747
11357
8592
8288
2024
4071
7508
7030
16497
15479
18542
8426
4447
2689
6455
10606
19771
16273
2703
19308
15327
5507
5186
6259
14963
1774
10906
17939
19814
9654
7908
6957
17126
8895
7099
15933
3220
3856
3754
2989
17658
16417
10319
19905
10034
14943
106
13730
1020
17416
8516
3939
9142
14447
17225
18012
7322
7171
10729
17289
1487
11723
9817
6591
7056
12331
18748
18124
17608
16648
730
1216
7176
6897
12410
3229
2319
15123
6986
8805
10313
6629
16311
12164
9354
10932
3674
15608
4458
6054
16429
19388
2809
5483
6316
18055
13790
17592
8487
13956
8669
12045
13674
5413
19368
17369
11139
15275
11887
15192
383
5063
19072
2307
9223
11870
13847
12126
9258
17445
14142
2686
9911
11402
82
18991
9088
13468
16739
8179
13111
12137
5675
517
8550
9137
12501
14359
17364
12091
6583
16099
9825
5941
9283
16478
11128
6665
5149
4478
216
4452
13316
2876
13327
15594
10575
16779
5037
19018
11091
1787
9159
3643
14934
15622
9902
19982
11880
18969
19879
19731
962
6375
3872
15261
15697
5152
6280
17202
1895
7466
581
1942
10918
3851
2091
6989
16942
2225
690
3442
701
19542
6493
15653
2968
8811
6854
3426
12488
15246
10528
17140
12834
15616
17117
14255
13165
12306
13555
13407
1650
2439
2924
3481
9239
11317
14222
16019
13816
3228
15823
1721
127
6646
7057
10884
16888
4638
18004
11208
17310
18159
15829
3145
5963
15607
19848
9606
11945
7894
16201
16661
10468
3048
18148
15504
15210
13015
17259
15360
13586
17372
13036
13809
6750
2834
15815
8335
14316
14552
12588
9059
6224
3324
19532
2579
18142
19630
7033
14139
6953
11067
18571
14952
12912
15037
16006
360
16805
9389
845
3545
17715
11476
2286
6273
14767
13905
18698
4491
11050
18496
5097
8046
5564
10311
13559
9708
6021
8110
5437
1062
15879
7080
358
14666
10303
8115
13796
1663
2805
17989
16846
7204
11868
14145
15346
16634
16148
13933
10939
13029
19293
7924
14631
4502
14094
14293
4220
3483
1668
17253
9315
14861
10537
10483
17514
17675
11591
7781
5349
8234
8620
11776
12609
10453
16672
1218
3063
13121
7785
6441
9653
14444
1162
18066
6901
15853
16690
19538
357
1311
16756
15356
7354
1782
11607
4113
525
6170
11543
16965
12350
17683
12955
9520
7983
3778
6887
15781
6179
15791
3296
2850
8732
7247
14640
1268
9386
16023
11728
8056
17983
4822
5270
10136
243
3808
10427
3261
5934
12184
1346
336
13658
4643
18523
16437
10301
9400
7682
8976
1445
2436
17183
8969
19326
5143
11576
17549
389
4998
9859
1601
1688
11481
2287
7240
15316
1949
9139
1192
4505
1869
19862
982
7840
10875
19423
651
19431
11303
14119
16069
2667
9323
10898
10967
15940
2369
15392
7231
5262
10584
17448
9687
2465
10415
15241
12644
3831
6535
15948
4259
6819
11350
10620
17871
5705
8979
15491
746
7522
18311
6145
2259
10236
3005
16557
7579
8842
9615
12611
8881
6221
8861
13811
16612
11761
12553
7062
19344
6312
4618
19617
10910
15759
10070
2325
10564
12096
11881
19449
4010
7041
11142
17266
3484
15201
17312
3
6276
17757
19891
6980
14542
16627
12409
14118
15042
3149
15756
17617
15352
8231
11019
4726
7409
3922
19874
13218
9369
4463
394
17335
258
16865
4782
16180
11930
724
7610
6240
16679
6351
6133
7458
14792
12893
253
1273
8023
16882
18118
15484
10986
3955
2552
7036
16247
1988
3710
3705
14638
7617
8713
97
11599
6356
11479
8485
16415
5407
7479
20046
5085
5379
18085
3839
7023
4084
10137
7561
4073
425
17517
18023
19507
8429
17385
15260
3732
18702
2595
17797
7716
5969
8688
13960
8841
5116
3427
4508
19439
5768
9535
5824
15974
5802
3381
490
13834
375
12214
17431
7832
20041
3783
8248
11022
19595
7437
6773
7521
13252
9967
19151
5894
19186
3817
2210
9975
6568
11589
10710
17281
17399
11851
10958
15828
15549
3632
15413
20077
5574
11775
8062
18951
7540
14940
6114
4930
3758
16268
7237
16632
5036
9368
7048
6934
12252
7167
12330
15792
19759
11244
2820
374
9419
13390
20012
7867
14352
5877
6920
15819
11371
10794
12340
3726
5777
14026
11415
6601
15711
11838
4159
7491
6358
7510
9101
5820
13134
5317
18941
2705
14805
9965
4763
14502
14088
18131
12320
5438
5247
18037
13049
706
9950
7938
7288
68
2354
1312
13091
8670
5098
2679
15094
15904
652
2615
553
142
9092
7374
14125
14984
9961
9808
18119
18750
14487
10044
5052
2868
12650
2370
11341
20096
5050
19482
11562
12338
11506
6070
11889
10425
6417
8638
11318
7631
5550
2476
1690
8216
13938
17500
5552
18313
16171
6268
12112
8808
3357
14283
17408
1292
19261
2453
1090
10389
19688
5581
9858
14212
15903
18387
9140
12143
1652
2781
12861
16783
12876
11418
11370
18824
18287
9696
15849
10278
16244
12975
47
13937
12174
17938
1117
14171
3957
4142
1812
10944
13068
6033
18882
673
11155
5779
8374
5062
12927
14495
9807
10529
8926
2329
14561
19649
15129
1481
8188
11005
12268
11960
8131
15648
16450
18135
16863
7792
16308
8764
1160
1919
19985
7511
9057
210
174
7704
19076
2885
13438
1868
1142
16260
10865
2441
17314
15808
14822
6724
12708
14340
4797
4241
4506
9830
840
14009
12807
11957
1764
3072
15115
10908
8491
15217
2949
9511
10444
8709
19657
2444
13532
11034
6501
12661
15273
4754
2621
10176
17023
2002
9403
12757
8170
13179
16002
17113
16537
1519
16091
19206
6090
10608
15371
19695
10874
15816
6285
4374
10180
17978
9264
17945
1616
16568
8032
3215
13792
14821
18315
4816
13092
9413
6608
19341
2268
13090
16700
6177
7628
12147
2516
16729
883
4175
15714
8913
14276
15986
9643
15158
6413
7773
19673
17816
2833
738
6911
3920
9732
17284
9204
11298
16291
156
8819
16194
7460
12569
12752
7715
3125
15080
9012
353
7222
5994
15927
70
17595
9065
11683
7140
15447
14475
1278
15126
12455
8100
8697
6414
8109
15576
13542
10082
1414
16043
4441
8872
6885
17556
16024
6842
8366
13344
13700
15784
16115
3568
17157
7188
14242
11443
10065
10645
100
2747
20059
13353
17299
3100
14980
17726
17942
2112
15038
5271
192
11534
5738
3660
7050
11742
15506
2652
2900
12443
3656
11886
18040
6369
3003
7063
13680
16655
3366
4724
16813
5397
16774
15259
11030
6411
5182
1331
1679
2999
19524
11144
8433
3342
1199
17370
19075
19659
16240
12792
19358
1301
11010
18880
12579
16072
2474
8721
11623
7962
8780
4000
6153
14643
6624
9417
5319
19284
18538
15914
1066
13677
5744
18342
14757
7965
9735
6118
5337
7841
16818
14047
14491
19161
2280
15031
4517
3340
1969
15554
7336
9205
6378
9941
10902
15761
19572
2163
12545
1317
7729
566
1005
2692
18255
17275
15994
11982
936
17160
16900
3861
3380
9819
16045
16885
9324
16068
14124
16084
7485
13807
15613
417
14619
13101
8725
18297
2786
5259
17427
5848
18110
7442
2473
17095
16365
2783
17639
19057
4529
18199
18087
10433
15203
1891
17227
18718
9275
10926
16391
1245
5578
4801
6328
15212
6127
17257
18813
16914
12477
6143
14926
3058
299
17137
821
16827
1743
2569
15002
10147
7875
3415
18524
15143
5030
19071
5216
8909
6380
11508
10831
15025
4253
6092
8203
15685
19285
11517
13138
3411
7232
12511
19256
13503
5976
1291
511
19108
2825
19620
17987
15919
9916
6846
15283
15405
11965
6469
11586
1921
3723
7627
13784
18734
8250
3431
6643
10632
9641
1722
7269
9382
1925
10247
13981
16959
555
3977
13893
15248
12353
14753
19243
8249
7142
18728
12824
8052
13522
11977
8008
19376
5644
16527
16234
7557
14780
11831
7331
12125
17847
17865
11863
5348
15046
15600
10273
2089
9418
322
4086
15757
17325
6783
19087
13802
7897
17756
17743
9216
10202
3633
9095
6693
10417
16038
6742
12367
18281
11115
19835
5411
19447
8007
3247
283
12698
591
18950
2745
8850
8897
16484
3815
13965
14134
736
4536
4418
2212
6242
17261
3252
13089
12015
1407
17483
17451
4442
6909
1591
9203
12709
6527
8736
12017
3579
12189
11671
18293
1018
7766
12580
17889
18029
3392
15033
1514
18499
6522
2118
1022
10647
4507
2427
8329
16144
18831
16119
6505
2978
13274
8142
2845
19950
13202
12704
4211
12249
19029
7377
11395
7385
17271
12782
711
3367
11085
16606
11830
1070
16448
16944
2963
1165
14551
12054
1384
18979
15846
9091
15064
14275
14021
13495
719
11790
9170
19546
9010
1832
2331
6305
19603
4784
13326
7884
15385
7571
1903
2478
19016
9314
3797
885
17612
1068
14410
6412
879
12244
13859
7896
731
11583
8773
5641
522
8124
19785
8968
390
9408
1303
4404
5180
12980
405
1212
11883
89
1055
15543
18147
6196
1890
2573
9775
19526
19334
19709
340
4639
9256
19264
2780
9234
5544
1924
10649
19268
17578
16758
19512
6954
17660
5362
15079
14541
14738
11046
19637
10455
15951
10450
6275
6871
305
2486
993
5163
19536
15998
10698
16711
2521
17850
12500
14993
5573
8687
17404
18151
1390
1923
9673
18101
11372
5743
15845
3379
1167
6645
18181
12009
11408
13399
1835
13671
11218
13062
13213
3378
8322
18102
12188
929
10984
2760
14865
3050
12119
18827
20003
16246
9282
5698
14546
16751
18958
5048
6651
11214
10570
14451
11993
17326
11095
10061
13710
16883
9215
6633
19130
8545
14376
16975
10190
5238
14801
14810
14847
17049
6228
9174
9346
705
8447
8613
11552
7318
7597
12186
3037
6058
7796
4053
14866
5457
4169
5711
3960
2081
5414
4479
790
9837
6569
3362
3748
2249
4717
11097
14607
4539
4168
5197
17456
9454
14599
19499
1017
14224
11812
13061
8123
10569
17635
15296
7830
3842
16103
14466
18534
1136
12376
1403
9217
19632
1124
3327
8625
6110
139
2095
10571
10164
9062
5251
10257
17679
10759
1011
15763
17082
15788
19066
2565
2656
12117
19301
14708
12158
9296
17655
423
18596
1237
1715
8893
7383
14510
9762
17109
10413
14054
10664
7317
5031
16009
13661
5736
10461
5
16036
4747
7295
2673
4196
4519
17564
12627
4208
9399
6209
15671
3364
17533
5431
12839
4443
11391
15208
7329
12122
6247
14543
18802
16666
6053
15599
11926
15374
13019
14019
15299
10081
12105
6682
2257
5838
1979
10591
12527
19246
7821
7886
12950
4216
1888
15595
17884
6610
8272
16878
4619
12607
8646
11480
16785
17164
7601
15122
2090
18537
5090
14614
11243
12608
31
5691
3809
9638
10644
4459
11217
8118
6578
19772
19883
6298
3816
19070
4095
4748
10131
5287
15529
16008
5748
14049
8383
9586
454
12935
9279
7276
5834
9361
12923
18089
14754
10840
14957
279
14830
17155
17966
19578
4093
20053
14996
3162
17837
16895
8616
19342
5884
17303
9930
2561
6552
12762
9701
17328
4649
616
17248
19321
10101
5749
8132
16712
18094
3107
18014
19435
17721
12977
18127
16762
5936
13057
10168
11905
15641
15557
11555
3724
14944
10953
979
19399
5267
9727
3595
527
18327
825
9783
603
8649
2928
18856
20090
2943
3642
5837
4440
3862
19715
11626
2592
7616
3540
11598
10308
15401
3407
1627
2477
15307
5345
17122
15237
12450
18092
6119
2211
4823
16702
15672
13755
10265
12859
5084
14777
7870
2240
7371
15013
17859
10112
7592
16070
403
7648
15426
8498
6287
16908
11518
18200
13797
5391
14779
14871
19816
1664
2613
10028
12756
1190
3519
17268
6727
10300
20013
14642
18805
11159
10519
7541
19663
12866
19601
12049
8756
15328
14549
103
424
6563
842
18417
7161
6940
1567
1122
3119
16063
3593
9747
1305
9425
4595
12115
1710
10654
5425
8285
19826
11113
3551
19645
9255
9623
13158
5493
11558
12872
18294
15076
13473
16530
13856
9674
13804
4244
11925
7602
8863
12025
6532
10996
15
13296
158
15119
11996
238
19374
6541
9986
12261
17422
4932
19667
12725
2136
7081
8480
13437
1083
7593
2217
3652
11943
2341
17753
3030
2413
6295
10359
10769
9484
12828
54
12257
13972
10036
5094
17874
1637
2817
17741
7768
7512
852
1999
19294
19466
714
3049
15368
17984
19859
11187
15638
11788
17931
17384
10203
8311
15909
10370
18920
4531
6893
7525
9214
2174
18785
3667
4663
8959
6628
13293
10517
1344
1074
19937
1676
4157
3450
8621
8059
17199
6032
5151
2772
1535
10394
15404
11545
618
12012
16423
15593
3683
12270
10073
18097
6292
14686
15636
20051
5885
2767
2800
11074
3855
349
766
432
1587
5284
11720
5042
9002
12307
14016
19461
15262
3455
18300
13159
8877
2278
437
5729
12328
8650
15758
10347
1015
12451
14060
9464
12000
13594
2585
14319
13875
3759
160
3430
4598
329
8854
14766
11710
1763
5456
1957
38
1778
12082
16151
19054
16842
13229
19977
16133
3645
647
13976
18704
11210
3818
9102
3157
16990
12197
7596
13328
11744
10951
19594
6803
10078
10270
18098
644
17875
12021
11251
4647
19511
567
6915
12911
6912
6758
7902
16698
930
117
12319
937
16575
4771
16514
14899
4808
16090
12399
14389
15844
13431
14694
1006
11201
13973
1698
7707
9711
9398
9983
12647
9212
2480
19523
4040
7987
1917
17897
19116
12649
10268
9878
3308
11102
3402
125
10992
18845
3860
20011
9845
2920
16500
9481
3611
2722
5840
7365
17002
7134
4745
7258
3550
223
18125
7663
13070
15412
5371
10812
19856
16922
17034
10280
1213
17159
2843
13928
5478
5292
10451
9640
14867
18343
17233
2011
987
3988
14562
7548
3805
3905
5585
16203
7003
15232
19101
14130
8947
17638
15176
11709
6695
14128
9388
7929
12567
6260
9458
6219
19730
19941
17025
2365
16483
6753
2637
7804
80
16850
19780
19383
10495
10173
16572
9478
785
18099
272
19991
12258
2260
5244
3075
14531
2546
6300
116
13749
10567
4475
2456
15028
18788
2122
8360
18815
9130
13655
6098
12288
11666
3813
4929
13758
19498
12050
14570
19968
10928
18525
9410
4574
18251
11407
12848
1082
9150
2603
15053
16264
17829
17020
11819
1549
19988
13145
8807
9466
11959
6429
2846
13260
12954
13650
2699
18238
11893
3040
15195
828
9199
15162
2484
16454
4687
10276
1298
1641
8166
9750
8794
4682
8284
13082
9245
2406
14527
9016
15027
6947
6518
11070
12847
7312
12404
12190
1386
15183
6361
5981
6868
10187
19903
12761
19865
3521
5559
6677
2863
3649
9128
285
10721
1753
16340
1964
18244
16696
13974
90
14902
15729
9260
8555
13707
6896
7280
11381
533
14781
16858
9152
18164
17531
7133
13154
7018
8548
19078
12483
19678
10935
2706
2525
4128
11038
11820
2220
16466
5901
13320
17449
11248
3004
5497
14041
10512
14587
14137
14758
6190
4535
11099
5706
7457
11651
1283
3826
6774
6674
18560
5783
16375
15116
5944
17080
8217
11461
4751
9767
3214
15724
11976
13813
5781
17917
6286
12825
4212
13843
18515
14761
12080
8436
16026
8785
14351
1004
4551
661
2308
235
4485
691
18511
7012
16326
17235
17609
16910
13396
11659
16665
12066
343
9943
19067
323
6301
7025
16573
9463
11403
580
15614
8141
20034
18701
2149
13422
19238
11013
19173
7159
1207
18042
5249
3092
14384
19975
15024
2069
6945
2557
19680
12895
1093
12745
5721
10170
13836
10484
14335
14881
4123
6307
13589
12903
14014
1353
18532
9001
818
16436
2627
11938
6284
14653
518
5169
14471
16534
6137
16321
3557
17625
16936
12967
8839
6400
13018
16242
13596
16862
17084
9273
19548
12370
18080
10764
6262
5548
4944
11087
17395
6096
16384
9131
7928
2589
17224
1037
5778
15242
15207
8473
8966
2583
9015
19472
19058
10055
13195
5959
18129
10836
9668
10979
11681
2991
17555
597
17265
18306
10751
1441
4057
3943
15680
12285
1050
17764
17993
9496
16121
2376
9776
16379
11051
7591
11160
13930
11469
3232
14672
17304
899
4209
13888
7474
10435
11354
8474
8526
17953
19501
6590
8089
3543
8975
17620
12061
11300
1947
3703
8241
5028
20087
17072
8136
10191
12348
9726
14392
17678
16893
13075
17599
15982
3769
11072
10652
14684
14234
18078
4776
6046
15916
15142
8653
6334
3782
19907
18823
5176
8092
17930
17064
14685
8826
7584
12753
17490
10085
14511
5626
15007
17127
7977
6290
8685
3476
1459
3504
16305
13509
19751
14667
4151
11840
2101
7666
16726
9977
1454
8604
14524
18846
5543
7748
3544
1118
9556
18828
14246
2889
17662
9929
18522
16420
5286
18165
5508
19849
16162
19223
1176
5995
1325
14741
7358
4938
9814
1257
11470
16838
10345
9271
11342
8205
5883
17240
11296
9138
6007
3853
6720
10755
6692
8343
12979
17803
11271
16505
7620
13735
9472
15396
14670
6357
14545
18280
6206
4217
3975
9449
17043
4059
7800
12547
4501
14196
3976
9231
10504
10505
5351
15519
18799
8305
7743
7820
9854
16200
1523
6057
4204
565
2544
3033
6658
14446
14743
11027
6097
9133
3160
14797
12292
9979
7061
19164
18790
6754
16921
11649
179
2166
11923
19279
9430
7621
2946
1654
12532
11567
9802
14386
2931
2500
10458
15436
14629
8962
2530
8693
7499
10297
13480
807
8251
12506
15084
16731
12309
8153
5803
18697
15924
14888
512
2619
3640
13702
740
15655
15678
7565
11108
14394
16101
15810
7735
3666
19967
10598
7686
11039
6347
9757
9617
6155
2353
16710
12085
15485
6812
13458
7523
13954
15336
4605
11657
13486
13638
15509
9997
8256
14424
10915
670
13629
6146
3034
15244
14735
14467
14958
5463
4645
16963
19904
5756
3313
9869
4585
7659
7395
8834
12681
20014
9144
6459
9731
1607
18691
14622
570
19345
14602
12858
401
15624
14574
3356
8622
5627
9607
3773
13822
4429
1781
6922
15895
4476
13788
1803
6712
18932
8481
16533
7175
3989
9351
10599
15899
14046
1603
6784
3243
11680
15928
16465
9752
13297
19315
8639
1576
5134
8538
10821
2936
16146
8999
7098
14391
2312
18007
18797
5204
19721
13221
8957
9889
1709
19954
16127
16074
19103
11202
18126
13167
13288
2153
2668
10966
1478
2378
11392
7860
12485
17153
1755
995
4237
12036
16411
7517
7182
19990
9049
19377
7690
2431
6573
1393
7297
12651
594
6264
11304
9513
17974
13948
13678
11282
18283
8912
12243
6685
7384
12888
3218
19166
19495
2100
15682
8657
19245
5297
12720
6723
318
18754
16211
10527
1261
15458
2597
15251
9739
588
9619
16302
6344
8143
4516
15294
7177
5593
19647
4635
2997
12368
15880
6506
13357
2755
10555
14496
4192
13292
6421
2199
14921
4842
19329
8666
9900
133
8078
10220
16344
11803
2950
13633
3171
19073
9196
13824
15292
1125
7529
11726
12449
4455
13270
14945
371
9675
14308
12383
10438
351
15584
4681
17928
1008
3918
3772
2604
2971
7672
16658
6607
19949
19565
12284
11182
1886
9893
3328
8595
536
17440
19146
16110
9738
13309
1420
7552
19997
7997
15774
13441
601
18061
12817
19001
18337
9942
13894
140
17241
12361
5570
7082
17766
119
8057
2361
11452
7361
794
5014
19441
14325
3325
17768
9672
9348
12486
16510
10881
2294
440
2710
732
16338
2181
15004
10713
1397
10629
1025
5928
18326
15676
14068
2878
16473
10138
13597
19424
1255
14304
16587
14189
2897
18149
13751
16992
19004
5567
8253
3473
17567
8104
5435
15061
17856
17014
741
1926
3154
7037
7118
10188
5841
6385
16741
16969
2317
4020
7353
18514
8551
16964
4242
4218
14593
3460
10980
17940
475
6900
2193
1792
11132
6691
7212
8737
11066
4786
14559
941
1392
12434
6768
5083
13440
10643
250
11325
19032
537
9123
17858
15372
15546
1442
1421
471
19174
1379
1807
9122
3599
614
6992
14455
9405
4482
756
12646
1729
6538
16768
17754
19974
16909
9769
6045
17742
19822
1185
19142
6299
4481
16371
17015
6560
12487
18155
15029
10452
14626
118
10640
2182
12686
966
15489
14645
3410
9903
11077
11667
17053
9343
6373
2905
13646
9393
9742
13717
8200
5218
19074
12985
17888
7069
7979
8244
10021
6484
15353
663
18857
18867
8933
16828
17022
17698
17251
5211
12837
14547
17670
13108
8869
12988
5494
17755
17793
15386
10334
8144
1950
750
18154
13469
13980
11785
14042
14555
6376
6390
9084
10936
18282
312
3227
2560
4644
2697
19910
12560
5137
4600
10741
8683
19372
882
4758
6686
3074
6580
20058
18166
1798
2970
18182
17740
17213
17480
6730
2397
1171
16911
13459
4521
12801
830
13325
19158
2067
461
14908
15005
6186
8583
5184
4777
8812
5338
16046
17587
13573
15229
6288
3395
19650
5856
13848
9621
2837
6623
7497
11136
12934
14439
10736
4764
12041
7812
12592
2177
19095
3755
9909
15540
7201
13024
8515
13170
2848
2062
5164
3013
11794
15206
7649
3846
13649
6618
18801
2398
752
13521
5053
17320
11771
10380
7859
15647
19519
13827
6553
16640
12472
4772
13035
14787
16238
7790
1859
4489
1230
18765
10724
11485
18747
2976
198
7677
463
11001
14197
9928
6508
12748
14411
19875
9141
8955
12272
5051
3533
19298
13308
8645
2127
18863
13782
584
18726
2983
6454
3925
8384
6775
13993
956
10407
8589
5257
15574
1469
3355
6310
2930
925
14730
2214
10617
18793
2082
10390
7338
3721
15026
7034
5818
18539
12291
19800
14468
9984
9211
2599
7845
1505
11247
17843
7692
5410
13934
15814
4222
9811
416
7427
4807
16266
11711
13168
8603
3583
10209
7774
15692
445
7116
2430
1375
13299
1148
12206
13746
16844
8072
12922
18035
16559
15579
10725
18247
6776
4612
17697
8991
1684
3472
19682
291
12729
5099
11904
5296
3249
19444
4044
121
19819
14247
13745
303
8781
18826
10815
6278
13416
4042
8233
12255
1138
4583
2895
19702
11478
1733
16258
17292
11168
16402
18997
13375
14591
2295
14618
17779
6595
1087
8414
9305
2972
3169
14979
1222
9034
15285
514
16693
19222
1187
7905
2528
5857
6391
14061
13918
239
9359
11677
8255
6765
13189
2681
11448
1938
12744
2013
11225
19325
7742
13388
19571
2205
15790
16185
12771
1608
11459
6509
7221
478
10937
10249
7535
5858
19685
953
9872
5423
14126
12081
16107
4101
15860
10597
3290
8945
1695
11963
5400
16427
931
3088
17580
14396
8445
8358
20040
12260
4817
13539
13355
209
6243
10049
12068
16874
11224
290
5095
11813
12789
3061
1188
13272
871
629
3333
16491
16877
13506
4158
3581
14843
16487
14501
13789
16005
1933
15363
4606
15807
18526
13080
4180
6031
3804
2017
15661
782
12751
16523
3420
20095
3163
8257
18835
18189
19940
4943
4229
8950
8858
4125
1381
6416
8852
19121
12552
3770
3669
13028
41
10312
1234
19217
15370
15226
14072
14665
3421
6304
16807
14037
8041
14445
12248
12676
6932
4532
12388
19080
3734
16296
19781
5469
6107
4198
19043
17267
12494
2371
1678
1243
18992
7698
12043
3216
4427
5853
5448
3358
1565
2523
16580
5605
9242
7236
6434
8531
7475
6094
17574
10003
16174
11126
9477
14906
5416
1480
13588
15399
6481
62
9299
15623
19725
13310
19100
1109
5177
13331
1557
18137
15269
8970
2481
9435
7708
1907
12526
1920
14857
18848
16578
9257
14514
4538
708
15718
4937
2460
869
5181
3986
19267
9863
4525
19415
8667
2642
9021
16413
3470
7077
5210
10033
15742
2059
17442
1372
12014
12898
639
5179
9172
4155
12294
8140
4752
2263
13451
15598
3672
6982
15652
19060
3560
4820
2650
1396
16382
16219
12662
15030
17687
8236
3906
13598
5746
10703
509
19220
14155
12339
13381
3206
369
6257
6995
15139
13544
13673
13872
14497
9066
9221
787
8615
13152
13083
15120
15662
9237
16915
6690
8227
16815
6994
11592
12359
7308
9956
4439
5867
18133
4066
6004
59
15301
9225
14975
9966
2247
8809
1512
256
9524
12401
18796
7971
17273
811
768
6910
19068
5213
6389
11611
6154
4594
14838
18840
13351
15501
8386
1244
5908
17999
16140
810
14955
13492
11080
902
17478
3637
15147
2870
15929
6519
3534
7470
15067
5072
11967
13527
10429
18067
9069
2587
8978
19183
2662
11347
10095
12240
11768
5880
5640
12776
675
17724
12134
1577
4610
8424
18696
14889
10817
9274
10184
19707
2836
6955
8000
17747
1561
10237
16859
16705
13336
18732
16790
9592
5814
14875
4793
18324
17055
109
2700
5285
1030
9743
3618
3490
17776
13903
15980
15293
9208
10401
12124
13324
13363
16380
7416
8665
18370
2737
710
18756
3180
16896
7303
2823
13298
145
13946
18948
16752
2789
11834
11625
17596
11980
1822
1418
15437
8002
9497
18849
6132
870
229
12987
4791
2768
12001
30
19162
11035
7730
14237
19445
13639
5787
17640
11747
8382
4794
6326
14702
15383
1156
10250
10911
16294
8053
9269
17898
4775
1175
4099
274
7242
1704
10361
6993
1223
12478
10819
6981
14258
8896
4788
1706
9791
6189
10592
10568
4980
14254
11653
7006
2861
9022
11879
14423
7989
7829
4058
6627
4694
18285
4240
17063
214
18104
9164
5390
6212
2466
4759
15326
8488
15840
8838
1248
15098
6425
10490
4026
17444
11310
17383
4631
6668
14571
18500
11421
4251
1970
11652
5405
16653
10829
1158
10135
2750
13120
18816
355
13289
13182
2157
17718
11249
13427
9541
4139
4557
5780
13562
11471
6523
12207
2228
4746
17471
1502
16943
10304
8214
16117
5607
14417
1749
3419
2419
79
16588
12144
12830
4580
14539
6318
11231
7954
7816
16065
7449
2310
9790
14982
4457
16104
16512
19987
16961
717
12
6726
11355
1700
1737
9285
6528
16843
4043
19877
11995
4210
6689
4078
8882
798
15434
6116
8682
10172
900
9219
3962
3480
9995
8965
15331
19783
16042
189
19775
5260
11932
1574
7434
14426
850
11732
1106
14885
868
557
11374
399
5594
18860
9064
1789
4609
419
4844
172
17178
9011
1452
6117
9236
12153
8065
10630
12693
18862
8456
1406
8299
3276
6834
6987
19929
1471
15978
9957
2929
2959
17028
17472
18253
14610
9355
19522
13851
8156
16566
2390
9580
11636
13914
9895
16899
4207
18955
5056
8572
12614
11368
12971
8371
18520
10279
4206
15861
1543
15730
2274
19955
1932
2057
8321
19687
6379
18319
5669
8987
3752
15789
1685
17013
4555
6297
3516
8558
10041
12092
9468
7451
14191
12287
12746
17390
5426
6279
9226
602
11129
3584
7903
16970
12557
12317
15863
13516
9880
1274
19065
14917
7966
1873
7901
6120
11837
12386
12710
4137
2985
15105
5898
3394
12162
12790
13892
3849
245
7245
18853
18869
4077
12597
13078
13500
18850
18810
6671
7015
8757
12493
6341
3353
17062
12013
8652
6770
4035
18260
8722
12648
1242
783
17460
19242
11755
13764
4106
19138
18768
4640
4762
18877
1580
18336
11495
9195
547
655
14646
11874
15867
12107
3144
3509
18130
13128
7408
10947
18025
6788
19085
14794
7618
5843
14232
7694
4205
19260
17650
15802
34
19005
8022
1841
20004
1687
9990
5035
20039
707
2176
17530
14192
1686
11836
16548
9146
2461
856
3129
9529
12279
167
4228
5694
3824
10169
17021
9200
11793
3118
7750
13593
5336
2001
6797
3924
8942
3597
17680
15700
15017
5402
6248
9599
3474
6387
4202
9968
9448
15530
8870
19003
19509
18338
15612
7637
695
16867
16611
9209
16728
11988
9516
5844
12812
15398
9007
3735
17378
19105
4214
19048
791
13568
15325
12677
14869
1211
5933
16157
9089
2517
16565
4620
1814
4596
8632
3574
4117
7160
4135
9186
9707
5709
18162
9431
7818
7733
13537
4372
4591
8960
19185
9816
5230
7254
7613
4757
16787
13725
19823
1226
18279
6948
6743
10259
4112
13604
16801
16092
1338
15278
18521
4034
2226
6710
4819
8875
16864
18188
7580
19332
9227
4464
19033
18156
4604
9620
11290
12689
4006
1057
10358
7489
14098
9780
4568
7664
19491
18800
19698
17860
10615
16173
5668
1984
17096
8237
13757
5985
16528
12417
10029
18881
17527
7944
2980
2610
8443
8149
18533
17473
604
6664
4572
16018
2986
5398
11458
3014
16835
19665
19184
3985
4590
2533
4028
12618
7185
2078
8340
4025
7445
5206
9243
17138
2108
17485
18312
19644
6199
14994
722
13010
16253
4248
16419
18859
12518
8150
3273
7180
18995
1936
17516
17969
14956
5676
17486
2250
16836
4564
19697
4005
19676
6367
6144
6483
19827
4636
13411
8001
15169
11203
778
8578
11630
8513
18836
4544
14018
3202
1708
19690
2606
13733
2004
15585
18368
55
8147
17911
16545
8874
3587
19787
6294
10737
17995
685
19286
1734
5757
4199
4138
5806
2938
9336
19755
15381
19062
5308
2918
14573
18757
13067
8281
15804
8494
17139
6833
877
217
17
2503
15134
12226
1123
19728
4150
9076
4055
450
5202
18284
10913
15992
1569
1996
19964
15769
19203
1350
14081
4467
16535
1200
18053
2023
8187
332
2154
11581
13047
16540
2505
18493
18873
5636
18519
11770
4565
4052
16073
11267
15124
8876
2284
8654
10185
19055
3662
7904
10171
16522
10374
17716
9994
7945
18879
9317
2324
17067
5289
7495
2969
1354
17118
11266
11752
16694
6112
14342
13833
19104
18505
17827
4846
13507
5415
1205
15103
534
14020
9697
4566
4928
1041
10848
2167
5038
1356
7266
10553
11166
18864
18509
6386
4756
12227
16214
8264
18100
4755
5167
12877
15337
2847
11337
14407
18106
3631
6346
7684
5892
14349
4232
18323
13575
6352
3746
15531
14737
9591
2759
7129
5836
11236
9127
4641
18295
9888
9037
4213
4176
4124
9456
9093
18878
18944
3444
8154
6639
2981
5538
16952
4426
4474
11107
14297
4578
6449
6188
4194
13247
4149
10477
8183
15932
14165
4783
15609
19037
18807
1013
2614
17211
14873
18506
12878
18820
13235
3765
4503
2058
1340
18767
10295
4549
13762
1204
7072
4524
16412
11002
4181
12169
4200
7022
5755
1447
8258
9289
19951
15179
2487
18494
15646
13800
1865
11209
18330
19811
3875
17763
13053
3186
16871
18884
17557
15137
10735
15762
15768
12773
13727
7921
15993
638
6282
17204
10189
9298
6342
2231
2984
11569
10917
11934
519
7461
19034
18822
10
10242
15936
13330
18517
4514
4563
805
6996
19109
6016
10343
3283
7168
5860
12282
19861
4779
18844
17484
14148
6555
3067
13127
4760
18943
5899
5887
3668
4048
10012
5330
18949
13550
1626
4569
19000
18818
9806
13581
13886
9259
4029
52
2060
10778
489
4087
1111
4761
7017
18817
7782
18888
9321
12685
4186
2973
4466
17508
5761
2216
8030
4148
13311
4045
6961
18502
3694
5861
9014
17772
19598
19708
19871
14872
15190
4046
18870
17135
18892
1861
11547
12690
14188
8201
14284
17820
11994
6281
16366
10260
18996
2169
1449
13769
11287
19343
18152
16468
6371
18536
15231
4144
2977
7490
3155
4041
7817
5886
14971
18766
5965
6704
4599
8043
19805
18812
4258
16060
4780
19559
16948
1141
6739
8822
8867
5571
14206
15403
20067
10870
4608
12175
19176
10912
11279
5758
18808
8328
15221
11172
18886
19589
9704
2995
18952
627
8868
5980
18340
4024
15048
4153
4577
4143
18513
4547
19038
16095
18529
13271
9192
4550
19914
11237
3682
9302
13116
1597
498
905
6393
1998
13079
16515
1813
4027
4602
4576
4165
16017
4945
8884
14577
19009
18872
4050
18299
18495
12418
4587
1550
4147
17550
18819
4627
4614
7823
4510
16336
3079
16469
14264
17167
2865
4528
17198
4617
19508
5343
4625
3967
18345
989
19984
19706
3766
18876
2470
18322
4652
6265
4593
15582
16620
18946
9962
18271
12084
4051
4513
6925
4172
18083
1922
1249
14816
16562
4632
4637
18052
4140
12140
4178
17254
18847
7865
17006
4425
8045
4575
2374
4190
4552
19110
2524
18103
7031
5799
10251
18753
11848
4082
1795
4607
13711
15138
6662
18498
8111
1566
17169
18510
4063
20007
18497
19031
2994
1918
4174
18851
2974
4579
18875
9113
6443
10851
2945
10219
5762
8051
9612
19061
3132
4527
6756
5700
14800
13133
8906
4054
9931
18507
19006
18795
14481
5555
13932
4038
1945
19175
10367
467
13366
18503
2372
7169
6490
15635
17849
18852
18504
4589
10048
13181
4523
19547
8148
4110
400
18054
8483
18752
18794
18874
4584
6343
7430
4586
3153
18838
9515
14190
7594
4560
4133
18167
12297
18889
4611
8582
18885
4161
2373
5862
6314
6933
18866
5882
15597
4179
3404
4185
7021
4076
10204
3788
17382
4152
18331
4089
4588
12099
15541
251
1224
12558
4630
4163
18296
4558
6398
3337
18528
18832
18858
4512
4601
5256
18868
18314
4156
18107
18821
18871
4567
4766
11668
18512
5760
4749
4047
4129
18252
2982
398
18942
6311
9087
18837
15991
6274
18887
9510
4621
12684
18841
8247
4072
18508
4787
4120
18291
18825
4571
4515
19036
14408
18288
3535
4193
6037
765
18317
19012
7863
4189
4162
16870
4511
16493
1225
2238
18321
11314
4553
4626
21
2056
6740
4201
18242
4548
12665
7877
5984
4573
5881
4570
4561
6336
1575
4164
18811
1229
4187
12882
4167
4154
4622
19224
4191
4122
5854
18518
4768
20006
4221
13826
12953
18829
18830
19700
11250
7943
2000
18890
4056
7942
10531
18883
4146
4049
4556
18105
19221
19011
8208
11753
4170
4543
4136
4562
4134
14388
4173
18629
18787
4145
4182
18833
19069
4818
3634
13996
4177
4166
10850
19375
18501
4083
7020
4781
18163
18803
4171
4132
18891
1228
4238
18893
18809
18320
4081
